schema_version,actor_ref,artifact_id,observation_id,artifact_type,value,normalized_value,disposition,observed_at,observed_at_precision,observed_at_status,observed_at_basis,source_published_at,source_id,source_path,source_location,campaign_refs,malware_refs,infrastructure_refs,roles,campaign_count,seen_in_multiple_campaigns,confidence,tlp,extraction_method,context_excerpt,analyst_notes
1.0.0,actor--mustang-panda,artifact--sha256:690f0420e80394d43d9ae341e20ba4f7ca673d5b48388fc2d5081a1fe7d30917,observation--sha256:fd427fe2fbce10099d1e2fc96694e9744326c4a4c318843b48eaa1367455cad5,command,"summary/2021/Adversary Infrastructure Report 2020.pdf {""page"": 3} Mustang Panda Crnogorski Telekom AS8585 Montenegro 32 REMCOS Taiwan Academic Network AS1659 Taiwan 14 Table 6: Top hosting providers for each RAT. Top 10 Observed Offensive Security Tools Family Notable Users Cobalt Strike APT41 , Mustang Panda, Ocean Lotus , FIN7 Metasploit JointWorm (EVILNUM ), Turla PupyRAT APT33 , COBAL T ILLUSION Powershell Empire Sandworm, GADOLINIUM Meterpreter MuddyWater , TA505 Covenant APT34 (GreenBug) Armitage WIZARD SPIDER (","summary/2021/Adversary Infrastructure Report 2020.pdf {""page"": 3} Mustang Panda Crnogorski Telekom AS8585 Montenegro 32 REMCOS Taiwan Academic Network AS1659 Taiwan 14 Table 6: Top hosting providers for each RAT. Top 10 Observed Offensive Security Tools Family Notable Users Cobalt Strike APT41 , Mustang Panda, Ocean Lotus , FIN7 Metasploit JointWorm (EVILNUM ), Turla PupyRAT APT33 , COBAL T ILLUSION Powershell Empire Sandworm, GADOLINIUM Meterpreter MuddyWater , TA505 Covenant APT34 (GreenBug) Armitage WIZARD SPIDER",candidate,,unknown,unknown,not-stated,,source--mustang-panda--74a1fe33de49e62b,actor_profile/evidence/mustang-panda.csv,"{""row"": 134}",[],[],[],[],0,false,medium,TLP:CLEAR,csv-row,"summary/2021/Adversary Infrastructure Report 2020.pdf {""page"": 3} Mustang Panda Crnogorski Telekom AS8585 Montenegro 32 REMCOS Taiwan Academic Network AS1659 Taiwan 14 Table 6: Top hosting providers for each RAT. Top 10 Observed Offensive Security Tools Family Notable Users Cobalt Strike APT41 , Mustang Panda, Ocean Lotus , FIN7 Metasploit JointWorm (EVILNUM ), Turla PupyRAT APT33 , COBAL T ILLUSION Powershell Empire Sandworm, GADOLINIUM Meterpreter MuddyWater , TA505 Covenant APT34 (GreenBug) A",
1.0.0,actor--mustang-panda,artifact--sha256:c590f54f40408bd3df4dca2abbb9c35b06f3e1d109df6398d342206c45594d08,observation--sha256:df9eebad9deef769d4127fa412c9564f1fa6a70bb662334ad7d18b5338bbe8bd,command,"summary/2022/2021 Adversary Infrastructure Report.pdf {""page"": 3} Mustang Panda findings that allow for the decryption of traffic from a large subset of Cobalt Strike Beacons. Top 10 Observed Offensive Security Tools Family 2021 C2s 2020 C2s Previous Notable Users Cobalt Strike 3691 1441 APT41 , Mustang Panda, Ocean Lotus, FIN7 Meterpreter 731 259 COBAL T ILLUSION Metasploit 710 1122 JointWorm (EVILNUM), Turla Powershell Empire 269 289 Sandworm, GADOLINIUM Covenant 180 51 GreenBug , FIN12 PupyRAT 177 454 MuddyWater , TA505","summary/2022/2021 Adversary Infrastructure Report.pdf {""page"": 3} Mustang Panda findings that allow for the decryption of traffic from a large subset of Cobalt Strike Beacons. Top 10 Observed Offensive Security Tools Family 2021 C2s 2020 C2s Previous Notable Users Cobalt Strike 3691 1441 APT41 , Mustang Panda, Ocean Lotus, FIN7 Meterpreter 731 259 COBAL T ILLUSION Metasploit 710 1122 JointWorm (EVILNUM), Turla Powershell Empire 269 289 Sandworm, GADOLINIUM Covenant 180 51 GreenBug , FIN12 PupyRAT 177 454 MuddyWater , TA505",candidate,,unknown,unknown,not-stated,,source--mustang-panda--74a1fe33de49e62b,actor_profile/evidence/mustang-panda.csv,"{""row"": 136}",[],[],[],[],0,false,medium,TLP:CLEAR,csv-row,"summary/2022/2021 Adversary Infrastructure Report.pdf {""page"": 3} Mustang Panda findings that allow for the decryption of traffic from a large subset of Cobalt Strike Beacons. Top 10 Observed Offensive Security Tools Family 2021 C2s 2020 C2s Previous Notable Users Cobalt Strike 3691 1441 APT41 , Mustang Panda, Ocean Lotus, FIN7 Meterpreter 731 259 COBAL T ILLUSION Metasploit 710 1122 JointWorm (EVILNUM), Turla Powershell Empire 269 289 Sandworm, GADOLINIUM Covenant 180 51 GreenBug , FIN12 PupyRA",
1.0.0,actor--mustang-panda,artifact--sha256:aa073399681a6a0e5450330ccf8c8701895150d2d00db6fa7ef4b73b236d9e11,observation--sha256:6c0e0847b79e71eacf7ffbe77d4c13dc92d6e77738b058acbc51d0d1fba10fe4,file-name,200407-MWB-COVID-White-Paper_Final.pdf,200407-MWB-COVID-White-Paper_Final.pdf,candidate,,unknown,unknown,not-stated,,source--mustang-panda--74a1fe33de49e62b,actor_profile/evidence/mustang-panda.csv,"{""row"": 12}",[],[],[],[],0,false,medium,TLP:CLEAR,csv-row,"COVID/200407-MWB-COVID-White-Paper_Final.pdf {""page"": 22} Mustang Panda executed. From 2013 on, attackers have used malicious LNK files to infect their victims. A few APTs started using malicious LNK with COVID-19 themes from late February to mid-March to ensnare victims. Mustang Panada Mustang Panda is a Chinese threat actor that has targeted NGOs (non-government organizations) since 2017. The group’s main targets are US think tanks and NGO organizations in Mongolia. Mustang Panda uses spear ph",
1.0.0,actor--mustang-panda,artifact--sha256:aa073399681a6a0e5450330ccf8c8701895150d2d00db6fa7ef4b73b236d9e11,observation--sha256:d2fd4ba2608bb207c0881852f8fec11d06f2a8e86df398acda5e1ff45820b287,file-name,200407-MWB-COVID-White-Paper_Final.pdf,200407-MWB-COVID-White-Paper_Final.pdf,candidate,,unknown,unknown,not-stated,,source--mustang-panda--74a1fe33de49e62b,actor_profile/evidence/mustang-panda.csv,"{""row"": 13}",[],[],[],[],0,false,medium,TLP:CLEAR,csv-row,"COVID/200407-MWB-COVID-White-Paper_Final.pdf {""page"": 22} Mustang Panda ensnare victims. Mustang Panada Mustang Panda is a Chinese threat actor that has targeted NGOs (non-government organizations) since 2017. The group’s main targets are US think tanks and NGO organizations in Mongolia. Mustang Panda uses spear phishing emails to initiate its attacks and usually drops either Poison Ivy or the PlugX RAT26, 27. In their COVID-19 phishing campaign, Mustang Panda sent an LNK file containing a malic",
1.0.0,actor--mustang-panda,artifact--sha256:aa073399681a6a0e5450330ccf8c8701895150d2d00db6fa7ef4b73b236d9e11,observation--sha256:dd9e0e43b0fd9ee4d7ef4d31eb766bfe6ec3fcc9177006235b17a82fb3f84acb,file-name,200407-MWB-COVID-White-Paper_Final.pdf,200407-MWB-COVID-White-Paper_Final.pdf,candidate,,unknown,unknown,not-stated,,source--mustang-panda--74a1fe33de49e62b,actor_profile/evidence/mustang-panda.csv,"{""row"": 14}",[],[],[],[],0,false,medium,TLP:CLEAR,csv-row,"COVID/200407-MWB-COVID-White-Paper_Final.pdf {""page"": 22} Mustang Panda are US think tanks and NGO organizations in Mongolia. Mustang Panda uses spear phishing emails to initiate its attacks and usually drops either Poison Ivy or the PlugX RAT26, 27. In their COVID-19 phishing campaign, Mustang Panda sent an LNK file containing a malicious HTA application, which contained a VB script (Figure 30). Figure 30: HTA file 2222APTs and COVID-19: How advanced persistent threats use the coronavirus as a ",
1.0.0,actor--mustang-panda,artifact--sha256:72d524e0a41f769e5722493ee66ec1d8473277dc8e6d59a03a0999b8c9b82ca7,observation--sha256:87996055781eaf0f7efb7a113f81f2ceb0151a2be9cbc575bab9900f59162139,file-name,2020.pdf,2020.pdf,candidate,,unknown,unknown,not-stated,,source--mustang-panda--74a1fe33de49e62b,actor_profile/evidence/mustang-panda.csv,"{""row"": 134}",[],[],[],[],0,false,medium,TLP:CLEAR,csv-row,"summary/2021/Adversary Infrastructure Report 2020.pdf {""page"": 3} Mustang Panda Crnogorski Telekom AS8585 Montenegro 32 REMCOS Taiwan Academic Network AS1659 Taiwan 14 Table 6: Top hosting providers for each RAT. Top 10 Observed Offensive Security Tools Family Notable Users Cobalt Strike APT41 , Mustang Panda, Ocean Lotus , FIN7 Metasploit JointWorm (EVILNUM ), Turla PupyRAT APT33 , COBAL T ILLUSION Powershell Empire Sandworm, GADOLINIUM Meterpreter MuddyWater , TA505 Covenant APT34 (GreenBug) A",
1.0.0,actor--mustang-panda,artifact--sha256:2bd89985e3ebadf645257b4b9bf31a98695952232c544e9ca348c6e6284bfffc,observation--sha256:3e975671b15a96a4632ab147dd671c88abe3fc10a9682eab90dd4b892e5a5965,file-name,2022-year-in-retrospect-report.pdf,2022-year-in-retrospect-report.pdf,candidate,,unknown,unknown,not-stated,,source--mustang-panda--74a1fe33de49e62b,actor_profile/evidence/mustang-panda.csv,"{""row"": 143}",[],[],[],[],0,false,medium,TLP:CLEAR,csv-row,"summary/2023/2022-year-in-retrospect-report.pdf {""page"": 21} Mustang Panda ly, starting in late 2021, we identified numerous instances involving multiple threat actors obfuscating implant payloads, highly likely employed to avoid detection and thwart analysis. Significantly, Red Lich (a.k.a. Mustang Panda, Temp.Hex, TA416) used LLVM- based obfuscation of both its loader and inner PlugX payload during campaigns targeting entities in Europe. Whilst the usage of LLVM and other obfuscation technique",
1.0.0,actor--mustang-panda,artifact--sha256:2bd89985e3ebadf645257b4b9bf31a98695952232c544e9ca348c6e6284bfffc,observation--sha256:df725c79c6e8aab4e803459fa3c75cb2b09379aae0b109d7195f66b676c69436,file-name,2022-year-in-retrospect-report.pdf,2022-year-in-retrospect-report.pdf,candidate,,unknown,unknown,not-stated,,source--mustang-panda--74a1fe33de49e62b,actor_profile/evidence/mustang-panda.csv,"{""row"": 144}",[],[],[],[],0,false,medium,TLP:CLEAR,csv-row,"summary/2023/2022-year-in-retrospect-report.pdf {""page"": 21} Red Lich ents. Additionally, starting in late 2021, we identified numerous instances involving multiple threat actors obfuscating implant payloads, highly likely employed to avoid detection and thwart analysis. Significantly, Red Lich (a.k.a. Mustang Panda, Temp.Hex, TA416) used LLVM- based obfuscation of both its loader and inner PlugX payload during campaigns targeting entities in Europe. Whilst the usage of LLVM and other obfuscatio",
1.0.0,actor--mustang-panda,artifact--sha256:2bd89985e3ebadf645257b4b9bf31a98695952232c544e9ca348c6e6284bfffc,observation--sha256:1790b935a6056c9f8f3c852a9755a3ebda5f39e495fc0db3ed31f65cd5cc5817,file-name,2022-year-in-retrospect-report.pdf,2022-year-in-retrospect-report.pdf,candidate,,unknown,unknown,not-stated,,source--mustang-panda--74a1fe33de49e62b,actor_profile/evidence/mustang-panda.csv,"{""row"": 145}",[],[],[],[],0,false,medium,TLP:CLEAR,csv-row,"summary/2023/2022-year-in-retrospect-report.pdf {""page"": 21} TA416 , we identified numerous instances involving multiple threat actors obfuscating implant payloads, highly likely employed to avoid detection and thwart analysis. Significantly, Red Lich (a.k.a. Mustang Panda, Temp.Hex, TA416) used LLVM- based obfuscation of both its loader and inner PlugX payload during campaigns targeting entities in Europe. Whilst the usage of LLVM and other obfuscation techniques is not new, this has usually on",
1.0.0,actor--mustang-panda,artifact--sha256:2bd89985e3ebadf645257b4b9bf31a98695952232c544e9ca348c6e6284bfffc,observation--sha256:c76353fd59d2362ea3e3888bfaaa15e5065d0396cfe66d1f54abbb04cd1ce0e9,file-name,2022-year-in-retrospect-report.pdf,2022-year-in-retrospect-report.pdf,candidate,,unknown,unknown,not-stated,,source--mustang-panda--74a1fe33de49e62b,actor_profile/evidence/mustang-panda.csv,"{""row"": 146}",[],[],[],[],0,false,medium,TLP:CLEAR,csv-row,"summary/2023/2022-year-in-retrospect-report.pdf {""page"": 21} Temp.Hex late 2021, we identified numerous instances involving multiple threat actors obfuscating implant payloads, highly likely employed to avoid detection and thwart analysis. Significantly, Red Lich (a.k.a. Mustang Panda, Temp.Hex, TA416) used LLVM- based obfuscation of both its loader and inner PlugX payload during campaigns targeting entities in Europe. Whilst the usage of LLVM and other obfuscation techniques is not new, this ha",
1.0.0,actor--mustang-panda,artifact--sha256:2bd89985e3ebadf645257b4b9bf31a98695952232c544e9ca348c6e6284bfffc,observation--sha256:710358fea48779ac8e894bebda7fcfe0a9a640ef44d49f7e01c0271e86a1439a,file-name,2022-year-in-retrospect-report.pdf,2022-year-in-retrospect-report.pdf,candidate,,unknown,unknown,not-stated,,source--mustang-panda--74a1fe33de49e62b,actor_profile/evidence/mustang-panda.csv,"{""row"": 147}",[],[],[],[],0,false,medium,TLP:CLEAR,csv-row,"summary/2023/2022-year-in-retrospect-report.pdf {""page"": 25} Red Lich a separate HyperBro server concurrently hosted Fast Reverse Proxy (FRP).93 Also in January 2022, we began tracking a significant regional targeting shift concerning a campaign we assess is highly likely attributed to Red Lich (a.k.a. Mustang Panda, Temp.Hex, TA416). This particular campaign focused on European government and diplomatic entities, whereas since 2020, Red Lich employed a broad targeting remit against victims rang",
1.0.0,actor--mustang-panda,artifact--sha256:c08f2f550d7a0fefb2f98d01c80e1d9c552c58e9fcbe0bce817598f34d57fc5f,observation--sha256:72fd541a0efd4d2b6b92444c932ec600ed9f8bdb8a2cf6303f295eb0425dd820,file-name,2024-dbir-data-breach-investigations-report.pdf,2024-dbir-data-breach-investigations-report.pdf,candidate,,unknown,unknown,not-stated,,source--mustang-panda--74a1fe33de49e62b,actor_profile/evidence/mustang-panda.csv,"{""row"": 175}",[],[],[],[],0,false,medium,TLP:CLEAR,csv-row,"summary/2024/2024-dbir-data-breach-investigations-report.pdf {""page"": 82} Camaro Dragon ments of interest. The Mint Sandstorm APT began exploiting CVE-2022-47966 in Zoho ManageEngine on January 19, 2023, the same day the proof of concept (PoC) became public. May A Chinese state-sponsored APT group dubbed Camaro Dragon was found infecting TP-Link routers with a malicious firmware implant that allowed attackers to gain full control of infected devices and access compromised networks while evading ",
1.0.0,actor--mustang-panda,artifact--sha256:c08f2f550d7a0fefb2f98d01c80e1d9c552c58e9fcbe0bce817598f34d57fc5f,observation--sha256:39e4bfd718a18cbf2191c83d3f2ad2c82f8161c548ab4169ab48836c9a323672,file-name,2024-dbir-data-breach-investigations-report.pdf,2024-dbir-data-breach-investigations-report.pdf,candidate,,unknown,unknown,not-stated,,source--mustang-panda--74a1fe33de49e62b,actor_profile/evidence/mustang-panda.csv,"{""row"": 176}",[],[],[],[],0,false,medium,TLP:CLEAR,csv-row,"summary/2024/2024-dbir-data-breach-investigations-report.pdf {""page"": 82} Mustang Panda ters with a malicious firmware implant that allowed attackers to gain full control of infected devices and access compromised networks while evading detection. The group overlaps with activity previously attributed to Mustang Panda. Mustang Panda was also observed conducting phishing campaigns against European entities. Other phishing emails delivered fake “official” Ukrainian government reports that download",
1.0.0,actor--mustang-panda,artifact--sha256:c08f2f550d7a0fefb2f98d01c80e1d9c552c58e9fcbe0bce817598f34d57fc5f,observation--sha256:c3de0318a8c314f7602bccf1ca3990ba8385b03439076779741441ab5be791fa,file-name,2024-dbir-data-breach-investigations-report.pdf,2024-dbir-data-breach-investigations-report.pdf,candidate,,unknown,unknown,not-stated,,source--mustang-panda--74a1fe33de49e62b,actor_profile/evidence/mustang-panda.csv,"{""row"": 177}",[],[],[],[],0,false,medium,TLP:CLEAR,csv-row,"summary/2024/2024-dbir-data-breach-investigations-report.pdf {""page"": 82} Mustang Panda icious firmware implant that allowed attackers to gain full control of infected devices and access compromised networks while evading detection. The group overlaps with activity previously attributed to Mustang Panda. Mustang Panda was also observed conducting phishing campaigns against European entities. Other phishing emails delivered fake “official” Ukrainian government reports that downloaded malware onto",
1.0.0,actor--mustang-panda,artifact--sha256:c08f2f550d7a0fefb2f98d01c80e1d9c552c58e9fcbe0bce817598f34d57fc5f,observation--sha256:53aa03eaf0b7d359ddca1b0a30458c2df66098370dc8627c8fd881f63714a180,file-name,2024-dbir-data-breach-investigations-report.pdf,2024-dbir-data-breach-investigations-report.pdf,candidate,,unknown,unknown,not-stated,,source--mustang-panda--74a1fe33de49e62b,actor_profile/evidence/mustang-panda.csv,"{""row"": 178}",[],[],[],[],0,false,medium,TLP:CLEAR,csv-row,"summary/2024/2024-dbir-data-breach-investigations-report.pdf {""page"": 82} Mustang Panda Mustang Panda was also observed conducting phishing campaigns against European entities. Other phishing emails delivered fake “official” Ukrainian government reports that downloaded malware onto compromised machines. Mustang Panda’s most used malicious implant was a Trojan program called PlugX, and it continued to remain the group’s preferred spying tool. A new Chinese aligned APT actor, Volt Typhoon was iden",
1.0.0,actor--mustang-panda,artifact--sha256:c08f2f550d7a0fefb2f98d01c80e1d9c552c58e9fcbe0bce817598f34d57fc5f,observation--sha256:90e32943313d7329bf0346938583b3862f3e101320cfc61459cda99f3341ddf0,file-name,2024-dbir-data-breach-investigations-report.pdf,2024-dbir-data-breach-investigations-report.pdf,candidate,,unknown,unknown,not-stated,,source--mustang-panda--74a1fe33de49e62b,actor_profile/evidence/mustang-panda.csv,"{""row"": 179}",[],[],[],[],0,false,medium,TLP:CLEAR,csv-row,"summary/2024/2024-dbir-data-breach-investigations-report.pdf {""page"": 84} Mustang Panda the wild. Two F5 Big IP vulnerabilities were being attacked within five days of release of security advisories and patches. Chrome browser and multiple Apple products patched zero-day vulnerabilities. The Chinese APT, Mustang Panda, conducted cyberespionage campaigns targeting organizations in the Philippines and western Pacific Rim region. December The Cyber Av3ngers, a hacktivist TA affiliated with the Isla",
1.0.0,actor--mustang-panda,artifact--sha256:6f834f8a04529d3a29f8aae7897db1b2a603ba9804605e61b2235542d5d180d5,observation--sha256:f7c3b30278d9c2c3f630c92a2281599373e4205bf93f37fc0a82572e8d7ead80,file-name,2024-security-report.pdf,2024-security-report.pdf,candidate,,unknown,unknown,not-stated,,source--mustang-panda--74a1fe33de49e62b,actor_profile/evidence/mustang-panda.csv,"{""row"": 180}",[],[],[],[],0,false,medium,TLP:CLEAR,csv-row,"summary/2024/2024-security-report.pdf {""page"": 14} Camaro Dragon roup’s leak site to threaten and extort the company. Check Point Research had discovered a custom firmware implant tailored for TP-Link routers that has been linked to a Chinese state-sponsored APT group tracked as Camaro Dragon, which shares similarities with Mustang Panda. The implant was used in targeted attacks aimed at European foreign affairs entities, and it features several malicious components. This includes a custom backd",
1.0.0,actor--mustang-panda,artifact--sha256:6f834f8a04529d3a29f8aae7897db1b2a603ba9804605e61b2235542d5d180d5,observation--sha256:0fef304bac47a4a7b737a25da8233bc3f8f0e37c187f7b9fc3f5e4c520749378,file-name,2024-security-report.pdf,2024-security-report.pdf,candidate,,unknown,unknown,not-stated,,source--mustang-panda--74a1fe33de49e62b,actor_profile/evidence/mustang-panda.csv,"{""row"": 181}",[],[],[],[],0,false,medium,TLP:CLEAR,csv-row,"summary/2024/2024-security-report.pdf {""page"": 14} Mustang Panda mpany. Check Point Research had discovered a custom firmware implant tailored for TP-Link routers that has been linked to a Chinese state-sponsored APT group tracked as Camaro Dragon, which shares similarities with Mustang Panda. The implant was used in targeted attacks aimed at European foreign affairs entities, and it features several malicious components. This includes a custom backdoor named “Horse Shell”, which enables the att",
1.0.0,actor--mustang-panda,artifact--sha256:6f834f8a04529d3a29f8aae7897db1b2a603ba9804605e61b2235542d5d180d5,observation--sha256:d18dc46076ff1d237658b28a0d998faf2c601f41c66ef735d8671e4812ca8d47,file-name,2024-security-report.pdf,2024-security-report.pdf,candidate,,unknown,unknown,not-stated,,source--mustang-panda--74a1fe33de49e62b,actor_profile/evidence/mustang-panda.csv,"{""row"": 182}",[],[],[],[],0,false,medium,TLP:CLEAR,csv-row,"summary/2024/2024-security-report.pdf {""page"": 16} Camaro Dragon ORT 2024 Check Point IPS blade provides protection against this threat (MOVEit Transfer SQL Injection (CVE-2023-34362)) Check Point Research has published an analysis of a backdoor tool used by the Chinese APT group Camaro Dragon. The backdoor tool, dubbed TinyNote, is written in Go and includes a feature bypassing Indonesian antivirus software SmadAV, which is popular in Southeast Asian countries. The APT group’s victims likely in",
1.0.0,actor--mustang-panda,artifact--sha256:6f834f8a04529d3a29f8aae7897db1b2a603ba9804605e61b2235542d5d180d5,observation--sha256:2124ea092e2afb151211c3cb1c1f55bcdeadc0465799135bebbf8c969b0b1476,file-name,2024-security-report.pdf,2024-security-report.pdf,candidate,,unknown,unknown,not-stated,,source--mustang-panda--74a1fe33de49e62b,actor_profile/evidence/mustang-panda.csv,"{""row"": 183}",[],[],[],[],0,false,medium,TLP:CLEAR,csv-row,"summary/2024/2024-security-report.pdf {""page"": 16} Camaro Dragon shell.Win.Moveit, Ransomware.Win. Clop, Ransomware_Linux_Clop; Exploit.Wins.MOVEit) Check Point researchers have discovered a sophisticated malware affecting a European medical institution. The attack is attributed to Camaro Dragon (Mustang Panda), a Chinese state-sponsored APT group. The threat actors employ malicious USB drives as an initial access vector in order to target restricted networks, and their payload includes a module",
1.0.0,actor--mustang-panda,artifact--sha256:6f834f8a04529d3a29f8aae7897db1b2a603ba9804605e61b2235542d5d180d5,observation--sha256:203233c5d9726002d9253ec8631ffcc12a151be2c1471809c9ac152ac2f55777,file-name,2024-security-report.pdf,2024-security-report.pdf,candidate,,unknown,unknown,not-stated,,source--mustang-panda--74a1fe33de49e62b,actor_profile/evidence/mustang-panda.csv,"{""row"": 184}",[],[],[],[],0,false,medium,TLP:CLEAR,csv-row,"summary/2024/2024-security-report.pdf {""page"": 16} Mustang Panda t, Ransomware.Win. Clop, Ransomware_Linux_Clop; Exploit.Wins.MOVEit) Check Point researchers have discovered a sophisticated malware affecting a European medical institution. The attack is attributed to Camaro Dragon (Mustang Panda), a Chinese state-sponsored APT group. The threat actors employ malicious USB drives as an initial access vector in order to target restricted networks, and their payload includes a module that further i",
1.0.0,actor--mustang-panda,artifact--sha256:7ee469e131141d3f5c44e1ad4620a997edbb349c7f37e551a6b6903e5c1a963e,observation--sha256:d29cf93cab8c399bb290db692668fa1b47dd384f76d44a5e2d5dbc9d22986303,file-name,2024-unit42-incident-response-report_compressed.pdf,2024-unit42-incident-response-report_compressed.pdf,candidate,,unknown,unknown,not-stated,,source--mustang-panda--74a1fe33de49e62b,actor_profile/evidence/mustang-panda.csv,"{""row"": 185}",[],[],[],[],0,false,medium,TLP:CLEAR,csv-row,"summary/2024/2024-unit42-incident-response-report_compressed.pdf {""page"": 38} Stately Taurus ctor also appeared to install honeypot software on the C2 servers. This too could persuade a hurried analyst to dismiss the suspect connections as benign, seeing known security testing tools. A diﬀerent threat actor, Stately Taurus, took an even simpler approach. Their C2 connections used HTTP POST methods that set the host /uniFB01eld to a Microsoft domain name, despite the traﬃc being directed to an IP",
1.0.0,actor--mustang-panda,artifact--sha256:511c014109e7ba39e726b3488e4d0c16a6003f14a1063fd7b853292a9175a5ec,observation--sha256:99ddfd2ab497f19a20815a08e38585ce975791725b94abc899cb792337282ded,file-name,2025-CrowdStrike-European-Threat-Landscape-Report_.pdf,2025-CrowdStrike-European-Threat-Landscape-Report_.pdf,candidate,,unknown,unknown,not-stated,,source--mustang-panda--74a1fe33de49e62b,actor_profile/evidence/mustang-panda.csv,"{""row"": 207}",[],[],[],[],0,false,medium,TLP:CLEAR,csv-row,"summary/2025/2025-CrowdStrike-European-Threat-Landscape-Report_.pdf {""page"": 34} MUSTANG PANDA pe. In April 2024, CASCADE PANDA attempted to deploy WinDealer malware at a German biotechnology entity with operations in China, demonstrating the adversary's ongoing focus on entities with a cross-border presence. MUSTANG PANDA’s operations impacted several European healthcare organizations throughout 2023 and 2024. These operations deploy USB-spread modular malware, including the LubanBall USB drive",
1.0.0,actor--mustang-panda,artifact--sha256:57c94c10d45d98684608df3b7ae1386c055c953e442c2a3ba60390b2378a9de2,observation--sha256:674b326b8c4d3b827ae3911abcd1f2e6d38e26dbc1e4bb60393107636995d431,file-name,AI.pdf,AI.pdf,candidate,,unknown,unknown,not-stated,,source--mustang-panda--74a1fe33de49e62b,actor_profile/evidence/mustang-panda.csv,"{""row"": 2}",[],[],[],[],0,false,medium,TLP:CLEAR,csv-row,"AISecurity/2026/Unlawful by design-Exposing the human rights costs of generative AI.pdf {""page"": 29} tantalum ues. For instance, the world’s largest supplier of GPUs, NVidia, relies on several other companies to supply and partly produce components of their semi-conductor chips based on elements including silicon, copper, gold, tantalum, palladium, cobalt and boron.158 Many of these elements require engagement in and expansion of mining practices that Amnesty International has already investigat",
1.0.0,actor--mustang-panda,artifact--sha256:da7ec4f5205088a142b6a6d861dd714bbc8f64f1672881cd4001d4266d42faa9,observation--sha256:5728021c91574477a9fc24079f8cf1706ddf64521e28ec2e1dffdcbb50252fec,file-name,A_Threat_Actor_Encyclopedia.pdf,A_Threat_Actor_Encyclopedia.pdf,candidate,,unknown,unknown,not-stated,,source--mustang-panda--74a1fe33de49e62b,actor_profile/evidence/mustang-panda.csv,"{""row"": 10}",[],[],[],[],0,false,medium,TLP:CLEAR,csv-row,"A_Threat_Actor_Encyclopedia.pdf {""page"": 161} Mustang Panda suggesting this ac tor has a specific focus on gathering intelligence on Mongolia. These campaigns involve the use of shared malware like Poison Ivy or PlugX. Recently, Falcon Intelligence observed new activity from Mustang Panda, using a unique infection chain to target likely Mongolia-based victims. This newly observed activity uses a series of redirections and fileless, malicious implementations of legitimate tools to gain access to ",
1.0.0,actor--mustang-panda,artifact--sha256:da7ec4f5205088a142b6a6d861dd714bbc8f64f1672881cd4001d4266d42faa9,observation--sha256:5620920c495c06ecd6489706d8979c6b866bb66a54ef5cbdc6ffdc23910e8106,file-name,A_Threat_Actor_Encyclopedia.pdf,A_Threat_Actor_Encyclopedia.pdf,candidate,,unknown,unknown,not-stated,,source--mustang-panda--74a1fe33de49e62b,actor_profile/evidence/mustang-panda.csv,"{""row"": 11}",[],[],[],[],0,false,medium,TLP:CLEAR,csv-row,"A_Threat_Actor_Encyclopedia.pdf {""page"": 5} Mustang Panda ..................................................................... 157 MuddyWater, Seedworm, TEMP.Zagros, Static Kitten .......................................................................................... 158 Mustang Panda ............................................................................................................................................................. 161 Naikon, Lotus Panda ............................",
1.0.0,actor--mustang-panda,artifact--sha256:da7ec4f5205088a142b6a6d861dd714bbc8f64f1672881cd4001d4266d42faa9,observation--sha256:f6130cd5bbcd188197ef2bb26280144744552226d650bba9ac179881ca1dded5,file-name,A_Threat_Actor_Encyclopedia.pdf,A_Threat_Actor_Encyclopedia.pdf,candidate,,unknown,unknown,not-stated,,source--mustang-panda--74a1fe33de49e62b,actor_profile/evidence/mustang-panda.csv,"{""row"": 8}",[],[],[],[],0,false,medium,TLP:CLEAR,csv-row,"A_Threat_Actor_Encyclopedia.pdf {""page"": 161} Mustang Panda Threat Group Cards: A Threat Actor Encyclopedia 161 Mustang Panda Names Mustang Panda (CrowdStrike) Country China Motivation Information theft and espionage Description (CrowdStrike) In April 2017, CrowdStrike Falcon Intelligence observed a previously unattributed actor group wit",
1.0.0,actor--mustang-panda,artifact--sha256:da7ec4f5205088a142b6a6d861dd714bbc8f64f1672881cd4001d4266d42faa9,observation--sha256:3ed1f0a6a32e7b60e3d7288508ede35c45eb5a9ff65c3559db7eb320a59ecfba,file-name,A_Threat_Actor_Encyclopedia.pdf,A_Threat_Actor_Encyclopedia.pdf,candidate,,unknown,unknown,not-stated,,source--mustang-panda--74a1fe33de49e62b,actor_profile/evidence/mustang-panda.csv,"{""row"": 9}",[],[],[],[],0,false,medium,TLP:CLEAR,csv-row,"A_Threat_Actor_Encyclopedia.pdf {""page"": 161} Mustang Panda Threat Group Cards: A Threat Actor Encyclopedia 161 Mustang Panda Names Mustang Panda (CrowdStrike) Country China Motivation Information theft and espionage Description (CrowdStrike) In April 2017, CrowdStrike Falcon Intelligence observed a previously unattributed actor group with a Chinese nexus tar",
1.0.0,actor--mustang-panda,artifact--sha256:4d976d31e88c300fc4afac9cafa08e8bdce78bcf9105edc6efb4400cabe2a722,observation--sha256:f29cda6cf4330b48d7b35392e6211ae86b0eacea6935869f372e077d437e79be,file-name,CERTFR-2025-CTI-004.pdf,CERTFR-2025-CTI-004.pdf,candidate,,unknown,unknown,not-stated,,source--mustang-panda--74a1fe33de49e62b,actor_profile/evidence/mustang-panda.csv,"{""row"": 208}",[],[],[],[],0,false,medium,TLP:CLEAR,csv-row,"summary/2025/CERTFR-2025-CTI-004.pdf {""page"": 40} Mustang Panda intelli - gence. For example, several countries attending the ASEAN-Australia Special Summit between the 4th and the 6 th of March 2024 were targeted by at least two reputed Chinese intrusion sets – includ - ing the Mustang Panda intrusion set [74]. The trans- portation sector has also been impacted by such espionage operations. In 2024, intrusion sets associated to China by different security vendors were used to target 40 CYBER TH",
1.0.0,actor--mustang-panda,artifact--sha256:10b5623e1ce1c9c390f3ce12efc7a030689a805e6fb2195abb3c9c361cb37383,observation--sha256:225fd51b723cd079cabfb7a6672ebd49013d22ac1ee052dcdcfccd19314017f2,file-name,CERTFR-2026-CTI-003.pdf,CERTFR-2026-CTI-003.pdf,candidate,,unknown,unknown,not-stated,,source--mustang-panda--74a1fe33de49e62b,actor_profile/evidence/mustang-panda.csv,"{""row"": 223}",[],[],[],[],0,false,medium,TLP:CLEAR,csv-row,"summary/2026/CERTFR-2026-CTI-003.pdf {""page"": 19} Mustang Panda and Serbia with phishing emails whose contents pertained to NATO or the European Commission. Google Threat Intelligence Group (GTIG) believes this intrusion set to be linked to the reputedly Chinese intru - sion set Mustang Panda, given the similarities in the victimology of their attacks, the tools and tech - niques, tactics, and procedures (TTP) used, and the common features observed in the command and control (C212) servers emplo",
1.0.0,actor--mustang-panda,artifact--sha256:10b5623e1ce1c9c390f3ce12efc7a030689a805e6fb2195abb3c9c361cb37383,observation--sha256:53b5b69ca2f27d20d472fe0bf501b4a0259b5c04e2984b9d11756b3930bd28fd,file-name,CERTFR-2026-CTI-003.pdf,CERTFR-2026-CTI-003.pdf,candidate,,unknown,unknown,not-stated,,source--mustang-panda--74a1fe33de49e62b,actor_profile/evidence/mustang-panda.csv,"{""row"": 224}",[],[],[],[],0,false,medium,TLP:CLEAR,csv-row,"summary/2026/CERTFR-2026-CTI-003.pdf {""page"": 19} Mustang Panda rvers employed. The operators nota- bly distributed StaticPlugin, CanonStager, and PlugX malware [24] [25]. In September of 2025, ANSSI also observed a campaign associated with the RedDelta clus - ter – linked to the Mustang Panda intrusion set – against several European diplomatic entities, includ- ing France. RedDelta was hitherto notoriously used to target diplomatic entities in central and eastern Europe, as well as across Asia.",
1.0.0,actor--mustang-panda,artifact--sha256:10b5623e1ce1c9c390f3ce12efc7a030689a805e6fb2195abb3c9c361cb37383,observation--sha256:4a14d1fa99204711995a408bdb9c62b5cf52abc6134670e76b8e7924f5fba9a4,file-name,CERTFR-2026-CTI-003.pdf,CERTFR-2026-CTI-003.pdf,candidate,,unknown,unknown,not-stated,,source--mustang-panda--74a1fe33de49e62b,actor_profile/evidence/mustang-panda.csv,"{""row"": 225}",[],[],[],[],0,false,medium,TLP:CLEAR,csv-row,"summary/2026/CERTFR-2026-CTI-003.pdf {""page"": 19} RedDelta n the command and control (C212) servers employed. The operators nota- bly distributed StaticPlugin, CanonStager, and PlugX malware [24] [25]. In September of 2025, ANSSI also observed a campaign associated with the RedDelta clus - ter – linked to the Mustang Panda intrusion set – against several European diplomatic entities, includ- ing France. RedDelta was hitherto notoriously used to target diplomatic entities in central and eastern E",
1.0.0,actor--mustang-panda,artifact--sha256:10b5623e1ce1c9c390f3ce12efc7a030689a805e6fb2195abb3c9c361cb37383,observation--sha256:dd829db7d67a7b4c2dd9ebcc31dd5a0b1556460f96d5a8bc7d461495efeb85fa,file-name,CERTFR-2026-CTI-003.pdf,CERTFR-2026-CTI-003.pdf,candidate,,unknown,unknown,not-stated,,source--mustang-panda--74a1fe33de49e62b,actor_profile/evidence/mustang-panda.csv,"{""row"": 226}",[],[],[],[],0,false,medium,TLP:CLEAR,csv-row,"summary/2026/CERTFR-2026-CTI-003.pdf {""page"": 19} RedDelta [24] [25]. In September of 2025, ANSSI also observed a campaign associated with the RedDelta clus - ter – linked to the Mustang Panda intrusion set – against several European diplomatic entities, includ- ing France. RedDelta was hitherto notoriously used to target diplomatic entities in central and eastern Europe, as well as across Asia. ← 19 CYBER THREAT OVERVIEW 2025 ANSSI",
1.0.0,actor--mustang-panda,artifact--sha256:10b5623e1ce1c9c390f3ce12efc7a030689a805e6fb2195abb3c9c361cb37383,observation--sha256:2e31c5077692ab2e65c95b75c366e2e390e2f95bdf69fabeded5b0f83a071f23,file-name,CERTFR-2026-CTI-003.pdf,CERTFR-2026-CTI-003.pdf,candidate,,unknown,unknown,not-stated,,source--mustang-panda--74a1fe33de49e62b,actor_profile/evidence/mustang-panda.csv,"{""row"": 227}",[],[],[],[],0,false,medium,TLP:CLEAR,csv-row,"summary/2026/CERTFR-2026-CTI-003.pdf {""page"": 19} UNC6384 sed communication network which may be used to support future attacks. Intrusion sets reputedly linked to China are reg- ularly used to target diplomatic entities. In March of 2025, the reputedly Chinese intrusion set UNC6384 was reportedly used against diplomatic entities in South-East Asia and Europe. Operators of the intru- sion set targeted Hungary, Belgium, Italy, and Serbia with phishing emails whose contents pertained to NATO or t",
1.0.0,actor--mustang-panda,artifact--sha256:d20a76de9f45f7ed1f260e363bd901ee0a661a677d00b3859fe745352b38dc1e,observation--sha256:2e58e1f6113b2b411b8f923e518eaa52cadd971b14c7a6bfdd1e9ac211923fc5,file-name,CTIME.pdf,CTIME.pdf,candidate,,unknown,unknown,not-stated,,source--mustang-panda--74a1fe33de49e62b,actor_profile/evidence/mustang-panda.csv,"{""row"": 20}",[],[],[],[],0,false,medium,TLP:CLEAR,csv-row,"International Strategic/USA/2025/CGCYBER 2024 CTIME.pdf {""page"": 13} Mustang Panda ealthcare sectors. Their methods included scanning, data exfiltration, and website defacement against organizations providing aid to Ukraine.10 Furthermore, cyber espionage attributed to the China-based threat group Mustang Panda utilized remote access trojans to target various cargo shipping companies in countries across the globe including those in Norway, Greece, and the Netherlands.11 As referenced in last yea",
1.0.0,actor--mustang-panda,artifact--sha256:e6c1b8b92494d4f04965e7db04f88af86f5a6ce94db19e9625a99c2301bf2dad,observation--sha256:e028a62c9f087d85dec28669acb001db152e49730cd093b46912a237bb862218,file-name,Cards.pdf,Cards.pdf,candidate,,unknown,unknown,not-stated,,source--mustang-panda--74a1fe33de49e62b,actor_profile/evidence/mustang-panda.csv,"{""row"": 21}",[],[],[],[],0,false,medium,TLP:CLEAR,csv-row,"Threat Group Cards.pdf {""page"": 161} Mustang Panda Threat Group Cards: A Threat Actor Encyclopedia 161 Mustang Panda Names Mustang Panda (CrowdStrike) Country China Motivation Information theft and espionage Description (CrowdStrike) In April 2017, CrowdStrike Falcon Intelligence observed a previously unattributed actor group wit",
1.0.0,actor--mustang-panda,artifact--sha256:e6c1b8b92494d4f04965e7db04f88af86f5a6ce94db19e9625a99c2301bf2dad,observation--sha256:92d31492abc321aa703a3ce946002112b1fff4083c532a52b6dd1e2c507dfe0e,file-name,Cards.pdf,Cards.pdf,candidate,,unknown,unknown,not-stated,,source--mustang-panda--74a1fe33de49e62b,actor_profile/evidence/mustang-panda.csv,"{""row"": 22}",[],[],[],[],0,false,medium,TLP:CLEAR,csv-row,"Threat Group Cards.pdf {""page"": 161} Mustang Panda Threat Group Cards: A Threat Actor Encyclopedia 161 Mustang Panda Names Mustang Panda (CrowdStrike) Country China Motivation Information theft and espionage Description (CrowdStrike) In April 2017, CrowdStrike Falcon Intelligence observed a previously unattributed actor group with a Chinese nexus tar",
1.0.0,actor--mustang-panda,artifact--sha256:e6c1b8b92494d4f04965e7db04f88af86f5a6ce94db19e9625a99c2301bf2dad,observation--sha256:f1189bd5c65aa2452b417791ddeedc7a16539f77f63a0c9a38752b7d3a50b156,file-name,Cards.pdf,Cards.pdf,candidate,,unknown,unknown,not-stated,,source--mustang-panda--74a1fe33de49e62b,actor_profile/evidence/mustang-panda.csv,"{""row"": 23}",[],[],[],[],0,false,medium,TLP:CLEAR,csv-row,"Threat Group Cards.pdf {""page"": 161} Mustang Panda , suggesting this actor has a specific focus on gathering intelligence on Mongolia. These campaigns involve the use of shared malware like Poison Ivy or PlugX. Recently, Falcon Intelligence observed new activity from Mustang Panda, using a unique infection chain to target likely Mongolia-based victims. This newly observed activity uses a series of redirections and fileless, malicious implementations of legitimate tools to gain access to the ta",
1.0.0,actor--mustang-panda,artifact--sha256:e6c1b8b92494d4f04965e7db04f88af86f5a6ce94db19e9625a99c2301bf2dad,observation--sha256:d8bbd4245c1a7a40d601834760dd8320eddc51fd2809bebb0c73d2239b9d2b8d,file-name,Cards.pdf,Cards.pdf,candidate,,unknown,unknown,not-stated,,source--mustang-panda--74a1fe33de49e62b,actor_profile/evidence/mustang-panda.csv,"{""row"": 24}",[],[],[],[],0,false,medium,TLP:CLEAR,csv-row,"Threat Group Cards.pdf {""page"": 5} Mustang Panda ............................................................................................... 157 MuddyWater, Seedworm, TEMP.Zagros, Static Kitten ................................................................ 158 Mustang Panda................................................................................................................................... 161 Naikon, Lotus Panda ...............................................................",
1.0.0,actor--mustang-panda,artifact--sha256:f60ff54271b62aeba2de61552e6e52e8aa030f7ace3f1b940118ce9e24817317,observation--sha256:b1fb8d6b1ab1bd6d4e927691c6210c5c9ead4b8d59fba5934339c959a9c6c14b,file-name,Cloudflare-2026-threat-report.pdf,Cloudflare-2026-threat-report.pdf,candidate,,unknown,unknown,not-stated,,source--mustang-panda--74a1fe33de49e62b,actor_profile/evidence/mustang-panda.csv,"{""row"": 228}",[],[],[],[],0,false,medium,TLP:CLEAR,csv-row,"summary/2026/Cloudflare-2026-threat-report.pdf {""page"": 14} ClumsyToad 14 Cloudflare | 2026 Cloudflare Threat Report Notable threat actors Iran MuddyKrill ConvolutedKrill CrustyKrill Notable threat actors Russia NastyShrew StainedShrew RottenShrew Notable threat actors China ClumsyToad PunyToad FrumpyToad Notable threat actors North Korea PutridSlug PatheticSlug FoolishSlug",
1.0.0,actor--mustang-panda,artifact--sha256:f60ff54271b62aeba2de61552e6e52e8aa030f7ace3f1b940118ce9e24817317,observation--sha256:9ff755c276d0f0100e48d291298d09540bc4e049c1d5d08e5cc5ca2574513811,file-name,Cloudflare-2026-threat-report.pdf,Cloudflare-2026-threat-report.pdf,candidate,,unknown,unknown,not-stated,,source--mustang-panda--74a1fe33de49e62b,actor_profile/evidence/mustang-panda.csv,"{""row"": 229}",[],[],[],[],0,false,medium,TLP:CLEAR,csv-row,"summary/2026/Cloudflare-2026-threat-report.pdf {""page"": 19} ClumsyToad -positioning and cloud-native stealth China’s cyber strategy continues to evolve beyond traditional bulk data theft to a sophisticated model of infrastructure pre-positioning and cloud-native stealth. While groups like ClumsyToad maintain high-frequency regional espionage using localized lures and USB-borne worms like SnakeDisk, the broader apparatus increasingly prioritizes the long-term compromise of critical edge devices a",
1.0.0,actor--mustang-panda,artifact--sha256:f60ff54271b62aeba2de61552e6e52e8aa030f7ace3f1b940118ce9e24817317,observation--sha256:1b4f73ad72ebac81a8f84e866fd885cdab23c5ab4fb297163fee139866657964,file-name,Cloudflare-2026-threat-report.pdf,Cloudflare-2026-threat-report.pdf,candidate,,unknown,unknown,not-stated,,source--mustang-panda--74a1fe33de49e62b,actor_profile/evidence/mustang-panda.csv,"{""row"": 230}",[],[],[],[],0,false,medium,TLP:CLEAR,csv-row,"summary/2026/Cloudflare-2026-threat-report.pdf {""page"": 20} ClumsyToad 20 Cloudflare | 2026 Cloudflare Threat Report Strategic profile and context In 2025, ClumsyToad moved away from standard .lnk files in favor of Windows Management Console (.msc) files. This tactic exploits the inherent trust in system-signed management files to bypass EDR LotL detections. • SnakeDisk / Thailand",
1.0.0,actor--mustang-panda,artifact--sha256:f60ff54271b62aeba2de61552e6e52e8aa030f7ace3f1b940118ce9e24817317,observation--sha256:9eed1c3e0b4b20455efbf3583429b597cf9529c3fd8aef076a1d9be19b115a0d,file-name,Cloudflare-2026-threat-report.pdf,Cloudflare-2026-threat-report.pdf,candidate,,unknown,unknown,not-stated,,source--mustang-panda--74a1fe33de49e62b,actor_profile/evidence/mustang-panda.csv,"{""row"": 231}",[],[],[],[],0,false,medium,TLP:CLEAR,csv-row,"summary/2026/Cloudflare-2026-threat-report.pdf {""page"": 20} Earth Preta y the Yokai backdoor, specifically targeting Thai government and police infrastructure. High-frequency regional espionage and long-term compromise of diplomatic entities Aliases / AKAs: BASIN, BRONZE PRESIDENT, Earth Preta, HoneyMyte, LuminousMoth, MUSTANG PANDA, Polaris, Red Lich, Stately Taurus, TA416, TANTALUM, TEMP. HEX, Twill Typhoon Threat actor profile ClumsyToad Southeast Asian governments and European diplomatic ent",
1.0.0,actor--mustang-panda,artifact--sha256:f60ff54271b62aeba2de61552e6e52e8aa030f7ace3f1b940118ce9e24817317,observation--sha256:023a27144b379f59496972d914c0841868ccd6599a283c0bcad4126d02605d75,file-name,Cloudflare-2026-threat-report.pdf,Cloudflare-2026-threat-report.pdf,candidate,,unknown,unknown,not-stated,,source--mustang-panda--74a1fe33de49e62b,actor_profile/evidence/mustang-panda.csv,"{""row"": 232}",[],[],[],[],0,false,medium,TLP:CLEAR,csv-row,"summary/2026/Cloudflare-2026-threat-report.pdf {""page"": 20} HoneyMyte backdoor, specifically targeting Thai government and police infrastructure. High-frequency regional espionage and long-term compromise of diplomatic entities Aliases / AKAs: BASIN, BRONZE PRESIDENT, Earth Preta, HoneyMyte, LuminousMoth, MUSTANG PANDA, Polaris, Red Lich, Stately Taurus, TA416, TANTALUM, TEMP. HEX, Twill Typhoon Threat actor profile ClumsyToad Southeast Asian governments and European diplomatic entities Spear-ph",
1.0.0,actor--mustang-panda,artifact--sha256:c942e18876b9ebac6dd8e26f655da63f449f7c69e9013cdd1797015578710866,observation--sha256:36815974ffba36622e17e6df80d976bdc317c790cd9a80eeee2a4a9a6d8fa591,file-name,Conference.doc,Conference.doc,candidate,,unknown,unknown,not-stated,,source--mustang-panda--74a1fe33de49e62b,actor_profile/evidence/mustang-panda.csv,"{""row"": 133}",[],[],[],[],0,false,medium,TLP:CLEAR,csv-row,"summary/2020/PWC-cyber-threats-2019-retrospect.pdf {""page"": 9} Red Lich and ASEAN-themed conferences before, for example ‘2018 Cambodia Outlook Conference.doc’. Many of the threat actor’s lures were written in Vietnamese, Khmer, or Mandarin, reflecting White Ioke’s known targeting. 15 ‘Red Lich slight TTP shift’, PwC Thr eat Intelligence, CTO-QRT-20191101-01A 16 ‘Meet Cr owdStrike’s Adversary of the Month for June: MUSTANG PANDA’, CrowdStrike, https://www.crowdstrike.com/blog/meet-crowdstrikes-a",
1.0.0,actor--mustang-panda,artifact--sha256:5cfe5df90b439f560294509f95f2cb8b37c3e13391fd58c85f0b3a4732cd4d54,observation--sha256:2e54ad451c965825db2e7daef65138cd4727cc37b1c181e3af1ed6fed20b29b4,file-name,ESET_Threat_Report_Q22020.pdf,ESET_Threat_Report_Q22020.pdf,candidate,,unknown,unknown,not-stated,,source--mustang-panda--74a1fe33de49e62b,actor_profile/evidence/mustang-panda.csv,"{""row"": 125}",[],[],[],[],0,false,medium,TLP:CLEAR,csv-row,"summary/2020/ESET_Threat_Report_Q22020.pdf {""page"": 12} Mustang Panda els in order to grant access to internal resources within targeted networks. Interestingly, they chose to use Microsoft Azure infrastructure for this task. In addition to that, the attackers used custom Linux malware. Mustang Panda Threat Report exclusive Mustang Panda is a threat actor known for targeting NGOs, governments, and other entities in various Asian countries including Hong Kong, Mongolia, Myanmar and Vietnam. Recen",
1.0.0,actor--mustang-panda,artifact--sha256:5cfe5df90b439f560294509f95f2cb8b37c3e13391fd58c85f0b3a4732cd4d54,observation--sha256:c13b0f531d9b07f067c0b06bba27849767a8bff67c27dfed45da040f71cea092,file-name,ESET_Threat_Report_Q22020.pdf,ESET_Threat_Report_Q22020.pdf,candidate,,unknown,unknown,not-stated,,source--mustang-panda--74a1fe33de49e62b,actor_profile/evidence/mustang-panda.csv,"{""row"": 126}",[],[],[],[],0,false,medium,TLP:CLEAR,csv-row,"summary/2020/ESET_Threat_Report_Q22020.pdf {""page"": 12} Mustang Panda l resources within targeted networks. Interestingly, they chose to use Microsoft Azure infrastructure for this task. In addition to that, the attackers used custom Linux malware. Mustang Panda Threat Report exclusive Mustang Panda is a threat actor known for targeting NGOs, governments, and other entities in various Asian countries including Hong Kong, Mongolia, Myanmar and Vietnam. Recently, this group’s activity was reported",
1.0.0,actor--mustang-panda,artifact--sha256:5cfe5df90b439f560294509f95f2cb8b37c3e13391fd58c85f0b3a4732cd4d54,observation--sha256:d5e442089691f137eb024f94ecca881b27b052342186e53e64d4c17e8ce2b12a,file-name,ESET_Threat_Report_Q22020.pdf,ESET_Threat_Report_Q22020.pdf,candidate,,unknown,unknown,not-stated,,source--mustang-panda--74a1fe33de49e62b,actor_profile/evidence/mustang-panda.csv,"{""row"": 127}",[],[],[],[],0,false,medium,TLP:CLEAR,csv-row,"summary/2020/ESET_Threat_Report_Q22020.pdf {""page"": 12} Mustang Panda ing Hong Kong, Mongolia, Myanmar and Vietnam. Recently, this group’s activity was reported by Anomali [42], Avira [43], Lab52 [44] and the Myanmar Computer Emergency Response Team [45]. Signed Korplug binaries used by Mustang Panda ESET researchers have discovered several interesting Korplug (aka PlugX) malware samples used by Mustang Panda. The Korplug malware is employed in targeted attacks by various groups, usually using t",
1.0.0,actor--mustang-panda,artifact--sha256:5cfe5df90b439f560294509f95f2cb8b37c3e13391fd58c85f0b3a4732cd4d54,observation--sha256:dcee2b9fcf4387d4c0d470166420f1656b30cf5d102c13ce4633db41844a2ef4,file-name,ESET_Threat_Report_Q22020.pdf,ESET_Threat_Report_Q22020.pdf,candidate,,unknown,unknown,not-stated,,source--mustang-panda--74a1fe33de49e62b,actor_profile/evidence/mustang-panda.csv,"{""row"": 128}",[],[],[],[],0,false,medium,TLP:CLEAR,csv-row,"summary/2020/ESET_Threat_Report_Q22020.pdf {""page"": 12} Mustang Panda ra [43], Lab52 [44] and the Myanmar Computer Emergency Response Team [45]. Signed Korplug binaries used by Mustang Panda ESET researchers have discovered several interesting Korplug (aka PlugX) malware samples used by Mustang Panda. The Korplug malware is employed in targeted attacks by various groups, usually using the DLL side-loading technique. Therefore, in most cases, Korplug samples are not digitally signed. However, in ",
1.0.0,actor--mustang-panda,artifact--sha256:922cef3e31372c8eeea872aaf50541db86edeea59783472f98cca20fab597d0b,observation--sha256:eab86b1a5991bdeed54fcf9fb3355021a08b4cc6d395701e62277560fb2b1b30,file-name,Infrastructure.pdf,Infrastructure.pdf,candidate,,unknown,unknown,not-stated,,source--mustang-panda--74a1fe33de49e62b,actor_profile/evidence/mustang-panda.csv,"{""row"": 221}",[],[],[],[],0,false,medium,TLP:CLEAR,csv-row,"summary/2026/2025 Year in Review- Malicious Infrastructure.pdf {""page"": 76} RedDelta families observed on suspected TAE Kaopu Cloud HK Limitedʼs network in 2025 Source: Recorded Future) Insikt Group further noted that specific Chinese state-sponsored threat groups, such as RedDelta, exhibit clear, ongoing preferences for hosting providers for their C2 servers. Additionally, Insikt Group observed distinct clusters of ShadowPad infrastructure, characterized",
1.0.0,actor--mustang-panda,artifact--sha256:922cef3e31372c8eeea872aaf50541db86edeea59783472f98cca20fab597d0b,observation--sha256:80ed65060734cfa2fcd6f4d9cb4984acb69ebad3a1e5a4dbba7c29a64a1a7992,file-name,Infrastructure.pdf,Infrastructure.pdf,candidate,,unknown,unknown,not-stated,,source--mustang-panda--74a1fe33de49e62b,actor_profile/evidence/mustang-panda.csv,"{""row"": 222}",[],[],[],[],0,false,medium,TLP:CLEAR,csv-row,"summary/2026/2025 Year in Review- Malicious Infrastructure.pdf {""page"": 76} RedDelta domains to proxy via Cloudflare DNS services and obfuscate the final C2 IP address; and TAG167ʼs domain infrastructure, all of which used Cloudflare nameservers. In 2025, RedDelta continued using Cloudflare to proxy PlugX C2 traffic, including as part of campaigns targeting the Balkans and broader Europe as well as Southeast Asia. 75",
1.0.0,actor--mustang-panda,artifact--sha256:13782918e992a7da033d7baf986568252de91d32fc57eefa31c11a7c585f05ae,observation--sha256:aead74e886d8d5d7c29e59a36a56720bbe4b01053891a1d3b03cea30674d9b45,file-name,KeyScramblerIE.dll,KeyScramblerIE.dll,candidate,,unknown,unknown,not-stated,,source--mustang-panda--74a1fe33de49e62b,actor_profile/evidence/mustang-panda.csv,"{""row"": 53}",[],[],[],[],0,false,medium,TLP:CLEAR,csv-row,"parse-daily/.cache/tech-memo/daily-news/news/2024_04-06/20240403.md {""line"": 9} Mustang Panda - KeyScramblerIE.dllを悪用するのは直近のMustang Pandaと同じ。 -> https://unit42.paloaltonetworks.com/chinese-apts-target-asean-entities/#post-133176-_kc29s1q921ij",
1.0.0,actor--mustang-panda,artifact--sha256:b35085aae10f655d8cdbcee45d208ab2f275cd3185368a0bab58b89f8ce2522b,observation--sha256:3af39405fc8f0621d8bffbc86cf2392cf0e0d9a910e6abb7f1470e04616ef0a6,file-name,MAVInject.exe,MAVInject.exe,candidate,,unknown,unknown,not-stated,,source--mustang-panda--74a1fe33de49e62b,actor_profile/evidence/mustang-panda.csv,"{""row"": 68}",[],[],[],[],0,false,medium,TLP:CLEAR,csv-row,"parse-daily/.cache/tech-memo/daily-news/news/2025_01-03/20250219.md {""line"": 61} Mustang Panda - 中国のAPTハッカーグループ「Mustang Panda」が、Microsoft Application Virtualization Injector（MAVInject.exe）を悪用し、正規のプロセスにマルウェアを注入してアンチウイルス検出を回避しています。",
1.0.0,actor--mustang-panda,artifact--sha256:1321f38e3948f467525bcfef5292551eef2fbe045bd595316235b1961f4ac68c,observation--sha256:a2b16c2daa776afb3f6a0e35e2569a81dc94354af00352f511ad671e014238fe,file-name,Modern-Asian-APT-groups-TTPs_report_eng.pdf,Modern-Asian-APT-groups-TTPs_report_eng.pdf,candidate,,unknown,unknown,not-stated,,source--mustang-panda--74a1fe33de49e62b,actor_profile/evidence/mustang-panda.csv,"{""row"": 148}",[],[],[],[],0,false,medium,TLP:CLEAR,csv-row,"summary/2023/Modern-Asian-APT-groups-TTPs_report_eng.pdf {""page"": 309} Bronze President les) • Group 35 (Talos) • ZipToken • GreedyTaotie • Iron Taurus (Palo Alto) • Iron Tiger (Trend Micro) • Earth Smilodon (Trend Micro) Egypt Iran Turkey Russia India 12% 11% 10% 6% 6% 16% Mustang Panda Aliases: • Bronze President (SecureWorks) • TEMP.Hex (FireEye) • HoneyMyte (Kaspersky) • Red Lich (PWC) • Earth Preta (Trend Micro) • Camaro Dragon (Check Point) Vietnam Myanmar Ethiopia China Mongolia 54% 11% 9",
1.0.0,actor--mustang-panda,artifact--sha256:1321f38e3948f467525bcfef5292551eef2fbe045bd595316235b1961f4ac68c,observation--sha256:6440a393bdb27e485b9c0479932514a8458462e2423d772a751d91c6f08d64d0,file-name,Modern-Asian-APT-groups-TTPs_report_eng.pdf,Modern-Asian-APT-groups-TTPs_report_eng.pdf,candidate,,unknown,unknown,not-stated,,source--mustang-panda--74a1fe33de49e62b,actor_profile/evidence/mustang-panda.csv,"{""row"": 149}",[],[],[],[],0,false,medium,TLP:CLEAR,csv-row,"summary/2023/Modern-Asian-APT-groups-TTPs_report_eng.pdf {""page"": 309} HoneyMyte on Taurus (Palo Alto) • Iron Tiger (Trend Micro) • Earth Smilodon (Trend Micro) Egypt Iran Turkey Russia India 12% 11% 10% 6% 6% 16% Mustang Panda Aliases: • Bronze President (SecureWorks) • TEMP.Hex (FireEye) • HoneyMyte (Kaspersky) • Red Lich (PWC) • Earth Preta (Trend Micro) • Camaro Dragon (Check Point) Vietnam Myanmar Ethiopia China Mongolia 54% 11% 9% 5% 4% 14% 309 Contents Modern Asian APT Groups: Tactics, Te",
1.0.0,actor--mustang-panda,artifact--sha256:1321f38e3948f467525bcfef5292551eef2fbe045bd595316235b1961f4ac68c,observation--sha256:b79e223344bf6a1997d8abdd29d6e8cd4841f3cb21ab4aad313361d8717beb4d,file-name,Modern-Asian-APT-groups-TTPs_report_eng.pdf,Modern-Asian-APT-groups-TTPs_report_eng.pdf,candidate,,unknown,unknown,not-stated,,source--mustang-panda--74a1fe33de49e62b,actor_profile/evidence/mustang-panda.csv,"{""row"": 150}",[],[],[],[],0,false,medium,TLP:CLEAR,csv-row,"summary/2023/Modern-Asian-APT-groups-TTPs_report_eng.pdf {""page"": 309} Mustang Panda (Symantec) • ATK 15 (Thales) • Group 35 (Talos) • ZipToken • GreedyTaotie • Iron Taurus (Palo Alto) • Iron Tiger (Trend Micro) • Earth Smilodon (Trend Micro) Egypt Iran Turkey Russia India 12% 11% 10% 6% 6% 16% Mustang Panda Aliases: • Bronze President (SecureWorks) • TEMP.Hex (FireEye) • HoneyMyte (Kaspersky) • Red Lich (PWC) • Earth Preta (Trend Micro) • Camaro Dragon (Check Point) Vietnam Myanmar Ethiopia Chi",
1.0.0,actor--mustang-panda,artifact--sha256:1321f38e3948f467525bcfef5292551eef2fbe045bd595316235b1961f4ac68c,observation--sha256:980d0a13ed10ee4f6917dd33ec2e114edb79a5928d2cc9f94741ec5622708bad,file-name,Modern-Asian-APT-groups-TTPs_report_eng.pdf,Modern-Asian-APT-groups-TTPs_report_eng.pdf,candidate,,unknown,unknown,not-stated,,source--mustang-panda--74a1fe33de49e62b,actor_profile/evidence/mustang-panda.csv,"{""row"": 151}",[],[],[],[],0,false,medium,TLP:CLEAR,csv-row,"summary/2023/Modern-Asian-APT-groups-TTPs_report_eng.pdf {""page"": 309} Red Lich Iron Tiger (Trend Micro) • Earth Smilodon (Trend Micro) Egypt Iran Turkey Russia India 12% 11% 10% 6% 6% 16% Mustang Panda Aliases: • Bronze President (SecureWorks) • TEMP.Hex (FireEye) • HoneyMyte (Kaspersky) • Red Lich (PWC) • Earth Preta (Trend Micro) • Camaro Dragon (Check Point) Vietnam Myanmar Ethiopia China Mongolia 54% 11% 9% 5% 4% 14% 309 Contents Modern Asian APT Groups: Tactics, Techniques and Procedures",
1.0.0,actor--mustang-panda,artifact--sha256:1321f38e3948f467525bcfef5292551eef2fbe045bd595316235b1961f4ac68c,observation--sha256:2eb92602b87b0d8b7276b9f70c615eed18c134c7690b52b97a8a16cc5ab76685,file-name,Modern-Asian-APT-groups-TTPs_report_eng.pdf,Modern-Asian-APT-groups-TTPs_report_eng.pdf,candidate,,unknown,unknown,not-stated,,source--mustang-panda--74a1fe33de49e62b,actor_profile/evidence/mustang-panda.csv,"{""row"": 152}",[],[],[],[],0,false,medium,TLP:CLEAR,csv-row,"summary/2023/Modern-Asian-APT-groups-TTPs_report_eng.pdf {""page"": 309} TEMP.Hex n • GreedyTaotie • Iron Taurus (Palo Alto) • Iron Tiger (Trend Micro) • Earth Smilodon (Trend Micro) Egypt Iran Turkey Russia India 12% 11% 10% 6% 6% 16% Mustang Panda Aliases: • Bronze President (SecureWorks) • TEMP.Hex (FireEye) • HoneyMyte (Kaspersky) • Red Lich (PWC) • Earth Preta (Trend Micro) • Camaro Dragon (Check Point) Vietnam Myanmar Ethiopia China Mongolia 54% 11% 9% 5% 4% 14% 309 Contents Modern Asian APT",
1.0.0,actor--mustang-panda,artifact--sha256:bb0e898befb801749a8ce89deb0b7b4b1078e54978e0b43c0cf72b2b12fe89b7,observation--sha256:1e9228c8b1772c13958fb5769ba25ac5a8ab71b0715a086068f864d66d726070,file-name,Olympics.pdf,Olympics.pdf,candidate,,unknown,unknown,not-stated,,source--mustang-panda--74a1fe33de49e62b,actor_profile/evidence/mustang-panda.csv,"{""row"": 186}",[],[],[],[],0,false,medium,TLP:CLEAR,csv-row,"summary/2024/Hurdling Over Hazards- Multifaceted Threats to the Paris Olympics.pdf {""page"": 9} RedDelta ther maliciousdomainsor lures.Whilewehavenoindicationsof suchcampaignsat thistime, basedonprevioustargetingpatterns,thesethreat groupsmayinclude, but arenot limitedto: ● RedBravo APT31, Violet Typhoon, Judgement Panda)● RedDelta Twill Typhoon, MustangPanda)● RedHotel Charcoal Typhoon, AquaticPanda, EarthLusca)● RedGolf APT41, BrassTyphoon, WickedPanda)● APT40 GinghamTyphoon, KryptonitePanda, L",
1.0.0,actor--mustang-panda,artifact--sha256:bb0e898befb801749a8ce89deb0b7b4b1078e54978e0b43c0cf72b2b12fe89b7,observation--sha256:ca9a417376d9475161bb79b7a40c42f18c363ec6cedcec59a06a933eb6bb13bf,file-name,Olympics.pdf,Olympics.pdf,candidate,,unknown,unknown,not-stated,,source--mustang-panda--74a1fe33de49e62b,actor_profile/evidence/mustang-panda.csv,"{""row"": 187}",[],[],[],[],0,false,medium,TLP:CLEAR,csv-row,"summary/2024/Hurdling Over Hazards- Multifaceted Threats to the Paris Olympics.pdf {""page"": 9} Twill Typhoon ciousdomainsor lures.Whilewehavenoindicationsof suchcampaignsat thistime, basedonprevioustargetingpatterns,thesethreat groupsmayinclude, but arenot limitedto: ● RedBravo APT31, Violet Typhoon, Judgement Panda)● RedDelta Twill Typhoon, MustangPanda)● RedHotel Charcoal Typhoon, AquaticPanda, EarthLusca)● RedGolf APT41, BrassTyphoon, WickedPanda)● APT40 GinghamTyphoon, KryptonitePanda, Levia",
1.0.0,actor--mustang-panda,artifact--sha256:6189ae5ce181e028946daac638b3df15ad8452edaf17f607ffb9a93ea57db912,observation--sha256:7b93f071b41ac8b9ed9fc9d65da6a82df07a0d2797a013effb88d64a2c392256,file-name,Operations.xlsx,Operations.xlsx,candidate,,unknown,unknown,not-stated,,source--mustang-panda--74a1fe33de49e62b,actor_profile/evidence/mustang-panda.csv,"{""row"": 3}",[],[],[],[],0,false,medium,TLP:CLEAR,csv-row,"APT Groups and Operations.xlsx {""row"": 60, ""sheet"": ""China""} BRONZE PRESIDENT Mustang Panda HoneyMyte BRONZE PRESIDENT Temp.Hex TA416, RedDelta, Earth Preta (TrendMicro) G0129 Cobalt Strike, PlugX, ORat, RCSession, Nbtscan, Nmap, Wmiexec, China Chopper web shell Mining sector in Mongolia, private individuals |=| gathering geo-political",
1.0.0,actor--mustang-panda,artifact--sha256:6189ae5ce181e028946daac638b3df15ad8452edaf17f607ffb9a93ea57db912,observation--sha256:44b26a404e4017b2ba1edc23d2fa387ec7f771c9ce70011324689cfeef29e37e,file-name,Operations.xlsx,Operations.xlsx,candidate,,unknown,unknown,not-stated,,source--mustang-panda--74a1fe33de49e62b,actor_profile/evidence/mustang-panda.csv,"{""row"": 4}",[],[],[],[],0,false,medium,TLP:CLEAR,csv-row,"APT Groups and Operations.xlsx {""row"": 60, ""sheet"": ""China""} HoneyMyte Mustang Panda HoneyMyte BRONZE PRESIDENT Temp.Hex TA416, RedDelta, Earth Preta (TrendMicro) G0129 Cobalt Strike, PlugX, ORat, RCSession, Nbtscan, Nmap, Wmiexec, China Chopper web shell Mining sector in Mongolia, private individuals |=| gather",
1.0.0,actor--mustang-panda,artifact--sha256:6189ae5ce181e028946daac638b3df15ad8452edaf17f607ffb9a93ea57db912,observation--sha256:3489f02772b02288ea723f3e23d15dcde918cd6f5c45587abc6f5a4aaf277267,file-name,Operations.xlsx,Operations.xlsx,candidate,,unknown,unknown,not-stated,,source--mustang-panda--74a1fe33de49e62b,actor_profile/evidence/mustang-panda.csv,"{""row"": 5}",[],[],[],[],0,false,medium,TLP:CLEAR,csv-row,"APT Groups and Operations.xlsx {""row"": 60, ""sheet"": ""China""} Mustang Panda Mustang Panda HoneyMyte BRONZE PRESIDENT Temp.Hex TA416, RedDelta, Earth Preta (TrendMicro) G0129 Cobalt Strike, PlugX, ORat, RCSession, Nbtscan, Nmap, Wmiexec, China Chopper web shell Mining sector in Mongolia, private individuals",
1.0.0,actor--mustang-panda,artifact--sha256:6189ae5ce181e028946daac638b3df15ad8452edaf17f607ffb9a93ea57db912,observation--sha256:a7a2427b5af4bd2c9ec044debb90ae03f913f9428405d0fb0390b46ec8fd94fd,file-name,Operations.xlsx,Operations.xlsx,candidate,,unknown,unknown,not-stated,,source--mustang-panda--74a1fe33de49e62b,actor_profile/evidence/mustang-panda.csv,"{""row"": 6}",[],[],[],[],0,false,medium,TLP:CLEAR,csv-row,"APT Groups and Operations.xlsx {""row"": 60, ""sheet"": ""China""} TA416 Mustang Panda HoneyMyte BRONZE PRESIDENT Temp.Hex TA416, RedDelta, Earth Preta (TrendMicro) G0129 Cobalt Strike, PlugX, ORat, RCSession, Nbtscan, Nmap, Wmiexec, China Chopper web shell Mining sector in Mongolia, private individuals |=| gathering geo-political and economic i",
1.0.0,actor--mustang-panda,artifact--sha256:6189ae5ce181e028946daac638b3df15ad8452edaf17f607ffb9a93ea57db912,observation--sha256:3aa21d4193944aaa8c6eb5cac674cd79192bf2176bc716bbdb4dd0840dc35180,file-name,Operations.xlsx,Operations.xlsx,candidate,,unknown,unknown,not-stated,,source--mustang-panda--74a1fe33de49e62b,actor_profile/evidence/mustang-panda.csv,"{""row"": 7}",[],[],[],[],0,false,medium,TLP:CLEAR,csv-row,"APT Groups and Operations.xlsx {""row"": 60, ""sheet"": ""China""} Temp.Hex Mustang Panda HoneyMyte BRONZE PRESIDENT Temp.Hex TA416, RedDelta, Earth Preta (TrendMicro) G0129 Cobalt Strike, PlugX, ORat, RCSession, Nbtscan, Nmap, Wmiexec, China Chopper web shell Mining sector in Mongolia, private individuals |=| gathering geo-political and econ",
1.0.0,actor--mustang-panda,artifact--sha256:74f9cc7316eaf1178bc967da668e76c5843f22ca256322e5d79a267fe3b0f87a,observation--sha256:1cf136a30619c78eef85b495ac52e3906738f33e69b7551e26c1a90c0ccd83bd,file-name,PWC-cyber-threats-2019-retrospect.pdf,PWC-cyber-threats-2019-retrospect.pdf,candidate,,unknown,unknown,not-stated,,source--mustang-panda--74a1fe33de49e62b,actor_profile/evidence/mustang-panda.csv,"{""row"": 129}",[],[],[],[],0,false,medium,TLP:CLEAR,csv-row,"summary/2020/PWC-cyber-threats-2019-retrospect.pdf {""page"": 9} MUSTANG PANDA tten in Vietnamese, Khmer, or Mandarin, reflecting White Ioke’s known targeting. 15 ‘Red Lich slight TTP shift’, PwC Thr eat Intelligence, CTO-QRT-20191101-01A 16 ‘Meet Cr owdStrike’s Adversary of the Month for June: MUSTANG PANDA’, CrowdStrike, https://www.crowdstrike.com/blog/meet-crowdstrikes-adversary- of-the-month-for-june-mustang-panda/ (15th June 2018) 17 ‘2018 Global Thr eat Report’, CrowdStrike, https://go.crow",
1.0.0,actor--mustang-panda,artifact--sha256:74f9cc7316eaf1178bc967da668e76c5843f22ca256322e5d79a267fe3b0f87a,observation--sha256:edebee64784c98d89fe7a96b7e636c554812fbeaa10164b08e1e16865cbcf878,file-name,PWC-cyber-threats-2019-retrospect.pdf,PWC-cyber-threats-2019-retrospect.pdf,candidate,,unknown,unknown,not-stated,,source--mustang-panda--74a1fe33de49e62b,actor_profile/evidence/mustang-panda.csv,"{""row"": 130}",[],[],[],[],0,false,medium,TLP:CLEAR,csv-row,"summary/2020/PWC-cyber-threats-2019-retrospect.pdf {""page"": 9} Mustang Panda n, along with public news articles on political or economic themes. Case study – Phishing emails exploit article hours after its release In late October 2019, PwC tracked the espionage threat actor Red Lich ( a.k.a. Mustang Panda) as it used a lure document themed around a visit made to Tibet by the US ambassador for International Religious Freedom. The threat actor crafted the malicious payload by taking material from ",
1.0.0,actor--mustang-panda,artifact--sha256:74f9cc7316eaf1178bc967da668e76c5843f22ca256322e5d79a267fe3b0f87a,observation--sha256:d58d04cbcad737b80767ff9675f15bb7388b3b01fbfd82893fadac404edec163,file-name,PWC-cyber-threats-2019-retrospect.pdf,PWC-cyber-threats-2019-retrospect.pdf,candidate,,unknown,unknown,not-stated,,source--mustang-panda--74a1fe33de49e62b,actor_profile/evidence/mustang-panda.csv,"{""row"": 131}",[],[],[],[],0,false,medium,TLP:CLEAR,csv-row,"summary/2020/PWC-cyber-threats-2019-retrospect.pdf {""page"": 9} Red Lich r their publication, along with public news articles on political or economic themes. Case study – Phishing emails exploit article hours after its release In late October 2019, PwC tracked the espionage threat actor Red Lich ( a.k.a. Mustang Panda) as it used a lure document themed around a visit made to Tibet by the US ambassador for International Religious Freedom. The threat actor crafted the malicious payload by taking m",
1.0.0,actor--mustang-panda,artifact--sha256:74f9cc7316eaf1178bc967da668e76c5843f22ca256322e5d79a267fe3b0f87a,observation--sha256:163e320aeb613fd6856061457d0097979db6a90b7f269e3828c08b84b1dbb700,file-name,PWC-cyber-threats-2019-retrospect.pdf,PWC-cyber-threats-2019-retrospect.pdf,candidate,,unknown,unknown,not-stated,,source--mustang-panda--74a1fe33de49e62b,actor_profile/evidence/mustang-panda.csv,"{""row"": 132}",[],[],[],[],0,false,medium,TLP:CLEAR,csv-row,"summary/2020/PWC-cyber-threats-2019-retrospect.pdf {""page"": 9} Red Lich ures from the Central Tibetan Administration’s website. 15 The timeliness of the lure was likely intended to make the document appear to be a legitimate news item, enticing victims to open the malicious attachment. Red Lich has used similar types of lure documents, as well as fake CVs, to compromise victims since at least 2017. 16,17 The threat actor has historically targeted non- governmental organisations (NGOs), pro-democ",
1.0.0,actor--mustang-panda,artifact--sha256:74f9cc7316eaf1178bc967da668e76c5843f22ca256322e5d79a267fe3b0f87a,observation--sha256:f009629a17f0d6915a9d25a0e5f98982e20dc7d3d4e4d39b296ebad5070bf5bf,file-name,PWC-cyber-threats-2019-retrospect.pdf,PWC-cyber-threats-2019-retrospect.pdf,candidate,,unknown,unknown,not-stated,,source--mustang-panda--74a1fe33de49e62b,actor_profile/evidence/mustang-panda.csv,"{""row"": 133}",[],[],[],[],0,false,medium,TLP:CLEAR,csv-row,"summary/2020/PWC-cyber-threats-2019-retrospect.pdf {""page"": 9} Red Lich and ASEAN-themed conferences before, for example ‘2018 Cambodia Outlook Conference.doc’. Many of the threat actor’s lures were written in Vietnamese, Khmer, or Mandarin, reflecting White Ioke’s known targeting. 15 ‘Red Lich slight TTP shift’, PwC Thr eat Intelligence, CTO-QRT-20191101-01A 16 ‘Meet Cr owdStrike’s Adversary of the Month for June: MUSTANG PANDA’, CrowdStrike, https://www.crowdstrike.com/blog/meet-crowdstrikes-a",
1.0.0,actor--mustang-panda,artifact--sha256:cb8c1c7572beff26a70e906d2487b3032aa0d7690eba7dec83f6912165dceb39,observation--sha256:69570cf4858904fe33934e4fb02bc1cda7359a32c9771989abe3b998ea7284c4,file-name,Power.pdf,Power.pdf,candidate,,unknown,unknown,not-stated,,source--mustang-panda--74a1fe33de49e62b,actor_profile/evidence/mustang-panda.csv,"{""row"": 15}",[],[],[],[],0,false,medium,TLP:CLEAR,csv-row,"International Strategic/China/Charting China’s Climb as a Leading Global Cyber Power.pdf {""page"": 8} Temp.Hex rdedFutureobservingactivitytargetingTaiwaneseentitiesattributedtoChinesestate-sponsoredactorssuchasRedHotel AquaticPanda, BronzeUniversity, Charcoal Typhoon), TAG 67 IronTiger, EmissaryPanda), andRedDelta VertigoPanda, Temp.Hex, Twill Typhoon) in2023. For example, fromJunetoAugust 2023, weobservedRedHotel compromiseaTaiwaneseaerospaceanddefensecompany(specializinginunmannedaerial vehicle",
1.0.0,actor--mustang-panda,artifact--sha256:cb8c1c7572beff26a70e906d2487b3032aa0d7690eba7dec83f6912165dceb39,observation--sha256:f6721f4db276d836f55d4c726f94b81c4db1294ecb28a3f45102856398c16744,file-name,Power.pdf,Power.pdf,candidate,,unknown,unknown,not-stated,,source--mustang-panda--74a1fe33de49e62b,actor_profile/evidence/mustang-panda.csv,"{""row"": 16}",[],[],[],[],0,false,medium,TLP:CLEAR,csv-row,"International Strategic/China/Charting China’s Climb as a Leading Global Cyber Power.pdf {""page"": 8} Twill Typhoon observingactivitytargetingTaiwaneseentitiesattributedtoChinesestate-sponsoredactorssuchasRedHotel AquaticPanda, BronzeUniversity, Charcoal Typhoon), TAG 67 IronTiger, EmissaryPanda), andRedDelta VertigoPanda, Temp.Hex, Twill Typhoon) in2023. For example, fromJunetoAugust 2023, weobservedRedHotel compromiseaTaiwaneseaerospaceanddefensecompany(specializinginunmannedaerial vehicle UAV ",
1.0.0,actor--mustang-panda,artifact--sha256:cb8c1c7572beff26a70e906d2487b3032aa0d7690eba7dec83f6912165dceb39,observation--sha256:5c57317a18009e57779ce6c5cc2415caca7d838c0e091c51ac739c35a9a7c187,file-name,Power.pdf,Power.pdf,candidate,,unknown,unknown,not-stated,,source--mustang-panda--74a1fe33de49e62b,actor_profile/evidence/mustang-panda.csv,"{""row"": 17}",[],[],[],[],0,false,medium,TLP:CLEAR,csv-row,"International Strategic/China/Charting China’s Climb as a Leading Global Cyber Power.pdf {""page"": 9} RedDelta CYBERTHREATANALYSIS| CHINA SouthChinaSea InadditiontoTaiwan, wecontinuetoobserveChinesecyber-espionagegroupssuchasRedHotel, RedDelta, TAG 34 Naikon), andTAG 42 EarthLongzhi) targetingcountrieswithintheSouthChinaSearegionin2023, includingrival claimantsVietnam, Malaysia, andthePhilippines. In2021reporting, wehighlightedthesuspectedChinesestate-sponsor",
1.0.0,actor--mustang-panda,artifact--sha256:44da9eacdb89fd2e5019d120472bae39444ad35411f77f3f04a5a5c57be0fdc1,observation--sha256:2aca4746da7b75f59d5d5d9ac410a2d83c722d8ad93a0c33eb0c2d1b307e617c,file-name,Report-dbappsecurity.pdf,Report-dbappsecurity.pdf,candidate,,unknown,unknown,not-stated,,source--mustang-panda--74a1fe33de49e62b,actor_profile/evidence/mustang-panda.csv,"{""row"": 135}",[],[],[],[],0,false,medium,TLP:CLEAR,csv-row,"summary/2022/2021 Advanced Threat Trends Research Report-dbappsecurity.pdf {""page"": 35} HoneyMyte 突破口，今年7月由REvil勒索团伙发起的Kaseya供应链攻击事件验证了我们的预测。在此事件中，攻 击者分发带有恶意软件的Kaseya VSA软件更新，影响了全球17个国家的1500多家企业。 以REvil为例，部分大型勒索团伙正在不断完善其武器库，且已把软件供应链作为攻击工具，发起大规模攻击 活动。2021年也出现了多个发起供应链攻击的APT组织。安全厂商卡巴斯基观察到，包括Lazarus、 DarkHalo、BountyGlad、HoneyMyte在内的多个APT组织都正在发起供应链攻击。 软件供应链攻击的成本低、传播速度快、破坏面广，并且会引发一系列连锁反应，因此已成为2021年最严重 的威胁之一。随着APT组织供应链攻击能力的发展，预计软件供应链攻击也将在2022年变得更频繁、更具破 坏性。 可能会出现更多的软件供应链攻击 2021年7月18日，美国《华盛顿邮报》、英国《卫报》和法国",
1.0.0,actor--mustang-panda,artifact--sha256:f995185f572984deea7588de4cd2c0fb473c79b4efb06e43a613bd0dc59c097b,observation--sha256:031e42db92fd276cd05eb65f285c6c55f8c6a5177babde3aabdfa6ea11bd3695,file-name,Report.pdf,Report.pdf,candidate,,unknown,unknown,not-stated,,source--mustang-panda--74a1fe33de49e62b,actor_profile/evidence/mustang-panda.csv,"{""row"": 136}",[],[],[],[],0,false,medium,TLP:CLEAR,csv-row,"summary/2022/2021 Adversary Infrastructure Report.pdf {""page"": 3} Mustang Panda findings that allow for the decryption of traffic from a large subset of Cobalt Strike Beacons. Top 10 Observed Offensive Security Tools Family 2021 C2s 2020 C2s Previous Notable Users Cobalt Strike 3691 1441 APT41 , Mustang Panda, Ocean Lotus, FIN7 Meterpreter 731 259 COBAL T ILLUSION Metasploit 710 1122 JointWorm (EVILNUM), Turla Powershell Empire 269 289 Sandworm, GADOLINIUM Covenant 180 51 GreenBug , FIN12 PupyRA",
1.0.0,actor--mustang-panda,artifact--sha256:f995185f572984deea7588de4cd2c0fb473c79b4efb06e43a613bd0dc59c097b,observation--sha256:a2fc60ce4987e3cfa8b947040dd21c6ed812af4f0f2768963afd7ac84f9b967c,file-name,Report.pdf,Report.pdf,candidate,,unknown,unknown,not-stated,,source--mustang-panda--74a1fe33de49e62b,actor_profile/evidence/mustang-panda.csv,"{""row"": 137}",[],[],[],[],0,false,medium,TLP:CLEAR,csv-row,"summary/2022/2022 Adversary Infrastructure Report.pdf {""page"": 5} RedDelta that PlugX usage is likely less-closely controlled compared to ShadowPad, which is likely privately sold to a limited set of Chinese state-sponsored threat actors. We actively track PlugX variants attributed to the RedDelta and RedFoxtrot threat actor groups. CYBER THREAT ANALYSIS",
1.0.0,actor--mustang-panda,artifact--sha256:f995185f572984deea7588de4cd2c0fb473c79b4efb06e43a613bd0dc59c097b,observation--sha256:3026f47f79ba29a08201d2e10997def828234ae00b2d31a7667008cf4e5cfac3,file-name,Report.pdf,Report.pdf,candidate,,unknown,unknown,not-stated,,source--mustang-panda--74a1fe33de49e62b,actor_profile/evidence/mustang-panda.csv,"{""row"": 202}",[],[],[],[],0,false,medium,TLP:CLEAR,csv-row,"summary/2025/2024 Malicious Infrastructure Report.pdf {""page"": 3} RedDelta oups expanded their use of anonymization networks in 2024 to target entities worldwide, enabling them to blend with legitimate traffic and complicate victim identification, while RedDelta used Cloudflare to proxy C2 traffic and geo-fence malicious files. ● Russian state-sponsored groups increasingly relied on legitimate services like Ngrok, Cloudflare, and Telegram t",
1.0.0,actor--mustang-panda,artifact--sha256:f995185f572984deea7588de4cd2c0fb473c79b4efb06e43a613bd0dc59c097b,observation--sha256:eea5a9aba463490711f0d82cedb660dd05eabf4e13d675a21fa4f0fe0ed8cb8e,file-name,Report.pdf,Report.pdf,candidate,,unknown,unknown,not-stated,,source--mustang-panda--74a1fe33de49e62b,actor_profile/evidence/mustang-panda.csv,"{""row"": 203}",[],[],[],[],0,false,medium,TLP:CLEAR,csv-row,"summary/2025/2024 Malicious Infrastructure Report.pdf {""page"": 53} RedDelta of ArcaneVoid, and use of SuperJump by RedLima, RedKilo(BackdoorDiplomacy, CloudComputating, Playful Taurus), and TAG104. Cloudflare Beginning in July 2023, Insikt Group observed RedDelta start to use the Cloudflare Content Delivery Network CDN service to proxy C2 traffic to the groupʼs backend threat actor-controlled servers in an attempt to blend in am",
1.0.0,actor--mustang-panda,artifact--sha256:f995185f572984deea7588de4cd2c0fb473c79b4efb06e43a613bd0dc59c097b,observation--sha256:b30c890f76fcf26535c43b5c3d37a5af03b6ca1fa5ba66463ed1bfe598e8ec99,file-name,Report.pdf,Report.pdf,candidate,,unknown,unknown,not-stated,,source--mustang-panda--74a1fe33de49e62b,actor_profile/evidence/mustang-panda.csv,"{""row"": 204}",[],[],[],[],0,false,medium,TLP:CLEAR,csv-row,"summary/2025/2024 Malicious Infrastructure Report.pdf {""page"": 53} RedDelta an attempt to blend in among benign CDN traffic and complicate C2 identification. By analyzing Cloudflare origin certificate authority CA certificates served by known RedDelta C2 servers, Insikt Group identified over 100 threat actor-controlled domains from July 2023 to December 2024. Almost all domains were likely formerly legitimate domains",
1.0.0,actor--mustang-panda,artifact--sha256:f995185f572984deea7588de4cd2c0fb473c79b4efb06e43a613bd0dc59c097b,observation--sha256:0b3b6d6cfa25da37db9601e11ab3079184e9085f77f81c2d027cb86ce6cf2ea0,file-name,Report.pdf,Report.pdf,candidate,,unknown,unknown,not-stated,,source--mustang-panda--74a1fe33de49e62b,actor_profile/evidence/mustang-panda.csv,"{""row"": 205}",[],[],[],[],0,false,medium,TLP:CLEAR,csv-row,"summary/2025/2024 Malicious Infrastructure Report.pdf {""page"": 53} RedDelta domains re-registered via Namecheap or NameSilo by the threat actor after expiry, likely to evade domain age and trust heuristics. In May 2024, Insikt Group identified RedDelta using Cloudflare's geofencing capabilities for the first time to restrict downloading the latter stages of the groupʼs infection chain to IP addresses geolocating to Mya",
1.0.0,actor--mustang-panda,artifact--sha256:f995185f572984deea7588de4cd2c0fb473c79b4efb06e43a613bd0dc59c097b,observation--sha256:864499a4582fc5a5421510a20b7558b27437b6f0804a6d2a7ea409038c52d4fa,file-name,Report.pdf,Report.pdf,candidate,,unknown,unknown,not-stated,,source--mustang-panda--74a1fe33de49e62b,actor_profile/evidence/mustang-panda.csv,"{""row"": 206}",[],[],[],[],0,false,medium,TLP:CLEAR,csv-row,"summary/2025/2024 Malicious Infrastructure Report.pdf {""page"": 53} RedDelta Cloudflare's geofencing capabilities for the first time to restrict downloading the latter stages of the groupʼs infection chain to IP addresses geolocating to Myanmar. RedDelta continues to leverage these capabilities, as exemplified by the use of Cloudflare to geofence a malicious MSC file to Vietnam in August 2024. Multiple other Chinese thr",
1.0.0,actor--mustang-panda,artifact--sha256:68bc1e1905814f45b72273dd1e6f54af0138f7856673564dc069281ad8121bd3,observation--sha256:363bd13ea57b3609aef34676f9295eb87c3727c85a4f9c1665b9c76867dbda89,file-name,Secureworks_NC3_2022StateoftheThreat.pdf,Secureworks_NC3_2022StateoftheThreat.pdf,candidate,,unknown,unknown,not-stated,,source--mustang-panda--74a1fe33de49e62b,actor_profile/evidence/mustang-panda.csv,"{""row"": 153}",[],[],[],[],0,false,medium,TLP:CLEAR,csv-row,"summary/2023/Secureworks_NC3_2022StateoftheThreat.pdf {""page"": 40} BRONZE PRESIDENT codes an embedded Cobalt Strike Beacon and loads it into memory (figure 27). Use of DLL search order hijacking to get a malicious DLL to decode and load various payloads, such as PlugX or Cobalt Strike, is typical of BRONZE PRESIDENT. The threat group puts effort into varying the DLL loaders, which are highly obfuscated and rarely stay the same from one campaign to the next. In another example 53, BRONZE PRESIDEN",
1.0.0,actor--mustang-panda,artifact--sha256:68bc1e1905814f45b72273dd1e6f54af0138f7856673564dc069281ad8121bd3,observation--sha256:ea72909e5e1e6437808e670d8dd848ac15bc1717b7f82c67ca3447a72cce10a5,file-name,Secureworks_NC3_2022StateoftheThreat.pdf,Secureworks_NC3_2022StateoftheThreat.pdf,candidate,,unknown,unknown,not-stated,,source--mustang-panda--74a1fe33de49e62b,actor_profile/evidence/mustang-panda.csv,"{""row"": 154}",[],[],[],[],0,false,medium,TLP:CLEAR,csv-row,"summary/2023/Secureworks_NC3_2022StateoftheThreat.pdf {""page"": 40} BRONZE PRESIDENT or Cobalt Strike, is typical of BRONZE PRESIDENT. The threat group puts effort into varying the DLL loaders, which are highly obfuscated and rarely stay the same from one campaign to the next. In another example 53, BRONZE PRESIDENT targeted Russian speakers with a fake PDF that downloaded a decoy document as well as files for a DLL search order hijack, and ultimately decoded and ran a PlugX binary. The PlugX pay",
1.0.0,actor--mustang-panda,artifact--sha256:68bc1e1905814f45b72273dd1e6f54af0138f7856673564dc069281ad8121bd3,observation--sha256:3822d6b3caf9a73a500aef09fabe87ff99c5e345bff8ff964fe405d9b3ab9e62,file-name,Secureworks_NC3_2022StateoftheThreat.pdf,Secureworks_NC3_2022StateoftheThreat.pdf,candidate,,unknown,unknown,not-stated,,source--mustang-panda--74a1fe33de49e62b,actor_profile/evidence/mustang-panda.csv,"{""row"": 155}",[],[],[],[],0,false,medium,TLP:CLEAR,csv-row,"summary/2023/Secureworks_NC3_2022StateoftheThreat.pdf {""page"": 40} BRONZE PRESIDENT re 28 shows this code in a sample (MD5: 3e372906248b215ea0ee853cb4e29dd8) that a submitter in Taiwan uploaded to VirusTotal in September. The encrypted ShadowPad payload was hidden in the Windows registry. Figure 27. BRONZE PRESIDENT Cobalt Strike Beacon shellcode in memory. (Source: Secureworks) Figure 28. ShadowPad patching function. (Source: Secureworks)",
1.0.0,actor--mustang-panda,artifact--sha256:68bc1e1905814f45b72273dd1e6f54af0138f7856673564dc069281ad8121bd3,observation--sha256:287dad052021bc48a23d1627be8cc041bb45231d8357cba8b4f73e8b5e75bbda,file-name,Secureworks_NC3_2022StateoftheThreat.pdf,Secureworks_NC3_2022StateoftheThreat.pdf,candidate,2021-07-19T00:00:00Z,day,known,same-record,,source--mustang-panda--74a1fe33de49e62b,actor_profile/evidence/mustang-panda.csv,"{""row"": 156}",[],[],[],[],0,false,medium,TLP:CLEAR,csv-row,"summary/2023/Secureworks_NC3_2022StateoftheThreat.pdf {""page"": 69} BRONZE PRESIDENT w.whitehouse.gov/briefing-room/ statements-releases/2021/07/19/the-united-states- joined-by-allies-and-partners-attributes-malicious- cyber-activity-and-irresponsible-state-behavior-to-the- peoples-republic-of-china/ 52 BRONZE PRESIDENT threat group profile, Secureworks. https:/ /www.secureworks.com/research/threat-profiles/ bronze-president 53 BRONZE PRESIDENT Targets Russian Speakers with Updated PlugX, Securew",
1.0.0,actor--mustang-panda,artifact--sha256:68bc1e1905814f45b72273dd1e6f54af0138f7856673564dc069281ad8121bd3,observation--sha256:5b73b30c5143c057ac54ab518f616ba13c109383c846a6994a49e97a6254a5fc,file-name,Secureworks_NC3_2022StateoftheThreat.pdf,Secureworks_NC3_2022StateoftheThreat.pdf,candidate,,unknown,unknown,not-stated,,source--mustang-panda--74a1fe33de49e62b,actor_profile/evidence/mustang-panda.csv,"{""row"": 157}",[],[],[],[],0,false,medium,TLP:CLEAR,csv-row,"summary/2023/Secureworks_NC3_2022StateoftheThreat.pdf {""page"": 69} BRONZE PRESIDENT ious- cyber-activity-and-irresponsible-state-behavior-to-the- peoples-republic-of-china/ 52 BRONZE PRESIDENT threat group profile, Secureworks. https:/ /www.secureworks.com/research/threat-profiles/ bronze-president 53 BRONZE PRESIDENT Targets Russian Speakers with Updated PlugX, Secureworks. https:/ /www.secureworks.com/blog/bronze-president- targets-russian-speakers-with-updated-plugx 54 BRONZE UNIVERSITY threa",
1.0.0,actor--mustang-panda,artifact--sha256:5d3c5168ae77518fe147ae209f7eb113160a792793d82cd320b6fda3010c3bb6,observation--sha256:10c08832db41bdcd121993d55dde3f8b6de7452d07113f2c24986df53d3c09b3,file-name,TLP-CLEAR-CERT-EU-TLR-2024-v1.pdf,TLP-CLEAR-CERT-EU-TLR-2024-v1.pdf,candidate,,unknown,unknown,not-stated,,source--mustang-panda--74a1fe33de49e62b,actor_profile/evidence/mustang-panda.csv,"{""row"": 209}",[],[],[],[],0,false,medium,TLP:CLEAR,csv-row,"summary/2025/TLP-CLEAR-CERT-EU-TLR-2024-v1.pdf {""page"": 18} Mustang Panda me groups and supposed hacktivist groups, particularly during election periods and high-profile events. It is likely that this was done to amplify the perception of disorder in the public eye. For example, the APT group Mustang Panda conducted a cyberespionage campaign targeting the European cargo shipping industry throughout the first half of 2024, deploying its Korplug loader.75 The technology sector ranked third among t",
1.0.0,actor--mustang-panda,artifact--sha256:5d3c5168ae77518fe147ae209f7eb113160a792793d82cd320b6fda3010c3bb6,observation--sha256:dfb10752d6cc8dd2dc0058bc21e58359118233364e955b3240a1aaa4449ac9f8,file-name,TLP-CLEAR-CERT-EU-TLR-2024-v1.pdf,TLP-CLEAR-CERT-EU-TLR-2024-v1.pdf,candidate,,unknown,unknown,not-stated,,source--mustang-panda--74a1fe33de49e62b,actor_profile/evidence/mustang-panda.csv,"{""row"": 210}",[],[],[],[],0,false,medium,TLP:CLEAR,csv-row,"summary/2025/TLP-CLEAR-CERT-EU-TLR-2024-v1.pdf {""page"": 8} Mustang Panda s, defence, and non-governmental organisations across the US9 and Europe10. Specifically, Callisto conducted credential-phishing operations in Europe for information-gathering activity in the vicinity of Union entities. Mustang Panda. Mustang Panda continued to conduct spearphishing campaigns in Europe in the vicinity of Union entities, but was less prevalent in targeting them than in previous years. Notably, Mustang Panda ",
1.0.0,actor--mustang-panda,artifact--sha256:5d3c5168ae77518fe147ae209f7eb113160a792793d82cd320b6fda3010c3bb6,observation--sha256:326eb2ca8db87efaf3b4f9a2844de3aa682b24c248dae84b774c4243ac93d07a,file-name,TLP-CLEAR-CERT-EU-TLR-2024-v1.pdf,TLP-CLEAR-CERT-EU-TLR-2024-v1.pdf,candidate,,unknown,unknown,not-stated,,source--mustang-panda--74a1fe33de49e62b,actor_profile/evidence/mustang-panda.csv,"{""row"": 211}",[],[],[],[],0,false,medium,TLP:CLEAR,csv-row,"summary/2025/TLP-CLEAR-CERT-EU-TLR-2024-v1.pdf {""page"": 8} Mustang Panda non-governmental organisations across the US9 and Europe10. Specifically, Callisto conducted credential-phishing operations in Europe for information-gathering activity in the vicinity of Union entities. Mustang Panda. Mustang Panda continued to conduct spearphishing campaigns in Europe in the vicinity of Union entities, but was less prevalent in targeting them than in previous years. Notably, Mustang Panda zeroed in on the",
1.0.0,actor--mustang-panda,artifact--sha256:5d3c5168ae77518fe147ae209f7eb113160a792793d82cd320b6fda3010c3bb6,observation--sha256:9561470433022ff494fa29604a00137fe2567ffb0304ad70add3c04b65b038f8,file-name,TLP-CLEAR-CERT-EU-TLR-2024-v1.pdf,TLP-CLEAR-CERT-EU-TLR-2024-v1.pdf,candidate,,unknown,unknown,not-stated,,source--mustang-panda--74a1fe33de49e62b,actor_profile/evidence/mustang-panda.csv,"{""row"": 212}",[],[],[],[],0,false,medium,TLP:CLEAR,csv-row,"summary/2025/TLP-CLEAR-CERT-EU-TLR-2024-v1.pdf {""page"": 8} Mustang Panda icinity of Union entities. Mustang Panda. Mustang Panda continued to conduct spearphishing campaigns in Europe in the vicinity of Union entities, but was less prevalent in targeting them than in previous years. Notably, Mustang Panda zeroed in on the European cargo shipping industry, allegedly gaining initial access through removable media.11 Low exposure We detected 47 threat actors targeting the vicinity of Union entities",
1.0.0,actor--mustang-panda,artifact--sha256:68284fdf0e198dea0aeabba30be30dbf9988d3453b2f271d38569ae99645fd86,observation--sha256:bad0b7d97a5e4ab8dc97dcd0b7b49638a6184566730df1262affb91f4f0c2263,file-name,Threat_Group_Cards_v2.0.pdf,Threat_Group_Cards_v2.0.pdf,candidate,,unknown,unknown,not-stated,,source--mustang-panda--74a1fe33de49e62b,actor_profile/evidence/mustang-panda.csv,"{""row"": 25}",[],[],[],[],0,false,medium,TLP:CLEAR,csv-row,"Threat_Group_Cards_v2.0.pdf {""page"": 209} Bronze President Threat Group Cards: A Threat Actor Encyclopedia 209 Mustang Panda, Bronze President Names Mustang Panda (CrowdStrike) Bronze President (SecureWorks) TEMP.Hex (FireEye) HoneyMyte (Kaspersky) Country China Motivation Information theft and espionage First seen 2014 Description (CrowdStrike) In Apr",
1.0.0,actor--mustang-panda,artifact--sha256:68284fdf0e198dea0aeabba30be30dbf9988d3453b2f271d38569ae99645fd86,observation--sha256:bb3fc80beef2c20164eacf3732a1c9bf350ae04eb58452bda2206a7654903677,file-name,Threat_Group_Cards_v2.0.pdf,Threat_Group_Cards_v2.0.pdf,candidate,,unknown,unknown,not-stated,,source--mustang-panda--74a1fe33de49e62b,actor_profile/evidence/mustang-panda.csv,"{""row"": 26}",[],[],[],[],0,false,medium,TLP:CLEAR,csv-row,"Threat_Group_Cards_v2.0.pdf {""page"": 209} Mustang Panda Threat Group Cards: A Threat Actor Encyclopedia 209 Mustang Panda, Bronze President Names Mustang Panda (CrowdStrike) Bronze President (SecureWorks) TEMP.Hex (FireEye) HoneyMyte (Kaspersky) Country China Motivation Information theft and espionage First seen 2014 Description (C",
1.0.0,actor--mustang-panda,artifact--sha256:68284fdf0e198dea0aeabba30be30dbf9988d3453b2f271d38569ae99645fd86,observation--sha256:88fd5f9294c6bc7111fd12d5f4e767497bc8a7f4b6dc6f50ef3abafd87454f66,file-name,Threat_Group_Cards_v2.0.pdf,Threat_Group_Cards_v2.0.pdf,candidate,,unknown,unknown,not-stated,,source--mustang-panda--74a1fe33de49e62b,actor_profile/evidence/mustang-panda.csv,"{""row"": 27}",[],[],[],[],0,false,medium,TLP:CLEAR,csv-row,"Threat_Group_Cards_v2.0.pdf {""page"": 209} Mustang Panda Threat Group Cards: A Threat Actor Encyclopedia 209 Mustang Panda, Bronze President Names Mustang Panda (CrowdStrike) Bronze President (SecureWorks) TEMP.Hex (FireEye) HoneyMyte (Kaspersky) Country China Motivation Information theft and espionage First seen 2014 Description (CrowdStrike) In April 2017, CrowdStrike",
1.0.0,actor--mustang-panda,artifact--sha256:68284fdf0e198dea0aeabba30be30dbf9988d3453b2f271d38569ae99645fd86,observation--sha256:1b1f35d96d86dddbc88b12e4c355f07087278f161b31ccedd82971a4e6bba3be,file-name,Threat_Group_Cards_v2.0.pdf,Threat_Group_Cards_v2.0.pdf,candidate,,unknown,unknown,not-stated,,source--mustang-panda--74a1fe33de49e62b,actor_profile/evidence/mustang-panda.csv,"{""row"": 28}",[],[],[],[],0,false,medium,TLP:CLEAR,csv-row,"Threat_Group_Cards_v2.0.pdf {""page"": 5} Bronze President ...................................................... 205 MuddyWater, Seedworm, TEMP.Zagros, Static Kitten .......................................................................................... 206 Mustang Panda, Bronze President ............................................................................................................................ 209 Naikon, Lotus Panda ...........................................................",
1.0.0,actor--mustang-panda,artifact--sha256:68284fdf0e198dea0aeabba30be30dbf9988d3453b2f271d38569ae99645fd86,observation--sha256:159cc2945cae6adc84aa75c4b137672437b6ca9bc8dd1810bc46daf25879bf37,file-name,Threat_Group_Cards_v2.0.pdf,Threat_Group_Cards_v2.0.pdf,candidate,,unknown,unknown,not-stated,,source--mustang-panda--74a1fe33de49e62b,actor_profile/evidence/mustang-panda.csv,"{""row"": 29}",[],[],[],[],0,false,medium,TLP:CLEAR,csv-row,"Threat_Group_Cards_v2.0.pdf {""page"": 5} Mustang Panda ..................................................................... 205 MuddyWater, Seedworm, TEMP.Zagros, Static Kitten .......................................................................................... 206 Mustang Panda, Bronze President ............................................................................................................................ 209 Naikon, Lotus Panda ...............................................",
1.0.0,actor--mustang-panda,artifact--sha256:37ea87d7d34d3f63f0b19d1d5088c4a77228ed51e430e616a96a9ab6ab73dd50,observation--sha256:9ec775bd64ab29c15c594bf79ab80176d76b65a0ae8e85476334fd47ce78e87b,file-name,annual-threat-report-2024.pdf,annual-threat-report-2024.pdf,candidate,,unknown,unknown,not-stated,,source--mustang-panda--74a1fe33de49e62b,actor_profile/evidence/mustang-panda.csv,"{""row"": 213}",[],[],[],[],0,false,medium,TLP:CLEAR,csv-row,"summary/2025/annual-threat-report-2024.pdf {""page"": 5} Mustang Panda tive data that can support broader strategic goals for sponsor nations. Darktrace observed this pattern of behavior in June-July 2024 when a government agency in the Asia-Pacific (APAC) region was likely exploited by Mustang Panda to exfiltrate sensitive data to cloud storage providers. Similarly, Darktrace research identified evidence of a potential North Korean APT exfiltrating data from a manufacturing organization, likely i",
1.0.0,actor--mustang-panda,artifact--sha256:a130d07ddf74faff8490a0bb737b30aaa9892544cb269fc7d03530af98aef65e,observation--sha256:4a2e9d1423e28ff773340e27d5e63dda515a8fc156f8907b1b01b4da1a9c2a9b,file-name,eset-apt-activity-report-q2-2025-q3-2025.pdf,eset-apt-activity-report-q2-2025-q3-2025.pdf,candidate,,unknown,unknown,not-stated,,source--mustang-panda--74a1fe33de49e62b,actor_profile/evidence/mustang-panda.csv,"{""row"": 214}",[],[],[],[],0,false,medium,TLP:CLEAR,csv-row,"summary/2025/eset-apt-activity-report-q2-2025-q3-2025.pdf {""page"": 7} Mustang Panda ESET APT ACTIVITY REPORT APRIL 2025 - SEPTEMBER 2025 | 7 Executive summary Attackers and targets China Iran North Korea Russia Other About ESET Mustang Panda China-aligned groups remain very active, with campaigns spanning Asia, Europe, Latin America, and the US being observed recently by ESET researchers. This global embrace illustrates that China-aligned threat actors",
1.0.0,actor--mustang-panda,artifact--sha256:a130d07ddf74faff8490a0bb737b30aaa9892544cb269fc7d03530af98aef65e,observation--sha256:6c2794a879c8c028e3dcac8b0c51d72ac2aff8ab9518a963e48d08bcf611c17e,file-name,eset-apt-activity-report-q2-2025-q3-2025.pdf,eset-apt-activity-report-q2-2025-q3-2025.pdf,candidate,,unknown,unknown,not-stated,,source--mustang-panda--74a1fe33de49e62b,actor_profile/evidence/mustang-panda.csv,"{""row"": 215}",[],[],[],[],0,false,medium,TLP:CLEAR,csv-row,"summary/2025/eset-apt-activity-report-q2-2025-q3-2025.pdf {""page"": 7} Mustang Panda mbrace illustrates that China-aligned threat actors continue to be mobilized to help serve a wide array of Beijing’s current geopolitical priorities. Between April and September 2025, we observed various campaigns by Mustang Panda, Flax Typhoon, Speccom, and DigitalRecyclers, as well as Silver Fox – a threat actor that has gained prominence for its combination of state-sponsored cyberespionage and financially mot",
1.0.0,actor--mustang-panda,artifact--sha256:a130d07ddf74faff8490a0bb737b30aaa9892544cb269fc7d03530af98aef65e,observation--sha256:e72c805df75ca3339c53ba2652ea89cd2a9d953ca14c53cac53a9aae974d42b0,file-name,eset-apt-activity-report-q2-2025-q3-2025.pdf,eset-apt-activity-report-q2-2025-q3-2025.pdf,candidate,,unknown,unknown,not-stated,,source--mustang-panda--74a1fe33de49e62b,actor_profile/evidence/mustang-panda.csv,"{""row"": 216}",[],[],[],[],0,false,medium,TLP:CLEAR,csv-row,"summary/2025/eset-apt-activity-report-q2-2025-q3-2025.pdf {""page"": 7} Mustang Panda compromising network devices, such as routers, to deploy custom tools against a Japanese and a multinational company’s offices, both in Cambodia. Notable China-aligned activity worldwide Throughout the whole period, Mustang Panda has remained very busy; we observed activity in Southeast Asia, the US, and Europe. The threat actor Flax Typhoon Speccom Silver FoxDigitalRecyclers Summary of China-aligned APT group ac",
1.0.0,actor--mustang-panda,artifact--sha256:3dd56781f1213e5027004ad94dd2286d2ab84349cc23bff2203b5e993d74bcdf,observation--sha256:7b2a3fe72fa45c8a05303ec93e1398c0a0e0ca8e08ad4dc9dbf049270422296a,file-name,eset-apt-activity-report-q4-2023-q1-2024.pdf,eset-apt-activity-report-q4-2023-q1-2024.pdf,candidate,,unknown,unknown,not-stated,,source--mustang-panda--74a1fe33de49e62b,actor_profile/evidence/mustang-panda.csv,"{""row"": 188}",[],[],[],[],0,false,medium,TLP:CLEAR,csv-row,"summary/2024/eset-apt-activity-report-q4-2023-q1-2024.pdf {""page"": 2} Mustang Panda ESET APT ACTIVITY REPORT OCTOBER 2023 - MARCH 2024 | 2 Contents Executive summary 3 Attackers and targets 4 China-aligned groups 5 Mustang Panda targets the cargo shipping industry in Europe 6 Activities against Taiwan 7 Our assessment of the I-SOON leaks 7 Middle East-aligned groups 9 BladedFeline 10 POLONIUM 10 Summary of Iran-aligned APT group activity 11 A",
1.0.0,actor--mustang-panda,artifact--sha256:3dd56781f1213e5027004ad94dd2286d2ab84349cc23bff2203b5e993d74bcdf,observation--sha256:d4570963b50a554d28e4c3ae727d6a552e45913220011e8a74b1e6f1c5da2753,file-name,eset-apt-activity-report-q4-2023-q1-2024.pdf,eset-apt-activity-report-q4-2023-q1-2024.pdf,candidate,,unknown,unknown,not-stated,,source--mustang-panda--74a1fe33de49e62b,actor_profile/evidence/mustang-panda.csv,"{""row"": 189}",[],[],[],[],0,false,medium,TLP:CLEAR,csv-row,"summary/2024/eset-apt-activity-report-q4-2023-q1-2024.pdf {""page"": 3} Mustang Panda he company’s activities under the FishMonger group. In this report, we also introduce a new China-aligned APT group, CeranaKeeper, distinguished by unique traits yet possibly sharing a digital quartermaster with the Mustang Panda group. Following the Hamas-led attack on Israel in October 2023, we detected a significant increase in activity from Iran-aligned threat groups. Specifically, MuddyWater and Agrius trans",
1.0.0,actor--mustang-panda,artifact--sha256:3dd56781f1213e5027004ad94dd2286d2ab84349cc23bff2203b5e993d74bcdf,observation--sha256:da65bf9915bca1ad3c2fbaaf65cd9187356ffbf51166170cd5c409270a4b59f8,file-name,eset-apt-activity-report-q4-2023-q1-2024.pdf,eset-apt-activity-report-q4-2023-q1-2024.pdf,candidate,,unknown,unknown,not-stated,,source--mustang-panda--74a1fe33de49e62b,actor_profile/evidence/mustang-panda.csv,"{""row"": 190}",[],[],[],[],0,false,medium,TLP:CLEAR,csv-row,"summary/2024/eset-apt-activity-report-q4-2023-q1-2024.pdf {""page"": 6} Mustang Panda ESET APT ACTIVITY REPORT OCTOBER 2023 - MARCH 2024 | 6 Executive summary Attackers and targets China Middle East North Korea Russia Other About ESET Mustang Panda This section provides highlights of various cyberespionage campaigns carried out by China- aligned APT groups tracked by ESET researchers. China-aligned threat actors predominantly exploit public -facing applications",
1.0.0,actor--mustang-panda,artifact--sha256:3dd56781f1213e5027004ad94dd2286d2ab84349cc23bff2203b5e993d74bcdf,observation--sha256:f722e831b7e70de9499d9d0b99696d8d4cdf73fcbc2e883e9895edef454e7dc7,file-name,eset-apt-activity-report-q4-2023-q1-2024.pdf,eset-apt-activity-report-q4-2023-q1-2024.pdf,candidate,,unknown,unknown,not-stated,,source--mustang-panda--74a1fe33de49e62b,actor_profile/evidence/mustang-panda.csv,"{""row"": 191}",[],[],[],[],0,false,medium,TLP:CLEAR,csv-row,"summary/2024/eset-apt-activity-report-q4-2023-q1-2024.pdf {""page"": 6} Mustang Panda tigated, these groups mostly used one-day vulnerabilities against a variety of appliances (e.g., VPNs, firewalls) and software (e.g., Confluence, Microsoft Exchange Server) on internet-facing devices. In Europe, the Mustang Panda group targeted the cargo shipping industry, deploying Korplug loaders onto victim's systems. Some of these samples used DLL search-order hijacking against an outdated version of Nero Wav",
1.0.0,actor--mustang-panda,artifact--sha256:3dd56781f1213e5027004ad94dd2286d2ab84349cc23bff2203b5e993d74bcdf,observation--sha256:1e2156487c5f14c6c1599815fcb8531c4bb4c38af27b180e748df1f3f42d658e,file-name,eset-apt-activity-report-q4-2023-q1-2024.pdf,eset-apt-activity-report-q4-2023-q1-2024.pdf,candidate,,unknown,unknown,not-stated,,source--mustang-panda--74a1fe33de49e62b,actor_profile/evidence/mustang-panda.csv,"{""row"": 192}",[],[],[],[],0,false,medium,TLP:CLEAR,csv-row,"summary/2024/eset-apt-activity-report-q4-2023-q1-2024.pdf {""page"": 6} Mustang Panda ps against multiple different targets in Taiwan. Finally, we share our assessment about the I-SOON leaks that occurred this February and discuss the links between the company, FishMonger, and Operation ChattyGoblin. Mustang Panda targets the cargo shipping industry in Europe In the first quarter of 2024, our team identified the presence of Mustang Panda’s Korplug loaders on computer systems belonging to cargo shi",
1.0.0,actor--mustang-panda,artifact--sha256:aec9aaa825877c14b787a9e2dc6089a529185b2bd5f672d8e1a34778b54cc1c4,observation--sha256:cf118596b57a327771d652ccd4b846f8291ef18497c3fdc6b07d5feff7193643,file-name,eset-apt-activity-report-q4-2024-q1-2025.pdf,eset-apt-activity-report-q4-2024-q1-2025.pdf,candidate,,unknown,unknown,not-stated,,source--mustang-panda--74a1fe33de49e62b,actor_profile/evidence/mustang-panda.csv,"{""row"": 217}",[],[],[],[],0,false,medium,TLP:CLEAR,csv-row,"summary/2025/eset-apt-activity-report-q4-2024-q1-2025.pdf {""page"": 3} Mustang Panda urity intelligence data provided to customers of ESET APT reports. During the monitored period, China-aligned threat actors continued engaging in persistent espionage campaigns with a focus on European organizations. Mustang Panda remained the most active, targeting governmental institutions and maritime transportation companies via Korplug loaders and malicious USB drives. DigitalRecyclers continued targeting EU",
1.0.0,actor--mustang-panda,artifact--sha256:aec9aaa825877c14b787a9e2dc6089a529185b2bd5f672d8e1a34778b54cc1c4,observation--sha256:5bef1ceae23afd9671a6e47c1a2b3a9e26e56e98ac25fe327b5c9b4efd2a3e5b,file-name,eset-apt-activity-report-q4-2024-q1-2025.pdf,eset-apt-activity-report-q4-2024-q1-2025.pdf,candidate,,unknown,unknown,not-stated,,source--mustang-panda--74a1fe33de49e62b,actor_profile/evidence/mustang-panda.csv,"{""row"": 218}",[],[],[],[],0,false,medium,TLP:CLEAR,csv-row,"summary/2025/eset-apt-activity-report-q4-2024-q1-2025.pdf {""page"": 7} Mustang Panda | 7 Executive summary Attackers and targets China Iran North Korea Russia Other About ESET UnsolicitedBooker Worok Webworm PerplexedGoblin DigitalRecyclers Mustang Panda ESET researchers observed multiple campaigns targeting European organizations carried out by different China- aligned APT groups, highlighting their consistent and continuous effort against this region. UnsolicitedBoo",
1.0.0,actor--mustang-panda,artifact--sha256:aec9aaa825877c14b787a9e2dc6089a529185b2bd5f672d8e1a34778b54cc1c4,observation--sha256:274905a8ad6e915a46033e244a0ad7a1af55cdc02348a53b5f21a653a07390dc,file-name,eset-apt-activity-report-q4-2024-q1-2025.pdf,eset-apt-activity-report-q4-2024-q1-2025.pdf,candidate,,unknown,unknown,not-stated,,source--mustang-panda--74a1fe33de49e62b,actor_profile/evidence/mustang-panda.csv,"{""row"": 219}",[],[],[],[],0,false,medium,TLP:CLEAR,csv-row,"summary/2025/eset-apt-activity-report-q4-2024-q1-2025.pdf {""page"": 8} Mustang Panda ransomware for their own profit. As ShadowPad is known to be sold only to China-aligned threat actors, we attribute this activity with high confidence to an as yet unidentified China-aligned group. Last but not least, Mustang Panda continues to heavily target European organizations and is the most active China-aligned group we’ve seen operating in Europe. The group remains focused on the maritime transportation s",
1.0.0,actor--mustang-panda,artifact--sha256:aec9aaa825877c14b787a9e2dc6089a529185b2bd5f672d8e1a34778b54cc1c4,observation--sha256:507a334bfb1ffdf4c3fd0ddd0a15b3521c7b85b3063419e18dc88cc1718826af,file-name,eset-apt-activity-report-q4-2024-q1-2025.pdf,eset-apt-activity-report-q4-2024-q1-2025.pdf,candidate,,unknown,unknown,not-stated,,source--mustang-panda--74a1fe33de49e62b,actor_profile/evidence/mustang-panda.csv,"{""row"": 220}",[],[],[],[],0,false,medium,TLP:CLEAR,csv-row,"summary/2025/eset-apt-activity-report-q4-2024-q1-2025.pdf {""page"": 8} Mustang Panda tinues to heavily target European organizations and is the most active China-aligned group we’ve seen operating in Europe. The group remains focused on the maritime transportation sector and government organizations. Mustang Panda continues to use malicious USB drives and to experiment with Korplug loaders based on various file formats and programming languages. We observed Delphi-, Go-, and Nim-based Korplug loa",
1.0.0,actor--mustang-panda,artifact--sha256:90763219ef54a0b511c4f01b8b7db455badd318269509e5f3a3904109c0c7fb7,observation--sha256:88b773792540710567a34a54e58d76c0bd0f37c7360f3d1a8519d336f03772b6,file-name,eset_apt_activity_report_q42022_q12023.pdf,eset_apt_activity_report_q42022_q12023.pdf,candidate,,unknown,unknown,not-stated,,source--mustang-panda--74a1fe33de49e62b,actor_profile/evidence/mustang-panda.csv,"{""row"": 158}",[],[],[],[],0,false,medium,TLP:CLEAR,csv-row,"summary/2023/eset_apt_activity_report_q42022_q12023.pdf {""page"": 2} Mustang Panda CONTENTS 3 EXECUTIVE SUMMARY 4 CHINA-ALIGNED ACTIVITY Mustang Panda Ke3chang MirrorFace Operation ChattyGoblin 6 INDIA-ALIGNED ACTIVITY Donot Team NewsPenguin Other notable activities 8 IRAN-ALIGNED ACTIVITY MuddyWater OilRig POLONIUM 9 NORTH KOREA-ALIGNED ACTIVITY ScarCruft Andariel Ki",
1.0.0,actor--mustang-panda,artifact--sha256:90763219ef54a0b511c4f01b8b7db455badd318269509e5f3a3904109c0c7fb7,observation--sha256:2df24bc245bd48cdc3e4e9937336c15aabef1fed3618b363f55be48b000bf8e2,file-name,eset_apt_activity_report_q42022_q12023.pdf,eset_apt_activity_report_q42022_q12023.pdf,candidate,,unknown,unknown,not-stated,,source--mustang-panda--74a1fe33de49e62b,actor_profile/evidence/mustang-panda.csv,"{""row"": 159}",[],[],[],[],0,false,medium,TLP:CLEAR,csv-row,"summary/2023/eset_apt_activity_report_q42022_q12023.pdf {""page"": 3} Mustang Panda edition will cover Q2 and Q3 2023. In the monitored timeframe, several China-aligned threat actors focused on European organizations, employing tactics such as the deployment of a new Ketrican variant by Ke3chang, and Mustang Panda’s utilization of two new backdoors. MirrorFace targeted Japan and implemented new malware delivery approaches, while Operation ChattyGoblin compromised a gambling company in the Philippi",
1.0.0,actor--mustang-panda,artifact--sha256:90763219ef54a0b511c4f01b8b7db455badd318269509e5f3a3904109c0c7fb7,observation--sha256:93ef179af6ce09768810b77fdec3e453fe1df323b3b8cd4dc037c93007f848dc,file-name,eset_apt_activity_report_q42022_q12023.pdf,eset_apt_activity_report_q42022_q12023.pdf,candidate,,unknown,unknown,not-stated,,source--mustang-panda--74a1fe33de49e62b,actor_profile/evidence/mustang-panda.csv,"{""row"": 160}",[],[],[],[],0,false,medium,TLP:CLEAR,csv-row,"summary/2023/eset_apt_activity_report_q42022_q12023.pdf {""page"": 4} Mustang Panda CN-ALIGNED ACTIVITY Summary of China-aligned APT group activity seen by ESET Research in Q4 2022–Q1 2023. In the last half year, Mustang Panda has continued to target European organizations with new implants, while Ke3chang targeted a high-profile governmental organization in the European Union with a new Ketrican variant and loader. MirrorFace has continued",
1.0.0,actor--mustang-panda,artifact--sha256:90763219ef54a0b511c4f01b8b7db455badd318269509e5f3a3904109c0c7fb7,observation--sha256:b608a7fb31e16a56702090b07c0a369ee244698baad040ba1b957314243b4fdc,file-name,eset_apt_activity_report_q42022_q12023.pdf,eset_apt_activity_report_q42022_q12023.pdf,candidate,,unknown,unknown,not-stated,,source--mustang-panda--74a1fe33de49e62b,actor_profile/evidence/mustang-panda.csv,"{""row"": 161}",[],[],[],[],0,false,medium,TLP:CLEAR,csv-row,"summary/2023/eset_apt_activity_report_q42022_q12023.pdf {""page"": 4} Mustang Panda e has continued to target Japan with up- dated loading schemes. We also discovered a new compromise at a gambling company in the Philippines carried out by one of the clusters of activity behind Operation ChattyGoblin. Mustang Panda We recently published a blogpost [2] documenting a Mustang Panda campaign targeting Bulgaria, Australia and Taiwan, which uses a new backdoor we have named MQsTTang. While monitoring th",
1.0.0,actor--mustang-panda,artifact--sha256:90763219ef54a0b511c4f01b8b7db455badd318269509e5f3a3904109c0c7fb7,observation--sha256:a35256ae287a378089569a1337f2880f8da378dfc8b6c4498289bc4004c89490,file-name,eset_apt_activity_report_q42022_q12023.pdf,eset_apt_activity_report_q42022_q12023.pdf,candidate,,unknown,unknown,not-stated,,source--mustang-panda--74a1fe33de49e62b,actor_profile/evidence/mustang-panda.csv,"{""row"": 162}",[],[],[],[],0,false,medium,TLP:CLEAR,csv-row,"summary/2023/eset_apt_activity_report_q42022_q12023.pdf {""page"": 4} Mustang Panda e also discovered a new compromise at a gambling company in the Philippines carried out by one of the clusters of activity behind Operation ChattyGoblin. Mustang Panda We recently published a blogpost [2] documenting a Mustang Panda campaign targeting Bulgaria, Australia and Taiwan, which uses a new backdoor we have named MQsTTang. While monitoring the network infrastructure used in this campaign, we came across an",
1.0.0,actor--mustang-panda,artifact--sha256:a18a5ad2d65b40c22d5d86b0b646230ad959ec464d0cc3f62b56cb25394ffbc4,observation--sha256:13c5362b681627f69cd423f471354ea6521ecb5170c7f1a13842982ce7e1e5c1,file-name,eset_apt_activity_report_t32022.pdf,eset_apt_activity_report_t32022.pdf,candidate,,unknown,unknown,not-stated,,source--mustang-panda--74a1fe33de49e62b,actor_profile/evidence/mustang-panda.csv,"{""row"": 163}",[],[],[],[],0,false,medium,TLP:CLEAR,csv-row,"summary/2023/eset_apt_activity_report_t32022.pdf {""page"": 2} Mustang Panda CONTENTS 3 EXECUTIVE SUMMARY 4 CHINA-ALIGNED ACTIVITY Mustang Panda Goblin Panda MirrorFace LuckyMouse 6 IRAN-ALIGNED ACTIVITY APT35 MuddyWater POLONIUM WildPressure 8 NORTH KOREA-ALIGNED ACTIVITY Konni Lazarus Andariel 10 RUSSIA-ALIGNED ACTIVITY Callisto Gamaredon The Dukes Sandworm —",
1.0.0,actor--mustang-panda,artifact--sha256:a18a5ad2d65b40c22d5d86b0b646230ad959ec464d0cc3f62b56cb25394ffbc4,observation--sha256:90245099517e471dcff8e49ec16b95a09785267fd683908c7210c62ccbb43cdb,file-name,eset_apt_activity_report_t32022.pdf,eset_apt_activity_report_t32022.pdf,candidate,,unknown,unknown,not-stated,,source--mustang-panda--74a1fe33de49e62b,actor_profile/evidence/mustang-panda.csv,"{""row"": 164}",[],[],[],[],0,false,medium,TLP:CLEAR,csv-row,"summary/2023/eset_apt_activity_report_t32022.pdf {""page"": 3} Mustang Panda . ESET researchers also detected a MirrorFace spearphishing campaign targeting political entities in Japan and noticed a gradual change in the targeting of some China-aligned groups – Goblin Panda started to duplicate Mustang Panda’s interest in European countries. Iran-aligned groups continued to operate at a high volume – besides Israeli companies, POLONIUM also started targeting foreign subsidiaries of Israeli companie",
1.0.0,actor--mustang-panda,artifact--sha256:a18a5ad2d65b40c22d5d86b0b646230ad959ec464d0cc3f62b56cb25394ffbc4,observation--sha256:d27887d32f2f2c0dc93f5f40e2749b059142c926c9f5f82e71407575057ab469,file-name,eset_apt_activity_report_t32022.pdf,eset_apt_activity_report_t32022.pdf,candidate,,unknown,unknown,not-stated,,source--mustang-panda--74a1fe33de49e62b,actor_profile/evidence/mustang-panda.csv,"{""row"": 165}",[],[],[],[],0,false,medium,TLP:CLEAR,csv-row,"summary/2023/eset_apt_activity_report_t32022.pdf {""page"": 4} Mustang Panda CN-ALIGNED ACTIVITY Summary of China-aligned APT group activity seen by ESET Research in T3 2022 China-aligned APT groups remained very active in T3 2022. Mustang Panda has continued to target European organizations, while Goblin Panda has been discovered targeting a government organization in the European Union. ESET researchers also uncovered a spearphishing campaign by MirrorFace",
1.0.0,actor--mustang-panda,artifact--sha256:a18a5ad2d65b40c22d5d86b0b646230ad959ec464d0cc3f62b56cb25394ffbc4,observation--sha256:17d02b1eee190dc405e09434c1fa66fa8651d30b9c13ec4cf1f39962bb665a4c,file-name,eset_apt_activity_report_t32022.pdf,eset_apt_activity_report_t32022.pdf,candidate,,unknown,unknown,not-stated,,source--mustang-panda--74a1fe33de49e62b,actor_profile/evidence/mustang-panda.csv,"{""row"": 166}",[],[],[],[],0,false,medium,TLP:CLEAR,csv-row,"summary/2023/eset_apt_activity_report_t32022.pdf {""page"": 4} Mustang Panda Japan. It seems likely that LuckyMouse compromised a gambling company in Hong Kong, by using a malicious update to legitimate software. We also found LuckyMouse samples signed with a valid code-signing certificate. Mustang Panda Mustang Panda continues to target European organizations. Last September, we detected a Korplug loader used by Mustang Panda at an organization in the energy and engineering sector in Switzerland.",
1.0.0,actor--mustang-panda,artifact--sha256:a18a5ad2d65b40c22d5d86b0b646230ad959ec464d0cc3f62b56cb25394ffbc4,observation--sha256:aff00ad030871ffc2706d0d3e3dce2af260743e333838c692c7ef9c5afec1430,file-name,eset_apt_activity_report_t32022.pdf,eset_apt_activity_report_t32022.pdf,candidate,,unknown,unknown,not-stated,,source--mustang-panda--74a1fe33de49e62b,actor_profile/evidence/mustang-panda.csv,"{""row"": 167}",[],[],[],[],0,false,medium,TLP:CLEAR,csv-row,"summary/2023/eset_apt_activity_report_t32022.pdf {""page"": 4} Mustang Panda ems likely that LuckyMouse compromised a gambling company in Hong Kong, by using a malicious update to legitimate software. We also found LuckyMouse samples signed with a valid code-signing certificate. Mustang Panda Mustang Panda continues to target European organizations. Last September, we detected a Korplug loader used by Mustang Panda at an organization in the energy and engineering sector in Switzerland. Even though",
1.0.0,actor--mustang-panda,artifact--sha256:ab2ad176f345df6a51c16889baba5028260f648b61cec5878097f33b82ce062e,observation--sha256:cbfa52c101b5f71640e9ad09a4976a42fbf88901949cc8e8048b4bee96739aaf,file-name,google_fog_of_war_research_report.pdf,google_fog_of_war_research_report.pdf,candidate,,unknown,unknown,not-stated,,source--mustang-panda--74a1fe33de49e62b,actor_profile/evidence/mustang-panda.csv,"{""row"": 18}",[],[],[],[],0,false,medium,TLP:CLEAR,csv-row,"International Strategic/Russia/google_fog_of_war_research_report.pdf {""page"": 15} Mustang Panda y 2022 TAG identified additional compromises impacting multiple Russian defense contractors and manufacturers and a Russian logistics company. This targeting continued through December 2022. bAsiN (aliases: Temp.Hex, Mustang Panda) expanded their operational focus on APAC to include targeting Ukrainian and NATO governments. Through 2021 and early 2022, BAs IN targeted European entities with lures rela",
1.0.0,actor--mustang-panda,artifact--sha256:ab2ad176f345df6a51c16889baba5028260f648b61cec5878097f33b82ce062e,observation--sha256:7d977afb000a0663308de562fee39bfe27dbb069a89f090789ff7cce3be182df,file-name,google_fog_of_war_research_report.pdf,google_fog_of_war_research_report.pdf,candidate,,unknown,unknown,not-stated,,source--mustang-panda--74a1fe33de49e62b,actor_profile/evidence/mustang-panda.csv,"{""row"": 19}",[],[],[],[],0,false,medium,TLP:CLEAR,csv-row,"International Strategic/Russia/google_fog_of_war_research_report.pdf {""page"": 15} Temp.Hex sia. In May 2022 TAG identified additional compromises impacting multiple Russian defense contractors and manufacturers and a Russian logistics company. This targeting continued through December 2022. bAsiN (aliases: Temp.Hex, Mustang Panda) expanded their operational focus on APAC to include targeting Ukrainian and NATO governments. Through 2021 and early 2022, BAs IN targeted European entities with lures",
1.0.0,actor--mustang-panda,artifact--sha256:b3506e16166a86ca44c9e40a03ebadcbf3573d599e504b21bad9fc9e3e1a4e47,observation--sha256:d79c40557aed8e733b41688bc66d053fa5d305074d0bb3525c9f991efc22bb00,file-name,group-ib-hi-tech-crime-trends-2022-2023-ru.pdf,group-ib-hi-tech-crime-trends-2022-2023-ru.pdf,candidate,,unknown,unknown,not-stated,,source--mustang-panda--74a1fe33de49e62b,actor_profile/evidence/mustang-panda.csv,"{""row"": 168}",[],[],[],[],0,false,medium,TLP:CLEAR,csv-row,"summary/2023/group-ib-hi-tech-crime-trends-2022-2023-ru.pdf {""page"": 18} Mustang Panda официальные, с призывом обновить антивирус Bitdefender. Кроме того, группа использовала фиктивный вирус- шифровальщик WhisperGate, однако на самом деле не предостав - ляла жертвам возможности восстановления данных. • Mustang Panda использует текущий конфликт в Украине для прове - дения атак. Г руппа заражает инфраструктуру жертв новым вари- антом трояна PlugX. • Ghostwriter проводит фишинговую кампанию, направ",
1.0.0,actor--mustang-panda,artifact--sha256:b3506e16166a86ca44c9e40a03ebadcbf3573d599e504b21bad9fc9e3e1a4e47,observation--sha256:4a9098271eef84b3368192c6602edf914da1126fc5c1702ee0de35c7b369e20e,file-name,group-ib-hi-tech-crime-trends-2022-2023-ru.pdf,group-ib-hi-tech-crime-trends-2022-2023-ru.pdf,candidate,,unknown,unknown,not-stated,,source--mustang-panda--74a1fe33de49e62b,actor_profile/evidence/mustang-panda.csv,"{""row"": 169}",[],[],[],[],0,false,medium,TLP:CLEAR,csv-row,"summary/2023/group-ib-hi-tech-crime-trends-2022-2023-ru.pdf {""page"": 92} Mustang Panda • Turla • APT41 • APT37 • LuoYu • APT10 • Lazarus • Praying Mantis • Cloud Atlas Европа • ChamelGang • MalKamak • DEV-0343 • APT35 • APT31 • Lazarus • MuddyWater • DarkHalo • Ghostwriter • Earth Lusca • Mustang Panda • APT27 • Moses Staff • TEMP_Heretic • White Tur • APT41 • Turla • LazyScripter • LuoYu • ToddyCat • APT10 • TA410 АТР • ChamelGang • Harvester • Kimsuky • SideCopy • Lazarus • APT37 • BlackTech •",
1.0.0,actor--mustang-panda,artifact--sha256:b3506e16166a86ca44c9e40a03ebadcbf3573d599e504b21bad9fc9e3e1a4e47,observation--sha256:3020f5c00c66b18905509bb7703bd8d3f4c4c9358e73194a26847f2bd5ac33cc,file-name,group-ib-hi-tech-crime-trends-2022-2023-ru.pdf,group-ib-hi-tech-crime-trends-2022-2023-ru.pdf,candidate,,unknown,unknown,not-stated,,source--mustang-panda--74a1fe33de49e62b,actor_profile/evidence/mustang-panda.csv,"{""row"": 170}",[],[],[],[],0,false,medium,TLP:CLEAR,csv-row,"summary/2023/group-ib-hi-tech-crime-trends-2022-2023-ru.pdf {""page"": 92} Mustang Panda A410 АТР • ChamelGang • Harvester • Kimsuky • SideCopy • Lazarus • APT37 • BlackTech • GreenSpot • SideWinder • MuddyWater • APT41 • BITTER • Earth Lusca • Tropic Trooper • Patchwork • Donot • Scarab • Mustang Panda • APT35 • BlackEnergy • APT10 • APT-C-40 • Transparent Tribe • Exforel • VajraEleph • Sharp Panda • Red Menshen • Aoqin Dragon • APT40 • TA428 • Naikon • Earth Berberoka • Aggah • DarkOxide • APT-C",
1.0.0,actor--mustang-panda,artifact--sha256:b3506e16166a86ca44c9e40a03ebadcbf3573d599e504b21bad9fc9e3e1a4e47,observation--sha256:7effcc9127bbadfe8ab4b9ac7da004dfe9139d3f5af75b4d4df5ea6ae5d829ca,file-name,group-ib-hi-tech-crime-trends-2022-2023-ru.pdf,group-ib-hi-tech-crime-trends-2022-2023-ru.pdf,candidate,,unknown,unknown,not-stated,,source--mustang-panda--74a1fe33de49e62b,actor_profile/evidence/mustang-panda.csv,"{""row"": 171}",[],[],[],[],0,false,medium,TLP:CLEAR,csv-row,"summary/2023/group-ib-hi-tech-crime-trends-2022-2023-ru.pdf {""page"": 92} Mustang Panda Cloud • LuoYu • ToddyCat • TA413 • TA410 • DarkHotel Ближний Восток и Африка • MalKamak • DEV-0343 • HEXANE • DEV-0056 • AridViper • Lazarus • WIRTE • MuddyWater • Earth Lusca • Gaza Cybergang • DarkHalo • Mustang Panda • Moses Staff • Exforel • POLONIUM • APT35 • Transparent Tribe • Oilrig • BAHAMUT • APT27 • WildPressure • SideCopy • StrongPity • APT10 • TA410",
1.0.0,actor--mustang-panda,artifact--sha256:b3506e16166a86ca44c9e40a03ebadcbf3573d599e504b21bad9fc9e3e1a4e47,observation--sha256:8c14d48fb28930ba06d508f9e7fc4d0d47a1d2af9a820fd9e962f8fd5513df18,file-name,group-ib-hi-tech-crime-trends-2022-2023-ru.pdf,group-ib-hi-tech-crime-trends-2022-2023-ru.pdf,candidate,,unknown,unknown,not-stated,,source--mustang-panda--74a1fe33de49e62b,actor_profile/evidence/mustang-panda.csv,"{""row"": 172}",[],[],[],[],0,false,medium,TLP:CLEAR,csv-row,"summary/2023/group-ib-hi-tech-crime-trends-2022-2023-ru.pdf {""page"": 93} Mustang Panda ПРОГОСУДАРСТВЕННЫЕ ХАКЕРЫ 2021-2022 93 GROUP-IB.RUОГЛАВЛЕНИЕ ↑ Украина и СНГ • ChamelGang • MalKamak • Kimsuky • Gamaredon • MuddyWater • Scarab • Lorec53 • Mustang Panda • Turla • Ghostwriter • InvisiMole • BlackEnergy • Twisted Panda • APT28 • Tonto Team • Callisto • APT10 • TridentCrow • Moshen Dragon • APT31 • APT37 • LuoYu • ToddyCat • Space Pirates • Lazarus Страна",
1.0.0,actor--mustang-panda,artifact--sha256:bdd1e2876da4ed33bf93a157c3ec735ef6a415a5888dd387c720b5ade0e91b85,observation--sha256:89589d45df5d079ffb0cfa56986b9452c338ccd205693600d7a1e4234e49c1ae,file-name,handbook-2022.pdf,handbook-2022.pdf,candidate,2020-02-16T00:00:00Z,day,known,same-record,,source--mustang-panda--74a1fe33de49e62b,actor_profile/evidence/mustang-panda.csv,"{""row"": 138}",[],[],[],[],0,false,medium,TLP:CLEAR,csv-row,"summary/2022/APT group Intelligence Research handbook-2022.pdf {""page"": 133} RedDelta 125 2021 年 APT 组织情报图鉴 6.1.54 RedDelta 组织名 RedDelta 中文名 无 组织地理 未知 别名 无 历史目标 中国 目标行业 未知 发现时间 2020-02-16 最近活跃 2020-02-16 动机 经济利益 描述 RedDelta 是一个针对与中国战略利益相关实体的 APT 组织。 知识关联 报告数量 威胁指示器数量 网络基础设施数量 恶意样本数量 利用漏洞数量 1 8 1 7 0 最近发布报告 2020-11-23 RedDeltaRedDelta 使用 Gola",
1.0.0,actor--mustang-panda,artifact--sha256:bdd1e2876da4ed33bf93a157c3ec735ef6a415a5888dd387c720b5ade0e91b85,observation--sha256:1b503b459647482a90b3f8dd9069fdb28b0d3276f66591276923b95d5db49c09,file-name,handbook-2022.pdf,handbook-2022.pdf,candidate,2020-09-30T00:00:00Z,day,known,same-record,,source--mustang-panda--74a1fe33de49e62b,actor_profile/evidence/mustang-panda.csv,"{""row"": 139}",[],[],[],[],0,false,medium,TLP:CLEAR,csv-row,"summary/2022/APT group Intelligence Research handbook-2022.pdf {""page"": 81} LuminousMoth 73 2021 年 APT 组织情报图鉴 6.1.2 LuminousMoth 组织名 LuminousMoth 中文名 无 组织地理 未知 别名 无 历史目标 菲律宾、缅甸 目标行业 政府 发现时间 2020-09-30 最近活跃 2021-07-15 动机 潜伏控守 描述 LuminousMoth 是一个针对自菲律宾和缅甸的 APT 组织，APT 组织在利用带有 Dropbox 下载链接的钓 鱼邮件分发恶意软件之后，恶意软件试图通过感染可移动 USB 驱动器来传播。再利用 DLL 修改注册表 实现持久化，在系",
1.0.0,actor--mustang-panda,artifact--sha256:bdd1e2876da4ed33bf93a157c3ec735ef6a415a5888dd387c720b5ade0e91b85,observation--sha256:cad4683d9ffe049ef015879bb25cd487385643c4f3a7172f3bd2ddc9327f2533,file-name,handbook-2022.pdf,handbook-2022.pdf,candidate,2020-09-30T00:00:00Z,day,known,same-record,,source--mustang-panda--74a1fe33de49e62b,actor_profile/evidence/mustang-panda.csv,"{""row"": 140}",[],[],[],[],0,false,medium,TLP:CLEAR,csv-row,"summary/2022/APT group Intelligence Research handbook-2022.pdf {""page"": 81} LuminousMoth 73 2021 年 APT 组织情报图鉴 6.1.2 LuminousMoth 组织名 LuminousMoth 中文名 无 组织地理 未知 别名 无 历史目标 菲律宾、缅甸 目标行业 政府 发现时间 2020-09-30 最近活跃 2021-07-15 动机 潜伏控守 描述 LuminousMoth 是一个针对自菲律宾和缅甸的 APT 组织，APT 组织在利用带有 Dropbox 下载链接的钓 鱼邮件分发恶意软件之后，恶意软件试图通过感染可移动 USB 驱动器来传播。再利用 DLL 修改注册表 实现持久化，在系统自启时运行恶意软件，枚举存储在驱",
1.0.0,actor--mustang-panda,artifact--sha256:bdd1e2876da4ed33bf93a157c3ec735ef6a415a5888dd387c720b5ade0e91b85,observation--sha256:3929b2dfe4e8f0526f68abd5690e38bcd76e913005870319eaad1d33a09b3f3a,file-name,handbook-2022.pdf,handbook-2022.pdf,candidate,2020-09-30T00:00:00Z,day,known,same-record,,source--mustang-panda--74a1fe33de49e62b,actor_profile/evidence/mustang-panda.csv,"{""row"": 141}",[],[],[],[],0,false,medium,TLP:CLEAR,csv-row,"summary/2022/APT group Intelligence Research handbook-2022.pdf {""page"": 81} LuminousMoth 73 2021 年 APT 组织情报图鉴 6.1.2 LuminousMoth 组织名 LuminousMoth 中文名 无 组织地理 未知 别名 无 历史目标 菲律宾、缅甸 目标行业 政府 发现时间 2020-09-30 最近活跃 2021-07-15 动机 潜伏控守 描述 LuminousMoth 是一个针对自菲律宾和缅甸的 APT 组织，APT 组织在利用带有 Dropbox 下载链接的钓 鱼邮件分发恶意软件之后，恶意软件试图通过感染可移动 USB 驱动器来传播。再利用 DLL 修改注册表 实现持久化，在系统自启时运行恶意软件，枚举存储在驱动器上的文件，将其保存在名为 udisk.log 的 文件中，传到 C2 服务器。而受害者则无法查看驱动器文件。 知识关联 报告数量 威胁指示器数量 网络基础设施数量 恶意样本数量 利用漏洞",
1.0.0,actor--mustang-panda,artifact--sha256:bdd1e2876da4ed33bf93a157c3ec735ef6a415a5888dd387c720b5ade0e91b85,observation--sha256:6c50620796eca2449b113133ea2842f7d8a2ca15fcc4e7ebad643a1f2cdb4b32,file-name,handbook-2022.pdf,handbook-2022.pdf,candidate,2021-07-14T00:00:00Z,day,known,same-record,,source--mustang-panda--74a1fe33de49e62b,actor_profile/evidence/mustang-panda.csv,"{""row"": 142}",[],[],[],[],0,false,medium,TLP:CLEAR,csv-row,"summary/2022/APT group Intelligence Research handbook-2022.pdf {""page"": 81} LuminousMoth opbox 下载链接的钓 鱼邮件分发恶意软件之后，恶意软件试图通过感染可移动 USB 驱动器来传播。再利用 DLL 修改注册表 实现持久化，在系统自启时运行恶意软件，枚举存储在驱动器上的文件，将其保存在名为 udisk.log 的 文件中，传到 C2 服务器。而受害者则无法查看驱动器文件。 知识关联 报告数量 威胁指示器数量 网络基础设施数量 恶意样本数量 利用漏洞数量 4 149 32 117 0 最近发布报告 2021-07-14 LuminousMoth APT: Sweeping attacks for the chosen few alienvault APT 组织画像",
1.0.0,actor--mustang-panda,artifact--sha256:67f71474dab14bbf096467f8ff176b283562211ef96801824efc7a9a11fcb648,observation--sha256:2348db333731e455d468de5a910019225e79e12e48acb3d493d7aa4686ded1d5,file-name,kaspersky-ics-cert-apt-attacks-on-industrial-organizations-in-h2-2022-en.pdf,kaspersky-ics-cert-apt-attacks-on-industrial-organizations-in-h2-2022-en.pdf,candidate,,unknown,unknown,not-stated,,source--mustang-panda--74a1fe33de49e62b,actor_profile/evidence/mustang-panda.csv,"{""row"": 173}",[],[],[],[],0,false,medium,TLP:CLEAR,csv-row,"summary/2023/kaspersky-ics-cert-apt-attacks-on-industrial-organizations-in-h2-2022-en.pdf {""page"": 9} Mustang Panda sarRAT, publicly available tools, etc. The researchers couldn't make a solid attribution but found limited evidence to suggest links to past attacks by a number of known groups, including Blackfly/Grayfly (APT41) and Mustang Panda. Budworm attacks Researchers at Symantec have published a report detailing a cyber espionage campaign that has targeted the government of a Middle Easter",
1.0.0,actor--mustang-panda,artifact--sha256:bec4657bf291ab610c35ea2c396d9467237b8dcaec25c239ea3a31290a696312,observation--sha256:ad5b8b7d5f9213c59a76d4ac9e79b9f5664e1ba56eed5dcc527fe92f4697f73b,file-name,(.msc,msc,candidate,,unknown,unknown,not-stated,,source--mustang-panda--74a1fe33de49e62b,actor_profile/evidence/mustang-panda.csv,"{""row"": 230}",[],[],[],[],0,false,medium,TLP:CLEAR,csv-row,"summary/2026/Cloudflare-2026-threat-report.pdf {""page"": 20} ClumsyToad 20 Cloudflare | 2026 Cloudflare Threat Report Strategic profile and context In 2025, ClumsyToad moved away from standard .lnk files in favor of Windows Management Console (.msc) files. This tactic exploits the inherent trust in system-signed management files to bypass EDR LotL detections. • SnakeDisk / Thailand",
1.0.0,actor--mustang-panda,artifact--sha256:a68b79e4cc77720d8501c3189eca9cfdfa66b5b1df2285f2abcd6284d6616c33,observation--sha256:4b68fcc97d408c6d1ccdd71eb8fbbf8cfd7cb49f5defc9ac5d650e7c624e26bb,file-name,positive-research-2023-eng.pdf,positive-research-2023-eng.pdf,candidate,,unknown,unknown,not-stated,,source--mustang-panda--74a1fe33de49e62b,actor_profile/evidence/mustang-panda.csv,"{""row"": 174}",[],[],[],[],0,false,medium,TLP:CLEAR,csv-row,"summary/2023/positive-research-2023-eng.pdf {""page"": 12} Mustang Panda incidents in 2022, which is 25% more than in 2021 ❶ . The public sector has been targeted by many cybercriminals— both ransomware operators and APT groups—including Cloud Atlas, Tonto Team, Gamaredon, MuddyWater, and Mustang Panda. Almost one in two attacks on government agencies used malware. The most popular types of malware were ransomware (56%) and remote control software (29%). Social engineering remained the main attack",
1.0.0,actor--mustang-panda,artifact--sha256:cbc662ad23140619152a287d007ef96936200dbfbd74ae5fb760eae0310613ad,observation--sha256:d601e1b81de48a4bd373bb3152ff83e1c8749f45b42ca732880f290c5f443b9a,file-name,state-of-the-threat-report-2024.pdf,state-of-the-threat-report-2024.pdf,candidate,,unknown,unknown,not-stated,,source--mustang-panda--74a1fe33de49e62b,actor_profile/evidence/mustang-panda.csv,"{""row"": 193}",[],[],[],[],0,false,medium,TLP:CLEAR,csv-row,"summary/2024/state-of-the-threat-report-2024.pdf {""page"": 40} BRONZE PRESIDENT es, using native or legitimate tools rather than malware reduces the chances of detection. Chinese Threat Group BRONZE PRESIDENT Uses Native Tools for Discovery In May 2024, CTU researchers observed a member of the BRONZE PRESIDENT 60 threat group interacting with a host compromised by TONESHELL malware. The command history shows the threat actor using native tools to survey the host for typical data such as user, pri",
1.0.0,actor--mustang-panda,artifact--sha256:cbc662ad23140619152a287d007ef96936200dbfbd74ae5fb760eae0310613ad,observation--sha256:65f919ee42906ad47efb4daa855d38ec6dd2f45340bb506f5dfe497d1b8c2d0c,file-name,state-of-the-threat-report-2024.pdf,state-of-the-threat-report-2024.pdf,candidate,,unknown,unknown,not-stated,,source--mustang-panda--74a1fe33de49e62b,actor_profile/evidence/mustang-panda.csv,"{""row"": 194}",[],[],[],[],0,false,medium,TLP:CLEAR,csv-row,"summary/2024/state-of-the-threat-report-2024.pdf {""page"": 40} BRONZE PRESIDENT stands for Address Resolution Protocol Executive and is a Windows native command-line tool that displays and modifies the IP-to-Physical address translation tables used by ARP. Figure 18. Native commands executed by BRONZE PRESIDENT threat actor. (Source: Secureworks) Letter From Our VP Executive Summary and Key Findings Chapter 1: Despite Law Enforcement Gains, Cybercrime Continues to Flourish Chapter 2: Notable Tren",
1.0.0,actor--mustang-panda,artifact--sha256:cbc662ad23140619152a287d007ef96936200dbfbd74ae5fb760eae0310613ad,observation--sha256:87ac69d27d46726f6b91f305467279fac28b484b179c5d36336eb22822db1ef5,file-name,state-of-the-threat-report-2024.pdf,state-of-the-threat-report-2024.pdf,candidate,,unknown,unknown,not-stated,,source--mustang-panda--74a1fe33de49e62b,actor_profile/evidence/mustang-panda.csv,"{""row"": 195}",[],[],[],[],0,false,medium,TLP:CLEAR,csv-row,"summary/2024/state-of-the-threat-report-2024.pdf {""page"": 59} BRONZE PRESIDENT State of the Threat: A Year in Review | 8th Edition Espionage for Political Gain In the past three years particularly, Chinese threat group activity has followed wherever there are notable geo-political developments. BRONZE PRESIDENT appears to be one of the main groups tasked with collecting intelligence around topical political events and was observed taking much interest in European governments as soon as war broke",
1.0.0,actor--mustang-panda,artifact--sha256:cbc662ad23140619152a287d007ef96936200dbfbd74ae5fb760eae0310613ad,observation--sha256:0c1b3ca8c7370d8589edb209b599790b1ef716d706a5d84303d80c6b2090309e,file-name,state-of-the-threat-report-2024.pdf,state-of-the-threat-report-2024.pdf,candidate,,unknown,unknown,not-stated,,source--mustang-panda--74a1fe33de49e62b,actor_profile/evidence/mustang-panda.csv,"{""row"": 196}",[],[],[],[],0,false,medium,TLP:CLEAR,csv-row,"summary/2024/state-of-the-threat-report-2024.pdf {""page"": 65} BRONZE PRESIDENT o attribute cyber intrusions with China- based threat actors. Adding to the complexity of the attribution game is the continued use by Chinese threat groups of obfuscation networks. In last year’s report we called out BRONZE PRESIDENT's intent to build C2 networks out of compromised routers. This trend continues. China-nexus actors are continuing to use proxy networks composed variously of VPS nodes and compromised ap",
1.0.0,actor--mustang-panda,artifact--sha256:c8b245ab8bb9fc80d86b0a6b9939b8d37e2b20f9d1cd7fdd1d811bbab9cd19bc,observation--sha256:7b1b35677f0fd56652a3b7f8cd70d41b25d94c03d636b1d1a98307cd1d7fe01c,file-name,v4.pdf,v4.pdf,candidate,,unknown,unknown,not-stated,,source--mustang-panda--74a1fe33de49e62b,actor_profile/evidence/mustang-panda.csv,"{""row"": 233}",[],[],[],[],0,false,medium,TLP:CLEAR,csv-row,"summary/2026/Threat Report 2026 v4.pdf {""page"": 16} Mustang Panda r phishing (T1566) Encrypted webshells (T1505.003) MirrorFace (Earth Kasha) Espionage targeting Japanese media, political organizations, research institutions Spear phishing (T1566) Malware deployment (T1204.002) Mustang Panda Espionage including against Southeast Asian law enforcement agency. Spear phishing (T1566) Remote Access Tool (T1219) Registry persistence (T1547) LOTL techniques (T1059.001) Regional Trends and Statistics 8",
1.0.0,actor--mustang-panda,artifact--sha256:c8b245ab8bb9fc80d86b0a6b9939b8d37e2b20f9d1cd7fdd1d811bbab9cd19bc,observation--sha256:b16120f8faa0e832aeadac44929a2181cd52fc843c75d111755ceee32cac8b5e,file-name,v4.pdf,v4.pdf,candidate,,unknown,unknown,not-stated,,source--mustang-panda--74a1fe33de49e62b,actor_profile/evidence/mustang-panda.csv,"{""row"": 234}",[],[],[],[],0,false,medium,TLP:CLEAR,csv-row,"summary/2026/Threat Report 2026 v4.pdf {""page"": 17} Mustang Panda Annual Threat Report | 16 darktrace.com CASE STUDY: Mustang Panda In February 2025, Darktrace researchers identified a Mustang Panda campaign targeting the Royal Thai Police to deliver the Yokai backdoor. The initial file was a RAR archive named “ด่่วนมาก เชิิญเข้้าร่่วมโคร่งการ่ค",
