slug,name,activities_status,relationships_status,associated_entities_status,hunting_pivots_status,malware_status,tools_status,targets_status,motivations_status,attribution_status,activities,dated_activities,relationships,associated_entities,entity_relationships,hunting_pivots,hunting_pivot_observations,malware,activity_linked_malware,tools,targets,motivations,external_activity_leads,external_alias_leads,external_relationship_leads,external_malware_leads,external_tool_leads,gap_count
acidbox,AcidBox,unknown,unknown,unknown,unknown,unknown,unknown,unknown,unknown,unknown,0,0,0,0,0,0,0,0,0,0,0,0,0,1,0,0,0,5
admin-338,admin@338,lead-only,unknown,unknown,unknown,canonical-present,canonical-present,canonical-present,lead-only,lead-only,0,0,0,0,0,0,0,3,0,4,1,0,1,3,0,6,4,5
agrius,Agrius,lead-only,unknown,unknown,unknown,canonical-present,canonical-present,canonical-present,lead-only,canonical-present,0,0,0,0,0,0,0,7,0,2,3,0,2,0,0,13,2,4
ajax-security-team,Ajax Security Team,lead-only,lead-only,unknown,unknown,lead-only,canonical-present,canonical-present,canonical-present,lead-only,0,0,0,0,0,0,0,0,0,2,4,1,8,0,7,12,2,3
akira,Akira,canonical-present,unknown,unknown,canonical-present,canonical-present,canonical-present,canonical-present,lead-only,unknown,17,5,0,0,0,1,1,3,1,5,5,0,0,0,0,4,21,3
allanite,ALLANITE,unknown,canonical-present,unknown,unknown,lead-only,unknown,lead-only,canonical-present,lead-only,0,0,1,0,0,0,0,0,0,0,0,1,0,0,0,5,0,3
anchor-panda,Anchor Panda,unknown,unknown,unknown,unknown,lead-only,unknown,lead-only,lead-only,lead-only,0,0,0,0,0,0,0,0,0,0,0,0,0,0,0,4,0,5
andariel,Andariel,canonical-present,canonical-present,unknown,unknown,canonical-present,lead-only,canonical-present,lead-only,canonical-present,6,0,2,0,0,0,0,2,0,0,4,0,33,0,3,4,10,3
andromeda-spider,Andromeda Spider,unknown,unknown,unknown,unknown,lead-only,unknown,lead-only,lead-only,lead-only,0,0,0,0,0,0,0,0,0,0,0,0,0,0,0,1,0,5
anonymous,Anonymous,unknown,unknown,unknown,unknown,unknown,unknown,unknown,lead-only,unknown,0,0,0,0,0,0,0,0,0,0,0,0,0,0,0,0,0,5
antlion,Antlion,unknown,unknown,unknown,unknown,lead-only,unknown,lead-only,lead-only,lead-only,0,0,0,0,0,0,0,0,0,0,0,0,0,0,0,10,0,5
aoqin-dragon,Aoqin Dragon,unknown,unknown,unknown,unknown,canonical-present,unknown,canonical-present,canonical-present,lead-only,0,0,0,0,0,0,0,2,0,0,9,1,0,0,0,2,0,4
applejeus,AppleJeus,canonical-present,canonical-present,unknown,unknown,lead-only,canonical-present,canonical-present,lead-only,lead-only,2,1,1,0,0,0,0,0,0,1,5,0,114,0,3,158,0,2
apt-11,APT 11,unknown,unknown,unknown,unknown,unknown,unknown,unknown,unknown,unknown,0,0,0,0,0,0,0,0,0,0,0,0,0,0,0,0,0,5
apt-13,APT 13,unknown,unknown,unknown,unknown,unknown,unknown,unknown,unknown,unknown,0,0,0,0,0,0,0,0,0,0,0,0,0,0,0,0,0,5
apt-14,APT 14,unknown,unknown,unknown,unknown,lead-only,unknown,lead-only,lead-only,lead-only,0,0,0,0,0,0,0,0,0,0,0,0,0,0,0,3,0,5
apt-23,APT 23,lead-only,unknown,unknown,unknown,lead-only,unknown,lead-only,lead-only,lead-only,0,0,0,0,0,0,0,0,0,0,0,0,13,0,0,15,0,5
apt-341,APT-341,unknown,unknown,unknown,unknown,unknown,unknown,unknown,unknown,unknown,0,0,0,0,0,0,0,0,0,0,0,0,0,0,0,0,0,5
apt-c-01,APT-C-01,unknown,unknown,unknown,unknown,lead-only,unknown,canonical-present,unknown,canonical-present,0,0,0,0,0,0,0,0,0,0,6,0,0,1,0,6,0,3
apt-c-27,APT-C-27,canonical-present,canonical-present,unknown,unknown,canonical-present,unknown,canonical-present,lead-only,canonical-present,1,1,1,0,0,0,0,2,2,0,8,0,0,3,0,3,0,1
apt-c-37,APT-C-37,canonical-present,canonical-present,unknown,unknown,canonical-present,unknown,canonical-present,lead-only,canonical-present,1,1,1,0,0,0,0,2,2,0,6,0,0,5,0,5,0,1
apt-c-44,APT-C-44,unknown,unknown,unknown,unknown,unknown,unknown,unknown,unknown,lead-only,0,0,0,0,0,0,0,0,0,0,0,0,0,1,0,0,0,5
apt1,APT1,lead-only,canonical-present,unknown,unknown,canonical-present,canonical-present,lead-only,lead-only,lead-only,0,0,1,0,0,0,0,6,0,11,0,0,6,8,0,43,11,5
apt12,APT12,lead-only,unknown,unknown,unknown,canonical-present,canonical-present,canonical-present,lead-only,lead-only,0,0,0,0,0,0,0,2,0,1,2,0,10,5,0,13,1,5
apt16,APT16,unknown,unknown,unknown,unknown,canonical-present,unknown,canonical-present,lead-only,lead-only,0,0,0,0,0,0,0,1,0,0,3,0,0,0,0,9,0,5
apt17,APT17,canonical-present,canonical-present,unknown,unknown,canonical-present,unknown,canonical-present,lead-only,lead-only,1,0,2,0,0,0,0,1,0,0,2,0,12,5,0,31,0,4
apt18,APT18,lead-only,lead-only,unknown,unknown,canonical-present,canonical-present,canonical-present,lead-only,lead-only,0,0,0,0,0,0,0,4,0,1,4,0,8,2,1,16,1,5
apt19,APT19,lead-only,canonical-present,unknown,unknown,canonical-present,canonical-present,canonical-present,canonical-present,lead-only,0,0,2,0,0,0,0,1,0,1,6,1,16,1,0,8,3,3
apt22,APT22,unknown,unknown,unknown,unknown,lead-only,unknown,lead-only,lead-only,lead-only,0,0,0,0,0,0,0,0,0,0,0,0,0,3,0,12,0,5
apt24,APT24,canonical-present,unknown,unknown,unknown,unknown,unknown,canonical-present,unknown,lead-only,1,0,0,0,0,0,0,0,0,0,1,0,0,0,0,0,0,4
apt25,APT25,unknown,unknown,unknown,unknown,unknown,unknown,unknown,unknown,unknown,0,0,0,0,0,0,0,0,0,0,0,0,0,0,0,0,0,5
apt26,APT26,lead-only,lead-only,unknown,unknown,lead-only,unknown,lead-only,lead-only,lead-only,0,0,0,0,0,0,0,0,0,0,0,0,3,3,2,20,0,5
apt28,APT28,canonical-present,canonical-present,unknown,unknown,canonical-present,canonical-present,canonical-present,lead-only,canonical-present,15,6,1,0,0,0,0,20,1,11,23,0,99,0,0,55,25,1
apt288,APT288,unknown,unknown,unknown,unknown,unknown,unknown,unknown,unknown,unknown,0,0,0,0,0,0,0,0,0,0,0,0,0,0,0,0,0,5
apt29,APT29,canonical-present,lead-only,unknown,canonical-present,canonical-present,canonical-present,canonical-present,lead-only,canonical-present,17,6,0,0,0,1,1,36,15,15,20,0,55,0,2,64,25,2
apt292,APT292,unknown,unknown,unknown,unknown,unknown,unknown,unknown,unknown,unknown,0,0,0,0,0,0,0,0,0,0,0,0,0,0,0,0,0,5
apt3,APT3,lead-only,unknown,canonical-present,unknown,canonical-present,canonical-present,canonical-present,lead-only,canonical-present,0,0,0,4,4,0,0,4,0,2,2,0,9,0,0,25,3,4
apt30,APT30,lead-only,canonical-present,unknown,unknown,canonical-present,unknown,lead-only,lead-only,lead-only,0,0,2,0,0,0,0,5,0,0,0,0,2,0,0,12,0,5
apt33,APT33,canonical-present,canonical-present,unknown,unknown,canonical-present,canonical-present,canonical-present,lead-only,lead-only,1,1,1,0,0,0,0,7,0,9,5,0,7,0,0,38,12,3
apt34,APT34,canonical-present,canonical-present,unknown,unknown,canonical-present,canonical-present,canonical-present,lead-only,canonical-present,3,3,1,0,0,0,0,18,3,12,8,0,32,0,9,76,12,1
apt37,APT37,canonical-present,canonical-present,unknown,unknown,canonical-present,lead-only,canonical-present,canonical-present,canonical-present,8,2,1,0,0,0,0,15,4,0,16,1,61,0,0,39,1,0
apt38,APT38,canonical-present,canonical-present,unknown,unknown,canonical-present,canonical-present,canonical-present,lead-only,canonical-present,4,3,3,0,0,0,0,6,2,2,5,0,24,4,4,10,3,1
apt39,APT39,lead-only,unknown,unknown,unknown,canonical-present,canonical-present,canonical-present,canonical-present,canonical-present,0,0,0,0,0,0,0,4,0,7,9,1,4,0,0,30,7,3
apt4,APT4,lead-only,lead-only,unknown,unknown,lead-only,unknown,lead-only,lead-only,lead-only,0,0,0,0,0,0,0,0,0,0,0,0,7,5,2,6,0,5
apt41,APT41,canonical-present,canonical-present,canonical-present,canonical-present,canonical-present,canonical-present,canonical-present,canonical-present,canonical-present,14,6,3,9,12,3,4,26,14,14,14,2,60,0,1,86,16,0
apt42,APT42,canonical-present,canonical-present,unknown,unknown,canonical-present,lead-only,canonical-present,canonical-present,lead-only,3,0,2,0,0,0,0,2,0,0,2,1,2,0,2,14,1,3
apt43,APT43,canonical-present,canonical-present,unknown,unknown,lead-only,lead-only,canonical-present,lead-only,canonical-present,2,0,1,0,0,0,0,0,0,0,7,0,69,1,3,41,12,2
apt45,APT45,canonical-present,canonical-present,unknown,unknown,unknown,unknown,canonical-present,lead-only,lead-only,2,0,1,0,0,0,0,0,0,0,2,0,27,0,0,0,0,3
apt5,APT5,canonical-present,unknown,unknown,unknown,canonical-present,canonical-present,canonical-present,canonical-present,lead-only,1,1,0,0,0,0,0,8,0,5,5,1,2,2,0,9,5,3
apt6,APT6,unknown,unknown,unknown,unknown,lead-only,unknown,lead-only,lead-only,lead-only,0,0,0,0,0,0,0,0,0,0,0,0,0,1,0,1,0,5
apt69,apt69,unknown,unknown,unknown,unknown,unknown,unknown,unknown,unknown,unknown,0,0,0,0,0,0,0,0,0,0,0,0,0,0,0,0,0,5
apt73,APT73,unknown,unknown,unknown,unknown,unknown,unknown,lead-only,unknown,unknown,0,0,0,0,0,0,0,0,0,0,0,0,0,0,0,0,0,5
aquatic-panda,Aquatic Panda,canonical-present,unknown,unknown,unknown,canonical-present,canonical-present,canonical-present,canonical-present,lead-only,1,1,0,0,0,0,0,5,1,1,13,1,0,0,0,6,3,2
arid-viper,Arid Viper,lead-only,unknown,unknown,unknown,canonical-present,unknown,lead-only,lead-only,canonical-present,0,0,0,0,0,0,0,1,0,0,0,0,18,0,0,14,0,5
avivore,AVIVORE,unknown,unknown,unknown,unknown,lead-only,unknown,lead-only,lead-only,lead-only,0,0,0,0,0,0,0,0,0,0,0,0,0,0,0,4,0,5
awaken-likho,Awaken Likho,canonical-present,unknown,unknown,unknown,canonical-present,canonical-present,canonical-present,canonical-present,canonical-present,2,2,0,0,0,0,0,2,2,3,8,1,0,0,0,0,0,2
axiom,Axiom,lead-only,canonical-present,unknown,unknown,canonical-present,unknown,canonical-present,canonical-present,lead-only,0,0,7,0,0,0,0,8,0,0,4,1,11,5,0,27,0,3
backdoordiplomacy,BackdoorDiplomacy,lead-only,canonical-present,unknown,unknown,canonical-present,canonical-present,canonical-present,canonical-present,lead-only,0,0,1,0,0,0,0,2,0,3,4,1,14,2,0,40,3,3
badmagic,BadMagic,lead-only,unknown,unknown,unknown,lead-only,unknown,lead-only,lead-only,unknown,0,0,0,0,0,0,0,0,0,0,0,0,2,0,0,2,0,5
bamboo-spider,Bamboo Spider,lead-only,unknown,unknown,unknown,lead-only,unknown,lead-only,lead-only,unknown,0,0,0,0,0,0,0,0,0,0,0,0,16,0,0,10,0,5
big-panda,Big Panda,unknown,unknown,unknown,unknown,unknown,unknown,lead-only,unknown,lead-only,0,0,0,0,0,0,0,0,0,0,0,0,0,0,0,0,0,5
bitter,BITTER,canonical-present,unknown,unknown,canonical-present,canonical-present,unknown,canonical-present,canonical-present,lead-only,3,0,0,0,0,1,2,1,1,0,17,1,10,0,0,5,0,3
blackbyte,BlackByte,canonical-present,unknown,unknown,canonical-present,canonical-present,canonical-present,lead-only,lead-only,unknown,1,0,0,0,0,1,1,4,0,4,0,0,0,0,0,4,6,6
blackgear,Blackgear,lead-only,unknown,unknown,unknown,lead-only,unknown,lead-only,lead-only,lead-only,0,0,0,0,0,0,0,0,0,0,0,0,1,2,0,4,0,5
blackoasis,BlackOasis,lead-only,canonical-present,unknown,unknown,lead-only,unknown,lead-only,lead-only,unknown,0,0,1,0,0,0,0,0,0,0,0,0,4,0,0,9,0,4
blacktech,BlackTech,canonical-present,unknown,unknown,unknown,canonical-present,canonical-present,canonical-present,canonical-present,lead-only,3,0,0,0,0,0,0,6,2,1,5,1,12,0,0,13,1,3
blind-eagle,Blind Eagle,lead-only,unknown,unknown,unknown,canonical-present,canonical-present,canonical-present,canonical-present,lead-only,0,0,0,0,0,0,0,4,0,5,7,2,8,0,0,9,4,4
blue-mockingbird,Blue Mockingbird,unknown,unknown,unknown,unknown,unknown,canonical-present,unknown,lead-only,unknown,0,0,0,0,0,0,0,0,0,2,0,0,0,0,0,0,6,5
blue-termite,Blue Termite,lead-only,unknown,unknown,unknown,lead-only,unknown,lead-only,lead-only,lead-only,0,0,0,0,0,0,0,0,0,0,0,0,1,2,0,2,0,5
bluebottle,Bluebottle,lead-only,unknown,unknown,unknown,lead-only,unknown,lead-only,lead-only,unknown,0,0,0,0,0,0,0,0,0,0,0,0,1,0,0,14,0,5
bluehornet,BlueHornet,unknown,unknown,unknown,unknown,unknown,unknown,lead-only,unknown,unknown,0,0,0,0,0,0,0,0,0,0,0,0,0,2,0,0,0,5
bohrium,Bohrium,lead-only,lead-only,unknown,unknown,lead-only,unknown,lead-only,lead-only,lead-only,0,0,0,0,0,0,0,0,0,0,0,0,2,1,2,5,0,5
boson-spider,Boson Spider,lead-only,unknown,unknown,unknown,lead-only,unknown,lead-only,lead-only,unknown,0,0,0,0,0,0,0,0,0,0,0,0,1,0,0,1,0,5
bouncing-golf,Bouncing Golf,lead-only,unknown,unknown,unknown,canonical-present,unknown,lead-only,canonical-present,lead-only,0,0,0,0,0,0,0,1,0,0,0,1,3,0,0,2,0,5
breeze-comet,BREEZE COMET,canonical-present,canonical-present,unknown,unknown,canonical-present,canonical-present,canonical-present,canonical-present,canonical-present,1,1,2,0,0,0,0,6,6,1,4,1,0,0,0,0,2,0
buhtrap,Buhtrap,lead-only,unknown,unknown,unknown,lead-only,unknown,lead-only,lead-only,lead-only,0,0,0,0,0,0,0,0,0,0,0,0,6,0,0,9,0,5
callisto,Callisto Group,canonical-present,unknown,canonical-present,unknown,canonical-present,unknown,canonical-present,canonical-present,lead-only,1,0,0,3,4,0,0,1,0,0,3,1,10,0,0,5,0,4
calypso,Calypso,canonical-present,unknown,unknown,unknown,canonical-present,unknown,canonical-present,canonical-present,canonical-present,1,1,0,0,0,0,0,2,2,0,4,1,2,1,0,20,0,1
candiru,Candiru,unknown,unknown,unknown,unknown,unknown,unknown,unknown,lead-only,lead-only,0,0,0,0,0,0,0,0,0,0,0,0,0,0,0,0,0,5
carbanak,Carbanak,lead-only,canonical-present,unknown,unknown,canonical-present,canonical-present,canonical-present,lead-only,lead-only,0,0,2,0,0,0,0,1,0,3,1,0,28,0,0,42,5,4
carberb,Carberp,unknown,unknown,unknown,unknown,unknown,unknown,canonical-present,canonical-present,canonical-present,0,0,0,0,0,0,0,0,0,0,2,1,0,0,0,0,0,2
careto,Careto,lead-only,unknown,unknown,unknown,lead-only,unknown,lead-only,lead-only,lead-only,0,0,0,0,0,0,0,0,0,0,0,0,1,1,0,1,0,5
cellebrite,Cellebrite,unknown,unknown,unknown,unknown,unknown,unknown,lead-only,canonical-present,unknown,0,0,0,0,0,0,0,0,0,0,0,1,0,0,0,0,0,4
charming-kitten,Charming Kitten,lead-only,canonical-present,unknown,unknown,canonical-present,canonical-present,canonical-present,canonical-present,canonical-present,0,0,2,0,0,0,0,3,0,10,7,1,47,0,9,38,14,2
chimera,Chimera,lead-only,canonical-present,unknown,unknown,canonical-present,canonical-present,canonical-present,lead-only,lead-only,0,0,1,0,0,0,0,1,0,5,2,0,8,1,0,19,11,4
chinaz,ChinaZ,unknown,unknown,unknown,unknown,lead-only,unknown,unknown,unknown,unknown,0,0,0,0,0,0,0,0,0,0,0,0,0,0,0,3,0,5
cinnamon-tempest,Cinnamon Tempest,lead-only,canonical-present,unknown,unknown,canonical-present,canonical-present,lead-only,canonical-present,lead-only,0,0,1,0,0,0,0,5,0,3,0,1,1,0,0,9,3,4
cl-sta-0043,CL-STA-0043,unknown,unknown,unknown,unknown,lead-only,unknown,lead-only,lead-only,lead-only,0,0,0,0,0,0,0,0,0,0,0,0,0,0,0,15,0,5
cl-sta-0048,CL-STA-0048,unknown,unknown,unknown,unknown,unknown,unknown,unknown,unknown,lead-only,0,0,0,0,0,0,0,0,0,0,0,0,0,0,0,0,0,5
cl-sta-0969,CL-STA-0969,unknown,unknown,unknown,unknown,unknown,unknown,unknown,unknown,lead-only,0,0,0,0,0,0,0,0,0,0,0,0,0,0,0,0,0,5
cl-sta-1015,CL-STA-1015,unknown,canonical-present,unknown,unknown,unknown,unknown,unknown,unknown,unknown,0,0,1,0,0,0,0,0,0,0,0,0,0,0,0,0,0,4
cl-sta-1020,CL-STA-1020,unknown,unknown,unknown,unknown,unknown,unknown,unknown,unknown,unknown,0,0,0,0,0,0,0,0,0,0,0,0,0,0,0,0,0,5
cl-sta-1062,CL-STA-1062,unknown,unknown,unknown,unknown,unknown,unknown,unknown,unknown,lead-only,0,0,0,0,0,0,0,0,0,0,0,0,0,0,0,0,0,5
cl-sta-1087,CL-STA-1087,unknown,unknown,unknown,unknown,unknown,unknown,unknown,unknown,lead-only,0,0,0,0,0,0,0,0,0,0,0,0,0,0,0,0,0,5
cl-sta-1114,CL-STA-1114,unknown,unknown,unknown,unknown,unknown,unknown,unknown,unknown,unknown,0,0,0,0,0,0,0,0,0,0,0,0,0,0,0,0,0,5
cleaver,Cleaver,lead-only,lead-only,unknown,unknown,canonical-present,canonical-present,lead-only,lead-only,lead-only,0,0,0,0,0,0,0,2,0,2,0,0,4,0,7,17,2,6
clever-kitten,Clever Kitten,unknown,lead-only,unknown,unknown,lead-only,unknown,lead-only,lead-only,lead-only,0,0,0,0,0,0,0,0,0,0,0,0,0,1,7,3,0,5
cobalt-group,Cobalt Group,lead-only,canonical-present,unknown,unknown,canonical-present,canonical-present,canonical-present,canonical-present,lead-only,0,0,1,0,0,0,0,3,0,3,4,1,11,1,0,20,9,3
confucius,Confucius,canonical-present,canonical-present,unknown,canonical-present,canonical-present,lead-only,canonical-present,canonical-present,lead-only,1,1,1,0,0,1,1,1,0,0,4,1,4,0,0,11,1,2
contagious-interview,Contagious Interview,canonical-present,canonical-present,unknown,unknown,canonical-present,unknown,canonical-present,canonical-present,lead-only,15,3,2,0,0,0,0,7,5,0,5,2,18,0,0,4,0,1
copykittens,CopyKittens,lead-only,canonical-present,unknown,unknown,canonical-present,canonical-present,canonical-present,canonical-present,lead-only,0,0,1,0,0,0,0,3,0,1,8,1,7,3,0,13,3,3
corsair-jackal,Corsair Jackal,unknown,unknown,unknown,unknown,unknown,unknown,lead-only,unknown,lead-only,0,0,0,0,0,0,0,0,0,0,0,0,0,0,0,0,0,5
costaricto,CostaRicto,unknown,unknown,unknown,unknown,lead-only,unknown,lead-only,canonical-present,unknown,0,0,0,0,0,0,0,0,0,0,0,1,0,0,0,5,0,4
cotton-sandstorm,Cotton Sandstorm,unknown,unknown,unknown,unknown,unknown,unknown,lead-only,unknown,lead-only,0,0,0,0,0,0,0,0,0,0,0,0,0,3,0,0,0,5
cuboid-sandstorm,Cuboid Sandstorm,lead-only,lead-only,unknown,unknown,lead-only,unknown,lead-only,lead-only,lead-only,0,0,0,0,0,0,0,0,0,0,0,0,5,1,1,6,0,5
curious-gorge,Curious Gorge,lead-only,unknown,unknown,unknown,unknown,unknown,lead-only,lead-only,lead-only,0,0,0,0,0,0,0,0,0,0,0,0,1,0,0,0,0,5
curious-jackal,Curious Jackal,unknown,unknown,unknown,unknown,unknown,unknown,unknown,unknown,unknown,0,0,0,0,0,0,0,0,0,0,0,0,0,0,0,0,0,5
cyber-berkut,Cyber Berkut,lead-only,unknown,unknown,unknown,unknown,unknown,lead-only,lead-only,lead-only,0,0,0,0,0,0,0,0,0,0,0,0,4,0,0,0,0,5
cyber-caliphate-army-cca,Cyber Caliphate Army (CCA),lead-only,unknown,unknown,unknown,unknown,unknown,lead-only,lead-only,lead-only,0,0,0,0,0,0,0,0,0,0,0,0,7,2,0,0,0,5
cyber-fighters-of-izz-ad-din-al-qassam,Cyber fighters of Izz Ad-Din Al Qassam,lead-only,unknown,unknown,unknown,unknown,unknown,lead-only,lead-only,lead-only,0,0,0,0,0,0,0,0,0,0,0,0,1,1,0,0,0,5
cyber-spetsnazs,Cyber Spetsnazs,unknown,unknown,unknown,unknown,unknown,unknown,unknown,unknown,unknown,0,0,0,0,0,0,0,0,0,0,0,0,0,0,0,0,0,5
cyberav3ngers,CyberAv3ngers,canonical-present,unknown,unknown,unknown,unknown,unknown,canonical-present,lead-only,lead-only,1,1,0,0,0,0,0,0,0,0,1,0,2,0,0,0,0,3
cytrox,Cytrox,unknown,unknown,unknown,unknown,unknown,unknown,unknown,lead-only,unknown,0,0,0,0,0,0,0,0,0,0,0,0,0,0,0,0,0,5
daggerfly,Daggerfly,canonical-present,unknown,unknown,unknown,canonical-present,canonical-present,canonical-present,lead-only,lead-only,1,0,0,0,0,0,0,4,0,2,4,0,8,0,0,11,2,5
danti,Danti,unknown,unknown,unknown,unknown,unknown,unknown,unknown,unknown,unknown,0,0,0,0,0,0,0,0,0,0,0,0,0,0,0,0,0,5
dark-caracal,Dark Caracal,lead-only,unknown,unknown,unknown,canonical-present,unknown,lead-only,lead-only,lead-only,0,0,0,0,0,0,0,3,0,0,0,0,3,0,0,5,0,6
dark-pink,Dark PInk,lead-only,unknown,unknown,unknown,lead-only,unknown,lead-only,lead-only,unknown,0,0,0,0,0,0,0,0,0,0,0,0,1,1,0,7,0,5
darkhotel,Darkhotel,canonical-present,unknown,unknown,unknown,lead-only,unknown,canonical-present,canonical-present,lead-only,1,1,0,0,0,0,0,0,0,0,6,1,19,0,0,20,0,2
darkhydrus,DarkHydrus,lead-only,canonical-present,unknown,unknown,canonical-present,canonical-present,canonical-present,lead-only,lead-only,0,0,1,0,0,0,0,2,0,1,3,0,3,0,0,4,1,4
darkuniverse,DarkUniverse,unknown,unknown,unknown,unknown,lead-only,unknown,lead-only,lead-only,unknown,0,0,0,0,0,0,0,0,0,0,0,0,0,0,0,6,0,5
darkvishnya,DarkVishnya,unknown,unknown,unknown,unknown,unknown,canonical-present,canonical-present,canonical-present,unknown,0,0,0,0,0,0,0,0,0,2,2,1,0,0,0,0,2,3
deep-panda,Deep Panda,lead-only,canonical-present,unknown,unknown,canonical-present,canonical-present,canonical-present,canonical-present,lead-only,0,0,4,0,0,0,0,4,0,3,4,1,42,4,0,23,6,3
denim-tsunami,Denim Tsunami,unknown,unknown,unknown,unknown,unknown,unknown,unknown,unknown,lead-only,0,0,0,0,0,0,0,0,0,0,0,0,0,2,0,0,0,5
dev-0056,DEV-0056,lead-only,unknown,unknown,unknown,lead-only,unknown,lead-only,lead-only,lead-only,0,0,0,0,0,0,0,0,0,0,0,0,2,0,0,5,0,5
dev-0133,DEV-0133,unknown,unknown,unknown,unknown,unknown,unknown,unknown,unknown,unknown,0,0,0,0,0,0,0,0,0,0,0,0,0,0,0,0,0,5
dev-0166,DEV-0166,unknown,unknown,unknown,unknown,unknown,unknown,unknown,unknown,unknown,0,0,0,0,0,0,0,0,0,0,0,0,0,0,0,0,0,5
dev-0196,DEV-0196,unknown,unknown,unknown,unknown,unknown,unknown,unknown,unknown,lead-only,0,0,0,0,0,0,0,0,0,0,0,0,0,0,0,0,0,5
dev-0198,DEV-0198,unknown,unknown,unknown,unknown,unknown,unknown,unknown,unknown,lead-only,0,0,0,0,0,0,0,0,0,0,0,0,0,0,0,0,0,5
dev-0215,DEV-0215,unknown,unknown,unknown,unknown,unknown,unknown,unknown,unknown,lead-only,0,0,0,0,0,0,0,0,0,0,0,0,0,0,0,0,0,5
dev-0227,DEV-0227,lead-only,unknown,unknown,unknown,lead-only,unknown,lead-only,lead-only,lead-only,0,0,0,0,0,0,0,0,0,0,0,0,2,0,0,10,0,5
dev-0230,DEV-0230,unknown,unknown,unknown,unknown,unknown,unknown,unknown,unknown,unknown,0,0,0,0,0,0,0,0,0,0,0,0,0,0,0,0,0,5
dev-0270,DEV-0270,lead-only,lead-only,unknown,unknown,lead-only,unknown,unknown,lead-only,lead-only,0,0,0,0,0,0,0,0,0,0,0,0,1,0,1,3,0,5
dev-0322,DEV-0322,lead-only,unknown,unknown,unknown,lead-only,unknown,lead-only,lead-only,lead-only,0,0,0,0,0,0,0,0,0,0,0,0,20,1,0,20,0,5
dev-0343,DEV-0343,unknown,unknown,unknown,unknown,unknown,unknown,lead-only,unknown,lead-only,0,0,0,0,0,0,0,0,0,0,0,0,0,1,0,0,0,5
dev-0506,DEV-0506,unknown,unknown,unknown,unknown,unknown,unknown,unknown,unknown,unknown,0,0,0,0,0,0,0,0,0,0,0,0,0,0,0,0,0,5
dev-0588,DEV-0588,unknown,unknown,unknown,unknown,unknown,unknown,unknown,unknown,unknown,0,0,0,0,0,0,0,0,0,0,0,0,0,0,0,0,0,5
dev-0842,DEV-0842,unknown,unknown,unknown,unknown,unknown,unknown,unknown,unknown,unknown,0,0,0,0,0,0,0,0,0,0,0,0,0,0,0,0,0,5
dev-0861,DEV-0861,lead-only,unknown,unknown,unknown,lead-only,unknown,lead-only,lead-only,lead-only,0,0,0,0,0,0,0,0,0,0,0,0,30,0,0,47,0,5
dev-0960,DEV-0960,unknown,unknown,unknown,unknown,unknown,unknown,unknown,unknown,unknown,0,0,0,0,0,0,0,0,0,0,0,0,0,0,0,0,0,5
dev-1084,DEV-1084,unknown,unknown,unknown,unknown,unknown,unknown,unknown,unknown,lead-only,0,0,0,0,0,0,0,0,0,0,0,0,0,0,0,0,0,5
dextorous-spider,Dextorous Spider,unknown,unknown,unknown,unknown,unknown,unknown,lead-only,unknown,unknown,0,0,0,0,0,0,0,0,0,0,0,0,0,0,0,0,0,5
domestic-kitten,Domestic Kitten,lead-only,unknown,unknown,unknown,lead-only,unknown,lead-only,lead-only,lead-only,0,0,0,0,0,0,0,0,0,0,0,0,3,0,0,2,0,5
donot-team,Donot Team,lead-only,unknown,unknown,unknown,lead-only,unknown,lead-only,lead-only,lead-only,0,0,0,0,0,0,0,0,0,0,0,0,9,1,0,3,0,5
dprk-it-workers,DPRK IT Worker Schemes,canonical-present,canonical-present,unknown,unknown,unknown,canonical-present,canonical-present,canonical-present,canonical-present,3,0,1,0,0,0,0,0,0,5,6,1,0,0,0,0,0,1
dragonfly,Dragonfly,lead-only,canonical-present,canonical-present,unknown,canonical-present,canonical-present,canonical-present,canonical-present,lead-only,0,0,1,4,7,0,0,2,0,8,5,1,16,6,0,35,8,3
dragonok,DragonOK,lead-only,canonical-present,unknown,unknown,canonical-present,unknown,canonical-present,lead-only,lead-only,0,0,1,0,0,0,0,2,0,0,1,0,3,1,0,14,0,4
dragonspark,DragonSpark,unknown,unknown,unknown,unknown,lead-only,unknown,unknown,lead-only,lead-only,0,0,0,0,0,0,0,0,0,0,0,0,0,0,0,5,0,5
dungeon-spider,Dungeon Spider,lead-only,unknown,unknown,unknown,lead-only,unknown,lead-only,lead-only,lead-only,0,0,0,0,0,0,0,0,0,0,0,0,12,0,0,1,0,5
dust-storm,Dust Storm,unknown,unknown,unknown,unknown,lead-only,unknown,lead-only,lead-only,lead-only,0,0,0,0,0,0,0,0,0,0,0,0,0,0,0,5,0,5
earth-berberoka,Earth Berberoka,unknown,unknown,unknown,unknown,lead-only,unknown,lead-only,lead-only,lead-only,0,0,0,0,0,0,0,0,0,0,0,0,0,0,0,7,0,5
earth-lusca,Earth Lusca,canonical-present,canonical-present,unknown,canonical-present,canonical-present,canonical-present,canonical-present,canonical-present,lead-only,2,1,2,0,0,1,1,4,1,6,26,2,5,0,0,24,10,1
earth-yako,Earth Yako,lead-only,unknown,unknown,unknown,unknown,unknown,lead-only,lead-only,unknown,0,0,0,0,0,0,0,0,0,0,0,0,1,0,0,0,0,5
elderwood,Elderwood,lead-only,unknown,unknown,unknown,canonical-present,unknown,canonical-present,canonical-present,lead-only,0,0,0,0,0,0,0,9,0,0,4,1,10,2,0,20,0,4
electric-panda,Electric Panda,unknown,unknown,unknown,unknown,unknown,unknown,unknown,unknown,lead-only,0,0,0,0,0,0,0,0,0,0,0,0,0,0,0,0,0,5
electric-powder,Electric Powder,lead-only,unknown,unknown,unknown,lead-only,unknown,lead-only,unknown,unknown,0,0,0,0,0,0,0,0,0,0,0,0,1,0,0,2,0,5
eloquent-panda,Eloquent Panda,unknown,unknown,unknown,unknown,unknown,unknown,unknown,unknown,lead-only,0,0,0,0,0,0,0,0,0,0,0,0,0,0,0,0,0,5
ember-bear,Ember Bear,canonical-present,canonical-present,canonical-present,unknown,canonical-present,canonical-present,canonical-present,canonical-present,canonical-present,1,0,2,14,14,0,0,4,0,7,3,1,5,4,0,16,12,2
emennet-pasargad,Emennet Pasargad,unknown,unknown,unknown,unknown,unknown,unknown,lead-only,unknown,lead-only,0,0,0,0,0,0,0,0,0,0,0,0,0,0,0,0,0,5
empiremonkey,EmpireMonkey,lead-only,unknown,unknown,unknown,lead-only,unknown,lead-only,lead-only,unknown,0,0,0,0,0,0,0,0,0,0,0,0,2,1,0,1,0,5
equation-group,Equation Group,lead-only,lead-only,unknown,unknown,lead-only,unknown,lead-only,canonical-present,lead-only,0,0,0,0,0,0,0,0,0,0,0,1,3,0,1,21,0,4
evanescent-bat,Evanescent Bat,unknown,unknown,unknown,unknown,unknown,unknown,unknown,unknown,unknown,0,0,0,0,0,0,0,0,0,0,0,0,0,0,0,0,0,5
evilnum,Evilnum,lead-only,unknown,unknown,unknown,canonical-present,canonical-present,lead-only,canonical-present,unknown,0,0,0,0,0,0,0,2,0,1,0,1,4,1,0,13,2,5
evilpost,EvilPost,unknown,unknown,unknown,unknown,lead-only,unknown,lead-only,unknown,unknown,0,0,0,0,0,0,0,0,0,0,0,0,0,0,0,1,0,5
exotic-lily,EXOTIC LILY,unknown,canonical-present,unknown,unknown,canonical-present,unknown,canonical-present,canonical-present,unknown,0,0,1,0,0,0,0,2,0,0,1,1,0,0,0,2,0,3
extreme-jackal,Extreme Jackal,lead-only,unknown,unknown,unknown,lead-only,unknown,lead-only,lead-only,lead-only,0,0,0,0,0,0,0,0,0,0,0,0,25,0,0,23,0,5
famous-chollima,Famous Chollima,unknown,canonical-present,unknown,unknown,lead-only,lead-only,lead-only,canonical-present,canonical-present,0,0,2,0,0,0,0,0,0,0,0,1,0,0,0,3,1,2
famoussparrow,FamousSparrow,canonical-present,canonical-present,unknown,unknown,canonical-present,unknown,canonical-present,canonical-present,canonical-present,1,1,2,0,0,0,0,1,1,0,10,1,13,0,1,20,0,0
ferocious-kitten,Ferocious Kitten,unknown,unknown,unknown,unknown,canonical-present,canonical-present,canonical-present,lead-only,lead-only,0,0,0,0,0,0,0,1,0,1,1,0,0,0,0,1,1,5
fin10,FIN10,unknown,unknown,unknown,unknown,lead-only,canonical-present,canonical-present,canonical-present,unknown,0,0,0,0,0,0,0,0,0,1,2,1,0,0,0,2,1,3
fin11,FIN11,lead-only,canonical-present,unknown,unknown,lead-only,lead-only,lead-only,lead-only,unknown,0,0,1,0,0,0,0,0,0,0,0,0,64,0,0,30,2,4
fin1125,FIN1125,unknown,unknown,unknown,unknown,unknown,unknown,unknown,unknown,unknown,0,0,0,0,0,0,0,0,0,0,0,0,0,0,0,0,0,5
fin13,FIN13,unknown,unknown,unknown,unknown,lead-only,canonical-present,canonical-present,canonical-present,lead-only,0,0,0,0,0,0,0,0,0,4,4,1,0,0,0,24,4,3
fin4,FIN4,unknown,unknown,unknown,unknown,lead-only,unknown,canonical-present,canonical-present,lead-only,0,0,0,0,0,0,0,0,0,0,2,1,0,0,0,1,0,3
fin5,FIN5,unknown,unknown,unknown,unknown,canonical-present,canonical-present,canonical-present,canonical-present,unknown,0,0,0,0,0,0,0,2,0,4,2,1,0,0,0,5,4,4
fin6,FIN6,canonical-present,unknown,unknown,unknown,canonical-present,canonical-present,canonical-present,lead-only,unknown,1,0,0,0,0,0,0,8,0,4,2,0,8,0,0,24,4,5
fin7,FIN7,canonical-present,canonical-present,unknown,unknown,canonical-present,canonical-present,canonical-present,canonical-present,lead-only,6,0,1,0,0,0,0,15,2,4,6,1,52,0,0,55,11,2
fin8,FIN8,canonical-present,unknown,unknown,unknown,canonical-present,canonical-present,canonical-present,canonical-present,unknown,1,0,0,0,0,0,0,5,1,6,3,1,7,0,0,9,7,3
fin9,FIN9,unknown,unknown,unknown,unknown,unknown,unknown,unknown,unknown,unknown,0,0,0,0,0,0,0,0,0,0,0,0,0,0,0,0,0,5
fox-kitten,Fox Kitten,lead-only,unknown,unknown,unknown,canonical-present,canonical-present,canonical-present,lead-only,lead-only,0,0,0,0,0,0,0,3,0,2,5,0,5,0,0,23,9,5
foxy-panda,Foxy Panda,unknown,unknown,unknown,unknown,unknown,unknown,lead-only,unknown,lead-only,0,0,0,0,0,0,0,0,0,0,0,0,0,0,0,0,0,5
frankenstein,Frankenstein,unknown,unknown,unknown,unknown,unknown,unknown,unknown,unknown,unknown,0,0,0,0,0,0,0,0,0,0,0,0,0,0,0,0,0,5
fruityarmor,FruityArmor,lead-only,unknown,unknown,unknown,lead-only,unknown,lead-only,lead-only,lead-only,0,0,0,0,0,0,0,0,0,0,0,0,7,0,0,7,0,5
fullofdeep,FullofDeep,unknown,unknown,unknown,unknown,lead-only,unknown,unknown,unknown,unknown,0,0,0,0,0,0,0,0,0,0,0,0,0,0,0,1,0,5
gallium,GALLIUM,lead-only,lead-only,unknown,unknown,canonical-present,canonical-present,canonical-present,canonical-present,canonical-present,0,0,0,0,0,0,0,5,0,11,13,1,3,2,1,21,11,3
gallmaker,Gallmaker,unknown,unknown,unknown,unknown,lead-only,unknown,canonical-present,canonical-present,unknown,0,0,0,0,0,0,0,0,0,0,3,1,0,0,0,1,0,3
gamaredon,Gamaredon,canonical-present,unknown,unknown,unknown,canonical-present,canonical-present,canonical-present,canonical-present,lead-only,2,2,0,0,0,0,0,5,2,3,3,1,30,0,0,23,5,2
gcman,GCMAN,unknown,unknown,unknown,unknown,lead-only,unknown,canonical-present,lead-only,lead-only,0,0,0,0,0,0,0,0,0,0,1,0,0,0,0,5,0,4
gekko-jackal,Gekko Jackal,unknown,unknown,unknown,unknown,unknown,unknown,unknown,unknown,unknown,0,0,0,0,0,0,0,0,0,0,0,0,0,0,0,0,0,5
gelsemium,Gelsemium,canonical-present,lead-only,unknown,unknown,lead-only,unknown,lead-only,canonical-present,lead-only,1,0,0,0,0,0,0,0,0,0,0,1,5,0,1,18,0,4
ghost-jackal,Ghost Jackal,unknown,unknown,unknown,unknown,unknown,unknown,lead-only,unknown,unknown,0,0,0,0,0,0,0,0,0,0,0,0,0,0,0,0,0,5
ghostsec,GhostSec,unknown,unknown,unknown,unknown,lead-only,lead-only,lead-only,lead-only,unknown,0,0,0,0,0,0,0,0,0,0,0,0,0,0,0,3,5,5
ghostwriter,Ghostwriter,canonical-present,unknown,unknown,unknown,lead-only,unknown,lead-only,lead-only,lead-only,1,0,0,0,0,0,0,0,0,0,0,0,14,1,0,5,0,5
ghoul,Ghoul,lead-only,unknown,unknown,unknown,unknown,unknown,lead-only,unknown,unknown,0,0,0,0,0,0,0,0,0,0,0,0,1,0,0,0,0,5
gibberish-panda,Gibberish Panda,unknown,unknown,unknown,unknown,unknown,unknown,unknown,unknown,lead-only,0,0,0,0,0,0,0,0,0,0,0,0,0,0,0,0,0,5
goblin-panda,Goblin Panda,lead-only,unknown,unknown,unknown,lead-only,unknown,lead-only,lead-only,lead-only,0,0,0,0,0,0,0,0,0,0,0,0,11,6,0,49,0,5
goffee,GOFFEE,canonical-present,unknown,unknown,unknown,canonical-present,canonical-present,canonical-present,canonical-present,canonical-present,4,4,0,0,0,0,0,8,8,5,10,2,0,0,0,0,0,2
gold-lowell,Gold lowell,unknown,unknown,unknown,unknown,lead-only,unknown,lead-only,lead-only,lead-only,0,0,0,0,0,0,0,0,0,0,0,0,0,1,0,4,0,5
gold-southfield,GOLD SOUTHFIELD,lead-only,unknown,unknown,unknown,canonical-present,canonical-present,lead-only,canonical-present,lead-only,0,0,0,0,0,0,0,1,0,1,0,1,57,0,0,6,1,5
golden-chickens,Golden Chickens,canonical-present,lead-only,unknown,unknown,lead-only,unknown,lead-only,lead-only,lead-only,1,0,0,0,0,0,0,0,0,0,0,0,3,0,2,13,0,5
gorgon-group,Gorgon Group,lead-only,unknown,unknown,unknown,canonical-present,canonical-present,canonical-present,lead-only,lead-only,0,0,0,0,0,0,0,2,0,2,5,0,14,2,0,13,3,5
gossipgirl,GOSSIPGIRL,lead-only,unknown,unknown,unknown,lead-only,unknown,lead-only,lead-only,lead-only,0,0,0,0,0,0,0,0,0,0,0,0,1,0,0,5,0,5
greenbug,Greenbug,lead-only,lead-only,unknown,unknown,canonical-present,unknown,lead-only,lead-only,canonical-present,0,0,0,0,0,0,0,1,0,0,0,0,4,0,10,0,0,5
greyenergy-group,GreyEnergy Group,unknown,unknown,unknown,unknown,lead-only,unknown,lead-only,unknown,unknown,0,0,0,0,0,0,0,0,0,0,0,0,0,0,0,3,0,5
group-27,Group 27,lead-only,unknown,unknown,unknown,lead-only,unknown,lead-only,lead-only,lead-only,0,0,0,0,0,0,0,0,0,0,0,0,3,0,0,9,0,5
group5,Group5,unknown,unknown,unknown,unknown,canonical-present,unknown,canonical-present,lead-only,lead-only,0,0,0,0,0,0,0,2,0,0,1,0,0,0,0,4,0,5
gru-gtsst-main-center-for-special-technology,GRU GTsST (Main Center for Special Technology),unknown,unknown,unknown,unknown,lead-only,unknown,unknown,unknown,unknown,0,0,0,0,0,0,0,0,0,0,0,0,0,0,0,1,0,5
gunra,Gunra,canonical-present,unknown,unknown,unknown,canonical-present,canonical-present,canonical-present,canonical-present,canonical-present,2,1,0,0,0,0,0,2,2,9,12,1,0,0,0,0,0,1
hafnium,HAFNIUM,canonical-present,unknown,unknown,unknown,canonical-present,canonical-present,canonical-present,canonical-present,canonical-present,1,0,0,0,0,0,0,3,1,3,5,1,5,1,0,8,4,2
hammer-panda,Hammer Panda,lead-only,unknown,unknown,unknown,lead-only,unknown,lead-only,lead-only,lead-only,0,0,0,0,0,0,0,0,0,0,0,0,2,0,0,2,0,5
head-mare,Head Mare,canonical-present,unknown,unknown,unknown,canonical-present,canonical-present,canonical-present,canonical-present,canonical-present,2,2,0,0,0,0,0,5,5,4,12,2,0,0,0,0,0,1
hellsing-apt,Hellsing APT,unknown,unknown,unknown,unknown,unknown,unknown,lead-only,unknown,unknown,0,0,0,0,0,0,0,0,0,0,0,0,0,0,0,0,0,5
hexane,HEXANE,lead-only,canonical-present,unknown,unknown,canonical-present,canonical-present,canonical-present,canonical-present,lead-only,0,0,2,0,0,0,0,5,0,7,6,1,7,0,0,12,8,3
higaisa,Higaisa,lead-only,unknown,unknown,unknown,canonical-present,canonical-present,canonical-present,lead-only,lead-only,0,0,0,0,0,0,0,2,0,1,5,0,16,0,0,14,2,5
honeybee,Honeybee,unknown,unknown,unknown,unknown,lead-only,unknown,lead-only,lead-only,unknown,0,0,0,0,0,0,0,0,0,0,0,0,0,0,0,2,0,5
hound-spider,Hound Spider,unknown,unknown,unknown,unknown,unknown,unknown,unknown,unknown,unknown,0,0,0,0,0,0,0,0,0,0,0,0,0,0,0,0,0,5
hurricane-panda,Hurricane Panda,lead-only,canonical-present,unknown,unknown,lead-only,lead-only,lead-only,lead-only,lead-only,0,0,1,0,0,0,0,0,0,0,0,0,25,6,2,33,1,4
iamtheking,IamtheKing,unknown,unknown,unknown,unknown,lead-only,unknown,lead-only,lead-only,lead-only,0,0,0,0,0,0,0,0,0,0,0,0,0,1,0,15,0,5
ice-fog,Ice Fog,lead-only,unknown,unknown,unknown,lead-only,unknown,lead-only,lead-only,lead-only,0,0,0,0,0,0,0,0,0,0,0,0,7,3,0,13,0,5
impersonating-panda,Impersonating Panda,unknown,unknown,unknown,unknown,unknown,unknown,lead-only,unknown,lead-only,0,0,0,0,0,0,0,0,0,0,0,0,0,0,0,0,0,5
inc-ransom,INC Ransom,canonical-present,unknown,unknown,unknown,canonical-present,canonical-present,canonical-present,lead-only,unknown,5,1,0,0,0,0,0,1,0,7,8,0,0,0,0,1,12,4
inception,Inception,canonical-present,unknown,unknown,unknown,canonical-present,canonical-present,canonical-present,canonical-present,lead-only,1,1,0,0,0,0,0,5,4,1,8,1,10,2,0,5,2,2
indigozebra,IndigoZebra,unknown,unknown,unknown,unknown,canonical-present,unknown,canonical-present,canonical-present,lead-only,0,0,0,0,0,0,0,3,0,0,2,1,0,0,0,4,0,4
indrik-spider,Indrik Spider,lead-only,canonical-present,canonical-present,unknown,canonical-present,canonical-present,lead-only,lead-only,lead-only,0,0,2,34,35,0,0,4,0,4,0,0,18,0,1,25,5,5
intellexa,Intellexa,unknown,unknown,unknown,unknown,unknown,unknown,unknown,lead-only,unknown,0,0,0,0,0,0,0,0,0,0,0,0,0,0,0,0,0,5
invisimole,InvisiMole,canonical-present,canonical-present,unknown,unknown,canonical-present,unknown,canonical-present,canonical-present,lead-only,1,1,1,0,0,0,0,1,1,0,3,1,2,0,0,1,0,1
ironhusky,IronHusky,canonical-present,unknown,unknown,unknown,lead-only,unknown,canonical-present,lead-only,lead-only,1,0,0,0,0,0,0,0,0,0,3,0,1,0,0,5,0,4
itaduke,ItaDuke,unknown,unknown,unknown,unknown,unknown,unknown,unknown,unknown,unknown,0,0,0,0,0,0,0,0,0,0,0,0,0,0,0,0,0,5
jewelbug,Jewelbug,canonical-present,unknown,unknown,unknown,canonical-present,canonical-present,canonical-present,canonical-present,canonical-present,2,0,0,0,0,0,0,3,3,1,13,2,0,0,0,7,0,2
karakurt,Karakurt,lead-only,unknown,unknown,unknown,lead-only,unknown,lead-only,lead-only,unknown,0,0,0,0,0,0,0,0,0,0,0,0,1,0,0,7,0,5
ke3chang,Ke3chang,canonical-present,canonical-present,unknown,unknown,canonical-present,canonical-present,canonical-present,lead-only,lead-only,1,1,2,0,0,0,0,3,0,8,7,0,15,0,0,51,10,3
keksec,Keksec,unknown,unknown,unknown,unknown,lead-only,unknown,lead-only,unknown,unknown,0,0,0,0,0,0,0,0,0,0,0,0,0,3,0,1,0,5
kimsuky,Kimsuky,canonical-present,canonical-present,unknown,unknown,canonical-present,canonical-present,canonical-present,canonical-present,canonical-present,31,14,4,0,0,0,0,19,9,8,21,3,69,0,2,39,12,0
konni,Konni,canonical-present,canonical-present,unknown,unknown,canonical-present,unknown,canonical-present,canonical-present,lead-only,5,2,1,0,0,0,0,5,3,0,10,1,0,0,1,0,0,1
lace-tempest,Lace Tempest,lead-only,unknown,unknown,unknown,lead-only,unknown,lead-only,lead-only,unknown,0,0,0,0,0,0,0,0,0,0,0,0,64,1,0,24,0,5
lamberts,Lamberts,unknown,lead-only,unknown,unknown,unknown,unknown,lead-only,unknown,lead-only,0,0,0,0,0,0,0,0,0,0,0,0,0,0,1,0,0,5
lapsus,LAPSUS$,canonical-present,canonical-present,unknown,unknown,unknown,canonical-present,canonical-present,lead-only,lead-only,8,1,1,0,0,0,0,0,0,1,9,0,17,0,0,0,7,2
lazarus,Lazarus Group,canonical-present,canonical-present,unknown,canonical-present,canonical-present,canonical-present,canonical-present,canonical-present,canonical-present,8,4,7,0,0,2,2,32,10,4,31,2,124,0,3,165,12,0
lazyscripter,LazyScripter,unknown,unknown,unknown,unknown,canonical-present,canonical-present,canonical-present,lead-only,unknown,0,0,0,0,0,0,0,2,0,5,1,0,0,0,0,13,7,5
lead,LEAD,unknown,lead-only,unknown,unknown,lead-only,unknown,lead-only,lead-only,lead-only,0,0,0,0,0,0,0,0,0,0,0,0,0,1,4,3,0,5
leafminer,Leafminer,unknown,unknown,unknown,unknown,lead-only,canonical-present,canonical-present,lead-only,lead-only,0,0,0,0,0,0,0,0,0,4,2,0,0,1,0,6,4,4
leviathan,Leviathan,canonical-present,unknown,canonical-present,unknown,canonical-present,canonical-present,canonical-present,canonical-present,canonical-present,1,1,0,5,6,0,0,10,0,7,9,1,7,4,0,25,11,2
lilac-typhoon,Lilac Typhoon,unknown,unknown,unknown,unknown,unknown,unknown,unknown,unknown,lead-only,0,0,0,0,0,0,0,0,0,0,0,0,0,1,0,0,0,5
london-blue,London Blue,unknown,unknown,unknown,unknown,unknown,unknown,unknown,lead-only,unknown,0,0,0,0,0,0,0,0,0,0,0,0,0,0,0,0,0,5
lotus-blossom,Lotus Blossom,lead-only,canonical-present,unknown,unknown,canonical-present,canonical-present,canonical-present,lead-only,lead-only,0,0,3,0,0,0,0,4,0,5,2,0,10,2,2,27,7,4
lucky-cat,Lucky Cat,unknown,unknown,unknown,unknown,lead-only,unknown,lead-only,lead-only,lead-only,0,0,0,0,0,0,0,0,0,0,0,0,0,3,0,5,0,5
luminousmoth,LuminousMoth,unknown,canonical-present,unknown,unknown,canonical-present,unknown,canonical-present,canonical-present,lead-only,0,0,1,0,0,0,0,2,0,0,5,1,0,0,0,2,0,3
lunar-spider,Lunar Spider,canonical-present,unknown,unknown,unknown,lead-only,lead-only,lead-only,lead-only,lead-only,1,0,0,0,0,0,0,0,0,0,0,0,0,0,0,5,1,5
luoyu,LuoYu,unknown,unknown,unknown,unknown,unknown,unknown,unknown,unknown,lead-only,0,0,0,0,0,0,0,0,0,0,0,0,0,0,0,0,0,5
machete,Machete,lead-only,unknown,unknown,unknown,canonical-present,lead-only,canonical-present,canonical-present,lead-only,0,0,0,0,0,0,0,1,0,0,3,1,4,0,0,4,1,4
madi,Madi,lead-only,unknown,unknown,unknown,lead-only,unknown,lead-only,lead-only,lead-only,0,0,0,0,0,0,0,0,0,0,0,0,1,0,0,1,0,5
magecart,Magecart,canonical-present,unknown,unknown,unknown,unknown,unknown,canonical-present,unknown,unknown,1,0,0,0,0,0,0,0,0,0,1,0,0,0,0,0,0,4
magnetic-spider,Magnetic Spider,unknown,unknown,unknown,unknown,unknown,unknown,lead-only,unknown,lead-only,0,0,0,0,0,0,0,0,0,0,0,0,0,0,0,0,0,5
malkamak,MalKamak,lead-only,unknown,unknown,unknown,lead-only,unknown,lead-only,lead-only,lead-only,0,0,0,0,0,0,0,0,0,0,0,0,1,0,0,4,0,5
malteiro,Malteiro,unknown,unknown,unknown,unknown,canonical-present,unknown,canonical-present,canonical-present,lead-only,0,0,0,0,0,0,0,1,0,0,3,1,0,0,0,1,0,4
mana-team,Mana Team,unknown,unknown,unknown,unknown,unknown,unknown,lead-only,unknown,lead-only,0,0,0,0,0,0,0,0,0,0,0,0,0,0,0,0,0,5
medusa-group,Medusa Group,unknown,unknown,unknown,canonical-present,canonical-present,canonical-present,canonical-present,unknown,unknown,0,0,0,0,0,2,2,1,0,4,1,0,0,0,0,0,0,5
menupass,menuPass,lead-only,canonical-present,canonical-present,unknown,canonical-present,canonical-present,canonical-present,lead-only,lead-only,0,0,2,4,7,0,0,13,0,12,24,0,24,5,0,55,13,4
metador,Metador,unknown,unknown,unknown,unknown,canonical-present,unknown,canonical-present,canonical-present,unknown,0,0,0,0,0,0,0,2,0,0,3,1,0,0,0,2,0,4
mimic-spider,Mimic Spider,unknown,unknown,unknown,unknown,unknown,unknown,unknown,unknown,unknown,0,0,0,0,0,0,0,0,0,0,0,0,0,0,0,0,0,5
mirrorface,MirrorFace,canonical-present,canonical-present,unknown,unknown,canonical-present,canonical-present,canonical-present,canonical-present,lead-only,3,1,1,0,0,0,0,9,5,12,9,1,21,0,0,46,5,1
moafee,Moafee,unknown,canonical-present,unknown,unknown,canonical-present,unknown,lead-only,lead-only,lead-only,0,0,1,0,0,0,0,1,0,0,0,0,0,0,0,5,0,5
modifiedelephant,ModifiedElephant,unknown,unknown,unknown,unknown,unknown,unknown,lead-only,unknown,unknown,0,0,0,0,0,0,0,0,0,0,0,0,0,0,0,0,0,5
mofang,Mofang,lead-only,canonical-present,unknown,unknown,canonical-present,canonical-present,lead-only,canonical-present,lead-only,0,0,1,0,0,0,0,1,0,1,0,1,2,2,0,6,2,4
molerats,Molerats,lead-only,unknown,unknown,unknown,canonical-present,lead-only,canonical-present,lead-only,lead-only,0,0,0,0,0,0,0,6,0,0,3,0,28,0,0,26,1,5
monty-spider,Monty Spider,lead-only,lead-only,unknown,unknown,lead-only,unknown,lead-only,lead-only,lead-only,0,0,0,0,0,0,0,0,0,0,0,0,11,0,1,1,0,5
moonstone-sleet,Moonstone Sleet,canonical-present,canonical-present,unknown,unknown,canonical-present,unknown,canonical-present,canonical-present,lead-only,3,3,2,0,0,0,0,4,3,0,1,2,3,0,3,3,0,1
moses-staff,Moses Staff,lead-only,unknown,unknown,unknown,canonical-present,canonical-present,canonical-present,lead-only,lead-only,0,0,0,0,0,0,0,3,0,1,12,0,1,0,0,3,1,5
moustachedbouncer,MoustachedBouncer,unknown,unknown,unknown,unknown,canonical-present,unknown,canonical-present,canonical-present,lead-only,0,0,0,0,0,0,0,3,0,0,1,1,0,0,0,3,0,4
muddywater,MuddyWater,canonical-present,unknown,unknown,unknown,canonical-present,canonical-present,canonical-present,canonical-present,canonical-present,7,1,0,0,0,0,0,11,0,10,17,1,34,0,0,38,17,2
mummy-spider,Mummy Spider,lead-only,unknown,unknown,unknown,lead-only,unknown,lead-only,lead-only,unknown,0,0,0,0,0,0,0,0,0,0,0,0,37,2,0,1,0,5
mustang-panda,Mustang Panda,canonical-present,canonical-present,unknown,canonical-present,canonical-present,canonical-present,canonical-present,canonical-present,lead-only,14,3,1,0,0,2,3,20,13,5,26,1,45,2,0,55,5,1
mustard-tempest,Mustard Tempest,canonical-present,canonical-present,unknown,unknown,canonical-present,unknown,canonical-present,lead-only,lead-only,2,0,1,0,0,0,0,2,1,0,1,0,18,1,1,20,0,3
naikon,Naikon,lead-only,canonical-present,unknown,unknown,canonical-present,canonical-present,lead-only,canonical-present,canonical-present,0,0,2,0,0,0,0,8,0,7,0,1,9,3,1,36,8,3
nazar,Nazar,unknown,unknown,unknown,unknown,lead-only,unknown,unknown,lead-only,lead-only,0,0,0,0,0,0,0,0,0,0,0,0,0,0,0,4,0,5
nb65,NB65,lead-only,unknown,unknown,unknown,lead-only,unknown,lead-only,lead-only,unknown,0,0,0,0,0,0,0,0,0,0,0,0,1,0,0,1,0,5
neodymium,NEODYMIUM,unknown,canonical-present,unknown,unknown,canonical-present,unknown,canonical-present,lead-only,lead-only,0,0,2,0,0,0,0,1,0,0,1,0,0,0,0,1,0,4
nettraveler,NetTraveler,canonical-present,canonical-present,unknown,unknown,canonical-present,unknown,canonical-present,canonical-present,lead-only,1,1,1,0,0,0,0,1,1,0,43,1,2,2,0,2,0,1
night-dragon,Night Dragon,unknown,unknown,unknown,unknown,lead-only,unknown,lead-only,lead-only,lead-only,0,0,0,0,0,0,0,0,0,0,0,0,0,0,0,4,0,5
nightshade-panda,Nightshade Panda,lead-only,unknown,unknown,unknown,lead-only,unknown,lead-only,lead-only,lead-only,0,0,0,0,0,0,0,0,0,0,0,0,3,2,0,20,0,5
nomad-panda,Nomad Panda,lead-only,unknown,unknown,unknown,lead-only,unknown,lead-only,lead-only,lead-only,0,0,0,0,0,0,0,0,0,0,0,0,1,0,0,9,0,5
nomadic-octopus,Nomadic Octopus,lead-only,unknown,unknown,unknown,canonical-present,lead-only,canonical-present,canonical-present,lead-only,0,0,0,0,0,0,0,1,0,0,2,1,1,0,0,4,1,4
noname,NoName,canonical-present,unknown,unknown,unknown,lead-only,unknown,canonical-present,unknown,unknown,2,0,0,0,0,0,0,0,0,0,2,0,0,0,0,1,0,4
nso-group,NSO Group,canonical-present,unknown,unknown,unknown,unknown,unknown,canonical-present,lead-only,lead-only,2,0,0,0,0,0,0,0,0,0,1,0,0,0,0,0,0,4
oceanlotus,OceanLotus,lead-only,unknown,unknown,unknown,canonical-present,canonical-present,canonical-present,lead-only,lead-only,0,0,0,0,0,0,0,10,0,5,7,0,27,0,0,35,10,5
oniondog,OnionDog,unknown,unknown,unknown,unknown,lead-only,unknown,lead-only,lead-only,lead-only,0,0,0,0,0,0,0,0,0,0,0,0,0,0,0,1,0,5
operation-wocao,Operation Wocao,unknown,unknown,unknown,unknown,unknown,unknown,unknown,unknown,unknown,0,0,0,0,0,0,0,0,0,0,0,0,0,0,0,0,0,5
orangeworm,Orangeworm,lead-only,unknown,unknown,unknown,canonical-present,canonical-present,canonical-present,canonical-present,unknown,0,0,0,0,0,0,0,1,0,7,5,1,1,0,0,3,7,4
overlord-spider,Overlord Spider,unknown,unknown,unknown,unknown,unknown,unknown,lead-only,unknown,unknown,0,0,0,0,0,0,0,0,0,0,0,0,0,0,0,0,0,5
pacha-group,Pacha Group,lead-only,unknown,unknown,unknown,lead-only,unknown,unknown,lead-only,lead-only,0,0,0,0,0,0,0,0,0,0,0,0,2,0,0,4,0,5
pale-panda,Pale Panda,unknown,unknown,unknown,unknown,lead-only,unknown,unknown,unknown,lead-only,0,0,0,0,0,0,0,0,0,0,0,0,0,0,0,1,0,5
passcv,PassCV,unknown,lead-only,unknown,unknown,lead-only,unknown,lead-only,lead-only,lead-only,0,0,0,0,0,0,0,0,0,0,0,0,0,3,3,18,0,5
patchwork,Patchwork,canonical-present,canonical-present,unknown,unknown,canonical-present,canonical-present,canonical-present,canonical-present,lead-only,1,0,1,0,0,0,0,6,0,2,7,1,10,0,0,21,2,3
pearl-sleet,Pearl Sleet,unknown,unknown,unknown,unknown,unknown,unknown,unknown,unknown,lead-only,0,0,0,0,0,0,0,0,0,0,0,0,0,2,0,0,0,5
phlox-tempest,Phlox Tempest,unknown,unknown,unknown,unknown,unknown,unknown,unknown,unknown,lead-only,0,0,0,0,0,0,0,0,0,0,0,0,0,4,0,0,0,5
pittytiger,PittyTiger,lead-only,canonical-present,unknown,unknown,canonical-present,canonical-present,lead-only,lead-only,lead-only,0,0,1,0,0,0,0,3,0,2,0,0,4,1,0,11,2,5
pizzo-spider,Pizzo Spider,unknown,unknown,unknown,unknown,unknown,unknown,unknown,unknown,lead-only,0,0,0,0,0,0,0,0,0,0,0,0,0,0,0,0,0,5
platinum,PLATINUM,lead-only,unknown,unknown,unknown,canonical-present,unknown,canonical-present,lead-only,lead-only,0,0,0,0,0,0,0,3,0,0,1,0,3,1,0,12,0,5
play,Play,unknown,unknown,unknown,unknown,canonical-present,canonical-present,lead-only,lead-only,unknown,0,0,0,0,0,0,0,2,0,7,0,0,0,0,0,6,16,6
poison-carp,Poison Carp,lead-only,unknown,unknown,unknown,lead-only,unknown,lead-only,lead-only,lead-only,0,0,0,0,0,0,0,0,0,0,0,0,5,1,0,15,0,5
poisonous-panda,Poisonous Panda,unknown,unknown,unknown,unknown,unknown,unknown,lead-only,unknown,lead-only,0,0,0,0,0,0,0,0,0,0,0,0,0,0,0,0,0,5
polonium,POLONIUM,lead-only,unknown,unknown,unknown,canonical-present,unknown,canonical-present,lead-only,lead-only,0,0,0,0,0,0,0,2,0,0,4,0,1,0,0,7,0,5
poseidon,Poseidon,unknown,unknown,unknown,unknown,unknown,unknown,unknown,unknown,unknown,0,0,0,0,0,0,0,0,0,0,0,0,0,0,0,0,0,5
poseidon-group,Poseidon Group,unknown,unknown,unknown,unknown,lead-only,unknown,lead-only,lead-only,lead-only,0,0,0,0,0,0,0,0,0,0,0,0,0,0,0,1,0,5
predator-panda,Predator Panda,unknown,unknown,unknown,unknown,lead-only,unknown,lead-only,unknown,lead-only,0,0,0,0,0,0,0,0,0,0,0,0,0,0,0,1,0,5
predatory-sparrow,Predatory Sparrow,unknown,unknown,unknown,unknown,unknown,unknown,lead-only,lead-only,unknown,0,0,0,0,0,0,0,0,0,0,0,0,0,0,0,0,0,5
prince-of-persia,Prince of Persia,lead-only,unknown,unknown,unknown,lead-only,unknown,lead-only,lead-only,lead-only,0,0,0,0,0,0,0,0,0,0,0,0,5,1,0,4,0,5
pumpkin-sandstorm,Pumpkin Sandstorm,unknown,unknown,unknown,unknown,unknown,unknown,unknown,unknown,lead-only,0,0,0,0,0,0,0,0,0,0,0,0,0,2,0,0,0,5
putter-panda,Putter Panda,unknown,canonical-present,unknown,unknown,canonical-present,unknown,lead-only,lead-only,lead-only,0,0,1,0,0,0,0,4,0,0,0,0,0,4,0,6,0,5
qtfy,QTFY,canonical-present,unknown,unknown,unknown,canonical-present,unknown,canonical-present,canonical-present,canonical-present,2,0,0,0,0,0,0,3,3,0,8,2,0,0,0,0,0,2
rancor,Rancor,unknown,unknown,unknown,unknown,canonical-present,canonical-present,lead-only,lead-only,lead-only,0,0,0,0,0,0,0,2,0,2,0,0,0,0,0,11,5,6
redalpha,RedAlpha,lead-only,unknown,unknown,unknown,lead-only,unknown,lead-only,lead-only,lead-only,0,0,0,0,0,0,0,0,0,0,0,0,2,0,0,6,0,5
redcurl,RedCurl,canonical-present,unknown,unknown,unknown,lead-only,unknown,canonical-present,canonical-present,unknown,3,0,0,0,0,0,0,0,0,0,5,1,5,0,0,3,0,3
redecho,RedEcho,lead-only,canonical-present,unknown,unknown,canonical-present,unknown,lead-only,lead-only,lead-only,0,0,1,0,0,0,0,1,0,0,0,0,1,0,0,2,0,5
redfoxtrot,RedFoxtrot,lead-only,unknown,unknown,unknown,lead-only,unknown,lead-only,lead-only,lead-only,0,0,0,0,0,0,0,0,0,0,0,0,1,0,0,10,0,5
roaming-mantis,Roaming Mantis,lead-only,unknown,unknown,unknown,lead-only,unknown,lead-only,lead-only,unknown,0,0,0,0,0,0,0,0,0,0,0,0,12,1,0,5,0,5
roaming-tiger,Roaming Tiger,lead-only,unknown,unknown,unknown,lead-only,unknown,lead-only,lead-only,lead-only,0,0,0,0,0,0,0,0,0,0,0,0,3,0,0,8,0,5
rocke,Rocke,lead-only,unknown,unknown,unknown,lead-only,unknown,canonical-present,lead-only,lead-only,0,0,0,0,0,0,0,0,0,0,1,0,8,1,0,6,0,4
rtm,RTM,unknown,unknown,unknown,unknown,canonical-present,lead-only,lead-only,lead-only,lead-only,0,0,0,0,0,0,0,1,0,0,0,0,0,0,0,2,1,6
ruby-sleet,Ruby Sleet,lead-only,lead-only,unknown,unknown,lead-only,unknown,lead-only,lead-only,lead-only,0,0,0,0,0,0,0,0,0,0,0,0,53,1,1,36,0,5
sabre-panda,Sabre Panda,unknown,unknown,unknown,unknown,unknown,unknown,lead-only,unknown,lead-only,0,0,0,0,0,0,0,0,0,0,0,0,0,0,0,0,0,5
saint-bear,Saint Bear,lead-only,canonical-present,unknown,unknown,canonical-present,unknown,canonical-present,lead-only,lead-only,0,0,2,0,0,0,0,2,0,0,2,0,4,0,0,6,0,4
salt-typhoon,Salt Typhoon,canonical-present,canonical-present,canonical-present,unknown,canonical-present,lead-only,canonical-present,lead-only,lead-only,18,3,1,3,3,0,0,1,1,0,11,0,13,0,1,21,6,2
sandcat,Sandcat,unknown,unknown,unknown,unknown,lead-only,unknown,lead-only,lead-only,lead-only,0,0,0,0,0,0,0,0,0,0,0,0,0,0,0,5,0,5
sandworm,Sandworm Team,canonical-present,canonical-present,canonical-present,canonical-present,canonical-present,canonical-present,canonical-present,lead-only,canonical-present,3,3,1,8,8,1,1,20,5,8,6,0,42,0,1,81,10,1
scarab,Scarab,lead-only,unknown,unknown,unknown,lead-only,unknown,lead-only,lead-only,lead-only,0,0,0,0,0,0,0,0,0,0,0,0,1,0,0,3,0,5
scarlet-mimic,Scarlet Mimic,lead-only,canonical-present,unknown,unknown,canonical-present,unknown,canonical-present,lead-only,lead-only,0,0,1,0,0,0,0,4,0,0,1,0,1,0,0,15,0,4
scattered-spider,Scattered Spider,canonical-present,canonical-present,unknown,canonical-present,canonical-present,canonical-present,canonical-present,lead-only,unknown,22,4,1,0,0,1,1,3,0,7,11,0,22,0,0,42,37,3
sea-turtle,Sea Turtle,canonical-present,unknown,unknown,unknown,canonical-present,lead-only,lead-only,canonical-present,lead-only,1,0,0,0,0,0,0,1,0,0,0,1,4,0,0,10,1,5
sectorj04,SectorJ04,lead-only,lead-only,unknown,unknown,lead-only,unknown,lead-only,lead-only,lead-only,0,0,0,0,0,0,0,0,0,0,0,0,25,0,2,36,0,5
shark-spider,Shark Spider,lead-only,unknown,unknown,unknown,lead-only,unknown,lead-only,lead-only,lead-only,0,0,0,0,0,0,0,0,0,0,0,0,1,0,0,1,0,5
sharpshooter,Sharpshooter,unknown,canonical-present,unknown,unknown,unknown,unknown,unknown,canonical-present,unknown,0,0,1,0,0,0,0,0,0,0,0,1,0,0,0,0,0,3
shifty-jackal,Shifty Jackal,unknown,unknown,unknown,unknown,unknown,unknown,unknown,unknown,unknown,0,0,0,0,0,0,0,0,0,0,0,0,0,0,0,0,0,5
sidecopy,SideCopy,lead-only,canonical-present,unknown,unknown,canonical-present,lead-only,canonical-present,lead-only,lead-only,0,0,1,0,0,0,0,2,0,0,3,0,6,0,0,11,1,4
sidewinder,Sidewinder,canonical-present,canonical-present,unknown,unknown,lead-only,canonical-present,canonical-present,lead-only,lead-only,1,0,1,0,0,0,0,0,0,1,18,0,7,0,0,4,2,3
silence,Silence,lead-only,unknown,unknown,unknown,lead-only,canonical-present,canonical-present,canonical-present,unknown,0,0,0,0,0,0,0,0,0,3,9,1,5,0,0,14,5,3
silence-group,Silence Group,unknown,unknown,unknown,unknown,lead-only,unknown,lead-only,unknown,unknown,0,0,0,0,0,0,0,0,0,0,0,0,0,0,0,2,0,5
silent-librarian,Silent Librarian,canonical-present,unknown,unknown,unknown,unknown,unknown,canonical-present,lead-only,lead-only,1,1,0,0,0,0,0,0,0,0,4,0,3,2,0,0,0,3
silverterrier,SilverTerrier,unknown,unknown,unknown,unknown,canonical-present,unknown,canonical-present,unknown,lead-only,0,0,0,0,0,0,0,5,0,0,2,0,0,0,0,12,0,5
sima,Sima,unknown,unknown,unknown,unknown,lead-only,unknown,lead-only,lead-only,lead-only,0,0,0,0,0,0,0,0,0,0,0,0,0,0,0,2,0,5
singing-spider,Singing Spider,unknown,unknown,unknown,unknown,unknown,unknown,lead-only,unknown,unknown,0,0,0,0,0,0,0,0,0,0,0,0,0,0,0,0,0,5
sixlittlemonkeys,SixLittleMonkeys,lead-only,unknown,unknown,unknown,lead-only,unknown,lead-only,lead-only,lead-only,0,0,0,0,0,0,0,0,0,0,0,0,1,1,0,9,0,5
slingshot,Slingshot,lead-only,unknown,unknown,unknown,lead-only,unknown,lead-only,lead-only,unknown,0,0,0,0,0,0,0,0,0,0,0,0,1,0,0,10,0,5
snake-wine,Snake Wine,unknown,unknown,unknown,unknown,lead-only,unknown,lead-only,lead-only,lead-only,0,0,0,0,0,0,0,0,0,0,0,0,0,0,0,3,0,5
snowglobe,Snowglobe,unknown,unknown,unknown,unknown,lead-only,unknown,lead-only,lead-only,lead-only,0,0,0,0,0,0,0,0,0,0,0,0,0,1,0,8,0,5
sowbug,Sowbug,unknown,unknown,unknown,unknown,canonical-present,unknown,canonical-present,lead-only,lead-only,0,0,0,0,0,0,0,2,0,0,3,0,0,0,0,2,0,5
spacecobra,SpaceCobra,unknown,unknown,unknown,unknown,canonical-present,unknown,unknown,unknown,canonical-present,0,0,0,0,0,0,0,1,0,0,0,0,0,0,0,0,0,6
sparkling-goblin,Sparkling Goblin,lead-only,unknown,unknown,unknown,lead-only,unknown,lead-only,lead-only,lead-only,0,0,0,0,0,0,0,0,0,0,0,0,37,0,0,78,0,5
spicy-panda,Spicy Panda,unknown,unknown,unknown,unknown,unknown,unknown,unknown,unknown,lead-only,0,0,0,0,0,0,0,0,0,0,0,0,0,0,0,0,0,5
spiral,Spiral,unknown,unknown,unknown,unknown,lead-only,unknown,unknown,unknown,unknown,0,0,0,0,0,0,0,0,0,0,0,0,0,0,0,2,0,5
spivy,SPIVY,unknown,unknown,unknown,unknown,unknown,unknown,lead-only,unknown,unknown,0,0,0,0,0,0,0,0,0,0,0,0,0,0,0,0,0,5
static-spider,Static Spider,unknown,unknown,unknown,unknown,unknown,unknown,unknown,unknown,unknown,0,0,0,0,0,0,0,0,0,0,0,0,0,0,0,0,0,5
stealth-falcon,Stealth Falcon,lead-only,unknown,unknown,unknown,lead-only,unknown,canonical-present,lead-only,lead-only,0,0,0,0,0,0,0,0,0,0,3,0,7,0,0,3,0,4
stibnite,STIBNITE,unknown,unknown,unknown,unknown,lead-only,unknown,unknown,unknown,unknown,0,0,0,0,0,0,0,0,0,0,0,0,0,0,0,1,0,5
storm-0062,Storm-0062,unknown,unknown,unknown,unknown,unknown,unknown,unknown,unknown,lead-only,0,0,0,0,0,0,0,0,0,0,0,0,0,0,0,0,0,5
storm-0133,sTOrm-0133,unknown,unknown,unknown,unknown,unknown,unknown,lead-only,unknown,lead-only,0,0,0,0,0,0,0,0,0,0,0,0,0,0,0,0,0,5
storm-0156,Storm-0156,lead-only,unknown,unknown,unknown,lead-only,unknown,lead-only,lead-only,lead-only,0,0,0,0,0,0,0,0,0,0,0,0,23,0,0,23,0,5
storm-0216,Storm-0216,unknown,unknown,unknown,unknown,unknown,unknown,unknown,unknown,lead-only,0,0,0,0,0,0,0,0,0,0,0,0,0,0,0,0,0,5
storm-0249,Storm-0249,unknown,unknown,unknown,unknown,unknown,unknown,unknown,unknown,unknown,0,0,0,0,0,0,0,0,0,0,0,0,0,0,0,0,0,5
storm-0252,Storm-0252,unknown,unknown,unknown,unknown,unknown,unknown,unknown,unknown,unknown,0,0,0,0,0,0,0,0,0,0,0,0,0,0,0,0,0,5
storm-0259,Storm-0259,unknown,unknown,unknown,unknown,unknown,unknown,unknown,unknown,unknown,0,0,0,0,0,0,0,0,0,0,0,0,0,0,0,0,0,5
storm-0324,Storm-0324,unknown,unknown,unknown,unknown,unknown,unknown,unknown,unknown,unknown,0,0,0,0,0,0,0,0,0,0,0,0,0,0,0,0,0,5
storm-0381,Storm-0381,unknown,unknown,unknown,unknown,unknown,unknown,unknown,unknown,lead-only,0,0,0,0,0,0,0,0,0,0,0,0,0,0,0,0,0,5
storm-0391,Storm-0391,lead-only,unknown,unknown,unknown,lead-only,unknown,lead-only,lead-only,lead-only,0,0,0,0,0,0,0,0,0,0,0,0,13,0,0,3,0,5
storm-0408,Storm-0408,unknown,unknown,unknown,unknown,unknown,unknown,unknown,unknown,unknown,0,0,0,0,0,0,0,0,0,0,0,0,0,0,0,0,0,5
storm-0455,Storm-0455,unknown,unknown,unknown,unknown,unknown,unknown,unknown,unknown,unknown,0,0,0,0,0,0,0,0,0,0,0,0,0,0,0,0,0,5
storm-0485,Storm-0485,unknown,unknown,unknown,unknown,unknown,unknown,unknown,unknown,unknown,0,0,0,0,0,0,0,0,0,0,0,0,0,0,0,0,0,5
storm-0501,Storm-0501,canonical-present,unknown,unknown,canonical-present,canonical-present,canonical-present,lead-only,canonical-present,unknown,2,0,0,0,0,1,2,2,1,6,0,1,0,0,0,7,10,4
storm-0506,Storm-0506,unknown,unknown,unknown,unknown,unknown,unknown,unknown,unknown,unknown,0,0,0,0,0,0,0,0,0,0,0,0,0,0,0,0,0,5
storm-0530,Storm-0530,unknown,unknown,unknown,unknown,unknown,unknown,unknown,unknown,lead-only,0,0,0,0,0,0,0,0,0,0,0,0,0,2,0,0,0,5
storm-0539,Storm-0539,canonical-present,unknown,unknown,unknown,unknown,unknown,unknown,unknown,unknown,1,0,0,0,0,0,0,0,0,0,0,0,0,0,0,0,0,5
storm-0558,Storm-0558,canonical-present,unknown,unknown,unknown,lead-only,unknown,canonical-present,lead-only,lead-only,1,0,0,0,0,0,0,0,0,0,1,0,0,0,0,1,0,4
storm-0569,Storm-0569,unknown,unknown,unknown,unknown,unknown,unknown,unknown,unknown,unknown,0,0,0,0,0,0,0,0,0,0,0,0,0,0,0,0,0,5
storm-0589,Storm-0589,unknown,unknown,unknown,unknown,unknown,unknown,unknown,unknown,unknown,0,0,0,0,0,0,0,0,0,0,0,0,0,0,0,0,0,5
storm-0593,Storm-0593,unknown,unknown,unknown,unknown,unknown,unknown,unknown,unknown,lead-only,0,0,0,0,0,0,0,0,0,0,0,0,0,0,0,0,0,5
storm-0601,Storm-0601,unknown,unknown,unknown,unknown,unknown,unknown,unknown,unknown,unknown,0,0,0,0,0,0,0,0,0,0,0,0,0,0,0,0,0,5
storm-0744,Storm-0744,unknown,unknown,unknown,unknown,unknown,unknown,unknown,unknown,unknown,0,0,0,0,0,0,0,0,0,0,0,0,0,0,0,0,0,5
storm-0829,Storm-0829,unknown,unknown,unknown,unknown,unknown,unknown,unknown,unknown,unknown,0,0,0,0,0,0,0,0,0,0,0,0,0,0,0,0,0,5
storm-0835,Storm-0835,unknown,unknown,unknown,unknown,unknown,unknown,unknown,unknown,unknown,0,0,0,0,0,0,0,0,0,0,0,0,0,0,0,0,0,5
storm-0842,Storm-0842,lead-only,unknown,unknown,unknown,lead-only,unknown,lead-only,lead-only,lead-only,0,0,0,0,0,0,0,0,0,0,0,0,2,0,0,6,0,5
storm-0844,Storm-0844,unknown,unknown,unknown,unknown,lead-only,lead-only,unknown,lead-only,unknown,0,0,0,0,0,0,0,0,0,0,0,0,0,0,0,2,4,5
storm-0856,Storm-0856,unknown,unknown,unknown,unknown,unknown,unknown,unknown,unknown,unknown,0,0,0,0,0,0,0,0,0,0,0,0,0,0,0,0,0,5
storm-0861,Storm-0861,lead-only,unknown,unknown,unknown,lead-only,unknown,lead-only,lead-only,lead-only,0,0,0,0,0,0,0,0,0,0,0,0,30,0,0,47,0,5
storm-0866,STORM-0866,unknown,unknown,unknown,unknown,unknown,unknown,unknown,unknown,unknown,0,0,0,0,0,0,0,0,0,0,0,0,0,0,0,0,0,5
storm-0867,Storm-0867,unknown,unknown,unknown,unknown,unknown,unknown,unknown,unknown,lead-only,0,0,0,0,0,0,0,0,0,0,0,0,0,0,0,0,0,5
storm-0900,Storm-0900,unknown,unknown,unknown,unknown,unknown,unknown,unknown,unknown,unknown,0,0,0,0,0,0,0,0,0,0,0,0,0,0,0,0,0,5
storm-0940,Storm-0940,canonical-present,unknown,unknown,unknown,unknown,unknown,unknown,unknown,lead-only,1,0,0,0,0,0,0,0,0,0,0,0,0,0,0,0,0,5
storm-0971,Storm-0971,unknown,unknown,unknown,unknown,unknown,unknown,unknown,unknown,unknown,0,0,0,0,0,0,0,0,0,0,0,0,0,0,0,0,0,5
storm-0978,Storm-0978,canonical-present,unknown,unknown,unknown,lead-only,unknown,lead-only,lead-only,lead-only,1,0,0,0,0,0,0,0,0,0,0,0,7,0,0,4,0,5
storm-1084,Storm-1084,unknown,unknown,unknown,unknown,unknown,unknown,unknown,unknown,lead-only,0,0,0,0,0,0,0,0,0,0,0,0,0,0,0,0,0,5
storm-1099,Storm-1099,unknown,unknown,unknown,unknown,unknown,unknown,unknown,unknown,lead-only,0,0,0,0,0,0,0,0,0,0,0,0,0,0,0,0,0,5
storm-1101,Storm-1101,unknown,unknown,unknown,unknown,unknown,unknown,unknown,unknown,unknown,0,0,0,0,0,0,0,0,0,0,0,0,0,0,0,0,0,5
storm-1113,Storm-1113,unknown,unknown,unknown,unknown,unknown,unknown,unknown,unknown,unknown,0,0,0,0,0,0,0,0,0,0,0,0,0,0,0,0,0,5
storm-1133,Storm-1133,unknown,unknown,unknown,unknown,unknown,unknown,unknown,unknown,lead-only,0,0,0,0,0,0,0,0,0,0,0,0,0,0,0,0,0,5
storm-1152,Storm-1152,unknown,unknown,unknown,unknown,unknown,unknown,unknown,unknown,lead-only,0,0,0,0,0,0,0,0,0,0,0,0,0,0,0,0,0,5
storm-1175,Storm-1175,canonical-present,unknown,unknown,unknown,canonical-present,unknown,canonical-present,unknown,lead-only,3,1,0,0,0,0,0,1,1,0,1,0,0,0,0,0,0,3
storm-1283,Storm-1283,unknown,unknown,unknown,unknown,unknown,unknown,unknown,unknown,unknown,0,0,0,0,0,0,0,0,0,0,0,0,0,0,0,0,0,5
storm-1286,Storm-1286,unknown,unknown,unknown,unknown,unknown,unknown,unknown,unknown,unknown,0,0,0,0,0,0,0,0,0,0,0,0,0,0,0,0,0,5
storm-1295,Storm-1295,unknown,unknown,unknown,unknown,unknown,unknown,unknown,unknown,unknown,0,0,0,0,0,0,0,0,0,0,0,0,0,0,0,0,0,5
storm-1359,Storm-1359,unknown,unknown,unknown,unknown,unknown,unknown,unknown,unknown,unknown,0,0,0,0,0,0,0,0,0,0,0,0,0,0,0,0,0,5
storm-1376,Storm-1376,unknown,unknown,unknown,unknown,unknown,unknown,unknown,unknown,unknown,0,0,0,0,0,0,0,0,0,0,0,0,0,0,0,0,0,5
storm-1516,Storm-1516,unknown,unknown,unknown,unknown,unknown,unknown,unknown,unknown,lead-only,0,0,0,0,0,0,0,0,0,0,0,0,0,0,0,0,0,5
storm-1575,STORM-1575,unknown,unknown,unknown,unknown,unknown,unknown,unknown,unknown,unknown,0,0,0,0,0,0,0,0,0,0,0,0,0,0,0,0,0,5
storm-1674,Storm-1674,unknown,unknown,unknown,unknown,unknown,unknown,unknown,unknown,unknown,0,0,0,0,0,0,0,0,0,0,0,0,0,0,0,0,0,5
storm-1679,Storm-1679,unknown,unknown,unknown,unknown,unknown,unknown,unknown,unknown,lead-only,0,0,0,0,0,0,0,0,0,0,0,0,0,0,0,0,0,5
storm-1747,Storm-1747,unknown,unknown,unknown,unknown,unknown,unknown,unknown,unknown,unknown,0,0,0,0,0,0,0,0,0,0,0,0,0,0,0,0,0,5
storm-1811,Storm-1811,canonical-present,unknown,unknown,unknown,canonical-present,canonical-present,unknown,canonical-present,unknown,1,0,0,0,0,0,0,3,1,4,0,1,0,0,0,3,8,4
storm-1837,Storm-1837,unknown,unknown,unknown,unknown,unknown,unknown,unknown,unknown,lead-only,0,0,0,0,0,0,0,0,0,0,0,0,0,0,0,0,0,5
storm-1849,Storm-1849,canonical-present,unknown,unknown,unknown,canonical-present,unknown,canonical-present,unknown,unknown,3,1,0,0,0,0,0,3,3,0,1,0,0,0,0,0,0,3
storm-1865,Storm-1865,unknown,unknown,unknown,unknown,unknown,unknown,unknown,unknown,unknown,0,0,0,0,0,0,0,0,0,0,0,0,0,0,0,0,0,5
storm-1919,Storm-1919,unknown,unknown,unknown,unknown,unknown,unknown,unknown,unknown,unknown,0,0,0,0,0,0,0,0,0,0,0,0,0,0,0,0,0,5
storm-2035,Storm-2035,unknown,unknown,unknown,unknown,unknown,unknown,unknown,unknown,lead-only,0,0,0,0,0,0,0,0,0,0,0,0,0,0,0,0,0,5
storm-2049,Storm-2049,unknown,unknown,unknown,unknown,unknown,unknown,unknown,unknown,unknown,0,0,0,0,0,0,0,0,0,0,0,0,0,0,0,0,0,5
storm-2077,Storm-2077,canonical-present,unknown,unknown,unknown,lead-only,unknown,canonical-present,lead-only,lead-only,1,1,0,0,0,0,0,0,0,0,1,0,0,0,0,5,0,3
storm-2126,Storm-2126,unknown,unknown,unknown,unknown,unknown,unknown,unknown,unknown,unknown,0,0,0,0,0,0,0,0,0,0,0,0,0,0,0,0,0,5
storm-2139,Storm-2139,unknown,unknown,unknown,unknown,unknown,unknown,lead-only,lead-only,unknown,0,0,0,0,0,0,0,0,0,0,0,0,0,0,0,0,0,5
storm-2227,Storm-2227,unknown,unknown,unknown,unknown,unknown,unknown,unknown,unknown,unknown,0,0,0,0,0,0,0,0,0,0,0,0,0,0,0,0,0,5
storm-2372,Storm-2372,unknown,unknown,unknown,unknown,unknown,unknown,unknown,unknown,lead-only,0,0,0,0,0,0,0,0,0,0,0,0,0,0,0,0,0,5
storm-2460,Storm-2460,unknown,unknown,unknown,unknown,unknown,unknown,unknown,unknown,unknown,0,0,0,0,0,0,0,0,0,0,0,0,0,0,0,0,0,5
storm-2470,Storm-2470,unknown,unknown,unknown,unknown,unknown,unknown,unknown,unknown,lead-only,0,0,0,0,0,0,0,0,0,0,0,0,0,0,0,0,0,5
storm-2502,Storm-2502,unknown,unknown,unknown,unknown,unknown,unknown,unknown,unknown,unknown,0,0,0,0,0,0,0,0,0,0,0,0,0,0,0,0,0,5
storm-2561,Storm-2561,unknown,unknown,unknown,unknown,unknown,unknown,unknown,unknown,unknown,0,0,0,0,0,0,0,0,0,0,0,0,0,0,0,0,0,5
storm-2603,Storm-2603,canonical-present,unknown,unknown,unknown,canonical-present,unknown,canonical-present,unknown,lead-only,2,1,0,0,0,0,0,1,1,0,2,0,0,0,0,0,0,3
storm-2657,Storm-2657,unknown,unknown,unknown,unknown,unknown,unknown,unknown,unknown,unknown,0,0,0,0,0,0,0,0,0,0,0,0,0,0,0,0,0,5
storm-2754,Storm-2754,unknown,unknown,unknown,unknown,unknown,unknown,unknown,unknown,unknown,0,0,0,0,0,0,0,0,0,0,0,0,0,0,0,0,0,5
storm-2755,Storm-2755,unknown,unknown,unknown,unknown,unknown,unknown,unknown,unknown,unknown,0,0,0,0,0,0,0,0,0,0,0,0,0,0,0,0,0,5
storm-2949,Storm-2949,unknown,unknown,unknown,unknown,unknown,unknown,unknown,unknown,unknown,0,0,0,0,0,0,0,0,0,0,0,0,0,0,0,0,0,5
storm-3032,Storm-3032,unknown,unknown,unknown,unknown,unknown,unknown,unknown,unknown,unknown,0,0,0,0,0,0,0,0,0,0,0,0,0,0,0,0,0,5
storm-3121,Storm-3121,unknown,unknown,unknown,unknown,unknown,unknown,unknown,unknown,unknown,0,0,0,0,0,0,0,0,0,0,0,0,0,0,0,0,0,5
storm-3138,Storm-3138,unknown,unknown,unknown,unknown,unknown,unknown,unknown,unknown,unknown,0,0,0,0,0,0,0,0,0,0,0,0,0,0,0,0,0,5
storm-cloud,Storm Cloud,lead-only,unknown,unknown,unknown,lead-only,unknown,lead-only,lead-only,lead-only,0,0,0,0,0,0,0,0,0,0,0,0,9,0,0,11,0,5
strider,Strider,unknown,unknown,unknown,unknown,canonical-present,unknown,canonical-present,lead-only,lead-only,0,0,0,0,0,0,0,1,0,0,5,0,0,0,0,1,0,5
strongpity,PROMETHIUM,canonical-present,canonical-present,unknown,unknown,canonical-present,unknown,canonical-present,canonical-present,lead-only,1,1,1,0,0,0,0,2,1,0,2,1,9,0,0,7,0,1
suckfly,Suckfly,lead-only,unknown,unknown,unknown,canonical-present,unknown,lead-only,lead-only,lead-only,0,0,0,0,0,0,0,1,0,0,0,0,2,0,0,6,0,6
sunflower,SunFlower,unknown,unknown,unknown,unknown,unknown,unknown,unknown,unknown,unknown,0,0,0,0,0,0,0,0,0,0,0,0,0,4,0,0,0,5
sunglow-blizzard,Sunglow Blizzard,unknown,unknown,unknown,unknown,unknown,unknown,unknown,unknown,lead-only,0,0,0,0,0,0,0,0,0,0,0,0,0,1,0,0,0,5
svcmondr,SVCMONDR,unknown,unknown,unknown,unknown,lead-only,unknown,lead-only,lead-only,lead-only,0,0,0,0,0,0,0,0,0,0,0,0,0,0,0,4,0,5
syrian-electronic-army-sea,Syrian Electronic Army (SEA),lead-only,unknown,unknown,unknown,lead-only,unknown,lead-only,lead-only,lead-only,0,0,0,0,0,0,0,0,0,0,0,0,2,0,0,7,0,5
ta2101,TA2101,lead-only,unknown,unknown,unknown,lead-only,unknown,lead-only,lead-only,lead-only,0,0,0,0,0,0,0,0,0,0,0,0,35,0,0,13,0,5
ta2541,TA2541,unknown,unknown,unknown,unknown,canonical-present,canonical-present,canonical-present,lead-only,unknown,0,0,0,0,0,0,0,7,0,2,3,0,0,0,0,15,2,5
ta2726,TA2726,unknown,unknown,unknown,unknown,unknown,unknown,unknown,unknown,unknown,0,0,0,0,0,0,0,0,0,0,0,0,0,0,0,0,0,5
ta2727,TA2727,unknown,unknown,unknown,unknown,unknown,unknown,unknown,unknown,unknown,0,0,0,0,0,0,0,0,0,0,0,0,0,0,0,0,0,5
ta397,TA397,lead-only,unknown,unknown,unknown,lead-only,unknown,lead-only,lead-only,lead-only,0,0,0,0,0,0,0,0,0,0,0,0,10,0,0,3,0,5
ta402,TA402,lead-only,unknown,unknown,unknown,lead-only,unknown,lead-only,lead-only,lead-only,0,0,0,0,0,0,0,0,0,0,0,0,25,0,0,23,0,5
ta404,TA404,lead-only,lead-only,unknown,unknown,lead-only,unknown,lead-only,lead-only,lead-only,0,0,0,0,0,0,0,0,0,0,0,0,114,0,3,158,0,5
ta406,TA406,canonical-present,canonical-present,unknown,unknown,lead-only,unknown,canonical-present,lead-only,lead-only,2,1,1,0,0,0,0,0,0,0,6,0,69,0,1,33,0,2
ta408,TA408,unknown,unknown,unknown,unknown,unknown,unknown,unknown,unknown,unknown,0,0,0,0,0,0,0,0,0,0,0,0,0,0,0,0,0,5
ta410,TA410,lead-only,unknown,unknown,unknown,lead-only,unknown,lead-only,lead-only,unknown,0,0,0,0,0,0,0,0,0,0,0,0,3,0,0,5,0,5
ta413,TA413,lead-only,unknown,unknown,unknown,lead-only,unknown,lead-only,lead-only,lead-only,0,0,0,0,0,0,0,0,0,0,0,0,3,0,0,2,0,5
ta415,TA415,canonical-present,lead-only,unknown,unknown,lead-only,unknown,canonical-present,lead-only,lead-only,1,0,0,0,0,0,0,0,0,0,2,0,37,0,1,78,0,4
ta422,TA422,canonical-present,unknown,unknown,unknown,lead-only,unknown,canonical-present,lead-only,lead-only,1,0,0,0,0,0,0,0,0,0,3,0,91,0,0,41,0,4
ta444,TA444,canonical-present,canonical-present,unknown,unknown,canonical-present,unknown,canonical-present,lead-only,lead-only,1,1,1,0,0,0,0,7,7,0,1,0,22,0,0,0,0,2
ta451,TA451,lead-only,unknown,unknown,unknown,lead-only,unknown,lead-only,lead-only,lead-only,0,0,0,0,0,0,0,0,0,0,0,0,6,0,0,25,0,5
ta454,TA454,lead-only,unknown,unknown,unknown,lead-only,unknown,lead-only,lead-only,lead-only,0,0,0,0,0,0,0,0,0,0,0,0,4,0,0,22,0,5
ta455,TA455,canonical-present,unknown,unknown,unknown,lead-only,unknown,canonical-present,lead-only,lead-only,1,0,0,0,0,0,0,0,0,0,2,0,2,0,0,5,0,4
ta4557,TA4557,lead-only,unknown,unknown,unknown,lead-only,unknown,lead-only,lead-only,lead-only,0,0,0,0,0,0,0,0,0,0,0,0,3,0,0,13,0,5
ta4563,TA4563,lead-only,unknown,unknown,unknown,lead-only,unknown,lead-only,lead-only,unknown,0,0,0,0,0,0,0,0,0,0,0,0,4,0,0,13,0,5
ta459,TA459,lead-only,unknown,unknown,unknown,canonical-present,unknown,canonical-present,lead-only,lead-only,0,0,0,0,0,0,0,4,0,0,5,0,1,0,0,7,0,5
ta482,TA482,unknown,unknown,unknown,unknown,unknown,unknown,unknown,unknown,lead-only,0,0,0,0,0,0,0,0,0,0,0,0,0,0,0,0,0,5
ta488,TA488,unknown,unknown,unknown,unknown,unknown,unknown,unknown,unknown,lead-only,0,0,0,0,0,0,0,0,0,0,0,0,0,0,0,0,0,5
ta4900,TA4900,lead-only,unknown,unknown,unknown,unknown,unknown,lead-only,lead-only,lead-only,0,0,0,0,0,0,0,0,0,0,0,0,3,0,0,0,0,5
ta4903,TA4903,unknown,unknown,unknown,unknown,unknown,unknown,unknown,unknown,unknown,0,0,0,0,0,0,0,0,0,0,0,0,0,0,0,0,0,5
ta4922,TA4922,unknown,unknown,unknown,unknown,unknown,unknown,unknown,unknown,lead-only,0,0,0,0,0,0,0,0,0,0,0,0,0,0,0,0,0,5
ta505,TA505,canonical-present,canonical-present,unknown,unknown,canonical-present,canonical-present,canonical-present,lead-only,lead-only,1,0,2,0,0,0,0,11,1,5,1,0,25,2,2,41,9,3
ta511,TA511,lead-only,unknown,unknown,unknown,lead-only,unknown,lead-only,lead-only,unknown,0,0,0,0,0,0,0,0,0,0,0,0,1,0,0,4,0,5
ta516,TA516,lead-only,unknown,unknown,unknown,lead-only,unknown,lead-only,lead-only,unknown,0,0,0,0,0,0,0,0,0,0,0,0,5,1,0,5,0,5
ta530,TA530,lead-only,unknown,unknown,unknown,lead-only,unknown,lead-only,lead-only,lead-only,0,0,0,0,0,0,0,0,0,0,0,0,1,0,0,10,0,5
ta543,TA543,unknown,unknown,unknown,unknown,unknown,unknown,unknown,unknown,unknown,0,0,0,0,0,0,0,0,0,0,0,0,0,1,0,0,0,5
ta544,TA544,lead-only,unknown,unknown,unknown,lead-only,unknown,lead-only,lead-only,unknown,0,0,0,0,0,0,0,0,0,0,0,0,16,0,0,11,0,5
ta545,TA545,unknown,unknown,unknown,unknown,unknown,unknown,unknown,unknown,unknown,0,0,0,0,0,0,0,0,0,0,0,0,0,1,0,0,0,5
ta547,TA547,canonical-present,unknown,unknown,unknown,lead-only,lead-only,canonical-present,lead-only,unknown,1,1,0,0,0,0,0,0,0,0,1,0,6,0,0,6,1,3
ta549,TA549,unknown,unknown,unknown,unknown,unknown,unknown,unknown,unknown,unknown,0,0,0,0,0,0,0,0,0,0,0,0,0,0,0,0,0,5
ta551,TA551,lead-only,unknown,unknown,unknown,canonical-present,canonical-present,canonical-present,canonical-present,lead-only,0,0,0,0,0,0,0,4,0,1,4,1,2,0,0,8,5,4
ta554,TA554,unknown,unknown,unknown,unknown,lead-only,unknown,lead-only,lead-only,unknown,0,0,0,0,0,0,0,0,0,0,0,0,0,0,0,9,0,5
ta555,TA555,unknown,unknown,unknown,unknown,lead-only,unknown,lead-only,lead-only,unknown,0,0,0,0,0,0,0,0,0,0,0,0,0,0,0,2,0,5
ta558,TA558,canonical-present,unknown,unknown,unknown,lead-only,unknown,canonical-present,lead-only,unknown,2,0,0,0,0,0,0,0,0,0,8,0,1,0,0,8,0,4
ta564,TA564,unknown,unknown,unknown,unknown,unknown,unknown,lead-only,unknown,unknown,0,0,0,0,0,0,0,0,0,0,0,0,0,1,0,0,0,5
ta570,TA570,unknown,unknown,unknown,unknown,unknown,unknown,unknown,unknown,lead-only,0,0,0,0,0,0,0,0,0,0,0,0,0,0,0,0,0,5
ta571,TA571,unknown,unknown,unknown,unknown,unknown,unknown,unknown,unknown,unknown,0,0,0,0,0,0,0,0,0,0,0,0,0,0,0,0,0,5
ta575,TA575,unknown,unknown,unknown,unknown,unknown,unknown,unknown,unknown,unknown,0,0,0,0,0,0,0,0,0,0,0,0,0,0,0,0,0,5
ta577,TA577,unknown,unknown,unknown,unknown,canonical-present,unknown,unknown,lead-only,lead-only,0,0,0,0,0,0,0,3,0,0,0,0,0,0,0,9,0,6
ta578,TA578,unknown,unknown,unknown,unknown,canonical-present,unknown,unknown,lead-only,unknown,0,0,0,0,0,0,0,3,0,0,0,0,0,0,0,3,0,6
ta580,TA580,unknown,unknown,unknown,unknown,unknown,unknown,unknown,unknown,unknown,0,0,0,0,0,0,0,0,0,0,0,0,0,0,0,0,0,5
ta582,TA582,unknown,unknown,unknown,unknown,unknown,unknown,unknown,unknown,unknown,0,0,0,0,0,0,0,0,0,0,0,0,0,0,0,0,0,5
ta584,TA584,unknown,unknown,unknown,unknown,unknown,unknown,unknown,unknown,unknown,0,0,0,0,0,0,0,0,0,0,0,0,0,0,0,0,0,5
ta800,TA800,unknown,unknown,unknown,unknown,unknown,unknown,unknown,unknown,unknown,0,0,0,0,0,0,0,0,0,0,0,0,0,0,0,0,0,5
ta866,TA866,unknown,unknown,unknown,unknown,unknown,unknown,unknown,unknown,unknown,0,0,0,0,0,0,0,0,0,0,0,0,0,0,0,0,0,5
tag-0530,TAG-0530,lead-only,lead-only,unknown,unknown,lead-only,unknown,lead-only,lead-only,lead-only,0,0,0,0,0,0,0,0,0,0,0,0,41,0,1,63,0,5
tag-0700,TAG-0700,lead-only,unknown,unknown,unknown,lead-only,unknown,lead-only,lead-only,lead-only,0,0,0,0,0,0,0,0,0,0,0,0,91,0,0,41,0,5
tag-100,TAG-100,canonical-present,unknown,unknown,unknown,lead-only,unknown,canonical-present,lead-only,lead-only,2,1,0,0,0,0,0,0,0,0,6,0,0,0,0,5,0,3
tag-110,TAG-110,lead-only,unknown,unknown,unknown,lead-only,unknown,lead-only,lead-only,lead-only,0,0,0,0,0,0,0,0,0,0,0,0,91,0,0,41,0,5
tag-124,TAG-124,unknown,unknown,unknown,unknown,unknown,unknown,unknown,unknown,unknown,0,0,0,0,0,0,0,0,0,0,0,0,0,0,0,0,0,5
tag-127,TAG-127,unknown,unknown,unknown,unknown,unknown,unknown,unknown,unknown,unknown,0,0,0,0,0,0,0,0,0,0,0,0,0,0,0,0,0,5
tag-150,TAG-150,unknown,unknown,unknown,unknown,unknown,unknown,unknown,unknown,unknown,0,0,0,0,0,0,0,0,0,0,0,0,0,0,0,0,0,5
tag-195,TAG-195,unknown,unknown,unknown,unknown,unknown,unknown,unknown,unknown,unknown,0,0,0,0,0,0,0,0,0,0,0,0,0,0,0,0,0,5
tag-26,TAG-26,unknown,unknown,unknown,unknown,unknown,unknown,unknown,unknown,unknown,0,0,0,0,0,0,0,0,0,0,0,0,0,0,0,0,0,5
tag-38,TAG-38,unknown,unknown,unknown,unknown,lead-only,unknown,lead-only,lead-only,lead-only,0,0,0,0,0,0,0,0,0,0,0,0,0,0,0,2,0,5
tag-45,TAG-45,unknown,unknown,unknown,unknown,unknown,unknown,unknown,unknown,unknown,0,0,0,0,0,0,0,0,0,0,0,0,0,0,0,0,0,5
tag-56,TAG-56,unknown,unknown,unknown,unknown,unknown,unknown,unknown,unknown,lead-only,0,0,0,0,0,0,0,0,0,0,0,0,0,0,0,0,0,5
tag-70,TAG-70,lead-only,unknown,unknown,unknown,lead-only,unknown,lead-only,lead-only,lead-only,0,0,0,0,0,0,0,0,0,0,0,0,4,0,0,1,0,5
tag-71,TAG-71,lead-only,unknown,unknown,unknown,unknown,unknown,unknown,lead-only,lead-only,0,0,0,0,0,0,0,0,0,0,0,0,22,0,0,0,0,5
tag-82,TAG-82,unknown,unknown,unknown,unknown,unknown,unknown,unknown,unknown,unknown,0,0,0,0,0,0,0,0,0,0,0,0,0,0,0,0,0,5
tag-83,TAG-83,unknown,unknown,unknown,unknown,unknown,unknown,unknown,unknown,unknown,0,0,0,0,0,0,0,0,0,0,0,0,0,0,0,0,0,5
taidoor,Taidoor,lead-only,unknown,unknown,unknown,lead-only,unknown,lead-only,lead-only,lead-only,0,0,0,0,0,0,0,0,0,0,0,0,1,0,0,2,0,5
taskmasters,Taskmasters,lead-only,unknown,unknown,unknown,lead-only,unknown,lead-only,lead-only,lead-only,0,0,0,0,0,0,0,0,0,0,0,0,1,0,0,20,0,5
teampcp,TeamPCP,canonical-present,unknown,unknown,unknown,canonical-present,unknown,canonical-present,canonical-present,canonical-present,2,2,0,0,0,0,0,6,3,0,6,2,0,0,0,0,0,1
teamspy-crew,TeamSpy Crew,lead-only,unknown,unknown,unknown,lead-only,unknown,lead-only,lead-only,lead-only,0,0,0,0,0,0,0,0,0,0,0,0,2,1,0,4,0,5
teamtnt,TeamTNT,unknown,unknown,unknown,unknown,canonical-present,canonical-present,canonical-present,lead-only,unknown,0,0,0,0,0,0,0,1,0,3,1,0,0,0,0,1,4,5
temp-hermit,TEMP.Hermit,lead-only,canonical-present,unknown,unknown,lead-only,unknown,lead-only,lead-only,lead-only,0,0,1,0,0,0,0,0,0,0,0,0,22,0,0,2,0,4
temp-veles,TEMP.Veles,canonical-present,unknown,canonical-present,unknown,lead-only,canonical-present,lead-only,lead-only,lead-only,2,2,0,2,3,0,0,0,0,2,0,0,4,2,0,7,2,4
temp-zhenbao,TEMP.Zhenbao,lead-only,unknown,unknown,unknown,lead-only,unknown,lead-only,lead-only,lead-only,0,0,0,0,0,0,0,0,0,0,0,0,2,0,0,2,0,5
tempting-cedar,Tempting Cedar,unknown,unknown,unknown,unknown,unknown,unknown,lead-only,unknown,unknown,0,0,0,0,0,0,0,0,0,0,0,0,0,0,0,0,0,5
test-panda,Test Panda,unknown,unknown,unknown,unknown,unknown,unknown,unknown,unknown,lead-only,0,0,0,0,0,0,0,0,0,0,0,0,0,0,0,0,0,5
the-whois-hacking-team,The Whois Hacking Team,unknown,unknown,unknown,unknown,unknown,unknown,unknown,unknown,unknown,0,0,0,0,0,0,0,0,0,0,0,0,0,0,0,0,0,5
threat-group-1314,Threat Group-1314,unknown,unknown,unknown,unknown,unknown,canonical-present,unknown,unknown,unknown,0,0,0,0,0,0,0,0,0,2,0,0,0,0,0,0,2,5
threat-group-3390,Threat Group-3390,lead-only,unknown,canonical-present,unknown,canonical-present,canonical-present,canonical-present,lead-only,lead-only,0,0,0,14,16,0,0,12,0,12,4,0,20,4,0,27,13,5
thrip,Thrip,lead-only,canonical-present,unknown,unknown,canonical-present,canonical-present,canonical-present,canonical-present,lead-only,0,0,1,0,0,0,0,1,0,2,3,1,8,0,0,12,2,3
tick,BRONZE BUTLER,canonical-present,unknown,unknown,unknown,canonical-present,canonical-present,canonical-present,canonical-present,canonical-present,1,0,0,0,0,0,0,7,0,7,4,1,8,0,0,31,7,3
toddycat,ToddyCat,canonical-present,unknown,unknown,unknown,canonical-present,canonical-present,canonical-present,lead-only,lead-only,1,0,0,0,0,0,0,6,0,3,3,0,2,0,0,16,3,5
tonto-team,Tonto Team,lead-only,unknown,unknown,unknown,canonical-present,canonical-present,canonical-present,canonical-present,canonical-present,0,0,0,0,0,0,0,2,0,4,12,1,9,2,0,11,4,3
tortoiseshell,Tortoiseshell,lead-only,lead-only,unknown,unknown,canonical-present,unknown,canonical-present,lead-only,lead-only,0,0,0,0,0,0,0,1,0,0,1,0,5,0,1,10,0,5
toxic-panda,Toxic Panda,unknown,unknown,unknown,unknown,unknown,unknown,lead-only,unknown,lead-only,0,0,0,0,0,0,0,0,0,0,0,0,0,0,0,0,0,5
tracer-kitten,Tracer KItten,unknown,unknown,unknown,unknown,unknown,unknown,lead-only,lead-only,lead-only,0,0,0,0,0,0,0,0,0,0,0,0,0,0,0,0,0,5
transparent-tribe,Transparent Tribe,canonical-present,unknown,unknown,unknown,canonical-present,unknown,canonical-present,lead-only,lead-only,3,2,0,0,0,0,0,7,3,0,5,0,25,0,0,25,0,3
tropic-trooper,Tropic Trooper,lead-only,unknown,unknown,unknown,canonical-present,canonical-present,canonical-present,lead-only,lead-only,0,0,0,0,0,0,0,5,0,1,3,0,13,1,0,17,9,5
turla,Turla,canonical-present,lead-only,canonical-present,unknown,canonical-present,canonical-present,canonical-present,canonical-present,lead-only,4,2,0,1,1,0,0,20,6,13,12,1,42,0,1,71,15,2
twisted-panda,Twisted Panda,unknown,unknown,unknown,unknown,lead-only,unknown,lead-only,lead-only,lead-only,0,0,0,0,0,0,0,0,0,0,0,0,0,0,0,1,0,5
uac-0001,UAC-0001,canonical-present,unknown,unknown,unknown,unknown,unknown,canonical-present,unknown,lead-only,1,0,0,0,0,0,0,0,0,0,6,0,0,0,0,0,0,4
uac-0002,UAC-0002,unknown,unknown,unknown,unknown,unknown,unknown,unknown,unknown,unknown,0,0,0,0,0,0,0,0,0,0,0,0,0,0,0,0,0,5
uac-0003,UAC-0003,unknown,lead-only,unknown,unknown,unknown,unknown,lead-only,unknown,lead-only,0,0,0,0,0,0,0,0,0,0,0,0,0,0,1,0,0,5
uac-0006,UAC-0006,unknown,unknown,unknown,unknown,unknown,unknown,unknown,unknown,unknown,0,0,0,0,0,0,0,0,0,0,0,0,0,0,0,0,0,5
uac-0020,UAC-0020,unknown,unknown,unknown,unknown,unknown,unknown,unknown,unknown,lead-only,0,0,0,0,0,0,0,0,0,0,0,0,0,0,0,0,0,5
uac-0026,UAC-0026,lead-only,unknown,unknown,unknown,lead-only,unknown,lead-only,lead-only,lead-only,0,0,0,0,0,0,0,0,0,0,0,0,1,0,0,3,0,5
uac-0027,UAC-0027,unknown,unknown,unknown,unknown,unknown,unknown,unknown,unknown,unknown,0,0,0,0,0,0,0,0,0,0,0,0,0,0,0,0,0,5
uac-0028,UAC-0028,lead-only,unknown,unknown,unknown,lead-only,unknown,lead-only,lead-only,lead-only,0,0,0,0,0,0,0,0,0,0,0,0,91,0,0,41,0,5
uac-0029,UAC-0029,unknown,lead-only,unknown,unknown,unknown,unknown,lead-only,unknown,lead-only,0,0,0,0,0,0,0,0,0,0,0,0,0,0,1,0,0,5
uac-0035,UAC-0035,lead-only,unknown,unknown,unknown,lead-only,unknown,lead-only,lead-only,lead-only,0,0,0,0,0,0,0,0,0,0,0,0,2,0,0,1,0,5
uac-0041,UAC-0041,unknown,unknown,unknown,unknown,unknown,unknown,unknown,unknown,unknown,0,0,0,0,0,0,0,0,0,0,0,0,0,0,0,0,0,5
uac-0050,UAC-0050,unknown,unknown,unknown,unknown,unknown,unknown,lead-only,unknown,unknown,0,0,0,0,0,0,0,0,0,0,0,0,0,0,0,0,0,5
uac-0051,UAC-0051,lead-only,unknown,unknown,unknown,lead-only,unknown,lead-only,lead-only,lead-only,0,0,0,0,0,0,0,0,0,0,0,0,13,0,0,5,0,5
uac-0057,UAC-0057,lead-only,unknown,unknown,unknown,lead-only,unknown,lead-only,lead-only,lead-only,0,0,0,0,0,0,0,0,0,0,0,0,13,0,0,5,0,5
uac-0063,UAC-0063,lead-only,unknown,unknown,unknown,lead-only,unknown,lead-only,lead-only,lead-only,0,0,0,0,0,0,0,0,0,0,0,0,91,0,0,41,0,5
uac-0082,UAC-0082,lead-only,lead-only,unknown,unknown,lead-only,unknown,lead-only,lead-only,lead-only,0,0,0,0,0,0,0,0,0,0,0,0,20,0,1,28,0,5
uac-0084,UAC-0084,unknown,unknown,unknown,unknown,unknown,unknown,unknown,unknown,unknown,0,0,0,0,0,0,0,0,0,0,0,0,0,0,0,0,0,5
uac-0088,UAC-0088,unknown,unknown,unknown,unknown,unknown,unknown,unknown,unknown,unknown,0,0,0,0,0,0,0,0,0,0,0,0,0,0,0,0,0,5
uac-0094,UAC-0094,unknown,unknown,unknown,unknown,unknown,unknown,unknown,unknown,lead-only,0,0,0,0,0,0,0,0,0,0,0,0,0,0,0,0,0,5
uac-0096,UAC-0096,unknown,unknown,unknown,unknown,unknown,unknown,unknown,unknown,unknown,0,0,0,0,0,0,0,0,0,0,0,0,0,0,0,0,0,5
uac-0097,UAC-0097,unknown,unknown,unknown,unknown,unknown,unknown,unknown,unknown,unknown,0,0,0,0,0,0,0,0,0,0,0,0,0,0,0,0,0,5
uac-0098,UAC-0098,unknown,unknown,unknown,unknown,lead-only,unknown,lead-only,lead-only,unknown,0,0,0,0,0,0,0,0,0,0,0,0,0,0,0,3,0,5
uac-0099,UAC-0099,canonical-present,unknown,unknown,unknown,canonical-present,unknown,canonical-present,unknown,unknown,3,1,0,0,0,0,0,3,3,0,4,0,0,0,0,0,0,3
uac-0100,UAC-0100,unknown,unknown,unknown,unknown,unknown,unknown,unknown,unknown,lead-only,0,0,0,0,0,0,0,0,0,0,0,0,0,0,0,0,0,5
uac-0101,UAC-0101,unknown,unknown,unknown,unknown,unknown,unknown,unknown,unknown,unknown,0,0,0,0,0,0,0,0,0,0,0,0,0,0,0,0,0,5
uac-0104,UAC-0104,unknown,unknown,unknown,unknown,unknown,unknown,unknown,unknown,unknown,0,0,0,0,0,0,0,0,0,0,0,0,0,0,0,0,0,5
uac-0105,UAC-0105,unknown,unknown,unknown,unknown,unknown,unknown,unknown,unknown,unknown,0,0,0,0,0,0,0,0,0,0,0,0,0,0,0,0,0,5
uac-0106,UAC-0106,unknown,unknown,unknown,unknown,unknown,unknown,unknown,unknown,lead-only,0,0,0,0,0,0,0,0,0,0,0,0,0,0,0,0,0,5
uac-0107,UAC-0107,unknown,unknown,unknown,unknown,unknown,unknown,unknown,unknown,unknown,0,0,0,0,0,0,0,0,0,0,0,0,0,0,0,0,0,5
uac-0108,UAC-0108,unknown,unknown,unknown,unknown,unknown,unknown,unknown,unknown,unknown,0,0,0,0,0,0,0,0,0,0,0,0,0,0,0,0,0,5
uac-0109,UAC-0109,unknown,unknown,unknown,unknown,unknown,unknown,unknown,unknown,lead-only,0,0,0,0,0,0,0,0,0,0,0,0,0,0,0,0,0,5
uac-0113,UAC-0113,lead-only,lead-only,unknown,unknown,lead-only,unknown,lead-only,lead-only,lead-only,0,0,0,0,0,0,0,0,0,0,0,0,20,0,1,28,0,5
uac-0120,UAC-0120,unknown,unknown,unknown,unknown,unknown,unknown,unknown,unknown,unknown,0,0,0,0,0,0,0,0,0,0,0,0,0,0,0,0,0,5
uac-0125,UAC-0125,lead-only,unknown,unknown,unknown,lead-only,unknown,lead-only,lead-only,lead-only,0,0,0,0,0,0,0,0,0,0,0,0,20,0,0,28,0,5
uac-0132,UAC-0132,unknown,unknown,unknown,unknown,unknown,unknown,unknown,unknown,unknown,0,0,0,0,0,0,0,0,0,0,0,0,0,0,0,0,0,5
uac-0133,UAC-0133,lead-only,unknown,unknown,unknown,lead-only,unknown,lead-only,lead-only,lead-only,0,0,0,0,0,0,0,0,0,0,0,0,20,0,0,28,0,5
uac-0142,UAC-0142,unknown,unknown,unknown,unknown,unknown,unknown,unknown,unknown,unknown,0,0,0,0,0,0,0,0,0,0,0,0,0,0,0,0,0,5
uac-0145,UAC-0145,canonical-present,canonical-present,unknown,unknown,canonical-present,canonical-present,canonical-present,canonical-present,canonical-present,2,2,2,0,0,0,0,11,11,4,6,1,0,0,1,0,0,1
uac-0149,UAC-0149,unknown,unknown,unknown,unknown,unknown,unknown,unknown,unknown,unknown,0,0,0,0,0,0,0,0,0,0,0,0,0,0,0,0,0,5
uac-0150,UAC-0150,unknown,unknown,unknown,unknown,unknown,unknown,unknown,unknown,unknown,0,0,0,0,0,0,0,0,0,0,0,0,0,0,0,0,0,5
uac-0165,UAC-0165,unknown,unknown,unknown,unknown,unknown,unknown,unknown,unknown,unknown,0,0,0,0,0,0,0,0,0,0,0,0,0,0,0,0,0,5
uac-0180,UAC-0180,lead-only,unknown,unknown,unknown,lead-only,unknown,lead-only,lead-only,lead-only,0,0,0,0,0,0,0,0,0,0,0,0,7,0,0,4,0,5
uac-0184,UAC-0184,unknown,unknown,unknown,unknown,unknown,unknown,unknown,unknown,unknown,0,0,0,0,0,0,0,0,0,0,0,0,0,0,0,0,0,5
uac-0185,UAC-0185,unknown,unknown,unknown,unknown,unknown,unknown,unknown,unknown,unknown,0,0,0,0,0,0,0,0,0,0,0,0,0,0,0,0,0,5
uac-0188,UAC-0188,canonical-present,unknown,unknown,unknown,unknown,unknown,canonical-present,unknown,unknown,1,0,0,0,0,0,0,0,0,0,2,0,0,0,0,0,0,4
uac-0190,UAC-0190,unknown,unknown,unknown,unknown,unknown,unknown,unknown,unknown,lead-only,0,0,0,0,0,0,0,0,0,0,0,0,0,0,0,0,0,5
uac-0194,UAC-0194,canonical-present,unknown,unknown,unknown,unknown,unknown,canonical-present,unknown,lead-only,1,0,0,0,0,0,0,0,0,0,2,0,0,0,0,0,0,4
uac-0195,UAC-0195,unknown,unknown,unknown,unknown,unknown,unknown,unknown,unknown,unknown,0,0,0,0,0,0,0,0,0,0,0,0,0,0,0,0,0,5
uac-0198,UAC-0198,unknown,unknown,unknown,unknown,unknown,unknown,unknown,unknown,unknown,0,0,0,0,0,0,0,0,0,0,0,0,0,0,0,0,0,5
uac-0200,UAC-0200,canonical-present,unknown,unknown,unknown,unknown,unknown,canonical-present,unknown,unknown,1,0,0,0,0,0,0,0,0,0,3,0,0,0,0,0,0,4
uac-0210,UAC-0210,unknown,unknown,unknown,unknown,unknown,unknown,unknown,unknown,unknown,0,0,0,0,0,0,0,0,0,0,0,0,0,0,0,0,0,5
uac-0212,UAC-0212,unknown,unknown,unknown,unknown,unknown,unknown,unknown,unknown,unknown,0,0,0,0,0,0,0,0,0,0,0,0,0,0,0,0,0,5
uac-0247,UAC-0247,unknown,unknown,unknown,unknown,unknown,unknown,unknown,unknown,unknown,0,0,0,0,0,0,0,0,0,0,0,0,0,0,0,0,0,5
uac-0252,UAC-0252,unknown,unknown,unknown,unknown,unknown,unknown,unknown,unknown,unknown,0,0,0,0,0,0,0,0,0,0,0,0,0,0,0,0,0,5
unc1066,UNC1066,unknown,unknown,unknown,unknown,unknown,unknown,unknown,unknown,unknown,0,0,0,0,0,0,0,0,0,0,0,0,0,0,0,0,0,5
unc1069,UNC1069,canonical-present,unknown,unknown,unknown,unknown,unknown,canonical-present,unknown,lead-only,3,1,0,0,0,0,0,0,0,0,2,0,0,0,0,0,0,3
unc1115,UNC1115,unknown,unknown,unknown,unknown,unknown,unknown,unknown,unknown,unknown,0,0,0,0,0,0,0,0,0,0,0,0,0,0,0,0,0,5
unc1130,UNC1130,unknown,unknown,unknown,unknown,unknown,unknown,unknown,unknown,unknown,0,0,0,0,0,0,0,0,0,0,0,0,0,0,0,0,0,5
unc1326,UNC1326,lead-only,unknown,unknown,unknown,lead-only,unknown,lead-only,lead-only,lead-only,0,0,0,0,0,0,0,0,0,0,0,0,3,0,0,2,0,5
unc1530,UnC1530,unknown,unknown,unknown,unknown,unknown,unknown,lead-only,unknown,lead-only,0,0,0,0,0,0,0,0,0,0,0,0,0,0,0,0,0,5
unc1549,UNC1549,canonical-present,lead-only,unknown,unknown,canonical-present,unknown,canonical-present,canonical-present,canonical-present,5,2,0,0,0,0,0,7,7,0,21,1,7,0,2,11,0,1
unc1758,UNC1758,unknown,unknown,unknown,unknown,unknown,unknown,unknown,unknown,unknown,0,0,0,0,0,0,0,0,0,0,0,0,0,0,0,0,0,5
unc1860,UNC1860,lead-only,unknown,unknown,unknown,lead-only,unknown,lead-only,lead-only,lead-only,0,0,0,0,0,0,0,0,0,0,0,0,30,0,0,47,0,5
unc1873,UNC1873,unknown,unknown,unknown,unknown,unknown,unknown,unknown,unknown,unknown,0,0,0,0,0,0,0,0,0,0,0,0,0,0,0,0,0,5
unc1908,UNC1908,unknown,unknown,unknown,unknown,unknown,unknown,unknown,unknown,unknown,0,0,0,0,0,0,0,0,0,0,0,0,0,0,0,0,0,5
unc1945,UNC1945,unknown,unknown,unknown,unknown,lead-only,unknown,lead-only,lead-only,lead-only,0,0,0,0,0,0,0,0,0,0,0,0,0,2,0,18,0,5
unc2062,UNC2062,unknown,unknown,unknown,unknown,unknown,unknown,unknown,unknown,unknown,0,0,0,0,0,0,0,0,0,0,0,0,0,0,0,0,0,5
unc215,UNC215,unknown,unknown,unknown,unknown,lead-only,unknown,lead-only,lead-only,lead-only,0,0,0,0,0,0,0,0,0,0,0,0,0,0,0,12,0,5
unc2198,UNC2198,unknown,unknown,unknown,unknown,unknown,unknown,unknown,unknown,lead-only,0,0,0,0,0,0,0,0,0,0,0,0,0,0,0,0,0,5
unc2226,UNC2226,unknown,unknown,unknown,unknown,unknown,unknown,unknown,unknown,unknown,0,0,0,0,0,0,0,0,0,0,0,0,0,0,0,0,0,5
unc2286,UNC2286,lead-only,canonical-present,unknown,unknown,lead-only,unknown,lead-only,lead-only,lead-only,0,0,1,0,0,0,0,0,0,0,0,0,13,0,1,20,0,4
unc2428,UNC2428,canonical-present,unknown,unknown,unknown,unknown,unknown,canonical-present,unknown,lead-only,1,0,0,0,0,0,0,0,0,0,1,0,0,0,0,0,0,4
unc2447,UNC2447,unknown,unknown,unknown,unknown,lead-only,unknown,lead-only,lead-only,unknown,0,0,0,0,0,0,0,0,0,0,0,0,0,0,0,17,0,5
unc2448,UNC2448,unknown,unknown,unknown,unknown,unknown,unknown,unknown,unknown,unknown,0,0,0,0,0,0,0,0,0,0,0,0,0,0,0,0,0,5
unc2465,UNC2465,unknown,unknown,unknown,unknown,unknown,unknown,unknown,unknown,unknown,0,0,0,0,0,0,0,0,0,0,0,0,0,0,0,0,0,5
unc2500,UNC2500,unknown,unknown,unknown,unknown,unknown,unknown,unknown,unknown,unknown,0,0,0,0,0,0,0,0,0,0,0,0,0,0,0,0,0,5
unc2565,UNC2565,unknown,unknown,unknown,unknown,unknown,unknown,unknown,unknown,unknown,0,0,0,0,0,0,0,0,0,0,0,0,0,0,0,0,0,5
unc2596,UNC2596,lead-only,unknown,unknown,unknown,lead-only,unknown,lead-only,lead-only,lead-only,0,0,0,0,0,0,0,0,0,0,0,0,7,0,0,4,0,5
unc2633,UNC2633,unknown,unknown,unknown,unknown,unknown,unknown,unknown,unknown,unknown,0,0,0,0,0,0,0,0,0,0,0,0,0,0,0,0,0,5
unc2639,UNC2639,unknown,unknown,unknown,unknown,unknown,unknown,unknown,unknown,unknown,0,0,0,0,0,0,0,0,0,0,0,0,0,0,0,0,0,5
unc2640,UNC2640,unknown,unknown,unknown,unknown,unknown,unknown,unknown,unknown,unknown,0,0,0,0,0,0,0,0,0,0,0,0,0,0,0,0,0,5
unc2643,UNC2643,unknown,unknown,unknown,unknown,unknown,unknown,unknown,unknown,unknown,0,0,0,0,0,0,0,0,0,0,0,0,0,0,0,0,0,5
unc2652,UNC2652,unknown,unknown,unknown,unknown,unknown,unknown,unknown,unknown,unknown,0,0,0,0,0,0,0,0,0,0,0,0,0,0,0,0,0,5
unc2727,UNC2727,unknown,unknown,unknown,unknown,unknown,unknown,unknown,unknown,unknown,0,0,0,0,0,0,0,0,0,0,0,0,0,0,0,0,0,5
unc2758,UNC2758,unknown,unknown,unknown,unknown,unknown,unknown,unknown,unknown,unknown,0,0,0,0,0,0,0,0,0,0,0,0,0,0,0,0,0,5
unc2814,UNC2814,unknown,unknown,unknown,unknown,unknown,unknown,unknown,unknown,lead-only,0,0,0,0,0,0,0,0,0,0,0,0,0,0,0,0,0,5
unc2891,UNC2891,unknown,unknown,unknown,unknown,lead-only,unknown,lead-only,lead-only,unknown,0,0,0,0,0,0,0,0,0,0,0,0,0,0,0,11,0,5
unc2970,UNC2970,canonical-present,unknown,unknown,unknown,lead-only,unknown,canonical-present,lead-only,lead-only,2,0,0,0,0,0,0,0,0,0,8,0,114,0,0,158,0,4
unc3313,UNC3313,unknown,unknown,unknown,unknown,lead-only,unknown,unknown,unknown,unknown,0,0,0,0,0,0,0,0,0,0,0,0,0,0,0,2,0,5
unc3319,UNC3319,unknown,unknown,unknown,unknown,unknown,unknown,unknown,unknown,unknown,0,0,0,0,0,0,0,0,0,0,0,0,0,0,0,0,0,5
unc3347,UNC3347,unknown,unknown,unknown,unknown,unknown,unknown,unknown,unknown,unknown,0,0,0,0,0,0,0,0,0,0,0,0,0,0,0,0,0,5
unc3507,UNC3507,unknown,unknown,unknown,unknown,unknown,unknown,unknown,unknown,unknown,0,0,0,0,0,0,0,0,0,0,0,0,0,0,0,0,0,5
unc3569,UNC3569,canonical-present,unknown,unknown,unknown,canonical-present,unknown,canonical-present,unknown,lead-only,2,0,0,0,0,0,0,1,1,0,3,0,0,0,0,0,0,4
unc3622,UNC3622,unknown,unknown,unknown,unknown,unknown,unknown,unknown,unknown,unknown,0,0,0,0,0,0,0,0,0,0,0,0,0,0,0,0,0,5
unc366,UNC366,unknown,unknown,unknown,unknown,unknown,unknown,unknown,unknown,unknown,0,0,0,0,0,0,0,0,0,0,0,0,0,0,0,0,0,5
unc3661,UNC3661,unknown,unknown,unknown,unknown,unknown,unknown,unknown,unknown,unknown,0,0,0,0,0,0,0,0,0,0,0,0,0,0,0,0,0,5
unc3666,UNC3666,unknown,unknown,unknown,unknown,unknown,unknown,unknown,unknown,unknown,0,0,0,0,0,0,0,0,0,0,0,0,0,0,0,0,0,5
unc3711,UNC3711,unknown,unknown,unknown,unknown,unknown,unknown,unknown,unknown,unknown,0,0,0,0,0,0,0,0,0,0,0,0,0,0,0,0,0,5
unc3742,UNC3742,unknown,unknown,unknown,unknown,unknown,unknown,lead-only,unknown,lead-only,0,0,0,0,0,0,0,0,0,0,0,0,0,0,0,0,0,5
unc3753,UNC3753,canonical-present,unknown,unknown,unknown,unknown,unknown,canonical-present,unknown,unknown,2,1,0,0,0,0,0,0,0,0,2,0,0,0,0,0,0,3
unc3762,UNC3762,unknown,unknown,unknown,unknown,unknown,unknown,unknown,unknown,unknown,0,0,0,0,0,0,0,0,0,0,0,0,0,0,0,0,0,5
unc3782,UNC3782,canonical-present,unknown,unknown,unknown,unknown,unknown,canonical-present,unknown,unknown,1,0,0,0,0,0,0,0,0,0,1,0,0,0,0,0,0,4
unc3784,UNC3784,unknown,unknown,unknown,unknown,unknown,unknown,lead-only,lead-only,lead-only,0,0,0,0,0,0,0,0,0,0,0,0,0,0,0,0,0,5
unc3786,UNC3786,unknown,unknown,unknown,unknown,unknown,unknown,unknown,unknown,unknown,0,0,0,0,0,0,0,0,0,0,0,0,0,0,0,0,0,5
unc3810,UNC3810,unknown,unknown,unknown,unknown,unknown,unknown,unknown,unknown,unknown,0,0,0,0,0,0,0,0,0,0,0,0,0,0,0,0,0,5
unc3819,UNC3819,unknown,unknown,unknown,unknown,unknown,unknown,unknown,unknown,unknown,0,0,0,0,0,0,0,0,0,0,0,0,0,0,0,0,0,5
unc3840,UNC3840,unknown,unknown,unknown,unknown,unknown,unknown,unknown,unknown,unknown,0,0,0,0,0,0,0,0,0,0,0,0,0,0,0,0,0,5
unc3886,UNC3886,canonical-present,unknown,unknown,unknown,canonical-present,lead-only,canonical-present,canonical-present,lead-only,6,1,0,0,0,0,0,8,4,0,14,1,7,0,0,25,18,2
unc3890,UNC3890,unknown,unknown,unknown,unknown,unknown,unknown,unknown,unknown,lead-only,0,0,0,0,0,0,0,0,0,0,0,0,0,0,0,0,0,5
unc3905,UNC3905,unknown,unknown,unknown,unknown,unknown,unknown,unknown,unknown,unknown,0,0,0,0,0,0,0,0,0,0,0,0,0,0,0,0,0,5
unc394,UNC394,unknown,unknown,unknown,unknown,unknown,unknown,unknown,unknown,unknown,0,0,0,0,0,0,0,0,0,0,0,0,0,0,0,0,0,5
unc3973,UNC3973,unknown,unknown,unknown,unknown,unknown,unknown,unknown,unknown,unknown,0,0,0,0,0,0,0,0,0,0,0,0,0,0,0,0,0,5
unc4034,UNC4034,lead-only,unknown,unknown,unknown,lead-only,unknown,lead-only,lead-only,lead-only,0,0,0,0,0,0,0,0,0,0,0,0,114,0,0,158,0,5
unc4108,UNC4108,unknown,unknown,unknown,unknown,unknown,unknown,unknown,unknown,unknown,0,0,0,0,0,0,0,0,0,0,0,0,0,0,0,0,0,5
unc4131,UNC4131,unknown,unknown,unknown,unknown,unknown,unknown,unknown,unknown,unknown,0,0,0,0,0,0,0,0,0,0,0,0,0,0,0,0,0,5
unc4166,UNC4166,unknown,unknown,unknown,unknown,unknown,unknown,unknown,unknown,unknown,0,0,0,0,0,0,0,0,0,0,0,0,0,0,0,0,0,5
unc4191,UNC4191,unknown,unknown,unknown,unknown,lead-only,unknown,lead-only,lead-only,lead-only,0,0,0,0,0,0,0,0,0,0,0,0,0,0,0,4,0,5
unc4209,UNC4209,unknown,unknown,unknown,unknown,unknown,unknown,unknown,unknown,unknown,0,0,0,0,0,0,0,0,0,0,0,0,0,0,0,0,0,5
unc4210,UNC4210,lead-only,lead-only,unknown,unknown,lead-only,unknown,lead-only,lead-only,lead-only,0,0,0,0,0,0,0,0,0,0,0,0,41,0,1,63,0,5
unc4221,UNC4221,canonical-present,unknown,unknown,unknown,unknown,unknown,canonical-present,unknown,unknown,1,0,0,0,0,0,0,0,0,0,6,0,0,0,0,0,0,4
unc4369,UNC4369,unknown,unknown,unknown,unknown,unknown,unknown,unknown,unknown,unknown,0,0,0,0,0,0,0,0,0,0,0,0,0,0,0,0,0,5
unc4393,UNC4393,canonical-present,unknown,unknown,unknown,unknown,unknown,unknown,unknown,unknown,1,0,0,0,0,0,0,0,0,0,0,0,0,0,0,0,0,5
unc4444,UnC4444,unknown,unknown,unknown,unknown,unknown,unknown,unknown,unknown,unknown,0,0,0,0,0,0,0,0,0,0,0,0,0,0,0,0,0,5
unc4453,UNC4453,unknown,unknown,unknown,unknown,unknown,unknown,lead-only,unknown,lead-only,0,0,0,0,0,0,0,0,0,0,0,0,0,0,0,0,0,5
unc4466,UNC4466,lead-only,unknown,unknown,unknown,lead-only,unknown,lead-only,lead-only,unknown,0,0,0,0,0,0,0,0,0,0,0,0,66,0,0,10,0,5
unc4469,UNC4469,unknown,unknown,unknown,unknown,unknown,unknown,unknown,unknown,unknown,0,0,0,0,0,0,0,0,0,0,0,0,0,0,0,0,0,5
unc4536,UNC4536,canonical-present,unknown,unknown,unknown,unknown,unknown,unknown,unknown,unknown,1,0,0,0,0,0,0,0,0,0,0,0,0,0,0,0,0,5
unc4696,UNC4696,unknown,unknown,unknown,unknown,unknown,unknown,unknown,unknown,unknown,0,0,0,0,0,0,0,0,0,0,0,0,0,0,0,0,0,5
unc4698,UNC4698,unknown,unknown,unknown,unknown,unknown,unknown,unknown,unknown,unknown,0,0,0,0,0,0,0,0,0,0,0,0,0,0,0,0,0,5
unc4713,UNC4713,unknown,unknown,unknown,unknown,unknown,unknown,unknown,unknown,unknown,0,0,0,0,0,0,0,0,0,0,0,0,0,0,0,0,0,5
unc4814,UNC4814,unknown,unknown,unknown,unknown,unknown,unknown,unknown,unknown,unknown,0,0,0,0,0,0,0,0,0,0,0,0,0,0,0,0,0,5
unc4841,UNC4841,unknown,unknown,unknown,unknown,unknown,unknown,unknown,unknown,lead-only,0,0,0,0,0,0,0,0,0,0,0,0,0,0,0,0,0,5
unc4857,UNC4857,unknown,unknown,unknown,unknown,unknown,unknown,unknown,unknown,unknown,0,0,0,0,0,0,0,0,0,0,0,0,0,0,0,0,0,5
unc4895,UNC4895,unknown,unknown,unknown,unknown,unknown,unknown,unknown,unknown,unknown,0,0,0,0,0,0,0,0,0,0,0,0,0,0,0,0,0,5
unc4896,UNC4896,unknown,unknown,unknown,unknown,unknown,unknown,unknown,unknown,unknown,0,0,0,0,0,0,0,0,0,0,0,0,0,0,0,0,0,5
unc4899,UNC4899,canonical-present,lead-only,unknown,unknown,canonical-present,unknown,canonical-present,lead-only,lead-only,3,1,0,0,0,0,0,2,2,0,4,0,114,0,1,158,0,3
unc4962,UNC4962,unknown,unknown,unknown,unknown,unknown,unknown,unknown,unknown,unknown,0,0,0,0,0,0,0,0,0,0,0,0,0,0,0,0,0,5
unc4990,UNC4990,unknown,unknown,unknown,unknown,unknown,unknown,unknown,unknown,lead-only,0,0,0,0,0,0,0,0,0,0,0,0,0,0,0,0,0,5
unc5051,UNC5051,unknown,unknown,unknown,unknown,unknown,unknown,unknown,unknown,unknown,0,0,0,0,0,0,0,0,0,0,0,0,0,0,0,0,0,5
unc5092,UNC5092,unknown,unknown,unknown,unknown,unknown,unknown,unknown,unknown,unknown,0,0,0,0,0,0,0,0,0,0,0,0,0,0,0,0,0,5
unc5103,UNC5103,unknown,unknown,unknown,unknown,unknown,unknown,unknown,unknown,unknown,0,0,0,0,0,0,0,0,0,0,0,0,0,0,0,0,0,5
unc5135,UNC5135,unknown,unknown,unknown,unknown,unknown,unknown,unknown,unknown,unknown,0,0,0,0,0,0,0,0,0,0,0,0,0,0,0,0,0,5
unc5142,UNC5142,unknown,unknown,unknown,unknown,unknown,unknown,unknown,unknown,unknown,0,0,0,0,0,0,0,0,0,0,0,0,0,0,0,0,0,5
unc5155,UNC5155,unknown,unknown,unknown,unknown,unknown,unknown,unknown,unknown,unknown,0,0,0,0,0,0,0,0,0,0,0,0,0,0,0,0,0,5
unc5174,UNC5174,canonical-present,canonical-present,unknown,unknown,canonical-present,unknown,canonical-present,lead-only,unknown,3,0,1,0,0,0,0,2,2,0,2,0,0,0,0,0,0,3
unc5203,UNC5203,unknown,unknown,unknown,unknown,unknown,unknown,unknown,unknown,unknown,0,0,0,0,0,0,0,0,0,0,0,0,0,0,0,0,0,5
unc5221,UNC5221,canonical-present,lead-only,unknown,unknown,canonical-present,lead-only,canonical-present,lead-only,lead-only,4,1,0,0,0,0,0,2,2,0,4,0,2,0,1,14,21,3
unc5227,UNC5227,unknown,unknown,unknown,unknown,unknown,unknown,unknown,unknown,unknown,0,0,0,0,0,0,0,0,0,0,0,0,0,0,0,0,0,5
unc5267,UNC5267,lead-only,unknown,unknown,unknown,lead-only,unknown,unknown,lead-only,lead-only,0,0,0,0,0,0,0,0,0,0,0,0,18,0,0,4,0,5
unc5277,UNC5277,unknown,unknown,unknown,unknown,unknown,unknown,unknown,unknown,unknown,0,0,0,0,0,0,0,0,0,0,0,0,0,0,0,0,0,5
unc5280,UNC5280,unknown,unknown,unknown,unknown,unknown,unknown,unknown,unknown,unknown,0,0,0,0,0,0,0,0,0,0,0,0,0,0,0,0,0,5
unc5291,UNC5291,unknown,unknown,unknown,unknown,unknown,unknown,unknown,unknown,unknown,0,0,0,0,0,0,0,0,0,0,0,0,0,0,0,0,0,5
unc5325,UNC5325,unknown,unknown,unknown,unknown,lead-only,lead-only,unknown,lead-only,lead-only,0,0,0,0,0,0,0,0,0,0,0,0,0,0,0,7,11,5
unc5337,UNC5337,unknown,lead-only,unknown,unknown,unknown,unknown,unknown,unknown,lead-only,0,0,0,0,0,0,0,0,0,0,0,0,0,0,1,0,0,5
unc5342,UNC5342,canonical-present,canonical-present,unknown,unknown,unknown,unknown,canonical-present,unknown,lead-only,3,0,1,0,0,0,0,0,0,0,1,0,0,0,0,0,0,3
unc5356,UNC5356,unknown,unknown,unknown,unknown,unknown,unknown,unknown,unknown,unknown,0,0,0,0,0,0,0,0,0,0,0,0,0,0,0,0,0,5
unc5518,UNC5518,unknown,unknown,unknown,unknown,unknown,unknown,unknown,unknown,unknown,0,0,0,0,0,0,0,0,0,0,0,0,0,0,0,0,0,5
unc553,UNC553,unknown,unknown,unknown,unknown,unknown,unknown,unknown,unknown,unknown,0,0,0,0,0,0,0,0,0,0,0,0,0,0,0,0,0,5
unc5537,UNC5537,canonical-present,unknown,unknown,unknown,unknown,unknown,lead-only,lead-only,lead-only,2,0,0,0,0,0,0,0,0,0,0,0,0,0,0,0,0,5
unc5606,UNC5606,unknown,unknown,unknown,unknown,unknown,unknown,unknown,unknown,unknown,0,0,0,0,0,0,0,0,0,0,0,0,0,0,0,0,0,5
unc5673,UNC5673,unknown,unknown,unknown,unknown,unknown,unknown,unknown,unknown,unknown,0,0,0,0,0,0,0,0,0,0,0,0,0,0,0,0,0,5
unc577,UNC577,lead-only,unknown,unknown,unknown,lead-only,unknown,lead-only,lead-only,lead-only,0,0,0,0,0,0,0,0,0,0,0,0,114,0,0,158,0,5
unc5774,UNC5774,unknown,unknown,unknown,unknown,unknown,unknown,unknown,unknown,unknown,0,0,0,0,0,0,0,0,0,0,0,0,0,0,0,0,0,5
unc5791,UNC5791,unknown,unknown,unknown,unknown,unknown,unknown,unknown,unknown,unknown,0,0,0,0,0,0,0,0,0,0,0,0,0,0,0,0,0,5
unc5792,UNC5792,canonical-present,canonical-present,unknown,unknown,unknown,canonical-present,canonical-present,canonical-present,canonical-present,2,0,1,0,0,0,0,0,0,1,4,2,0,0,0,0,0,1
unc5812,UNC5812,canonical-present,unknown,unknown,unknown,unknown,unknown,canonical-present,unknown,unknown,1,0,0,0,0,0,0,0,0,0,3,0,0,0,0,0,0,4
unc5820,UNC5820,canonical-present,unknown,unknown,unknown,unknown,unknown,unknown,unknown,unknown,1,1,0,0,0,0,0,0,0,0,0,0,0,0,0,0,0,4
unc5923,UNC5923,unknown,unknown,unknown,unknown,unknown,unknown,unknown,unknown,unknown,0,0,0,0,0,0,0,0,0,0,0,0,0,0,0,0,0,5
unc5976,UNC5976,canonical-present,canonical-present,unknown,unknown,canonical-present,unknown,canonical-present,canonical-present,canonical-present,2,2,1,0,0,0,0,1,1,0,2,1,0,0,0,0,0,0
unc6040,UNC6040,canonical-present,canonical-present,unknown,unknown,unknown,unknown,canonical-present,lead-only,unknown,4,1,1,0,0,0,0,0,0,0,1,0,0,0,0,0,0,2
unc6148,UNC6148,unknown,unknown,unknown,unknown,unknown,unknown,unknown,unknown,unknown,0,0,0,0,0,0,0,0,0,0,0,0,0,0,0,0,0,5
unc6201,UNC6201,unknown,unknown,unknown,unknown,unknown,unknown,unknown,unknown,lead-only,0,0,0,0,0,0,0,0,0,0,0,0,0,0,0,0,0,5
unc6240,UNC6240,canonical-present,canonical-present,unknown,unknown,unknown,canonical-present,canonical-present,lead-only,unknown,2,1,5,0,0,0,0,0,0,1,1,0,45,0,0,0,0,2
unc6293,UNC6293,canonical-present,canonical-present,unknown,unknown,unknown,unknown,unknown,canonical-present,canonical-present,2,2,2,0,0,0,0,0,0,0,0,1,0,0,0,0,0,1
unc6353,UNC6353,unknown,unknown,unknown,unknown,unknown,unknown,unknown,unknown,unknown,0,0,0,0,0,0,0,0,0,0,0,0,0,0,0,0,0,5
unc638,UNC638,unknown,unknown,unknown,unknown,unknown,unknown,unknown,unknown,unknown,0,0,0,0,0,0,0,0,0,0,0,0,0,0,0,0,0,5
unc6395,UNC6395,canonical-present,unknown,unknown,unknown,unknown,unknown,unknown,unknown,unknown,5,2,0,0,0,0,0,0,0,0,0,0,0,0,0,0,0,4
unc6485,UNC6485,unknown,unknown,unknown,unknown,unknown,unknown,unknown,unknown,unknown,0,0,0,0,0,0,0,0,0,0,0,0,0,0,0,0,0,5
unc6508,UNC6508,canonical-present,unknown,unknown,unknown,canonical-present,unknown,canonical-present,canonical-present,canonical-present,2,1,0,0,0,0,0,1,1,0,5,2,0,0,0,0,0,1
unc6586,UNC6586,unknown,unknown,unknown,unknown,unknown,unknown,unknown,unknown,unknown,0,0,0,0,0,0,0,0,0,0,0,0,0,0,0,0,0,5
unc6588,UNC6588,unknown,unknown,unknown,unknown,unknown,unknown,unknown,unknown,unknown,0,0,0,0,0,0,0,0,0,0,0,0,0,0,0,0,0,5
unc6595,UNC6595,unknown,unknown,unknown,unknown,unknown,unknown,unknown,unknown,unknown,0,0,0,0,0,0,0,0,0,0,0,0,0,0,0,0,0,5
unc6600,UNC6600,unknown,unknown,unknown,unknown,unknown,unknown,unknown,unknown,unknown,0,0,0,0,0,0,0,0,0,0,0,0,0,0,0,0,0,5
unc6603,UNC6603,unknown,unknown,unknown,unknown,unknown,unknown,unknown,unknown,unknown,0,0,0,0,0,0,0,0,0,0,0,0,0,0,0,0,0,5
unc6619,UNC6619,unknown,unknown,unknown,unknown,unknown,unknown,unknown,unknown,unknown,0,0,0,0,0,0,0,0,0,0,0,0,0,0,0,0,0,5
unc666,UNC666,unknown,unknown,unknown,unknown,unknown,unknown,unknown,unknown,unknown,0,0,0,0,0,0,0,0,0,0,0,0,0,0,0,0,0,5
unc6661,UNC6661,unknown,canonical-present,unknown,unknown,unknown,unknown,unknown,unknown,unknown,0,0,2,0,0,0,0,0,0,0,0,0,0,0,0,0,0,4
unc6671,UNC6671,canonical-present,canonical-present,unknown,unknown,unknown,unknown,canonical-present,unknown,unknown,3,2,2,0,0,0,0,0,0,0,3,0,0,0,0,0,0,2
unc6691,UNC6691,unknown,unknown,unknown,unknown,unknown,unknown,unknown,unknown,unknown,0,0,0,0,0,0,0,0,0,0,0,0,0,0,0,0,0,5
unc6692,UNC6692,unknown,unknown,unknown,unknown,unknown,unknown,unknown,unknown,unknown,0,0,0,0,0,0,0,0,0,0,0,0,0,0,0,0,0,5
unc6748,UNC6748,unknown,unknown,unknown,unknown,unknown,unknown,unknown,unknown,lead-only,0,0,0,0,0,0,0,0,0,0,0,0,0,0,0,0,0,5
unc6783,UNC6783,unknown,unknown,unknown,unknown,unknown,unknown,unknown,unknown,unknown,0,0,0,0,0,0,0,0,0,0,0,0,0,0,0,0,0,5
unc7005,UNC7005,canonical-present,canonical-present,unknown,unknown,canonical-present,unknown,canonical-present,canonical-present,canonical-present,5,5,2,0,0,0,0,4,3,0,5,1,0,0,0,0,0,0
unc718,UnC718,unknown,unknown,unknown,unknown,unknown,unknown,unknown,unknown,unknown,0,0,0,0,0,0,0,0,0,0,0,0,0,0,0,0,0,5
unc785,UNC785,unknown,unknown,unknown,unknown,unknown,unknown,unknown,unknown,unknown,0,0,0,0,0,0,0,0,0,0,0,0,0,0,0,0,0,5
unc786,UNC786,unknown,unknown,unknown,unknown,unknown,unknown,unknown,unknown,unknown,0,0,0,0,0,0,0,0,0,0,0,0,0,0,0,0,0,5
unc788,UNC788,lead-only,lead-only,unknown,unknown,lead-only,unknown,lead-only,lead-only,lead-only,0,0,0,0,0,0,0,0,0,0,0,0,40,0,2,33,0,5
unc902,UNC902,unknown,unknown,unknown,unknown,unknown,unknown,unknown,unknown,unknown,0,0,0,0,0,0,0,0,0,0,0,0,0,0,0,0,0,5
unc961,UNC961,unknown,unknown,unknown,unknown,unknown,lead-only,lead-only,lead-only,unknown,0,0,0,0,0,0,0,0,0,0,0,0,0,0,0,0,6,5
ung0002,UNG0002,unknown,unknown,unknown,unknown,unknown,unknown,unknown,unknown,unknown,0,0,0,0,0,0,0,0,0,0,0,0,0,0,0,0,0,5
union-panda,Union Panda,unknown,unknown,unknown,unknown,unknown,unknown,lead-only,unknown,lead-only,0,0,0,0,0,0,0,0,0,0,0,0,0,0,0,0,0,5
union-spider,Union Spider,unknown,unknown,unknown,unknown,unknown,unknown,lead-only,unknown,lead-only,0,0,0,0,0,0,0,0,0,0,0,0,0,0,0,0,0,5
unit-8200,Unit 8200,lead-only,unknown,unknown,unknown,lead-only,unknown,lead-only,unknown,lead-only,0,0,0,0,0,0,0,0,0,0,0,0,1,2,0,1,0,5
vanilla-tempest,Vanilla Tempest,canonical-present,canonical-present,unknown,unknown,canonical-present,lead-only,canonical-present,lead-only,unknown,3,2,1,0,0,0,0,8,8,0,4,0,0,1,0,6,2,2
velvet-ant,Velvet Ant,canonical-present,unknown,unknown,unknown,canonical-present,canonical-present,lead-only,lead-only,lead-only,4,0,0,0,0,0,0,1,1,1,0,0,1,0,0,6,1,5
velvet-tempest,Velvet Tempest,canonical-present,unknown,unknown,unknown,unknown,unknown,unknown,unknown,unknown,1,0,0,0,0,0,0,0,0,0,0,0,0,1,0,0,0,5
vicious-panda,Vicious Panda,lead-only,unknown,unknown,unknown,lead-only,unknown,lead-only,lead-only,lead-only,0,0,0,0,0,0,0,0,0,0,0,0,3,0,0,6,0,5
violin-panda,Violin Panda,lead-only,unknown,unknown,unknown,lead-only,unknown,lead-only,lead-only,lead-only,0,0,0,0,0,0,0,0,0,0,0,0,4,2,0,23,0,5
void-balaur,Void Balaur,unknown,unknown,unknown,unknown,unknown,unknown,lead-only,lead-only,unknown,0,0,0,0,0,0,0,0,0,0,0,0,0,0,0,0,0,5
void-manticore,VOID MANTICORE,canonical-present,unknown,unknown,unknown,canonical-present,canonical-present,canonical-present,lead-only,lead-only,2,1,0,0,0,0,0,3,3,4,6,0,2,0,0,6,0,3
volatile-cedar,Volatile Cedar,lead-only,unknown,unknown,unknown,canonical-present,lead-only,lead-only,lead-only,lead-only,0,0,0,0,0,0,0,2,0,0,0,0,2,0,0,11,7,6
volt-typhoon,Volt Typhoon,canonical-present,unknown,unknown,unknown,canonical-present,canonical-present,canonical-present,lead-only,lead-only,6,4,0,0,0,0,0,1,1,16,3,0,15,0,0,4,27,3
water-galura,Water Galura,canonical-present,unknown,unknown,unknown,canonical-present,canonical-present,unknown,unknown,unknown,1,1,0,0,0,0,0,1,1,1,0,0,0,0,0,0,0,4
white-company,The White Company,lead-only,canonical-present,unknown,unknown,canonical-present,unknown,canonical-present,canonical-present,lead-only,0,0,1,0,0,0,0,2,0,0,3,1,3,0,0,2,0,3
white-tur,White Tur,unknown,unknown,unknown,unknown,unknown,unknown,unknown,unknown,unknown,0,0,0,0,0,0,0,0,0,0,0,0,0,0,0,0,0,5
whitefly,Whitefly,lead-only,canonical-present,unknown,unknown,lead-only,canonical-present,canonical-present,canonical-present,unknown,0,0,1,0,0,0,0,0,0,1,1,1,2,0,0,7,1,2
wicked-spider,Wicked Spider,unknown,lead-only,unknown,unknown,lead-only,unknown,lead-only,lead-only,lead-only,0,0,0,0,0,0,0,0,0,0,0,0,0,0,1,4,0,5
wild-neutron,Wild Neutron,lead-only,unknown,unknown,unknown,lead-only,unknown,lead-only,lead-only,unknown,0,0,0,0,0,0,0,0,0,0,0,0,8,3,0,8,0,5
windigo,Windigo,unknown,unknown,unknown,unknown,canonical-present,unknown,unknown,unknown,unknown,0,0,0,0,0,0,0,1,0,0,0,0,0,0,0,1,0,6
windshift,Windshift,lead-only,canonical-present,unknown,unknown,canonical-present,unknown,canonical-present,lead-only,lead-only,0,0,1,0,0,0,0,1,0,0,1,0,13,3,0,6,0,4
wine-tempest,Wine Tempest,unknown,unknown,unknown,unknown,lead-only,unknown,lead-only,lead-only,unknown,0,0,0,0,0,0,0,0,0,0,0,0,0,2,0,3,0,5
winnti,Winnti Group,lead-only,canonical-present,unknown,unknown,canonical-present,unknown,lead-only,lead-only,canonical-present,0,0,8,0,0,0,0,3,0,0,0,0,58,0,1,82,0,4
winter-vivern,Winter Vivern,lead-only,unknown,unknown,unknown,lead-only,unknown,canonical-present,lead-only,lead-only,0,0,0,0,0,0,0,0,0,0,5,0,4,0,0,1,0,4
wirte,WIRTE,unknown,unknown,unknown,unknown,canonical-present,canonical-present,canonical-present,canonical-present,lead-only,0,0,0,0,0,0,0,6,0,2,7,1,0,1,0,2,2,4
wisteria-tsunami,Wisteria Tsunami,unknown,unknown,unknown,unknown,unknown,unknown,unknown,unknown,unknown,0,0,0,0,0,0,0,0,0,0,0,0,0,2,0,0,0,5
wizard-spider,Wizard Spider,lead-only,canonical-present,unknown,unknown,canonical-present,canonical-present,canonical-present,canonical-present,lead-only,0,0,1,0,0,0,0,11,0,11,1,1,88,0,0,30,14,3
wold-spider,Wold Spider,unknown,unknown,unknown,unknown,unknown,unknown,unknown,unknown,unknown,0,0,0,0,0,0,0,0,0,0,0,0,0,0,0,0,0,5
worok,Worok,unknown,unknown,unknown,unknown,lead-only,unknown,lead-only,lead-only,lead-only,0,0,0,0,0,0,0,0,0,0,0,0,0,0,0,9,0,5
yanluowang,Yanluowang,unknown,unknown,unknown,unknown,unknown,unknown,unknown,unknown,unknown,0,0,0,0,0,0,0,0,0,0,0,0,0,0,0,0,0,5
zirconium,ZIRCONIUM,canonical-present,canonical-present,canonical-present,unknown,lead-only,lead-only,canonical-present,lead-only,lead-only,3,2,1,8,8,0,0,0,0,0,8,0,11,0,0,11,1,2
zombie-spider,Zombie Spider,lead-only,unknown,unknown,unknown,lead-only,unknown,lead-only,lead-only,lead-only,0,0,0,0,0,0,0,0,0,0,0,0,1,2,0,1,0,5
zoopark,ZooPark,unknown,unknown,unknown,unknown,lead-only,unknown,lead-only,lead-only,unknown,0,0,0,0,0,0,0,0,0,0,0,0,0,0,0,1,0,5
