schema_version,actor_ref,artifact_id,observation_id,artifact_type,value,normalized_value,disposition,observed_at,observed_at_precision,observed_at_status,observed_at_basis,source_published_at,source_id,source_path,source_location,campaign_refs,malware_refs,infrastructure_refs,roles,campaign_count,seen_in_multiple_campaigns,confidence,tlp,extraction_method,context_excerpt,analyst_notes
1.0.0,actor--white-company,artifact--sha256:028fff5e3b6ab5c55193c4d90cd0badb7b00fe38acc1bb32ee425a080ad6a594,observation--sha256:9184843128ec1c25bf167c30ad58ed39bee47ab4489872e76f31ad02bfddf046,command,cmd.exe /c dir %windir% && \”<Exploit Document Path>\”,cmd.exe /c dir %windir% && \”<Exploit Document Path>\”,candidate,,unknown,unknown,not-stated,,source--white-company--9a5333b9a4ad40b4,WhiteCompany/WhiteCompanyOperationShaheenReport.pdf,"{""page"": 74}",[],[],[],[],0,false,medium,TLP:CLEAR,pdf-text,"Once the registry entries are cleaned up, Stage 2 finally launches the decoy document and cleanly exits the process. The code responsible for these actions can be seen in the following exhibit: seg000:0001E87D lea ebx, (aCmd_exeCDirWindir - stage2_part1)[ebp] seg000:0001E87D ; ""cmd.exe /c dir %windir% && \"""" seg000:0001E883 lea ecx, [edi+edi_space.szFinalCommand] seg000:0001E889 seg000:0001E889 loc_1E889: ; CODE XREF: stage2_part7+15j seg000:0001E889 mov al, [ebx] seg000:0001E88B mov [ecx], al s",
1.0.0,actor--white-company,artifact--sha256:b198353af85613f37799235c7d6e553175245536869d2b460fa44d47e0a0cd57,observation--sha256:0223ad24d25be8b1a23edbf8f52b2cdd0e582fdb60dd20d6edde965f8c8362d6,command,"cmd.exe /c move /Y ""%tmp%\winlogon"" ""%userprofile%\winlogon.exe & ""%userprofile%\winlogon.exe","cmd.exe /c move /Y ""%tmp%\winlogon"" ""%userprofile%\winlogon.exe & ""%userprofile%\winlogon.exe",candidate,,unknown,unknown,not-stated,,source--white-company--9a5333b9a4ad40b4,WhiteCompany/WhiteCompanyOperationShaheenReport.pdf,"{""page"": 71}",[],[],[],[],0,false,medium,TLP:CLEAR,pdf-text,"Once created, the malware is written to the file, then closed. The following code is responsible for this action: seg000:0001E705 mov [edi+edi_space.hOutFile], eax seg000:0001E708 push 0 seg000:0001E70A lea ecx, [esp+0] seg000:0001E70D lea eax, [edi+edi_space.pFileData] seg000:0001E713 lea esi, [edi+edi_space.pfnWriteFile] ; pfnFunc seg000:0001E716 push 0 seg000:0001E718 push ecx seg000:0001E719 push [edi+edi_space.sizeOutFile] seg000:0001E71C push eax seg000:0001E71D push [edi+edi_space.hOutFil",
1.0.0,actor--white-company,artifact--sha256:94e412014f6c3b5a0a612a6175f0e1378ab255fc98e0c0af8853708f2741369f,observation--sha256:82827652a5ead1bfc7d25c8352ca70fc98ab02c71a117b29096d7133801e5bba,command,"seg000:000002FC lea ecx, aCmd_exeCMoveTm[ebp] ; ""cmd.exe /c move %tmp%\\iexplorer %tmp%\""...","seg000:000002FC lea ecx, aCmd_exeCMoveTm[ebp] ; ""cmd.exe /c move %tmp%\\iexplorer %tmp%\",candidate,,unknown,unknown,not-stated,,source--white-company--9a5333b9a4ad40b4,WhiteCompany/WhiteCompanyOperationShaheenReport.pdf,"{""page"": 97}",[],[],[],[],0,false,medium,TLP:CLEAR,pdf-text,"seg000:000002E1 mov esp, large fs:0 seg000:000002E8 lea eax, aOffice_antivir[ebp] ; ""office_antivirus.dll"" seg000:000002EE push eax ; lpFileName seg000:000002EF call [edi+edi_space.pLoadLibraryA] seg000:000002F2 cmp eax, 0 seg000:000002F5 jz short no_antivirus seg000:000002F7 mov ecx, [edi+edi_space.pszTempPath] seg000:000002FA jmp short run_command seg000:000002FC ; --------------------------------------------------------------------------- seg000:000002FC seg000:000002FC no_antivirus: ; CODE X",
1.0.0,actor--white-company,artifact--sha256:526211031d80e19dcdee7db5350a79eccf2fdb4c391cb18f6be0879414fc19e8,observation--sha256:f1a97232a8ccc0e9e5e48de0fc81ecb0f02dd8a06c987040ce872b36c3e809da,command,"seg000:000004ED lea edx, aCmd_exeCMoveYTmpI[ebp] ; ""cmd.exe /c move /Y \""%tmp%\\iexplorer\""""...","seg000:000004ED lea edx, aCmd_exeCMoveYTmpI[ebp] ; ""cmd.exe /c move /Y \""%tmp%\\iexplorer\",candidate,,unknown,unknown,not-stated,,source--white-company--9a5333b9a4ad40b4,WhiteCompany/WhiteCompanyOperationShaheenReport.pdf,"{""page"": 98}",[],[],[],[],0,false,medium,TLP:CLEAR,pdf-text,seg000:0000048C push eax seg000:0000048D push FILE_ATTRIBUTE_NORMAL seg000:00000492 push CREATE_ALWAYS seg000:00000494 push eax seg000:00000495 push eax seg000:00000496 push GENERIC_WRITE seg000:0000049B push edx seg000:0000049C push eax seg000:0000049D push FILE_ATTRIBUTE_NORMAL seg000:000004A2 push CREATE_ALWAYS seg000:000004A4 push eax seg000:000004A5 push eax seg000:000004A6 push GENERIC_WRITE seg000:000004AB push [edi+edi_space.pszTempPath] seg000:000004AE push 7 ; numParams seg000:000004B0,
1.0.0,actor--white-company,artifact--sha256:f05a0f36a739bdb3e5a5616af17af73a1b1affc852dfc0ad02192740d99185e9,observation--sha256:639031499fbf59573a925d082697314fa1e42d51186a48a04baba62f958a0b76,command,"seg000:00000667 lea edx, aCmd_exeCMoveYTmpW[ebp] ; ""cmd.exe /c move /Y \""%tmp%\\winlogon\"" ""...","seg000:00000667 lea edx, aCmd_exeCMoveYTmpW[ebp] ; ""cmd.exe /c move /Y \""%tmp%\\winlogon\""",candidate,,unknown,unknown,not-stated,,source--white-company--9a5333b9a4ad40b4,WhiteCompany/WhiteCompanyOperationShaheenReport.pdf,"{""page"": 100}",[],[],[],[],0,false,medium,TLP:CLEAR,pdf-text,"seg000:000005FE lea edx, [edi+edi_space.szPathMalware] seg000:00000604 xor eax, eax seg000:00000606 lea esi, [edi+edi_space.pCreateFileA] ; funcToCall seg000:00000609 push eax seg000:0000060A push FILE_ATTRIBUTE_HIDDEN or FILE_ATTRIBUTE_SYSTEM seg000:0000060C push CREATE_ALWAYS seg000:0000060E push eax seg000:0000060F push eax seg000:00000610 push GENERIC_WRITE seg000:00000615 push edx seg000:00000616 push eax seg000:00000617 push FILE_ATTRIBUTE_NORMAL seg000:0000061C push CREATE_ALWAYS seg000:0",
1.0.0,actor--white-company,artifact--sha256:e977af662c2a72cf999b53b70d73c32fba6e3ab79da6351537219cf9799898c4,observation--sha256:197c5120cb910d626452c693d0029416cd04879535dd7e346051be091f5fc689,command,"seg000:000007A7 lea ebx, aCmd_exeCDirWindir[ebp] ; ""cmd.exe /c dir %windir% && \","seg000:000007A7 lea ebx, aCmd_exeCDirWindir[ebp] ; ""cmd.exe /c dir %windir% && \",candidate,,unknown,unknown,not-stated,,source--white-company--9a5333b9a4ad40b4,WhiteCompany/WhiteCompanyOperationShaheenReport.pdf,"{""page"": 107}",[],[],[],[],0,false,medium,TLP:CLEAR,pdf-text,"seg000:00000424 launch_decoydoc proc near ; DATA XREF: cleanup_office+86o seg000:00000424 lea eax, [edi+edi_space.szWordExePath] seg000:0000042A push 80h ; nSize seg000:0000042F push eax ; lpFilename seg000:00000430 push 0 ; hModule seg000:00000432 call [edi+edi_space.pGetModuleFileNameA] seg000:00000435 lea eax, [edi+edi_space.szWordExePath] seg000:0000043B seg000:0000043B loc_43B: ; CODE XREF: launch_decoydoc+1Bj seg000:0000043B inc eax seg000:0000043C cmp byte ptr [eax], 0 seg000:0000043F jnz",
1.0.0,actor--white-company,artifact--sha256:9d36085fa6b77e84c4d9892fb31a965ba7ab84a300f0c135734e60e62033628d,observation--sha256:e863b488817f38996fee12243cae6d03ccc200d844d1495fb9b5217ea0649ddd,command,"seg000:0001E73D ;""cmd.exe /c move /Y \""%tmp%\\winlogon\"" ""...","seg000:0001E73D ;""cmd.exe /c move /Y \""%tmp%\\winlogon\""",candidate,,unknown,unknown,not-stated,,source--white-company--9a5333b9a4ad40b4,WhiteCompany/WhiteCompanyOperationShaheenReport.pdf,"{""page"": 71}",[],[],[],[],0,false,medium,TLP:CLEAR,pdf-text,"Once created, the malware is written to the file, then closed. The following code is responsible for this action: seg000:0001E705 mov [edi+edi_space.hOutFile], eax seg000:0001E708 push 0 seg000:0001E70A lea ecx, [esp+0] seg000:0001E70D lea eax, [edi+edi_space.pFileData] seg000:0001E713 lea esi, [edi+edi_space.pfnWriteFile] ; pfnFunc seg000:0001E716 push 0 seg000:0001E718 push ecx seg000:0001E719 push [edi+edi_space.sizeOutFile] seg000:0001E71C push eax seg000:0001E71D push [edi+edi_space.hOutFil",
1.0.0,actor--white-company,artifact--sha256:2d6cb83f199a4ea7a9f8856e04598c23c21e88c5f0a1908024a2abef29828a37,observation--sha256:9b0143ca29a79683d951ee04d389c9bd134212e7a60570505c14508afe2211f3,command,seg000:0001E83F ; lpCmdLine - cmd.exe /c reg delete,seg000:0001E83F ; lpCmdLine - cmd.exe /c reg delete,candidate,,unknown,unknown,not-stated,,source--white-company--9a5333b9a4ad40b4,WhiteCompany/WhiteCompanyOperationShaheenReport.pdf,"{""page"": 73}",[],[],[],[],0,false,medium,TLP:CLEAR,pdf-text,"The code above simply sets the file pointer to the beginning of the RTF exploit file, writes the decoy document into the file, and finally closes the handle. Ultimately, this makes it so that the exploit file is no longer on the system. Once the RTF exploit file has been overwritten with the decoy document, Stage 2 begins to clean up the system by erasing the Microsoft Word recovery entries as shown in the following code: seg000:0001E7D0 push 'F/' ; /F seg000:0001E7D5 push ' ""yc' ; cy"" seg000:00",
1.0.0,actor--white-company,artifact--sha256:2cdf217090020b7c9a33f5fde4ef0e0489e6dccd86d3394652e4575e32598bbe,observation--sha256:eef72f3f34e3c33a74d8863d93769e712666da3427d97dcc724bbdaae49e4243,command,"seg000:0001E87D ; ""cmd.exe /c dir %windir% && \","seg000:0001E87D ; ""cmd.exe /c dir %windir% && \",candidate,,unknown,unknown,not-stated,,source--white-company--9a5333b9a4ad40b4,WhiteCompany/WhiteCompanyOperationShaheenReport.pdf,"{""page"": 74}",[],[],[],[],0,false,medium,TLP:CLEAR,pdf-text,"Once the registry entries are cleaned up, Stage 2 finally launches the decoy document and cleanly exits the process. The code responsible for these actions can be seen in the following exhibit: seg000:0001E87D lea ebx, (aCmd_exeCDirWindir - stage2_part1)[ebp] seg000:0001E87D ; ""cmd.exe /c dir %windir% && \"""" seg000:0001E883 lea ecx, [edi+edi_space.szFinalCommand] seg000:0001E889 seg000:0001E889 loc_1E889: ; CODE XREF: stage2_part7+15j seg000:0001E889 mov al, [ebx] seg000:0001E88B mov [ecx], al s",
1.0.0,actor--white-company,artifact--sha256:eecccde58bccb2dde2be9c7eb9225af8b3bf5b22c42411032393ee6116dfa39f,observation--sha256:ce043a04f309be592e977fbab2a7da176ea98f9d7d48295accc91c359f26af50,command,seg000:0001E8B1 ; lpCmdLine - cmd.exe /c dir %windir% &&,seg000:0001E8B1 ; lpCmdLine - cmd.exe /c dir %windir% &&,candidate,,unknown,unknown,not-stated,,source--white-company--9a5333b9a4ad40b4,WhiteCompany/WhiteCompanyOperationShaheenReport.pdf,"{""page"": 74}",[],[],[],[],0,false,medium,TLP:CLEAR,pdf-text,"Once the registry entries are cleaned up, Stage 2 finally launches the decoy document and cleanly exits the process. The code responsible for these actions can be seen in the following exhibit: seg000:0001E87D lea ebx, (aCmd_exeCDirWindir - stage2_part1)[ebp] seg000:0001E87D ; ""cmd.exe /c dir %windir% && \"""" seg000:0001E883 lea ecx, [edi+edi_space.szFinalCommand] seg000:0001E889 seg000:0001E889 loc_1E889: ; CODE XREF: stage2_part7+15j seg000:0001E889 mov al, [ebx] seg000:0001E88B mov [ecx], al s",
1.0.0,actor--white-company,artifact--sha256:e067a1c83c73bc8836fb54da47c0c6a3e2741a3c15d69974c855b3d9819dc4d6,observation--sha256:acabe52ea22932c9245a337bd2a960061d9cfc906315f92103322199fa1eb2cf,file-name,1gb188-129.doc,1gb188-129.doc,candidate,,unknown,unknown,invalid-calendar-date:same-record,,source--white-company--9a5333b9a4ad40b4,WhiteCompany/WhiteCompanyOperationShaheenReport.pdf,"{""page"": 127}",[],[],[],[],0,false,medium,TLP:CLEAR,pdf-text,"7. Pakistan Air Force Jet Crashes During Routine Operation.doc August 10, 2017 This headline was lifted from NDTV news website: https:/ /www.ndtv.com/world-news/pakistan-air-force-jet-crashes-during-routine- operation-pilot-dead-1736069 8. Russia ready to offer India the MiG-35 to replace the Rafale fighter jet.doc February 24, 2015 This is an exact copy of a headline from a Pakistani defense news forum discussion: https:/ /defence.pk/pdf/threads/russia-ready-to-offer-india-the-mig-35-to-replace",
1.0.0,actor--white-company,artifact--sha256:e067a1c83c73bc8836fb54da47c0c6a3e2741a3c15d69974c855b3d9819dc4d6,observation--sha256:cbcc4ed49bdac2bb614ee1937d4f795c59a9a816bb15236ea72fdffe42dfe190,file-name,1gb188-129.doc,1gb188-129.doc,candidate,,unknown,unknown,not-stated,,source--white-company--9a5333b9a4ad40b4,WhiteCompany/WhiteCompanyOperationShaheenReport.pdf,"{""page"": 129}",[],[],[],[],0,false,medium,TLP:CLEAR,pdf-text,"ADDITIONAL FILE ATTRIBUTES The phishing lures also fell into two camps based on their file size. 23 of the files were exactly 575 Kilobytes in size. When the exploits were successfully triggered, these files would retrieve malware from several different, apparently legitimate, compromised websites, including Pakistan’s Frontier Works Organization. In all observed instances, the download and execute documents attempted to exploit CVE-2012-0158. SHA256: 2e219fc95d7b44d8b0e748628e559a9ec79a068b90fe",
1.0.0,actor--white-company,artifact--sha256:e067a1c83c73bc8836fb54da47c0c6a3e2741a3c15d69974c855b3d9819dc4d6,observation--sha256:b6f7725c7786470cacebd7aae1a3dc2d13298c706dd3c510d1bed5202fa06629,file-name,1gb188-129.doc,1gb188-129.doc,candidate,,unknown,unknown,not-stated,,source--white-company--9a5333b9a4ad40b4,WhiteCompany/WhiteCompanyOperationShaheenReport.pdf,"{""page"": 38}",[],[],[],[],0,false,medium,TLP:CLEAR,pdf-text,"August 30, 2017 1gb188-129.doc last modified [payload delivered from external site] U.S. Gives Military Assistance to Pakistan, With Strings Attached (New York Times) [U.S. put money in escrow giving Pakistan access only if it does more to crack down on terrorism] SEPTEMBER 2017 September 1, 2017 CPEC vis-à-vis Opportunities for Aviation Industry and Way Forward (Symposium) (CPEC via Daily Times) September 3, 2017 India appoints new defence minister, rejigs cabinet to refocus on economy (Reuters",
1.0.0,actor--white-company,artifact--sha256:d8fd7273dfeba720829c91125fc4bb06824769b04bb6f058f5f209e8f8558aab,observation--sha256:e28763f0d3c7a3bbd36e57137cd83ca0b5eb05cc8a6c52f717c04b67b95fc1de,file-name,2017-2018.doc,2017-2018.doc,candidate,,unknown,unknown,invalid-calendar-date:same-record,,source--white-company--9a5333b9a4ad40b4,WhiteCompany/WhiteCompanyOperationShaheenReport.pdf,"{""page"": 127}",[],[],[],[],0,false,medium,TLP:CLEAR,pdf-text,"7. Pakistan Air Force Jet Crashes During Routine Operation.doc August 10, 2017 This headline was lifted from NDTV news website: https:/ /www.ndtv.com/world-news/pakistan-air-force-jet-crashes-during-routine- operation-pilot-dead-1736069 8. Russia ready to offer India the MiG-35 to replace the Rafale fighter jet.doc February 24, 2015 This is an exact copy of a headline from a Pakistani defense news forum discussion: https:/ /defence.pk/pdf/threads/russia-ready-to-offer-india-the-mig-35-to-replace",
1.0.0,actor--white-company,artifact--sha256:d8fd7273dfeba720829c91125fc4bb06824769b04bb6f058f5f209e8f8558aab,observation--sha256:17209ebdff6058e721b9b69a4e34d648b6f48037fc10668872178b5f5a030275,file-name,2017-2018.doc,2017-2018.doc,candidate,,unknown,unknown,not-stated,,source--white-company--9a5333b9a4ad40b4,WhiteCompany/WhiteCompanyOperationShaheenReport.pdf,"{""page"": 129}",[],[],[],[],0,false,medium,TLP:CLEAR,pdf-text,"ADDITIONAL FILE ATTRIBUTES The phishing lures also fell into two camps based on their file size. 23 of the files were exactly 575 Kilobytes in size. When the exploits were successfully triggered, these files would retrieve malware from several different, apparently legitimate, compromised websites, including Pakistan’s Frontier Works Organization. In all observed instances, the download and execute documents attempted to exploit CVE-2012-0158. SHA256: 2e219fc95d7b44d8b0e748628e559a9ec79a068b90fe",
1.0.0,actor--white-company,artifact--sha256:d8fd7273dfeba720829c91125fc4bb06824769b04bb6f058f5f209e8f8558aab,observation--sha256:5b38ecae102e33f78b285158441cf92b5625be78d68dc036cc4f4ebcd538461c,file-name,2017-2018.doc,2017-2018.doc,candidate,,unknown,unknown,not-stated,,source--white-company--9a5333b9a4ad40b4,WhiteCompany/WhiteCompanyOperationShaheenReport.pdf,"{""page"": 40}",[],[],[],[],0,false,medium,TLP:CLEAR,pdf-text,"October 18, 2017 Tillerson makes policy speech defining U.S. relationship with India, calls for greater cooperation in a number of areas, including cybersecurity (CSIS) Tillerson Hails Ties With India, but Criticizes China and Pakistan (New York Times) October 19-27, 2017 Tillerson off to Mideast, South Asia with eye on Iran, Iraq [trip to Saudi, Qatar, Pakistan, India] (Associated Press) October 19, 2017 India is quietly preparing a cyber warfare unit to fight a new kind of enemy (Economic Time",
1.0.0,actor--white-company,artifact--sha256:43ce3a9070f639d47f5dcf42f64eafc18acdf4c1437d70f01ec2a80ae4acd7e1,observation--sha256:ac3cf8195aa152bcf538c12484d408b785c908c1d00fe0dacd0de07190398235,file-name,2017.doc,2017.doc,candidate,,unknown,unknown,not-stated,,source--white-company--9a5333b9a4ad40b4,WhiteCompany/WhiteCompanyOperationShaheenReport.pdf,"{""page"": 128}",[],[],[],[],0,false,medium,TLP:CLEAR,pdf-text,"5. List_of_National_and_Regional_Public_holidays_of_Pakistan_in_2018.doc 6. Machine_Readalbe_Passport.doc 7. Public_and_Optional_Holidays_2017.doc 8. Sales - Tax & Federal Excise Budgetary Measures.doc 9. Sales Tax & Federal Excise Budgetary Measures.doc 10. Sales_Tax.doc 11. THE_CIA.doc Lures that referenced China: 1. 2017年发展中国家妇幼保健专业培训班项目简介表.doc This roughly translates to Program for MCH [Maternal and Child Health] Training Courses in Developing Countries. Many NGOs offer these programs, but t",
1.0.0,actor--white-company,artifact--sha256:43ce3a9070f639d47f5dcf42f64eafc18acdf4c1437d70f01ec2a80ae4acd7e1,observation--sha256:1f0cb8bdd06134329d01a3421eb6b6632fd0998bb289753ab297f4e5975a7d81,file-name,2017.doc,2017.doc,candidate,,unknown,unknown,not-stated,,source--white-company--9a5333b9a4ad40b4,WhiteCompany/WhiteCompanyOperationShaheenReport.pdf,"{""page"": 129}",[],[],[],[],0,false,medium,TLP:CLEAR,pdf-text,"ADDITIONAL FILE ATTRIBUTES The phishing lures also fell into two camps based on their file size. 23 of the files were exactly 575 Kilobytes in size. When the exploits were successfully triggered, these files would retrieve malware from several different, apparently legitimate, compromised websites, including Pakistan’s Frontier Works Organization. In all observed instances, the download and execute documents attempted to exploit CVE-2012-0158. SHA256: 2e219fc95d7b44d8b0e748628e559a9ec79a068b90fe",
1.0.0,actor--white-company,artifact--sha256:43ce3a9070f639d47f5dcf42f64eafc18acdf4c1437d70f01ec2a80ae4acd7e1,observation--sha256:47d45669e240f7ec89a9753cf8d8e58e891e0f153a3b4be378d01e8bd4000acd,file-name,2017.doc,2017.doc,candidate,,unknown,unknown,not-stated,,source--white-company--9a5333b9a4ad40b4,WhiteCompany/WhiteCompanyOperationShaheenReport.pdf,"{""page"": 37}",[],[],[],[],0,false,medium,TLP:CLEAR,pdf-text,"August 16, 2017 Exploit stops evading Avast! Sales Tax & Federal Excise Budgetary Measures.doc last modified Sohail Mahmood takes charge as Pakistan’s high commissioner to India (First Post) U.S. sanctions Kashmiri militant group Hizbul Mujahideen (Reuters) Trump to discuss Afghan strategy with security team on Friday (Reuters) August 17, 2017 Saudi Arabia eager to invest in Gwadar Port projects (CPEC via Radio Pakistan) India clears purchase of six Boeing helicopters in $650 million deal (Reute",
1.0.0,actor--white-company,artifact--sha256:16c295232549def003997caeaac2749d284c6e98f7477436f7fafc9db8f2624c,observation--sha256:45a3079c1ae145cb9fa78449c574dec47e7e79b2b149e16a55f54d690c281634,file-name,2017_Brochure.doc,2017_Brochure.doc,candidate,,unknown,unknown,not-stated,,source--white-company--9a5333b9a4ad40b4,WhiteCompany/WhiteCompanyOperationShaheenReport.pdf,"{""page"": 128}",[],[],[],[],0,false,medium,TLP:CLEAR,pdf-text,"5. List_of_National_and_Regional_Public_holidays_of_Pakistan_in_2018.doc 6. Machine_Readalbe_Passport.doc 7. Public_and_Optional_Holidays_2017.doc 8. Sales - Tax & Federal Excise Budgetary Measures.doc 9. Sales Tax & Federal Excise Budgetary Measures.doc 10. Sales_Tax.doc 11. THE_CIA.doc Lures that referenced China: 1. 2017年发展中国家妇幼保健专业培训班项目简介表.doc This roughly translates to Program for MCH [Maternal and Child Health] Training Courses in Developing Countries. Many NGOs offer these programs, but t",
1.0.0,actor--white-company,artifact--sha256:16c295232549def003997caeaac2749d284c6e98f7477436f7fafc9db8f2624c,observation--sha256:8c1319ca745025a418ba8e66f9110d96149ac98c8e99620c0fc53428665177e6,file-name,2017_Brochure.doc,2017_Brochure.doc,candidate,,unknown,unknown,not-stated,,source--white-company--9a5333b9a4ad40b4,WhiteCompany/WhiteCompanyOperationShaheenReport.pdf,"{""page"": 129}",[],[],[],[],0,false,medium,TLP:CLEAR,pdf-text,"ADDITIONAL FILE ATTRIBUTES The phishing lures also fell into two camps based on their file size. 23 of the files were exactly 575 Kilobytes in size. When the exploits were successfully triggered, these files would retrieve malware from several different, apparently legitimate, compromised websites, including Pakistan’s Frontier Works Organization. In all observed instances, the download and execute documents attempted to exploit CVE-2012-0158. SHA256: 2e219fc95d7b44d8b0e748628e559a9ec79a068b90fe",
1.0.0,actor--white-company,artifact--sha256:16c295232549def003997caeaac2749d284c6e98f7477436f7fafc9db8f2624c,observation--sha256:ab4692b94be2db4d2bee7fea1151826eec5deac20329521f674a75f4ee9138ee,file-name,2017_Brochure.doc,2017_Brochure.doc,candidate,,unknown,unknown,not-stated,,source--white-company--9a5333b9a4ad40b4,WhiteCompany/WhiteCompanyOperationShaheenReport.pdf,"{""page"": 37}",[],[],[],[],0,false,medium,TLP:CLEAR,pdf-text,"August 16, 2017 Exploit stops evading Avast! Sales Tax & Federal Excise Budgetary Measures.doc last modified Sohail Mahmood takes charge as Pakistan’s high commissioner to India (First Post) U.S. sanctions Kashmiri militant group Hizbul Mujahideen (Reuters) Trump to discuss Afghan strategy with security team on Friday (Reuters) August 17, 2017 Saudi Arabia eager to invest in Gwadar Port projects (CPEC via Radio Pakistan) India clears purchase of six Boeing helicopters in $650 million deal (Reute",
1.0.0,actor--white-company,artifact--sha256:2b00219c5e5925410dd042bc8971c598dc0aa840055268056a9902922529cfbb,observation--sha256:2fe0729ad50bc26351d6d1552939b8d4074353d8be8aa32f09a8de1e69288327,file-name,2017sro330.doc,2017sro330.doc,candidate,,unknown,unknown,not-stated,,source--white-company--9a5333b9a4ad40b4,WhiteCompany/WhiteCompanyOperationShaheenReport.pdf,"{""page"": 128}",[],[],[],[],0,false,medium,TLP:CLEAR,pdf-text,"5. List_of_National_and_Regional_Public_holidays_of_Pakistan_in_2018.doc 6. Machine_Readalbe_Passport.doc 7. Public_and_Optional_Holidays_2017.doc 8. Sales - Tax & Federal Excise Budgetary Measures.doc 9. Sales Tax & Federal Excise Budgetary Measures.doc 10. Sales_Tax.doc 11. THE_CIA.doc Lures that referenced China: 1. 2017年发展中国家妇幼保健专业培训班项目简介表.doc This roughly translates to Program for MCH [Maternal and Child Health] Training Courses in Developing Countries. Many NGOs offer these programs, but t",
1.0.0,actor--white-company,artifact--sha256:2b00219c5e5925410dd042bc8971c598dc0aa840055268056a9902922529cfbb,observation--sha256:d4beccacd0b97fa8f2d15baba88d32d54bde5dfd229d79bdcc5cb809a1e1f931,file-name,2017sro330.doc,2017sro330.doc,candidate,,unknown,unknown,not-stated,,source--white-company--9a5333b9a4ad40b4,WhiteCompany/WhiteCompanyOperationShaheenReport.pdf,"{""page"": 129}",[],[],[],[],0,false,medium,TLP:CLEAR,pdf-text,"ADDITIONAL FILE ATTRIBUTES The phishing lures also fell into two camps based on their file size. 23 of the files were exactly 575 Kilobytes in size. When the exploits were successfully triggered, these files would retrieve malware from several different, apparently legitimate, compromised websites, including Pakistan’s Frontier Works Organization. In all observed instances, the download and execute documents attempted to exploit CVE-2012-0158. SHA256: 2e219fc95d7b44d8b0e748628e559a9ec79a068b90fe",
1.0.0,actor--white-company,artifact--sha256:2b00219c5e5925410dd042bc8971c598dc0aa840055268056a9902922529cfbb,observation--sha256:4522acc1ba6044a9f705993c7ef974c6ce6612a9d49bc3ae4cb17b3d3d8749ad,file-name,2017sro330.doc,2017sro330.doc,candidate,,unknown,unknown,not-stated,,source--white-company--9a5333b9a4ad40b4,WhiteCompany/WhiteCompanyOperationShaheenReport.pdf,"{""page"": 38}",[],[],[],[],0,false,medium,TLP:CLEAR,pdf-text,"August 30, 2017 1gb188-129.doc last modified [payload delivered from external site] U.S. Gives Military Assistance to Pakistan, With Strings Attached (New York Times) [U.S. put money in escrow giving Pakistan access only if it does more to crack down on terrorism] SEPTEMBER 2017 September 1, 2017 CPEC vis-à-vis Opportunities for Aviation Industry and Way Forward (Symposium) (CPEC via Daily Times) September 3, 2017 India appoints new defence minister, rejigs cabinet to refocus on economy (Reuters",
1.0.0,actor--white-company,artifact--sha256:0923406f8af09ac528dfe0c2b0a4ebcce6b9c77b963fd3f277147f6442502c1a,observation--sha256:03cef36e8efc60b32fade2216c5d1bc299d318de522f7e9c95d9cf45b690d68f,file-name,AIR-EXERCISE.doc,AIR-EXERCISE.doc,candidate,2017-09-10T00:00:00Z,day,known,same-record,,source--white-company--9a5333b9a4ad40b4,WhiteCompany/WhiteCompanyOperationShaheenReport.pdf,"{""page"": 126}",[],[],[],[],0,false,medium,TLP:CLEAR,pdf-text,"Phishing Lures FILE NAMES Over a period of six months, Cylance was able to recover 30 lures from the phishing server. All were Rich Text Files (RTF) which contained Microsoft Word documents within. Several of the lures referenced events or articles that can be pinned to a specific date or a narrow time frame. A few were tagged to the February 2015 time period, but all of the others where dates were suggested fall into the range of June to September 2017, coinciding with observed phishing attempt",
1.0.0,actor--white-company,artifact--sha256:0923406f8af09ac528dfe0c2b0a4ebcce6b9c77b963fd3f277147f6442502c1a,observation--sha256:39e0e3e0adc88424bf6e5182162e291f1194475fa60abb356ae89fb536fbd83a,file-name,AIR-EXERCISE.doc,AIR-EXERCISE.doc,candidate,,unknown,unknown,not-stated,,source--white-company--9a5333b9a4ad40b4,WhiteCompany/WhiteCompanyOperationShaheenReport.pdf,"{""page"": 129}",[],[],[],[],0,false,medium,TLP:CLEAR,pdf-text,"ADDITIONAL FILE ATTRIBUTES The phishing lures also fell into two camps based on their file size. 23 of the files were exactly 575 Kilobytes in size. When the exploits were successfully triggered, these files would retrieve malware from several different, apparently legitimate, compromised websites, including Pakistan’s Frontier Works Organization. In all observed instances, the download and execute documents attempted to exploit CVE-2012-0158. SHA256: 2e219fc95d7b44d8b0e748628e559a9ec79a068b90fe",
1.0.0,actor--white-company,artifact--sha256:1cb926885a67421b22aa3f557d37b961b0bdca5631b6f6c0773fd98a07f84e26,observation--sha256:e9370f5a611c95b03df5fd46f43d7e04adc18b0d243cdf1a1ed2a14f63ef0014,file-name,Brochure.doc,Brochure.doc,candidate,,unknown,unknown,not-stated,,source--white-company--9a5333b9a4ad40b4,WhiteCompany/WhiteCompanyOperationShaheenReport.pdf,"{""page"": 128}",[],[],[],[],0,false,medium,TLP:CLEAR,pdf-text,"5. List_of_National_and_Regional_Public_holidays_of_Pakistan_in_2018.doc 6. Machine_Readalbe_Passport.doc 7. Public_and_Optional_Holidays_2017.doc 8. Sales - Tax & Federal Excise Budgetary Measures.doc 9. Sales Tax & Federal Excise Budgetary Measures.doc 10. Sales_Tax.doc 11. THE_CIA.doc Lures that referenced China: 1. 2017年发展中国家妇幼保健专业培训班项目简介表.doc This roughly translates to Program for MCH [Maternal and Child Health] Training Courses in Developing Countries. Many NGOs offer these programs, but t",
1.0.0,actor--white-company,artifact--sha256:2b589a6297a9d9ba245cd22b6a6a81f2631e6ed90e26d37786972b3d187a1d18,observation--sha256:0f5bb107235d07d68aa937dc7b1b03b94b7a186fb413b287980f08dc458ecb5d,file-name,Budget_of_Federal_Govt_2017-18.doc,Budget_of_Federal_Govt_2017-18.doc,candidate,,unknown,unknown,invalid-calendar-date:same-record,,source--white-company--9a5333b9a4ad40b4,WhiteCompany/WhiteCompanyOperationShaheenReport.pdf,"{""page"": 127}",[],[],[],[],0,false,medium,TLP:CLEAR,pdf-text,"7. Pakistan Air Force Jet Crashes During Routine Operation.doc August 10, 2017 This headline was lifted from NDTV news website: https:/ /www.ndtv.com/world-news/pakistan-air-force-jet-crashes-during-routine- operation-pilot-dead-1736069 8. Russia ready to offer India the MiG-35 to replace the Rafale fighter jet.doc February 24, 2015 This is an exact copy of a headline from a Pakistani defense news forum discussion: https:/ /defence.pk/pdf/threads/russia-ready-to-offer-india-the-mig-35-to-replace",
1.0.0,actor--white-company,artifact--sha256:2b589a6297a9d9ba245cd22b6a6a81f2631e6ed90e26d37786972b3d187a1d18,observation--sha256:fa75074c877458eb5fbe7ca8b3fd26bbb3167f395840e80db8fdf15eb185b225,file-name,Budget_of_Federal_Govt_2017-18.doc,Budget_of_Federal_Govt_2017-18.doc,candidate,,unknown,unknown,invalid-calendar-date:same-record,,source--white-company--9a5333b9a4ad40b4,WhiteCompany/WhiteCompanyOperationShaheenReport.pdf,"{""page"": 130}",[],[],[],[],0,false,medium,TLP:CLEAR,pdf-text,"SHA256: f110283c4e459cc20e908267d88edba26e2135bcb7d7335cabbed1a128edeb86 22. India crashes out of Russia tank competition.doc 23. Pakistan Air Force Jet Crashes During Routine Operation.doc The majority of the lures were nearly identical with the exception of the decoy document and final payload. If the exploit was successful, a simple download-and-execute shellcode would run, which in turn, loaded an additional executable from an external website. The following unique payload URLs were identifi",
1.0.0,actor--white-company,artifact--sha256:2b589a6297a9d9ba245cd22b6a6a81f2631e6ed90e26d37786972b3d187a1d18,observation--sha256:60227808ed928550ecc8318188fbb37b7004b524f2b7f40011e77d5e36b4f605,file-name,Budget_of_Federal_Govt_2017-18.doc,Budget_of_Federal_Govt_2017-18.doc,candidate,,unknown,unknown,invalid-calendar-date:same-record,,source--white-company--9a5333b9a4ad40b4,WhiteCompany/WhiteCompanyOperationShaheenReport.pdf,"{""page"": 42}",[],[],[],[],0,false,medium,TLP:CLEAR,pdf-text,"December 12, 2017 Fazaia-Overseas-Form.doc last modified [internal payload] Fazaia_Housing_Scheme_Notice_Inviting_Tenders.doc last modified [internal payload] December 13, 2017 Russia urges India to find way to join CPEC [during meeting in India between Russia, India and China] (CPEC via Pakistan Today) December 16, 2017 Hoping to extend maritime reach, China lavishes aid on Pakistan town (Reuters) Iran keen to be part of CPEC; it is a game-changer for the region: Envoy (CPEC via The Nation) Dec",
1.0.0,actor--white-company,artifact--sha256:d8941a8224283cc56b599a20250a64e0b55fcb9a577d40b77a59fd86f6a7d27e,observation--sha256:21ad1d85226210e71a6754c124c0013a0d6b3ee8bb82579d0736ff612ac150a9,file-name,China-Pakistan-Internet-Security-LAW_2017.doc,China-Pakistan-Internet-Security-LAW_2017.doc,candidate,,unknown,unknown,not-stated,,source--white-company--9a5333b9a4ad40b4,WhiteCompany/WhiteCompanyOperationShaheenReport.pdf,"{""page"": 128}",[],[],[],[],0,false,medium,TLP:CLEAR,pdf-text,"5. List_of_National_and_Regional_Public_holidays_of_Pakistan_in_2018.doc 6. Machine_Readalbe_Passport.doc 7. Public_and_Optional_Holidays_2017.doc 8. Sales - Tax & Federal Excise Budgetary Measures.doc 9. Sales Tax & Federal Excise Budgetary Measures.doc 10. Sales_Tax.doc 11. THE_CIA.doc Lures that referenced China: 1. 2017年发展中国家妇幼保健专业培训班项目简介表.doc This roughly translates to Program for MCH [Maternal and Child Health] Training Courses in Developing Countries. Many NGOs offer these programs, but t",
1.0.0,actor--white-company,artifact--sha256:d8941a8224283cc56b599a20250a64e0b55fcb9a577d40b77a59fd86f6a7d27e,observation--sha256:66217590fe9450f9b95d29440f6245eb2b4ea813b2e05c9710ca706fade61f74,file-name,China-Pakistan-Internet-Security-LAW_2017.doc,China-Pakistan-Internet-Security-LAW_2017.doc,candidate,,unknown,unknown,not-stated,,source--white-company--9a5333b9a4ad40b4,WhiteCompany/WhiteCompanyOperationShaheenReport.pdf,"{""page"": 129}",[],[],[],[],0,false,medium,TLP:CLEAR,pdf-text,"ADDITIONAL FILE ATTRIBUTES The phishing lures also fell into two camps based on their file size. 23 of the files were exactly 575 Kilobytes in size. When the exploits were successfully triggered, these files would retrieve malware from several different, apparently legitimate, compromised websites, including Pakistan’s Frontier Works Organization. In all observed instances, the download and execute documents attempted to exploit CVE-2012-0158. SHA256: 2e219fc95d7b44d8b0e748628e559a9ec79a068b90fe",
1.0.0,actor--white-company,artifact--sha256:d8941a8224283cc56b599a20250a64e0b55fcb9a577d40b77a59fd86f6a7d27e,observation--sha256:8e50e67c56fb9bc1a9c9b7479ec1ebee3297c9e3d02490f746767c60f87caf3e,file-name,China-Pakistan-Internet-Security-LAW_2017.doc,China-Pakistan-Internet-Security-LAW_2017.doc,candidate,,unknown,unknown,not-stated,,source--white-company--9a5333b9a4ad40b4,WhiteCompany/WhiteCompanyOperationShaheenReport.pdf,"{""page"": 38}",[],[],[],[],0,false,medium,TLP:CLEAR,pdf-text,"August 30, 2017 1gb188-129.doc last modified [payload delivered from external site] U.S. Gives Military Assistance to Pakistan, With Strings Attached (New York Times) [U.S. put money in escrow giving Pakistan access only if it does more to crack down on terrorism] SEPTEMBER 2017 September 1, 2017 CPEC vis-à-vis Opportunities for Aviation Industry and Way Forward (Symposium) (CPEC via Daily Times) September 3, 2017 India appoints new defence minister, rejigs cabinet to refocus on economy (Reuters",
1.0.0,actor--white-company,artifact--sha256:86e5c19b9a0713b178b192e36a507df8c0ad5ff171e3451c9e9e413a78e92d87,observation--sha256:db0a3146bdc74443288f8e97e84c2c8d7961d7b4c539caac563dd13289842399,file-name,EXERCISE.doc,EXERCISE.doc,candidate,,unknown,unknown,not-stated,,source--white-company--9a5333b9a4ad40b4,WhiteCompany/WhiteCompanyOperationShaheenReport.pdf,"{""page"": 39}",[],[],[],[],0,false,medium,TLP:CLEAR,pdf-text,"September 17, 2017 Official CPEC announcement: China would “assist” Pakistan in “capacity building” of its “civil armed forces” September 19, 2017 Exclusive: U.S. defense firms want control over tech in Make-in- India plan (Reuters) September 21, 2017 Militant attack on minister’s convoy kills two bystanders in India’s Kashmir (Reuters) September 22, 2017 Public_and_Optional_Holidays_2017.doc last modified [payload delivered from external site] Pakistan: Death toll from India attack in Kashmir r",
1.0.0,actor--white-company,artifact--sha256:476853bd6de2948995279e4d3b2e9c50776fbc4ac10b4469f29094ee81905601,observation--sha256:59b6c3131cc292007aceaba2e86051dec28e279e53510beb5882e2be68019a1a,file-name,Fazaia-Overseas-Form.doc,Fazaia-Overseas-Form.doc,candidate,2017-09-10T00:00:00Z,day,known,same-record,,source--white-company--9a5333b9a4ad40b4,WhiteCompany/WhiteCompanyOperationShaheenReport.pdf,"{""page"": 126}",[],[],[],[],0,false,medium,TLP:CLEAR,pdf-text,"Phishing Lures FILE NAMES Over a period of six months, Cylance was able to recover 30 lures from the phishing server. All were Rich Text Files (RTF) which contained Microsoft Word documents within. Several of the lures referenced events or articles that can be pinned to a specific date or a narrow time frame. A few were tagged to the February 2015 time period, but all of the others where dates were suggested fall into the range of June to September 2017, coinciding with observed phishing attempt",
1.0.0,actor--white-company,artifact--sha256:476853bd6de2948995279e4d3b2e9c50776fbc4ac10b4469f29094ee81905601,observation--sha256:d4d2c1955d73125c96da5eb24007fc977e3bd26d3d1c36c9b2b844a7c5f6b934,file-name,Fazaia-Overseas-Form.doc,Fazaia-Overseas-Form.doc,candidate,,unknown,unknown,invalid-calendar-date:same-record,,source--white-company--9a5333b9a4ad40b4,WhiteCompany/WhiteCompanyOperationShaheenReport.pdf,"{""page"": 130}",[],[],[],[],0,false,medium,TLP:CLEAR,pdf-text,"SHA256: f110283c4e459cc20e908267d88edba26e2135bcb7d7335cabbed1a128edeb86 22. India crashes out of Russia tank competition.doc 23. Pakistan Air Force Jet Crashes During Routine Operation.doc The majority of the lures were nearly identical with the exception of the decoy document and final payload. If the exploit was successful, a simple download-and-execute shellcode would run, which in turn, loaded an additional executable from an external website. The following unique payload URLs were identifi",
1.0.0,actor--white-company,artifact--sha256:476853bd6de2948995279e4d3b2e9c50776fbc4ac10b4469f29094ee81905601,observation--sha256:4df93f6d88a72248e29b17e4982c15731229428203fa339b5c58a18a30cc622b,file-name,Fazaia-Overseas-Form.doc,Fazaia-Overseas-Form.doc,candidate,,unknown,unknown,invalid-calendar-date:same-record,,source--white-company--9a5333b9a4ad40b4,WhiteCompany/WhiteCompanyOperationShaheenReport.pdf,"{""page"": 42}",[],[],[],[],0,false,medium,TLP:CLEAR,pdf-text,"December 12, 2017 Fazaia-Overseas-Form.doc last modified [internal payload] Fazaia_Housing_Scheme_Notice_Inviting_Tenders.doc last modified [internal payload] December 13, 2017 Russia urges India to find way to join CPEC [during meeting in India between Russia, India and China] (CPEC via Pakistan Today) December 16, 2017 Hoping to extend maritime reach, China lavishes aid on Pakistan town (Reuters) Iran keen to be part of CPEC; it is a game-changer for the region: Envoy (CPEC via The Nation) Dec",
1.0.0,actor--white-company,artifact--sha256:33a1e827441b531ed5fa634429861dcfd170522c1df8fa385cea88a3cb9b2cd8,observation--sha256:4ae204a653b6f612acac1aa646c36988e067515e547170f915813e19be4e31d8,file-name,Fazaia_Housing_Scheme_Notice_Inviting_Tenders.doc,Fazaia_Housing_Scheme_Notice_Inviting_Tenders.doc,candidate,2017-09-10T00:00:00Z,day,known,same-record,,source--white-company--9a5333b9a4ad40b4,WhiteCompany/WhiteCompanyOperationShaheenReport.pdf,"{""page"": 126}",[],[],[],[],0,false,medium,TLP:CLEAR,pdf-text,"Phishing Lures FILE NAMES Over a period of six months, Cylance was able to recover 30 lures from the phishing server. All were Rich Text Files (RTF) which contained Microsoft Word documents within. Several of the lures referenced events or articles that can be pinned to a specific date or a narrow time frame. A few were tagged to the February 2015 time period, but all of the others where dates were suggested fall into the range of June to September 2017, coinciding with observed phishing attempt",
1.0.0,actor--white-company,artifact--sha256:33a1e827441b531ed5fa634429861dcfd170522c1df8fa385cea88a3cb9b2cd8,observation--sha256:e2157f7cf6c7e79138f115761699eb9b2ca9b52043957256fa3cfa13d80bf086,file-name,Fazaia_Housing_Scheme_Notice_Inviting_Tenders.doc,Fazaia_Housing_Scheme_Notice_Inviting_Tenders.doc,candidate,,unknown,unknown,invalid-calendar-date:same-record,,source--white-company--9a5333b9a4ad40b4,WhiteCompany/WhiteCompanyOperationShaheenReport.pdf,"{""page"": 130}",[],[],[],[],0,false,medium,TLP:CLEAR,pdf-text,"SHA256: f110283c4e459cc20e908267d88edba26e2135bcb7d7335cabbed1a128edeb86 22. India crashes out of Russia tank competition.doc 23. Pakistan Air Force Jet Crashes During Routine Operation.doc The majority of the lures were nearly identical with the exception of the decoy document and final payload. If the exploit was successful, a simple download-and-execute shellcode would run, which in turn, loaded an additional executable from an external website. The following unique payload URLs were identifi",
1.0.0,actor--white-company,artifact--sha256:33a1e827441b531ed5fa634429861dcfd170522c1df8fa385cea88a3cb9b2cd8,observation--sha256:562ed6ac7a8e6a248b697117a50cd4f6a7cb6650ea2e5f735ca147d4275e5eca,file-name,Fazaia_Housing_Scheme_Notice_Inviting_Tenders.doc,Fazaia_Housing_Scheme_Notice_Inviting_Tenders.doc,candidate,,unknown,unknown,invalid-calendar-date:same-record,,source--white-company--9a5333b9a4ad40b4,WhiteCompany/WhiteCompanyOperationShaheenReport.pdf,"{""page"": 42}",[],[],[],[],0,false,medium,TLP:CLEAR,pdf-text,"December 12, 2017 Fazaia-Overseas-Form.doc last modified [internal payload] Fazaia_Housing_Scheme_Notice_Inviting_Tenders.doc last modified [internal payload] December 13, 2017 Russia urges India to find way to join CPEC [during meeting in India between Russia, India and China] (CPEC via Pakistan Today) December 16, 2017 Hoping to extend maritime reach, China lavishes aid on Pakistan town (Reuters) Iran keen to be part of CPEC; it is a game-changer for the region: Envoy (CPEC via The Nation) Dec",
1.0.0,actor--white-company,artifact--sha256:3382b27c4e51b00d581730d76a5d4bbc37575e3ec6767be5c5c77b46695ce7b8,observation--sha256:ced1e328e0872e7713081b5bf35626f6ba206f1da563fd60a3ca6cde772aeb4f,file-name,Grant_of_Increase_to_Pensioners_of_the_federal_Government.doc,Grant_of_Increase_to_Pensioners_of_the_federal_Government.doc,candidate,,unknown,unknown,invalid-calendar-date:same-record,,source--white-company--9a5333b9a4ad40b4,WhiteCompany/WhiteCompanyOperationShaheenReport.pdf,"{""page"": 127}",[],[],[],[],0,false,medium,TLP:CLEAR,pdf-text,"7. Pakistan Air Force Jet Crashes During Routine Operation.doc August 10, 2017 This headline was lifted from NDTV news website: https:/ /www.ndtv.com/world-news/pakistan-air-force-jet-crashes-during-routine- operation-pilot-dead-1736069 8. Russia ready to offer India the MiG-35 to replace the Rafale fighter jet.doc February 24, 2015 This is an exact copy of a headline from a Pakistani defense news forum discussion: https:/ /defence.pk/pdf/threads/russia-ready-to-offer-india-the-mig-35-to-replace",
1.0.0,actor--white-company,artifact--sha256:3382b27c4e51b00d581730d76a5d4bbc37575e3ec6767be5c5c77b46695ce7b8,observation--sha256:916368af8a8b023be214b7b73e61d6784d696773084f696d2c72e77be18531e9,file-name,Grant_of_Increase_to_Pensioners_of_the_federal_Government.doc,Grant_of_Increase_to_Pensioners_of_the_federal_Government.doc,candidate,,unknown,unknown,invalid-calendar-date:same-record,,source--white-company--9a5333b9a4ad40b4,WhiteCompany/WhiteCompanyOperationShaheenReport.pdf,"{""page"": 130}",[],[],[],[],0,false,medium,TLP:CLEAR,pdf-text,"SHA256: f110283c4e459cc20e908267d88edba26e2135bcb7d7335cabbed1a128edeb86 22. India crashes out of Russia tank competition.doc 23. Pakistan Air Force Jet Crashes During Routine Operation.doc The majority of the lures were nearly identical with the exception of the decoy document and final payload. If the exploit was successful, a simple download-and-execute shellcode would run, which in turn, loaded an additional executable from an external website. The following unique payload URLs were identifi",
1.0.0,actor--white-company,artifact--sha256:a46e2177cdb7021236a2d46b4409c901a9a2fde8275b0cbe600940e38ecfe49a,observation--sha256:f942a047f4b74ce66853ff28f700417318c487ddb191812bcd3998e589c3108f,file-name,Interoperability-An-OLE-Edition.pdf,Interoperability-An-OLE-Edition.pdf,candidate,2017-04-03T00:00:00Z,day,known,same-record,,source--white-company--9a5333b9a4ad40b4,WhiteCompany/WhiteCompanyOperationShaheenReport.pdf,"{""page"": 121}",[],[],[],[],0,false,medium,TLP:CLEAR,pdf-text,"Works Cited Ali Security. (2015, October 16). Word Type Confusion Vulnerability (CVE-2015-1641) Analysis. Retrieved from Freebuf: http:/ /www.freebuf.com/vuls/81868.html Baidu Security Labs. (2017, April 25). APT Attack Tool - Word Vulnerability CVE-2016-7193. Retrieved from seebug: https:/ /paper.seebug.org/288/ Brenner, B. (2017, April 3). AKBuilder, Microsoft Word Intruder exploiting Office RTF vulnerability. Retrieved from Naked Security: https:/ /nakedsecurity.sophos.com/2017/04/03/akbuilde",
1.0.0,actor--white-company,artifact--sha256:9301ef3ad675f9c73d56d3f597c09dbce9b0c8c87981286673d00d236b8e504f,observation--sha256:6847ae1f95b721a77f0e8d9778ef0a3953c9f0f7cd22717264c4990eedc7609d,file-name,Kernel32.dll,Kernel32.dll,candidate,,unknown,unknown,not-stated,,source--white-company--9a5333b9a4ad40b4,WhiteCompany/WhiteCompanyOperationShaheenReport.pdf,"{""page"": 58}",[],[],[],[],0,false,medium,TLP:CLEAR,pdf-text,Stage 1 is responsible for finding the original exploit document within the process and loading the Stage 2 shellcode. This architecture allows changing the functionality of the exploit without having to modify difficult structures and removes all practical limitations for the mission-specific functionality of the payload. Stage 1 begins by getting its own address as can be seen in the following code: seg000:000208A7 ; --------------------------------------------------------------------------- s,
1.0.0,actor--white-company,artifact--sha256:9301ef3ad675f9c73d56d3f597c09dbce9b0c8c87981286673d00d236b8e504f,observation--sha256:9139d45925df6a391d200368d4553d47b4177a1aca485d937f1ebf66a3cfde98,file-name,Kernel32.dll,Kernel32.dll,candidate,,unknown,unknown,not-stated,,source--white-company--9a5333b9a4ad40b4,WhiteCompany/WhiteCompanyOperationShaheenReport.pdf,"{""page"": 59}",[],[],[],[],0,false,medium,TLP:CLEAR,pdf-text,"seg000:000208C3 xor ecx, ecx seg000:000208C5 mov esi, fs:[ecx+NT_TEB.Peb] ; PEB seg000:000208C9 mov esi, [esi+_PEB.Ldr] ; _PEB_LDR_DATA seg000:000208CC mov esi, seg000:000208CC [esi+PEB_LDR_DATA.InInitializationOrderModuleList.Flink] seg000:000208CC ; LoadedModule seg000:000208CF seg000:000208CF find_kernel32: ; CODE XREF: stage1_part2+4Fj seg000:000208CF mov ebp, [esi+LDR_DATA_TABLE_ENTRY.InMemoryOrderLinks] seg000:000208CF ; LDR_AddressOfModule seg000:000208D2 mov edi, [esi+LDR_DATA_TABLE_ENTR",
1.0.0,actor--white-company,artifact--sha256:9301ef3ad675f9c73d56d3f597c09dbce9b0c8c87981286673d00d236b8e504f,observation--sha256:b3caccdd21b6598ae67cd182ecc4755217f5d9f0a8b5ccf632deb504e208e2ba,file-name,Kernel32.dll,Kernel32.dll,candidate,,unknown,unknown,not-stated,,source--white-company--9a5333b9a4ad40b4,WhiteCompany/WhiteCompanyOperationShaheenReport.pdf,"{""page"": 60}",[],[],[],[],0,false,medium,TLP:CLEAR,pdf-text,"This code resolves Kernel32’s GetFileSize, CreateFileMappingA, and MapViewOfFile. Additionally, it saves some values that it has already allocated into the memory space. Once resolved, Stage 1 attempts to find the exploit file within the process memory space. The code for this operation can be seen in the following exhibit: seg000:00020983 xor esi, esi seg000:00020985 seg000:00020985 loc_20985: ; CODE XREF: stage1_part3+58j seg000:00020985 ; stage1_part3+71j ... seg000:00020985 add esi, 4 seg000",
1.0.0,actor--white-company,artifact--sha256:266d552a09fd6cdeae832774049731a12cf6bd6ec1d8f3f9fbc71ff22df51e07,observation--sha256:7c26fa88edc771350f2341235ab49a0c4b2566782201feea30131f0d3b147a41,file-name,List_of_National_and_Regional_Public_holidays_of_Pakistan_in_2018.doc,List_of_National_and_Regional_Public_holidays_of_Pakistan_in_2018.doc,candidate,,unknown,unknown,not-stated,,source--white-company--9a5333b9a4ad40b4,WhiteCompany/WhiteCompanyOperationShaheenReport.pdf,"{""page"": 128}",[],[],[],[],0,false,medium,TLP:CLEAR,pdf-text,"5. List_of_National_and_Regional_Public_holidays_of_Pakistan_in_2018.doc 6. Machine_Readalbe_Passport.doc 7. Public_and_Optional_Holidays_2017.doc 8. Sales - Tax & Federal Excise Budgetary Measures.doc 9. Sales Tax & Federal Excise Budgetary Measures.doc 10. Sales_Tax.doc 11. THE_CIA.doc Lures that referenced China: 1. 2017年发展中国家妇幼保健专业培训班项目简介表.doc This roughly translates to Program for MCH [Maternal and Child Health] Training Courses in Developing Countries. Many NGOs offer these programs, but t",
1.0.0,actor--white-company,artifact--sha256:266d552a09fd6cdeae832774049731a12cf6bd6ec1d8f3f9fbc71ff22df51e07,observation--sha256:14c9970538df820793bda43cd4504ae9f380ee9ba1e53ddc8f093fa0d90e53e3,file-name,List_of_National_and_Regional_Public_holidays_of_Pakistan_in_2018.doc,List_of_National_and_Regional_Public_holidays_of_Pakistan_in_2018.doc,candidate,,unknown,unknown,invalid-calendar-date:same-record,,source--white-company--9a5333b9a4ad40b4,WhiteCompany/WhiteCompanyOperationShaheenReport.pdf,"{""page"": 130}",[],[],[],[],0,false,medium,TLP:CLEAR,pdf-text,"SHA256: f110283c4e459cc20e908267d88edba26e2135bcb7d7335cabbed1a128edeb86 22. India crashes out of Russia tank competition.doc 23. Pakistan Air Force Jet Crashes During Routine Operation.doc The majority of the lures were nearly identical with the exception of the decoy document and final payload. If the exploit was successful, a simple download-and-execute shellcode would run, which in turn, loaded an additional executable from an external website. The following unique payload URLs were identifi",
1.0.0,actor--white-company,artifact--sha256:e402dfc68fafbc2342b003f622c101c4904fc7ce91af67c559401d9325fae5f4,observation--sha256:8f0fac1855e6998b8466bfe7d021f62305db618dfe005cd633b028f566ee7782,file-name,MSVCR71.dll,MSVCR71.dll,candidate,,unknown,unknown,not-stated,,source--white-company--9a5333b9a4ad40b4,WhiteCompany/WhiteCompanyOperationShaheenReport.pdf,"{""page"": 52}",[],[],[],[],0,false,medium,TLP:CLEAR,pdf-text,"Exploit Trigger Evolution In this section, we’ll look at the evolution of the trigger for the SmartTag exploit. We’ll limit the scope of this section to only those things required to gain execution control. The ROP and shellcode payloads will be discussed in a later section. SMART TAG VERSION 1 All of the SmartTag exploits are RTF documents, necessitated by the vulnerability since it requires that a Word Document is embedded within an RTF document. The first SmartTag exploit analyzed within the ",
1.0.0,actor--white-company,artifact--sha256:e402dfc68fafbc2342b003f622c101c4904fc7ce91af67c559401d9325fae5f4,observation--sha256:179a5e613f36529fc78f28a05af2f3fdc2501188f911a04f4d4c44b2a9d92fb5,file-name,MSVCR71.dll,MSVCR71.dll,candidate,,unknown,unknown,not-stated,,source--white-company--9a5333b9a4ad40b4,WhiteCompany/WhiteCompanyOperationShaheenReport.pdf,"{""page"": 54}",[],[],[],[],0,false,medium,TLP:CLEAR,pdf-text,"The effect of these SmartTag elements is the following writes, in order: Operation: [0x7C38BD74] = 0xFFFFE696 Operation: [0x7C38BD50] = 0x00000004 Operation: [0x7C38A428] = 0x7C376FC3 Operation: [0x7C38BD68] = 0x00000007 Operation: [0x7C38BD8C] = 0xFFFFE656 Operation: [0x7C38BD60] = 0x00000006 Operation: [0x7C38A430] = 0x0A800C0C Operation: [0x7C38BD80] = 0x0000000A Ultimately, two of these writes are important. The first is the write of the value 0x7C376FC3 to address 0x7C38A428. This changes a",
1.0.0,actor--white-company,artifact--sha256:e402dfc68fafbc2342b003f622c101c4904fc7ce91af67c559401d9325fae5f4,observation--sha256:1eb971fe807ed4e39894a624e4912c5ebc8906fe7d2f51376254663a8c6bf509,file-name,MSVCR71.dll,MSVCR71.dll,candidate,,unknown,unknown,not-stated,,source--white-company--9a5333b9a4ad40b4,WhiteCompany/WhiteCompanyOperationShaheenReport.pdf,"{""page"": 57}",[],[],[],[],0,false,medium,TLP:CLEAR,pdf-text,"code complexity substantially. So, an ROP chain is used to change the permissions of the memory segment with the Stage 1 shellcode, granting execute permissions in that memory area. The following ROP payload is used inside the exploits: seg000:0002084C dd 7C3651EBh ; pop ebp seg000:0002084C ; retn seg000:00020850 dd 7C3651EBh ; --- ebp value seg000:00020854 dd 7C372B02h ; pop ebx seg000:00020854 ; retn seg000:00020858 dd 201h ; --- ebx value seg000:0002085C dd 7C344364h ; pop edx seg000:0002085C",
1.0.0,actor--white-company,artifact--sha256:5653eefd3d02691d56ad9d4cc797c6cd5016c8606d6cf3084cf797690e3f6af2,observation--sha256:5d2f16d8174299f8186911bbd110b2d07d5ff8fb65df8b6a6be8c23e1562af17,file-name,Machine_Readalbe_Passport.doc,Machine_Readalbe_Passport.doc,candidate,,unknown,unknown,not-stated,,source--white-company--9a5333b9a4ad40b4,WhiteCompany/WhiteCompanyOperationShaheenReport.pdf,"{""page"": 128}",[],[],[],[],0,false,medium,TLP:CLEAR,pdf-text,"5. List_of_National_and_Regional_Public_holidays_of_Pakistan_in_2018.doc 6. Machine_Readalbe_Passport.doc 7. Public_and_Optional_Holidays_2017.doc 8. Sales - Tax & Federal Excise Budgetary Measures.doc 9. Sales Tax & Federal Excise Budgetary Measures.doc 10. Sales_Tax.doc 11. THE_CIA.doc Lures that referenced China: 1. 2017年发展中国家妇幼保健专业培训班项目简介表.doc This roughly translates to Program for MCH [Maternal and Child Health] Training Courses in Developing Countries. Many NGOs offer these programs, but t",
1.0.0,actor--white-company,artifact--sha256:5653eefd3d02691d56ad9d4cc797c6cd5016c8606d6cf3084cf797690e3f6af2,observation--sha256:2376e79772023b6580292f179c3a5572ac96be429ba6ed2144cb1b22af6f332d,file-name,Machine_Readalbe_Passport.doc,Machine_Readalbe_Passport.doc,candidate,,unknown,unknown,not-stated,,source--white-company--9a5333b9a4ad40b4,WhiteCompany/WhiteCompanyOperationShaheenReport.pdf,"{""page"": 129}",[],[],[],[],0,false,medium,TLP:CLEAR,pdf-text,"ADDITIONAL FILE ATTRIBUTES The phishing lures also fell into two camps based on their file size. 23 of the files were exactly 575 Kilobytes in size. When the exploits were successfully triggered, these files would retrieve malware from several different, apparently legitimate, compromised websites, including Pakistan’s Frontier Works Organization. In all observed instances, the download and execute documents attempted to exploit CVE-2012-0158. SHA256: 2e219fc95d7b44d8b0e748628e559a9ec79a068b90fe",
1.0.0,actor--white-company,artifact--sha256:5653eefd3d02691d56ad9d4cc797c6cd5016c8606d6cf3084cf797690e3f6af2,observation--sha256:d82a0227ce34819d477c96fb7316e3e50c9ef99d1afd05fd307f10edd49f5723,file-name,Machine_Readalbe_Passport.doc,Machine_Readalbe_Passport.doc,candidate,,unknown,unknown,not-stated,,source--white-company--9a5333b9a4ad40b4,WhiteCompany/WhiteCompanyOperationShaheenReport.pdf,"{""page"": 41}",[],[],[],[],0,false,medium,TLP:CLEAR,pdf-text,"November 11, 2017 Saudi delegation to visit Pakistan to seek opportunities in CPEC (CPEC via Xinhua) November 13, 2017 *** Machine_Readalbe_Passport.doc last modified [payload delivered from external site] Chinese Economic Summit Hong Kong - China offers to train Pak military to protect CPEC projects November 18, 2017 5 militants, Indian soldier killed in Kashmir fighting (Associated Press) November 19, 2017 PAF C-130 aircraft airlifts relief goods to Iran (earthquake) (Geo) November 21, 2017 PA",
1.0.0,actor--white-company,artifact--sha256:621f676f4e1995ad40c85a5b78558eaa14b84d1e806605a52f04ed3e187039e6,observation--sha256:bc37fdbdcbb7e2d486d1144ea6a114618a2eb668e4e3b198fb6b363a6bc03028,file-name,Measures.doc,Measures.doc,candidate,,unknown,unknown,not-stated,,source--white-company--9a5333b9a4ad40b4,WhiteCompany/WhiteCompanyOperationShaheenReport.pdf,"{""page"": 128}",[],[],[],[],0,false,medium,TLP:CLEAR,pdf-text,"5. List_of_National_and_Regional_Public_holidays_of_Pakistan_in_2018.doc 6. Machine_Readalbe_Passport.doc 7. Public_and_Optional_Holidays_2017.doc 8. Sales - Tax & Federal Excise Budgetary Measures.doc 9. Sales Tax & Federal Excise Budgetary Measures.doc 10. Sales_Tax.doc 11. THE_CIA.doc Lures that referenced China: 1. 2017年发展中国家妇幼保健专业培训班项目简介表.doc This roughly translates to Program for MCH [Maternal and Child Health] Training Courses in Developing Countries. Many NGOs offer these programs, but t",
1.0.0,actor--white-company,artifact--sha256:621f676f4e1995ad40c85a5b78558eaa14b84d1e806605a52f04ed3e187039e6,observation--sha256:1e09549630e3d5ce97caec4099e6cd7c3000a1a934e21cd4df8b8fefcdb2e731,file-name,Measures.doc,Measures.doc,candidate,,unknown,unknown,not-stated,,source--white-company--9a5333b9a4ad40b4,WhiteCompany/WhiteCompanyOperationShaheenReport.pdf,"{""page"": 129}",[],[],[],[],0,false,medium,TLP:CLEAR,pdf-text,"ADDITIONAL FILE ATTRIBUTES The phishing lures also fell into two camps based on their file size. 23 of the files were exactly 575 Kilobytes in size. When the exploits were successfully triggered, these files would retrieve malware from several different, apparently legitimate, compromised websites, including Pakistan’s Frontier Works Organization. In all observed instances, the download and execute documents attempted to exploit CVE-2012-0158. SHA256: 2e219fc95d7b44d8b0e748628e559a9ec79a068b90fe",
1.0.0,actor--white-company,artifact--sha256:621f676f4e1995ad40c85a5b78558eaa14b84d1e806605a52f04ed3e187039e6,observation--sha256:d415c0ef53b211b6a44c5a4d0406315817179e1c361f48fee58b5e48040ef412,file-name,Measures.doc,Measures.doc,candidate,,unknown,unknown,invalid-calendar-date:same-record,,source--white-company--9a5333b9a4ad40b4,WhiteCompany/WhiteCompanyOperationShaheenReport.pdf,"{""page"": 130}",[],[],[],[],0,false,medium,TLP:CLEAR,pdf-text,"SHA256: f110283c4e459cc20e908267d88edba26e2135bcb7d7335cabbed1a128edeb86 22. India crashes out of Russia tank competition.doc 23. Pakistan Air Force Jet Crashes During Routine Operation.doc The majority of the lures were nearly identical with the exception of the decoy document and final payload. If the exploit was successful, a simple download-and-execute shellcode would run, which in turn, loaded an additional executable from an external website. The following unique payload URLs were identifi",
1.0.0,actor--white-company,artifact--sha256:621f676f4e1995ad40c85a5b78558eaa14b84d1e806605a52f04ed3e187039e6,observation--sha256:45005968536cb58b9cb10475593b5baeb42ed4437fca8dcb4c686d9541987029,file-name,Measures.doc,Measures.doc,candidate,,unknown,unknown,not-stated,,source--white-company--9a5333b9a4ad40b4,WhiteCompany/WhiteCompanyOperationShaheenReport.pdf,"{""page"": 37}",[],[],[],[],0,false,medium,TLP:CLEAR,pdf-text,"August 16, 2017 Exploit stops evading Avast! Sales Tax & Federal Excise Budgetary Measures.doc last modified Sohail Mahmood takes charge as Pakistan’s high commissioner to India (First Post) U.S. sanctions Kashmiri militant group Hizbul Mujahideen (Reuters) Trump to discuss Afghan strategy with security team on Friday (Reuters) August 17, 2017 Saudi Arabia eager to invest in Gwadar Port projects (CPEC via Radio Pakistan) India clears purchase of six Boeing helicopters in $650 million deal (Reute",
1.0.0,actor--white-company,artifact--sha256:d06eabd7dbfc81c9a888e23c82978798ae85b6478136a1b5847c79e4d69fb068,observation--sha256:848cbfd4cd12c9dd03ef540f37e0de28bb7b672622688ec71225b1a861dffa4f,file-name,Operation.doc,Operation.doc,candidate,,unknown,unknown,invalid-calendar-date:same-record,,source--white-company--9a5333b9a4ad40b4,WhiteCompany/WhiteCompanyOperationShaheenReport.pdf,"{""page"": 127}",[],[],[],[],0,false,medium,TLP:CLEAR,pdf-text,"7. Pakistan Air Force Jet Crashes During Routine Operation.doc August 10, 2017 This headline was lifted from NDTV news website: https:/ /www.ndtv.com/world-news/pakistan-air-force-jet-crashes-during-routine- operation-pilot-dead-1736069 8. Russia ready to offer India the MiG-35 to replace the Rafale fighter jet.doc February 24, 2015 This is an exact copy of a headline from a Pakistani defense news forum discussion: https:/ /defence.pk/pdf/threads/russia-ready-to-offer-india-the-mig-35-to-replace",
1.0.0,actor--white-company,artifact--sha256:d06eabd7dbfc81c9a888e23c82978798ae85b6478136a1b5847c79e4d69fb068,observation--sha256:62bcee62ac1bc8e84e5479d1d3616c1a8f0798791e94fd54be077627ab6cab63,file-name,Operation.doc,Operation.doc,candidate,,unknown,unknown,invalid-calendar-date:same-record,,source--white-company--9a5333b9a4ad40b4,WhiteCompany/WhiteCompanyOperationShaheenReport.pdf,"{""page"": 130}",[],[],[],[],0,false,medium,TLP:CLEAR,pdf-text,"SHA256: f110283c4e459cc20e908267d88edba26e2135bcb7d7335cabbed1a128edeb86 22. India crashes out of Russia tank competition.doc 23. Pakistan Air Force Jet Crashes During Routine Operation.doc The majority of the lures were nearly identical with the exception of the decoy document and final payload. If the exploit was successful, a simple download-and-execute shellcode would run, which in turn, loaded an additional executable from an external website. The following unique payload URLs were identifi",
1.0.0,actor--white-company,artifact--sha256:d06eabd7dbfc81c9a888e23c82978798ae85b6478136a1b5847c79e4d69fb068,observation--sha256:783f2474910169fc4278b106a811453d9a8e42ccd49ad4774623f71aedfe647f,file-name,Operation.doc,Operation.doc,candidate,,unknown,unknown,not-stated,,source--white-company--9a5333b9a4ad40b4,WhiteCompany/WhiteCompanyOperationShaheenReport.pdf,"{""page"": 38}",[],[],[],[],0,false,medium,TLP:CLEAR,pdf-text,"August 30, 2017 1gb188-129.doc last modified [payload delivered from external site] U.S. Gives Military Assistance to Pakistan, With Strings Attached (New York Times) [U.S. put money in escrow giving Pakistan access only if it does more to crack down on terrorism] SEPTEMBER 2017 September 1, 2017 CPEC vis-à-vis Opportunities for Aviation Industry and Way Forward (Symposium) (CPEC via Daily Times) September 3, 2017 India appoints new defence minister, rejigs cabinet to refocus on economy (Reuters",
1.0.0,actor--white-company,artifact--sha256:efe03a2f65db09e65486ac6b77ab68d9e48d356feb6434549ed8494af124763d,observation--sha256:8032ad9a1814a7d1b4437e313edbfe634b1c641115b8f0184256360991adcbb4,file-name,P020170826.doc,P020170826.doc,candidate,,unknown,unknown,not-stated,,source--white-company--9a5333b9a4ad40b4,WhiteCompany/WhiteCompanyOperationShaheenReport.pdf,"{""page"": 128}",[],[],[],[],0,false,medium,TLP:CLEAR,pdf-text,"5. List_of_National_and_Regional_Public_holidays_of_Pakistan_in_2018.doc 6. Machine_Readalbe_Passport.doc 7. Public_and_Optional_Holidays_2017.doc 8. Sales - Tax & Federal Excise Budgetary Measures.doc 9. Sales Tax & Federal Excise Budgetary Measures.doc 10. Sales_Tax.doc 11. THE_CIA.doc Lures that referenced China: 1. 2017年发展中国家妇幼保健专业培训班项目简介表.doc This roughly translates to Program for MCH [Maternal and Child Health] Training Courses in Developing Countries. Many NGOs offer these programs, but t",
1.0.0,actor--white-company,artifact--sha256:efe03a2f65db09e65486ac6b77ab68d9e48d356feb6434549ed8494af124763d,observation--sha256:8aee6241dc1e16e48907a00c5de82734096283e67085d0c0a4e4229f69aaa4bb,file-name,P020170826.doc,P020170826.doc,candidate,,unknown,unknown,not-stated,,source--white-company--9a5333b9a4ad40b4,WhiteCompany/WhiteCompanyOperationShaheenReport.pdf,"{""page"": 129}",[],[],[],[],0,false,medium,TLP:CLEAR,pdf-text,"ADDITIONAL FILE ATTRIBUTES The phishing lures also fell into two camps based on their file size. 23 of the files were exactly 575 Kilobytes in size. When the exploits were successfully triggered, these files would retrieve malware from several different, apparently legitimate, compromised websites, including Pakistan’s Frontier Works Organization. In all observed instances, the download and execute documents attempted to exploit CVE-2012-0158. SHA256: 2e219fc95d7b44d8b0e748628e559a9ec79a068b90fe",
1.0.0,actor--white-company,artifact--sha256:efe03a2f65db09e65486ac6b77ab68d9e48d356feb6434549ed8494af124763d,observation--sha256:2d9bba353b4bfb7b7df91426b3d6d2ad57d9d50b9cd3ac5bcdfc30e75fa7ec58,file-name,P020170826.doc,P020170826.doc,candidate,,unknown,unknown,not-stated,,source--white-company--9a5333b9a4ad40b4,WhiteCompany/WhiteCompanyOperationShaheenReport.pdf,"{""page"": 37}",[],[],[],[],0,false,medium,TLP:CLEAR,pdf-text,"August 16, 2017 Exploit stops evading Avast! Sales Tax & Federal Excise Budgetary Measures.doc last modified Sohail Mahmood takes charge as Pakistan’s high commissioner to India (First Post) U.S. sanctions Kashmiri militant group Hizbul Mujahideen (Reuters) Trump to discuss Afghan strategy with security team on Friday (Reuters) August 17, 2017 Saudi Arabia eager to invest in Gwadar Port projects (CPEC via Radio Pakistan) India clears purchase of six Boeing helicopters in $650 million deal (Reute",
1.0.0,actor--white-company,artifact--sha256:c36381c39250a8cb99d8e158bbf3c6e799cde19ec52757c31c7b751aeac45bcf,observation--sha256:94869b676ea100676aac8252a80d2a025f73727acafc389de82690e06029599e,file-name,Pakistan.doc,Pakistan.doc,candidate,2017-09-10T00:00:00Z,day,known,same-record,,source--white-company--9a5333b9a4ad40b4,WhiteCompany/WhiteCompanyOperationShaheenReport.pdf,"{""page"": 126}",[],[],[],[],0,false,medium,TLP:CLEAR,pdf-text,"Phishing Lures FILE NAMES Over a period of six months, Cylance was able to recover 30 lures from the phishing server. All were Rich Text Files (RTF) which contained Microsoft Word documents within. Several of the lures referenced events or articles that can be pinned to a specific date or a narrow time frame. A few were tagged to the February 2015 time period, but all of the others where dates were suggested fall into the range of June to September 2017, coinciding with observed phishing attempt",
1.0.0,actor--white-company,artifact--sha256:c36381c39250a8cb99d8e158bbf3c6e799cde19ec52757c31c7b751aeac45bcf,observation--sha256:920875837ba693ce9f0589d86d3304a6396644df9d4eaf694674c272ad84a288,file-name,Pakistan.doc,Pakistan.doc,candidate,,unknown,unknown,not-stated,,source--white-company--9a5333b9a4ad40b4,WhiteCompany/WhiteCompanyOperationShaheenReport.pdf,"{""page"": 129}",[],[],[],[],0,false,medium,TLP:CLEAR,pdf-text,"ADDITIONAL FILE ATTRIBUTES The phishing lures also fell into two camps based on their file size. 23 of the files were exactly 575 Kilobytes in size. When the exploits were successfully triggered, these files would retrieve malware from several different, apparently legitimate, compromised websites, including Pakistan’s Frontier Works Organization. In all observed instances, the download and execute documents attempted to exploit CVE-2012-0158. SHA256: 2e219fc95d7b44d8b0e748628e559a9ec79a068b90fe",
1.0.0,actor--white-company,artifact--sha256:c36381c39250a8cb99d8e158bbf3c6e799cde19ec52757c31c7b751aeac45bcf,observation--sha256:fc814a2b4f9a9f84a8fe437500d100dc9770d295161cddb2cbbf519c802cffa4,file-name,Pakistan.doc,Pakistan.doc,candidate,,unknown,unknown,not-stated,,source--white-company--9a5333b9a4ad40b4,WhiteCompany/WhiteCompanyOperationShaheenReport.pdf,"{""page"": 40}",[],[],[],[],0,false,medium,TLP:CLEAR,pdf-text,"October 18, 2017 Tillerson makes policy speech defining U.S. relationship with India, calls for greater cooperation in a number of areas, including cybersecurity (CSIS) Tillerson Hails Ties With India, but Criticizes China and Pakistan (New York Times) October 19-27, 2017 Tillerson off to Mideast, South Asia with eye on Iran, Iraq [trip to Saudi, Qatar, Pakistan, India] (Associated Press) October 19, 2017 India is quietly preparing a cyber warfare unit to fight a new kind of enemy (Economic Time",
1.0.0,actor--white-company,artifact--sha256:072f44c8c4b7fcf899101269731d4e7606cdac850a07bb6c63d53665e1bc9edd,observation--sha256:49bd0228a35f1af4c1a0e93b182814db53dabe7bb335247a6652d96e06120dae,file-name,Public_and_Optional_Holidays_2017.doc,Public_and_Optional_Holidays_2017.doc,candidate,,unknown,unknown,not-stated,,source--white-company--9a5333b9a4ad40b4,WhiteCompany/WhiteCompanyOperationShaheenReport.pdf,"{""page"": 128}",[],[],[],[],0,false,medium,TLP:CLEAR,pdf-text,"5. List_of_National_and_Regional_Public_holidays_of_Pakistan_in_2018.doc 6. Machine_Readalbe_Passport.doc 7. Public_and_Optional_Holidays_2017.doc 8. Sales - Tax & Federal Excise Budgetary Measures.doc 9. Sales Tax & Federal Excise Budgetary Measures.doc 10. Sales_Tax.doc 11. THE_CIA.doc Lures that referenced China: 1. 2017年发展中国家妇幼保健专业培训班项目简介表.doc This roughly translates to Program for MCH [Maternal and Child Health] Training Courses in Developing Countries. Many NGOs offer these programs, but t",
1.0.0,actor--white-company,artifact--sha256:072f44c8c4b7fcf899101269731d4e7606cdac850a07bb6c63d53665e1bc9edd,observation--sha256:1a4c427deeb783eae8acd2614c222a1f8f9c307dc92c38fd09d8e583febc1658,file-name,Public_and_Optional_Holidays_2017.doc,Public_and_Optional_Holidays_2017.doc,candidate,,unknown,unknown,not-stated,,source--white-company--9a5333b9a4ad40b4,WhiteCompany/WhiteCompanyOperationShaheenReport.pdf,"{""page"": 129}",[],[],[],[],0,false,medium,TLP:CLEAR,pdf-text,"ADDITIONAL FILE ATTRIBUTES The phishing lures also fell into two camps based on their file size. 23 of the files were exactly 575 Kilobytes in size. When the exploits were successfully triggered, these files would retrieve malware from several different, apparently legitimate, compromised websites, including Pakistan’s Frontier Works Organization. In all observed instances, the download and execute documents attempted to exploit CVE-2012-0158. SHA256: 2e219fc95d7b44d8b0e748628e559a9ec79a068b90fe",
1.0.0,actor--white-company,artifact--sha256:072f44c8c4b7fcf899101269731d4e7606cdac850a07bb6c63d53665e1bc9edd,observation--sha256:038d8b093c54ba2b4a6188e6d4ca9a590c3b9befc8bf5a09236da117b923a59a,file-name,Public_and_Optional_Holidays_2017.doc,Public_and_Optional_Holidays_2017.doc,candidate,,unknown,unknown,not-stated,,source--white-company--9a5333b9a4ad40b4,WhiteCompany/WhiteCompanyOperationShaheenReport.pdf,"{""page"": 39}",[],[],[],[],0,false,medium,TLP:CLEAR,pdf-text,"September 17, 2017 Official CPEC announcement: China would “assist” Pakistan in “capacity building” of its “civil armed forces” September 19, 2017 Exclusive: U.S. defense firms want control over tech in Make-in- India plan (Reuters) September 21, 2017 Militant attack on minister’s convoy kills two bystanders in India’s Kashmir (Reuters) September 22, 2017 Public_and_Optional_Holidays_2017.doc last modified [payload delivered from external site] Pakistan: Death toll from India attack in Kashmir r",
1.0.0,actor--white-company,artifact--sha256:77ca73eef41129d9e5b0748372479779371cc51ab3f879e90e8f9ccd82bd7612,observation--sha256:58ffd93e4a8790b820c403cfd21fc829bb22050b5b64ccf2b2d0e50839055036,file-name,SCHEMES.doc,SCHEMES.doc,candidate,2017-09-10T00:00:00Z,day,known,same-record,,source--white-company--9a5333b9a4ad40b4,WhiteCompany/WhiteCompanyOperationShaheenReport.pdf,"{""page"": 126}",[],[],[],[],0,false,medium,TLP:CLEAR,pdf-text,"Phishing Lures FILE NAMES Over a period of six months, Cylance was able to recover 30 lures from the phishing server. All were Rich Text Files (RTF) which contained Microsoft Word documents within. Several of the lures referenced events or articles that can be pinned to a specific date or a narrow time frame. A few were tagged to the February 2015 time period, but all of the others where dates were suggested fall into the range of June to September 2017, coinciding with observed phishing attempt",
1.0.0,actor--white-company,artifact--sha256:77ca73eef41129d9e5b0748372479779371cc51ab3f879e90e8f9ccd82bd7612,observation--sha256:8cd62c751a342ea2af25826111446dec48c9a9aa4c7c3010ae7c56de8d0c6978,file-name,SCHEMES.doc,SCHEMES.doc,candidate,,unknown,unknown,not-stated,,source--white-company--9a5333b9a4ad40b4,WhiteCompany/WhiteCompanyOperationShaheenReport.pdf,"{""page"": 129}",[],[],[],[],0,false,medium,TLP:CLEAR,pdf-text,"ADDITIONAL FILE ATTRIBUTES The phishing lures also fell into two camps based on their file size. 23 of the files were exactly 575 Kilobytes in size. When the exploits were successfully triggered, these files would retrieve malware from several different, apparently legitimate, compromised websites, including Pakistan’s Frontier Works Organization. In all observed instances, the download and execute documents attempted to exploit CVE-2012-0158. SHA256: 2e219fc95d7b44d8b0e748628e559a9ec79a068b90fe",
1.0.0,actor--white-company,artifact--sha256:77ca73eef41129d9e5b0748372479779371cc51ab3f879e90e8f9ccd82bd7612,observation--sha256:994efb06c8c48c0cb98a51b85ad5daa07d0c09cc33692ff884fc278cf371e2f1,file-name,SCHEMES.doc,SCHEMES.doc,candidate,,unknown,unknown,not-stated,,source--white-company--9a5333b9a4ad40b4,WhiteCompany/WhiteCompanyOperationShaheenReport.pdf,"{""page"": 39}",[],[],[],[],0,false,medium,TLP:CLEAR,pdf-text,"September 17, 2017 Official CPEC announcement: China would “assist” Pakistan in “capacity building” of its “civil armed forces” September 19, 2017 Exclusive: U.S. defense firms want control over tech in Make-in- India plan (Reuters) September 21, 2017 Militant attack on minister’s convoy kills two bystanders in India’s Kashmir (Reuters) September 22, 2017 Public_and_Optional_Holidays_2017.doc last modified [payload delivered from external site] Pakistan: Death toll from India attack in Kashmir r",
1.0.0,actor--white-company,artifact--sha256:cc6fe031f4d4bc44088dcc6e3a331b6b46c15d41aa9fca096f74bc6cec454ad3,observation--sha256:68c7ce8e1682d55586b3912c51c520fe8c896176357922d8c443a5e8dd637f23,file-name,SOP-2017.doc,SOP-2017.doc,candidate,,unknown,unknown,not-stated,,source--white-company--9a5333b9a4ad40b4,WhiteCompany/WhiteCompanyOperationShaheenReport.pdf,"{""page"": 128}",[],[],[],[],0,false,medium,TLP:CLEAR,pdf-text,"5. List_of_National_and_Regional_Public_holidays_of_Pakistan_in_2018.doc 6. Machine_Readalbe_Passport.doc 7. Public_and_Optional_Holidays_2017.doc 8. Sales - Tax & Federal Excise Budgetary Measures.doc 9. Sales Tax & Federal Excise Budgetary Measures.doc 10. Sales_Tax.doc 11. THE_CIA.doc Lures that referenced China: 1. 2017年发展中国家妇幼保健专业培训班项目简介表.doc This roughly translates to Program for MCH [Maternal and Child Health] Training Courses in Developing Countries. Many NGOs offer these programs, but t",
1.0.0,actor--white-company,artifact--sha256:cc6fe031f4d4bc44088dcc6e3a331b6b46c15d41aa9fca096f74bc6cec454ad3,observation--sha256:a77438c505a09181bf6f04e8a28da451615c9b1a93c83de1ee92d915efe3e925,file-name,SOP-2017.doc,SOP-2017.doc,candidate,,unknown,unknown,not-stated,,source--white-company--9a5333b9a4ad40b4,WhiteCompany/WhiteCompanyOperationShaheenReport.pdf,"{""page"": 129}",[],[],[],[],0,false,medium,TLP:CLEAR,pdf-text,"ADDITIONAL FILE ATTRIBUTES The phishing lures also fell into two camps based on their file size. 23 of the files were exactly 575 Kilobytes in size. When the exploits were successfully triggered, these files would retrieve malware from several different, apparently legitimate, compromised websites, including Pakistan’s Frontier Works Organization. In all observed instances, the download and execute documents attempted to exploit CVE-2012-0158. SHA256: 2e219fc95d7b44d8b0e748628e559a9ec79a068b90fe",
1.0.0,actor--white-company,artifact--sha256:cc6fe031f4d4bc44088dcc6e3a331b6b46c15d41aa9fca096f74bc6cec454ad3,observation--sha256:3eed52b92e6e43bed5b2e3c9e32c64224ab88d1ede41347d804cd7e2b13ca3f6,file-name,SOP-2017.doc,SOP-2017.doc,candidate,,unknown,unknown,not-stated,,source--white-company--9a5333b9a4ad40b4,WhiteCompany/WhiteCompanyOperationShaheenReport.pdf,"{""page"": 37}",[],[],[],[],0,false,medium,TLP:CLEAR,pdf-text,"August 16, 2017 Exploit stops evading Avast! Sales Tax & Federal Excise Budgetary Measures.doc last modified Sohail Mahmood takes charge as Pakistan’s high commissioner to India (First Post) U.S. sanctions Kashmiri militant group Hizbul Mujahideen (Reuters) Trump to discuss Afghan strategy with security team on Friday (Reuters) August 17, 2017 Saudi Arabia eager to invest in Gwadar Port projects (CPEC via Radio Pakistan) India clears purchase of six Boeing helicopters in $650 million deal (Reute",
1.0.0,actor--white-company,artifact--sha256:42c1ce8f28e8d06cfeff19dfdb3b50b8ff1a60f2ac938715687d01163c823ac0,observation--sha256:e0e26c37bbc8189d28de04d55dde600a324f223e2b05bec5665267e917daf952,file-name,Sales_Tax.doc,Sales_Tax.doc,candidate,,unknown,unknown,not-stated,,source--white-company--9a5333b9a4ad40b4,WhiteCompany/WhiteCompanyOperationShaheenReport.pdf,"{""page"": 128}",[],[],[],[],0,false,medium,TLP:CLEAR,pdf-text,"5. List_of_National_and_Regional_Public_holidays_of_Pakistan_in_2018.doc 6. Machine_Readalbe_Passport.doc 7. Public_and_Optional_Holidays_2017.doc 8. Sales - Tax & Federal Excise Budgetary Measures.doc 9. Sales Tax & Federal Excise Budgetary Measures.doc 10. Sales_Tax.doc 11. THE_CIA.doc Lures that referenced China: 1. 2017年发展中国家妇幼保健专业培训班项目简介表.doc This roughly translates to Program for MCH [Maternal and Child Health] Training Courses in Developing Countries. Many NGOs offer these programs, but t",
1.0.0,actor--white-company,artifact--sha256:42c1ce8f28e8d06cfeff19dfdb3b50b8ff1a60f2ac938715687d01163c823ac0,observation--sha256:54883e792de68ca0c65dba7d5a5f0d350f4f1376d38f507f8cece2a557596f71,file-name,Sales_Tax.doc,Sales_Tax.doc,candidate,,unknown,unknown,invalid-calendar-date:same-record,,source--white-company--9a5333b9a4ad40b4,WhiteCompany/WhiteCompanyOperationShaheenReport.pdf,"{""page"": 130}",[],[],[],[],0,false,medium,TLP:CLEAR,pdf-text,"SHA256: f110283c4e459cc20e908267d88edba26e2135bcb7d7335cabbed1a128edeb86 22. India crashes out of Russia tank competition.doc 23. Pakistan Air Force Jet Crashes During Routine Operation.doc The majority of the lures were nearly identical with the exception of the decoy document and final payload. If the exploit was successful, a simple download-and-execute shellcode would run, which in turn, loaded an additional executable from an external website. The following unique payload URLs were identifi",
1.0.0,actor--white-company,artifact--sha256:42c1ce8f28e8d06cfeff19dfdb3b50b8ff1a60f2ac938715687d01163c823ac0,observation--sha256:ec8fdbb5479d182e18f52f46e3677f5d0ecfc1927c269f7fdb6b4ffed16e4495,file-name,Sales_Tax.doc,Sales_Tax.doc,candidate,,unknown,unknown,not-stated,,source--white-company--9a5333b9a4ad40b4,WhiteCompany/WhiteCompanyOperationShaheenReport.pdf,"{""page"": 37}",[],[],[],[],0,false,medium,TLP:CLEAR,pdf-text,"August 16, 2017 Exploit stops evading Avast! Sales Tax & Federal Excise Budgetary Measures.doc last modified Sohail Mahmood takes charge as Pakistan’s high commissioner to India (First Post) U.S. sanctions Kashmiri militant group Hizbul Mujahideen (Reuters) Trump to discuss Afghan strategy with security team on Friday (Reuters) August 17, 2017 Saudi Arabia eager to invest in Gwadar Port projects (CPEC via Radio Pakistan) India clears purchase of six Boeing helicopters in $650 million deal (Reute",
1.0.0,actor--white-company,artifact--sha256:3e6a96dff16f4d916ab671839a0fc69fd6800e5872598e5bd20bf496736f2090,observation--sha256:45c04b380646cbc789861eaf17df81a24a204cd4b70a0a1cac7f1f3d3a58d842,file-name,THE_CIA.doc,THE_CIA.doc,candidate,,unknown,unknown,not-stated,,source--white-company--9a5333b9a4ad40b4,WhiteCompany/WhiteCompanyOperationShaheenReport.pdf,"{""page"": 128}",[],[],[],[],0,false,medium,TLP:CLEAR,pdf-text,"5. List_of_National_and_Regional_Public_holidays_of_Pakistan_in_2018.doc 6. Machine_Readalbe_Passport.doc 7. Public_and_Optional_Holidays_2017.doc 8. Sales - Tax & Federal Excise Budgetary Measures.doc 9. Sales Tax & Federal Excise Budgetary Measures.doc 10. Sales_Tax.doc 11. THE_CIA.doc Lures that referenced China: 1. 2017年发展中国家妇幼保健专业培训班项目简介表.doc This roughly translates to Program for MCH [Maternal and Child Health] Training Courses in Developing Countries. Many NGOs offer these programs, but t",
1.0.0,actor--white-company,artifact--sha256:3e6a96dff16f4d916ab671839a0fc69fd6800e5872598e5bd20bf496736f2090,observation--sha256:1fef830cd55d1940e0d920cccc7bafe8638dff7613f33221a216cc8a70ae0b30,file-name,THE_CIA.doc,THE_CIA.doc,candidate,,unknown,unknown,not-stated,,source--white-company--9a5333b9a4ad40b4,WhiteCompany/WhiteCompanyOperationShaheenReport.pdf,"{""page"": 129}",[],[],[],[],0,false,medium,TLP:CLEAR,pdf-text,"ADDITIONAL FILE ATTRIBUTES The phishing lures also fell into two camps based on their file size. 23 of the files were exactly 575 Kilobytes in size. When the exploits were successfully triggered, these files would retrieve malware from several different, apparently legitimate, compromised websites, including Pakistan’s Frontier Works Organization. In all observed instances, the download and execute documents attempted to exploit CVE-2012-0158. SHA256: 2e219fc95d7b44d8b0e748628e559a9ec79a068b90fe",
1.0.0,actor--white-company,artifact--sha256:3e6a96dff16f4d916ab671839a0fc69fd6800e5872598e5bd20bf496736f2090,observation--sha256:a9a4df7cd6a91a339c5b438833ba4e350bc65e84a4d5b33dea9610581f86a931,file-name,THE_CIA.doc,THE_CIA.doc,candidate,,unknown,unknown,not-stated,,source--white-company--9a5333b9a4ad40b4,WhiteCompany/WhiteCompanyOperationShaheenReport.pdf,"{""page"": 37}",[],[],[],[],0,false,medium,TLP:CLEAR,pdf-text,"August 16, 2017 Exploit stops evading Avast! Sales Tax & Federal Excise Budgetary Measures.doc last modified Sohail Mahmood takes charge as Pakistan’s high commissioner to India (First Post) U.S. sanctions Kashmiri militant group Hizbul Mujahideen (Reuters) Trump to discuss Afghan strategy with security team on Friday (Reuters) August 17, 2017 Saudi Arabia eager to invest in Gwadar Port projects (CPEC via Radio Pakistan) India clears purchase of six Boeing helicopters in $650 million deal (Reute",
1.0.0,actor--white-company,artifact--sha256:d7eacb76c393ae5377c051ad1fa9ef67356424550db3763631c5a45c3b1ddd4d,observation--sha256:051bff5ac31685a4b78603a14423f40779377f3e8e6461007c88c0f03c8ecbf0,file-name,Warning_Locky_Ransomware.doc,Warning_Locky_Ransomware.doc,candidate,,unknown,unknown,not-stated,,source--white-company--9a5333b9a4ad40b4,WhiteCompany/WhiteCompanyOperationShaheenReport.pdf,"{""page"": 128}",[],[],[],[],0,false,medium,TLP:CLEAR,pdf-text,"5. List_of_National_and_Regional_Public_holidays_of_Pakistan_in_2018.doc 6. Machine_Readalbe_Passport.doc 7. Public_and_Optional_Holidays_2017.doc 8. Sales - Tax & Federal Excise Budgetary Measures.doc 9. Sales Tax & Federal Excise Budgetary Measures.doc 10. Sales_Tax.doc 11. THE_CIA.doc Lures that referenced China: 1. 2017年发展中国家妇幼保健专业培训班项目简介表.doc This roughly translates to Program for MCH [Maternal and Child Health] Training Courses in Developing Countries. Many NGOs offer these programs, but t",
1.0.0,actor--white-company,artifact--sha256:d7eacb76c393ae5377c051ad1fa9ef67356424550db3763631c5a45c3b1ddd4d,observation--sha256:e9b76c3b96a1bcfdaa443252cdbdbbab0ca7231c42bf75f1073bf4f06ff2711c,file-name,Warning_Locky_Ransomware.doc,Warning_Locky_Ransomware.doc,candidate,,unknown,unknown,not-stated,,source--white-company--9a5333b9a4ad40b4,WhiteCompany/WhiteCompanyOperationShaheenReport.pdf,"{""page"": 129}",[],[],[],[],0,false,medium,TLP:CLEAR,pdf-text,"ADDITIONAL FILE ATTRIBUTES The phishing lures also fell into two camps based on their file size. 23 of the files were exactly 575 Kilobytes in size. When the exploits were successfully triggered, these files would retrieve malware from several different, apparently legitimate, compromised websites, including Pakistan’s Frontier Works Organization. In all observed instances, the download and execute documents attempted to exploit CVE-2012-0158. SHA256: 2e219fc95d7b44d8b0e748628e559a9ec79a068b90fe",
1.0.0,actor--white-company,artifact--sha256:d7eacb76c393ae5377c051ad1fa9ef67356424550db3763631c5a45c3b1ddd4d,observation--sha256:6d188afb9ed68f79a7bb57577366a80c2e66e4b76a2e410c60656768567fd199,file-name,Warning_Locky_Ransomware.doc,Warning_Locky_Ransomware.doc,candidate,,unknown,unknown,not-stated,,source--white-company--9a5333b9a4ad40b4,WhiteCompany/WhiteCompanyOperationShaheenReport.pdf,"{""page"": 38}",[],[],[],[],0,false,medium,TLP:CLEAR,pdf-text,"August 30, 2017 1gb188-129.doc last modified [payload delivered from external site] U.S. Gives Military Assistance to Pakistan, With Strings Attached (New York Times) [U.S. put money in escrow giving Pakistan access only if it does more to crack down on terrorism] SEPTEMBER 2017 September 1, 2017 CPEC vis-à-vis Opportunities for Aviation Industry and Way Forward (Symposium) (CPEC via Daily Times) September 3, 2017 India appoints new defence minister, rejigs cabinet to refocus on economy (Reuters",
1.0.0,actor--white-company,artifact--sha256:5097def268e235ab2dfb5ca03d67bed8fda8b6ba8a286af01d97c7812b60f188,observation--sha256:0e1595136587bf270da601fd295bfcfdb047493eca81090648e0f3a0a01110b3,file-name,ad.doc,ad.doc,candidate,,unknown,unknown,invalid-calendar-date:same-record,,source--white-company--9a5333b9a4ad40b4,WhiteCompany/WhiteCompanyOperationShaheenReport.pdf,"{""page"": 127}",[],[],[],[],0,false,medium,TLP:CLEAR,pdf-text,"7. Pakistan Air Force Jet Crashes During Routine Operation.doc August 10, 2017 This headline was lifted from NDTV news website: https:/ /www.ndtv.com/world-news/pakistan-air-force-jet-crashes-during-routine- operation-pilot-dead-1736069 8. Russia ready to offer India the MiG-35 to replace the Rafale fighter jet.doc February 24, 2015 This is an exact copy of a headline from a Pakistani defense news forum discussion: https:/ /defence.pk/pdf/threads/russia-ready-to-offer-india-the-mig-35-to-replace",
1.0.0,actor--white-company,artifact--sha256:5097def268e235ab2dfb5ca03d67bed8fda8b6ba8a286af01d97c7812b60f188,observation--sha256:1b6b46d665b14dcd9e47db28548fc24ab6aee6a7a653d25d4b8b764d19a0c644,file-name,ad.doc,ad.doc,candidate,,unknown,unknown,not-stated,,source--white-company--9a5333b9a4ad40b4,WhiteCompany/WhiteCompanyOperationShaheenReport.pdf,"{""page"": 129}",[],[],[],[],0,false,medium,TLP:CLEAR,pdf-text,"ADDITIONAL FILE ATTRIBUTES The phishing lures also fell into two camps based on their file size. 23 of the files were exactly 575 Kilobytes in size. When the exploits were successfully triggered, these files would retrieve malware from several different, apparently legitimate, compromised websites, including Pakistan’s Frontier Works Organization. In all observed instances, the download and execute documents attempted to exploit CVE-2012-0158. SHA256: 2e219fc95d7b44d8b0e748628e559a9ec79a068b90fe",
1.0.0,actor--white-company,artifact--sha256:5097def268e235ab2dfb5ca03d67bed8fda8b6ba8a286af01d97c7812b60f188,observation--sha256:4d98ac0f9a70b54f6218e3ec28f4a0b98b9851db85c8e475f2ae2f4293f40321,file-name,ad.doc,ad.doc,candidate,,unknown,unknown,not-stated,,source--white-company--9a5333b9a4ad40b4,WhiteCompany/WhiteCompanyOperationShaheenReport.pdf,"{""page"": 39}",[],[],[],[],0,false,medium,TLP:CLEAR,pdf-text,"September 17, 2017 Official CPEC announcement: China would “assist” Pakistan in “capacity building” of its “civil armed forces” September 19, 2017 Exclusive: U.S. defense firms want control over tech in Make-in- India plan (Reuters) September 21, 2017 Militant attack on minister’s convoy kills two bystanders in India’s Kashmir (Reuters) September 22, 2017 Public_and_Optional_Holidays_2017.doc last modified [payload delivered from external site] Pakistan: Death toll from India attack in Kashmir r",
1.0.0,actor--white-company,artifact--sha256:b94c8c30e01aeab5d87e568a6bb34258fcfcbfd751426a5069a33e7e9fa3ff5f,observation--sha256:4314db99a5a4cb9d6914cb33a535f826ccba3712add108e62b7b5657a77b1ca0,file-name,aswsp.sys,aswsp.sys,candidate,,unknown,unknown,not-stated,,source--white-company--9a5333b9a4ad40b4,WhiteCompany/WhiteCompanyOperationShaheenReport.pdf,"{""page"": 92}",[],[],[],[],0,false,medium,TLP:CLEAR,pdf-text,"ANTI-DEBUG 2 After unXOR-ing the malware dropping portion of the payload, there is more code to perform anti-debugging. The first checks to see if more time elapsed between instructions than normal — a symptom of the code being inspected. The second is a repeat of previous anti- debug checks — ensuring that the operating system debugging flag is not set. There were no variations of this code observed across the sample set. The following exhibit shows the code responsible for these checks: seg000",
1.0.0,actor--white-company,artifact--sha256:b94c8c30e01aeab5d87e568a6bb34258fcfcbfd751426a5069a33e7e9fa3ff5f,observation--sha256:f1e3b8c2c0b663858939928b942cf5bb836b75af0f014460a83b7ff6a55369bf,file-name,aswsp.sys,aswsp.sys,candidate,,unknown,unknown,not-stated,,source--white-company--9a5333b9a4ad40b4,WhiteCompany/WhiteCompanyOperationShaheenReport.pdf,"{""page"": 93}",[],[],[],[],0,false,medium,TLP:CLEAR,pdf-text,"seg000:000003D3 find_installed_av proc near seg000:000003D3 push PAGE_READWRITE ; flProtect seg000:000003D5 push MEM_COMMIT ; flAllocationType seg000:000003DA push 10000h ; dwSize seg000:000003DF push 0 ; lpAddress seg000:000003E1 call [edi+edi_space.pVirtualAlloc] seg000:000003E4 add eax, 0FE00h seg000:000003E9 mov [edi+edi_space.pFakeStack], eax seg000:000003EF lea eax, aCWindowsSystem32D[ebp] ; ""C:\\windows\\system32\\drivers\\"" seg000:000003F5 lea ecx, [edi+edi_space.szSystemDir] seg000:0000",
1.0.0,actor--white-company,artifact--sha256:2bab4740beccef5d25c676a4c695b3ccc9153c6d93a900e248f9f1ac51619943,observation--sha256:114123ca08161a5020df1a39c19326f7b4037a9ce300c13d8ce0d94819c5c100,file-name,avc3.sys,avc3.sys,candidate,,unknown,unknown,not-stated,,source--white-company--9a5333b9a4ad40b4,WhiteCompany/WhiteCompanyOperationShaheenReport.pdf,"{""page"": 67}",[],[],[],[],0,false,medium,TLP:CLEAR,pdf-text,"If a debugger is detected, the entire portion of the shellcode that drops malware is avoided. This behavior is most likely intended to thwart automated analysis of the exploit in products such as FireEye. If no debugger is detected, Stage 2 continues with operations necessary to drop malware. The first part of these operations is to detect antivirus products that are installed on the system. The following code is used to perform this antivirus detection: seg000:0001E4A9 push PAGE_READWRITE ; flP",
1.0.0,actor--white-company,artifact--sha256:2bab4740beccef5d25c676a4c695b3ccc9153c6d93a900e248f9f1ac51619943,observation--sha256:54ceb25e3d9a5e04e750ad6def92714458b28bcfe01535450fdd7e6d76cfe611,file-name,avc3.sys,avc3.sys,candidate,,unknown,unknown,not-stated,,source--white-company--9a5333b9a4ad40b4,WhiteCompany/WhiteCompanyOperationShaheenReport.pdf,"{""page"": 93}",[],[],[],[],0,false,medium,TLP:CLEAR,pdf-text,"seg000:000003D3 find_installed_av proc near seg000:000003D3 push PAGE_READWRITE ; flProtect seg000:000003D5 push MEM_COMMIT ; flAllocationType seg000:000003DA push 10000h ; dwSize seg000:000003DF push 0 ; lpAddress seg000:000003E1 call [edi+edi_space.pVirtualAlloc] seg000:000003E4 add eax, 0FE00h seg000:000003E9 mov [edi+edi_space.pFakeStack], eax seg000:000003EF lea eax, aCWindowsSystem32D[ebp] ; ""C:\\windows\\system32\\drivers\\"" seg000:000003F5 lea ecx, [edi+edi_space.szSystemDir] seg000:0000",
1.0.0,actor--white-company,artifact--sha256:f5b23bb9078af3315348a5d9f99a047af98934902e6f114943991eee63a67855,observation--sha256:41ed0b90cf23e675a93b22be271d756124430cd5326e97a72cdba45292eeee5d,file-name,avfwim.sys,avfwim.sys,candidate,,unknown,unknown,not-stated,,source--white-company--9a5333b9a4ad40b4,WhiteCompany/WhiteCompanyOperationShaheenReport.pdf,"{""page"": 93}",[],[],[],[],0,false,medium,TLP:CLEAR,pdf-text,"seg000:000003D3 find_installed_av proc near seg000:000003D3 push PAGE_READWRITE ; flProtect seg000:000003D5 push MEM_COMMIT ; flAllocationType seg000:000003DA push 10000h ; dwSize seg000:000003DF push 0 ; lpAddress seg000:000003E1 call [edi+edi_space.pVirtualAlloc] seg000:000003E4 add eax, 0FE00h seg000:000003E9 mov [edi+edi_space.pFakeStack], eax seg000:000003EF lea eax, aCWindowsSystem32D[ebp] ; ""C:\\windows\\system32\\drivers\\"" seg000:000003F5 lea ecx, [edi+edi_space.szSystemDir] seg000:0000",
1.0.0,actor--white-company,artifact--sha256:065a50d6c75d4ae18f970b667e91e74fd653ed8914d42e95589b84fb1ef9031e,observation--sha256:7cac1dff0fff896ddbf9cd78f2bb0115edd6fc35ec5598329504cb11179c8c1a,file-name,avgsp.sys,avgsp.sys,candidate,,unknown,unknown,not-stated,,source--white-company--9a5333b9a4ad40b4,WhiteCompany/WhiteCompanyOperationShaheenReport.pdf,"{""page"": 92}",[],[],[],[],0,false,medium,TLP:CLEAR,pdf-text,"ANTI-DEBUG 2 After unXOR-ing the malware dropping portion of the payload, there is more code to perform anti-debugging. The first checks to see if more time elapsed between instructions than normal — a symptom of the code being inspected. The second is a repeat of previous anti- debug checks — ensuring that the operating system debugging flag is not set. There were no variations of this code observed across the sample set. The following exhibit shows the code responsible for these checks: seg000",
1.0.0,actor--white-company,artifact--sha256:065a50d6c75d4ae18f970b667e91e74fd653ed8914d42e95589b84fb1ef9031e,observation--sha256:445853fcddb3e9460ac8f2441c31b3ac8244430b151758bf7faaff9a5bb2e9a5,file-name,avgsp.sys,avgsp.sys,candidate,,unknown,unknown,not-stated,,source--white-company--9a5333b9a4ad40b4,WhiteCompany/WhiteCompanyOperationShaheenReport.pdf,"{""page"": 93}",[],[],[],[],0,false,medium,TLP:CLEAR,pdf-text,"seg000:000003D3 find_installed_av proc near seg000:000003D3 push PAGE_READWRITE ; flProtect seg000:000003D5 push MEM_COMMIT ; flAllocationType seg000:000003DA push 10000h ; dwSize seg000:000003DF push 0 ; lpAddress seg000:000003E1 call [edi+edi_space.pVirtualAlloc] seg000:000003E4 add eax, 0FE00h seg000:000003E9 mov [edi+edi_space.pFakeStack], eax seg000:000003EF lea eax, aCWindowsSystem32D[ebp] ; ""C:\\windows\\system32\\drivers\\"" seg000:000003F5 lea ecx, [edi+edi_space.szSystemDir] seg000:0000",
1.0.0,actor--white-company,artifact--sha256:99f3004956854492f979e97198f0b46a588689aa3223d03b26b3685026155cae,observation--sha256:34fa2dba2774b901ac12aa555cf2d6a749fb2450432a1cc832b01ce4650d5043,file-name,bsfs.sys,bsfs.sys,candidate,,unknown,unknown,not-stated,,source--white-company--9a5333b9a4ad40b4,WhiteCompany/WhiteCompanyOperationShaheenReport.pdf,"{""page"": 94}",[],[],[],[],0,false,medium,TLP:CLEAR,pdf-text,"seg000:000004EA lea ecx, aEhdrv_sys[ebp] ; ""ehdrv.sys"" seg000:000004F0 lea ebx, [edi+edi_space.szSystemDir] seg000:000004F6 lea eax, [edi+edi_space.blFoundEset] seg000:000004FC push eax ; blDoesExist seg000:000004FD push ebx ; szDirectory seg000:000004FE push ecx ; szFileName seg000:000004FF call does_file_exist seg000:00000504 cmp [edi+edi_space.blFoundEset], 0 seg000:0000050B jnz short get_current_time seg000:0000050D lea ecx, aBsfs_sys[ebp] ; ""bsfs.sys"" seg000:00000513 lea ebx, [edi+edi_space",
1.0.0,actor--white-company,artifact--sha256:0396d43f026f1c5ecf6af5f7d6a8b8bef3f5975fb665ec7926779a146be36a06,observation--sha256:1805cd9750338bcd9844fafaf0fbcc7e3219f0b2ca242801fd8ac9bd3c580985,file-name,cmd.exe,cmd.exe,candidate,,unknown,unknown,not-stated,,source--white-company--9a5333b9a4ad40b4,WhiteCompany/WhiteCompanyOperationShaheenReport.pdf,"{""page"": 100}",[],[],[],[],0,false,medium,TLP:CLEAR,pdf-text,"seg000:000005FE lea edx, [edi+edi_space.szPathMalware] seg000:00000604 xor eax, eax seg000:00000606 lea esi, [edi+edi_space.pCreateFileA] ; funcToCall seg000:00000609 push eax seg000:0000060A push FILE_ATTRIBUTE_HIDDEN or FILE_ATTRIBUTE_SYSTEM seg000:0000060C push CREATE_ALWAYS seg000:0000060E push eax seg000:0000060F push eax seg000:00000610 push GENERIC_WRITE seg000:00000615 push edx seg000:00000616 push eax seg000:00000617 push FILE_ATTRIBUTE_NORMAL seg000:0000061C push CREATE_ALWAYS seg000:0",
1.0.0,actor--white-company,artifact--sha256:0396d43f026f1c5ecf6af5f7d6a8b8bef3f5975fb665ec7926779a146be36a06,observation--sha256:e13ad64d69c4e614c3a974c4450bf896caa39a294b0b1b78d3f2fcea01f7e03f,file-name,cmd.exe,cmd.exe,candidate,,unknown,unknown,not-stated,,source--white-company--9a5333b9a4ad40b4,WhiteCompany/WhiteCompanyOperationShaheenReport.pdf,"{""page"": 107}",[],[],[],[],0,false,medium,TLP:CLEAR,pdf-text,"seg000:00000424 launch_decoydoc proc near ; DATA XREF: cleanup_office+86o seg000:00000424 lea eax, [edi+edi_space.szWordExePath] seg000:0000042A push 80h ; nSize seg000:0000042F push eax ; lpFilename seg000:00000430 push 0 ; hModule seg000:00000432 call [edi+edi_space.pGetModuleFileNameA] seg000:00000435 lea eax, [edi+edi_space.szWordExePath] seg000:0000043B seg000:0000043B loc_43B: ; CODE XREF: launch_decoydoc+1Bj seg000:0000043B inc eax seg000:0000043C cmp byte ptr [eax], 0 seg000:0000043F jnz",
1.0.0,actor--white-company,artifact--sha256:0396d43f026f1c5ecf6af5f7d6a8b8bef3f5975fb665ec7926779a146be36a06,observation--sha256:3046e9d3d039fc8e2b9cfa689251029d49b3f320c00e5a810c676509605db4b9,file-name,cmd.exe,cmd.exe,candidate,,unknown,unknown,not-stated,,source--white-company--9a5333b9a4ad40b4,WhiteCompany/WhiteCompanyOperationShaheenReport.pdf,"{""page"": 115}",[],[],[],[],0,false,medium,TLP:CLEAR,pdf-text,d. Removed code to zero out portions of the exploit file that were not overwritten with the payload document. e. Changed code to use an ROP gadget when cleaning up Microsoft Office’s Recovery registry keys and launching the decoy document to evade antivirus. 3. Version 3 a. Added code to set the stack pointer to a legitimate pointer to evade antivirus. b. Modularized antivirus detection by: i. Creating a function that determines if a file exists given a path and a filename. ii. Added a function ,
1.0.0,actor--white-company,artifact--sha256:0396d43f026f1c5ecf6af5f7d6a8b8bef3f5975fb665ec7926779a146be36a06,observation--sha256:b57fcb8031c59f5b37ab2e3e0b0927f64e080bcfa9ab41625ffb3cd75c7fbc60,file-name,cmd.exe,cmd.exe,candidate,,unknown,unknown,not-stated,,source--white-company--9a5333b9a4ad40b4,WhiteCompany/WhiteCompanyOperationShaheenReport.pdf,"{""page"": 71}",[],[],[],[],0,false,medium,TLP:CLEAR,pdf-text,"Once created, the malware is written to the file, then closed. The following code is responsible for this action: seg000:0001E705 mov [edi+edi_space.hOutFile], eax seg000:0001E708 push 0 seg000:0001E70A lea ecx, [esp+0] seg000:0001E70D lea eax, [edi+edi_space.pFileData] seg000:0001E713 lea esi, [edi+edi_space.pfnWriteFile] ; pfnFunc seg000:0001E716 push 0 seg000:0001E718 push ecx seg000:0001E719 push [edi+edi_space.sizeOutFile] seg000:0001E71C push eax seg000:0001E71D push [edi+edi_space.hOutFil",
1.0.0,actor--white-company,artifact--sha256:0396d43f026f1c5ecf6af5f7d6a8b8bef3f5975fb665ec7926779a146be36a06,observation--sha256:a126d2001e3e237ac1784dbc77381fbb4be06f693f00dddd8de5ef3def9c44ea,file-name,cmd.exe,cmd.exe,candidate,,unknown,unknown,not-stated,,source--white-company--9a5333b9a4ad40b4,WhiteCompany/WhiteCompanyOperationShaheenReport.pdf,"{""page"": 73}",[],[],[],[],0,false,medium,TLP:CLEAR,pdf-text,"The code above simply sets the file pointer to the beginning of the RTF exploit file, writes the decoy document into the file, and finally closes the handle. Ultimately, this makes it so that the exploit file is no longer on the system. Once the RTF exploit file has been overwritten with the decoy document, Stage 2 begins to clean up the system by erasing the Microsoft Word recovery entries as shown in the following code: seg000:0001E7D0 push 'F/' ; /F seg000:0001E7D5 push ' ""yc' ; cy"" seg000:00",
1.0.0,actor--white-company,artifact--sha256:0396d43f026f1c5ecf6af5f7d6a8b8bef3f5975fb665ec7926779a146be36a06,observation--sha256:294ab88e05d55a7ed36cb687e88ba7ed60f1730bd12a79166b1616b7dfb648d1,file-name,cmd.exe,cmd.exe,candidate,,unknown,unknown,not-stated,,source--white-company--9a5333b9a4ad40b4,WhiteCompany/WhiteCompanyOperationShaheenReport.pdf,"{""page"": 74}",[],[],[],[],0,false,medium,TLP:CLEAR,pdf-text,"Once the registry entries are cleaned up, Stage 2 finally launches the decoy document and cleanly exits the process. The code responsible for these actions can be seen in the following exhibit: seg000:0001E87D lea ebx, (aCmd_exeCDirWindir - stage2_part1)[ebp] seg000:0001E87D ; ""cmd.exe /c dir %windir% && \"""" seg000:0001E883 lea ecx, [edi+edi_space.szFinalCommand] seg000:0001E889 seg000:0001E889 loc_1E889: ; CODE XREF: stage2_part7+15j seg000:0001E889 mov al, [ebx] seg000:0001E88B mov [ecx], al s",
1.0.0,actor--white-company,artifact--sha256:0396d43f026f1c5ecf6af5f7d6a8b8bef3f5975fb665ec7926779a146be36a06,observation--sha256:e2237c0d7e89b17ec89de4e952d0555a983ba38ffa9ff605d3ceae9e1c1ae8d1,file-name,cmd.exe,cmd.exe,candidate,,unknown,unknown,not-stated,,source--white-company--9a5333b9a4ad40b4,WhiteCompany/WhiteCompanyOperationShaheenReport.pdf,"{""page"": 97}",[],[],[],[],0,false,medium,TLP:CLEAR,pdf-text,"seg000:000002E1 mov esp, large fs:0 seg000:000002E8 lea eax, aOffice_antivir[ebp] ; ""office_antivirus.dll"" seg000:000002EE push eax ; lpFileName seg000:000002EF call [edi+edi_space.pLoadLibraryA] seg000:000002F2 cmp eax, 0 seg000:000002F5 jz short no_antivirus seg000:000002F7 mov ecx, [edi+edi_space.pszTempPath] seg000:000002FA jmp short run_command seg000:000002FC ; --------------------------------------------------------------------------- seg000:000002FC seg000:000002FC no_antivirus: ; CODE X",
1.0.0,actor--white-company,artifact--sha256:0396d43f026f1c5ecf6af5f7d6a8b8bef3f5975fb665ec7926779a146be36a06,observation--sha256:91bb27fe38c1b3634cae76229a24125cd1179beacde624fe70173217a2ae9c9e,file-name,cmd.exe,cmd.exe,candidate,,unknown,unknown,not-stated,,source--white-company--9a5333b9a4ad40b4,WhiteCompany/WhiteCompanyOperationShaheenReport.pdf,"{""page"": 98}",[],[],[],[],0,false,medium,TLP:CLEAR,pdf-text,seg000:0000048C push eax seg000:0000048D push FILE_ATTRIBUTE_NORMAL seg000:00000492 push CREATE_ALWAYS seg000:00000494 push eax seg000:00000495 push eax seg000:00000496 push GENERIC_WRITE seg000:0000049B push edx seg000:0000049C push eax seg000:0000049D push FILE_ATTRIBUTE_NORMAL seg000:000004A2 push CREATE_ALWAYS seg000:000004A4 push eax seg000:000004A5 push eax seg000:000004A6 push GENERIC_WRITE seg000:000004AB push [edi+edi_space.pszTempPath] seg000:000004AE push 7 ; numParams seg000:000004B0,
1.0.0,actor--white-company,artifact--sha256:8ac52e0fe66cedb2a940af1ef79292bf9340866dc9fa0dd127fddb97ba2cb35d,observation--sha256:5a7e120118191c6f30bc3ebc0101647cea5cf8de250b3968ee9fe33bfbeec70d,file-name,competition.doc,competition.doc,candidate,,unknown,unknown,invalid-calendar-date:same-record,,source--white-company--9a5333b9a4ad40b4,WhiteCompany/WhiteCompanyOperationShaheenReport.pdf,"{""page"": 127}",[],[],[],[],0,false,medium,TLP:CLEAR,pdf-text,"7. Pakistan Air Force Jet Crashes During Routine Operation.doc August 10, 2017 This headline was lifted from NDTV news website: https:/ /www.ndtv.com/world-news/pakistan-air-force-jet-crashes-during-routine- operation-pilot-dead-1736069 8. Russia ready to offer India the MiG-35 to replace the Rafale fighter jet.doc February 24, 2015 This is an exact copy of a headline from a Pakistani defense news forum discussion: https:/ /defence.pk/pdf/threads/russia-ready-to-offer-india-the-mig-35-to-replace",
1.0.0,actor--white-company,artifact--sha256:8ac52e0fe66cedb2a940af1ef79292bf9340866dc9fa0dd127fddb97ba2cb35d,observation--sha256:5da657bf1d2a1a72ba649ecc1bb77916efa3e3a28be2394fc32298ede950a9a9,file-name,competition.doc,competition.doc,candidate,,unknown,unknown,invalid-calendar-date:same-record,,source--white-company--9a5333b9a4ad40b4,WhiteCompany/WhiteCompanyOperationShaheenReport.pdf,"{""page"": 130}",[],[],[],[],0,false,medium,TLP:CLEAR,pdf-text,"SHA256: f110283c4e459cc20e908267d88edba26e2135bcb7d7335cabbed1a128edeb86 22. India crashes out of Russia tank competition.doc 23. Pakistan Air Force Jet Crashes During Routine Operation.doc The majority of the lures were nearly identical with the exception of the decoy document and final payload. If the exploit was successful, a simple download-and-execute shellcode would run, which in turn, loaded an additional executable from an external website. The following unique payload URLs were identifi",
1.0.0,actor--white-company,artifact--sha256:8ac52e0fe66cedb2a940af1ef79292bf9340866dc9fa0dd127fddb97ba2cb35d,observation--sha256:81e182ae389008c9ef39022ed847514454fc54801e512171108f47be86eff0f4,file-name,competition.doc,competition.doc,candidate,,unknown,unknown,not-stated,,source--white-company--9a5333b9a4ad40b4,WhiteCompany/WhiteCompanyOperationShaheenReport.pdf,"{""page"": 38}",[],[],[],[],0,false,medium,TLP:CLEAR,pdf-text,"August 30, 2017 1gb188-129.doc last modified [payload delivered from external site] U.S. Gives Military Assistance to Pakistan, With Strings Attached (New York Times) [U.S. put money in escrow giving Pakistan access only if it does more to crack down on terrorism] SEPTEMBER 2017 September 1, 2017 CPEC vis-à-vis Opportunities for Aviation Industry and Way Forward (Symposium) (CPEC via Daily Times) September 3, 2017 India appoints new defence minister, rejigs cabinet to refocus on economy (Reuters",
1.0.0,actor--white-company,artifact--sha256:efe6df7bc01ee18e493d78ab1c1be592b170cd1daf0629d01bb5aaf5e007caa9,observation--sha256:b87cf8921b97c5e61ea72f46f6fa3299041e0c82ae27953353ebd6ec13aecde3,file-name,csrss.exe,csrss.exe,candidate,,unknown,unknown,not-stated,,source--white-company--9a5333b9a4ad40b4,WhiteCompany/WhiteCompanyOperationShaheenReport.pdf,"{""page"": 132}",[],[],[],[],0,false,medium,TLP:CLEAR,pdf-text,"payload is embedded, “JipRFYBGHyRXRG” is the name of the resource item, and the third argument “gEWArk” is the XOR key used to decode the bytes extracted out of the resource bitmap. Once this stub was extracted, it was mapped into memory using the System.Reflection. Assembly::Load command then the Entrypoint is called via the Invoke function. The stub contained a number of conditional environmental and software checks before executing properly. In this case, none of the anti-analysis/anti-sandbo",
1.0.0,actor--white-company,artifact--sha256:13f3479b7d9db2a9298d2d0dca4c14d570b09e29caa5e9ed4abb2aa5dbefc4ea,observation--sha256:a36b32c8bc2a4c1177c826d64554d13b544bb83fa0fe7b6a06dca5866a349e74,file-name,cve-2015-1642.pdf,cve-2015-1642.pdf,candidate,2015-08-16T00:00:00Z,day,known,same-record,,source--white-company--9a5333b9a4ad40b4,WhiteCompany/WhiteCompanyOperationShaheenReport.pdf,"{""page"": 122}",[],[],[],[],0,false,medium,TLP:CLEAR,pdf-text,"Parvez. (2015, December 21). Spraying the heap in seconds using ActiveX controls in Microsoft Office. Retrieved from GreyHatHacker.NET: https:/ /www.greyhathacker.net/?p=911 Rascagneres, P. (2016, April 12). MS OFFICE EXPLOIT ANALYSIS — CVE-2015-1641. Retrieved from Sekoia Corporate Blog: https:/ /www.sekoia.fr/blog/ms-office-exploit-analysis- cve-2015-1641/ ropchain. (2015, August 6). Ongoing analysis of unknown exploit targeting Office 2007-2013 UTAI MS15-022. Retrieved from Security Blog: htt",
1.0.0,actor--white-company,artifact--sha256:cafcab9b6781cb739c66d0507fd39e40d18522ac0454349f4485286138c36021,observation--sha256:71ff405847d085f27a50f9f271b3756e5a36f611b002b95fcd9ab5ba2b2e03e9,file-name,docmentsschemedetail.php,docmentsschemedetail.php,candidate,2017-09-10T00:00:00Z,day,known,same-record,,source--white-company--9a5333b9a4ad40b4,WhiteCompany/WhiteCompanyOperationShaheenReport.pdf,"{""page"": 126}",[],[],[],[],0,false,medium,TLP:CLEAR,pdf-text,"Phishing Lures FILE NAMES Over a period of six months, Cylance was able to recover 30 lures from the phishing server. All were Rich Text Files (RTF) which contained Microsoft Word documents within. Several of the lures referenced events or articles that can be pinned to a specific date or a narrow time frame. A few were tagged to the February 2015 time period, but all of the others where dates were suggested fall into the range of June to September 2017, coinciding with observed phishing attempt",
1.0.0,actor--white-company,artifact--sha256:cb8a3a818e43ebb9cf63d5da2eb224061750a0f627c831d30b3d8f9f63be1cb2,observation--sha256:b0887ddbd4208f7ff1d06cc1ceaa79227b92ab5bd4fb0199915ccbf5b8ad41d5,file-name,done.exe,done.exe,candidate,,unknown,unknown,invalid-calendar-date:same-record,,source--white-company--9a5333b9a4ad40b4,WhiteCompany/WhiteCompanyOperationShaheenReport.pdf,"{""page"": 130}",[],[],[],[],0,false,medium,TLP:CLEAR,pdf-text,"SHA256: f110283c4e459cc20e908267d88edba26e2135bcb7d7335cabbed1a128edeb86 22. India crashes out of Russia tank competition.doc 23. Pakistan Air Force Jet Crashes During Routine Operation.doc The majority of the lures were nearly identical with the exception of the decoy document and final payload. If the exploit was successful, a simple download-and-execute shellcode would run, which in turn, loaded an additional executable from an external website. The following unique payload URLs were identifi",
1.0.0,actor--white-company,artifact--sha256:cb8a3a818e43ebb9cf63d5da2eb224061750a0f627c831d30b3d8f9f63be1cb2,observation--sha256:117280dd6d559c4054e7991e94e6eaa4cebc34ee20eb5deb670b6ff1ae30a8c3,file-name,done.exe,done.exe,candidate,,unknown,unknown,not-stated,,source--white-company--9a5333b9a4ad40b4,WhiteCompany/WhiteCompanyOperationShaheenReport.pdf,"{""page"": 131}",[],[],[],[],0,false,medium,TLP:CLEAR,pdf-text,Here’s a breakdown of one of the last Revenge-RAT samples Cylance was able to recover: Payload URL: http:/ /universaldental.com[.]pk/images/done.exe Payload SHA256: ae592701c9f9f608d3d0f52675814197581c8f5b7f0790243cac35686ab130ae KazyLoader SHA256: 10d9ed8b71ae0fac1731d3425673a2ec49268692afc1a6d41e8f14f6f5880061 Anti-Analysis Stub SHA256: 1eff75916a83a0d91c3e2199665d256addb78f4e7f513b7ad83736728d50df25 Revenge-RAT SHA256: 19053690579c3f11afdde1912c5450e2fef6aa648b5e0bd1cd4b2432f71ac4db The execu,
1.0.0,actor--white-company,artifact--sha256:846f592ffd7b8ba50edbe098b2bb6b9b5c1387795ec10c3cbf20a10265ea0dc1,observation--sha256:2a90770c41911d0d0273da6f74417308c9583a5360181cdda029ce4d6f36965d,file-name,ehdrv.sys,ehdrv.sys,candidate,,unknown,unknown,not-stated,,source--white-company--9a5333b9a4ad40b4,WhiteCompany/WhiteCompanyOperationShaheenReport.pdf,"{""page"": 94}",[],[],[],[],0,false,medium,TLP:CLEAR,pdf-text,"seg000:000004EA lea ecx, aEhdrv_sys[ebp] ; ""ehdrv.sys"" seg000:000004F0 lea ebx, [edi+edi_space.szSystemDir] seg000:000004F6 lea eax, [edi+edi_space.blFoundEset] seg000:000004FC push eax ; blDoesExist seg000:000004FD push ebx ; szDirectory seg000:000004FE push ecx ; szFileName seg000:000004FF call does_file_exist seg000:00000504 cmp [edi+edi_space.blFoundEset], 0 seg000:0000050B jnz short get_current_time seg000:0000050D lea ecx, aBsfs_sys[ebp] ; ""bsfs.sys"" seg000:00000513 lea ebx, [edi+edi_space",
1.0.0,actor--white-company,artifact--sha256:707ee6f52776a5c09331a0d0d8433da3b70fe1b610b02a1fbfbc85f2563cfad7,observation--sha256:476163be8428520f4625ed09bfc73000842a1ad1fa7c31939dd7cdb4ccf3fc70,file-name,explorer.exe,explorer.exe,candidate,,unknown,unknown,not-stated,,source--white-company--9a5333b9a4ad40b4,WhiteCompany/WhiteCompanyOperationShaheenReport.pdf,"{""page"": 132}",[],[],[],[],0,false,medium,TLP:CLEAR,pdf-text,"payload is embedded, “JipRFYBGHyRXRG” is the name of the resource item, and the third argument “gEWArk” is the XOR key used to decode the bytes extracted out of the resource bitmap. Once this stub was extracted, it was mapped into memory using the System.Reflection. Assembly::Load command then the Entrypoint is called via the Invoke function. The stub contained a number of conditional environmental and software checks before executing properly. In this case, none of the anti-analysis/anti-sandbo",
1.0.0,actor--white-company,artifact--sha256:b23c9840a83f06dc91af8557f6f22e13f8b1093efa74e1141fbc4c27d7cb9797,observation--sha256:14e0e5b0e510f9c833cb09c8135b82623077afef858510fcd7fb0d61bccf2b04,file-name,iexplorer.exe,iexplorer.exe,candidate,,unknown,unknown,not-stated,,source--white-company--9a5333b9a4ad40b4,WhiteCompany/WhiteCompanyOperationShaheenReport.pdf,"{""page"": 97}",[],[],[],[],0,false,medium,TLP:CLEAR,pdf-text,"seg000:000002E1 mov esp, large fs:0 seg000:000002E8 lea eax, aOffice_antivir[ebp] ; ""office_antivirus.dll"" seg000:000002EE push eax ; lpFileName seg000:000002EF call [edi+edi_space.pLoadLibraryA] seg000:000002F2 cmp eax, 0 seg000:000002F5 jz short no_antivirus seg000:000002F7 mov ecx, [edi+edi_space.pszTempPath] seg000:000002FA jmp short run_command seg000:000002FC ; --------------------------------------------------------------------------- seg000:000002FC seg000:000002FC no_antivirus: ; CODE X",
1.0.0,actor--white-company,artifact--sha256:8123fda428b0f1fe1efcc538bbe205d4283dedab3adf3be2b0e072399b3283d3,observation--sha256:c95d43af7b0a767a620bffbfeac1a213031b776926571a67ea690341fee29b1c,file-name,in_2018.doc,in_2018.doc,candidate,,unknown,unknown,not-stated,,source--white-company--9a5333b9a4ad40b4,WhiteCompany/WhiteCompanyOperationShaheenReport.pdf,"{""page"": 41}",[],[],[],[],0,false,medium,TLP:CLEAR,pdf-text,"November 11, 2017 Saudi delegation to visit Pakistan to seek opportunities in CPEC (CPEC via Xinhua) November 13, 2017 *** Machine_Readalbe_Passport.doc last modified [payload delivered from external site] Chinese Economic Summit Hong Kong - China offers to train Pak military to protect CPEC projects November 18, 2017 5 militants, Indian soldier killed in Kashmir fighting (Associated Press) November 19, 2017 PAF C-130 aircraft airlifts relief goods to Iran (earthquake) (Geo) November 21, 2017 PA",
1.0.0,actor--white-company,artifact--sha256:9aff5a9631c8db365bbb59b56e6c38a9855b9ab8d7a5a1ab9a6fa2243ce680a1,observation--sha256:fb7e53d0afc4940e4a45c87a7f3d9eb239be69c73931d46a1158bd4878e7ea3f,file-name,index.php,index.php,candidate,2017-04-03T00:00:00Z,day,known,same-record,,source--white-company--9a5333b9a4ad40b4,WhiteCompany/WhiteCompanyOperationShaheenReport.pdf,"{""page"": 121}",[],[],[],[],0,false,medium,TLP:CLEAR,pdf-text,"Works Cited Ali Security. (2015, October 16). Word Type Confusion Vulnerability (CVE-2015-1641) Analysis. Retrieved from Freebuf: http:/ /www.freebuf.com/vuls/81868.html Baidu Security Labs. (2017, April 25). APT Attack Tool - Word Vulnerability CVE-2016-7193. Retrieved from seebug: https:/ /paper.seebug.org/288/ Brenner, B. (2017, April 3). AKBuilder, Microsoft Word Intruder exploiting Office RTF vulnerability. Retrieved from Naked Security: https:/ /nakedsecurity.sophos.com/2017/04/03/akbuilde",
1.0.0,actor--white-company,artifact--sha256:9aff5a9631c8db365bbb59b56e6c38a9855b9ab8d7a5a1ab9a6fa2243ce680a1,observation--sha256:824fc88ec513374dc9d48fd2984689a4613a9bb4a50bc88e5f7cadd96fe9f96f,file-name,index.php,index.php,candidate,2018-05-06T00:00:00Z,day,known,same-record,,source--white-company--9a5333b9a4ad40b4,WhiteCompany/WhiteCompanyOperationShaheenReport.pdf,"{""page"": 30}",[],[],[],[],0,false,medium,TLP:CLEAR,pdf-text,"Works Cited Abi-Habib, M. A. (2018, May 6). Pakistan Minister, Champion of Minorities, Is Shot. Retrieved from New York Times: https:/ /www.nytimes.com/2018/05/06/world/asia/pakistan- assassination-attempt.html Alam, K. (2017, October 12). Growing Pakistan-Russia Military Ties Reflect Central Asia’s Changing Geopolitics. Retrieved from Royal United Services Institute (RUSI): https:/ /rusi. org/commentary/growing-pakistan%E2%80%93russia-military-ties-reflect-central- asia%E2%80%99s-changing-geopo",
1.0.0,actor--white-company,artifact--sha256:72ff1e3dd48dcf695a6b64535e4efc885fc1ae55bcc1ede80de3daf32869b312,observation--sha256:cf7145674dea8d61d8fd06367aa637d254d7bd924bfa5b17d58b9895e21287f9,file-name,installer.exe,installer.exe,candidate,,unknown,unknown,invalid-calendar-date:same-record,,source--white-company--9a5333b9a4ad40b4,WhiteCompany/WhiteCompanyOperationShaheenReport.pdf,"{""page"": 130}",[],[],[],[],0,false,medium,TLP:CLEAR,pdf-text,"SHA256: f110283c4e459cc20e908267d88edba26e2135bcb7d7335cabbed1a128edeb86 22. India crashes out of Russia tank competition.doc 23. Pakistan Air Force Jet Crashes During Routine Operation.doc The majority of the lures were nearly identical with the exception of the decoy document and final payload. If the exploit was successful, a simple download-and-execute shellcode would run, which in turn, loaded an additional executable from an external website. The following unique payload URLs were identifi",
1.0.0,actor--white-company,artifact--sha256:193158faee363687c0f94ddf374239d1c883f9626c3845042b09d864db6f3885,observation--sha256:e5bec4f979f78c73404ab413d257af043ef32b295fdea9fbc1b9e33ba18d2cfe,file-name,jet.doc,jet.doc,candidate,,unknown,unknown,invalid-calendar-date:same-record,,source--white-company--9a5333b9a4ad40b4,WhiteCompany/WhiteCompanyOperationShaheenReport.pdf,"{""page"": 127}",[],[],[],[],0,false,medium,TLP:CLEAR,pdf-text,"7. Pakistan Air Force Jet Crashes During Routine Operation.doc August 10, 2017 This headline was lifted from NDTV news website: https:/ /www.ndtv.com/world-news/pakistan-air-force-jet-crashes-during-routine- operation-pilot-dead-1736069 8. Russia ready to offer India the MiG-35 to replace the Rafale fighter jet.doc February 24, 2015 This is an exact copy of a headline from a Pakistani defense news forum discussion: https:/ /defence.pk/pdf/threads/russia-ready-to-offer-india-the-mig-35-to-replace",
1.0.0,actor--white-company,artifact--sha256:193158faee363687c0f94ddf374239d1c883f9626c3845042b09d864db6f3885,observation--sha256:bca16776e48512396a8743c3f90db48c562b33c924ea5ccbb67313cb88d27ba4,file-name,jet.doc,jet.doc,candidate,,unknown,unknown,not-stated,,source--white-company--9a5333b9a4ad40b4,WhiteCompany/WhiteCompanyOperationShaheenReport.pdf,"{""page"": 129}",[],[],[],[],0,false,medium,TLP:CLEAR,pdf-text,"ADDITIONAL FILE ATTRIBUTES The phishing lures also fell into two camps based on their file size. 23 of the files were exactly 575 Kilobytes in size. When the exploits were successfully triggered, these files would retrieve malware from several different, apparently legitimate, compromised websites, including Pakistan’s Frontier Works Organization. In all observed instances, the download and execute documents attempted to exploit CVE-2012-0158. SHA256: 2e219fc95d7b44d8b0e748628e559a9ec79a068b90fe",
1.0.0,actor--white-company,artifact--sha256:193158faee363687c0f94ddf374239d1c883f9626c3845042b09d864db6f3885,observation--sha256:78bc0d2c9c01a6cbe6ee0f4aeca939a8a14aa44b135a9bb8b57f40f70060dbd1,file-name,jet.doc,jet.doc,candidate,,unknown,unknown,not-stated,,source--white-company--9a5333b9a4ad40b4,WhiteCompany/WhiteCompanyOperationShaheenReport.pdf,"{""page"": 39}",[],[],[],[],0,false,medium,TLP:CLEAR,pdf-text,"September 17, 2017 Official CPEC announcement: China would “assist” Pakistan in “capacity building” of its “civil armed forces” September 19, 2017 Exclusive: U.S. defense firms want control over tech in Make-in- India plan (Reuters) September 21, 2017 Militant attack on minister’s convoy kills two bystanders in India’s Kashmir (Reuters) September 22, 2017 Public_and_Optional_Holidays_2017.doc last modified [payload delivered from external site] Pakistan: Death toll from India attack in Kashmir r",
1.0.0,actor--white-company,artifact--sha256:d194e61f83844fc6b6e68bfea7e6e9e2044dca4f7758e6ba5e83e7e37708c9bf,observation--sha256:d765cca348c1fd797aa8240742b6c2886b32ec297dd6547d4d36d080d9be3d78,file-name,kernel32.dll,kernel32.dll,candidate,,unknown,unknown,not-stated,,source--white-company--9a5333b9a4ad40b4,WhiteCompany/WhiteCompanyOperationShaheenReport.pdf,"{""page"": 108}",[],[],[],[],0,false,medium,TLP:CLEAR,pdf-text,"Genetic Mapping In order to make sense of the different samples, each area that differed across the sample sets was issued a number, and each variation was assigned a letter. The following number and letter combinations describe all the variations across all the observed sample sets: 1. ASLR Bypass a. Uses A as the persistent data in a stream format b. Uses valid persistent data in a storage format 2. Shellcode loading a. Uses MSComCtlLib.TabStrip and a heap spray to load shellcode b. Uses Smart",
1.0.0,actor--white-company,artifact--sha256:d194e61f83844fc6b6e68bfea7e6e9e2044dca4f7758e6ba5e83e7e37708c9bf,observation--sha256:082085cbeb8672276c987e14a99d06f9b80d8e72ea564c8820a6f9f328c37934,file-name,kernel32.dll,kernel32.dll,candidate,,unknown,unknown,not-stated,,source--white-company--9a5333b9a4ad40b4,WhiteCompany/WhiteCompanyOperationShaheenReport.pdf,"{""page"": 114}",[],[],[],[],0,false,medium,TLP:CLEAR,pdf-text,"STAGE 1 CHANGELOG Once the variations are derived and categorized into a version scheme, a change log can be produced. The following changelog represents the changes made in Stage 1 shellcode over the observed samples: 1. Version 1 a. Initial Release 2. Version 2 a. Changed fldpi/fstenv to call/pop to get shellcode address. b. Changed XOR to not/XOR in decoding loop to make detection harder. c. Changed kernel32.dll resolution code to check all modules to handle AppInitDLL. 3. Version 3 a. Revert",
1.0.0,actor--white-company,artifact--sha256:d194e61f83844fc6b6e68bfea7e6e9e2044dca4f7758e6ba5e83e7e37708c9bf,observation--sha256:8ea195418dc7197a4b89865dffc484aba832e648aba00c327c73b7a8c6d379ca,file-name,kernel32.dll,kernel32.dll,candidate,,unknown,unknown,not-stated,,source--white-company--9a5333b9a4ad40b4,WhiteCompany/WhiteCompanyOperationShaheenReport.pdf,"{""page"": 59}",[],[],[],[],0,false,medium,TLP:CLEAR,pdf-text,"seg000:000208C3 xor ecx, ecx seg000:000208C5 mov esi, fs:[ecx+NT_TEB.Peb] ; PEB seg000:000208C9 mov esi, [esi+_PEB.Ldr] ; _PEB_LDR_DATA seg000:000208CC mov esi, seg000:000208CC [esi+PEB_LDR_DATA.InInitializationOrderModuleList.Flink] seg000:000208CC ; LoadedModule seg000:000208CF seg000:000208CF find_kernel32: ; CODE XREF: stage1_part2+4Fj seg000:000208CF mov ebp, [esi+LDR_DATA_TABLE_ENTRY.InMemoryOrderLinks] seg000:000208CF ; LDR_AddressOfModule seg000:000208D2 mov edi, [esi+LDR_DATA_TABLE_ENTR",
1.0.0,actor--white-company,artifact--sha256:d194e61f83844fc6b6e68bfea7e6e9e2044dca4f7758e6ba5e83e7e37708c9bf,observation--sha256:f8a491bd24a3f8e710dd8e4236f1d391b7a33c7c3ca4c049432bd3a67e4b334e,file-name,kernel32.dll,kernel32.dll,candidate,,unknown,unknown,not-stated,,source--white-company--9a5333b9a4ad40b4,WhiteCompany/WhiteCompanyOperationShaheenReport.pdf,"{""page"": 77}",[],[],[],[],0,false,medium,TLP:CLEAR,pdf-text,"RESOLVE KERNEL32 On Windows, it’s necessary to locate the address of Kernel32 in memory to perform system operations, since kernel calls can vary. Across the samples, we observed two algorithms used to find this address. The first naively assumes that Kernel32 is the second loaded module. On many systems, this is correct; however, on any system with software that performs DLL injection in certain ways, this assumption can be violated. The second takes a more robust approach, looking for the firs",
1.0.0,actor--white-company,artifact--sha256:69420c99ba1443ac19a3996617e907190104d5af5314208d2e6c9f587e33dd85,observation--sha256:c3c2d09832758c0cbc7a65f662772031abebef0f0eba5619cbec14ead52642aa,file-name,klif.sys,klif.sys,candidate,,unknown,unknown,not-stated,,source--white-company--9a5333b9a4ad40b4,WhiteCompany/WhiteCompanyOperationShaheenReport.pdf,"{""page"": 67}",[],[],[],[],0,false,medium,TLP:CLEAR,pdf-text,"If a debugger is detected, the entire portion of the shellcode that drops malware is avoided. This behavior is most likely intended to thwart automated analysis of the exploit in products such as FireEye. If no debugger is detected, Stage 2 continues with operations necessary to drop malware. The first part of these operations is to detect antivirus products that are installed on the system. The following code is used to perform this antivirus detection: seg000:0001E4A9 push PAGE_READWRITE ; flP",
1.0.0,actor--white-company,artifact--sha256:69420c99ba1443ac19a3996617e907190104d5af5314208d2e6c9f587e33dd85,observation--sha256:40f0f900ef75f6b37b577c50077c70cc68a1860ef4915cb3efaa72ac9e32ab5e,file-name,klif.sys,klif.sys,candidate,,unknown,unknown,not-stated,,source--white-company--9a5333b9a4ad40b4,WhiteCompany/WhiteCompanyOperationShaheenReport.pdf,"{""page"": 93}",[],[],[],[],0,false,medium,TLP:CLEAR,pdf-text,"seg000:000003D3 find_installed_av proc near seg000:000003D3 push PAGE_READWRITE ; flProtect seg000:000003D5 push MEM_COMMIT ; flAllocationType seg000:000003DA push 10000h ; dwSize seg000:000003DF push 0 ; lpAddress seg000:000003E1 call [edi+edi_space.pVirtualAlloc] seg000:000003E4 add eax, 0FE00h seg000:000003E9 mov [edi+edi_space.pFakeStack], eax seg000:000003EF lea eax, aCWindowsSystem32D[ebp] ; ""C:\\windows\\system32\\drivers\\"" seg000:000003F5 lea ecx, [edi+edi_space.szSystemDir] seg000:0000",
1.0.0,actor--white-company,artifact--sha256:96bcd2f2c3156030e53f3628cb019a8e539f1233fbfc9d92511be47d6cfe4606,observation--sha256:1bdc3170819b4d59d6dca48b0da702c8ae6ca9f14c01e845e3c34675ecea3254,file-name,microsoftdm.exe,microsoftdm.exe,candidate,,unknown,unknown,invalid-calendar-date:same-record,,source--white-company--9a5333b9a4ad40b4,WhiteCompany/WhiteCompanyOperationShaheenReport.pdf,"{""page"": 130}",[],[],[],[],0,false,medium,TLP:CLEAR,pdf-text,"SHA256: f110283c4e459cc20e908267d88edba26e2135bcb7d7335cabbed1a128edeb86 22. India crashes out of Russia tank competition.doc 23. Pakistan Air Force Jet Crashes During Routine Operation.doc The majority of the lures were nearly identical with the exception of the decoy document and final payload. If the exploit was successful, a simple download-and-execute shellcode would run, which in turn, loaded an additional executable from an external website. The following unique payload URLs were identifi",
1.0.0,actor--white-company,artifact--sha256:5af178ca3ec8cdf224759a84cb378c4c21bb0d2182f76c1cef256278abeb775d,observation--sha256:849715bfa05d8f79cbdba571db12bbfd149899fd65482f3c3cf0774742ad8d40,file-name,msvcr71.dll,msvcr71.dll,candidate,2017-04-03T00:00:00Z,day,known,same-record,,source--white-company--9a5333b9a4ad40b4,WhiteCompany/WhiteCompanyOperationShaheenReport.pdf,"{""page"": 121}",[],[],[],[],0,false,medium,TLP:CLEAR,pdf-text,"Works Cited Ali Security. (2015, October 16). Word Type Confusion Vulnerability (CVE-2015-1641) Analysis. Retrieved from Freebuf: http:/ /www.freebuf.com/vuls/81868.html Baidu Security Labs. (2017, April 25). APT Attack Tool - Word Vulnerability CVE-2016-7193. Retrieved from seebug: https:/ /paper.seebug.org/288/ Brenner, B. (2017, April 3). AKBuilder, Microsoft Word Intruder exploiting Office RTF vulnerability. Retrieved from Naked Security: https:/ /nakedsecurity.sophos.com/2017/04/03/akbuilde",
1.0.0,actor--white-company,artifact--sha256:626d5585003f249be1d7609549038b14f25ce397ca8eebd49f19b607129560eb,observation--sha256:8f1889ff2162eb7bb9033c7ac655c9f641dba58eb0550d2a2b15c5cb601b9a22,file-name,office_antivirus.dll,office_antivirus.dll,candidate,,unknown,unknown,not-stated,,source--white-company--9a5333b9a4ad40b4,WhiteCompany/WhiteCompanyOperationShaheenReport.pdf,"{""page"": 97}",[],[],[],[],0,false,medium,TLP:CLEAR,pdf-text,"seg000:000002E1 mov esp, large fs:0 seg000:000002E8 lea eax, aOffice_antivir[ebp] ; ""office_antivirus.dll"" seg000:000002EE push eax ; lpFileName seg000:000002EF call [edi+edi_space.pLoadLibraryA] seg000:000002F2 cmp eax, 0 seg000:000002F5 jz short no_antivirus seg000:000002F7 mov ecx, [edi+edi_space.pszTempPath] seg000:000002FA jmp short run_command seg000:000002FC ; --------------------------------------------------------------------------- seg000:000002FC seg000:000002FC no_antivirus: ; CODE X",
1.0.0,actor--white-company,artifact--sha256:40cf5fb9527cd3f99870932f6e51645f2b24b7ad7f5e5c9f8933f414269e444d,observation--sha256:a9b07ffc56900cabcab1db815ee203c51df53d7a49812d210d154402fed20e06,file-name,pe.exe,pe.exe,candidate,,unknown,unknown,invalid-calendar-date:same-record,,source--white-company--9a5333b9a4ad40b4,WhiteCompany/WhiteCompanyOperationShaheenReport.pdf,"{""page"": 130}",[],[],[],[],0,false,medium,TLP:CLEAR,pdf-text,"SHA256: f110283c4e459cc20e908267d88edba26e2135bcb7d7335cabbed1a128edeb86 22. India crashes out of Russia tank competition.doc 23. Pakistan Air Force Jet Crashes During Routine Operation.doc The majority of the lures were nearly identical with the exception of the decoy document and final payload. If the exploit was successful, a simple download-and-execute shellcode would run, which in turn, loaded an additional executable from an external website. The following unique payload URLs were identifi",
1.0.0,actor--white-company,artifact--sha256:fa4fe8fd82fc3fe5c3805381916795daf3e5a4bf65afa6b9760d107530c8250c,observation--sha256:685b35fba1eb5b0c58730be3180429e4a7661ca3e2835061214947f4cdadc519,file-name,pension_order.pdf,pension_order.pdf,candidate,,unknown,unknown,invalid-calendar-date:same-record,,source--white-company--9a5333b9a4ad40b4,WhiteCompany/WhiteCompanyOperationShaheenReport.pdf,"{""page"": 127}",[],[],[],[],0,false,medium,TLP:CLEAR,pdf-text,"7. Pakistan Air Force Jet Crashes During Routine Operation.doc August 10, 2017 This headline was lifted from NDTV news website: https:/ /www.ndtv.com/world-news/pakistan-air-force-jet-crashes-during-routine- operation-pilot-dead-1736069 8. Russia ready to offer India the MiG-35 to replace the Rafale fighter jet.doc February 24, 2015 This is an exact copy of a headline from a Pakistani defense news forum discussion: https:/ /defence.pk/pdf/threads/russia-ready-to-offer-india-the-mig-35-to-replace",
1.0.0,actor--white-company,artifact--sha256:e662de0ec0c7731a4514aedc57d5ee8edea0468cf04cbf2bfba7e729d68fc76d,observation--sha256:b4226c766d89e118ed0c54d264ce74ce7a3dcee57bc22ecc92328cb9207bec6e,file-name,printer.exe,printer.exe,candidate,,unknown,unknown,invalid-calendar-date:same-record,,source--white-company--9a5333b9a4ad40b4,WhiteCompany/WhiteCompanyOperationShaheenReport.pdf,"{""page"": 130}",[],[],[],[],0,false,medium,TLP:CLEAR,pdf-text,"SHA256: f110283c4e459cc20e908267d88edba26e2135bcb7d7335cabbed1a128edeb86 22. India crashes out of Russia tank competition.doc 23. Pakistan Air Force Jet Crashes During Routine Operation.doc The majority of the lures were nearly identical with the exception of the decoy document and final payload. If the exploit was successful, a simple download-and-execute shellcode would run, which in turn, loaded an additional executable from an external website. The following unique payload URLs were identifi",
1.0.0,actor--white-company,artifact--sha256:a7f4e1735f11823c8607b61c97de5019dd87cbd4d7bbeea9bd43d8da79e753f6,observation--sha256:0b069ddeb4543bd5873946e2d003f1f66c021fd81d4f36a75acb8e826310617e,file-name,skmscan.sys,skmscan.sys,candidate,,unknown,unknown,not-stated,,source--white-company--9a5333b9a4ad40b4,WhiteCompany/WhiteCompanyOperationShaheenReport.pdf,"{""page"": 93}",[],[],[],[],0,false,medium,TLP:CLEAR,pdf-text,"seg000:000003D3 find_installed_av proc near seg000:000003D3 push PAGE_READWRITE ; flProtect seg000:000003D5 push MEM_COMMIT ; flAllocationType seg000:000003DA push 10000h ; dwSize seg000:000003DF push 0 ; lpAddress seg000:000003E1 call [edi+edi_space.pVirtualAlloc] seg000:000003E4 add eax, 0FE00h seg000:000003E9 mov [edi+edi_space.pFakeStack], eax seg000:000003EF lea eax, aCWindowsSystem32D[ebp] ; ""C:\\windows\\system32\\drivers\\"" seg000:000003F5 lea ecx, [edi+edi_space.szSystemDir] seg000:0000",
1.0.0,actor--white-company,artifact--sha256:48815ce2529125d2ea6b17be04acdf98aa2d39af767c5e696b1eb2bdf4d7fb66,observation--sha256:c89cf2f3680d539a0220b9e9e08b67e3ed261881d06bf4787666ac93be0776a1,file-name,spark.exe,spark.exe,candidate,,unknown,unknown,invalid-calendar-date:same-record,,source--white-company--9a5333b9a4ad40b4,WhiteCompany/WhiteCompanyOperationShaheenReport.pdf,"{""page"": 130}",[],[],[],[],0,false,medium,TLP:CLEAR,pdf-text,"SHA256: f110283c4e459cc20e908267d88edba26e2135bcb7d7335cabbed1a128edeb86 22. India crashes out of Russia tank competition.doc 23. Pakistan Air Force Jet Crashes During Routine Operation.doc The majority of the lures were nearly identical with the exception of the decoy document and final payload. If the exploit was successful, a simple download-and-execute shellcode would run, which in turn, loaded an additional executable from an external website. The following unique payload URLs were identifi",
1.0.0,actor--white-company,artifact--sha256:da7e40e7f46f2ab1bcb0a294513f4d07fed3564532f00c29ff5acc1489bb5a7f,observation--sha256:6a7dd295c77446a2f7d77358cea9e8511aa36fa5dafaf8f6b24706fa9513bdba,file-name,stamp.jsp,stamp.jsp,candidate,2017-04-03T00:00:00Z,day,known,same-record,,source--white-company--9a5333b9a4ad40b4,WhiteCompany/WhiteCompanyOperationShaheenReport.pdf,"{""page"": 121}",[],[],[],[],0,false,medium,TLP:CLEAR,pdf-text,"Works Cited Ali Security. (2015, October 16). Word Type Confusion Vulnerability (CVE-2015-1641) Analysis. Retrieved from Freebuf: http:/ /www.freebuf.com/vuls/81868.html Baidu Security Labs. (2017, April 25). APT Attack Tool - Word Vulnerability CVE-2016-7193. Retrieved from seebug: https:/ /paper.seebug.org/288/ Brenner, B. (2017, April 3). AKBuilder, Microsoft Word Intruder exploiting Office RTF vulnerability. Retrieved from Naked Security: https:/ /nakedsecurity.sophos.com/2017/04/03/akbuilde",
1.0.0,actor--white-company,artifact--sha256:56e40893558f7998accfbfe7da5c5ef4fd1099478231ac7851001270deba8975,observation--sha256:f7a3ec387882a28aaf4eb37c1485a158b26cef6088edecac5022ec1332e71925,file-name,standoff.doc,standoff.doc,candidate,,unknown,unknown,not-stated,,source--white-company--9a5333b9a4ad40b4,WhiteCompany/WhiteCompanyOperationShaheenReport.pdf,"{""page"": 128}",[],[],[],[],0,false,medium,TLP:CLEAR,pdf-text,"5. List_of_National_and_Regional_Public_holidays_of_Pakistan_in_2018.doc 6. Machine_Readalbe_Passport.doc 7. Public_and_Optional_Holidays_2017.doc 8. Sales - Tax & Federal Excise Budgetary Measures.doc 9. Sales Tax & Federal Excise Budgetary Measures.doc 10. Sales_Tax.doc 11. THE_CIA.doc Lures that referenced China: 1. 2017年发展中国家妇幼保健专业培训班项目简介表.doc This roughly translates to Program for MCH [Maternal and Child Health] Training Courses in Developing Countries. Many NGOs offer these programs, but t",
1.0.0,actor--white-company,artifact--sha256:56e40893558f7998accfbfe7da5c5ef4fd1099478231ac7851001270deba8975,observation--sha256:290b3a6743ae7fc8d5e99690d366e937bce5e2eb0c78e07f83a5aa0586cb2c92,file-name,standoff.doc,standoff.doc,candidate,,unknown,unknown,not-stated,,source--white-company--9a5333b9a4ad40b4,WhiteCompany/WhiteCompanyOperationShaheenReport.pdf,"{""page"": 129}",[],[],[],[],0,false,medium,TLP:CLEAR,pdf-text,"ADDITIONAL FILE ATTRIBUTES The phishing lures also fell into two camps based on their file size. 23 of the files were exactly 575 Kilobytes in size. When the exploits were successfully triggered, these files would retrieve malware from several different, apparently legitimate, compromised websites, including Pakistan’s Frontier Works Organization. In all observed instances, the download and execute documents attempted to exploit CVE-2012-0158. SHA256: 2e219fc95d7b44d8b0e748628e559a9ec79a068b90fe",
1.0.0,actor--white-company,artifact--sha256:56e40893558f7998accfbfe7da5c5ef4fd1099478231ac7851001270deba8975,observation--sha256:87bf138021d6705c9aa9d660d8f73a5fc93d7e05a63337e707df2cfc9d83a50b,file-name,standoff.doc,standoff.doc,candidate,,unknown,unknown,not-stated,,source--white-company--9a5333b9a4ad40b4,WhiteCompany/WhiteCompanyOperationShaheenReport.pdf,"{""page"": 37}",[],[],[],[],0,false,medium,TLP:CLEAR,pdf-text,"August 16, 2017 Exploit stops evading Avast! Sales Tax & Federal Excise Budgetary Measures.doc last modified Sohail Mahmood takes charge as Pakistan’s high commissioner to India (First Post) U.S. sanctions Kashmiri militant group Hizbul Mujahideen (Reuters) Trump to discuss Afghan strategy with security team on Friday (Reuters) August 17, 2017 Saudi Arabia eager to invest in Gwadar Port projects (CPEC via Radio Pakistan) India clears purchase of six Boeing helicopters in $650 million deal (Reute",
1.0.0,actor--white-company,artifact--sha256:9181da5c11b51e2033ca20a66fba692b974f21bd9bf9e9b13351afb3574059d4,observation--sha256:98f550bdbed2f819a3bdfb1e557acbbcf9d45c071c61456c4b2f3be3d016ed5e,file-name,svchost.exe,svchost.exe,candidate,,unknown,unknown,not-stated,,source--white-company--9a5333b9a4ad40b4,WhiteCompany/WhiteCompanyOperationShaheenReport.pdf,"{""page"": 110}",[],[],[],[],0,false,medium,TLP:CLEAR,pdf-text,29. Stage 2 Drop Malware File Name a. svchost.exe b. iexplorer c. winlogon d. systeml.exe 30. Stage 2 Drop Malware Path Indexing Register a. Uses eax b. Uses ebx 31. Stage 2 Drop Malware Path Expand Environment Strings a. Observed sample uses function call 32. Stage 2 Drop Malware Write File Call a. Called directly b. Called using protected_api_call 33. Stage 2 Drop Malware Created File Properties a. Hidden and System b. Normal c. Hidden and System or Normal depending on if antivirus is installe,
1.0.0,actor--white-company,artifact--sha256:449c2fc49c92634ed447c50ab0357350a8927ed258198343ba9b21d4e050bbab,observation--sha256:c3a6d4cdf9e100f9a175c6900ccb448abd05df190fb6fec48be4fc101d4b3a66,file-name,systeml.exe,systeml.exe,candidate,,unknown,unknown,not-stated,,source--white-company--9a5333b9a4ad40b4,WhiteCompany/WhiteCompanyOperationShaheenReport.pdf,"{""page"": 110}",[],[],[],[],0,false,medium,TLP:CLEAR,pdf-text,29. Stage 2 Drop Malware File Name a. svchost.exe b. iexplorer c. winlogon d. systeml.exe 30. Stage 2 Drop Malware Path Indexing Register a. Uses eax b. Uses ebx 31. Stage 2 Drop Malware Path Expand Environment Strings a. Observed sample uses function call 32. Stage 2 Drop Malware Write File Call a. Called directly b. Called using protected_api_call 33. Stage 2 Drop Malware Created File Properties a. Hidden and System b. Normal c. Hidden and System or Normal depending on if antivirus is installe,
1.0.0,actor--white-company,artifact--sha256:d52df1eff70dd2ed73e454dd378dc62d2b831802a766e305ea06e9498903bdcd,observation--sha256:a7989ae720eac7a32b172efd2094c7e12f35a22dee6676e610ce0ea60077b252,file-name,winasm.pdf,winasm.pdf,candidate,,unknown,unknown,not-stated,,source--white-company--9a5333b9a4ad40b4,WhiteCompany/WhiteCompanyOperationShaheenReport.pdf,"{""page"": 31}",[],[],[],[],0,false,medium,TLP:CLEAR,pdf-text,"rapid7 (Open Source). (2014, December 13). metasploit-framework/external/ source/shellcode/windows/x86/src/block/block_api.asm. Retrieved from rapid7 / metasploit-framework: https:/ /github.com/rapid7/metasploit-framework/blob/ cac890a797d0d770260074dfe703eb5cfb63bd46/external/source/shellcode/windows/ x86/src/block/block_api.asm The Last Stage of Delirium Research Group. (2002, December 12). WinASM. Retrieved from LSD: http:/ /www.lsd-pl.net/winasm.pdf The News (Pakistan). (2018, Feburary 14). ",
1.0.0,actor--white-company,artifact--sha256:80cb04e4336493f114c0c69973db382f9d313210ce64be7b438a6b3d7cfff35d,observation--sha256:3afcf18739287392be2f09a7a3ea58740b28448c28178b1dad79bb3afa3cde15,file-name,winlogon.exe,winlogon.exe,candidate,,unknown,unknown,not-stated,,source--white-company--9a5333b9a4ad40b4,WhiteCompany/WhiteCompanyOperationShaheenReport.pdf,"{""page"": 132}",[],[],[],[],0,false,medium,TLP:CLEAR,pdf-text,"payload is embedded, “JipRFYBGHyRXRG” is the name of the resource item, and the third argument “gEWArk” is the XOR key used to decode the bytes extracted out of the resource bitmap. Once this stub was extracted, it was mapped into memory using the System.Reflection. Assembly::Load command then the Entrypoint is called via the Invoke function. The stub contained a number of conditional environmental and software checks before executing properly. In this case, none of the anti-analysis/anti-sandbo",
1.0.0,actor--white-company,artifact--sha256:80cb04e4336493f114c0c69973db382f9d313210ce64be7b438a6b3d7cfff35d,observation--sha256:fb1427f4107fa3b99530578bc261619f4bb212a0e3b00486027f0b7a0c5d1a61,file-name,winlogon.exe,winlogon.exe,candidate,,unknown,unknown,not-stated,,source--white-company--9a5333b9a4ad40b4,WhiteCompany/WhiteCompanyOperationShaheenReport.pdf,"{""page"": 70}",[],[],[],[],0,false,medium,TLP:CLEAR,pdf-text,"Ultimately, it performs an XOR operation on every 32-bit value of the payload — other than zero — with 0xABCDEFBA. One aspect of note is that it writes zero values verbatim in order to prevent the leaking of the XOR key. It continues to de-obfuscate until it runs into a sequence of marker bytes that delineate the end of the malware payload. Once completed, Stage 2 constructs another path as can be seen in the following code: seg000:0001E6BB mov [edi+edi_space.sizeOutFile], ebx seg000:0001E6BE le",
1.0.0,actor--white-company,artifact--sha256:80cb04e4336493f114c0c69973db382f9d313210ce64be7b438a6b3d7cfff35d,observation--sha256:9e163d670e7c977fd6fdbab033553f324189436cacde63df297bcfa3882fd667,file-name,winlogon.exe,winlogon.exe,candidate,,unknown,unknown,not-stated,,source--white-company--9a5333b9a4ad40b4,WhiteCompany/WhiteCompanyOperationShaheenReport.pdf,"{""page"": 71}",[],[],[],[],0,false,medium,TLP:CLEAR,pdf-text,"Once created, the malware is written to the file, then closed. The following code is responsible for this action: seg000:0001E705 mov [edi+edi_space.hOutFile], eax seg000:0001E708 push 0 seg000:0001E70A lea ecx, [esp+0] seg000:0001E70D lea eax, [edi+edi_space.pFileData] seg000:0001E713 lea esi, [edi+edi_space.pfnWriteFile] ; pfnFunc seg000:0001E716 push 0 seg000:0001E718 push ecx seg000:0001E719 push [edi+edi_space.sizeOutFile] seg000:0001E71C push eax seg000:0001E71D push [edi+edi_space.hOutFil",
1.0.0,actor--white-company,artifact--sha256:80cb04e4336493f114c0c69973db382f9d313210ce64be7b438a6b3d7cfff35d,observation--sha256:acec49e522eb1736492dc3f3bb455eaf5bb9bc3576b276234ebe0b207d00fcd3,file-name,winlogon.exe,winlogon.exe,candidate,,unknown,unknown,not-stated,,source--white-company--9a5333b9a4ad40b4,WhiteCompany/WhiteCompanyOperationShaheenReport.pdf,"{""page"": 99}",[],[],[],[],0,false,medium,TLP:CLEAR,pdf-text,"seg000:00000555 drop_malware proc near seg000:00000555 seg000:00000555 var_54 = byte ptr -54h seg000:00000555 seg000:00000555 lea esi, [edi+edi_space.szTempPath] seg000:0000055B push esi ; lpBuffer seg000:0000055C push 60h ; nBufferLength seg000:0000055E call [edi+edi_space.pGetTempPathA] seg000:00000561 xor eax, eax seg000:00000563 seg000:00000563 next_path_char: ; CODE XREF: drop_malware+17j seg000:00000563 inc eax seg000:00000564 cmp [edi+eax+edi_space.szTempPath], 0 seg000:0000056C jnz short",
1.0.0,actor--white-company,artifact--sha256:f277d19151e5d0dac5eeb8c51ee4b8206055e29dc0c7ffc5fc4892c069213bd2,observation--sha256:eed80faa39be99fdaaf9d195fb1c79ad5e7d567e1dcb243a8cbb7f8e6a6bfe41,file-path,%AppData%\csrss.exe” and used a method of execution that it internally referenced,%AppData%\csrss.exe” and used a method of execution that it internally referenced,candidate,,unknown,unknown,not-stated,,source--white-company--9a5333b9a4ad40b4,WhiteCompany/WhiteCompanyOperationShaheenReport.pdf,"{""page"": 132}",[],[],[],[],0,false,medium,TLP:CLEAR,pdf-text,"payload is embedded, “JipRFYBGHyRXRG” is the name of the resource item, and the third argument “gEWArk” is the XOR key used to decode the bytes extracted out of the resource bitmap. Once this stub was extracted, it was mapped into memory using the System.Reflection. Assembly::Load command then the Entrypoint is called via the Invoke function. The stub contained a number of conditional environmental and software checks before executing properly. In this case, none of the anti-analysis/anti-sandbo",
1.0.0,actor--white-company,artifact--sha256:a82a3cbba61159777091aea7beb86ecd0675fb96484ecb07264b5e909179e555,observation--sha256:d654151820f0e0cfc02c493dc9b8164bd9309578ea753a9b48d797432c67a32a,file-path,%AppData%\winlogon.exe”,%AppData%\winlogon.exe”,candidate,,unknown,unknown,not-stated,,source--white-company--9a5333b9a4ad40b4,WhiteCompany/WhiteCompanyOperationShaheenReport.pdf,"{""page"": 132}",[],[],[],[],0,false,medium,TLP:CLEAR,pdf-text,"payload is embedded, “JipRFYBGHyRXRG” is the name of the resource item, and the third argument “gEWArk” is the XOR key used to decode the bytes extracted out of the resource bitmap. Once this stub was extracted, it was mapped into memory using the System.Reflection. Assembly::Load command then the Entrypoint is called via the Invoke function. The stub contained a number of conditional environmental and software checks before executing properly. In this case, none of the anti-analysis/anti-sandbo",
1.0.0,actor--white-company,artifact--sha256:d58d5c15fd85011746c2383715cb609b10b3a6e36fd83c4480985d654a527d18,observation--sha256:41f5f4e8190764115cf13631a6f20d145beebf7640070903e41ff1b990841eb9,file-path,"%tmp%\..\ if evading antivirus, directly if not evading","%tmp%\..\ if evading antivirus, directly if not evading",candidate,,unknown,unknown,not-stated,,source--white-company--9a5333b9a4ad40b4,WhiteCompany/WhiteCompanyOperationShaheenReport.pdf,"{""page"": 110}",[],[],[],[],0,false,medium,TLP:CLEAR,pdf-text,29. Stage 2 Drop Malware File Name a. svchost.exe b. iexplorer c. winlogon d. systeml.exe 30. Stage 2 Drop Malware Path Indexing Register a. Uses eax b. Uses ebx 31. Stage 2 Drop Malware Path Expand Environment Strings a. Observed sample uses function call 32. Stage 2 Drop Malware Write File Call a. Called directly b. Called using protected_api_call 33. Stage 2 Drop Malware Created File Properties a. Hidden and System b. Normal c. Hidden and System or Normal depending on if antivirus is installe,
1.0.0,actor--white-company,artifact--sha256:795ef10e166871e421bd1dbb7884d7227e79fc0acbf343a6b663b37f6278de19,observation--sha256:0e486e7fa15c523ec9d8106c564fcad02312613f4c5627563ac19b9d9ecfeaa8,file-path,%tmp%\..\ if no,%tmp%\..\ if no,candidate,,unknown,unknown,not-stated,,source--white-company--9a5333b9a4ad40b4,WhiteCompany/WhiteCompanyOperationShaheenReport.pdf,"{""page"": 110}",[],[],[],[],0,false,medium,TLP:CLEAR,pdf-text,29. Stage 2 Drop Malware File Name a. svchost.exe b. iexplorer c. winlogon d. systeml.exe 30. Stage 2 Drop Malware Path Indexing Register a. Uses eax b. Uses ebx 31. Stage 2 Drop Malware Path Expand Environment Strings a. Observed sample uses function call 32. Stage 2 Drop Malware Write File Call a. Called directly b. Called using protected_api_call 33. Stage 2 Drop Malware Created File Properties a. Hidden and System b. Normal c. Hidden and System or Normal depending on if antivirus is installe,
1.0.0,actor--white-company,artifact--sha256:7de2ff42c63662e65bfd9f40227b2364ffda58f2b0ef546ffdb35fb7902a5c74,observation--sha256:dfb376abf932d8c9006514825e0d493ada8f0485fa844c2581c8a7aa262fb903,file-path,%tmp%\\..\\iexplorer.exe,%tmp%\\..\\iexplorer.exe,candidate,,unknown,unknown,not-stated,,source--white-company--9a5333b9a4ad40b4,WhiteCompany/WhiteCompanyOperationShaheenReport.pdf,"{""page"": 97}",[],[],[],[],0,false,medium,TLP:CLEAR,pdf-text,"seg000:000002E1 mov esp, large fs:0 seg000:000002E8 lea eax, aOffice_antivir[ebp] ; ""office_antivirus.dll"" seg000:000002EE push eax ; lpFileName seg000:000002EF call [edi+edi_space.pLoadLibraryA] seg000:000002F2 cmp eax, 0 seg000:000002F5 jz short no_antivirus seg000:000002F7 mov ecx, [edi+edi_space.pszTempPath] seg000:000002FA jmp short run_command seg000:000002FC ; --------------------------------------------------------------------------- seg000:000002FC seg000:000002FC no_antivirus: ; CODE X",
1.0.0,actor--white-company,artifact--sha256:818842ceac48b9b2f9ebb421de8b1aad69eeacef689d5e4e5c97e72f41fb5008,observation--sha256:16469d5d1d5a09fd773e87a7534ed22d906c45cbc4e9cbc2c59e862479d9cb25,file-path,%tmp%\\iexplorer %tmp%\,%tmp%\\iexplorer %tmp%\,candidate,,unknown,unknown,not-stated,,source--white-company--9a5333b9a4ad40b4,WhiteCompany/WhiteCompanyOperationShaheenReport.pdf,"{""page"": 97}",[],[],[],[],0,false,medium,TLP:CLEAR,pdf-text,"seg000:000002E1 mov esp, large fs:0 seg000:000002E8 lea eax, aOffice_antivir[ebp] ; ""office_antivirus.dll"" seg000:000002EE push eax ; lpFileName seg000:000002EF call [edi+edi_space.pLoadLibraryA] seg000:000002F2 cmp eax, 0 seg000:000002F5 jz short no_antivirus seg000:000002F7 mov ecx, [edi+edi_space.pszTempPath] seg000:000002FA jmp short run_command seg000:000002FC ; --------------------------------------------------------------------------- seg000:000002FC seg000:000002FC no_antivirus: ; CODE X",
1.0.0,actor--white-company,artifact--sha256:8fefc2aa6b4b1f38e7f93dc83c25bf30db40552756c03c418af7106625b451e2,observation--sha256:44b1e68631fb2988466b7ca24145e427139d11f9358f4984b64e730c9b0510fe,file-path,%tmp%\\iexplorer\,%tmp%\\iexplorer\,candidate,,unknown,unknown,not-stated,,source--white-company--9a5333b9a4ad40b4,WhiteCompany/WhiteCompanyOperationShaheenReport.pdf,"{""page"": 98}",[],[],[],[],0,false,medium,TLP:CLEAR,pdf-text,seg000:0000048C push eax seg000:0000048D push FILE_ATTRIBUTE_NORMAL seg000:00000492 push CREATE_ALWAYS seg000:00000494 push eax seg000:00000495 push eax seg000:00000496 push GENERIC_WRITE seg000:0000049B push edx seg000:0000049C push eax seg000:0000049D push FILE_ATTRIBUTE_NORMAL seg000:000004A2 push CREATE_ALWAYS seg000:000004A4 push eax seg000:000004A5 push eax seg000:000004A6 push GENERIC_WRITE seg000:000004AB push [edi+edi_space.pszTempPath] seg000:000004AE push 7 ; numParams seg000:000004B0,
1.0.0,actor--white-company,artifact--sha256:c6252018f13c152dda2776fec99cb8a8dfa1a4f611c3786e3003ce3173be5c3e,observation--sha256:00984116316e4b3ba131fe9ce07cfd5ee1d520a88177e0911ea6246c0583253b,file-path,%tmp%\\winlogon.exe,%tmp%\\winlogon.exe,candidate,,unknown,unknown,not-stated,,source--white-company--9a5333b9a4ad40b4,WhiteCompany/WhiteCompanyOperationShaheenReport.pdf,"{""page"": 70}",[],[],[],[],0,false,medium,TLP:CLEAR,pdf-text,"Ultimately, it performs an XOR operation on every 32-bit value of the payload — other than zero — with 0xABCDEFBA. One aspect of note is that it writes zero values verbatim in order to prevent the leaking of the XOR key. It continues to de-obfuscate until it runs into a sequence of marker bytes that delineate the end of the malware payload. Once completed, Stage 2 constructs another path as can be seen in the following code: seg000:0001E6BB mov [edi+edi_space.sizeOutFile], ebx seg000:0001E6BE le",
1.0.0,actor--white-company,artifact--sha256:c6252018f13c152dda2776fec99cb8a8dfa1a4f611c3786e3003ce3173be5c3e,observation--sha256:1f0c0c7a2a0cf47635c6628b8e007623902ed16d1ba89b1983a96ff071a467ed,file-path,%tmp%\\winlogon.exe,%tmp%\\winlogon.exe,candidate,,unknown,unknown,not-stated,,source--white-company--9a5333b9a4ad40b4,WhiteCompany/WhiteCompanyOperationShaheenReport.pdf,"{""page"": 99}",[],[],[],[],0,false,medium,TLP:CLEAR,pdf-text,"seg000:00000555 drop_malware proc near seg000:00000555 seg000:00000555 var_54 = byte ptr -54h seg000:00000555 seg000:00000555 lea esi, [edi+edi_space.szTempPath] seg000:0000055B push esi ; lpBuffer seg000:0000055C push 60h ; nBufferLength seg000:0000055E call [edi+edi_space.pGetTempPathA] seg000:00000561 xor eax, eax seg000:00000563 seg000:00000563 next_path_char: ; CODE XREF: drop_malware+17j seg000:00000563 inc eax seg000:00000564 cmp [edi+eax+edi_space.szTempPath], 0 seg000:0000056C jnz short",
1.0.0,actor--white-company,artifact--sha256:e44f6338ad0e2913f0bcd3a38140de57f6f9038e188e78ec43b21cdebaa458d5,observation--sha256:3b902a2edaa8a2c782deb69e607224603e688b681840e10ed9103f81d3379b78,file-path,%tmp%\\winlogon\,%tmp%\\winlogon\,candidate,,unknown,unknown,not-stated,,source--white-company--9a5333b9a4ad40b4,WhiteCompany/WhiteCompanyOperationShaheenReport.pdf,"{""page"": 100}",[],[],[],[],0,false,medium,TLP:CLEAR,pdf-text,"seg000:000005FE lea edx, [edi+edi_space.szPathMalware] seg000:00000604 xor eax, eax seg000:00000606 lea esi, [edi+edi_space.pCreateFileA] ; funcToCall seg000:00000609 push eax seg000:0000060A push FILE_ATTRIBUTE_HIDDEN or FILE_ATTRIBUTE_SYSTEM seg000:0000060C push CREATE_ALWAYS seg000:0000060E push eax seg000:0000060F push eax seg000:00000610 push GENERIC_WRITE seg000:00000615 push edx seg000:00000616 push eax seg000:00000617 push FILE_ATTRIBUTE_NORMAL seg000:0000061C push CREATE_ALWAYS seg000:0",
1.0.0,actor--white-company,artifact--sha256:e44f6338ad0e2913f0bcd3a38140de57f6f9038e188e78ec43b21cdebaa458d5,observation--sha256:a7d679564573c086c340f0f3812097247122c4529de177befddde5a1628a21c0,file-path,%tmp%\\winlogon\,%tmp%\\winlogon\,candidate,,unknown,unknown,not-stated,,source--white-company--9a5333b9a4ad40b4,WhiteCompany/WhiteCompanyOperationShaheenReport.pdf,"{""page"": 71}",[],[],[],[],0,false,medium,TLP:CLEAR,pdf-text,"Once created, the malware is written to the file, then closed. The following code is responsible for this action: seg000:0001E705 mov [edi+edi_space.hOutFile], eax seg000:0001E708 push 0 seg000:0001E70A lea ecx, [esp+0] seg000:0001E70D lea eax, [edi+edi_space.pFileData] seg000:0001E713 lea esi, [edi+edi_space.pfnWriteFile] ; pfnFunc seg000:0001E716 push 0 seg000:0001E718 push ecx seg000:0001E719 push [edi+edi_space.sizeOutFile] seg000:0001E71C push eax seg000:0001E71D push [edi+edi_space.hOutFil",
1.0.0,actor--white-company,artifact--sha256:debf82fe4b07f32a18154e118729096c0042b0a13fa61a0cf26190bdd12ae709,observation--sha256:46d4370dc2e8b102ddde5abffaa81de19c867a25da0fc253753526494678ac96,file-path,%tmp%\winlogon,%tmp%\winlogon,candidate,,unknown,unknown,not-stated,,source--white-company--9a5333b9a4ad40b4,WhiteCompany/WhiteCompanyOperationShaheenReport.pdf,"{""page"": 71}",[],[],[],[],0,false,medium,TLP:CLEAR,pdf-text,"Once created, the malware is written to the file, then closed. The following code is responsible for this action: seg000:0001E705 mov [edi+edi_space.hOutFile], eax seg000:0001E708 push 0 seg000:0001E70A lea ecx, [esp+0] seg000:0001E70D lea eax, [edi+edi_space.pFileData] seg000:0001E713 lea esi, [edi+edi_space.pfnWriteFile] ; pfnFunc seg000:0001E716 push 0 seg000:0001E718 push ecx seg000:0001E719 push [edi+edi_space.sizeOutFile] seg000:0001E71C push eax seg000:0001E71D push [edi+edi_space.hOutFil",
1.0.0,actor--white-company,artifact--sha256:9bfdf618dd8d9786fd7250d6bfc9e2205358e34262445f59c014cecb6441c1f0,observation--sha256:531effd0a7cc6c19e62220f236699df479eccb88ba31871414d84ea609648499,file-path,%userprofile%\winlogon.exe,%userprofile%\winlogon.exe,candidate,,unknown,unknown,not-stated,,source--white-company--9a5333b9a4ad40b4,WhiteCompany/WhiteCompanyOperationShaheenReport.pdf,"{""page"": 71}",[],[],[],[],0,false,medium,TLP:CLEAR,pdf-text,"Once created, the malware is written to the file, then closed. The following code is responsible for this action: seg000:0001E705 mov [edi+edi_space.hOutFile], eax seg000:0001E708 push 0 seg000:0001E70A lea ecx, [esp+0] seg000:0001E70D lea eax, [edi+edi_space.pFileData] seg000:0001E713 lea esi, [edi+edi_space.pfnWriteFile] ; pfnFunc seg000:0001E716 push 0 seg000:0001E718 push ecx seg000:0001E719 push [edi+edi_space.sizeOutFile] seg000:0001E71C push eax seg000:0001E71D push [edi+edi_space.hOutFil",
1.0.0,actor--white-company,artifact--sha256:70a80a4a7db8bf9ebf132a7ceee39b39d86b9ea374d4f4b2b0a9521ffe2a0f08,observation--sha256:7ebaa183837f43df2b390e1af9a7db67a746314515ea3590c9cd1eb1dd8eebe1,file-path,%userprofile%\winlogon.exe &,%userprofile%\winlogon.exe &,candidate,,unknown,unknown,not-stated,,source--white-company--9a5333b9a4ad40b4,WhiteCompany/WhiteCompanyOperationShaheenReport.pdf,"{""page"": 71}",[],[],[],[],0,false,medium,TLP:CLEAR,pdf-text,"Once created, the malware is written to the file, then closed. The following code is responsible for this action: seg000:0001E705 mov [edi+edi_space.hOutFile], eax seg000:0001E708 push 0 seg000:0001E70A lea ecx, [esp+0] seg000:0001E70D lea eax, [edi+edi_space.pFileData] seg000:0001E713 lea esi, [edi+edi_space.pfnWriteFile] ; pfnFunc seg000:0001E716 push 0 seg000:0001E718 push ecx seg000:0001E719 push [edi+edi_space.sizeOutFile] seg000:0001E71C push eax seg000:0001E71D push [edi+edi_space.hOutFil",
1.0.0,actor--white-company,artifact--sha256:d1af7d1a852398b1cd454e39490dd02b5612b3cb0f0b227d8facbed67c06c222,observation--sha256:d4cdc0ed80869ff4b6b0b12a577231a44b1bf02c2f2faca7dfafae9f0086bdb7,file-path,C:\Users\,C:\Users\,candidate,,unknown,unknown,not-stated,,source--white-company--9a5333b9a4ad40b4,WhiteCompany/WhiteCompanyOperationShaheenReport.pdf,"{""page"": 69}",[],[],[],[],0,false,medium,TLP:CLEAR,pdf-text,"Once Stage 2 has retrieved the current date from the system, it proceeds to derive a path for the malware as can be seen in the following exhibit: seg000:0001E62B lea esi, [edi+edi_space.szTempPath] seg000:0001E631 push esi ; lpBuffer seg000:0001E632 push 60h ; nBufferLength seg000:0001E634 call [edi+edi_space.pfnGetTempPathA] seg000:0001E637 xor eax, eax seg000:0001E639 seg000:0001E639 loc_1E639: ; CODE XREF: stage3_part5+17j seg000:0001E639 inc eax seg000:0001E63A cmp [edi+eax+edi_space.szTemp",
1.0.0,actor--white-company,artifact--sha256:d1af7d1a852398b1cd454e39490dd02b5612b3cb0f0b227d8facbed67c06c222,observation--sha256:d32b3baae57a512cd987d2f9528d3d27143e240069e8f9ae85c5f651077b7afd,file-path,C:\Users\,C:\Users\,candidate,,unknown,unknown,not-stated,,source--white-company--9a5333b9a4ad40b4,WhiteCompany/WhiteCompanyOperationShaheenReport.pdf,"{""page"": 70}",[],[],[],[],0,false,medium,TLP:CLEAR,pdf-text,"Ultimately, it performs an XOR operation on every 32-bit value of the payload — other than zero — with 0xABCDEFBA. One aspect of note is that it writes zero values verbatim in order to prevent the leaking of the XOR key. It continues to de-obfuscate until it runs into a sequence of marker bytes that delineate the end of the malware payload. Once completed, Stage 2 constructs another path as can be seen in the following code: seg000:0001E6BB mov [edi+edi_space.sizeOutFile], ebx seg000:0001E6BE le",
1.0.0,actor--white-company,artifact--sha256:d1af7d1a852398b1cd454e39490dd02b5612b3cb0f0b227d8facbed67c06c222,observation--sha256:3d294206dc6034a4ca24ea2ff511c8c6f5d37afd0b4e8f96fa581984bb88cf79,file-path,C:\Users\,C:\Users\,candidate,,unknown,unknown,not-stated,,source--white-company--9a5333b9a4ad40b4,WhiteCompany/WhiteCompanyOperationShaheenReport.pdf,"{""page"": 71}",[],[],[],[],0,false,medium,TLP:CLEAR,pdf-text,"Once created, the malware is written to the file, then closed. The following code is responsible for this action: seg000:0001E705 mov [edi+edi_space.hOutFile], eax seg000:0001E708 push 0 seg000:0001E70A lea ecx, [esp+0] seg000:0001E70D lea eax, [edi+edi_space.pFileData] seg000:0001E713 lea esi, [edi+edi_space.pfnWriteFile] ; pfnFunc seg000:0001E716 push 0 seg000:0001E718 push ecx seg000:0001E719 push [edi+edi_space.sizeOutFile] seg000:0001E71C push eax seg000:0001E71D push [edi+edi_space.hOutFil",
1.0.0,actor--white-company,artifact--sha256:2a61ef7877d22ef7d49b3ed7f4a03506d11a8f4d49b068760a29c7e8ec0d0c26,observation--sha256:645d8e800d8080688f09d70785f27fff109ac6187a8b8c1b99680fa06612be11,file-path,C:\Windows\System32\,C:\Windows\System32\,candidate,,unknown,unknown,not-stated,,source--white-company--9a5333b9a4ad40b4,WhiteCompany/WhiteCompanyOperationShaheenReport.pdf,"{""page"": 67}",[],[],[],[],0,false,medium,TLP:CLEAR,pdf-text,"If a debugger is detected, the entire portion of the shellcode that drops malware is avoided. This behavior is most likely intended to thwart automated analysis of the exploit in products such as FireEye. If no debugger is detected, Stage 2 continues with operations necessary to drop malware. The first part of these operations is to detect antivirus products that are installed on the system. The following code is used to perform this antivirus detection: seg000:0001E4A9 push PAGE_READWRITE ; flP",
1.0.0,actor--white-company,artifact--sha256:1dd6dc3a47fb7ff9a4ce1baa0f42330a6899659c43481953482750bc9103fab3,observation--sha256:4b687be749afc7db1dbf2ecd51e039bbc41906e43d1d32ade9a8eb595cefb9ab,file-path,C:\Windows\System32\drivers”. This checking structure is,C:\Windows\System32\drivers”. This checking structure is,candidate,,unknown,unknown,not-stated,,source--white-company--9a5333b9a4ad40b4,WhiteCompany/WhiteCompanyOperationShaheenReport.pdf,"{""page"": 67}",[],[],[],[],0,false,medium,TLP:CLEAR,pdf-text,"If a debugger is detected, the entire portion of the shellcode that drops malware is avoided. This behavior is most likely intended to thwart automated analysis of the exploit in products such as FireEye. If no debugger is detected, Stage 2 continues with operations necessary to drop malware. The first part of these operations is to detect antivirus products that are installed on the system. The following code is used to perform this antivirus detection: seg000:0001E4A9 push PAGE_READWRITE ; flP",
1.0.0,actor--white-company,artifact--sha256:086a69bd3aa4a1e3be6a93c19bbdc1a671c2c4fd786beecd0ef40f1075cd2166,observation--sha256:69b5b2ffc8f5ddc9b8dc05c2112495aaf778764b48815c815a0cecc6b6572d8e,file-path,C:\\windows\\system32\\drivers\\,C:\\windows\\system32\\drivers\\,candidate,,unknown,unknown,not-stated,,source--white-company--9a5333b9a4ad40b4,WhiteCompany/WhiteCompanyOperationShaheenReport.pdf,"{""page"": 67}",[],[],[],[],0,false,medium,TLP:CLEAR,pdf-text,"If a debugger is detected, the entire portion of the shellcode that drops malware is avoided. This behavior is most likely intended to thwart automated analysis of the exploit in products such as FireEye. If no debugger is detected, Stage 2 continues with operations necessary to drop malware. The first part of these operations is to detect antivirus products that are installed on the system. The following code is used to perform this antivirus detection: seg000:0001E4A9 push PAGE_READWRITE ; flP",
1.0.0,actor--white-company,artifact--sha256:086a69bd3aa4a1e3be6a93c19bbdc1a671c2c4fd786beecd0ef40f1075cd2166,observation--sha256:fa8dbe4e74be8665120e45e01017e7bacc372c4cdce1458fb6dff05eaf9f2405,file-path,C:\\windows\\system32\\drivers\\,C:\\windows\\system32\\drivers\\,candidate,,unknown,unknown,not-stated,,source--white-company--9a5333b9a4ad40b4,WhiteCompany/WhiteCompanyOperationShaheenReport.pdf,"{""page"": 92}",[],[],[],[],0,false,medium,TLP:CLEAR,pdf-text,"ANTI-DEBUG 2 After unXOR-ing the malware dropping portion of the payload, there is more code to perform anti-debugging. The first checks to see if more time elapsed between instructions than normal — a symptom of the code being inspected. The second is a repeat of previous anti- debug checks — ensuring that the operating system debugging flag is not set. There were no variations of this code observed across the sample set. The following exhibit shows the code responsible for these checks: seg000",
1.0.0,actor--white-company,artifact--sha256:086a69bd3aa4a1e3be6a93c19bbdc1a671c2c4fd786beecd0ef40f1075cd2166,observation--sha256:01a662aa9b358edc93c5f876e2548e196c98fde3a226fa9a9972978e598e43fb,file-path,C:\\windows\\system32\\drivers\\,C:\\windows\\system32\\drivers\\,candidate,,unknown,unknown,not-stated,,source--white-company--9a5333b9a4ad40b4,WhiteCompany/WhiteCompanyOperationShaheenReport.pdf,"{""page"": 93}",[],[],[],[],0,false,medium,TLP:CLEAR,pdf-text,"seg000:000003D3 find_installed_av proc near seg000:000003D3 push PAGE_READWRITE ; flProtect seg000:000003D5 push MEM_COMMIT ; flAllocationType seg000:000003DA push 10000h ; dwSize seg000:000003DF push 0 ; lpAddress seg000:000003E1 call [edi+edi_space.pVirtualAlloc] seg000:000003E4 add eax, 0FE00h seg000:000003E9 mov [edi+edi_space.pFakeStack], eax seg000:000003EF lea eax, aCWindowsSystem32D[ebp] ; ""C:\\windows\\system32\\drivers\\"" seg000:000003F5 lea ecx, [edi+edi_space.szSystemDir] seg000:0000",
1.0.0,actor--white-company,artifact--sha256:cdfb24f1a4e40db0436b05a7db106a6e6e388ef61d1a26a7b6629f3933b2748c,observation--sha256:4038c1a36992f316f303617eea729a00a1ba8b63b5dede05838625f136022dc9,file-path,"C:\temp\file.ext”, then the result may","C:\temp\file.ext”, then the result may",candidate,,unknown,unknown,not-stated,,source--white-company--9a5333b9a4ad40b4,WhiteCompany/WhiteCompanyOperationShaheenReport.pdf,"{""page"": 65}",[],[],[],[],0,false,medium,TLP:CLEAR,pdf-text,"This section of the code uses an API, ZwQueryVirtualMemory, with an officially undocumented parameter to get the kernel path to the file. The kernel path differs from a normal path in that the drive letter and colon are replaced with a disk identifier string. As an example, if ZwQueryVirtualMemory called on a file located at “C:\temp\file.ext”, then the result may appear as “\Device\HarddiskVolume1\temp\file.ext”. In order to translate the kernel path to a user path, the code enumerates through ",
1.0.0,actor--white-company,artifact--sha256:dd87af598df383e678febd7d4cdcd8131fa75c5618aa305faef0335a87f7a37f,observation--sha256:611032bf3ae0f04fa3f92546495c5beb2842b0abaa9093ac082c6ac0dc37961f,file-path,C:\windows” before opening the recovery,C:\windows” before opening the recovery,candidate,,unknown,unknown,not-stated,,source--white-company--9a5333b9a4ad40b4,WhiteCompany/WhiteCompanyOperationShaheenReport.pdf,"{""page"": 115}",[],[],[],[],0,false,medium,TLP:CLEAR,pdf-text,d. Removed code to zero out portions of the exploit file that were not overwritten with the payload document. e. Changed code to use an ROP gadget when cleaning up Microsoft Office’s Recovery registry keys and launching the decoy document to evade antivirus. 3. Version 3 a. Added code to set the stack pointer to a legitimate pointer to evade antivirus. b. Modularized antivirus detection by: i. Creating a function that determines if a file exists given a path and a filename. ii. Added a function ,
1.0.0,actor--white-company,artifact--sha256:7774de46aabb0f18cd51233a7e16d340042bc87380db3dabd097285c2a3a6145,observation--sha256:3c9afc59dca3befdbadcfd22199e5cad5e67d27786fd17cee5efcd5898cd4e24,registry-key,HKCU\Software\Microsoft\Office\12.0\Word\Resiliency,HKCU\Software\Microsoft\Office\12.0\Word\Resiliency,candidate,,unknown,unknown,not-stated,,source--white-company--9a5333b9a4ad40b4,WhiteCompany/WhiteCompanyOperationShaheenReport.pdf,"{""page"": 73}",[],[],[],[],0,false,medium,TLP:CLEAR,pdf-text,"The code above simply sets the file pointer to the beginning of the RTF exploit file, writes the decoy document into the file, and finally closes the handle. Ultimately, this makes it so that the exploit file is no longer on the system. Once the RTF exploit file has been overwritten with the decoy document, Stage 2 begins to clean up the system by erasing the Microsoft Word recovery entries as shown in the following code: seg000:0001E7D0 push 'F/' ; /F seg000:0001E7D5 push ' ""yc' ; cy"" seg000:00",
1.0.0,actor--white-company,artifact--sha256:f6392a817b1d6a40214e05555f685e3a87e5c5c299a6802c0987f20626e954e3,observation--sha256:199d747f25bb38c7ba83a73bb43ae923467494736349f306e471a96f878b2231,registry-key,HKCU\Software\Microsoft\Windows NT\CurrentVersion\Winlogon\Shell,HKCU\Software\Microsoft\Windows NT\CurrentVersion\Winlogon\Shell,candidate,,unknown,unknown,not-stated,,source--white-company--9a5333b9a4ad40b4,WhiteCompany/WhiteCompanyOperationShaheenReport.pdf,"{""page"": 132}",[],[],[],[],0,false,medium,TLP:CLEAR,pdf-text,"payload is embedded, “JipRFYBGHyRXRG” is the name of the resource item, and the third argument “gEWArk” is the XOR key used to decode the bytes extracted out of the resource bitmap. Once this stub was extracted, it was mapped into memory using the System.Reflection. Assembly::Load command then the Entrypoint is called via the Invoke function. The stub contained a number of conditional environmental and software checks before executing properly. In this case, none of the anti-analysis/anti-sandbo",
1.0.0,actor--white-company,artifact--sha256:f5081530ed07b14eb4239fe914b6a69232b8de1710496662d57ad4a6c9e47fa1,observation--sha256:144a480a85e1bd7515ea6b8c63337c6940945e02820bdbcc8c59f8d46a07cabe,sample-string,; CODE XREF: drop_malware+4Ej,CODE XREF: drop_malware+4Ej,candidate,,unknown,unknown,not-stated,,source--white-company--9a5333b9a4ad40b4,WhiteCompany/WhiteCompanyOperationShaheenReport.pdf,"{""page"": 96}",[],[],[],[],0,false,medium,TLP:CLEAR,pdf-text,"seg000:00000219 drop_malware proc near seg000:00000219 seg000:00000219 var_4 = byte ptr -4 seg000:00000219 seg000:00000219 lea esi, [edi+edi_space.szPathMalware] seg000:0000021F push esi ; lpBuffer seg000:00000220 push 60h ; nBufferLength seg000:00000222 call [edi+edi_space.pGetTempPathA] seg000:00000225 xor eax, eax seg000:00000227 seg000:00000227 next_path_char: ; CODE XREF: drop_malware+17j seg000:00000227 inc eax seg000:00000228 cmp [edi+eax+edi_space.szPathMalware], 0 seg000:00000230 jnz sh",
1.0.0,actor--white-company,artifact--sha256:b3793e2b55ba4c43efb19982a4c70f70389438becafd5ad6a1523c53d4bf7510,observation--sha256:66073f0853f22d056850c87520235a26f0fa2da73f48181e94b11f04bb933672,sample-string,; CODE XREF: drop_malware+4Fj,CODE XREF: drop_malware+4Fj,candidate,,unknown,unknown,not-stated,,source--white-company--9a5333b9a4ad40b4,WhiteCompany/WhiteCompanyOperationShaheenReport.pdf,"{""page"": 99}",[],[],[],[],0,false,medium,TLP:CLEAR,pdf-text,"seg000:00000555 drop_malware proc near seg000:00000555 seg000:00000555 var_54 = byte ptr -54h seg000:00000555 seg000:00000555 lea esi, [edi+edi_space.szTempPath] seg000:0000055B push esi ; lpBuffer seg000:0000055C push 60h ; nBufferLength seg000:0000055E call [edi+edi_space.pGetTempPathA] seg000:00000561 xor eax, eax seg000:00000563 seg000:00000563 next_path_char: ; CODE XREF: drop_malware+17j seg000:00000563 inc eax seg000:00000564 cmp [edi+eax+edi_space.szTempPath], 0 seg000:0000056C jnz short",
1.0.0,actor--white-company,artifact--sha256:9a4b10c91271ec93474627549159b5e4ee4d97e91b7aacd46d7c6527f1643350,observation--sha256:bab1ebcc423318c11a76e7715c38a3cb47918b0e24bd998dce0943ae299ae81e,sample-string,; CODE XREF: drop_malware+50j,CODE XREF: drop_malware+50j,candidate,,unknown,unknown,not-stated,,source--white-company--9a5333b9a4ad40b4,WhiteCompany/WhiteCompanyOperationShaheenReport.pdf,"{""page"": 97}",[],[],[],[],0,false,medium,TLP:CLEAR,pdf-text,"seg000:000002E1 mov esp, large fs:0 seg000:000002E8 lea eax, aOffice_antivir[ebp] ; ""office_antivirus.dll"" seg000:000002EE push eax ; lpFileName seg000:000002EF call [edi+edi_space.pLoadLibraryA] seg000:000002F2 cmp eax, 0 seg000:000002F5 jz short no_antivirus seg000:000002F7 mov ecx, [edi+edi_space.pszTempPath] seg000:000002FA jmp short run_command seg000:000002FC ; --------------------------------------------------------------------------- seg000:000002FC seg000:000002FC no_antivirus: ; CODE X",
1.0.0,actor--white-company,artifact--sha256:470b624311f7e35162ab84d76977d6d9c4abd71c9e431fb18aabc276b204b063,observation--sha256:25d5496f7ef6b500e951fd73f3f62b1b9eb232cf7c90303273470a524ed2caca,sample-string,; CODE XREF: drop_malware+59j,CODE XREF: drop_malware+59j,candidate,,unknown,unknown,not-stated,,source--white-company--9a5333b9a4ad40b4,WhiteCompany/WhiteCompanyOperationShaheenReport.pdf,"{""page"": 95}",[],[],[],[],0,false,medium,TLP:CLEAR,pdf-text,"seg000:00000219 drop_malware proc near seg000:00000219 seg000:00000219 var_28 = byte ptr -28h seg000:00000219 seg000:00000219 lea esi, [edi+edi_space.szPathMalware] seg000:0000021F push esi ; lpBuffer seg000:00000220 push 60h ; nBufferLength seg000:00000222 call [edi+edi_space.pGetTempPathA] seg000:00000225 xor eax, eax seg000:00000227 seg000:00000227 next_path_char: ; CODE XREF: drop_malware+17j seg000:00000227 inc eax seg000:00000228 cmp [edi+eax+edi_space.szPathMalware], 0 seg000:00000230 jnz",
1.0.0,actor--white-company,artifact--sha256:c0f5e81864f0a83990830b53867ba810663f786d1643099f08b5af66d19f5715,observation--sha256:bb6c291731019edcb4a674e43885ca768620c19cd0c4c4537e1b5cc398cf0a65,sample-string,"“you are very Naughty ! You shouldn’t analyze my plugins!,",“you are very Naughty ! You shouldn’t analyze my plugins!,candidate,2015-03-01T00:00:00Z,month,known,same-record,,source--white-company--9a5333b9a4ad40b4,WhiteCompany/WhiteCompanyOperationShaheenReport.pdf,"{""page"": 133}",[],[],[],[],0,false,medium,TLP:CLEAR,pdf-text,"Funny enough, the default precompiled plugins also included a variable called Naughty which contained the following string: “you are very Naughty ! You shouldn’t analyze my plugins!, now go brush your teeth and go to bed!” ADDITIONAL OBFUSCATION METHODS The White Company employed a number of different obfuscation methods over time to obscure their Revenge-RAT payloads, including four different .NET packers and one Delphi packer. In addition to the one described above, a second .NET loader was us",
