schema_version,actor_ref,artifact_id,observation_id,artifact_type,value,normalized_value,disposition,observed_at,observed_at_precision,observed_at_status,observed_at_basis,source_published_at,source_id,source_path,source_location,campaign_refs,malware_refs,infrastructure_refs,roles,campaign_count,seen_in_multiple_campaigns,confidence,tlp,extraction_method,context_excerpt,analyst_notes
1.0.0,actor--blackbyte,artifact--sha256:de931c8987cdf54abd84cb15e9e500810f8253c716726750e98f52258848d1ae,observation--sha256:85418668a44c678fe44465f5680ef1c3b264b723231e1cbca0de5985c4ddb7e0,command,"International Strategic/Russia/WhisperGate/aa24-249a-russian-military-cyber-actors-target-us-and-global-critical-infrastructure.pdf {""page"": 17} quantum , and suspicious PowerShell commands for timely identification and remediation.  Identify any use of outdated or weak encryption, update these to sufficiently strong algorithms, and consider the implications of post-quantum cryptography (CISA CPG 2.K). Use properly configured and up-to-date Secure Socket Layer (SSL)/Transport Layer Security (TLS) to protect data in transit. Security Controls In addition to applying mitigations, the auth","International Strategic/Russia/WhisperGate/aa24-249a-russian-military-cyber-actors-target-us-and-global-critical-infrastructure.pdf {""page"": 17} quantum , and suspicious PowerShell commands for timely identification and remediation.  Identify any use of outdated or weak encryption, update these to sufficiently strong algorithms, and consider the implications of post-quantum cryptography (CISA CPG 2.K). Use properly configured and up-to-date Secure Socket Layer (SSL)/Transport Layer Security (TLS) to protect data in transit. Security Controls In addition to applying mitigations, the auth",candidate,,unknown,unknown,not-stated,,source--blackbyte--43ae5f2d8c1ec50a,actor_profile/evidence/blackbyte.csv,"{""row"": 52}",[],[],[],[],0,false,medium,TLP:CLEAR,csv-row,"International Strategic/Russia/WhisperGate/aa24-249a-russian-military-cyber-actors-target-us-and-global-critical-infrastructure.pdf {""page"": 17} quantum , and suspicious PowerShell commands for timely identification and remediation.  Identify any use of outdated or weak encryption, update these to sufficiently strong algorithms, and consider the implications of post-quantum cryptography (CISA CPG 2.K). Use properly configured and up-to-date Secure Socket Layer (SSL)/Transport Layer Security (TL",
1.0.0,actor--blackbyte,artifact--sha256:ee97ee0d1362847e7487d4bd862172b127a726c94c4cd4b9183d9c10f5d168f6,observation--sha256:32d0c003f44d22792feb154c391e49dc4f1f26b75dc0a41e05f33a69d850fd8d,command,"summary/2023/RedReport2023-Picus.pdf {""page"": 112} BlackByte $ share of a remote system in October 2022. Then, Impacket is utilized to execute the payload by creating a Scheduled Task or remotely executing an encoded PowerShell command on target systems [111]. In February 2022, BlackByte ransomware created SMB shares to distribute AnyDesk, a remote desktop application, to other assets in the victim's network using Cobalt Strike [2]. As an example from April 2022, the BumbleBee malware loader used by t","summary/2023/RedReport2023-Picus.pdf {""page"": 112} BlackByte $ share of a remote system in October 2022. Then, Impacket is utilized to execute the payload by creating a Scheduled Task or remotely executing an encoded PowerShell command on target systems [111]. In February 2022, BlackByte ransomware created SMB shares to distribute AnyDesk, a remote desktop application, to other assets in the victim's network using Cobalt Strike [2]. As an example from April 2022, the BumbleBee malware loader used by t",candidate,,unknown,unknown,not-stated,,source--blackbyte--43ae5f2d8c1ec50a,actor_profile/evidence/blackbyte.csv,"{""row"": 538}",[],[],[],[],0,false,medium,TLP:CLEAR,csv-row,"summary/2023/RedReport2023-Picus.pdf {""page"": 112} BlackByte $ share of a remote system in October 2022. Then, Impacket is utilized to execute the payload by creating a Scheduled Task or remotely executing an encoded PowerShell command on target systems [111]. In February 2022, BlackByte ransomware created SMB shares to distribute AnyDesk, a remote desktop application, to other assets in the victim's network using Cobalt Strike [2]. As an example from April 2022, the BumbleBee malware loader use",
1.0.0,actor--blackbyte,artifact--sha256:a823e88241652d6d7e6aac9e28e786bc50a381d59a0486bb130a59f3ae4d2394,observation--sha256:fa5b0b59408d1b90e98d2316d9870bc80e4d2660029f5b8d07adf237f9119cbc,command,"summary/2023/RedReport2023-Picus.pdf {""page"": 125} Conti ername> /password:<password> process call create cmd.exe /c ""<command>"" powershell -c Invoke-WMIMethod -class Win32_Process -Name Create -ArgumentList ""cmd /c <command>"" -ComputerName <remote_host's_name> For example, Conti ransomware deploys a Cobalt Strike beacon using WMI and rundll32 in a remote host using the following command. After deployment, adversaries established an RDP session with the remote host [124]. wmic /node:<remote_ho","summary/2023/RedReport2023-Picus.pdf {""page"": 125} Conti ername> /password:<password> process call create cmd.exe /c ""<command>"" powershell -c Invoke-WMIMethod -class Win32_Process -Name Create -ArgumentList ""cmd /c <command>"" -ComputerName <remote_host's_name> For example, Conti ransomware deploys a Cobalt Strike beacon using WMI and rundll32 in a remote host using the following command. After deployment, adversaries established an RDP session with the remote host [124]. wmic /node:<remote_ho",candidate,,unknown,unknown,not-stated,,source--blackbyte--43ae5f2d8c1ec50a,actor_profile/evidence/blackbyte.csv,"{""row"": 540}",[],[],[],[],0,false,medium,TLP:CLEAR,csv-row,"summary/2023/RedReport2023-Picus.pdf {""page"": 125} Conti ername> /password:<password> process call create cmd.exe /c ""<command>"" powershell -c Invoke-WMIMethod -class Win32_Process -Name Create -ArgumentList ""cmd /c <command>"" -ComputerName <remote_host's_name> For example, Conti ransomware deploys a Cobalt Strike beacon using WMI and rundll32 in a remote host using the following command. After deployment, adversaries established an RDP session with the remote host [124]. wmic /node:<remote_ho",
1.0.0,actor--blackbyte,artifact--sha256:94b1f6e47f0eae75263bdc0741ed9bef6a35485f6b472707430964af4e5d4ded,observation--sha256:13fb186e4dd23077e2184c675319726f522443b0ae023e0f54fce0297df3b25e,command,"summary/2023/RedReport2023-Picus.pdf {""page"": 18} BlackByte use PowerShell to delete or remove sensitive data from the operating system and disable services that help recover a damaged system, hindering recovery efforts. For instance, the following command is executed by the BlackByte ransomware. 18 powershell.exe $x = [System.Text.Encoding]::Unicode.GetString([System.Convert]::FromBase 64String('RwBlA HQALQBXAG0AaQBPAGIAagBlAGMAdAAg'+'AFcAaQBuADMAMgBfAFMAaABhAGQAb wB3AGMAbwBwAHkAIAB8AC'+'AARgBvAH","summary/2023/RedReport2023-Picus.pdf {""page"": 18} BlackByte use PowerShell to delete or remove sensitive data from the operating system and disable services that help recover a damaged system, hindering recovery efforts. For instance, the following command is executed by the BlackByte ransomware. 18 powershell.exe $x = [System.Text.Encoding]::Unicode.GetString([System.Convert]::FromBase 64String('RwBlA HQALQBXAG0AaQBPAGIAagBlAGMAdAAg'+'AFcAaQBuADMAMgBfAFMAaABhAGQAb wB3AGMAbwBwAHkAIAB8AC'+'AARgBvAH",candidate,,unknown,unknown,not-stated,,source--blackbyte--43ae5f2d8c1ec50a,actor_profile/evidence/blackbyte.csv,"{""row"": 541}",[],[],[],[],0,false,medium,TLP:CLEAR,csv-row,"summary/2023/RedReport2023-Picus.pdf {""page"": 18} BlackByte use PowerShell to delete or remove sensitive data from the operating system and disable services that help recover a damaged system, hindering recovery efforts. For instance, the following command is executed by the BlackByte ransomware. 18 powershell.exe $x = [System.Text.Encoding]::Unicode.GetString([System.Convert]::FromBase 64String('RwBlA HQALQBXAG0AaQBPAGIAagBlAGMAdAAg'+'AFcAaQBuADMAMgBfAFMAaABhAGQAb wB3AGMAbwBwAHkAIAB8AC'+'AARgBv",
1.0.0,actor--blackbyte,artifact--sha256:fb65241c2ea6ef9cd84cfebfe405d92f9698b318b3bca61882b06392dfb4b30a,observation--sha256:d86ac4a62c5da53ddc3660a074af5e2bcda7f0e77541cf965e8bab0b886cf473,command,"summary/2023/RedReport2023-Picus.pdf {""page"": 19} BlackByte t to add the path C:\drive to the exclusion list for Microsoft Defender to download malicious files without getting caught by virus scans. As another implementation of the Impair Defenses technique, in February 2022, BlackByte ransomware actors ran the following PowerShell command to stop Windows Defender from executing on startup [2]. In this command, adversaries leveraged the Get-WmiObject cmdlet to retrieve the Win32_Shadowcopy class. Th","summary/2023/RedReport2023-Picus.pdf {""page"": 19} BlackByte t to add the path C:\drive to the exclusion list for Microsoft Defender to download malicious files without getting caught by virus scans. As another implementation of the Impair Defenses technique, in February 2022, BlackByte ransomware actors ran the following PowerShell command to stop Windows Defender from executing on startup [2]. In this command, adversaries leveraged the Get-WmiObject cmdlet to retrieve the Win32_Shadowcopy class. Th",candidate,,unknown,unknown,not-stated,,source--blackbyte--43ae5f2d8c1ec50a,actor_profile/evidence/blackbyte.csv,"{""row"": 542}",[],[],[],[],0,false,medium,TLP:CLEAR,csv-row,"summary/2023/RedReport2023-Picus.pdf {""page"": 19} BlackByte t to add the path C:\drive to the exclusion list for Microsoft Defender to download malicious files without getting caught by virus scans. As another implementation of the Impair Defenses technique, in February 2022, BlackByte ransomware actors ran the following PowerShell command to stop Windows Defender from executing on startup [2]. In this command, adversaries leveraged the Get-WmiObject cmdlet to retrieve the Win32_Shadowcopy class",
1.0.0,actor--blackbyte,artifact--sha256:7cf539803cc9b04db9d16f444acaf4cbf13a6982ded646797399f77c0dffb498,observation--sha256:becfdbe8466588db9b2b7807a41b16b712c034f174f53a8b8f9ccf1075856e98,file-name,003.pdf,003.pdf,candidate,,unknown,unknown,not-stated,,source--blackbyte--43ae5f2d8c1ec50a,actor_profile/evidence/blackbyte.csv,"{""row"": 746}",[],[],[],[],0,false,medium,TLP:CLEAR,csv-row,"summary/UNREDACTEDMagazine/003.pdf {""page"": 53} Royal ton account, but the only remaining options are to use regulated means (online that requires Know Your Customer identification checks) or to find people willing to trade in person for cash. Post office (mail) box – Royal Mail PO Box service allows people to have mail collected at their local delivery office or forwarded to their home address. Prices are around £300-£400 per year. Travelcards – Transport for London operates buses an",
1.0.0,actor--blackbyte,artifact--sha256:3c43bfcab7ce185ae39b68baf82fa98bdbb31bc20b0bff7b67a128b3f64b68cd,observation--sha256:0833b80e3edb78c7e90183b060e463cb9b95d477730dde759364a9610e833d91,file-name,004.pdf,004.pdf,candidate,,unknown,unknown,not-stated,,source--blackbyte--43ae5f2d8c1ec50a,actor_profile/evidence/blackbyte.csv,"{""row"": 747}",[],[],[],[],0,false,medium,TLP:CLEAR,csv-row,"summary/UNREDACTEDMagazine/004.pdf {""page"": 3} Quantum places 44 How (not) to Fly Anonymously 46 More Android Sanitization 48 Using a Travel Router for Privacy on Public Wi-Fi 49 Is Revolut a viable alternative for people outside of the USA? 50 Encryption in the Age of Quantum Computing 52 Reader Q&A 55 Updates 56 Letters 58 Privacy-themed Puzzles 59 Chuckles 60 Final Thoughts 60 Affiliate links",
1.0.0,actor--blackbyte,artifact--sha256:3c43bfcab7ce185ae39b68baf82fa98bdbb31bc20b0bff7b67a128b3f64b68cd,observation--sha256:70594cdd29c97ab1a2a8f48832bdea1bb439efae02667491ba7f25d161afb9b2,file-name,004.pdf,004.pdf,candidate,,unknown,unknown,not-stated,,source--blackbyte--43ae5f2d8c1ec50a,actor_profile/evidence/blackbyte.csv,"{""row"": 748}",[],[],[],[],0,false,medium,TLP:CLEAR,csv-row,"summary/UNREDACTEDMagazine/004.pdf {""page"": 50} QUANTUM ENCRYPTION IN THE AGE OF QUANTUM COMPUTING By Jessie Misico Encryption plays a key role in keeping our personal data protected. Without it, our bank accounts, cloud storage, messages, and other sensitive parts of our digital lives would be freely",
1.0.0,actor--blackbyte,artifact--sha256:3c43bfcab7ce185ae39b68baf82fa98bdbb31bc20b0bff7b67a128b3f64b68cd,observation--sha256:f65f2fb1be758df2da9697ca07585c1d99d2d22d998bc2163459e2c26ea9fbd0,file-name,004.pdf,004.pdf,candidate,,unknown,unknown,not-stated,,source--blackbyte--43ae5f2d8c1ec50a,actor_profile/evidence/blackbyte.csv,"{""row"": 749}",[],[],[],[],0,false,medium,TLP:CLEAR,csv-row,"summary/UNREDACTEDMagazine/004.pdf {""page"": 50} quantum kes to brute force their way in. That’s right, encryption is completely breakable. It’s basically a series of math problems designed to take a very long time for a computer to solve without the right key. However, quantum computers run on a fundamentally different technology. By harnessing quantum principles, these machines can solve calculations 150 million times faster than a supercomputer. A password that would’ve taken a super",
1.0.0,actor--blackbyte,artifact--sha256:3c43bfcab7ce185ae39b68baf82fa98bdbb31bc20b0bff7b67a128b3f64b68cd,observation--sha256:5063eb7a27695878fd946034808274beee5382bc4fbc396cfa48e043365a7ce5,file-name,004.pdf,004.pdf,candidate,,unknown,unknown,not-stated,,source--blackbyte--43ae5f2d8c1ec50a,actor_profile/evidence/blackbyte.csv,"{""row"": 750}",[],[],[],[],0,false,medium,TLP:CLEAR,csv-row,"summary/UNREDACTEDMagazine/004.pdf {""page"": 50} quantum able. It’s basically a series of math problems designed to take a very long time for a computer to solve without the right key. However, quantum computers run on a fundamentally different technology. By harnessing quantum principles, these machines can solve calculations 150 million times faster than a supercomputer. A password that would’ve taken a supercomputer thousands of years to crack could be deciphered in hours. So what hap",
1.0.0,actor--blackbyte,artifact--sha256:3c43bfcab7ce185ae39b68baf82fa98bdbb31bc20b0bff7b67a128b3f64b68cd,observation--sha256:81be1590d4ec1185ce6dfc6ad2904604d448ec8fa067deffaa2c6d751fbc5ffc,file-name,004.pdf,004.pdf,candidate,,unknown,unknown,not-stated,,source--blackbyte--43ae5f2d8c1ec50a,actor_profile/evidence/blackbyte.csv,"{""row"": 751}",[],[],[],[],0,false,medium,TLP:CLEAR,csv-row,"summary/UNREDACTEDMagazine/004.pdf {""page"": 50} quantum be deciphered in hours. So what happens when such a critical element of our security infrastructure is rendered completely obsolete? The good news is the situation is a lot less bleak than it sounds. For starters, quantum computers have a long way to go before they become commercially available. The mechanics of this technology is highly sensitive and must be run in a controlled lab environment. We have plenty of time to prepare, an",
1.0.0,actor--blackbyte,artifact--sha256:19b3a169ddb64e6d6a2bb5989d0b9c958e02fe4ac0f3a64aed4475458ffaaf1f,observation--sha256:c86b9036408e673f2c6b5d979460a8e6522e36a17d758ac48981ff9cf8dc3b09,file-name,1.pdf,1.pdf,candidate,,unknown,unknown,not-stated,,source--blackbyte--43ae5f2d8c1ec50a,actor_profile/evidence/blackbyte.csv,"{""row"": 559}",[],[],[],[],0,false,medium,TLP:CLEAR,csv-row,"summary/2024/2024-Cloud-Security-Report-CheckPoint Final 1.pdf {""page"": 19} Quantum and smarter, faster response times. The comprehensive platform includes cloud-delivered technologies consisting of Check Point Harmony to secure the workspace, Check Point CloudGuard to secure the cloud, Check Point Quantum to secure the network, and Check Point Infinity Core Services for collaborative security operations and services. www.checkpoint.com",
1.0.0,actor--blackbyte,artifact--sha256:59312a3bf703f546682b3a791a227f99a9ca4b1b4e43ab835c76ffdb3fa56252,observation--sha256:b6322671d5baa3f7554114cfbd4f0da9bc0b0b38e2cbe5716d5cddbe3d18aba5,file-name,2.pdf,2.pdf,candidate,,unknown,unknown,not-stated,,source--blackbyte--43ae5f2d8c1ec50a,actor_profile/evidence/blackbyte.csv,"{""row"": 675}",[],[],[],[],0,false,medium,TLP:CLEAR,csv-row,"summary/2025/Cyber Threat Intelligence Report 2025 2.pdf {""page"": 13} Conti 13 2025 Cyber Threat Intelligence Report Conti, a now defunct but influential ransomware operation, had former members who were discovered attempting to acquire licenses for Brute Ratel using fake company profiles. Additionally, the BlackSuit ransomware group ha",
1.0.0,actor--blackbyte,artifact--sha256:59312a3bf703f546682b3a791a227f99a9ca4b1b4e43ab835c76ffdb3fa56252,observation--sha256:ff0295515d185e2cda4d634fee19ee6eefbdfb70c59a94ed039ed31eb3e878fb,file-name,2.pdf,2.pdf,candidate,,unknown,unknown,not-stated,,source--blackbyte--43ae5f2d8c1ec50a,actor_profile/evidence/blackbyte.csv,"{""row"": 676}",[],[],[],[],0,false,medium,TLP:CLEAR,csv-row,"summary/2025/Cyber Threat Intelligence Report 2025 2.pdf {""page"": 45} BlackByte n and disable Endpoint Detection and Response (EDR) capabilities. They have in particularly become a trend in ransomware operations such as Ransomhub, AvosLocker, BlackCat, LockBit, Royal Ransomware, Meduza Stealer, BlackByte, and Circada3301, with EDRKillers becoming more available through the RaaS ecosystem. EDRKillers achieve their goals by exploiting vulnerable drivers, manipulating Windows Filtering Platform (WF",
1.0.0,actor--blackbyte,artifact--sha256:59312a3bf703f546682b3a791a227f99a9ca4b1b4e43ab835c76ffdb3fa56252,observation--sha256:66c0204435e398d8d5ce7255bf2d87a7ff47896fd973228d7989c5d49125a4a0,file-name,2.pdf,2.pdf,candidate,,unknown,unknown,not-stated,,source--blackbyte--43ae5f2d8c1ec50a,actor_profile/evidence/blackbyte.csv,"{""row"": 677}",[],[],[],[],0,false,medium,TLP:CLEAR,csv-row,"summary/2025/Cyber Threat Intelligence Report 2025 2.pdf {""page"": 45} BlackByte Virus Sniffer, and PowerTool, alongside ALPHV ransomware employing POORTRY and STONESTOP to terminate security processes. By April, Masscan Ransomware was observed using HRSword. May marked a significant shift, with BlackByte ransomware operators loading a bespoke vulnerable driver —RtCore64.sys— during intrusions. This exemplified the broader Bring-Your-Own-Vulnerable- Driver (BYOVD) technique, a Living-Off-The-Land",
1.0.0,actor--blackbyte,artifact--sha256:59312a3bf703f546682b3a791a227f99a9ca4b1b4e43ab835c76ffdb3fa56252,observation--sha256:e4382a2398dbd798d858071cd26c479941ff011943d9026d636eb44d36ab956d,file-name,2.pdf,2.pdf,candidate,,unknown,unknown,not-stated,,source--blackbyte--43ae5f2d8c1ec50a,actor_profile/evidence/blackbyte.csv,"{""row"": 678}",[],[],[],[],0,false,medium,TLP:CLEAR,csv-row,"summary/2025/Cyber Threat Intelligence Report 2025 2.pdf {""page"": 45} Royal tools that aim to subvert detection and disable Endpoint Detection and Response (EDR) capabilities. They have in particularly become a trend in ransomware operations such as Ransomhub, AvosLocker, BlackCat, LockBit, Royal Ransomware, Meduza Stealer, BlackByte, and Circada3301, with EDRKillers becoming more available through the RaaS ecosystem. EDRKillers achieve their goals by exploiting vulnerable drivers, manipulating ",
1.0.0,actor--blackbyte,artifact--sha256:59312a3bf703f546682b3a791a227f99a9ca4b1b4e43ab835c76ffdb3fa56252,observation--sha256:6dae8092b1940ecebb5a00d4126e866628c4f3b6f2bafb146c9ee9d52bfdc265,file-name,2.pdf,2.pdf,candidate,,unknown,unknown,not-stated,,source--blackbyte--43ae5f2d8c1ec50a,actor_profile/evidence/blackbyte.csv,"{""row"": 679}",[],[],[],[],0,false,medium,TLP:CLEAR,csv-row,"summary/2025/Cyber Threat Intelligence Report 2025 2.pdf {""page"": 45} Royal rs. July witnessed FIN7 marketing their AVNeutralizer (AuKill) tool on dark web forums, capable of inducing Denial-of-Service conditions that impeded vital EDR process calls. Notably, AvosLocker, BlackCat, LockBit, Royal Ransomware, Meduza Stealer, and BlackByte have all employed AVNeutralizer. August saw the emergence of Ransomhub’s EDRKillShifter, designed to deliver configurable vulnerable drivers. September saw Cicad",
1.0.0,actor--blackbyte,artifact--sha256:aa073399681a6a0e5450330ccf8c8701895150d2d00db6fa7ef4b73b236d9e11,observation--sha256:e98e9bcb485bd637015b4a9b21e1b42e59a9f97d197e07e39194e611f369d271,file-name,200407-MWB-COVID-White-Paper_Final.pdf,200407-MWB-COVID-White-Paper_Final.pdf,candidate,,unknown,unknown,not-stated,,source--blackbyte--43ae5f2d8c1ec50a,actor_profile/evidence/blackbyte.csv,"{""row"": 23}",[],[],[],[],0,false,medium,TLP:CLEAR,csv-row,"COVID/200407-MWB-COVID-White-Paper_Final.pdf {""page"": 20} Royal w campaign, called Vicious Panada, Calypso Group has targeted the Mongolian public sector by sending malicious RTF files to victims disguised as COVID-19 related documents20. The RTF file has been weaponized with the Royal Road RTF weaponization tool. The tool is known to be used by several Chinese actors and has the capability to embed objects within RTF files that exploit vulnerabilities related to Microsoft Equation Editor. (CVE-",
1.0.0,actor--blackbyte,artifact--sha256:aa073399681a6a0e5450330ccf8c8701895150d2d00db6fa7ef4b73b236d9e11,observation--sha256:cdf1e97b87aeebed1af5ebf02d15c999e0d56c14b0584f7a1f9b561a3a534c66,file-name,200407-MWB-COVID-White-Paper_Final.pdf,200407-MWB-COVID-White-Paper_Final.pdf,candidate,,unknown,unknown,not-stated,,source--blackbyte--43ae5f2d8c1ec50a,actor_profile/evidence/blackbyte.csv,"{""row"": 24}",[],[],[],[],0,false,medium,TLP:CLEAR,csv-row,"COVID/200407-MWB-COVID-White-Paper_Final.pdf {""page"": 21} Royal 21 APTs and COVID-19: How advanced persistent threats use the coronavirus as a lure Chinese actor (Winnti) Another Chinese threat actor that used the Royal Road weaponization framework with a COVID-19 theme recently dropped a backdoor variant named Chinoxy by exploiting the equation editor vulnerability22, 23. Some evidence suggests that Winnti is the actor behind this",
1.0.0,actor--blackbyte,artifact--sha256:aa073399681a6a0e5450330ccf8c8701895150d2d00db6fa7ef4b73b236d9e11,observation--sha256:fd0ec03f1c88af44c9ecc6a53dcfa1a847702445d794694235a230ca2ce2a24c,file-name,200407-MWB-COVID-White-Paper_Final.pdf,200407-MWB-COVID-White-Paper_Final.pdf,candidate,2020-01-01T00:00:00Z,month,known,same-record,,source--blackbyte--43ae5f2d8c1ec50a,actor_profile/evidence/blackbyte.csv,"{""row"": 25}",[],[],[],[],0,false,medium,TLP:CLEAR,csv-row,"COVID/200407-MWB-COVID-White-Paper_Final.pdf {""page"": 24} royal ad.fkie.fraunhofer.de/actor/calypso_ group. 20. [Online]. Available: https://research.checkpoint.com/2020/vicious-panda-the- covid-campaign/. 21. [Online]. Available: https://nao-sec.org/2020/01/an-overhead-view-of-the- royal-road.html. 22. [Online]. Available: https://malpedia.caad.fkie.fraunhofer.de/details/win. chinoxy. 23. [Online]. Available: https://medium.com/@Sebdraven/new-version-of-chinoxy- backdoor-using-covid19-document-",
1.0.0,actor--blackbyte,artifact--sha256:6ef1657b372fe0d095659e034f2694dfe4b221b630e2674b2f1ef004b5527cc4,observation--sha256:0cec29bf3333c98d9775dbc4fd5084cc30aed8f1807e49ecf0d65b38e67f6f4b,file-name,2021-360.pdf,2021-360.pdf,candidate,,unknown,unknown,not-stated,,source--blackbyte--43ae5f2d8c1ec50a,actor_profile/evidence/blackbyte.csv,"{""row"": 405}",[],[],[],[],0,false,medium,TLP:CLEAR,csv-row,"summary/2021/Global APT Research Report for the first half of 2021-360.pdf {""page"": 42} Conti 1年上半年， 勒索病毒攻击问题也进入 一个新的纪元， 针对关键基础设施的攻击事件不断， 开始呈现常 态化迹象， 有组织网络犯罪与国家级黑客组织的加入， 使得一般机构面对勒索攻击无力招架， 国家背景的 Agrius 使用带勒索功能的 Apostle 对以色列目标进行破坏 41 。根 据Cybereason 的 报 告 显 示 ，支 付 赎 金 的组织有八成会再次遭到攻击， 大约半数为相同的攻击者。 从DarkSide 攻击美国石油管网到 Conti 入侵 爱尔兰卫生部门， 勒索病毒的攻击目标已经从 个 人电脑、 服务器， 到目前对医院、 学校、 政府机构和基础设 施实施攻击， 其影响力已经大大超越以往。 这些勒索病毒攻击已与既往的国家级 APT的攻击过程毫无差 别 ，攻 击 过 程APT化已经成为一个趋势。 上 半 年 的 勒 索 攻 击 事 件 ，也 再 次 印 证 了《2020年 全 球 高 级 持",
1.0.0,actor--blackbyte,artifact--sha256:6ef1657b372fe0d095659e034f2694dfe4b221b630e2674b2f1ef004b5527cc4,observation--sha256:a8e11ae97eaa872bdb427868de7b96bdd3186e399ce817009f731b6724fdb6a9,file-name,2021-360.pdf,2021-360.pdf,candidate,,unknown,unknown,not-stated,,source--blackbyte--43ae5f2d8c1ec50a,actor_profile/evidence/blackbyte.csv,"{""row"": 406}",[],[],[],[],0,false,medium,TLP:CLEAR,csv-row,"summary/2021/Global APT Research Report for the first half of 2021-360.pdf {""page"": 43} Conti 043 RESEARCH REPORT 01.勒索病毒威胁成为全球共同挑战， 勒索威胁事关国家安全 在经历美国最大燃油管道运营商 Colonial Pipeline 遭黑客攻击以及网络犯罪分子造成的损害日益严重 之后， 美国司法部门正在将勒索软件攻击的调查提升到与恐怖主义类似的优先地位。 而勒索病毒攻击问题， 也不单单是某个国家或地区面对的挑战， 其威胁已成为全球共同挑战。 Conti 入侵爱尔兰卫生部门， 在刚刚 结束不久的七国集团成员国峰会上， 也发表联合声明， 呼吁共同打击勒索软件攻击团伙。 勒索病毒已不单单 是造成经济上的损失， 它已经形成了对国家安全， 公众生命健康安全的挑战。 未来我们面临勒索病毒的挑战 将更加严峻， 勒索病毒威胁的应对需提升到战略高度。 针对关键基础设施部分攻击活动 02.网络威胁超越传统安全威胁， 关键基础设施成为黑客攻击目标 新冠病毒疫情对这个世界， 对大众的生活、 ",
1.0.0,actor--blackbyte,artifact--sha256:6ef1657b372fe0d095659e034f2694dfe4b221b630e2674b2f1ef004b5527cc4,observation--sha256:2c27b659aa3e01ef6cb374ec5bfba194fc122a489f654fa0095a928c60557ca9,file-name,2021-360.pdf,2021-360.pdf,candidate,,unknown,unknown,not-stated,,source--blackbyte--43ae5f2d8c1ec50a,actor_profile/evidence/blackbyte.csv,"{""row"": 407}",[],[],[],[],0,false,medium,TLP:CLEAR,csv-row,"summary/2021/Global APT Research Report for the first half of 2021-360.pdf {""page"": 43} Conti 日 黑客利用 Windows 自带的BitLocker 加密了法国 Chwapi 医院数据 医疗卫生 4月4日 荷兰最大物流服务供应商之 一的Bakker Logistiek遭遇勒 索病毒攻击 物流 5月7日 美国最大燃油运输管道商 “科洛尼尔” （Colonial Pipeline ）公 司 遭 遇 勒 索 软 件 攻 击 能源 5月10日 美国塔尔萨市遭受勒索软件攻击导致在线服务中断 公共服务 5月13日 爱尔兰卫生服务部门遭遇 Conti 勒索软件攻击 医疗卫生 6月2日 渡轮服务马萨诸塞州汽船管理局 (Steamship Authority of Massachusetts) 遭遇勒索攻击 交通",
1.0.0,actor--blackbyte,artifact--sha256:6ef1657b372fe0d095659e034f2694dfe4b221b630e2674b2f1ef004b5527cc4,observation--sha256:9b1aee9e2181d83ffbf57b145ff0fcf2b23086c70174468a2b77f3e64b3bfa11,file-name,2021-360.pdf,2021-360.pdf,candidate,,unknown,unknown,not-stated,,source--blackbyte--43ae5f2d8c1ec50a,actor_profile/evidence/blackbyte.csv,"{""row"": 408}",[],[],[],[],0,false,medium,TLP:CLEAR,csv-row,"summary/2021/Global APT Research Report for the first half of 2021-360.pdf {""page"": 44} Conti 044 RESEARCH REPORT 03.勒索危害加剧， 信息泄露、 双重勒索成主流 传统勒索主要以加密文件、 数据库、 磁盘等方式， 影响信息系统正常运作， 迫使受害者支付赎金。 而从 2019年11月开始Maze率先尝试通过泄密实施勒索， 经过不到两年的发展， 通过窃取数据进行的双重勒 索已经成为主流， 目前已有34个 流 行 家 族 ，例 如Conti 、Sodinokibi 、DarkSide 等都在以窃取和泄露数 据作为胁迫筹码。 这也更加剧了攻击的危害， 勒索带来的信息泄露也跟加剧了 企业的担忧。 今年上半年， 被曝光的事件中， 超过8成是双重勒索情况， 也就是针对规模较大的企业和机构的勒索攻击， 双重勒索已经成为绝对的主流。 4月， 苹果的代工厂广达遭勒索病毒攻击， 遭黑客团伙窃取大量资料， 在勒 索代工厂失败之后， 黑客转而勒索苹果电脑公司高达 5000 万美元赎金， 如果",
1.0.0,actor--blackbyte,artifact--sha256:672702a0d75a0d05010b6ff7459a0af8129535111cefad218cb2a6a200374532,observation--sha256:06b524474859e9b13cbcd65def2bf41b6a93786d33e17721ca1399a0a5e500f8,file-name,2021-NCC-Group-Annual-Research-Report.pdf,2021-NCC-Group-Annual-Research-Report.pdf,candidate,,unknown,unknown,not-stated,,source--blackbyte--43ae5f2d8c1ec50a,actor_profile/evidence/blackbyte.csv,"{""row"": 429}",[],[],[],[],0,false,medium,TLP:CLEAR,csv-row,"summary/2022/2021-NCC-Group-Annual-Research-Report.pdf {""page"": 11} Quantum serious vulnerabilities, such as leakage of secret keys, signature malleability or interoperability issues. • In November 2021, Frans van Dorsselaer of Fox IT (a part of NCC Group) presented at CWI Symposium on Post- Quantum Cryptography. • Based on the popularity of Eli Sohl’s original February 2021 blog post on the Matasano Cryptopals challenges, in December 2021 he began a blog series in which he offers walkthrough tu",
1.0.0,actor--blackbyte,artifact--sha256:672702a0d75a0d05010b6ff7459a0af8129535111cefad218cb2a6a200374532,observation--sha256:d872b69a711150daab259a813c7155d5d174d512278551055ccc497f9dd1b4c5,file-name,2021-NCC-Group-Annual-Research-Report.pdf,2021-NCC-Group-Annual-Research-Report.pdf,candidate,,unknown,unknown,not-stated,,source--blackbyte--43ae5f2d8c1ec50a,actor_profile/evidence/blackbyte.csv,"{""row"": 430}",[],[],[],[],0,false,medium,TLP:CLEAR,csv-row,"summary/2022/2021-NCC-Group-Annual-Research-Report.pdf {""page"": 11} Quantum sword, only a blinded version of the password computed using a verifiable oblivious pseudorandom function. This report was commissioned by WhatsApp. • In December 2021, Jennifer Fernick presented Financial Post-Quantum Cryptography in Production: A CISO’s Guide for the Financial Services Information Sharing and Analysis Center, FS-ISAC. In this talk, starting from the known fact that most of the public-key cryptography o",
1.0.0,actor--blackbyte,artifact--sha256:672702a0d75a0d05010b6ff7459a0af8129535111cefad218cb2a6a200374532,observation--sha256:ad3a7f0755775d92c5afeef8ff0fb24a354f6fc51814b2a1218cbf29138afc1f,file-name,2021-NCC-Group-Annual-Research-Report.pdf,2021-NCC-Group-Annual-Research-Report.pdf,candidate,,unknown,unknown,not-stated,,source--blackbyte--43ae5f2d8c1ec50a,actor_profile/evidence/blackbyte.csv,"{""row"": 431}",[],[],[],[],0,false,medium,TLP:CLEAR,csv-row,"summary/2022/2021-NCC-Group-Annual-Research-Report.pdf {""page"": 11} quantum de for the Financial Services Information Sharing and Analysis Center, FS-ISAC. In this talk, starting from the known fact that most of the public-key cryptography on the internet will be trivially broken by existing quantum algorithms, she covered strategic applied security topics to address this need for a cryptographic upgrade of the global financial cryptographic infrastructure, including: Financial services use case",
1.0.0,actor--blackbyte,artifact--sha256:672702a0d75a0d05010b6ff7459a0af8129535111cefad218cb2a6a200374532,observation--sha256:8e11cb5cd52d38ccba985330ea212c1b34c59a58fd6561d2e66081b53354c39c,file-name,2021-NCC-Group-Annual-Research-Report.pdf,2021-NCC-Group-Annual-Research-Report.pdf,candidate,,unknown,unknown,not-stated,,source--blackbyte--43ae5f2d8c1ec50a,actor_profile/evidence/blackbyte.csv,"{""row"": 432}",[],[],[],[],0,false,medium,TLP:CLEAR,csv-row,"summary/2022/2021-NCC-Group-Annual-Research-Report.pdf {""page"": 3} Quantum r our clients, and research of various defensive techniques to help our clients in their risk reduction endeavours. We were also part of a winning research consortium for UKRI funding (£11.6m) on the topic of the Quantum Data Centre of the Future. Over the next 3 years we will provide security advice and guidance to the project as it sets out to define a blueprint for future secure Quantum Data Centres. NCC Group research",
1.0.0,actor--blackbyte,artifact--sha256:672702a0d75a0d05010b6ff7459a0af8129535111cefad218cb2a6a200374532,observation--sha256:d4ac113deea7c88372add9e27133cde673c2f58fabe6e75e07513325fe232425,file-name,2021-NCC-Group-Annual-Research-Report.pdf,2021-NCC-Group-Annual-Research-Report.pdf,candidate,,unknown,unknown,not-stated,,source--blackbyte--43ae5f2d8c1ec50a,actor_profile/evidence/blackbyte.csv,"{""row"": 433}",[],[],[],[],0,false,medium,TLP:CLEAR,csv-row,"summary/2022/2021-NCC-Group-Annual-Research-Report.pdf {""page"": 3} Quantum r UKRI funding (£11.6m) on the topic of the Quantum Data Centre of the Future. Over the next 3 years we will provide security advice and guidance to the project as it sets out to define a blueprint for future secure Quantum Data Centres. NCC Group researchers Ross Bradley, Eva Esteban Molina, Philip Marsden, & Mark Tedman came in First Place at the global “5G Cyber Security Hack’’ competition this summer, hosted by by the",
1.0.0,actor--blackbyte,artifact--sha256:64ff63d8916bdb9cf04aff83e67926896187be54043c4e837c573f8bdf75176f,observation--sha256:67251c42608b8ff6983a4f6038e2ac04b57ef5f9a04c8e062e502b81bd3ef115,file-name,2021-Threat-Detection-Report.pdf,2021-Threat-Detection-Report.pdf,candidate,,unknown,unknown,not-stated,,source--blackbyte--43ae5f2d8c1ec50a,actor_profile/evidence/blackbyte.csv,"{""row"": 403}",[],[],[],[],0,false,medium,TLP:CLEAR,csv-row,"summary/2021/2021-Threat-Detection-Report.pdf {""page"": 112} Conti 112 TrickBot TrickBot is a modular banking trojan that has led to ransomware such as Ryuk and Conti. 2020 signaled a significant decrease in the prevalence and efficacy of TrickBot. Analysis TrickBot is a modular banking trojan that targets users’ financial information and acts as a dropper for other malware. Belie",
1.0.0,actor--blackbyte,artifact--sha256:64ff63d8916bdb9cf04aff83e67926896187be54043c4e837c573f8bdf75176f,observation--sha256:66f58d1208e3112ef61e2094502d853c063fd13e0ab6641fd69704288083afa0,file-name,2021-Threat-Detection-Report.pdf,2021-Threat-Detection-Report.pdf,candidate,,unknown,unknown,not-stated,,source--blackbyte--43ae5f2d8c1ec50a,actor_profile/evidence/blackbyte.csv,"{""row"": 404}",[],[],[],[],0,false,medium,TLP:CLEAR,csv-row,"summary/2021/2021-Threat-Detection-Report.pdf {""page"": 112} Conti y steals sensitive data and credentials and also has multiple additional modules enabling a more fully featured malware service. It has delivered follow-on payloads like Cobalt Strike that eventually lead to Ryuk and Conti ransomware. Other research teams have linked TrickBot code similarities to other malware families such as BazarBackdoor, PowerTrick, and Anchor. The threat group behind the development of these malware toolkits ",
1.0.0,actor--blackbyte,artifact--sha256:61debc56e9b293a612c106de545042547493d88c23505c55895f74e137c564e8,observation--sha256:1b4b562d9d79e8b2bfbd47ed83495fc4f7731afecea494601f89b168ae8a9b14,file-name,2022-Apr-Ransomware-Report-v3.pdf,2022-Apr-Ransomware-Report-v3.pdf,candidate,,unknown,unknown,not-stated,,source--blackbyte--43ae5f2d8c1ec50a,actor_profile/evidence/blackbyte.csv,"{""row"": 439}",[],[],[],[],0,false,medium,TLP:CLEAR,csv-row,"summary/2022/2022-Apr-Ransomware-Report-v3.pdf {""page"": 6} Conti cyber-criminali di maggiore successo che hanno come obiettivo la scalarità del business di estorsione. Una conferma della imponente struttura organizzativa da parte delle organizzazioni criminali viene dal dataleak di Conti, noto gruppo ransomware, che ha rivelato l’interessamento di un importante gruppo “legale e finanziario” per la valutazione dell’ammontare dei riscatti. Figura 1. Dataleak del gruppo ransomware Conti L’importanz",
1.0.0,actor--blackbyte,artifact--sha256:61debc56e9b293a612c106de545042547493d88c23505c55895f74e137c564e8,observation--sha256:181dbec19d92626bf060ac9be53f4e50d2353eedcc37aef731e8ec9a268f9c73,file-name,2022-Apr-Ransomware-Report-v3.pdf,2022-Apr-Ransomware-Report-v3.pdf,candidate,,unknown,unknown,not-stated,,source--blackbyte--43ae5f2d8c1ec50a,actor_profile/evidence/blackbyte.csv,"{""row"": 440}",[],[],[],[],0,false,medium,TLP:CLEAR,csv-row,"summary/2022/2022-Apr-Ransomware-Report-v3.pdf {""page"": 6} Conti dal dataleak di Conti, noto gruppo ransomware, che ha rivelato l’interessamento di un importante gruppo “legale e finanziario” per la valutazione dell’ammontare dei riscatti. Figura 1. Dataleak del gruppo ransomware Conti L’importanza di comprendere il funzionamento di questo business per provare a prevenirlo è un passo importante verso la difesa da tali minacce.",
1.0.0,actor--blackbyte,artifact--sha256:61debc56e9b293a612c106de545042547493d88c23505c55895f74e137c564e8,observation--sha256:27adeefb7a639af53c88ced61eea1be09de459d59ea0547e7fc253d10980df02,file-name,2022-Apr-Ransomware-Report-v3.pdf,2022-Apr-Ransomware-Report-v3.pdf,candidate,,unknown,unknown,not-stated,,source--blackbyte--43ae5f2d8c1ec50a,actor_profile/evidence/blackbyte.csv,"{""row"": 441}",[],[],[],[],0,false,medium,TLP:CLEAR,csv-row,"summary/2022/2022-Apr-Ransomware-Report-v3.pdf {""page"": 9} Conti per essere al servizio del governo nord-coreano. È diventato famosissimo nel maggio del 2017 per aver sfruttato gli exploit della famiglia Eternalblue rilasciati dal gruppo hacker ShadowBrokers dopo un attacco all’NSA. Conti Il gruppo Conti è uno dei più attivi nell’ultimo periodo ed è noto alla comunità di Threat Intelligence a partire da Luglio 2020. Il gruppo ha abbracciato immediatamente il business model della Double Extorsion",
1.0.0,actor--blackbyte,artifact--sha256:61debc56e9b293a612c106de545042547493d88c23505c55895f74e137c564e8,observation--sha256:ea4d92f4ca6006e745f8d8b780b5e8f5b28a2293f2bbeaee219003fc0913adc6,file-name,2022-Apr-Ransomware-Report-v3.pdf,2022-Apr-Ransomware-Report-v3.pdf,candidate,,unknown,unknown,not-stated,,source--blackbyte--43ae5f2d8c1ec50a,actor_profile/evidence/blackbyte.csv,"{""row"": 442}",[],[],[],[],0,false,medium,TLP:CLEAR,csv-row,"summary/2022/2022-Apr-Ransomware-Report-v3.pdf {""page"": 9} Conti vizio del governo nord-coreano. È diventato famosissimo nel maggio del 2017 per aver sfruttato gli exploit della famiglia Eternalblue rilasciati dal gruppo hacker ShadowBrokers dopo un attacco all’NSA. Conti Il gruppo Conti è uno dei più attivi nell’ultimo periodo ed è noto alla comunità di Threat Intelligence a partire da Luglio 2020. Il gruppo ha abbracciato immediatamente il business model della Double Extorsion, ed è noto anche",
1.0.0,actor--blackbyte,artifact--sha256:91809cd4bdd950260cf08c21bd8d8f180cc4e23c3604907b621b8bc826c47cde,observation--sha256:95ca7efc5b7a03775b6015071d1b53e2758f47bfb7cd5d80b6b27bac6d10f613,file-name,2022-eng.pdf,2022-eng.pdf,candidate,,unknown,unknown,not-stated,,source--blackbyte--43ae5f2d8c1ec50a,actor_profile/evidence/blackbyte.csv,"{""row"": 38}",[],[],[],[],0,false,medium,TLP:CLEAR,csv-row,"International Strategic/Canada/national-cyber-threat-assessment-2025-2026-e.pdf {""page"": 46} Royal ss email compromise (BEC)?, https://www.ibm.com/topics/business-email-compromise. 65 Canadian Anti-Fraud Centre, Annual Report 2022. https://publications.gc.ca/collections/collection_2024/grc-rcmp/PS61-46- 2022-eng.pdf; Royal Canadian Mounted Police, Fraud Prevention Month 2024: Fighting fraud in the digital era, 29 February 2024. https://www.rcmp-grc.gc.ca/en/news/2024/fraud-prevention-month-2024-",
1.0.0,actor--blackbyte,artifact--sha256:092a8109fa16c0177beca45b8cd94a2802965a89f333fbb20340b6766f35e333,observation--sha256:f4a2a5fb39817be5808f5003418dc88fd6e938df87076c5102d999f9c1ecb640,file-name,2022-unit42-incident-response-report-final.pdf,2022-unit42-incident-response-report-final.pdf,candidate,,unknown,unknown,not-stated,,source--blackbyte--43ae5f2d8c1ec50a,actor_profile/evidence/blackbyte.csv,"{""row"": 443}",[],[],[],[],0,false,medium,TLP:CLEAR,csv-row,"summary/2022/2022-unit42-incident-response-report-final.pdf {""page"": 19} Conti ch or to avoid attention from law enforcement. Unit 42 regularly releases freely available overviews of active ransomware groups, including TTPs and advice for how to defend against them. Read our assessments of: • Conti • LockBit 2.0 • Phobos • Dharma • REvil • BlackCat Sign up for notifications on new research about ransomware groups and other threats. For an in-depth ransomware update and overview of ransomware thr",
1.0.0,actor--blackbyte,artifact--sha256:092a8109fa16c0177beca45b8cd94a2802965a89f333fbb20340b6766f35e333,observation--sha256:7caadc1d27e6eaca4cf4ece67009f288b9cad1a38039abba29458bb99cac062e,file-name,2022-unit42-incident-response-report-final.pdf,2022-unit42-incident-response-report-final.pdf,candidate,,unknown,unknown,not-stated,,source--blackbyte--43ae5f2d8c1ec50a,actor_profile/evidence/blackbyte.csv,"{""row"": 444}",[],[],[],[],0,false,medium,TLP:CLEAR,csv-row,"summary/2022/2022-unit42-incident-response-report-final.pdf {""page"": 19} Conti ansomware groups and other threats. For an in-depth ransomware update and overview of ransomware threat actors and their TTPs, refer to the 2022 Unit 42 Ransomware Threat Report 2022 or our corresponding webinar. Conti LockBit / LockBit 2.0 Hive Dharma PYSA Phobos ALPHV / BlackCat REvil BlackMatter Other Variants Most Active Ransomware Variants in 2022 - Unit 42 Incident Response Data 22% 14% 8% 7% 7% 7% 6% 5% 5% 18% ",
1.0.0,actor--blackbyte,artifact--sha256:092a8109fa16c0177beca45b8cd94a2802965a89f333fbb20340b6766f35e333,observation--sha256:e97ee3b1cc4aaa9eb9231f6c3d504f99e19902ec4b6ac663844e1db1f71b39fb,file-name,2022-unit42-incident-response-report-final.pdf,2022-unit42-incident-response-report-final.pdf,candidate,,unknown,unknown,not-stated,,source--blackbyte--43ae5f2d8c1ec50a,actor_profile/evidence/blackbyte.csv,"{""row"": 445}",[],[],[],[],0,false,medium,TLP:CLEAR,csv-row,"summary/2022/2022-unit42-incident-response-report-final.pdf {""page"": 20} Conti 20 INCIDENT RESPONSE REPORT 2022 SPOTLIGHT: RANSOMWARE—A FAVORITE CASH COW FOR CYBERCRIMINALS Figure 9A: Industries Affected by Ransomware vs Ransomware Groups Professional & Legal Services LockBit / LockBit 2.0 Conti Hive BlackCat Dharma REvil BlackMatter Phobos Healthcare Manufacturing Education High Technology Hospitality PYSA LockBit / LockBit 2.0 Conti Hive BlackCat Dharma REvil BlackMatter Phobos PYSA LockBit / ",
1.0.0,actor--blackbyte,artifact--sha256:092a8109fa16c0177beca45b8cd94a2802965a89f333fbb20340b6766f35e333,observation--sha256:7a5a8c2ae2c35bb5ba4e3da19104dec7355663c541ce8cc6e235d003db094b3c,file-name,2022-unit42-incident-response-report-final.pdf,2022-unit42-incident-response-report-final.pdf,candidate,,unknown,unknown,not-stated,,source--blackbyte--43ae5f2d8c1ec50a,actor_profile/evidence/blackbyte.csv,"{""row"": 446}",[],[],[],[],0,false,medium,TLP:CLEAR,csv-row,"summary/2022/2022-unit42-incident-response-report-final.pdf {""page"": 20} Conti ware vs Ransomware Groups Professional & Legal Services LockBit / LockBit 2.0 Conti Hive BlackCat Dharma REvil BlackMatter Phobos Healthcare Manufacturing Education High Technology Hospitality PYSA LockBit / LockBit 2.0 Conti Hive BlackCat Dharma REvil BlackMatter Phobos PYSA LockBit / LockBit 2.0 Conti Hive BlackCat Dharma REvil BlackMatter Phobos PYSA LockBit / LockBit 2.0 Conti Hive BlackCat Dharma REvil BlackMatte",
1.0.0,actor--blackbyte,artifact--sha256:092a8109fa16c0177beca45b8cd94a2802965a89f333fbb20340b6766f35e333,observation--sha256:465d9568faa1bc4ea2b1155bcc9334d6df73e3952a76ca289153590246ac80ae,file-name,2022-unit42-incident-response-report-final.pdf,2022-unit42-incident-response-report-final.pdf,candidate,,unknown,unknown,not-stated,,source--blackbyte--43ae5f2d8c1ec50a,actor_profile/evidence/blackbyte.csv,"{""row"": 447}",[],[],[],[],0,false,medium,TLP:CLEAR,csv-row,"summary/2022/2022-unit42-incident-response-report-final.pdf {""page"": 9} Conti ata. Our incident responders and threat intelligence analysts note that extortion without encryption is likely to rise. The efficacy of extortion tactics has even led some prominent threat actors associated with the Conti ransomware group to publicly state that they envision focusing their future efforts on attacking organizations through extortion alone. Ransomware is a type of malware used by cybercriminals for finan",
1.0.0,actor--blackbyte,artifact--sha256:2bd89985e3ebadf645257b4b9bf31a98695952232c544e9ca348c6e6284bfffc,observation--sha256:7ebd4c9333bfe5abf6d2c7600596677c9386cc6446a78022967bad1c61b715b3,file-name,2022-year-in-retrospect-report.pdf,2022-year-in-retrospect-report.pdf,candidate,,unknown,unknown,not-stated,,source--blackbyte--43ae5f2d8c1ec50a,actor_profile/evidence/blackbyte.csv,"{""row"": 485}",[],[],[],[],0,false,medium,TLP:CLEAR,csv-row,"summary/2023/2022-year-in-retrospect-report.pdf {""page"": 18} Conti n in 2022 of Blue Lelantos operations demonstrated that, in this case at least, sanctions and takedowns60 are effective tools to significantly disrupt high profile cyber criminal operations. In February 2022, the Conti ransomware brand, operated by Blue Cronus, declared its support for the Russian invasion of Ukraine and threatened to target critical infrastructure of countries targeting Russia via threats posted directly on its ",
1.0.0,actor--blackbyte,artifact--sha256:2bd89985e3ebadf645257b4b9bf31a98695952232c544e9ca348c6e6284bfffc,observation--sha256:3ae6007d0b2bb9626926369664e2b49520f2e50bc61b5935b4b7885ca2db0b10,file-name,2022-year-in-retrospect-report.pdf,2022-year-in-retrospect-report.pdf,candidate,,unknown,unknown,not-stated,,source--blackbyte--43ae5f2d8c1ec50a,actor_profile/evidence/blackbyte.csv,"{""row"": 486}",[],[],[],[],0,false,medium,TLP:CLEAR,csv-row,"summary/2023/2022-year-in-retrospect-report.pdf {""page"": 44} Conti nus dominated ransomware leak site activity with an inordinately higher number of leak victims throughout 2022 with 907 victims, White Dev 101 leaked the second largest number with 228, followed by Blue Cronus (a.k.a. Conti) with 177 and White Dev 115 (a.k.a. BlackBasta) with 139.163 Learn more about our research into ransomware in our The R Word: Retelling the Recent Rise and Resurgence of Resilient RaaS Operators talk at SANS R",
1.0.0,actor--blackbyte,artifact--sha256:2bd89985e3ebadf645257b4b9bf31a98695952232c544e9ca348c6e6284bfffc,observation--sha256:3c572ab95cb9612bc3935f040ca6cd565016cb261cc95a547caab20e3fd4d5a9,file-name,2022-year-in-retrospect-report.pdf,2022-year-in-retrospect-report.pdf,candidate,,unknown,unknown,not-stated,,source--blackbyte--43ae5f2d8c1ec50a,actor_profile/evidence/blackbyte.csv,"{""row"": 487}",[],[],[],[],0,false,medium,TLP:CLEAR,csv-row,"summary/2023/2022-year-in-retrospect-report.pdf {""page"": 46} Conti , BlackCat) added search functionality to their leak sites, allowing for visitors to search victim data.168 High pressure tactics in ransomware negotiations Our analysis of the leaked communications attributed to the Conti brand revealed high pressure yet mature operations where the threat actor capitalised on direct communications with victims or their representatives in negotiations. These leaks also informed our understanding ",
1.0.0,actor--blackbyte,artifact--sha256:2bd89985e3ebadf645257b4b9bf31a98695952232c544e9ca348c6e6284bfffc,observation--sha256:bda8011604515f5a001dd518d5cf9aaf58c7142d9fe2d980fa004436370abb25,file-name,2022-year-in-retrospect-report.pdf,2022-year-in-retrospect-report.pdf,candidate,,unknown,unknown,not-stated,,source--blackbyte--43ae5f2d8c1ec50a,actor_profile/evidence/blackbyte.csv,"{""row"": 488}",[],[],[],[],0,false,medium,TLP:CLEAR,csv-row,"summary/2023/2022-year-in-retrospect-report.pdf {""page"": 46} Conti ommunications with victims or their representatives in negotiations. These leaks also informed our understanding of the stable of ransomware operations attributed to the threat actor we track as Blue Cronus, including Conti and Emotet. From our analysis, we identified tactics used against ransomware victims, including: ● Conti brand employees frequently referencing countdown timers associated with the scheduled release of victim ",
1.0.0,actor--blackbyte,artifact--sha256:2bd89985e3ebadf645257b4b9bf31a98695952232c544e9ca348c6e6284bfffc,observation--sha256:193bd7201e191f02ecf78da8af7523e1807c1e84b518e2e7b4056ce6d5e874e9,file-name,2022-year-in-retrospect-report.pdf,2022-year-in-retrospect-report.pdf,candidate,,unknown,unknown,not-stated,,source--blackbyte--43ae5f2d8c1ec50a,actor_profile/evidence/blackbyte.csv,"{""row"": 489}",[],[],[],[],0,false,medium,TLP:CLEAR,csv-row,"summary/2023/2022-year-in-retrospect-report.pdf {""page"": 46} Conti anding of the stable of ransomware operations attributed to the threat actor we track as Blue Cronus, including Conti and Emotet. From our analysis, we identified tactics used against ransomware victims, including: ● Conti brand employees frequently referencing countdown timers associated with the scheduled release of victim data; ● Demonstrating “proof” of compromises through hidden blog posts containing victim data and file dir",
1.0.0,actor--blackbyte,artifact--sha256:5ce3f5f52fb4fa1307633da696aa5198cb1e0ffda8624ca509a302eea6a80d2c,observation--sha256:783dc4e62a97c595028d025e17b21cd39a3f35086bb3b40425803d390092062d,file-name,2022.pdf,2022.pdf,candidate,,unknown,unknown,not-stated,,source--blackbyte--43ae5f2d8c1ec50a,actor_profile/evidence/blackbyte.csv,"{""row"": 464}",[],[],[],[],0,false,medium,TLP:CLEAR,csv-row,"summary/2022/Microsoft Digital Defense Report 2022.pdf {""page"": 12} Conti Operators Access brokers Affiliates Conti HIVE Black Matter LockBit REvil BlackCat 11 Microsoft Digital Defense Report 2022 Report Introduction Nation State Threats Cyber Resilience Contributing Teams Cyber Influence Operations Devices and Infrastru",
1.0.0,actor--blackbyte,artifact--sha256:5ce3f5f52fb4fa1307633da696aa5198cb1e0ffda8624ca509a302eea6a80d2c,observation--sha256:5e23e2573d2c36aaf2d666c01de3d09d2364621fd189591d15e8c24e32c238a6,file-name,2022.pdf,2022.pdf,candidate,,unknown,unknown,not-stated,,source--blackbyte--43ae5f2d8c1ec50a,actor_profile/evidence/blackbyte.csv,"{""row"": 465}",[],[],[],[],0,false,medium,TLP:CLEAR,csv-row,"summary/2022/Microsoft Digital Defense Report 2022.pdf {""page"": 13} Conti Jan Ryuk 2020–Jun 2021 Hive Oct 2021–present BlackCat Mar 2022–present Nokoyawa May 2022–present Agenda etc. June 2022 (experimenting) 2021 2022 Feb Mar Apr May Jun Jul Aug SepOctNov Dec Jan Feb Mar Apr May Jun Conti Jul–Oct 2021 12 Microsoft Digital Defense Report 2022 Report Introduction Nation State Threats Cyber Resilience Contributing Teams Cyber Influence Operations Devices and Infrastructure The State of",
1.0.0,actor--blackbyte,artifact--sha256:5ce3f5f52fb4fa1307633da696aa5198cb1e0ffda8624ca509a302eea6a80d2c,observation--sha256:f6bdf8696764ffa816cdd87490a5e1638db7be5b043f2372c29929b51406b4c7,file-name,2022.pdf,2022.pdf,candidate,,unknown,unknown,not-stated,,source--blackbyte--43ae5f2d8c1ec50a,actor_profile/evidence/blackbyte.csv,"{""row"": 466}",[],[],[],[],0,false,medium,TLP:CLEAR,csv-row,"summary/2022/Microsoft Digital Defense Report 2022.pdf {""page"": 13} Conti al Defense Report 2022 Report Introduction Nation State Threats Cyber Resilience Contributing Teams Cyber Influence Operations Devices and Infrastructure The State of Cybercrime Case study: The dissolution of Conti Conti, one of the top ransomware variants over the past two years, began shutting down operations in mid-2022, with the Microsoft Threat Intelligence Center (MSTIC) observing a significant decrease in activity i",
1.0.0,actor--blackbyte,artifact--sha256:5ce3f5f52fb4fa1307633da696aa5198cb1e0ffda8624ca509a302eea6a80d2c,observation--sha256:1fa89e8133404f9cc9ba6388e3e31a15b95eebd787ab12d415d8fcf814e228e4,file-name,2022.pdf,2022.pdf,candidate,,unknown,unknown,not-stated,,source--blackbyte--43ae5f2d8c1ec50a,actor_profile/evidence/blackbyte.csv,"{""row"": 467}",[],[],[],[],0,false,medium,TLP:CLEAR,csv-row,"summary/2022/Microsoft Digital Defense Report 2022.pdf {""page"": 2} quantum urity and cyber resiliency 101 Resilience to cyber influence operations: The human dimension 102 Fortifying the human factor with skilling 103 Insights from our ransomware elimination program 104 Act now on quantum security implications 105 Integrating business, security, and IT for greater resilience 106 The cyber resilience bell curve 108 Contributing Teams 110 For the best experience viewing and navigating this report,",
1.0.0,actor--blackbyte,artifact--sha256:5ce3f5f52fb4fa1307633da696aa5198cb1e0ffda8624ca509a302eea6a80d2c,observation--sha256:7670f4ae35fa166075e6d8aa5370c7868f2b8318588db7b55215ff358ee2a52d,file-name,2022.pdf,2022.pdf,candidate,,unknown,unknown,not-stated,,source--blackbyte--43ae5f2d8c1ec50a,actor_profile/evidence/blackbyte.csv,"{""row"": 468}",[],[],[],[],0,false,medium,TLP:CLEAR,csv-row,"summary/2022/Microsoft Digital Defense Report 2022.pdf {""page"": 8} Conti sale. Organizations and individuals with weak cybersecurity hygiene practices are at greater risk of having their network credentials stolen. Operators Access brokers Understanding the ransomware economy Affiliates Conti HIVE Black Matter LockBit REvil BlackCat 1 20 60 2,500 p15 RansomwarePre-ransomware 2022 BEC Themes (January-June 2022) 9.3% 1.9% Gift card scam Invoice fraud 4.6% Payroll redirection 4.3% Business informat",
1.0.0,actor--blackbyte,artifact--sha256:c242637f7816d68dcac70162bd0a347c79811c9170143f46435b88e055259047,observation--sha256:ea8fe570d9f9b41327d0bbcad3733f92b01d02cc34c8006fa73f8e52df04b2e0,file-name,2022_APT_TRENDS_INSIGHT_REPORT.pdf,2022_APT_TRENDS_INSIGHT_REPORT.pdf,candidate,,unknown,unknown,not-stated,,source--blackbyte--43ae5f2d8c1ec50a,actor_profile/evidence/blackbyte.csv,"{""row"": 490}",[],[],[],[],0,false,medium,TLP:CLEAR,csv-row,"summary/2023/2022_APT_TRENDS_INSIGHT_REPORT.pdf {""page"": 14} Conti 攻击事件视角 Conti 勒索软件于 2020 年 2 月左右首次被发现，其使用勒索软件即服务（RaaS）攻击模型运作，与下属分支机构合作， 购买已受控主机后便开始后续的数据加密 + 数据泄露双重勒索行动，对全球上千名受害者实施了勒索攻击，受害者支付的 赎金截至 2022 年 1 月累计已高达 15 亿美元。 Conti 组织的网络渗透培训手册曾于 2021 年 8 月被下属分支机构曝光， 也揭示了 Conti 组织一部分关于如何渗透目标网络、 使用网络渗透工",
1.0.0,actor--blackbyte,artifact--sha256:c242637f7816d68dcac70162bd0a347c79811c9170143f46435b88e055259047,observation--sha256:b93208e0e46615269c55631a830b6c7882e1609e5d7b8cfc91b8f71feb86d231,file-name,2022_APT_TRENDS_INSIGHT_REPORT.pdf,2022_APT_TRENDS_INSIGHT_REPORT.pdf,candidate,,unknown,unknown,not-stated,,source--blackbyte--43ae5f2d8c1ec50a,actor_profile/evidence/blackbyte.csv,"{""row"": 491}",[],[],[],[],0,false,medium,TLP:CLEAR,csv-row,"summary/2023/2022_APT_TRENDS_INSIGHT_REPORT.pdf {""page"": 14} Conti 攻击事件视角 Conti 勒索软件于 2020 年 2 月左右首次被发现，其使用勒索软件即服务（RaaS）攻击模型运作，与下属分支机构合作， 购买已受控主机后便开始后续的数据加密 + 数据泄露双重勒索行动，对全球上千名受害者实施了勒索攻击，受害者支付的 赎金截至 2022 年 1 月累计已高达 15 亿美元。 Conti 组织的网络渗透培训手册曾于 2021 年 8 月被下属分支机构曝光， 也揭示了 Conti 组织一部分关于如何渗透目标网络、 使用网络渗透工具、使用勒索软件加密器等攻击手法，为安全研究员分析其惯用的攻击手法以及如何在企业内部署防御措 施方面给予了一定的攻击视角思路和借鉴。 犯罪团伙忽视内部风险： Conti组织内部数据泄露曝光事件 此前泄露的 Conti 组织技术手册 在 2022 年 2 月末，某自称安全研究员的推特账号截图发文称其",
1.0.0,actor--blackbyte,artifact--sha256:c242637f7816d68dcac70162bd0a347c79811c9170143f46435b88e055259047,observation--sha256:c0678b2fadaa0fb69d555c08010ef58db475ba56d6d6547badde5f9076e958a6,file-name,2022_APT_TRENDS_INSIGHT_REPORT.pdf,2022_APT_TRENDS_INSIGHT_REPORT.pdf,candidate,,unknown,unknown,not-stated,,source--blackbyte--43ae5f2d8c1ec50a,actor_profile/evidence/blackbyte.csv,"{""row"": 492}",[],[],[],[],0,false,medium,TLP:CLEAR,csv-row,"summary/2023/2022_APT_TRENDS_INSIGHT_REPORT.pdf {""page"": 14} Conti 攻击事件视角 Conti 勒索软件于 2020 年 2 月左右首次被发现，其使用勒索软件即服务（RaaS）攻击模型运作，与下属分支机构合作， 购买已受控主机后便开始后续的数据加密 + 数据泄露双重勒索行动，对全球上千名受害者实施了勒索攻击，受害者支付的 赎金截至 2022 年 1 月累计已高达 15 亿美元。 Conti 组织的网络渗透培训手册曾于 2021 年 8 月被下属分支机构曝光， 也揭示了 Conti 组织一部分关于如何渗透目标网络、 使用网络渗透工具、使用勒索软件加密器等攻击手法，为安全研究员分析其惯用的攻击手法以及如何在企业内部署防御措 施方面给予了一定的攻击视角思路和借鉴。 犯罪团伙忽视内部风险： Conti组织内部数据泄露曝光事件 此前泄露的 Conti 组织技术手册 在 2022 年 2 月末，某自称安全研究员的推特账号截图发文称其获取了 Conti 组织内部基础设施网络的访问权限，并分多 次发帖公布了 Conti 组织及",
1.0.0,actor--blackbyte,artifact--sha256:c242637f7816d68dcac70162bd0a347c79811c9170143f46435b88e055259047,observation--sha256:1ef4ace7355d76bc837ed3a9406e5718a101f2ec0988a6f5a671e557c574683d,file-name,2022_APT_TRENDS_INSIGHT_REPORT.pdf,2022_APT_TRENDS_INSIGHT_REPORT.pdf,candidate,,unknown,unknown,not-stated,,source--blackbyte--43ae5f2d8c1ec50a,actor_profile/evidence/blackbyte.csv,"{""row"": 493}",[],[],[],[],0,false,medium,TLP:CLEAR,csv-row,"summary/2023/2022_APT_TRENDS_INSIGHT_REPORT.pdf {""page"": 14} Conti 数据泄露双重勒索行动，对全球上千名受害者实施了勒索攻击，受害者支付的 赎金截至 2022 年 1 月累计已高达 15 亿美元。 Conti 组织的网络渗透培训手册曾于 2021 年 8 月被下属分支机构曝光， 也揭示了 Conti 组织一部分关于如何渗透目标网络、 使用网络渗透工具、使用勒索软件加密器等攻击手法，为安全研究员分析其惯用的攻击手法以及如何在企业内部署防御措 施方面给予了一定的攻击视角思路和借鉴。 犯罪团伙忽视内部风险： Conti组织内部数据泄露曝光事件 此前泄露的 Conti 组织技术手册 在 2022 年 2 月末，某自称安全研究员的推特账号截图发文称其获取了 Conti 组织内部基础设施网络的访问权限，并分多 次发帖公布了 Conti 组织及其他关联合作犯罪团伙之间两年内的俄语聊天记录、屏幕截图、网络渗透工具集，以及 Conti 勒索软件的源代码。经全球安全研究员积极地深入挖掘协同分析，Conti 组织泄露的一系列内部聊天日志揭示了 ",
1.0.0,actor--blackbyte,artifact--sha256:c242637f7816d68dcac70162bd0a347c79811c9170143f46435b88e055259047,observation--sha256:fcf138952c333507430e4eb2dc00221486530b06f64509c41da7e55b263182fb,file-name,2022_APT_TRENDS_INSIGHT_REPORT.pdf,2022_APT_TRENDS_INSIGHT_REPORT.pdf,candidate,,unknown,unknown,not-stated,,source--blackbyte--43ae5f2d8c1ec50a,actor_profile/evidence/blackbyte.csv,"{""row"": 494}",[],[],[],[],0,false,medium,TLP:CLEAR,csv-row,"summary/2023/2022_APT_TRENDS_INSIGHT_REPORT.pdf {""page"": 2} Conti 视角 DLL Hijacking 实战案例分析 技术原理分析 BYOVD/泄露证书 演变过程 应对策略 多款C2或成 “新宠” 后起之秀 新型C2带来的挑战 被忽略的破坏性攻击 俄乌战争回顾 俄乌战启发 永不落幕的钓鱼攻击 钓鱼攻击仍会有着一席之位 钓鱼攻击防范 01 02 02 05 09 09 11 13 14 14 15 16 16 17 19 19 20 21 21 21 22 22 22 攻击事件视角 犯罪团伙忽视内部风险： Conti组织内部数据泄露曝光事件 这个木马有点粗心： Patchwork组织自曝式 “远控” 了自己 社工+漏洞两手抓： Lazarus组织对全球机构情报的贪婪觊觎 赛博空间的无硝烟暗战： 俄乌冲突下的网络情报刺探行动 RaaS模式的持续性威胁： 勒索软件仍是全球企业的主要威胁 从CobaltStrike到NightHawk： 后渗透利用框架未来何去何从 全球APT组织视角 东亚 东南亚 南亚 东欧 北美 APT攻击防御视",
1.0.0,actor--blackbyte,artifact--sha256:3ac094f7e3231291e34fa78a08d3aba5e96f7250ac61c4325dce705db22e4e36,observation--sha256:a6b2e219873204564cf54edad47cd7581c0997c74c14482028cacc752477c696,file-name,2022cyberComprehensiveSituationObservationManual.pdf,2022cyberComprehensiveSituationObservationManual.pdf,candidate,,unknown,unknown,not-stated,,source--blackbyte--43ae5f2d8c1ec50a,actor_profile/evidence/blackbyte.csv,"{""row"": 495}",[],[],[],[],0,false,medium,TLP:CLEAR,csv-row,"summary/2023/2022cyberComprehensiveSituationObservationManual.pdf {""page"": 24} Conti 2年11月，Hive勒索软件攻击者已使全球1,300多家公司受害，收到约1亿美元的 赎金。攻击者使用Hive勒索软件针对广泛的企业和关键基础设施部门，包括政府设施、能源、金融服务、通 信以及信息技术等行业，受影响最严重的行业为医疗保健和公共卫生（HPH）。目标国家包括中国、美国、 阿根廷、澳大利亚、巴西、加拿大、哥伦比亚、萨尔瓦多、法国、德国、印度、意大利、荷兰、挪威、秘 鲁、葡萄牙、沙特阿拉伯、西班牙、瑞士、泰国以及英国。 Hive Conti是疑似由俄罗斯黑客组织运营的勒索团伙，是2022年年初最活跃的勒索团伙之一。Conti勒索软件被 认为是流行的Ryuk勒索软件家族的变种，通过多种流行的恶意软件传播，包括Trickbot/Emotet和 BazarLoader。攻击者最初通过网络钓鱼攻击安装恶意软件，或者利用暴露在Internet的设备中的漏洞进行 攻击。2021年12月，Conti勒索组织利用Log4j2漏洞",
1.0.0,actor--blackbyte,artifact--sha256:3ac094f7e3231291e34fa78a08d3aba5e96f7250ac61c4325dce705db22e4e36,observation--sha256:191dda26e18117a67f44ed9005687d75ee90ff6e8049d295128ae753d44d9216,file-name,2022cyberComprehensiveSituationObservationManual.pdf,2022cyberComprehensiveSituationObservationManual.pdf,candidate,,unknown,unknown,not-stated,,source--blackbyte--43ae5f2d8c1ec50a,actor_profile/evidence/blackbyte.csv,"{""row"": 496}",[],[],[],[],0,false,medium,TLP:CLEAR,csv-row,"summary/2023/2022cyberComprehensiveSituationObservationManual.pdf {""page"": 24} Conti 金。攻击者使用Hive勒索软件针对广泛的企业和关键基础设施部门，包括政府设施、能源、金融服务、通 信以及信息技术等行业，受影响最严重的行业为医疗保健和公共卫生（HPH）。目标国家包括中国、美国、 阿根廷、澳大利亚、巴西、加拿大、哥伦比亚、萨尔瓦多、法国、德国、印度、意大利、荷兰、挪威、秘 鲁、葡萄牙、沙特阿拉伯、西班牙、瑞士、泰国以及英国。 Hive Conti是疑似由俄罗斯黑客组织运营的勒索团伙，是2022年年初最活跃的勒索团伙之一。Conti勒索软件被 认为是流行的Ryuk勒索软件家族的变种，通过多种流行的恶意软件传播，包括Trickbot/Emotet和 BazarLoader。攻击者最初通过网络钓鱼攻击安装恶意软件，或者利用暴露在Internet的设备中的漏洞进行 攻击。2021年12月，Conti勒索组织利用Log4j2漏洞展开攻击活动，是已知的第一个将Log4j漏洞武器化的 勒索团伙。 Conti组织使用网",
1.0.0,actor--blackbyte,artifact--sha256:3ac094f7e3231291e34fa78a08d3aba5e96f7250ac61c4325dce705db22e4e36,observation--sha256:dca3f6b7090060a5de47950ba5b1e0a78ad2cbd19677e2efb6636f05458a4ff4,file-name,2022cyberComprehensiveSituationObservationManual.pdf,2022cyberComprehensiveSituationObservationManual.pdf,candidate,,unknown,unknown,not-stated,,source--blackbyte--43ae5f2d8c1ec50a,actor_profile/evidence/blackbyte.csv,"{""row"": 497}",[],[],[],[],0,false,medium,TLP:CLEAR,csv-row,"summary/2023/2022cyberComprehensiveSituationObservationManual.pdf {""page"": 24} Conti 意大利、荷兰、挪威、秘 鲁、葡萄牙、沙特阿拉伯、西班牙、瑞士、泰国以及英国。 Hive Conti是疑似由俄罗斯黑客组织运营的勒索团伙，是2022年年初最活跃的勒索团伙之一。Conti勒索软件被 认为是流行的Ryuk勒索软件家族的变种，通过多种流行的恶意软件传播，包括Trickbot/Emotet和 BazarLoader。攻击者最初通过网络钓鱼攻击安装恶意软件，或者利用暴露在Internet的设备中的漏洞进行 攻击。2021年12月，Conti勒索组织利用Log4j2漏洞展开攻击活动，是已知的第一个将Log4j漏洞武器化的 勒索团伙。 Conti组织使用网络钓鱼来部署BazarLoader后门或者漏洞利用（例如CVE-2018-13379和 CVE-2018-13374）来作为初始的攻击向量，之后寻找和泄露敏感数据。在加密前执行删除卷影副本、执 行任务计划等，并查找域管理员凭证或打印机漏洞（CVE-2021-1675",
1.0.0,actor--blackbyte,artifact--sha256:3ac094f7e3231291e34fa78a08d3aba5e96f7250ac61c4325dce705db22e4e36,observation--sha256:723c89ed07ec7b508e53da29413e28214c7579154cc13004710b91e51793abd0,file-name,2022cyberComprehensiveSituationObservationManual.pdf,2022cyberComprehensiveSituationObservationManual.pdf,candidate,,unknown,unknown,not-stated,,source--blackbyte--43ae5f2d8c1ec50a,actor_profile/evidence/blackbyte.csv,"{""row"": 498}",[],[],[],[],0,false,medium,TLP:CLEAR,csv-row,"summary/2023/2022cyberComprehensiveSituationObservationManual.pdf {""page"": 24} Conti 由俄罗斯黑客组织运营的勒索团伙，是2022年年初最活跃的勒索团伙之一。Conti勒索软件被 认为是流行的Ryuk勒索软件家族的变种，通过多种流行的恶意软件传播，包括Trickbot/Emotet和 BazarLoader。攻击者最初通过网络钓鱼攻击安装恶意软件，或者利用暴露在Internet的设备中的漏洞进行 攻击。2021年12月，Conti勒索组织利用Log4j2漏洞展开攻击活动，是已知的第一个将Log4j漏洞武器化的 勒索团伙。 Conti组织使用网络钓鱼来部署BazarLoader后门或者漏洞利用（例如CVE-2018-13379和 CVE-2018-13374）来作为初始的攻击向量，之后寻找和泄露敏感数据。在加密前执行删除卷影副本、执 行任务计划等，并查找域管理员凭证或打印机漏洞（CVE-2021-1675）等来进行提权操作。Conti通常使 用RSA和ChaCha20或者AES组合算法来加密文件。此外，还会",
1.0.0,actor--blackbyte,artifact--sha256:3ac094f7e3231291e34fa78a08d3aba5e96f7250ac61c4325dce705db22e4e36,observation--sha256:2b51c222f2b9f1a3b9d770e073b169adfccd212b1e4367174e86929a80a8afa8,file-name,2022cyberComprehensiveSituationObservationManual.pdf,2022cyberComprehensiveSituationObservationManual.pdf,candidate,,unknown,unknown,not-stated,,source--blackbyte--43ae5f2d8c1ec50a,actor_profile/evidence/blackbyte.csv,"{""row"": 499}",[],[],[],[],0,false,medium,TLP:CLEAR,csv-row,"summary/2023/2022cyberComprehensiveSituationObservationManual.pdf {""page"": 24} Conti 进行 攻击。2021年12月，Conti勒索组织利用Log4j2漏洞展开攻击活动，是已知的第一个将Log4j漏洞武器化的 勒索团伙。 Conti组织使用网络钓鱼来部署BazarLoader后门或者漏洞利用（例如CVE-2018-13379和 CVE-2018-13374）来作为初始的攻击向量，之后寻找和泄露敏感数据。在加密前执行删除卷影副本、执 行任务计划等，并查找域管理员凭证或打印机漏洞（CVE-2021-1675）等来进行提权操作。Conti通常使 用RSA和ChaCha20或者AES组合算法来加密文件。此外，还会使用第三方软件，例如Anydesk来进一步 控制系统和横向移动。 2022年5月下旬，Conti勒索软件团伙正式关闭其运营。尽管面对公众的“Conti News”数据泄露和赎金谈 判网站仍处于在线状态，且于5月20日上传了反美仇恨言论，宣称美国是“地球之癌”，但团伙成员用于执 行谈判和在其数据泄露网站上发",
1.0.0,actor--blackbyte,artifact--sha256:adb2ab6c9cd2b872c6fe34fb8a4bddc210454324528124294df18a60e1650027,observation--sha256:417ede658f6d0a73c07ee56385038ec9c9294a388cdcf21bca08af7560b84264,file-name,2024-H1-Threat-Intel-Report-Final.pdf,2024-H1-Threat-Intel-Report-Final.pdf,candidate,,unknown,unknown,not-stated,,source--blackbyte--43ae5f2d8c1ec50a,actor_profile/evidence/blackbyte.csv,"{""row"": 560}",[],[],[],[],0,false,medium,TLP:CLEAR,csv-row,"summary/2024/2024-H1-Threat-Intel-Report-Final.pdf {""page"": 13} Black Basta Threat Actors & Malware Families The first half of 2024 painted a concerning picture of the ransomware threat landscape. A relatively small group of actors, namely LockBit, Play, Black Basta, Akira, and 8BASE, were responsible for a staggering 40.54% of all reported ransomware incidents and database leak events, totaling a troubling 2,331 attacks within just six months. These threat actors primarily focus",
1.0.0,actor--blackbyte,artifact--sha256:adb2ab6c9cd2b872c6fe34fb8a4bddc210454324528124294df18a60e1650027,observation--sha256:174aaa165274c21e310df6e978ae5ff786ce553be7b1ead96c5ee022ff6ba9e9,file-name,2024-H1-Threat-Intel-Report-Final.pdf,2024-H1-Threat-Intel-Report-Final.pdf,candidate,,unknown,unknown,not-stated,,source--blackbyte--43ae5f2d8c1ec50a,actor_profile/evidence/blackbyte.csv,"{""row"": 561}",[],[],[],[],0,false,medium,TLP:CLEAR,csv-row,"summary/2024/2024-H1-Threat-Intel-Report-Final.pdf {""page"": 17} Black Basta Threat Actors & Malware Families (continued) Black Basta utilizes a C++ based malware suite designed to exploit vulnerabilities in both Windows and Linux systems. This includes targeting application-specific weaknesses, as evidenced by their exploitation of CVE-2024-1709 in",
1.0.0,actor--blackbyte,artifact--sha256:adb2ab6c9cd2b872c6fe34fb8a4bddc210454324528124294df18a60e1650027,observation--sha256:db75865ca1c9551dc615112cab093b66263969fb51b8e3a9ca8d16006694adad,file-name,2024-H1-Threat-Intel-Report-Final.pdf,2024-H1-Threat-Intel-Report-Final.pdf,candidate,,unknown,unknown,not-stated,,source--blackbyte--43ae5f2d8c1ec50a,actor_profile/evidence/blackbyte.csv,"{""row"": 562}",[],[],[],[],0,false,medium,TLP:CLEAR,csv-row,"summary/2024/2024-H1-Threat-Intel-Report-Final.pdf {""page"": 4} Black Basta al Products • Professional Services • Healthcare & Life Sciences • Engineering & Construction • Technology • Ransomware and Database Leak Activity Summary Threat Actors and Malware Families • #1 LockBit • #2 Play • #3 Black Basta • #4 Akira • #5 8Base • Emerging Group: RansomHub Timeline & TTPs Trends • Timeline Analysis • MITRE Tactics Trending Cybersecurity Concerns • Business Email Compromise (BEC) • Deepfakes in Socia",
1.0.0,actor--blackbyte,artifact--sha256:adb2ab6c9cd2b872c6fe34fb8a4bddc210454324528124294df18a60e1650027,observation--sha256:72a531fbfae194666ee46f4117a3029a9098c082076c31cf2b1c2322174c8a09,file-name,2024-H1-Threat-Intel-Report-Final.pdf,2024-H1-Threat-Intel-Report-Final.pdf,candidate,,unknown,unknown,not-stated,,source--blackbyte--43ae5f2d8c1ec50a,actor_profile/evidence/blackbyte.csv,"{""row"": 563}",[],[],[],[],0,false,medium,TLP:CLEAR,csv-row,"summary/2024/2024-H1-Threat-Intel-Report-Final.pdf {""page"": 8} Black Basta impacted location of breached information (~65%), amongst email, laptop, paper/films, and others. Attack Tools: Mimikatz (Cred. Dump), PsExec (Remote Access), Cobalt Strike (Pen Test) Prominent Malware: BlackCat/ALPHV, Black Basta, Medusa Common TTPs (Initial Access): Supply Chain compromise, Valid Accounts Top Vulnerabilities: 1. CVE-2020-1472 (10): Microsoft Netlogon Privilege Escalation Vulnerability 2. CVE-2022-21587 ",
1.0.0,actor--blackbyte,artifact--sha256:adb2ab6c9cd2b872c6fe34fb8a4bddc210454324528124294df18a60e1650027,observation--sha256:70714dc34a16d51f1c04b763182ce8324277bf547d4369caddc03af88e578fc2,file-name,2024-H1-Threat-Intel-Report-Final.pdf,2024-H1-Threat-Intel-Report-Final.pdf,candidate,,unknown,unknown,not-stated,,source--blackbyte--43ae5f2d8c1ec50a,actor_profile/evidence/blackbyte.csv,"{""row"": 564}",[],[],[],[],0,false,medium,TLP:CLEAR,csv-row,"summary/2024/2024-H1-Threat-Intel-Report-Final.pdf {""page"": 9} Black Basta malicious file downloaded by an employee. The incident disrupted Ascension’s supply chain and the organization advised all business associates to temporarily disconnect from their systems to mitigate further risk. The Black Basta ransomware group is believed to be responsible for this attack. • Los Angeles County Department of Public Health, USA: The Los Angeles County Department of Public Health (LACDPH) disclosed a data",
1.0.0,actor--blackbyte,artifact--sha256:5278638c7dbf62c241e0c17b13713ca8609d7d637b5f4206745990dd90d3665f,observation--sha256:1fd895220a492d8814db51fa2e8c2544a15088d09e3cc06294a9c20d819791bb,file-name,2024-Insider-Threat-Report-Securonix-final.pdf,2024-Insider-Threat-Report-Securonix-final.pdf,candidate,,unknown,unknown,not-stated,,source--blackbyte--43ae5f2d8c1ec50a,actor_profile/evidence/blackbyte.csv,"{""row"": 565}",[],[],[],[],0,false,medium,TLP:CLEAR,csv-row,"summary/2024/2024-Insider-Threat-Report-Securonix-final.pdf {""page"": 11} Quantum Securonix | 2024 Insider Threat Report 11Copyright © 2024 Cybersecurity Insiders . All Rights Reserved. Emerging technologies like AI, the Metaverse, and Quantum Computing pose new challenges in cybersecurity, potentially reshaping the threat landscape with their capabilities and complexities. A majority of 75% of survey respondents harbor at least moderate concern about the im",
1.0.0,actor--blackbyte,artifact--sha256:5278638c7dbf62c241e0c17b13713ca8609d7d637b5f4206745990dd90d3665f,observation--sha256:dec9a35dd11fe0641c128ff53499aa8874dbe9e04ce2a610295f804b0bf6e72f,file-name,2024-Insider-Threat-Report-Securonix-final.pdf,2024-Insider-Threat-Report-Securonix-final.pdf,candidate,,unknown,unknown,not-stated,,source--blackbyte--43ae5f2d8c1ec50a,actor_profile/evidence/blackbyte.csv,"{""row"": 566}",[],[],[],[],0,false,medium,TLP:CLEAR,csv-row,"summary/2024/2024-Insider-Threat-Report-Securonix-final.pdf {""page"": 11} Quantum amplify threat capabilities. The Metaverse introduces new dimensions of data integration and storage, raising concerns about the exploitation of its nascent security protocols for novel attacks by insiders. Meanwhile, Quantum Computing, although a future concern, looms over current encryption methods, with the potential for insiders to break encryption and gain access to sensitive data by harnessing quantum computin",
1.0.0,actor--blackbyte,artifact--sha256:5278638c7dbf62c241e0c17b13713ca8609d7d637b5f4206745990dd90d3665f,observation--sha256:e511ffbc284af331159f428ad91b219843bcd6a3e8237e268111282340b78bc9,file-name,2024-Insider-Threat-Report-Securonix-final.pdf,2024-Insider-Threat-Report-Securonix-final.pdf,candidate,,unknown,unknown,not-stated,,source--blackbyte--43ae5f2d8c1ec50a,actor_profile/evidence/blackbyte.csv,"{""row"": 567}",[],[],[],[],0,false,medium,TLP:CLEAR,csv-row,"summary/2024/2024-Insider-Threat-Report-Securonix-final.pdf {""page"": 11} Quantum gies and should integrate adaptive security measures that can evolve with these advancements. Tech Revolution Raises Alarm How concerned are you about the impact of emerging technologies (such as AI, the Metaverse, and Quantum Computing) on insider threats? 22% 3% Slightly concerned Signiﬁcantly concerned Extremely concerned Moderately concerned Not concerned 75% of respondents harbor at least moderate concern about",
1.0.0,actor--blackbyte,artifact--sha256:5278638c7dbf62c241e0c17b13713ca8609d7d637b5f4206745990dd90d3665f,observation--sha256:d4a7147502eb49236a5eeade9ac6fa023019433f9c4f9b3b0662a4d0f7c200db,file-name,2024-Insider-Threat-Report-Securonix-final.pdf,2024-Insider-Threat-Report-Securonix-final.pdf,candidate,,unknown,unknown,not-stated,,source--blackbyte--43ae5f2d8c1ec50a,actor_profile/evidence/blackbyte.csv,"{""row"": 568}",[],[],[],[],0,false,medium,TLP:CLEAR,csv-row,"summary/2024/2024-Insider-Threat-Report-Securonix-final.pdf {""page"": 11} quantum attacks by insiders. Meanwhile, Quantum Computing, although a future concern, looms over current encryption methods, with the potential for insiders to break encryption and gain access to sensitive data by harnessing quantum computing power. To navigate these concerns, companies should invest in research and training focused on the security challenges posed by emerging technologies and should integrate adaptive secu",
1.0.0,actor--blackbyte,artifact--sha256:5278638c7dbf62c241e0c17b13713ca8609d7d637b5f4206745990dd90d3665f,observation--sha256:581ff1c8d99fa82ac68254cf2e30fcbe1d8b9cd4a6d55830f1bd9b8463e23b72,file-name,2024-Insider-Threat-Report-Securonix-final.pdf,2024-Insider-Threat-Report-Securonix-final.pdf,candidate,,unknown,unknown,not-stated,,source--blackbyte--43ae5f2d8c1ec50a,actor_profile/evidence/blackbyte.csv,"{""row"": 569}",[],[],[],[],0,false,medium,TLP:CLEAR,csv-row,"summary/2024/2024-Insider-Threat-Report-Securonix-final.pdf {""page"": 2} Quantum der risks in hybrid work contexts, reflecting the challenges of securing distributed, less controlled environments. A majority of 75% are concerned about the impact of emerging technologies like AI, the Metaverse, and Quantum Computing on insider threats, indicating worries about their misuse and the potential to amplify threat capabilities. • Insider Threat Program Maturity: While 66% of organizations feel vulnerabl",
1.0.0,actor--blackbyte,artifact--sha256:c08f2f550d7a0fefb2f98d01c80e1d9c552c58e9fcbe0bce817598f34d57fc5f,observation--sha256:e16389d095193964553cf60df4f092c06527aab501d066e734e1b827b102aae5,file-name,2024-dbir-data-breach-investigations-report.pdf,2024-dbir-data-breach-investigations-report.pdf,candidate,,unknown,unknown,not-stated,,source--blackbyte--43ae5f2d8c1ec50a,actor_profile/evidence/blackbyte.csv,"{""row"": 570}",[],[],[],[],0,false,medium,TLP:CLEAR,csv-row,"summary/2024/2024-dbir-data-breach-investigations-report.pdf {""page"": 81} Royal lected most of the recurring information security (InfoSec) risk issues we would observe through the rest of 2023. Ransomware continued to plague every sector. For example, the LockBit threat actors (TAs) attacked the Royal Mail on January 11, disrupting postal operations for more than six weeks. Atlantic General Hospital in Berlin, Maryland, was among the first healthcare organizations struck with ransomware. Vulner",
1.0.0,actor--blackbyte,artifact--sha256:6f834f8a04529d3a29f8aae7897db1b2a603ba9804605e61b2235542d5d180d5,observation--sha256:7f13d4a1c9afd3534115d712e30a1dda969459e880a7c13930872dfce92c9c2a,file-name,2024-security-report.pdf,2024-security-report.pdf,candidate,,unknown,unknown,not-stated,,source--blackbyte--43ae5f2d8c1ec50a,actor_profile/evidence/blackbyte.csv,"{""row"": 571}",[],[],[],[],0,false,medium,TLP:CLEAR,csv-row,"summary/2024/2024-security-report.pdf {""page"": 13} Quantum e first two months of 2023, compared to 2022. On average, every week, 54% of organizations suffer from attempted cyber-attacks targeting IoT devices, mostly in Europe followed by APAC and Latin America. Check Point Quantum IoT Protect provides protection against this threat Check Point Research warns about an increase in discussions and in trade of stolen ChatGPT accounts, with a focus on Premium accounts. Cyber criminals leak credent",
1.0.0,actor--blackbyte,artifact--sha256:6f834f8a04529d3a29f8aae7897db1b2a603ba9804605e61b2235542d5d180d5,observation--sha256:c135159c67b2dfe3de50e518d5f2c35313ee89ca3cab2acd12113ed22a9fa389,file-name,2024-security-report.pdf,2024-security-report.pdf,candidate,,unknown,unknown,not-stated,,source--blackbyte--43ae5f2d8c1ec50a,actor_profile/evidence/blackbyte.csv,"{""row"": 572}",[],[],[],[],0,false,medium,TLP:CLEAR,csv-row,"summary/2024/2024-security-report.pdf {""page"": 15} Quantum 15 CHECK POINT SOFTWARE | SECURITY REPORT 2024 Check Point Quantum IoT Protect and Threat Emulation provide protection against this threat (APT.Wins.HorseShell) The FBI, CISA, and ACSC warn that the BianLian ransomware group has shifted its tactics to extortion-only attacks. Instea",
1.0.0,actor--blackbyte,artifact--sha256:6f834f8a04529d3a29f8aae7897db1b2a603ba9804605e61b2235542d5d180d5,observation--sha256:d4a6949f66dddfbc67c9e27b7953e598d77c9a29a270c1b5b9ad3d9692c4ad87,file-name,2024-security-report.pdf,2024-security-report.pdf,candidate,,unknown,unknown,not-stated,,source--blackbyte--43ae5f2d8c1ec50a,actor_profile/evidence/blackbyte.csv,"{""row"": 573}",[],[],[],[],0,false,medium,TLP:CLEAR,csv-row,"summary/2024/2024-security-report.pdf {""page"": 79} Royal 79 CHECK POINT SOFTWARE | SECURITY REPORT 2024 RANSOMWARE: THE PRINCIPAL THREAT Several families emerge as particularly prominent in the 2023 CPIRT ransomware threat landscape. Notably, the 'Royal' ransomware has rapidly evolved to become a potent threat, accounting for a significant number of incidents. In most cases, phishing was used as the initial access vector, often deploying malicious PDFs or employing c",
1.0.0,actor--blackbyte,artifact--sha256:6f834f8a04529d3a29f8aae7897db1b2a603ba9804605e61b2235542d5d180d5,observation--sha256:cde349cf821711908552b534cb8070a3de4ddf19b799a65c70c933ea3d0e944b,file-name,2024-security-report.pdf,2024-security-report.pdf,candidate,,unknown,unknown,not-stated,,source--blackbyte--43ae5f2d8c1ec50a,actor_profile/evidence/blackbyte.csv,"{""row"": 574}",[],[],[],[],0,false,medium,TLP:CLEAR,csv-row,"summary/2024/2024-security-report.pdf {""page"": 79} Royal a significant number of incidents. In most cases, phishing was used as the initial access vector, often deploying malicious PDFs or employing callback phishing tactics to install remote desktop access. In addition, Royal actors repurposed tools like Cobalt Strike, NSudo, and PsExec for the second stages of the attacks. ALPHV (BlackCat) ransomware demonstrated its versatility as it was used to attack various systems, including Windows,",
1.0.0,actor--blackbyte,artifact--sha256:6f834f8a04529d3a29f8aae7897db1b2a603ba9804605e61b2235542d5d180d5,observation--sha256:af9feed98571bbee4f91d3bbcbac92af3a8f7cbf7988207a58498783a6832f8a,file-name,2024-security-report.pdf,2024-security-report.pdf,candidate,,unknown,unknown,not-stated,,source--blackbyte--43ae5f2d8c1ec50a,actor_profile/evidence/blackbyte.csv,"{""row"": 575}",[],[],[],[],0,false,medium,TLP:CLEAR,csv-row,"summary/2024/2024-security-report.pdf {""page"": 8} Royal reports that threat actors in hacking forums have started making use of AI tools like ChatGPT, in order to create malware and attack tools such as info-stealers and encryptors. Britain’s international mail service, Royal Mail, has had its operations disrupted by a cyberattack. The service has instructed its users not to post mail, as it is unable to dispatch packages to their destinations. The LockBit ransomware gang has been confir",
1.0.0,actor--blackbyte,artifact--sha256:7ee469e131141d3f5c44e1ad4620a997edbb349c7f37e551a6b6903e5c1a963e,observation--sha256:7cfc9f317e6d10bedc4e98ec002b7cb2f67d18015021ed8386c93713ee7f8d33,file-name,2024-unit42-incident-response-report_compressed.pdf,2024-unit42-incident-response-report_compressed.pdf,candidate,,unknown,unknown,not-stated,,source--blackbyte--43ae5f2d8c1ec50a,actor_profile/evidence/blackbyte.csv,"{""row"": 576}",[],[],[],[],0,false,medium,TLP:CLEAR,csv-row,"summary/2024/2024-unit42-incident-response-report_compressed.pdf {""page"": 18} Black Basta get ahead. Through proactive preparation, organizations can get ready to respond within hours to compromises, stopping attackers before they have a chance to execute their plans. • Automation. As we mentioned in the Black Basta example above, human security teams need to sleep, and they’re also typically pulled in many directions. Automation– especially when powered by machine learning and AI–can help defen",
1.0.0,actor--blackbyte,artifact--sha256:7ee469e131141d3f5c44e1ad4620a997edbb349c7f37e551a6b6903e5c1a963e,observation--sha256:779f607d4b9e65c38525f2383753b8a26caba0922719bbbef367c985b73d2581,file-name,2024-unit42-incident-response-report_compressed.pdf,2024-unit42-incident-response-report_compressed.pdf,candidate,,unknown,unknown,not-stated,,source--blackbyte--43ae5f2d8c1ec50a,actor_profile/evidence/blackbyte.csv,"{""row"": 577}",[],[],[],[],0,false,medium,TLP:CLEAR,csv-row,"summary/2024/2024-unit42-incident-response-report_compressed.pdf {""page"": 34} Black Basta s (13 hours and 35 minutes elapsed) Figure 7. In less than 14 hours, attackers gained access to an organization, ex/uniFB01ltrated terabytes of data, and deployed ransomware to nearly 10,000 endpoints. Case/uniFB01le: Black Basta Ransomware In certain kinds of cases, ex/uniFB01ltration happens even faster. While we expected that extortion cases would be the fastest to ex/uniFB01ltration, that wasn’t the cas",
1.0.0,actor--blackbyte,artifact--sha256:7ee469e131141d3f5c44e1ad4620a997edbb349c7f37e551a6b6903e5c1a963e,observation--sha256:2e5cb5e4fad7d9845d169a883adb1a03b5c97880de468e037d5d1a0c60b13e1a,file-name,2024-unit42-incident-response-report_compressed.pdf,2024-unit42-incident-response-report_compressed.pdf,candidate,,unknown,unknown,not-stated,,source--blackbyte--43ae5f2d8c1ec50a,actor_profile/evidence/blackbyte.csv,"{""row"": 578}",[],[],[],[],0,false,medium,TLP:CLEAR,csv-row,"summary/2024/2024-unit42-incident-response-report_compressed.pdf {""page"": 34} Black Basta bottom line is that, for many organizations, ex/uniFB01ltration may be underway before Incident Response and Legal teams have even assembled a response team and plan. It might even be complete. In one case involving Black Basta ransomware, it took attackers less than 14 hours to accomplish extensive compromise. Starting with a simple phishing email, the threat group gained initial entry to the organization ",
1.0.0,actor--blackbyte,artifact--sha256:7ee469e131141d3f5c44e1ad4620a997edbb349c7f37e551a6b6903e5c1a963e,observation--sha256:ccf8de93a4ca5e2e56ccd45bc9341a1c9a36e091b9c8bb477f2f9f161fd54112,file-name,2024-unit42-incident-response-report_compressed.pdf,2024-unit42-incident-response-report_compressed.pdf,candidate,,unknown,unknown,not-stated,,source--blackbyte--43ae5f2d8c1ec50a,actor_profile/evidence/blackbyte.csv,"{""row"": 579}",[],[],[],[],0,false,medium,TLP:CLEAR,csv-row,"summary/2024/2024-unit42-incident-response-report_compressed.pdf {""page"": 63} Quantum reliant on advanced detection capabilities to bridge the resulting detection gap. Now is the time to stimulate awareness of and preparation for handling inauthentic AI-enabled information. Encrypted Data Stockpiles Quantum computing is still a decidedly futuristic capability. Nevertheless, when it eventually becomes available, attackers will suddenly be able to decrypt material that was previously impenetrable.",
1.0.0,actor--blackbyte,artifact--sha256:7ee469e131141d3f5c44e1ad4620a997edbb349c7f37e551a6b6903e5c1a963e,observation--sha256:0686914c010c3ff2ba1deca37a44daf147666f07d2b3ed881c3edce5034df8d9,file-name,2024-unit42-incident-response-report_compressed.pdf,2024-unit42-incident-response-report_compressed.pdf,candidate,,unknown,unknown,not-stated,,source--blackbyte--43ae5f2d8c1ec50a,actor_profile/evidence/blackbyte.csv,"{""row"": 580}",[],[],[],[],0,false,medium,TLP:CLEAR,csv-row,"summary/2024/2024-unit42-incident-response-report_compressed.pdf {""page"": 63} quantum es available, attackers will suddenly be able to decrypt material that was previously impenetrable. We expect to see attackers harvesting and storing encrypted data, with an eye toward one day breaking it open using quantum cryptography. Organizations should take stock of the encrypted data under their control, noting what has been stolen in the past that could become unprotected in the future. Organizations sh",
1.0.0,actor--blackbyte,artifact--sha256:e72873119e66f69b0bd4367d7516889e98b1a716f8eb70d6410ff5f40bb54c12,observation--sha256:f1cffc2e69262f9b8227f001e89623846d4179e7702741a948b4e16f6066ed88,file-name,2024.pdf,2024.pdf,candidate,,unknown,unknown,not-stated,,source--blackbyte--43ae5f2d8c1ec50a,actor_profile/evidence/blackbyte.csv,"{""row"": 599}",[],[],[],[],0,false,medium,TLP:CLEAR,csv-row,"summary/2024/First 6 Half-Year Threat Report 2024.pdf {""page"": 3} Black Basta ansomware strains: As ransomware continues to be a top security concern for organizations, Darktrace’s Threat Research team has identified three predominant ransomware strains impacting customers: Akira, Lockbit, and Black Basta. All three have been observed using dou- ble extortion methods, with Akira attempting to exfiltrate data within 12 hours of the initial file encryption. / Edge infrastructure compromise is a to",
1.0.0,actor--blackbyte,artifact--sha256:e72873119e66f69b0bd4367d7516889e98b1a716f8eb70d6410ff5f40bb54c12,observation--sha256:aa04e295b9aeffb595b404551b09d81c69f43e3d22bcd72be91eaed45e35bde6,file-name,2024.pdf,2024.pdf,candidate,,unknown,unknown,not-stated,,source--blackbyte--43ae5f2d8c1ec50a,actor_profile/evidence/blackbyte.csv,"{""row"": 600}",[],[],[],[],0,false,medium,TLP:CLEAR,csv-row,"summary/2024/First 6 Half-Year Threat Report 2024.pdf {""page"": 8} Black Basta ity Concern As ransomware continues to be a top security concern for organizations, the Darktrace Threat Research team has identified three predominant ransomware strains impacting customers: Akira[3], Lockbit[4] and Black Basta[5]. While these ransomware families are not new, they have remained persistent threats in recent years, indicating that these variants are continuing to evolve and adopt new, sophisticated tact",
1.0.0,actor--blackbyte,artifact--sha256:e72873119e66f69b0bd4367d7516889e98b1a716f8eb70d6410ff5f40bb54c12,observation--sha256:71ec6874ceb703db517c045f046a7380623daf527175828a8404282c2728d9e5,file-name,2024.pdf,2024.pdf,candidate,,unknown,unknown,not-stated,,source--blackbyte--43ae5f2d8c1ec50a,actor_profile/evidence/blackbyte.csv,"{""row"": 601}",[],[],[],[],0,false,medium,TLP:CLEAR,csv-row,"summary/2024/First 6 Half-Year Threat Report 2024.pdf {""page"": 8} Black Basta n particular, Darktrace observed attackers attempting to exfiltrate data within 12 hours of the initial file encryption, all but confirming that double extortion is a standard part of their playbook. Both LockBit and Black Basta have been observed using such double extortion tactics, highlighting the lucrative strategy of the RaaS marketplace. RaaS operates not dissimilarly to traditional business franchising by using ",
1.0.0,actor--blackbyte,artifact--sha256:e72873119e66f69b0bd4367d7516889e98b1a716f8eb70d6410ff5f40bb54c12,observation--sha256:b1629d65e44e40a65414c0908a5696ee3aa21cd14ee8645808cb1baa3b0b36e1,file-name,2024.pdf,2024.pdf,candidate,,unknown,unknown,not-stated,,source--blackbyte--43ae5f2d8c1ec50a,actor_profile/evidence/blackbyte.csv,"{""row"": 602}",[],[],[],[],0,false,medium,TLP:CLEAR,csv-row,"summary/2024/First 6 Half-Year Threat Report 2024.pdf {""page"": 8} Black Basta illed actors to deploy ransomware and receive a share of the ransom through an affiliate framework [6] [7]. Darktrace observed signifi- cant cyber disruptions and data exfiltration in cases involving both LockBit and Black Basta, confirming likely double extortion intentions. In the case of Black Basta, Darktrace identified it newly using the remote management tool AnyDesk, which was reportedly being used in their soci",
1.0.0,actor--blackbyte,artifact--sha256:e72873119e66f69b0bd4367d7516889e98b1a716f8eb70d6410ff5f40bb54c12,observation--sha256:dbc644bacc258bfafbb12206fd5d096d77f2e3da3dbf6dfdb95db67d475c9147,file-name,2024.pdf,2024.pdf,candidate,,unknown,unknown,not-stated,,source--blackbyte--43ae5f2d8c1ec50a,actor_profile/evidence/blackbyte.csv,"{""row"": 603}",[],[],[],[],0,false,medium,TLP:CLEAR,csv-row,"summary/2024/First 6 Half-Year Threat Report 2024.pdf {""page"": 8} Black Basta an affiliate framework [6] [7]. Darktrace observed signifi- cant cyber disruptions and data exfiltration in cases involving both LockBit and Black Basta, confirming likely double extortion intentions. In the case of Black Basta, Darktrace identified it newly using the remote management tool AnyDesk, which was reportedly being used in their social-engineering campaigns [8]. Interestingly, Black Basta was also noted to b",
1.0.0,actor--blackbyte,artifact--sha256:e72873119e66f69b0bd4367d7516889e98b1a716f8eb70d6410ff5f40bb54c12,observation--sha256:4613d3020e16dead5dad751c0c8260fe15254fbf7521a893bbe1b422771a7950,file-name,2024.pdf,2024.pdf,candidate,,unknown,unknown,not-stated,,source--blackbyte--43ae5f2d8c1ec50a,actor_profile/evidence/blackbyte.csv,"{""row"": 607}",[],[],[],[],0,false,medium,TLP:CLEAR,csv-row,"summary/2024/IBM X-Force Cloud Threat Landscape Report 2024.pdf {""page"": 23} quantum age risks associated with shadow AI and unsanctioned use of AI tools in the workplace, helping ensure transparency and control over AI initiatives. Additionally, organizations should prepare for the potential impact quantum-enabled threats could have on the long-term security of AI projects. Conduct comprehensive preparation and testing A proactive, holistic security approach is paramount in the cloud landscape.",
1.0.0,actor--blackbyte,artifact--sha256:e72873119e66f69b0bd4367d7516889e98b1a716f8eb70d6410ff5f40bb54c12,observation--sha256:f53c5bd299345bcb77721cbc5ff731c7fa3c0364fc874bc78d730bfd848b3317,file-name,2024.pdf,2024.pdf,candidate,,unknown,unknown,not-stated,,source--blackbyte--43ae5f2d8c1ec50a,actor_profile/evidence/blackbyte.csv,"{""row"": 608}",[],[],[],[],0,false,medium,TLP:CLEAR,csv-row,"summary/2024/Microsoft Digital Defense Report 2024.pdf {""page"": 50} Royal Cyber Point of View: Canada How Canada is boosting security by investing in innovation and partnerships Housed within the Royal Canadian Mounted Police, the National Cybercrime Coordination Centre (NC3) performs a key role when it comes to Canada’s global contribution to reduce cybercrime. The NC3 has not only established operational links",
1.0.0,actor--blackbyte,artifact--sha256:e72873119e66f69b0bd4367d7516889e98b1a716f8eb70d6410ff5f40bb54c12,observation--sha256:f362450d4a389c1ee41b0ef8842073f97c4d8d7836285942d46baffd624bb989,file-name,2024.pdf,2024.pdf,candidate,,unknown,unknown,not-stated,,source--blackbyte--43ae5f2d8c1ec50a,actor_profile/evidence/blackbyte.csv,"{""row"": 609}",[],[],[],[],0,false,medium,TLP:CLEAR,csv-row,"summary/2024/Microsoft Digital Defense Report 2024.pdf {""page"": 78} quantum rmation of the defense sector. Technology and initiatives touching on AI and cybersecurity were front and center at the recent 75th summit of the North Atlantic Treaty Organization (NATO). Cloud computing, AI, and quantum computing all have a role in cybersecurity, but their impacts on our collective defense can only be maximized through joint action and collaboration in defense innovation. Initiatives like the NATO’s De",
1.0.0,actor--blackbyte,artifact--sha256:e72873119e66f69b0bd4367d7516889e98b1a716f8eb70d6410ff5f40bb54c12,observation--sha256:bb6516902d93e8c27d28a4f6e09a90cd033d424c4968ece54bd93aeb4f571529,file-name,2024.pdf,2024.pdf,candidate,,unknown,unknown,not-stated,,source--blackbyte--43ae5f2d8c1ec50a,actor_profile/evidence/blackbyte.csv,"{""row"": 83}",[],[],[],[],0,false,medium,TLP:CLEAR,csv-row,"cybercrime/2024/Semiannual+Ransomware+Report+-+H1+2024.pdf {""page"": 14} Black Basta ckBit continues to dominate as the most active ransomware group despite a significant law enforcement intervention in February, Operation Cronos, that temporarily hampered their operations. Other prominent groups like Black Basta, Phobos, and 8Base have also shown resilience and adaptability, quickly exploiting new vulnerabilities and employing sophisticated attack methods. The overall number of ransomware incide",
1.0.0,actor--blackbyte,artifact--sha256:e72873119e66f69b0bd4367d7516889e98b1a716f8eb70d6410ff5f40bb54c12,observation--sha256:b0c68e372d4b63a890b692c75d45ba76a851ea3f2f7e252edc027fcadaa2a988,file-name,2024.pdf,2024.pdf,candidate,,unknown,unknown,not-stated,,source--blackbyte--43ae5f2d8c1ec50a,actor_profile/evidence/blackbyte.csv,"{""row"": 84}",[],[],[],[],0,false,medium,TLP:CLEAR,csv-row,"cybercrime/2024/Semiannual+Ransomware+Report+-+H1+2024.pdf {""page"": 15} Black Basta is seen in other energy verticals.) LockBit was the most active ransomware organization with 16 separate attacks, primarily targeting ONG vendors, though the group also targeted upstream and midstream organizations. Black Basta followed LockBit with 10 claims, with victims ranging from ONG vendors to upstream, midstream, and downstream organizations. Hunters International and Play tied with seven attacks each, ta",
1.0.0,actor--blackbyte,artifact--sha256:e72873119e66f69b0bd4367d7516889e98b1a716f8eb70d6410ff5f40bb54c12,observation--sha256:c6320571050b24722d536bdbbc3e91f4da53c14c3a367e9a12e7f0a4757edb37,file-name,2024.pdf,2024.pdf,candidate,,unknown,unknown,not-stated,,source--blackbyte--43ae5f2d8c1ec50a,actor_profile/evidence/blackbyte.csv,"{""row"": 85}",[],[],[],[],0,false,medium,TLP:CLEAR,csv-row,"cybercrime/2024/Semiannual+Ransomware+Report+-+H1+2024.pdf {""page"": 15} Conti rations, including obtaining over 7,000 decryption keys now being used to help victims reclaim data.20 21 Ransomware Group Highlights: LockBit LockBit has remained the top ransomware group since the shutdown of Conti in 2022. The group has remained dominant, doubling the second highest threat actor’s victim count. The group had 20% of all the tracked ransomware activity in the first half of 2024. This report has refere",
1.0.0,actor--blackbyte,artifact--sha256:e72873119e66f69b0bd4367d7516889e98b1a716f8eb70d6410ff5f40bb54c12,observation--sha256:36140367748d8b6146f7a5659ae4fe8373f2f24a04da22f08ac4672c844a8dfd,file-name,2024.pdf,2024.pdf,candidate,,unknown,unknown,invalid-calendar-date:same-record,,source--blackbyte--43ae5f2d8c1ec50a,actor_profile/evidence/blackbyte.csv,"{""row"": 86}",[],[],[],[],0,false,medium,TLP:CLEAR,csv-row,"cybercrime/2024/Semiannual+Ransomware+Report+-+H1+2024.pdf {""page"": 16} Black Basta technology and software company.23 Play will most likely continue to keep a low profile in order to avoid major law enforcement action. While continuing operations they may choose to avoid critical infrastructure. Black Basta One group that has seen a lot of attention from law enforcement and media has been Black Basta. They are comprised of former members of Conti that split off in 2022.24 CISA released an alert",
1.0.0,actor--blackbyte,artifact--sha256:e72873119e66f69b0bd4367d7516889e98b1a716f8eb70d6410ff5f40bb54c12,observation--sha256:bbbe6c8a8a1a260674ee5bbb48f62edea6b7140e05b92b82c35e1b57bf3526c7,file-name,2024.pdf,2024.pdf,candidate,,unknown,unknown,invalid-calendar-date:same-record,,source--blackbyte--43ae5f2d8c1ec50a,actor_profile/evidence/blackbyte.csv,"{""row"": 87}",[],[],[],[],0,false,medium,TLP:CLEAR,csv-row,"cybercrime/2024/Semiannual+Ransomware+Report+-+H1+2024.pdf {""page"": 16} Black Basta er to avoid major law enforcement action. While continuing operations they may choose to avoid critical infrastructure. Black Basta One group that has seen a lot of attention from law enforcement and media has been Black Basta. They are comprised of former members of Conti that split off in 2022.24 CISA released an alert detailing TTPs and how the group executes attacks, relying heavily on phishing campaigns and ",
1.0.0,actor--blackbyte,artifact--sha256:ec110d6fde61fd326453d169eaf3f6c2f9b799a3342296778d9849288d71ce01,observation--sha256:c5237adc4e1f89d851e120e392303ef75faa3c93e53a00ecb8448ed33646dd8b,file-name,2024YiR-report.pdf,2024YiR-report.pdf,candidate,,unknown,unknown,not-stated,,source--blackbyte--43ae5f2d8c1ec50a,actor_profile/evidence/blackbyte.csv,"{""row"": 655}",[],[],[],[],0,false,medium,TLP:CLEAR,csv-row,"summary/2025/2024YiR-report.pdf {""page"": 23} Black Basta ups that ranked as most active this year did not make the top ten last year, demonstrating how dynamic this space is. 5% Hunters International 7% Play 8.5% Akira 11% RansomHub 16% LockBit 3.0 4% INC Ransom 4% Qilin 4% Black Basta 2% Cactus 3% 8Base 3% BlackSuit 3% BianLian 2% Everest 2% FOG 25% Other 2% Rhysida Figure 18 2024 volume of posts made to data leak sites by ransomware groups *Percentages do not add up to 100 due to rounding Thre",
1.0.0,actor--blackbyte,artifact--sha256:ec110d6fde61fd326453d169eaf3f6c2f9b799a3342296778d9849288d71ce01,observation--sha256:a88f8c41aa8b231edb89c8047dac5cc1c4c205cc24f1e9e09d9f96ce4ff5347a,file-name,2024YiR-report.pdf,2024YiR-report.pdf,candidate,,unknown,unknown,not-stated,,source--blackbyte--43ae5f2d8c1ec50a,actor_profile/evidence/blackbyte.csv,"{""row"": 656}",[],[],[],[],0,false,medium,TLP:CLEAR,csv-row,"summary/2025/2024YiR-report.pdf {""page"": 7} Quantum s underscores the importance of decommissioning and replacing EOL components of an organization’s network as soon as possible. CVE Manufacturer Product Device type Vulnerability description CVE-2024-24919 Check Point Quantum Security Gateways Firewall/VPN Attacker can read sensitive data like password hashes. CVE-2024-3273 D-Link Multiple NAS Devices Network attached storage (NAS) Allows attacker to execute arbitrary base 64-encoded co",
1.0.0,actor--blackbyte,artifact--sha256:a70ad78ce3ea51330933e66e4e942e86257a6cf5c346aa6caa17ef69e87fdced,observation--sha256:779bae71d6c06127264d4775cf5ce8903c7b4f7e91a8c4d82a0d3118eed030e5,file-name,2024_Annual_Cybersecurity_Vulnerability_Threat_Landscape_Research_Report.pdf,2024_Annual_Cybersecurity_Vulnerability_Threat_Landscape_Research_Report.pdf,candidate,,unknown,unknown,not-stated,,source--blackbyte--43ae5f2d8c1ec50a,actor_profile/evidence/blackbyte.csv,"{""row"": 657}",[],[],[],[],0,false,medium,TLP:CLEAR,csv-row,"summary/2025/2024_Annual_Cybersecurity_Vulnerability_Threat_Landscape_Research_Report.pdf {""page"": 34} Black Basta 。 2024年6月6日， Rejetto HTTP File Server 模板注入漏洞(CVE-2024-23692)被一位 安全研究员在博客文章中披露， 此时该漏洞EXP已经被广泛传播。 勒索软件攻击活动目前已经成为对政企机构威胁最大的恶意网络攻击活动， 可能直接导致业务的中断和数 据的泄露， 影响企业经营造成声誉损失。 漏洞利用是勒索软件团伙获取目标机构访问权的常用手段， 2024 年多个漏洞在公开后立即遭到勒索软件攻击者滥用。 Black Basta和Bl00dy勒索软件团伙被披露利用远程桌面管理软件ScreenConnect存在的漏洞 CVE-2024-1708和CVE-2024-1709发起攻击。 Black Basta勒索团伙利用漏洞后部署了Cobalt Strike木马， 而Bl00dy勒索团伙在攻击活动中使用了此前Conti和LockBit ",
1.0.0,actor--blackbyte,artifact--sha256:a70ad78ce3ea51330933e66e4e942e86257a6cf5c346aa6caa17ef69e87fdced,observation--sha256:926f3ad4cd1e3557aee7cf854eac3866548df361cfebab1b0add381a1f36adb7,file-name,2024_Annual_Cybersecurity_Vulnerability_Threat_Landscape_Research_Report.pdf,2024_Annual_Cybersecurity_Vulnerability_Threat_Landscape_Research_Report.pdf,candidate,,unknown,unknown,not-stated,,source--blackbyte--43ae5f2d8c1ec50a,actor_profile/evidence/blackbyte.csv,"{""row"": 658}",[],[],[],[],0,false,medium,TLP:CLEAR,csv-row,"summary/2025/2024_Annual_Cybersecurity_Vulnerability_Threat_Landscape_Research_Report.pdf {""page"": 34} Black Basta 被广泛传播。 勒索软件攻击活动目前已经成为对政企机构威胁最大的恶意网络攻击活动， 可能直接导致业务的中断和数 据的泄露， 影响企业经营造成声誉损失。 漏洞利用是勒索软件团伙获取目标机构访问权的常用手段， 2024 年多个漏洞在公开后立即遭到勒索软件攻击者滥用。 Black Basta和Bl00dy勒索软件团伙被披露利用远程桌面管理软件ScreenConnect存在的漏洞 CVE-2024-1708和CVE-2024-1709发起攻击。 Black Basta勒索团伙利用漏洞后部署了Cobalt Strike木马， 而Bl00dy勒索团伙在攻击活动中使用了此前Conti和LockBit Black （即LockBit 3.0） 泄露的构建器。 了解勒索软件攻击中利用的主要漏洞对企业安全防护能力建设至关重要。 通过优先考虑漏洞缓解、 及时应 用补丁并遵循网络安全准",
1.0.0,actor--blackbyte,artifact--sha256:a70ad78ce3ea51330933e66e4e942e86257a6cf5c346aa6caa17ef69e87fdced,observation--sha256:1551609eb2344c8e48754305f300285efb14bec2d6204a236ac3ef1d0ab6e549,file-name,2024_Annual_Cybersecurity_Vulnerability_Threat_Landscape_Research_Report.pdf,2024_Annual_Cybersecurity_Vulnerability_Threat_Landscape_Research_Report.pdf,candidate,,unknown,unknown,not-stated,,source--blackbyte--43ae5f2d8c1ec50a,actor_profile/evidence/blackbyte.csv,"{""row"": 659}",[],[],[],[],0,false,medium,TLP:CLEAR,csv-row,"summary/2025/2024_Annual_Cybersecurity_Vulnerability_Threat_Landscape_Research_Report.pdf {""page"": 34} Conti 响企业经营造成声誉损失。 漏洞利用是勒索软件团伙获取目标机构访问权的常用手段， 2024 年多个漏洞在公开后立即遭到勒索软件攻击者滥用。 Black Basta和Bl00dy勒索软件团伙被披露利用远程桌面管理软件ScreenConnect存在的漏洞 CVE-2024-1708和CVE-2024-1709发起攻击。 Black Basta勒索团伙利用漏洞后部署了Cobalt Strike木马， 而Bl00dy勒索团伙在攻击活动中使用了此前Conti和LockBit Black （即LockBit 3.0） 泄露的构建器。 了解勒索软件攻击中利用的主要漏洞对企业安全防护能力建设至关重要。 通过优先考虑漏洞缓解、 及时应 用补丁并遵循网络安全准则， 可以降低成为勒索软件攻击受害者的风险。 勒索软件团伙活跃度排名如图3-9所示。 三、勒索软件相关漏洞 △图3-9 2024年勒索软",
1.0.0,actor--blackbyte,artifact--sha256:a70ad78ce3ea51330933e66e4e942e86257a6cf5c346aa6caa17ef69e87fdced,observation--sha256:a66856b85e104791638e72d58b79ddddd25a129614c4de0d875811b5fef10867,file-name,2024_Annual_Cybersecurity_Vulnerability_Threat_Landscape_Research_Report.pdf,2024_Annual_Cybersecurity_Vulnerability_Threat_Landscape_Research_Report.pdf,candidate,,unknown,unknown,not-stated,,source--blackbyte--43ae5f2d8c1ec50a,actor_profile/evidence/blackbyte.csv,"{""row"": 660}",[],[],[],[],0,false,medium,TLP:CLEAR,csv-row,"summary/2025/2024_Annual_Cybersecurity_Vulnerability_Threat_Landscape_Research_Report.pdf {""page"": 35} Black Basta ect软件存在的两个重大安全漏洞， 分别是 CVE-2024-1708和CVE-2024-1709， 这两个漏洞影响的版本包括23.9.7及之前的版本。 这些安全漏洞可 能允许黑客在未经授权的情况下获得系统的访问和控制权限。 2024年2月21日， 美国网络安全和基础设施安全局将该漏洞添加到其已知被利用漏洞目录中。 在此期 间研究人员多次追踪到涉及CVE-2024-1708和CVE-2024-1709漏洞的勒索软件攻击， 其中主要包括 Black Basta 和 Bl00dy 勒索软件集团。 ConnectWise ScreenConnect 路径遍历漏洞(CVE-2024-1708) Connectwise Screenconnect 身份认证绕过漏洞(CVE-2024-1709) 1.Black Basta 和 Bl00dy利用ScreenConnect漏",
1.0.0,actor--blackbyte,artifact--sha256:a70ad78ce3ea51330933e66e4e942e86257a6cf5c346aa6caa17ef69e87fdced,observation--sha256:a0eefc2915e87fd49bf60fc9d2c095a4c3f38f321c696903bf7455a41b79f75d,file-name,2024_Annual_Cybersecurity_Vulnerability_Threat_Landscape_Research_Report.pdf,2024_Annual_Cybersecurity_Vulnerability_Threat_Landscape_Research_Report.pdf,candidate,,unknown,unknown,not-stated,,source--blackbyte--43ae5f2d8c1ec50a,actor_profile/evidence/blackbyte.csv,"{""row"": 661}",[],[],[],[],0,false,medium,TLP:CLEAR,csv-row,"summary/2025/2024_Annual_Cybersecurity_Vulnerability_Threat_Landscape_Research_Report.pdf {""page"": 35} Black Basta 安全和基础设施安全局将该漏洞添加到其已知被利用漏洞目录中。 在此期 间研究人员多次追踪到涉及CVE-2024-1708和CVE-2024-1709漏洞的勒索软件攻击， 其中主要包括 Black Basta 和 Bl00dy 勒索软件集团。 ConnectWise ScreenConnect 路径遍历漏洞(CVE-2024-1708) Connectwise Screenconnect 身份认证绕过漏洞(CVE-2024-1709) 1.Black Basta 和 Bl00dy利用ScreenConnect漏洞 关联漏洞 受影响版本 影响量级 危害描述 修复措施 23.9.7 及更早版本（低权限用户可以执行任意代码） 允许攻击者执行远程代码或直接影响机密数据或关键系统的能力。 受影响用户升级至最新版本： ConnectWise ScreenConnect >= ",
1.0.0,actor--blackbyte,artifact--sha256:a2c2cc6e9ce94ef76dded0a103a2ce814bd00ee0089f720888a80ed994874c30,observation--sha256:4bbce2086c3f27817da4c31e6ef09977f8640112b61c2270a609af90095f2b15,file-name,2024_Cyber_Threat_Report_Huntress_FINAL.pdf,2024_Cyber_Threat_Report_Huntress_FINAL.pdf,candidate,,unknown,unknown,not-stated,,source--blackbyte--43ae5f2d8c1ec50a,actor_profile/evidence/blackbyte.csv,"{""row"": 581}",[],[],[],[],0,false,medium,TLP:CLEAR,csv-row,"summary/2024/2024_Cyber_Threat_Report_Huntress_FINAL.pdf {""page"": 13} Black Basta strains picked up in the wake of its takedown � Year-end Ransomware Activities Disruptions in the Ransomware Food Chain 0% 25% 50% 75% 100% Jan MayFeb June SepMar July OctApr Aug Nov Dec Qakbot LockBit Akira DarkGate Black Basta Hive INC Play Qakbot Takedown Figure 5: Volume of ransomware variants with Qakbot initial access malware Ransomware Month over Month with Qakbot",
1.0.0,actor--blackbyte,artifact--sha256:a2c2cc6e9ce94ef76dded0a103a2ce814bd00ee0089f720888a80ed994874c30,observation--sha256:dab8389789e0ceae76fe73650adddafa44e4adc48b8df209ba05d372207b4f7f,file-name,2024_Cyber_Threat_Report_Huntress_FINAL.pdf,2024_Cyber_Threat_Report_Huntress_FINAL.pdf,candidate,,unknown,unknown,not-stated,,source--blackbyte--43ae5f2d8c1ec50a,actor_profile/evidence/blackbyte.csv,"{""row"": 582}",[],[],[],[],0,false,medium,TLP:CLEAR,csv-row,"summary/2024/2024_Cyber_Threat_Report_Huntress_FINAL.pdf {""page"": 14} Black Basta , the argument against takedowns like what was witnessed against Qakbot and LockBit within the last year should be carefully considered before the landscape shifts out of control � Qakbot Emotet LockBit Akira DarkGate Black Basta Hive INC Play Ransomware Month over Month with Qakbot and Emotet Figure 6: Volume of ransomware variants with Qakbot and Emotet initial access malware 0% 25 50 75 100% Jan MayFeb June Sep ",
1.0.0,actor--blackbyte,artifact--sha256:a2c2cc6e9ce94ef76dded0a103a2ce814bd00ee0089f720888a80ed994874c30,observation--sha256:4cd72ce2b457d9b0486f52bb8b5e363b57f24513789f35e99a9f795e4ce1f513,file-name,2024_Cyber_Threat_Report_Huntress_FINAL.pdf,2024_Cyber_Threat_Report_Huntress_FINAL.pdf,candidate,,unknown,unknown,not-stated,,source--blackbyte--43ae5f2d8c1ec50a,actor_profile/evidence/blackbyte.csv,"{""row"": 583}",[],[],[],[],0,false,medium,TLP:CLEAR,csv-row,"summary/2024/2024_Cyber_Threat_Report_Huntress_FINAL.pdf {""page"": 15} Black Basta Health Network� Ransomware Variation & Proliferation Disruptions in the Ransomware Food Chain Ransomware Families Figure 7: Breakdown of ransomware families seen in incidents from 2023 Dharma 29.3% MedusaLocker 1.5% Black Basta 3.4% BianLian 3.2% Cl0p 1.3% Play 8.5% DarkGate 4.1% lockBit 19.5% Phobos 5% INC 8.9% Hive 4.9% BlackCat (ALPHV) 6.1% Akira 4.2% 15 | 2024 Cyber Threat Report",
1.0.0,actor--blackbyte,artifact--sha256:afbd89c73749eca99773969ea328a19c1537be31fd7799237b00dc866f97f972,observation--sha256:56a57d5e52090b62ebc2a024a2388a9f3e9dc0e766b35463b9d911210242e9ef,file-name,2024_Trustwave_Public_Sector_Threat_Landscape.pdf,2024_Trustwave_Public_Sector_Threat_Landscape.pdf,candidate,,unknown,unknown,not-stated,,source--blackbyte--43ae5f2d8c1ec50a,actor_profile/evidence/blackbyte.csv,"{""row"": 584}",[],[],[],[],0,false,medium,TLP:CLEAR,csv-row,"summary/2024/2024_Trustwave_Public_Sector_Threat_Landscape.pdf {""page"": 64} Royal derLabs researchers show 10 different ransomware groups (Fig 48) active in the public sector, with LockBit, Medusa, and Play being the most prevalent. 0% 10% 20% 30% 40% 50% LockBit 3.0 Medusa Play BianLian SnatchTeam Royal NoEscape AlphV BlackByte Vice Society 43% 13% 12% 6% 6% 4% 4% 4% 4% 4% Figure 48: Ransomware groups attacks on public sector Initial Foothold Malware Exfiltration / Post Compromise HTML Attachme",
1.0.0,actor--blackbyte,artifact--sha256:afbd89c73749eca99773969ea328a19c1537be31fd7799237b00dc866f97f972,observation--sha256:ba2367b9c29f374c6c0d3e77067ca2ccea1da3b7b0e46fa8b39facda7ea64445,file-name,2024_Trustwave_Public_Sector_Threat_Landscape.pdf,2024_Trustwave_Public_Sector_Threat_Landscape.pdf,candidate,,unknown,unknown,not-stated,,source--blackbyte--43ae5f2d8c1ec50a,actor_profile/evidence/blackbyte.csv,"{""row"": 585}",[],[],[],[],0,false,medium,TLP:CLEAR,csv-row,"summary/2024/2024_Trustwave_Public_Sector_Threat_Landscape.pdf {""page"": 7} Quantum . What Trustwave SpiderLabs Is Seeing AI-powered threats like hyper-realistic misinformation and social engineering attacks could manipulate public opinion and steal sensitive data. Although still in its early stages, Quantum computing could crack current encryption, jeopardizing government communications and citizen data. However, the public sector can leverage these technologies for good. AI can be used for adva",
1.0.0,actor--blackbyte,artifact--sha256:afbd89c73749eca99773969ea328a19c1537be31fd7799237b00dc866f97f972,observation--sha256:6a353548f4b5a1294b7af7a56d2c8c28feac17a751355c91ea9b6823bf1e386a,file-name,2024_Trustwave_Public_Sector_Threat_Landscape.pdf,2024_Trustwave_Public_Sector_Threat_Landscape.pdf,candidate,,unknown,unknown,not-stated,,source--blackbyte--43ae5f2d8c1ec50a,actor_profile/evidence/blackbyte.csv,"{""row"": 586}",[],[],[],[],0,false,medium,TLP:CLEAR,csv-row,"summary/2024/2024_Trustwave_Public_Sector_Threat_Landscape.pdf {""page"": 7} quantum 5 2024 Public Sector Threat Landcape: Trustwave Threat Intelligence Briefing and Mitigation Strategies Double-Edged Sword of Emerging T echnologies The Threat Emerging technologies like generative AI and quantum computing present a double-edged sword for public-sector cybersecurity. While they offer promising possibilities for efficiency and innovation, they also raise significant security concerns should the publ",
1.0.0,actor--blackbyte,artifact--sha256:afbd89c73749eca99773969ea328a19c1537be31fd7799237b00dc866f97f972,observation--sha256:b8dbe3adbf4320517e256274a8d36a770537fedc62b2656e05be7e81c41f5fe5,file-name,2024_Trustwave_Public_Sector_Threat_Landscape.pdf,2024_Trustwave_Public_Sector_Threat_Landscape.pdf,candidate,,unknown,unknown,not-stated,,source--blackbyte--43ae5f2d8c1ec50a,actor_profile/evidence/blackbyte.csv,"{""row"": 587}",[],[],[],[],0,false,medium,TLP:CLEAR,csv-row,"summary/2024/2024_Trustwave_Public_Sector_Threat_Landscape.pdf {""page"": 7} quantum vation. Here's what the public sector might consider: ▪ Focus on security by design: Implementing regulations that require developers to prioritize secure coding practices from the outset. ▪ Standardization for post-quantum cryptography: Encouraging research and collaboration to develop and adopt new, quantum-resistant encryption standards. ▪ Transparency and accountability: Developing frameworks that hold tech co",
1.0.0,actor--blackbyte,artifact--sha256:afbd89c73749eca99773969ea328a19c1537be31fd7799237b00dc866f97f972,observation--sha256:23c61a7d4fe9294cbcb8285f9729331b737b361dfc43db44c5d20b7061170ee2,file-name,2024_Trustwave_Public_Sector_Threat_Landscape.pdf,2024_Trustwave_Public_Sector_Threat_Landscape.pdf,candidate,,unknown,unknown,not-stated,,source--blackbyte--43ae5f2d8c1ec50a,actor_profile/evidence/blackbyte.csv,"{""row"": 588}",[],[],[],[],0,false,medium,TLP:CLEAR,csv-row,"summary/2024/2024_Trustwave_Public_Sector_Threat_Landscape.pdf {""page"": 7} quantum plementing regulations that require developers to prioritize secure coding practices from the outset. ▪ Standardization for post-quantum cryptography: Encouraging research and collaboration to develop and adopt new, quantum-resistant encryption standards. ▪ Transparency and accountability: Developing frameworks that hold tech companies accountable for potential security risks associated with their products and ser",
1.0.0,actor--blackbyte,artifact--sha256:ba630f121100fa58dfa33f498e719bfe14d2d4e5caa864362dca9cdf6e768d7b,observation--sha256:8c85a90654523d39921596810855acfb11e7f1e5cb73075200f0daf59a5571c7,file-name,2025-Blockchain-Security-and-AML-Annual-Report.pdf,2025-Blockchain-Security-and-AML-Annual-Report.pdf,candidate,,unknown,unknown,not-stated,,source--blackbyte--43ae5f2d8c1ec50a,actor_profile/evidence/blackbyte.csv,"{""row"": 666}",[],[],[],[],0,false,medium,TLP:CLEAR,csv-row,"summary/2025/2025-Blockchain-Security-and-AML-Annual-Report.pdf {""page"": 60} Royal .S. and multiple international law enforcement agencies conducted a joint operation, seizing four servers, nine domain names, and about $1 million in Bitcoin associated with the Russian ransomware groups BlackSuit and Royal. Investigations revealed that since 2022, these groups had carried out ransomware attacks totaling over $500 million, with at least $370 million in illicit proﬁts. (2) Cryptocurrency Exchange G",
1.0.0,actor--blackbyte,artifact--sha256:ba630f121100fa58dfa33f498e719bfe14d2d4e5caa864362dca9cdf6e768d7b,observation--sha256:c82404abb7af08852b0a789b5417fd42f650d99e5c619a50422926e4c07e5d97,file-name,2025-Blockchain-Security-and-AML-Annual-Report.pdf,2025-Blockchain-Security-and-AML-Annual-Report.pdf,candidate,,unknown,unknown,not-stated,,source--blackbyte--43ae5f2d8c1ec50a,actor_profile/evidence/blackbyte.csv,"{""row"": 667}",[],[],[],[],0,false,medium,TLP:CLEAR,csv-row,"summary/2025/2025-Blockchain-Security-and-AML-Annual-Report.pdf {""page"": 63} Royal oviding crypto asset services without authorization.” This marked the ﬁrst regulatory ban on a DEX in Turkey. The crypto price comparison platform CryptoRadar was also included in the ban. ● September 18, 2025: The Royal Canadian Mounted Police (RCMP) announced the seizure of over $56 million in crypto assets from the exchange TradeOgre, setting a record for the largest crypto asset seizure in the country. Investi",
1.0.0,actor--blackbyte,artifact--sha256:511c014109e7ba39e726b3488e4d0c16a6003f14a1063fd7b853292a9175a5ec,observation--sha256:43fc42c34e3abb49efa3dc22ddb4270ae259afd4fb7324a052422048d0de042e,file-name,2025-CrowdStrike-European-Threat-Landscape-Report_.pdf,2025-CrowdStrike-European-Threat-Landscape-Report_.pdf,candidate,,unknown,unknown,not-stated,,source--blackbyte--43ae5f2d8c1ec50a,actor_profile/evidence/blackbyte.csv,"{""row"": 668}",[],[],[],[],0,false,medium,TLP:CLEAR,csv-row,"summary/2025/2025-CrowdStrike-European-Threat-Landscape-Report_.pdf {""page"": 9} ROYAL — including CURLY SPIDER and MUTANT SPIDER — have used vishing to gain initial access for ransomware groups (see the Initial Access Brokers section on page 14). Similarly, operators or affiliates of BGH adversaries ROYAL SPIDER, TUNNEL SPIDER, and WANDERING SPIDER have used vishing in their operations. In late 2024, a user highly likely associated with MUTANT SPIDER posted on the Russian-language forum Exploit,",
1.0.0,actor--blackbyte,artifact--sha256:c193400fb44ec5ea215f5a2279080477ad6c0a415c149c213a72b9229c06873b,observation--sha256:ace3a888db2ba2ea6a096faca274add5ec4f3db04762697ce1222b8c230a30de,file-name,2025-dbir-data-breach-investigations-report.pdf,2025-dbir-data-breach-investigations-report.pdf,candidate,,unknown,unknown,not-stated,,source--blackbyte--43ae5f2d8c1ec50a,actor_profile/evidence/blackbyte.csv,"{""row"": 669}",[],[],[],[],0,false,medium,TLP:CLEAR,csv-row,"summary/2025/2025-dbir-data-breach-investigations-report.pdf {""page"": 102} Royal malware, while Velvet Ant exploited legacy F5 BIG-IP appliances for persistence. BlackSuit ransomware actors breached CDK Global, with tactics, techniques and procedures (TTPs) strongly suggesting it is rebranding of Royal ransomware. Results of investigations into the Snowflake breach also began to emerge, indicating the threat actors used LummaStealer in its initial access. Critical vulnerabilities required swift ",
1.0.0,actor--blackbyte,artifact--sha256:c193400fb44ec5ea215f5a2279080477ad6c0a415c149c213a72b9229c06873b,observation--sha256:9d5cc73d8d214abff41175a2d4101461b36bcbc9a2b7558186203d746d2392d4,file-name,2025-dbir-data-breach-investigations-report.pdf,2025-dbir-data-breach-investigations-report.pdf,candidate,,unknown,unknown,not-stated,,source--blackbyte--43ae5f2d8c1ec50a,actor_profile/evidence/blackbyte.csv,"{""row"": 670}",[],[],[],[],0,false,medium,TLP:CLEAR,csv-row,"summary/2025/2025-dbir-data-breach-investigations-report.pdf {""page"": 103} Black Basta round check firm National Public Data exposed nearly three billion records. Critical vulnerabilities in ServiceNow’s Now Platform (CVE- 2024-4879 and CVE-2024-5217) led to data breaches, and ransomware groups Akira and Black Basta exploited an ESXi hypervisor flaw (CVE-2024-37085), driving widespread ransomware deployments. The FBI dismantled the Dispossessor ransomware group, and CISA flagged RansomHub ransom",
1.0.0,actor--blackbyte,artifact--sha256:c193400fb44ec5ea215f5a2279080477ad6c0a415c149c213a72b9229c06873b,observation--sha256:d2e2c239002a9f50843ef554e031602c2634e6b1c9dc851b7bde2157bf48d725,file-name,2025-dbir-data-breach-investigations-report.pdf,2025-dbir-data-breach-investigations-report.pdf,candidate,,unknown,unknown,not-stated,,source--blackbyte--43ae5f2d8c1ec50a,actor_profile/evidence/blackbyte.csv,"{""row"": 671}",[],[],[],[],0,false,medium,TLP:CLEAR,csv-row,"summary/2025/2025-dbir-data-breach-investigations-report.pdf {""page"": 103} Royal d ransomware deployments. The FBI dismantled the Dispossessor ransomware group, and CISA flagged RansomHub ransomware, linked to more than 200 attacks since February. The two agencies also released a joint advisory on Royal ransomware’s rebranding to BlackSuit, detailing updated tactics and IOCs. Geopolitical cyber activity escalated as Iranian state-sponsored actors combined influence campaigns and ransomware targe",
1.0.0,actor--blackbyte,artifact--sha256:c193400fb44ec5ea215f5a2279080477ad6c0a415c149c213a72b9229c06873b,observation--sha256:b5fffed00af9de10443cb4c10313b62d9d351d1d4dea5758d4cbbc8c39b60cc4,file-name,2025-dbir-data-breach-investigations-report.pdf,2025-dbir-data-breach-investigations-report.pdf,candidate,,unknown,unknown,not-stated,,source--blackbyte--43ae5f2d8c1ec50a,actor_profile/evidence/blackbyte.csv,"{""row"": 672}",[],[],[],[],0,false,medium,TLP:CLEAR,csv-row,"summary/2025/2025-dbir-data-breach-investigations-report.pdf {""page"": 104} Black Basta bilities from 2014 and released new patches for NX-OS, while critical flaws in Zabbix and Microsoft’s partner portal underscored risks to enterprise environments. Midmonth, Zscaler reported a Zloader variant linked to Black Basta ransomware, employing Domain Name System (DNS) tunneling for stealthy command and control, and advanced evasion tactics were seen in a Nova Snake Keylogger variant analyzed by ANY.RUN",
1.0.0,actor--blackbyte,artifact--sha256:d2f1bb080f24ed36465c78b990d04eb47bf02ddb51114c6e88b45de5076be64d,observation--sha256:7492fd9f548949dbdbf65a3bba038eddc3d1993d0ffc9af980ce7d1b16ac6f09,file-name,2025_IC3Report.pdf,2025_IC3Report.pdf,candidate,,unknown,unknown,not-stated,,source--blackbyte--43ae5f2d8c1ec50a,actor_profile/evidence/blackbyte.csv,"{""row"": 104}",[],[],[],[],0,false,medium,TLP:CLEAR,csv-row,"cybercrime/2026/2025_IC3Report.pdf {""page"": 22} Royal F ED ER A L BU R EAU O F I N V E ST I G AT I O N 22 Positive Impacts, continued BlackSuit (Royal) Ransomware IC3 enhances and supports intelligence analysis, while triaging victim reporting in support of ongoing investigations. In 2025, BlackSuit (Royal) ransomware attacks targeted critical infrastructure sector",
1.0.0,actor--blackbyte,artifact--sha256:d2f1bb080f24ed36465c78b990d04eb47bf02ddb51114c6e88b45de5076be64d,observation--sha256:16458b8c3e0ec8e3b2c6fe248376b1b3206ade9274dc0c4bc6569ca847dc4e9c,file-name,2025_IC3Report.pdf,2025_IC3Report.pdf,candidate,,unknown,unknown,not-stated,,source--blackbyte--43ae5f2d8c1ec50a,actor_profile/evidence/blackbyte.csv,"{""row"": 105}",[],[],[],[],0,false,medium,TLP:CLEAR,csv-row,"cybercrime/2026/2025_IC3Report.pdf {""page"": 22} Royal I O N 22 Positive Impacts, continued BlackSuit (Royal) Ransomware IC3 enhances and supports intelligence analysis, while triaging victim reporting in support of ongoing investigations. In 2025, BlackSuit (Royal) ransomware attacks targeted critical infrastructure sectors including, but not limited to, critical manufacturing, government facilities, healthcare and public health, and commercial facilities. IC3 provided informat",
1.0.0,actor--blackbyte,artifact--sha256:d2f1bb080f24ed36465c78b990d04eb47bf02ddb51114c6e88b45de5076be64d,observation--sha256:ae0c9a7bc11e96f227f22c7b5967359567b6aa29bce6deec6a87855c6922cd69,file-name,2025_IC3Report.pdf,2025_IC3Report.pdf,candidate,,unknown,unknown,not-stated,,source--blackbyte--43ae5f2d8c1ec50a,actor_profile/evidence/blackbyte.csv,"{""row"": 106}",[],[],[],[],0,false,medium,TLP:CLEAR,csv-row,"cybercrime/2026/2025_IC3Report.pdf {""page"": 22} Royal ture sectors including, but not limited to, critical manufacturing, government facilities, healthcare and public health, and commercial facilities. IC3 provided information regarding numerous victims of the BlackSuit (Royal) Ransomware group to the field for victim notification and assistance. On August 11, 2025, the Department of Justice issued a press release highlighting coord inated actions taken to disrupt this group which involved",
1.0.0,actor--blackbyte,artifact--sha256:d2f1bb080f24ed36465c78b990d04eb47bf02ddb51114c6e88b45de5076be64d,observation--sha256:e6cd1468eb7dc1d466f95514e45e3f5b8a2b15ede0e01f2c8689969f15713cb9,file-name,2025_IC3Report.pdf,2025_IC3Report.pdf,candidate,,unknown,unknown,not-stated,,source--blackbyte--43ae5f2d8c1ec50a,actor_profile/evidence/blackbyte.csv,"{""row"": 107}",[],[],[],[],0,false,medium,TLP:CLEAR,csv-row,"cybercrime/2026/2025_IC3Report.pdf {""page"": 22} Royal rupt this group which involved multiple domestic and foreign law enforcement partner participation. Read More Office of Public Affairs | Justice Department Announces Coordinated Disruption Actions Against BlackSuit (Royal) Ransomware Operations | United States Department of Justice DPRK IC3 identified dozens of victim companies of the Democratic People’s Republic of Korea (DPRK) Information Technology (IT) worker scam throu",
1.0.0,actor--blackbyte,artifact--sha256:db57cba15e141e4b5a2954e109d8cfc62530b1cfa9524bb95d6649fa2d4e2a56,observation--sha256:c089e62b83e722c3ec59aad3fc7eb81503b86c2e21b8e1c13a596722b6824071,file-name,2025_dia_statement_for_the_record.pdf,2025_dia_statement_for_the_record.pdf,candidate,,unknown,unknown,not-stated,,source--blackbyte--43ae5f2d8c1ec50a,actor_profile/evidence/blackbyte.csv,"{""row"": 63}",[],[],[],[],0,false,medium,TLP:CLEAR,csv-row,"International Strategic/USA/2025/2025_dia_statement_for_the_record.pdf {""page"": 42} Quantum ives. » Since last year, several new open-source AI-enabled computational biology tools have become available globally, which improve adversaries dual-use capabilities for both chemical and biological applications. Quantum technologies—including quantum computing, communications, and sensing— probably will provide militaries with more advanced capabilities in decryption; positioning, navigation, and timin",
1.0.0,actor--blackbyte,artifact--sha256:db57cba15e141e4b5a2954e109d8cfc62530b1cfa9524bb95d6649fa2d4e2a56,observation--sha256:4aaaa271a27e0cc08f81c5dd84991ec51ffa8131dd73b8003110789521f41f60,file-name,2025_dia_statement_for_the_record.pdf,2025_dia_statement_for_the_record.pdf,candidate,,unknown,unknown,not-stated,,source--blackbyte--43ae5f2d8c1ec50a,actor_profile/evidence/blackbyte.csv,"{""row"": 64}",[],[],[],[],0,false,medium,TLP:CLEAR,csv-row,"International Strategic/USA/2025/2025_dia_statement_for_the_record.pdf {""page"": 42} quantum DEFENSE INTELLIGENCE AGENCY | 37 ADVANCED TECHNOLOGY Global advancements in AI, biotechnology, quantum sciences, and microelectronics will continue to pose a significant threat to U.S. technological advantage. Our adversaries and competitors recognize the potential for emerging technologies to enhance military processe",
1.0.0,actor--blackbyte,artifact--sha256:db57cba15e141e4b5a2954e109d8cfc62530b1cfa9524bb95d6649fa2d4e2a56,observation--sha256:61fc9632187aa7f5f67a123671547053a7a0c09f2482ef486dd46a984fb09124,file-name,2025_dia_statement_for_the_record.pdf,2025_dia_statement_for_the_record.pdf,candidate,,unknown,unknown,not-stated,,source--blackbyte--43ae5f2d8c1ec50a,actor_profile/evidence/blackbyte.csv,"{""row"": 65}",[],[],[],[],0,false,medium,TLP:CLEAR,csv-row,"International Strategic/USA/2025/2025_dia_statement_for_the_record.pdf {""page"": 42} quantum ral new open-source AI-enabled computational biology tools have become available globally, which improve adversaries dual-use capabilities for both chemical and biological applications. Quantum technologies—including quantum computing, communications, and sensing— probably will provide militaries with more advanced capabilities in decryption; positioning, navigation, and timing; and ISR. Although select r",
1.0.0,actor--blackbyte,artifact--sha256:db57cba15e141e4b5a2954e109d8cfc62530b1cfa9524bb95d6649fa2d4e2a56,observation--sha256:f5df21c023c166735cc85cd855840b13f1e9911dc89b87e4f211458314858ea5,file-name,2025_dia_statement_for_the_record.pdf,2025_dia_statement_for_the_record.pdf,candidate,,unknown,unknown,not-stated,,source--blackbyte--43ae5f2d8c1ec50a,actor_profile/evidence/blackbyte.csv,"{""row"": 66}",[],[],[],[],0,false,medium,TLP:CLEAR,csv-row,"International Strategic/USA/2025/2025_dia_statement_for_the_record.pdf {""page"": 42} quantum e advanced capabilities in decryption; positioning, navigation, and timing; and ISR. Although select research areas, such as sensing, are advancing more rapidly, non-governmental experts indicate that development of a quantum computer",
1.0.0,actor--blackbyte,artifact--sha256:db57cba15e141e4b5a2954e109d8cfc62530b1cfa9524bb95d6649fa2d4e2a56,observation--sha256:04a03d32a4b29cd9a97600a7b0b2d6cdefa46dcf0cb4243174c1dabe5b0ae0c7,file-name,2025_dia_statement_for_the_record.pdf,2025_dia_statement_for_the_record.pdf,candidate,,unknown,unknown,not-stated,,source--blackbyte--43ae5f2d8c1ec50a,actor_profile/evidence/blackbyte.csv,"{""row"": 67}",[],[],[],[],0,false,medium,TLP:CLEAR,csv-row,"International Strategic/USA/2025/2025_dia_statement_for_the_record.pdf {""page"": 6} quantum ECHNOLOGY The United States is confronting an increasingly complex national security threat environment. In addition to traditional military modernization, developments in artificial intelligence (AI), biotechnology, quantum sciences, microelectronics, space, cyber, and unmanned systems are rapidly transforming the nature of conflict and the global threat landscape. Our adversaries are deepening cooperatio",
1.0.0,actor--blackbyte,artifact--sha256:6fdbb904577c63397c21dbc25c87217fc8c7d74185728d6ebae43faf6081dddb,observation--sha256:87cb58dd0c0f45b68b25bccdb8cbdccbe369fa2851cf5680617731654d28d0c5,file-name,2026-state-of-ai-security-report.pdf,2026-state-of-ai-security-report.pdf,candidate,,unknown,unknown,not-stated,,source--blackbyte--43ae5f2d8c1ec50a,actor_profile/evidence/blackbyte.csv,"{""row"": 2}",[],[],[],[],0,false,medium,TLP:CLEAR,csv-row,"AISecurity/2026/2026-state-of-ai-security-report.pdf {""page"": 10} quantum of artificial intelligence technologies to assist in offensive capabilities. Meanwhile, Chinese military and security publications continue to discuss “intelligentized warfare” wherein emerging technologies such as AI, quantum, and autonomous systems serve both as tools and targets in conflict. Russian FederationRussian state-sponsored use of AI for offensive operations has been highly visible in the information warfare do",
1.0.0,actor--blackbyte,artifact--sha256:fdc9ac3c2143fcf0f50877268ed1330966dbf013e4ea600df13ebc8b3d1bca54,observation--sha256:a4978d1be58da556ea580f12cfa8da0686cdffd42c3289b283c7423c144409a8,file-name,3.pdf,3.pdf,candidate,,unknown,unknown,not-stated,,source--blackbyte--43ae5f2d8c1ec50a,actor_profile/evidence/blackbyte.csv,"{""row"": 457}",[],[],[],[],0,false,medium,TLP:CLEAR,csv-row,"summary/2022/Google_Cybersecurity_Action_Team_Threat_Horizons_Report#3.pdf {""page"": 20} Conti st practicestorecover. For additional information about Google’s Cybersecurity Action Team and best practices,please visitgcat.google.com. 1 Stolyarov, Vlad, and Benoit Sevens.Exposing initial access broker with ties to Conti. 17 March 2022. Google Threat Analysis Group [web blog], https://blog.google/threat-analysis-group/exposing-initial-access-broker-ties-conti/",
1.0.0,actor--blackbyte,artifact--sha256:fdc9ac3c2143fcf0f50877268ed1330966dbf013e4ea600df13ebc8b3d1bca54,observation--sha256:cd45f06f3faa43d30cee1ec53f7136a8df18e7381617ad0e83102459108a4e61,file-name,3.pdf,3.pdf,candidate,,unknown,unknown,not-stated,,source--blackbyte--43ae5f2d8c1ec50a,actor_profile/evidence/blackbyte.csv,"{""row"": 458}",[],[],[],[],0,false,medium,TLP:CLEAR,csv-row,"summary/2022/Google_Cybersecurity_Action_Team_Threat_Horizons_Report#3.pdf {""page"": 20} conti Stolyarov, Vlad, and Benoit Sevens.Exposing initial access broker with ties to Conti. 17 March 2022. Google Threat Analysis Group [web blog], https://blog.google/threat-analysis-group/exposing-initial-access-broker-ties-conti/",
1.0.0,actor--blackbyte,artifact--sha256:650678ea7afd77e92e8d5418a498ef0f8d63e9fd71fac61443c265baaf83dd73,observation--sha256:8e27b93d8efd983171f4909fada4968675fe33dc9456c8efe6f468109c8f196f,file-name,360_APT_Annual_Research_Report_2022.pdf,360_APT_Annual_Research_Report_2022.pdf,candidate,,unknown,unknown,not-stated,,source--blackbyte--43ae5f2d8c1ec50a,actor_profile/evidence/blackbyte.csv,"{""row"": 500}",[],[],[],[],0,false,medium,TLP:CLEAR,csv-row,"summary/2023/360_APT_Annual_Research_Report_2022.pdf {""page"": 10} Quantum ”（TAO）使 用 了40余种不同的 NSA专属网络攻击武 器， 持续对西北工业大学开发起多轮持续性的网络攻击和窃密行动。 一直以来， 美国国家安全局 （NSA） 针对我国各行业龙头企业、 政府、 科研机构甚至关乎国计民生 的核心基础设施运维单位长期进行黑客攻击活动， 对我国的国防安全、 关键基础设施安全、 社会 安全、 生产安全以及公民个 人信息安全造成严重危害。 APT- C- 40组织针对中国境内目标攻击中使用了其最具代表性的 Quantum （ 量 子 ）攻 击 系 统。 该系统针对国家级网络通信进行中间劫持， 以实施漏洞利用、 通信操控、 情报窃取等一系列 复杂网络攻击。360 全网数字安全大脑对 Quantum（量子） 系统进行了 长期的跟踪研究， 并对 Quantum（量子） 系统的九种先进网络攻击能力模块进行了 总结。 Quantum（ 量 子 ）攻 击 系 统 示 意",
1.0.0,actor--blackbyte,artifact--sha256:650678ea7afd77e92e8d5418a498ef0f8d63e9fd71fac61443c265baaf83dd73,observation--sha256:a8207fd8a38889cd08f78e251d960f9fbfa03a704d438623e3c24522e1e6730d,file-name,360_APT_Annual_Research_Report_2022.pdf,360_APT_Annual_Research_Report_2022.pdf,candidate,,unknown,unknown,not-stated,,source--blackbyte--43ae5f2d8c1ec50a,actor_profile/evidence/blackbyte.csv,"{""row"": 501}",[],[],[],[],0,false,medium,TLP:CLEAR,csv-row,"summary/2023/360_APT_Annual_Research_Report_2022.pdf {""page"": 10} Quantum 业龙头企业、 政府、 科研机构甚至关乎国计民生 的核心基础设施运维单位长期进行黑客攻击活动， 对我国的国防安全、 关键基础设施安全、 社会 安全、 生产安全以及公民个 人信息安全造成严重危害。 APT- C- 40组织针对中国境内目标攻击中使用了其最具代表性的 Quantum （ 量 子 ）攻 击 系 统。 该系统针对国家级网络通信进行中间劫持， 以实施漏洞利用、 通信操控、 情报窃取等一系列 复杂网络攻击。360 全网数字安全大脑对 Quantum（量子） 系统进行了 长期的跟踪研究， 并对 Quantum（量子） 系统的九种先进网络攻击能力模块进行了 总结。 Quantum（ 量 子 ）攻 击 系 统 示 意",
1.0.0,actor--blackbyte,artifact--sha256:650678ea7afd77e92e8d5418a498ef0f8d63e9fd71fac61443c265baaf83dd73,observation--sha256:40553e2ca775a1eaf690bc63588203a0b517f351aff45dff59228407d67a0322,file-name,360_APT_Annual_Research_Report_2022.pdf,360_APT_Annual_Research_Report_2022.pdf,candidate,,unknown,unknown,not-stated,,source--blackbyte--43ae5f2d8c1ec50a,actor_profile/evidence/blackbyte.csv,"{""row"": 502}",[],[],[],[],0,false,medium,TLP:CLEAR,csv-row,"summary/2023/360_APT_Annual_Research_Report_2022.pdf {""page"": 10} Quantum 施运维单位长期进行黑客攻击活动， 对我国的国防安全、 关键基础设施安全、 社会 安全、 生产安全以及公民个 人信息安全造成严重危害。 APT- C- 40组织针对中国境内目标攻击中使用了其最具代表性的 Quantum （ 量 子 ）攻 击 系 统。 该系统针对国家级网络通信进行中间劫持， 以实施漏洞利用、 通信操控、 情报窃取等一系列 复杂网络攻击。360 全网数字安全大脑对 Quantum（量子） 系统进行了 长期的跟踪研究， 并对 Quantum（量子） 系统的九种先进网络攻击能力模块进行了 总结。 Quantum（ 量 子 ）攻 击 系 统 示 意",
1.0.0,actor--blackbyte,artifact--sha256:650678ea7afd77e92e8d5418a498ef0f8d63e9fd71fac61443c265baaf83dd73,observation--sha256:07a2b3725b7a578b312f6cac9cb6485f7c0462c768f6603be0ff3aeedd9c1d4a,file-name,360_APT_Annual_Research_Report_2022.pdf,360_APT_Annual_Research_Report_2022.pdf,candidate,,unknown,unknown,not-stated,,source--blackbyte--43ae5f2d8c1ec50a,actor_profile/evidence/blackbyte.csv,"{""row"": 503}",[],[],[],[],0,false,medium,TLP:CLEAR,csv-row,"summary/2023/360_APT_Annual_Research_Report_2022.pdf {""page"": 9} Quantum RESEARCH REPORT 009 AP T-C-40（NSA） 2022年，360高级威胁研究院陆续公开披露了 《 网络战序幕： 美国国安局NSA（APT- C- 40）对 全 球 发 起 长 达 十 余 年 无 差 别 攻 击 》 、《Quantum（ 量 子 ）攻 击 系 统–美 国 国 家 安 全 局“APT- C-40”黑 客组织高端网络攻击武器技术分析报告 （一） 》 、 《关于西北工业大学发现美国NSA网络攻击调查报告 （ 之 一 ） 》 、《 西 北 工 业 大 学 发 现 美 国NSA网络攻击调查报告 （之二） 》 等多篇有关NSA组织攻击活动 及技术细节报告。 北美 发布时间 发布机构 披露内容 2022年2月23日 奇安盘古实验室 Bvp47-美国NSA方程式组织",
1.0.0,actor--blackbyte,artifact--sha256:650678ea7afd77e92e8d5418a498ef0f8d63e9fd71fac61443c265baaf83dd73,observation--sha256:9b502cfe15d3d12bc5d41f91f5bc96735aa2827a3b3372269f72509b1041eaa9,file-name,360_APT_Annual_Research_Report_2022.pdf,360_APT_Annual_Research_Report_2022.pdf,candidate,,unknown,unknown,not-stated,,source--blackbyte--43ae5f2d8c1ec50a,actor_profile/evidence/blackbyte.csv,"{""row"": 504}",[],[],[],[],0,false,medium,TLP:CLEAR,csv-row,"summary/2023/360_APT_Annual_Research_Report_2022.pdf {""page"": 9} Quantum 7-美国NSA方程式组织的顶级后门 [2] 2022年3月2日 360高级威胁研究院 网络战序幕： 美国国安局NSA（APT- C- 40）对 全 球 发起长达十余年无差别攻击 [3] 2022年3月14日 国家计算机病毒应急 处理中心 “NOPEN ”远 控 木 马 分 析 报 告[4] 2022年3月15日 安天CERT 从“NOPEN ” 远控木马浮出水面看美方网络攻击装 备体系[5] 2022年3月22日 360高级威胁研究院 Quantum （ 量 子 ）攻 击 系 统– 美国国家安全局 “APT- C- 40” 黑客组织高端网络攻击武器技术分 析 报 告（ 一 ）[6] 2022年6月29日 国家计算机病毒应急 处理中心 美 国 国 家 安 全 局（NSA ） “酸狐狸” 漏洞攻击武器平 台技术分析报告 [7] 2022年6月29日 360高级威胁研究院 “ 验 证 器 ”（Validator ）— 美 国 国 家 安 全 局NS",
1.0.0,actor--blackbyte,artifact--sha256:d116365451a9bd858866365bc607226ec7d89c5c33badf97097920a94fea6738,observation--sha256:0c30cac54daa3db4883292af216b3b6883642fe137da777ca951775ae75b873e,file-name,5.pdf,5.pdf,candidate,,unknown,unknown,not-stated,,source--blackbyte--43ae5f2d8c1ec50a,actor_profile/evidence/blackbyte.csv,"{""row"": 519}",[],[],[],[],0,false,medium,TLP:CLEAR,csv-row,"summary/2023/Google_Cybersecurity_Action_Team_Threat_Horizons_Report#5.pdf {""page"": 22} Conti chines, disabling security software, and stopping processes and services that may interfere with file encryption. Examples of this type of activity Mandiant has observed include: • Operators and users of high-profile Conti ransomware have deployed malware capable of deleting shadow copies, backups, virtual machines and snapshots, and evidence of their activity. » Criminal actor group FIN12 (Conti-affili",
1.0.0,actor--blackbyte,artifact--sha256:d116365451a9bd858866365bc607226ec7d89c5c33badf97097920a94fea6738,observation--sha256:61988a60296e98b5842208bc693f1bf2d94ed361424bd9ee88647adb04ccb339,file-name,5.pdf,5.pdf,candidate,,unknown,unknown,not-stated,,source--blackbyte--43ae5f2d8c1ec50a,actor_profile/evidence/blackbyte.csv,"{""row"": 520}",[],[],[],[],0,false,medium,TLP:CLEAR,csv-row,"summary/2023/Google_Cybersecurity_Action_Team_Threat_Horizons_Report#5.pdf {""page"": 22} Conti • Operators and users of high-profile Conti ransomware have deployed malware capable of deleting shadow copies, backups, virtual machines and snapshots, and evidence of their activity. » Criminal actor group FIN12 (Conti-affiliated) used living-off-the-land techniques to manually delete volume shadow copies. » Forensic evidence and leaked chat logs from the Conti group indicate that threat actors sought",
1.0.0,actor--blackbyte,artifact--sha256:d116365451a9bd858866365bc607226ec7d89c5c33badf97097920a94fea6738,observation--sha256:8e7f473b12839dd5cdd95e1be54080b8028ace98f9309ffc337de9f4e169fbc2,file-name,5.pdf,5.pdf,candidate,,unknown,unknown,not-stated,,source--blackbyte--43ae5f2d8c1ec50a,actor_profile/evidence/blackbyte.csv,"{""row"": 521}",[],[],[],[],0,false,medium,TLP:CLEAR,csv-row,"summary/2023/Google_Cybersecurity_Action_Team_Threat_Horizons_Report#5.pdf {""page"": 22} Conti hots, and evidence of their activity. » Criminal actor group FIN12 (Conti-affiliated) used living-off-the-land techniques to manually delete volume shadow copies. » Forensic evidence and leaked chat logs from the Conti group indicate that threat actors sought to identify and prioritize systems such as domain controllers, network-attached storage and file servers, virtualized environments, and backups in",
1.0.0,actor--blackbyte,artifact--sha256:7d7de94f61be84f15c1886d24bef35a681e6ecf8f2c5701818b69cedb17b6c6b,observation--sha256:0050f58fd3a5f13342fa02adcec8c12dcd73fcc89723c9218452d7748a0516a6,file-name,ACD6-full-report.pdf,ACD6-full-report.pdf,candidate,,unknown,unknown,not-stated,,source--blackbyte--43ae5f2d8c1ec50a,actor_profile/evidence/blackbyte.csv,"{""row"": 505}",[],[],[],[],0,false,medium,TLP:CLEAR,csv-row,"summary/2023/ACD6-full-report.pdf {""page"": 25} Conti he top five of these threats by the total number of requests blocked. Though some blocked DNS requests were undoubtedly linked to malicious actors, we suspect that they often came from organisations' security devices. Conti Ransomware was the most blocked ransomware by this measure, which is unsurprising as the group behind this malware is believed to be one of the largest ransomware actors. Table 14: Top five threats by the total numbe",
1.0.0,actor--blackbyte,artifact--sha256:7d7de94f61be84f15c1886d24bef35a681e6ecf8f2c5701818b69cedb17b6c6b,observation--sha256:c21e95c3bf6da02ed2558ab39dff02e6a0308191b07f7f8b625e1b3885d14c27,file-name,ACD6-full-report.pdf,ACD6-full-report.pdf,candidate,,unknown,unknown,not-stated,,source--blackbyte--43ae5f2d8c1ec50a,actor_profile/evidence/blackbyte.csv,"{""row"": 506}",[],[],[],[],0,false,medium,TLP:CLEAR,csv-row,"summary/2023/ACD6-full-report.pdf {""page"": 25} Conti sure, which is unsurprising as the group behind this malware is believed to be one of the largest ransomware actors. Table 14: Top five threats by the total number of requests blocked (2022) Threat Name Total Blocks Conti Ransomware 1,350,986 Petya 641,135 NotPetya 529,442 FiveHands 522,434 Knot Ransomware 239,864 Table 15 shows that the most widespread blocked ransomware threat was Phoenix CryptoLocker. Phoenix CryptoLocker has",
1.0.0,actor--blackbyte,artifact--sha256:7d7de94f61be84f15c1886d24bef35a681e6ecf8f2c5701818b69cedb17b6c6b,observation--sha256:c437b0447dc075d3db4f2e165a8510bb9f1d1599b3c109f329c6d67bffae1304,file-name,ACD6-full-report.pdf,ACD6-full-report.pdf,candidate,,unknown,unknown,not-stated,,source--blackbyte--43ae5f2d8c1ec50a,actor_profile/evidence/blackbyte.csv,"{""row"": 507}",[],[],[],[],0,false,medium,TLP:CLEAR,csv-row,"summary/2023/ACD6-full-report.pdf {""page"": 26} Conti aken place. During 2022, analysis identified over 200 previously unknown IcedID payload distribution and C2 domains that are now blocked by PDNS. Bumblebee is a malware loader discovered in mid-2022, attributed to the Conti APT group and designed to replace the BazarLoader backdoor used to deliver various ransomware payloads. Our analysis discovered multiple, previously unknown, Bumblebee domains that are now blocked by PDNS. We have co",
1.0.0,actor--blackbyte,artifact--sha256:97323de17430f7a10dc02234e0fe6b95db50a304e38592bb98ebb4a9b6617414,observation--sha256:98f113bc3740e4718b49a755dcfeb308f0fa92ccca5c1827135eebcf1d4ce43b,file-name,ACSC-Annual-Cyber-Threat-Report-2022.pdf,ACSC-Annual-Cyber-Threat-Report-2022.pdf,candidate,,unknown,unknown,not-stated,,source--blackbyte--43ae5f2d8c1ec50a,actor_profile/evidence/blackbyte.csv,"{""row"": 448}",[],[],[],[],0,false,medium,TLP:CLEAR,csv-row,"summary/2022/ACSC-Annual-Cyber-Threat-Report-2022.pdf {""page"": 45} Conti an one group. For example, after announcing its shutdown, the BlackMatter group transferred its victims to ransomware infrastructure owned by another group, known as Lockbit 2.0. And, in October 2021, members of the Conti ransomware group reportedly began selling access to victims’ networks, enabling follow-on targeting by other actors. Ransomware tactics The combination of data encryption and threats to publicly release se",
1.0.0,actor--blackbyte,artifact--sha256:97323de17430f7a10dc02234e0fe6b95db50a304e38592bb98ebb4a9b6617414,observation--sha256:bec58f704943f91cf1442db24fbd7b50ddee89a0f6942ba6d45efa9f69b9b7a0,file-name,ACSC-Annual-Cyber-Threat-Report-2022.pdf,ACSC-Annual-Cyber-Threat-Report-2022.pdf,candidate,,unknown,unknown,not-stated,,source--blackbyte--43ae5f2d8c1ec50a,actor_profile/evidence/blackbyte.csv,"{""row"": 449}",[],[],[],[],0,false,medium,TLP:CLEAR,csv-row,"summary/2022/ACSC-Annual-Cyber-Threat-Report-2022.pdf {""page"": 53} Conti ned to conduct operations against Ukraine’s allies. The risk to Australia’s critical infrastructure networks is real. In 2021, the corporate network of electricity generator CS Energy was targeted by the Russia-aligned Conti ransomware group, as detailed below. Case Study: CS Energy In 2021, the corporate ICT network of Queensland Government-owned electricity generator CS Energy —which generates 10 per cent of the electrici",
1.0.0,actor--blackbyte,artifact--sha256:97323de17430f7a10dc02234e0fe6b95db50a304e38592bb98ebb4a9b6617414,observation--sha256:542a0c7075e6681b55ed5919866ef69019257259b1c04a37309c88e2f5b77827,file-name,ACSC-Annual-Cyber-Threat-Report-2022.pdf,ACSC-Annual-Cyber-Threat-Report-2022.pdf,candidate,,unknown,unknown,not-stated,,source--blackbyte--43ae5f2d8c1ec50a,actor_profile/evidence/blackbyte.csv,"{""row"": 450}",[],[],[],[],0,false,medium,TLP:CLEAR,csv-row,"summary/2022/ACSC-Annual-Cyber-Threat-Report-2022.pdf {""page"": 53} Conti tudy: CS Energy In 2021, the corporate ICT network of Queensland Government-owned electricity generator CS Energy —which generates 10 per cent of the electricity for the national electricity market— was targeted by the Conti ransomware group. On 27 November 2021, CS Energy became aware of a ransomware incident affecting its corporate network and immediately severed the external internet connection to its corporate network a",
1.0.0,actor--blackbyte,artifact--sha256:a81e8f7a9cecb1a5da921a7267a07f2f86d9315b4e3552a91795cab4c25c2ae8,observation--sha256:d7aa44fe956e669702056ecaa635092b1bab2378372b015689ab3af0fc358c2c,file-name,ADRN_Surveillance_Supply_Chain_Report.pdf,ADRN_Surveillance_Supply_Chain_Report.pdf,candidate,,unknown,unknown,not-stated,,source--blackbyte--43ae5f2d8c1ec50a,actor_profile/evidence/blackbyte.csv,"{""row"": 31}",[],[],[],[],0,false,medium,TLP:CLEAR,csv-row,"International Strategic/Africa/ADRN_Surveillance_Supply_Chain_Report.pdf {""page"": 127} Quantum 127 Mapping the supply of surveillance technologies to Africaids.ac.uk Zambia country report behalf of First Quantum Minerals in Zambia and the Democratic Republic of Congo. The files suggest CT Group also worked under the radar on a political influencing campaign in Zambia on behalf of mining interests while working on a campaign",
1.0.0,actor--blackbyte,artifact--sha256:57c94c10d45d98684608df3b7ae1386c055c953e442c2a3ba60390b2378a9de2,observation--sha256:e02dd4c474388d55df367e6eb03057528a29e320302f5c3803d68ef7f204139e,file-name,AI.pdf,AI.pdf,candidate,,unknown,unknown,not-stated,,source--blackbyte--43ae5f2d8c1ec50a,actor_profile/evidence/blackbyte.csv,"{""row"": 3}",[],[],[],[],0,false,medium,TLP:CLEAR,csv-row,"AISecurity/2026/Unlawful by design-Exposing the human rights costs of generative AI.pdf {""page"": 29} Royal UK, following the government’s call to increase investment in AI systems,154 the fresh water demands of AI infrastructure has led to growing concern of forthcoming water shortages.155 A February 2025 report by the UK’s Royal Academy of Engineering, for example, calls for an “extension of mandatory reporting on AI’s energy and water use, carbon emissions and e-waste recycling of data centres",
1.0.0,actor--blackbyte,artifact--sha256:57c94c10d45d98684608df3b7ae1386c055c953e442c2a3ba60390b2378a9de2,observation--sha256:06f6b644b68dbf73fe676c52048395300f4e54489cf2415830bbfe42a6729ac9,file-name,AI.pdf,AI.pdf,candidate,,unknown,unknown,not-stated,,source--blackbyte--43ae5f2d8c1ec50a,actor_profile/evidence/blackbyte.csv,"{""row"": 4}",[],[],[],[],0,false,medium,TLP:CLEAR,csv-row,"AISecurity/2026/Unlawful by design-Exposing the human rights costs of generative AI.pdf {""page"": 29} Royal ter-sets-out-blueprint-to-turbocharge-ai 155 Zoe Kleinman and Brian Wheeler, “Concern the UK’s AI ambitions could lead to water shortages”, 7 February 2025, BBC News, https://www.bbc.com/news/articles/ce85wx9jjndo 156 Royal Academy of Engineering, “UK Government urged to promote, prioritise and invest in sustainable AI to become global leader in AI frugality and efficiency”, 7 February 2025",
1.0.0,actor--blackbyte,artifact--sha256:da7ec4f5205088a142b6a6d861dd714bbc8f64f1672881cd4001d4266d42faa9,observation--sha256:beb40c52727bdd35e9e5aff88d0cd285aeee2e45526622263dd1f856f399afa9,file-name,A_Threat_Actor_Encyclopedia.pdf,A_Threat_Actor_Encyclopedia.pdf,candidate,,unknown,unknown,not-stated,,source--blackbyte--43ae5f2d8c1ec50a,actor_profile/evidence/blackbyte.csv,"{""row"": 17}",[],[],[],[],0,false,medium,TLP:CLEAR,csv-row,"A_Threat_Actor_Encyclopedia.pdf {""page"": 126} Royal Embassies, Energy, Government, High-Tech, Industry, Manufacturing, Mining, Oil and gas and Utilities. Countries: European Union, India and UK. Tools used Cobalt Strike, Metushy, Mimikatz, MirageFox, MS Exchange Tool, Royal DNS, RoyalCli, spwebmember, Systeminfo, Tasklist, TidePool and Winnti. Operations performed 2010 Operation “Ke3chang” As the crisis in Syria escalates, FireEye research-ers have discovered a cyber espionage campai",
1.0.0,actor--blackbyte,artifact--sha256:da7ec4f5205088a142b6a6d861dd714bbc8f64f1672881cd4001d4266d42faa9,observation--sha256:f334049e0d5c631732f92552cf5507f8d87ed150171e25cf4e822582946b2da1,file-name,A_Threat_Actor_Encyclopedia.pdf,A_Threat_Actor_Encyclopedia.pdf,candidate,,unknown,unknown,not-stated,,source--blackbyte--43ae5f2d8c1ec50a,actor_profile/evidence/blackbyte.csv,"{""row"": 18}",[],[],[],[],0,false,medium,TLP:CLEAR,csv-row,"A_Threat_Actor_Encyclopedia.pdf {""page"": 127} Royal e an upgraded version of a tool, a RAT believed to originate in 2012, known as Mirage. <https://www.intezer.com/miragefox-apt15-resurfaces-with-new-tools- based-on-old-ones/> Information <https://github.com/nccgroup/Royal_APT> MITRE ATT&CK <https://attack.mitre.org/groups/G0004/>",
1.0.0,actor--blackbyte,artifact--sha256:da7ec4f5205088a142b6a6d861dd714bbc8f64f1672881cd4001d4266d42faa9,observation--sha256:897f2892512f06fe912485cdb741f15243030b6143f55cf8ec29e636d7d9466a,file-name,A_Threat_Actor_Encyclopedia.pdf,A_Threat_Actor_Encyclopedia.pdf,candidate,,unknown,unknown,not-stated,,source--blackbyte--43ae5f2d8c1ec50a,actor_profile/evidence/blackbyte.csv,"{""row"": 19}",[],[],[],[],0,false,medium,TLP:CLEAR,csv-row,"A_Threat_Actor_Encyclopedia.pdf {""page"": 151} quantum tries with national interests in the South China Sea.” Tools used HTRAN, Mongall, NewCT2, Nflog and Poison Ivy. Information <https://www.fireeye.com/content/dam/fireeye-www/global/en/current- threats/pdfs/wp-operation-quantum-entanglement.pdf> MITRE ATT&CK <https://attack.mitre.org/groups/G0002/>",
1.0.0,actor--blackbyte,artifact--sha256:da7ec4f5205088a142b6a6d861dd714bbc8f64f1672881cd4001d4266d42faa9,observation--sha256:805fd95756f8a4233681910f5e6e29249a9eee27177ff19ee5a27644f67657b0,file-name,A_Threat_Actor_Encyclopedia.pdf,A_Threat_Actor_Encyclopedia.pdf,candidate,,unknown,unknown,not-stated,,source--blackbyte--43ae5f2d8c1ec50a,actor_profile/evidence/blackbyte.csv,"{""row"": 20}",[],[],[],[],0,false,medium,TLP:CLEAR,csv-row,"A_Threat_Actor_Encyclopedia.pdf {""page"": 83} quantum aign is “an operation funded by China”. <https://www.phnompenhpost.com/national/kingdom-targeted-new- malware> Information <https://www.fireeye.com/content/dam/fireeye-www/global/en/current- threats/pdfs/wp-operation-quantum-entanglement.pdf> MITRE ATT&CK <https://attack.mitre.org/groups/G0017/>",
1.0.0,actor--blackbyte,artifact--sha256:4195e464934ab87bfcea704e04d951078c0e64995a90cb486e944d9231afaffa,observation--sha256:52e7c1f7d691ee368451d62db7d39fae8ba6089812d0ce39fdb879656389aa52,file-name,Amnesty-Cellebrite.pdf,Amnesty-Cellebrite.pdf,candidate,,unknown,unknown,not-stated,,source--blackbyte--43ae5f2d8c1ec50a,actor_profile/evidence/blackbyte.csv,"{""row"": 26}",[],[],[],[],0,false,medium,TLP:CLEAR,csv-row,"Cellebrite/Amnesty-Cellebrite.pdf {""page"": 46} Royal suda republike Srb ije [Collection of electronic evidence from a mobile phone in the case -law of the supreme court of cassation of the republic of Se rbia], 2020, https://hrcak.srce.hr/file/367372 (in Serbian). 106 Royal Norwegian Embassy in Belgrade, Additional grants and Addendums to previous agreements approved in 2021 , August 2022, https://www.norway.no/contentassets/0cf812d763e046a29a4c081850c1c364/embassy -supported-projects-201",
1.0.0,actor--blackbyte,artifact--sha256:4195e464934ab87bfcea704e04d951078c0e64995a90cb486e944d9231afaffa,observation--sha256:7fb4684b4f31b764bc4bc969adf7425237a0598ceeed0f216ef2bdf65ecd160e,file-name,Amnesty-Cellebrite.pdf,Amnesty-Cellebrite.pdf,candidate,,unknown,unknown,not-stated,,source--blackbyte--43ae5f2d8c1ec50a,actor_profile/evidence/blackbyte.csv,"{""row"": 27}",[],[],[],[],0,false,medium,TLP:CLEAR,csv-row,"Cellebrite/Amnesty-Cellebrite.pdf {""page"": 46} Royal al Project Report, the training aspect of the grant was later cancelled at the request of the beneficiary . Support of the Kingdom of Norway to the Ministry of Interior of the Republic of Serbia, 29 October 2021. 108 Royal Norwegian Embassy in Belgrade, Additional grants and Addendums to previous agreements approved in 2021 (previously cited).",
1.0.0,actor--blackbyte,artifact--sha256:4195e464934ab87bfcea704e04d951078c0e64995a90cb486e944d9231afaffa,observation--sha256:42a16eea243ee5799cab0597540a38ac22e407a2ef9caab2dfcc8705db8a8b36,file-name,Amnesty-Cellebrite.pdf,Amnesty-Cellebrite.pdf,candidate,,unknown,unknown,not-stated,,source--blackbyte--43ae5f2d8c1ec50a,actor_profile/evidence/blackbyte.csv,"{""row"": 28}",[],[],[],[],0,false,medium,TLP:CLEAR,csv-row,"Cellebrite/Amnesty-Cellebrite.pdf {""page"": 47} Royal airs and the United Nations Office for Project Services regarding “Support of the Kingdom of Norway to the Ministry of Interior of the Republik of Serbia” PTA Number SRB -17/0003, 11 December 2017. 111 Letter from the Royal Norwegian Embassy to United Nations Office for Project Services (UNOPS), 21 August 2018 . 112 Letter from the Royal Norwegian Embassy to United Nations Office for Project Services (UNOPS), 21 August 2018 . 113 Letter",
1.0.0,actor--blackbyte,artifact--sha256:4195e464934ab87bfcea704e04d951078c0e64995a90cb486e944d9231afaffa,observation--sha256:2e530677174e8b50608f168e03840ff2862c43311517952e691c119ff16db741,file-name,Amnesty-Cellebrite.pdf,Amnesty-Cellebrite.pdf,candidate,,unknown,unknown,not-stated,,source--blackbyte--43ae5f2d8c1ec50a,actor_profile/evidence/blackbyte.csv,"{""row"": 29}",[],[],[],[],0,false,medium,TLP:CLEAR,csv-row,"Cellebrite/Amnesty-Cellebrite.pdf {""page"": 47} Royal of Interior of the Republik of Serbia” PTA Number SRB -17/0003, 11 December 2017. 111 Letter from the Royal Norwegian Embassy to United Nations Office for Project Services (UNOPS), 21 August 2018 . 112 Letter from the Royal Norwegian Embassy to United Nations Office for Project Services (UNOPS), 21 August 2018 . 113 Letter from the Royal Norwegian Embassy to the United Nations Office for Project Services (UNOPS), 2 April 2019 . 114 UNOPS",
1.0.0,actor--blackbyte,artifact--sha256:4195e464934ab87bfcea704e04d951078c0e64995a90cb486e944d9231afaffa,observation--sha256:7492a0959d10dbecfbeaddb1d9c66f2e6b35a4731b78f7c8c014c48de866cdb1,file-name,Amnesty-Cellebrite.pdf,Amnesty-Cellebrite.pdf,candidate,,unknown,unknown,not-stated,,source--blackbyte--43ae5f2d8c1ec50a,actor_profile/evidence/blackbyte.csv,"{""row"": 30}",[],[],[],[],0,false,medium,TLP:CLEAR,csv-row,"Cellebrite/Amnesty-Cellebrite.pdf {""page"": 47} Royal n Embassy to United Nations Office for Project Services (UNOPS), 21 August 2018 . 112 Letter from the Royal Norwegian Embassy to United Nations Office for Project Services (UNOPS), 21 August 2018 . 113 Letter from the Royal Norwegian Embassy to the United Nations Office for Project Services (UNOPS), 2 April 2019 . 114 UNOPS Serbia, Multi-country office Director letter to Amnesty International, 12 December 2024. On file with Amnesty Inter",
1.0.0,actor--blackbyte,artifact--sha256:384dc3d77ca55ba9af722d68bb4405216aa216e095e40687c28a9b3febbff53c,observation--sha256:5713999de3233cd29527deda22876dc26451b151ef40092590814ab870be662b,file-name,Analysis.pdf,Analysis.pdf,candidate,,unknown,unknown,not-stated,,source--blackbyte--43ae5f2d8c1ec50a,actor_profile/evidence/blackbyte.csv,"{""row"": 109}",[],[],[],[],0,false,medium,TLP:CLEAR,csv-row,"cybercrime/[RIG] RIG Exploit Kit_ In-Depth Analysis.pdf {""page"": 14} Royal DAnFuzAaX9JE4n.exe d43fa3957b4004ebdbe5073f99a32c9e Dridex mag5Wip3Ide.exe c6cc42b429c26e68deec777eedb4c11d Dridex GerxIflwewM.exe 4ed2076ec15170d68a88d8b4db34fff1 UrSnif gErVP6ZddBw.exe 6b3d119e8c22e8670deb3a4f79646495 Royal Ransomware DVqj6UhQ.exe 6cb6a59dc12494d5c5224fc03eb12ece Royal Ransomware Table 1. Malware samples RIG EK was observed distributing This is only a small glimpse into the myriad of malware that RIG EK",
1.0.0,actor--blackbyte,artifact--sha256:384dc3d77ca55ba9af722d68bb4405216aa216e095e40687c28a9b3febbff53c,observation--sha256:ec64b3665a1b99c11e2b361b8df6c476cc5dcc8a45cd4f28efca661eda91bbe4,file-name,Analysis.pdf,Analysis.pdf,candidate,,unknown,unknown,not-stated,,source--blackbyte--43ae5f2d8c1ec50a,actor_profile/evidence/blackbyte.csv,"{""row"": 110}",[],[],[],[],0,false,medium,TLP:CLEAR,csv-row,"cybercrime/[RIG] RIG Exploit Kit_ In-Depth Analysis.pdf {""page"": 14} Royal Wip3Ide.exe c6cc42b429c26e68deec777eedb4c11d Dridex GerxIflwewM.exe 4ed2076ec15170d68a88d8b4db34fff1 UrSnif gErVP6ZddBw.exe 6b3d119e8c22e8670deb3a4f79646495 Royal Ransomware DVqj6UhQ.exe 6cb6a59dc12494d5c5224fc03eb12ece Royal Ransomware Table 1. Malware samples RIG EK was observed distributing This is only a small glimpse into the myriad of malware that RIG EK has been observed distributing. It is also used to distribute ",
1.0.0,actor--blackbyte,artifact--sha256:5b0f00a77274c46eb8efec8f35ee974d1cbd2b94a56dc99d8f0eee97971baa3d,observation--sha256:257095619c38ae04272e87900435b5bd2a89af5cd2f93aacb5fad1062d32dc2b,file-name,BD_BD-2021-Cybersecurity-Annual-Report_EN.pdf,BD_BD-2021-Cybersecurity-Annual-Report_EN.pdf,candidate,,unknown,unknown,not-stated,,source--blackbyte--43ae5f2d8c1ec50a,actor_profile/evidence/blackbyte.csv,"{""row"": 455}",[],[],[],[],0,false,medium,TLP:CLEAR,csv-row,"summary/2022/BD_BD-2021-Cybersecurity-Annual-Report_EN.pdf {""page"": 12} Royal nd voice through consultations and represented MTE in ENISA’s Stakeholder Cybersecurity Certification Group (SCCG). Trinity Challenge During the technology section of the Trinity Challenge, BD participated with the Royal Society and the International Digital Health and Artificial Intelligence Research Collaborative (I-DAIR) in an engaging discussion about how to improve safe data access for health emergencies like the ",
1.0.0,actor--blackbyte,artifact--sha256:b923c4e36a6273c9465fc119033f376fea4abf9d0e941f02469d7dc9d87c9d55,observation--sha256:96cf49489d93c5e3b63c2f8f76be2c7f97a64dce8f510f3ddbcd6da5b86f84c6,file-name,Biometric-vulnerabilities.pdf,Biometric-vulnerabilities.pdf,candidate,,unknown,unknown,not-stated,,source--blackbyte--43ae5f2d8c1ec50a,actor_profile/evidence/blackbyte.csv,"{""row"": 92}",[],[],[],[],0,false,medium,TLP:CLEAR,csv-row,"cybercrime/2025/Biometric-vulnerabilities.pdf {""page"": 14} Quantum o provide all the different Member States agencies with the links made in the systems, via ensuring the correct identification of persons and, more importantly, to protect the sensitive 8 Europol (2023), The Second Quantum Revolution – The impact of quantum computing and quantum technologies on law enforcement, Europol Innovation Lab observatory report,Publications Office of the European Union, Luxembourg. Available at: https://w",
1.0.0,actor--blackbyte,artifact--sha256:b923c4e36a6273c9465fc119033f376fea4abf9d0e941f02469d7dc9d87c9d55,observation--sha256:df43ee68b11aa7dee62624569982ed08fee4172cf251dbddbffb83baa9350200,file-name,Biometric-vulnerabilities.pdf,Biometric-vulnerabilities.pdf,candidate,,unknown,unknown,not-stated,,source--blackbyte--43ae5f2d8c1ec50a,actor_profile/evidence/blackbyte.csv,"{""row"": 93}",[],[],[],[],0,false,medium,TLP:CLEAR,csv-row,"cybercrime/2025/Biometric-vulnerabilities.pdf {""page"": 14} quantum en unlocking and starting vehicles have further fuelled the adoption of biometrics across various sectors. A further push for the adoption of biometric authentication measures may come in anticipation of the impact of quantum computing on password safety. As the currently held notion of what can be considered a strong password is going to be fundamentally challenged by the advent of quantum computing, more complex passwords and b",
1.0.0,actor--blackbyte,artifact--sha256:b923c4e36a6273c9465fc119033f376fea4abf9d0e941f02469d7dc9d87c9d55,observation--sha256:877dbad6884b76f0a6801f438f4deb6141c6678678c81802052e931648f64795,file-name,Biometric-vulnerabilities.pdf,Biometric-vulnerabilities.pdf,candidate,,unknown,unknown,not-stated,,source--blackbyte--43ae5f2d8c1ec50a,actor_profile/evidence/blackbyte.csv,"{""row"": 94}",[],[],[],[],0,false,medium,TLP:CLEAR,csv-row,"cybercrime/2025/Biometric-vulnerabilities.pdf {""page"": 14} quantum asures may come in anticipation of the impact of quantum computing on password safety. As the currently held notion of what can be considered a strong password is going to be fundamentally challenged by the advent of quantum computing, more complex passwords and biometric authentication measures may become more widely used in the future. This may result in even wider adoption of biometric authentication8. Biometric technologies h",
1.0.0,actor--blackbyte,artifact--sha256:b923c4e36a6273c9465fc119033f376fea4abf9d0e941f02469d7dc9d87c9d55,observation--sha256:9b1c24641915d870218984903522f3a3bf17bed01c590fe1086c3d7501395211,file-name,Biometric-vulnerabilities.pdf,Biometric-vulnerabilities.pdf,candidate,,unknown,unknown,not-stated,,source--blackbyte--43ae5f2d8c1ec50a,actor_profile/evidence/blackbyte.csv,"{""row"": 95}",[],[],[],[],0,false,medium,TLP:CLEAR,csv-row,"cybercrime/2025/Biometric-vulnerabilities.pdf {""page"": 14} quantum States agencies with the links made in the systems, via ensuring the correct identification of persons and, more importantly, to protect the sensitive 8 Europol (2023), The Second Quantum Revolution – The impact of quantum computing and quantum technologies on law enforcement, Europol Innovation Lab observatory report,Publications Office of the European Union, Luxembourg. Available at: https://www. europol.europa.eu/publication-e",
1.0.0,actor--blackbyte,artifact--sha256:b923c4e36a6273c9465fc119033f376fea4abf9d0e941f02469d7dc9d87c9d55,observation--sha256:a2b9c552c88d74b29430ec34b073ee1f9d44370c4ff2757453bc00f511f6f197,file-name,Biometric-vulnerabilities.pdf,Biometric-vulnerabilities.pdf,candidate,,unknown,unknown,not-stated,,source--blackbyte--43ae5f2d8c1ec50a,actor_profile/evidence/blackbyte.csv,"{""row"": 96}",[],[],[],[],0,false,medium,TLP:CLEAR,csv-row,"cybercrime/2025/Biometric-vulnerabilities.pdf {""page"": 14} quantum he links made in the systems, via ensuring the correct identification of persons and, more importantly, to protect the sensitive 8 Europol (2023), The Second Quantum Revolution – The impact of quantum computing and quantum technologies on law enforcement, Europol Innovation Lab observatory report,Publications Office of the European Union, Luxembourg. Available at: https://www. europol.europa.eu/publication-events/main-reports/sec",
1.0.0,actor--blackbyte,artifact--sha256:331ca420e6597d5b43816db299668d563e4146460a5868e35d738a18e911671f,observation--sha256:a30ef682afd1ed4f8d5445dd696fe8241daae361b29833e82455823dcde62f30,file-name,CERTFR-2024-CTI-002.pdf,CERTFR-2024-CTI-002.pdf,candidate,,unknown,unknown,not-stated,,source--blackbyte--43ae5f2d8c1ec50a,actor_profile/evidence/blackbyte.csv,"{""row"": 589}",[],[],[],[],0,false,medium,TLP:CLEAR,csv-row,"summary/2024/CERTFR-2024-CTI-002.pdf {""page"": 22} Conti → A number of factors contribute to the diver - sification of cybercriminal profiles observed over the past few years. The leak of builders and ransomware source codes such as LockBit, Babuk and Conti in 2021 and 2022 is encouraging the rise of groups and actors less experienced which build and then deploy their own ransomware [43, 44]. This trend is further reinforced by the growing availability of infostealers",
1.0.0,actor--blackbyte,artifact--sha256:331ca420e6597d5b43816db299668d563e4146460a5868e35d738a18e911671f,observation--sha256:1fae5ffd5efd86d71d52073ea847517029de4ef3b347cd5995d9f316aa4f72fd,file-name,CERTFR-2024-CTI-002.pdf,CERTFR-2024-CTI-002.pdf,candidate,,unknown,unknown,not-stated,,source--blackbyte--43ae5f2d8c1ec50a,actor_profile/evidence/blackbyte.csv,"{""row"": 590}",[],[],[],[],0,false,medium,TLP:CLEAR,csv-row,"summary/2024/CERTFR-2024-CTI-002.pdf {""page"": 22} Conti lemented to gain access to an information system, collect usernames and escalate privileges [47 , 48], in particular with the aim of carrying out a ransomware attack. At the same time, ANSSI observed that the end of Conti’s activities, which began in March 2022, followed by the dismantling of Qakbot in August 2023, led to the collapse and restructuring of the activities of some groups and affiliates [49]. Methods used by cybercrimina",
1.0.0,actor--blackbyte,artifact--sha256:331ca420e6597d5b43816db299668d563e4146460a5868e35d738a18e911671f,observation--sha256:a79bdfa3d27397d29dd3cc9893afe7d3a8cfd4d59a808e2bedb224fa902267de,file-name,CERTFR-2024-CTI-002.pdf,CERTFR-2024-CTI-002.pdf,candidate,,unknown,unknown,not-stated,,source--blackbyte--43ae5f2d8c1ec50a,actor_profile/evidence/blackbyte.csv,"{""row"": 591}",[],[],[],[],0,false,medium,TLP:CLEAR,csv-row,"summary/2024/CERTFR-2024-CTI-002.pdf {""page"": 23} Royal nch part of this operation. Qakbot is a malware which had been active since 2008 and which was primarily used for the deployment of third-party malware such as offensive generic tools (Cobalt Strike) and ransomware (Royal, BlackBasta) on the victims’ networks. The infected machines could be connected to each other and became part of a network of compromised machines (botnet). ANSSI provided support to this dismantling by helping to i",
1.0.0,actor--blackbyte,artifact--sha256:331ca420e6597d5b43816db299668d563e4146460a5868e35d738a18e911671f,observation--sha256:e3b6d20b3e68f47745df71a5bc3edba97971f1caaef35618758361c37fe78ac8,file-name,CERTFR-2024-CTI-002.pdf,CERTFR-2024-CTI-002.pdf,candidate,2023-04-01T00:00:00Z,month,known,same-record,,source--blackbyte--43ae5f2d8c1ec50a,actor_profile/evidence/blackbyte.csv,"{""row"": 592}",[],[],[],[],0,false,medium,TLP:CLEAR,csv-row,"summary/2024/CERTFR-2024-CTI-002.pdf {""page"": 43} Conti n-speaking-infostealer-ecosystem- the-logs/ [47] ANALYST1 The Ransomware Diaries: Volume 2. 25 April 2023. https://analyst1.com/wp-content/ uploads/2023/04/Ransomware-diaries- vol2-v2.pdf [48] BLEEPING COMPUTER Angry Conti ransomware affiliate leaks gang's attack playbook. 5 August 2021. https://www.bleepingcomputer.com/ news/security/angry-conti-ransomware- affiliate-leaks-gangs-attack-playbook/ [49] CERT-FR FIN12 : Un groupe cybercr",
1.0.0,actor--blackbyte,artifact--sha256:331ca420e6597d5b43816db299668d563e4146460a5868e35d738a18e911671f,observation--sha256:96782d69f0ac8b158cca03fa464d1ca033c974370d3472446ae8ef919def65a5,file-name,CERTFR-2024-CTI-002.pdf,CERTFR-2024-CTI-002.pdf,candidate,2023-04-01T00:00:00Z,month,known,same-record,,source--blackbyte--43ae5f2d8c1ec50a,actor_profile/evidence/blackbyte.csv,"{""row"": 593}",[],[],[],[],0,false,medium,TLP:CLEAR,csv-row,"summary/2024/CERTFR-2024-CTI-002.pdf {""page"": 43} conti /wp-content/ uploads/2023/04/Ransomware-diaries- vol2-v2.pdf [48] BLEEPING COMPUTER Angry Conti ransomware affiliate leaks gang's attack playbook. 5 August 2021. https://www.bleepingcomputer.com/ news/security/angry-conti-ransomware- affiliate-leaks-gangs-attack-playbook/ [49] CERT-FR FIN12 : Un groupe cybercriminel aux multiples rançongiciels. 18 September 2023. https://www.cert.ssi.gouv.fr/uploads/ CERTFR-2023-CTI-007 .pdf [50] NC",
1.0.0,actor--blackbyte,artifact--sha256:10b5623e1ce1c9c390f3ce12efc7a030689a805e6fb2195abb3c9c361cb37383,observation--sha256:2c58909872fc1aa8898205cfdfbfad312bc2b5bb21c27ee96bc6bfb75f32c3a8,file-name,CERTFR-2026-CTI-003.pdf,CERTFR-2026-CTI-003.pdf,candidate,,unknown,unknown,not-stated,,source--blackbyte--43ae5f2d8c1ec50a,actor_profile/evidence/blackbyte.csv,"{""row"": 735}",[],[],[],[],0,false,medium,TLP:CLEAR,csv-row,"summary/2026/CERTFR-2026-CTI-003.pdf {""page"": 56} BLACK BASTA 24. 13 01 2025. https://cyberint.com/blog/research/ ransomware-annual-report-2024/ [65] RANSOMWARE DEBRIS: AN ANALYSIS OF THE RANSOMHUB OPERATION. 25 04 2025. https://www.group-ib.com/blog/ ransomware-debris/ [66] BLACK BASTA RANSOMWARE LEAK: KEY FINDINGS AND INSIGHTS. 25 04 2025. https://www.first.org/blog/20250321- black-basta-ransomware-leak [67] INSIDE THE LOCKBIT'S ADMIN PANEL LEAK: AFFILIATES, VICTIMS AND MILLIONS IN CRYPTO. 12",
1.0.0,actor--blackbyte,artifact--sha256:e6c1b8b92494d4f04965e7db04f88af86f5a6ce94db19e9625a99c2301bf2dad,observation--sha256:198a6266cbe7101866652474ccd32c837f8fecaedab4e6fab29e594be2143385,file-name,Cards.pdf,Cards.pdf,candidate,,unknown,unknown,not-stated,,source--blackbyte--43ae5f2d8c1ec50a,actor_profile/evidence/blackbyte.csv,"{""row"": 69}",[],[],[],[],0,false,medium,TLP:CLEAR,csv-row,"Threat Group Cards.pdf {""page"": 126} Royal Embassies, Energy, Government, High-Tech, Industry, Manufacturing, Mining, Oil and gas and Utilities. Countries: European Union, India and UK. Tools used Cobalt Strike, Metushy, Mimikatz, MirageFox, MS Exchange Tool, Royal DNS, RoyalCli, spwebmember, Systeminfo, Tasklist, TidePool and Winnti. Operations performed 2010 Operation “Ke3chang” As the crisis in Syria escalates, FireEye research-ers have discovered a cyber espionage campai",
1.0.0,actor--blackbyte,artifact--sha256:e6c1b8b92494d4f04965e7db04f88af86f5a6ce94db19e9625a99c2301bf2dad,observation--sha256:b82cf35f3fdda7935d36e2f35a167ee2ee75f00d2d0c0435f4d9e014d026f669,file-name,Cards.pdf,Cards.pdf,candidate,,unknown,unknown,not-stated,,source--blackbyte--43ae5f2d8c1ec50a,actor_profile/evidence/blackbyte.csv,"{""row"": 70}",[],[],[],[],0,false,medium,TLP:CLEAR,csv-row,"Threat Group Cards.pdf {""page"": 127} Royal e an upgraded version of a tool, a RAT believed to originate in 2012, known as Mirage. <https://www.intezer.com/miragefox-apt15-resurfaces-with-new-tools- based-on-old-ones/> Information <https://github.com/nccgroup/Royal_APT> MITRE ATT&CK <https://attack.mitre.org/groups/G0004/>",
1.0.0,actor--blackbyte,artifact--sha256:e6c1b8b92494d4f04965e7db04f88af86f5a6ce94db19e9625a99c2301bf2dad,observation--sha256:4db9dfb7479483bd35b98f91e11351e402cb7178b1e3d93bac5cf7690545a92d,file-name,Cards.pdf,Cards.pdf,candidate,,unknown,unknown,not-stated,,source--blackbyte--43ae5f2d8c1ec50a,actor_profile/evidence/blackbyte.csv,"{""row"": 71}",[],[],[],[],0,false,medium,TLP:CLEAR,csv-row,"Threat Group Cards.pdf {""page"": 151} quantum tries with national interests in the South China Sea.” Tools used HTRAN, Mongall, NewCT2, Nflog and Poison Ivy. Information <https://www.fireeye.com/content/dam/fireeye-www/global/en/current- threats/pdfs/wp-operation-quantum-entanglement.pdf> MITRE ATT&CK <https://attack.mitre.org/groups/G0002/>",
1.0.0,actor--blackbyte,artifact--sha256:e6c1b8b92494d4f04965e7db04f88af86f5a6ce94db19e9625a99c2301bf2dad,observation--sha256:178a69f72f93242eb54f0f0703e9c5e62a5e29c1fdcd6498a0586fa612e35bab,file-name,Cards.pdf,Cards.pdf,candidate,,unknown,unknown,not-stated,,source--blackbyte--43ae5f2d8c1ec50a,actor_profile/evidence/blackbyte.csv,"{""row"": 72}",[],[],[],[],0,false,medium,TLP:CLEAR,csv-row,"Threat Group Cards.pdf {""page"": 83} quantum aign is “an operation funded by China”. <https://www.phnompenhpost.com/national/kingdom-targeted-new- malware> Information <https://www.fireeye.com/content/dam/fireeye-www/global/en/current- threats/pdfs/wp-operation-quantum-entanglement.pdf> MITRE ATT&CK <https://attack.mitre.org/groups/G0017/>",
1.0.0,actor--blackbyte,artifact--sha256:4e039d3dff79a1fc51607b26c5e42c79cf160dad094a9b1a836eefa8a2800c62,observation--sha256:179df4a279b6316bb586a2c06d74b13b484624fc27be6e0d3756513491d7540c,file-name,CrowdStrike2023GlobalThreatReport.pdf,CrowdStrike2023GlobalThreatReport.pdf,candidate,,unknown,unknown,not-stated,,source--blackbyte--43ae5f2d8c1ec50a,actor_profile/evidence/blackbyte.csv,"{""row"": 508}",[],[],[],[],0,false,medium,TLP:CLEAR,csv-row,"summary/2023/CrowdStrike2023GlobalThreatReport.pdf {""page"": 31} Black Basta mporary and ECX values will likely return to 2021 values or higher during 2023. This assessment is made with moderate confidence, as BGH and enabling adversaries such as COMPASS SPIDER, LIL Y SPIDER, BRAIN SPIDER and Black Basta continue to emerge. Established adversaries such as BITWISE SPIDER, ALPHA SPIDER and MALLARD SPIDER continue to make significant malware maintenance efforts. Additionally, despite losing affiliat",
1.0.0,actor--blackbyte,artifact--sha256:4e039d3dff79a1fc51607b26c5e42c79cf160dad094a9b1a836eefa8a2800c62,observation--sha256:b77c7f9a1a4ae255284fc38183caca37c27aa19cf54af3c4ceceaa998ef699eb,file-name,CrowdStrike2023GlobalThreatReport.pdf,CrowdStrike2023GlobalThreatReport.pdf,candidate,,unknown,unknown,not-stated,,source--blackbyte--43ae5f2d8c1ec50a,actor_profile/evidence/blackbyte.csv,"{""row"": 509}",[],[],[],[],0,false,medium,TLP:CLEAR,csv-row,"summary/2023/CrowdStrike2023GlobalThreatReport.pdf {""page"": 31} Conti and the BITWISE SPIDER LockBit 3.0 leak. Despite these increases, the overall ECX value in 2022 was lower than in 2021. Two major eCrime adversaries suffered hits to their daily operations: WIZARD SPIDER closed their Conti RaaS following a series of damaging leaks, and HERMIT SPIDER ceased their PrivateLoader operations, significantly impacting ECX factors such as BGH victims and malware distribution throughout the remainder o",
1.0.0,actor--blackbyte,artifact--sha256:d0de272c2fd3183fee9b395623e16d648d757359c726be45bc2a8cd6e78f1ada,observation--sha256:194eebf0c340c7c5c95677b80ea1ae579f684303a26d76dea5ccfdbef48ea858,file-name,CrowdStrikeGlobalThreatReport2025.pdf,CrowdStrikeGlobalThreatReport2025.pdf,candidate,,unknown,unknown,not-stated,,source--blackbyte--43ae5f2d8c1ec50a,actor_profile/evidence/blackbyte.csv,"{""row"": 673}",[],[],[],[],0,false,medium,TLP:CLEAR,csv-row,"summary/2025/CrowdStrikeGlobalThreatReport2025.pdf {""page"": 14} Black Basta roceed with the rest of their attack. However, CrowdStrike Intelligence has seen these tactics directly support ransomware operations, and this adversary frequently collaborates with WANDERING SPIDER, the group behind Black Basta ransomware. By combining high-tempo social engineering, legitimate remote tools, and cloud-hosted payloads, CURLY SPIDER exemplifies how modern adversaries bypass traditional defenses and achiev",
1.0.0,actor--blackbyte,artifact--sha256:d0de272c2fd3183fee9b395623e16d648d757359c726be45bc2a8cd6e78f1ada,observation--sha256:cc649ecfe90c1a73c668fa9be0c7d27b7db3c3e3ca4412defcbf2d55203678da,file-name,CrowdStrikeGlobalThreatReport2025.pdf,CrowdStrikeGlobalThreatReport2025.pdf,candidate,,unknown,unknown,not-stated,,source--blackbyte--43ae5f2d8c1ec50a,actor_profile/evidence/blackbyte.csv,"{""row"": 674}",[],[],[],[],0,false,medium,TLP:CLEAR,csv-row,"summary/2025/CrowdStrikeGlobalThreatReport2025.pdf {""page"": 16} Black Basta gnificant increase in these campaigns in the second half of 2024, detecting several relevant intrusions each day. eCrime adversary CURLY SPIDER is behind one of these campaigns, with relevant intrusions culminating in Black Basta ransomware deployment. The long-standing Russia-based eCrime adversary CHATTY SPIDER continued to employ callback phishing as an initial access vector in data theft and extortion campaigns. In c",
1.0.0,actor--blackbyte,artifact--sha256:7e866aa8034c0390c76e6de06cfc692c431c8fb2ad38b8f474a9eda2c8df7920,observation--sha256:6bca84fcc90cfea6a7d5acc57de4fc167b857654e63fc55c9bf81b82e84a3295,file-name,Crypto_Crime_Report_2023.pdf,Crypto_Crime_Report_2023.pdf,candidate,,unknown,unknown,not-stated,,source--blackbyte--43ae5f2d8c1ec50a,actor_profile/evidence/blackbyte.csv,"{""row"": 510}",[],[],[],[],0,false,medium,TLP:CLEAR,csv-row,"summary/2023/Crypto_Crime_Report_2023.pdf {""page"": 28} Conti wever, see turnover throughout the year among the top-grossing strains. Top 5 ransomware strains by quarter, 2022 0% 25% 50% 75% 100% 2022Q1 2022Q2 2022Q3 2022Q4 Other Royal Ragnar Quantum Play Lockbit Hive Daixin Cuba Conti Blackbasta Alphv - Blackcat Hive sees a large spike in activity as victims become less willing to pay Conti Payments to Conti decline following Conti’s announced support for Russian government in Feb 2022 New strai",
1.0.0,actor--blackbyte,artifact--sha256:7e866aa8034c0390c76e6de06cfc692c431c8fb2ad38b8f474a9eda2c8df7920,observation--sha256:6d0fad6cf920401bc24d7feb8da692016af42fccde5cd20aa460adac16813021,file-name,Crypto_Crime_Report_2023.pdf,Crypto_Crime_Report_2023.pdf,candidate,,unknown,unknown,not-stated,,source--blackbyte--43ae5f2d8c1ec50a,actor_profile/evidence/blackbyte.csv,"{""row"": 511}",[],[],[],[],0,false,medium,TLP:CLEAR,csv-row,"summary/2023/Crypto_Crime_Report_2023.pdf {""page"": 28} Conti 2022 0% 25% 50% 75% 100% 2022Q1 2022Q2 2022Q3 2022Q4 Other Royal Ragnar Quantum Play Lockbit Hive Daixin Cuba Conti Blackbasta Alphv - Blackcat Hive sees a large spike in activity as victims become less willing to pay Conti Payments to Conti decline following Conti’s announced support for Russian government in Feb 2022 New strains like Royal, BlackBasta, and Play emerge following Conti’s demise Likewise, ransomware lifespans continu",
1.0.0,actor--blackbyte,artifact--sha256:7e866aa8034c0390c76e6de06cfc692c431c8fb2ad38b8f474a9eda2c8df7920,observation--sha256:06924eb302cfd22f2894b2c8ec30c6325e94a24a7001b9c61eed5d94373a93a2,file-name,Crypto_Crime_Report_2023.pdf,Crypto_Crime_Report_2023.pdf,candidate,,unknown,unknown,not-stated,,source--blackbyte--43ae5f2d8c1ec50a,actor_profile/evidence/blackbyte.csv,"{""row"": 512}",[],[],[],[],0,false,medium,TLP:CLEAR,csv-row,"summary/2023/Crypto_Crime_Report_2023.pdf {""page"": 28} Conti 5% 100% 2022Q1 2022Q2 2022Q3 2022Q4 Other Royal Ragnar Quantum Play Lockbit Hive Daixin Cuba Conti Blackbasta Alphv - Blackcat Hive sees a large spike in activity as victims become less willing to pay Conti Payments to Conti decline following Conti’s announced support for Russian government in Feb 2022 New strains like Royal, BlackBasta, and Play emerge following Conti’s demise Likewise, ransomware lifespans continue to drop. In 2022",
1.0.0,actor--blackbyte,artifact--sha256:7e866aa8034c0390c76e6de06cfc692c431c8fb2ad38b8f474a9eda2c8df7920,observation--sha256:73903260ebe99eeb3c8ba4e2aff8c0893866668aa14994ee6cd1b262167753b0,file-name,Crypto_Crime_Report_2023.pdf,Crypto_Crime_Report_2023.pdf,candidate,,unknown,unknown,not-stated,,source--blackbyte--43ae5f2d8c1ec50a,actor_profile/evidence/blackbyte.csv,"{""row"": 513}",[],[],[],[],0,false,medium,TLP:CLEAR,csv-row,"summary/2023/Crypto_Crime_Report_2023.pdf {""page"": 28} Quantum f strains at any given time. We do, however, see turnover throughout the year among the top-grossing strains. Top 5 ransomware strains by quarter, 2022 0% 25% 50% 75% 100% 2022Q1 2022Q2 2022Q3 2022Q4 Other Royal Ragnar Quantum Play Lockbit Hive Daixin Cuba Conti Blackbasta Alphv - Blackcat Hive sees a large spike in activity as victims become less willing to pay Conti Payments to Conti decline following Conti’s announced support for ",
1.0.0,actor--blackbyte,artifact--sha256:7e866aa8034c0390c76e6de06cfc692c431c8fb2ad38b8f474a9eda2c8df7920,observation--sha256:aa1f49ac9b611961f3b078e01009fdb5eef54b7097e459a456972d0f8835d5c7,file-name,Crypto_Crime_Report_2023.pdf,Crypto_Crime_Report_2023.pdf,candidate,,unknown,unknown,not-stated,,source--blackbyte--43ae5f2d8c1ec50a,actor_profile/evidence/blackbyte.csv,"{""row"": 514}",[],[],[],[],0,false,medium,TLP:CLEAR,csv-row,"summary/2023/Crypto_Crime_Report_2023.pdf {""page"": 28} Royal mall group of strains at any given time. We do, however, see turnover throughout the year among the top-grossing strains. Top 5 ransomware strains by quarter, 2022 0% 25% 50% 75% 100% 2022Q1 2022Q2 2022Q3 2022Q4 Other Royal Ragnar Quantum Play Lockbit Hive Daixin Cuba Conti Blackbasta Alphv - Blackcat Hive sees a large spike in activity as victims become less willing to pay Conti Payments to Conti decline following Conti’s announced su",
1.0.0,actor--blackbyte,artifact--sha256:aa43e8593eac70b019e4fdeac3e4f999c151684a3215d8ab73da785e49c973cf,observation--sha256:667ea1714a2de02df3bc765d700b31128ac230eb26e502f0ec4b565d6dce859d,file-name,CyberProof_2026_Global_Threat_Intelligence_Report.pdf,CyberProof_2026_Global_Threat_Intelligence_Report.pdf,candidate,,unknown,unknown,not-stated,,source--blackbyte--43ae5f2d8c1ec50a,actor_profile/evidence/blackbyte.csv,"{""row"": 736}",[],[],[],[],0,false,medium,TLP:CLEAR,csv-row,"summary/2026/CyberProof_2026_Global_Threat_Intelligence_Report.pdf {""page"": 18} Black Basta t utilities or enter credentials into phishing pages.23 Similar impersonation tactics were adopted by multiple actors. Matanbuchus campaigns combined IT impersonation with malicious MSI delivery via Quick Assist, while Black Basta leveraged Teams-based spoofing to persuade users into executing loader payloads.Across these campaigns, organizational trust in IT and support workflows became a primary point o",
1.0.0,actor--blackbyte,artifact--sha256:aa43e8593eac70b019e4fdeac3e4f999c151684a3215d8ab73da785e49c973cf,observation--sha256:579de6ef2bee71332e98ed6480afd512231627ad8b51677f69dcf64cf9813cfd,file-name,CyberProof_2026_Global_Threat_Intelligence_Report.pdf,CyberProof_2026_Global_Threat_Intelligence_Report.pdf,candidate,,unknown,unknown,not-stated,,source--blackbyte--43ae5f2d8c1ec50a,actor_profile/evidence/blackbyte.csv,"{""row"": 737}",[],[],[],[],0,false,medium,TLP:CLEAR,csv-row,"summary/2026/CyberProof_2026_Global_Threat_Intelligence_Report.pdf {""page"": 25} Conti ce, and Qilin EcosystemThe past year also highlighted a growing unification between LockBit, DragonForce, and Qilin, characterized by shared tooling, overlapping affiliate networks, and the continued influence of leaked Conti v3 source code.30 Reporting throughout the year showed these groups adopting similar payload frameworks, encryption routines, and access methods, allowing operators to move between brands ",
1.0.0,actor--blackbyte,artifact--sha256:aa43e8593eac70b019e4fdeac3e4f999c151684a3215d8ab73da785e49c973cf,observation--sha256:9226507711d71a3fa7a0c2b01b139ee171c3f02407bfb0a849cc01f794a76ef6,file-name,CyberProof_2026_Global_Threat_Intelligence_Report.pdf,CyberProof_2026_Global_Threat_Intelligence_Report.pdf,candidate,,unknown,unknown,not-stated,,source--blackbyte--43ae5f2d8c1ec50a,actor_profile/evidence/blackbyte.csv,"{""row"": 738}",[],[],[],[],0,false,medium,TLP:CLEAR,csv-row,"summary/2026/CyberProof_2026_Global_Threat_Intelligence_Report.pdf {""page"": 25} Conti roughout the year showed these groups adopting similar payload frameworks, encryption routines, and access methods, allowing operators to move between brands without changing their tradecraft.DragonForce re-emerged as a Conti-linked ransomware cartel, enabling affiliates to white-label payloads and rapidly expand victim reach, while Qilin became one of the most prolific ransomware groups of the year, frequently",
1.0.0,actor--blackbyte,artifact--sha256:99735761bbacc855b0214738af4d02db7b03d94a204096605601233e986db479,observation--sha256:5e79b377a90f423aab9e4849f8606b918cede63a29fcf79d6f9c4caeb5088fe6,file-name,DAnFuzAaX9JE4n.exe,DAnFuzAaX9JE4n.exe,candidate,,unknown,unknown,not-stated,,source--blackbyte--43ae5f2d8c1ec50a,actor_profile/evidence/blackbyte.csv,"{""row"": 109}",[],[],[],[],0,false,medium,TLP:CLEAR,csv-row,"cybercrime/[RIG] RIG Exploit Kit_ In-Depth Analysis.pdf {""page"": 14} Royal DAnFuzAaX9JE4n.exe d43fa3957b4004ebdbe5073f99a32c9e Dridex mag5Wip3Ide.exe c6cc42b429c26e68deec777eedb4c11d Dridex GerxIflwewM.exe 4ed2076ec15170d68a88d8b4db34fff1 UrSnif gErVP6ZddBw.exe 6b3d119e8c22e8670deb3a4f79646495 Royal Ransomware DVqj6UhQ.exe 6cb6a59dc12494d5c5224fc03eb12ece Royal Ransomware Table 1. Malware samples RIG EK was observed distributing This is only a small glimpse into the myriad of malware that RIG EK",
1.0.0,actor--blackbyte,artifact--sha256:08775465fa526a2bb33309af37466ad3cf25ad24b4723e67d4c7c469926ca4ec,observation--sha256:81a8529dbee79cff77889c715622aabbecbbf69343a816391a4b1fa9597fef38,file-name,DVqj6UhQ.exe,DVqj6UhQ.exe,candidate,,unknown,unknown,not-stated,,source--blackbyte--43ae5f2d8c1ec50a,actor_profile/evidence/blackbyte.csv,"{""row"": 109}",[],[],[],[],0,false,medium,TLP:CLEAR,csv-row,"cybercrime/[RIG] RIG Exploit Kit_ In-Depth Analysis.pdf {""page"": 14} Royal DAnFuzAaX9JE4n.exe d43fa3957b4004ebdbe5073f99a32c9e Dridex mag5Wip3Ide.exe c6cc42b429c26e68deec777eedb4c11d Dridex GerxIflwewM.exe 4ed2076ec15170d68a88d8b4db34fff1 UrSnif gErVP6ZddBw.exe 6b3d119e8c22e8670deb3a4f79646495 Royal Ransomware DVqj6UhQ.exe 6cb6a59dc12494d5c5224fc03eb12ece Royal Ransomware Table 1. Malware samples RIG EK was observed distributing This is only a small glimpse into the myriad of malware that RIG EK",
1.0.0,actor--blackbyte,artifact--sha256:08775465fa526a2bb33309af37466ad3cf25ad24b4723e67d4c7c469926ca4ec,observation--sha256:576747f82eadc80b54664f2defd66d722785b6864a9573edcc5748d02bc6feb8,file-name,DVqj6UhQ.exe,DVqj6UhQ.exe,candidate,,unknown,unknown,not-stated,,source--blackbyte--43ae5f2d8c1ec50a,actor_profile/evidence/blackbyte.csv,"{""row"": 110}",[],[],[],[],0,false,medium,TLP:CLEAR,csv-row,"cybercrime/[RIG] RIG Exploit Kit_ In-Depth Analysis.pdf {""page"": 14} Royal Wip3Ide.exe c6cc42b429c26e68deec777eedb4c11d Dridex GerxIflwewM.exe 4ed2076ec15170d68a88d8b4db34fff1 UrSnif gErVP6ZddBw.exe 6b3d119e8c22e8670deb3a4f79646495 Royal Ransomware DVqj6UhQ.exe 6cb6a59dc12494d5c5224fc03eb12ece Royal Ransomware Table 1. Malware samples RIG EK was observed distributing This is only a small glimpse into the myriad of malware that RIG EK has been observed distributing. It is also used to distribute ",
1.0.0,actor--blackbyte,artifact--sha256:36b7faaea5c725e643e9d233253e360f1f84b20a27b8465afe8066494ee74642,observation--sha256:5a75d72bb38a00093c4ff3b9a53e7be5e27c186cc9802b62552657905de3373d,file-name,Disjointed_Cyber_Warfare_Internal_Conflicts_among_.pdf,Disjointed_Cyber_Warfare_Internal_Conflicts_among_.pdf,candidate,,unknown,unknown,not-stated,,source--blackbyte--43ae5f2d8c1ec50a,actor_profile/evidence/blackbyte.csv,"{""row"": 50}",[],[],[],[],0,false,medium,TLP:CLEAR,csv-row,"International Strategic/Russia/Disjointed_Cyber_Warfare_Internal_Conflicts_among_.pdf {""page"": 1} Royal 2120 Disjointed Cyber Warfare: Internal Conflicts among Russian Intelligence Agencies Cosimo Melella | CCDCOE, Tallinn, Republic of Estonia, University of Genoa, Italy| ORCID: 0009-0009-6970-9396 Francesco Ferazza | Royal Holloway, University of London, UK | ORCID 0009-0005-3280-2678 Konstantinos Mersinas | Royal Holloway, University of London, UK | ORCID 0000-0002-4402-2987 Abstract Our ongoi",
1.0.0,actor--blackbyte,artifact--sha256:36b7faaea5c725e643e9d233253e360f1f84b20a27b8465afe8066494ee74642,observation--sha256:1f31172d091697dc77559957ba6237ddd87258a2d713b1d2ead1a0d1d3bcf6b0,file-name,Disjointed_Cyber_Warfare_Internal_Conflicts_among_.pdf,Disjointed_Cyber_Warfare_Internal_Conflicts_among_.pdf,candidate,,unknown,unknown,not-stated,,source--blackbyte--43ae5f2d8c1ec50a,actor_profile/evidence/blackbyte.csv,"{""row"": 51}",[],[],[],[],0,false,medium,TLP:CLEAR,csv-row,"International Strategic/Russia/Disjointed_Cyber_Warfare_Internal_Conflicts_among_.pdf {""page"": 1} Royal Melella | CCDCOE, Tallinn, Republic of Estonia, University of Genoa, Italy| ORCID: 0009-0009-6970-9396 Francesco Ferazza | Royal Holloway, University of London, UK | ORCID 0009-0005-3280-2678 Konstantinos Mersinas | Royal Holloway, University of London, UK | ORCID 0000-0002-4402-2987 Abstract Our ongoing, descriptive study explores the intricacies of Offensive Cyber Operations (OCOs), particul",
1.0.0,actor--blackbyte,artifact--sha256:c0df204805da5c8365dccc7ce6cc19de477a354bc2d022d792ad9ae77174e70c,observation--sha256:5e8cb4b56e2b0cb64e0af1a4bec5fee09cb91c0f33bc36b1b0a598ef711884eb,file-name,Dragos-2025-OT-Cybersecurity-Report-A-Year-in-Review.pdf,Dragos-2025-OT-Cybersecurity-Report-A-Year-in-Review.pdf,candidate,,unknown,unknown,not-stated,,source--blackbyte--43ae5f2d8c1ec50a,actor_profile/evidence/blackbyte.csv,"{""row"": 685}",[],[],[],[],0,false,medium,TLP:CLEAR,csv-row,"summary/2025/Dragos-2025-OT-Cybersecurity-Report-A-Year-in-Review.pdf {""page"": 41} BLACK BASTA LOCKBIT 3.0 RANSOMHUB PLAY AKIRA HUNTERS INT’L BLACK BASTA 8BASE MEDUSALOCKER QILIN CACTUS MEOWLEAKS DRAGONFORCE INC RANSOM BLACKSUIT BIANLIAN FOG KILL SECURITY LYNX EL DORADO RA GROUP SAFEPAY FUNKSEC RANSOMHOUSE CICADA3301 NITROGEN RHYSIDA STORMOUS ALPHV CL0P SARCOMA MONTI ABY",
1.0.0,actor--blackbyte,artifact--sha256:c0df204805da5c8365dccc7ce6cc19de477a354bc2d022d792ad9ae77174e70c,observation--sha256:76c5efa44cc54d0a85685a44f0c3a745d97db0834f9fb2e77e282c0e6e80ceb1,file-name,Dragos-2025-OT-Cybersecurity-Report-A-Year-in-Review.pdf,Dragos-2025-OT-Cybersecurity-Report-A-Year-in-Review.pdf,candidate,,unknown,unknown,not-stated,,source--blackbyte--43ae5f2d8c1ec50a,actor_profile/evidence/blackbyte.csv,"{""row"": 686}",[],[],[],[],0,false,medium,TLP:CLEAR,csv-row,"summary/2025/Dragos-2025-OT-Cybersecurity-Report-A-Year-in-Review.pdf {""page"": 41} BLACKBYTE RADO RA GROUP SAFEPAY FUNKSEC RANSOMHOUSE CICADA3301 NITROGEN RHYSIDA STORMOUS ALPHV CL0P SARCOMA MONTI ABYSS BRAINCIPHER ARCUS MEDIA HELLDOWN MEDUSABLOG SPACEBEARS THREEAM ARGONAUTS TRIGONA EVEREST D NUT LEAKS BLACKOUT BLACKBYTE BLUEBOX MYDATA CLOAK CIPHBIT CUBA RED RANSOMWARE DARKVAULT DANON HANDALA DISPOSSESSOR EMBARGO INTERLOCK METAENCRYPTOR HELLCAT KNIGHT RANSOMEXX ORCA MALLOX KAIROS MAD LIBERATOR T",
1.0.0,actor--blackbyte,artifact--sha256:446193c13ffb80e6a622858ab5ebf9bd62aef828a25f6b69af0a7902ace7ed22,observation--sha256:d0f626672186ecadfc29c20be406cf29253f3190c96bac792eadf92b5b238c99,file-name,Dragos-2026-OT-Cybersecurity-Report-A-Year-in-Review.pdf,Dragos-2026-OT-Cybersecurity-Report-A-Year-in-Review.pdf,candidate,,unknown,unknown,not-stated,,source--blackbyte--43ae5f2d8c1ec50a,actor_profile/evidence/blackbyte.csv,"{""row"": 68}",[],[],[],[],0,false,medium,TLP:CLEAR,csv-row,"OT/Dragos-2026-OT-Cybersecurity-Report-A-Year-in-Review.pdf {""page"": 67} Conti ions. Fragmentation was also evident in the lineage of several ransomware programs active in 2025. Devman, Akira, BlackSuit, and INC Ransom reflect the continued dispersion of operators and affiliates from the broader Conti ecosystem, re-emerging under new brands while maintaining similar tradecraft and targeting patterns. In parallel, Dragos identified TAT24-87 operating as a highly active IAB whose access was subseq",
1.0.0,actor--blackbyte,artifact--sha256:52afaccefb04705dd75cf1138be1a3e713cbeaf3ce6c0187a04d5990bb898d5a,observation--sha256:a9dba8d93a170b08538bfd552e3824c44f25ec349d17b4b9c2fa5425f8a893b6,file-name,Emotet_Exposed_A_Look_Inside_the_Cybercriminal_Supply_Chain.pdf,Emotet_Exposed_A_Look_Inside_the_Cybercriminal_Supply_Chain.pdf,candidate,,unknown,unknown,not-stated,,source--blackbyte--43ae5f2d8c1ec50a,actor_profile/evidence/blackbyte.csv,"{""row"": 111}",[],[],[],[],0,false,medium,TLP:CLEAR,csv-row,"cybercrime/emotet/Emotet_Exposed_A_Look_Inside_the_Cybercriminal_Supply_Chain.pdf {""page"": 42} Conti gna. February 22, 2021. 9 Digital Shadows. “The Emotet Shutdown Explained.” April 22, 2021. 10 Cyber.wtf. “Guess who’s back.” Luca Ebach. November 15, 2021. 11 Bleeping Computer. “Emotet botnet comeback orchestrated by Conti ransomware gang.” Ionut Ilascu. November 19, 2021. 12 VMware. “Emotet Is Not Dead (Yet).” Jason Zhang. January 21, 2022. 13 VMware. “Emotet Is Not Dead (Yet) – Part 2.” Jason",
1.0.0,actor--blackbyte,artifact--sha256:52afaccefb04705dd75cf1138be1a3e713cbeaf3ce6c0187a04d5990bb898d5a,observation--sha256:917f61a3a403fec03ae771aef8e7731f519cf1a1b3918c95256c4469172bc94d,file-name,Emotet_Exposed_A_Look_Inside_the_Cybercriminal_Supply_Chain.pdf,Emotet_Exposed_A_Look_Inside_the_Cybercriminal_Supply_Chain.pdf,candidate,,unknown,unknown,not-stated,,source--blackbyte--43ae5f2d8c1ec50a,actor_profile/evidence/blackbyte.csv,"{""row"": 112}",[],[],[],[],0,false,medium,TLP:CLEAR,csv-row,"cybercrime/emotet/Emotet_Exposed_A_Look_Inside_the_Cybercriminal_Supply_Chain.pdf {""page"": 6} Conti 021, the TrickBot botnet started distributing a DLL that turned out to be Emotet. This resulted in the rebooting of the Emotet botnet infrastructure.10 It’s a comeback that many believe was pushed by members of the Conti ransomware gang.11 Since then, the botnet has been operating with two new infrastructures: Epochs 4 and 5. Figure 1 shows a timeline of Emotet’s activity (see the Emotet activity ",
1.0.0,actor--blackbyte,artifact--sha256:66cdec049551e1a3f12f08c5b8b9d39240c2fcb68b687d56c8308fcc161b126c,observation--sha256:636a0d4d30da574f8978409353fc2057d5f30421720f51c43927b9e733118ea8,file-name,Estonian-Foreign-Intelligence-raport-2020-en.pdf,Estonian-Foreign-Intelligence-raport-2020-en.pdf,candidate,,unknown,unknown,not-stated,,source--blackbyte--43ae5f2d8c1ec50a,actor_profile/evidence/blackbyte.csv,"{""row"": 397}",[],[],[],[],0,false,medium,TLP:CLEAR,csv-row,"summary/2020/Estonian-Foreign-Intelligence-raport-2020-en.pdf {""page"": 66} conti ignificant lead there . The United States, the United Kingdom, France and China have made long-term invest- ments and developed sustained forms of cooperation, therefore establishing a wide-reaching influence on the conti- nent . Restricted by its limited resources and faced with strong competition, Russia looks for opportunities missed by the great powers active in Africa and, on the other hand, seeks to intervene ",
1.0.0,actor--blackbyte,artifact--sha256:c0918bd0f990dce5f8b505180bd4793ed2306b3535b6c4f19ea2611a861a7c11,observation--sha256:6f335c85b5d98a4a8e5c4fe7c296e02e725ab1e45b6df38d80f10383b0ebb019,file-name,FBI.rar,FBI.rar,candidate,,unknown,unknown,not-stated,,source--blackbyte--43ae5f2d8c1ec50a,actor_profile/evidence/blackbyte.csv,"{""row"": 743}",[],[],[],[],0,false,medium,TLP:CLEAR,csv-row,"summary/2026/Threat Report 2026 v4.pdf {""page"": 17} Royal Annual Threat Report | 16 darktrace.com CASE STUDY: Mustang Panda In February 2025, Darktrace researchers identified a Mustang Panda campaign targeting the Royal Thai Police to deliver the Yokai backdoor. The initial file was a RAR archive named “ด่่วนมาก เชิิญเข้้าร่่วมโคร่งการ่ความร่่วมมือฝึ ึ กอบร่มหลัักสููตร่ FBI.rar (English: Very urgent, please join the cooperation proj",
1.0.0,actor--blackbyte,artifact--sha256:ab07533a7d31ee7514bb19095991329d20c17811243e8e171cd4ed42f4fda960,observation--sha256:f019db11651b852906981f34d67319d98fa93d10e88431a4a8939be4607dc6d1,file-name,GRIT_Ransomware_Annual_Report_2023.pdf,GRIT_Ransomware_Annual_Report_2023.pdf,candidate,,unknown,unknown,not-stated,,source--blackbyte--43ae5f2d8c1ec50a,actor_profile/evidence/blackbyte.csv,"{""row"": 604}",[],[],[],[],0,false,medium,TLP:CLEAR,csv-row,"summary/2024/GRIT_Ransomware_Annual_Report_2023.pdf {""page"": 37} Conti ons are not anticipated, though implementation would deter and effectively criminalize many ransom payments.Substantial leak or compromise of internal group communications for prolific Established ransomware group (à la Conti Leaks)Embarrassing revelations and leaks of prominent ransomware groups are not anticipated, but would likely lead to dissolution, splintering, or rebranding of impacted groups.Ransomware groups increasi",
1.0.0,actor--blackbyte,artifact--sha256:ab07533a7d31ee7514bb19095991329d20c17811243e8e171cd4ed42f4fda960,observation--sha256:3d3c87103ba2e5c54d161e8fd47c3c285c7db500c3fe197f2037064eeb2207aa,file-name,GRIT_Ransomware_Annual_Report_2023.pdf,GRIT_Ransomware_Annual_Report_2023.pdf,candidate,,unknown,unknown,not-stated,,source--blackbyte--43ae5f2d8c1ec50a,actor_profile/evidence/blackbyte.csv,"{""row"": 605}",[],[],[],[],0,false,medium,TLP:CLEAR,csv-row,"summary/2024/GRIT_Ransomware_Annual_Report_2023.pdf {""page"": 4} Royal ide organizations, exacerbated by less ""reliable"" actors and frequently recycled malware. We note that for 2023, we have attributed only one Rebrand group in Black Suit, stemming from the now inactive Established group, Royal. Conversely, we have not definitively attributed any Splinter groups in 2023, though groups that we currently classify as Emerging or Ephemeral may, in time, show indications of having Splintered from oth",
1.0.0,actor--blackbyte,artifact--sha256:ab07533a7d31ee7514bb19095991329d20c17811243e8e171cd4ed42f4fda960,observation--sha256:86c56009776e40d94798de75461918abc8b29513b623216322ebba5113dc9e48,file-name,GRIT_Ransomware_Annual_Report_2023.pdf,GRIT_Ransomware_Annual_Report_2023.pdf,candidate,,unknown,unknown,not-stated,,source--blackbyte--43ae5f2d8c1ec50a,actor_profile/evidence/blackbyte.csv,"{""row"": 606}",[],[],[],[],0,false,medium,TLP:CLEAR,csv-row,"summary/2024/GRIT_Ransomware_Annual_Report_2023.pdf {""page"": 8} Royal hat caused the outage.Including Clop's mass exploitation campaigns and the May 2023 bulk posting of victims by 8Base, LockBit’s share among the “top 10” settled at 32% for the remainder of the year.The Established group Royal began the year with a high and consistent volume of victims before a precipitous drop in Q3, when their leak site went dark. The group is believed to have since Rebranded as ""Black Suit"", which began cont",
1.0.0,actor--blackbyte,artifact--sha256:5dce8a05cbeddc348fad86d6014d45bcbdad0d748ec80dbe56465eb708710388,observation--sha256:c17853a95760948c5290223cc9d5bfc845f7c4a6414c4f48099d9a500c96c59b,file-name,GerxIflwewM.exe,GerxIflwewM.exe,candidate,,unknown,unknown,not-stated,,source--blackbyte--43ae5f2d8c1ec50a,actor_profile/evidence/blackbyte.csv,"{""row"": 109}",[],[],[],[],0,false,medium,TLP:CLEAR,csv-row,"cybercrime/[RIG] RIG Exploit Kit_ In-Depth Analysis.pdf {""page"": 14} Royal DAnFuzAaX9JE4n.exe d43fa3957b4004ebdbe5073f99a32c9e Dridex mag5Wip3Ide.exe c6cc42b429c26e68deec777eedb4c11d Dridex GerxIflwewM.exe 4ed2076ec15170d68a88d8b4db34fff1 UrSnif gErVP6ZddBw.exe 6b3d119e8c22e8670deb3a4f79646495 Royal Ransomware DVqj6UhQ.exe 6cb6a59dc12494d5c5224fc03eb12ece Royal Ransomware Table 1. Malware samples RIG EK was observed distributing This is only a small glimpse into the myriad of malware that RIG EK",
1.0.0,actor--blackbyte,artifact--sha256:5dce8a05cbeddc348fad86d6014d45bcbdad0d748ec80dbe56465eb708710388,observation--sha256:038baab99051775ab41fa30810f400a6a60fc2607166f57cc5ab8e501c062314,file-name,GerxIflwewM.exe,GerxIflwewM.exe,candidate,,unknown,unknown,not-stated,,source--blackbyte--43ae5f2d8c1ec50a,actor_profile/evidence/blackbyte.csv,"{""row"": 110}",[],[],[],[],0,false,medium,TLP:CLEAR,csv-row,"cybercrime/[RIG] RIG Exploit Kit_ In-Depth Analysis.pdf {""page"": 14} Royal Wip3Ide.exe c6cc42b429c26e68deec777eedb4c11d Dridex GerxIflwewM.exe 4ed2076ec15170d68a88d8b4db34fff1 UrSnif gErVP6ZddBw.exe 6b3d119e8c22e8670deb3a4f79646495 Royal Ransomware DVqj6UhQ.exe 6cb6a59dc12494d5c5224fc03eb12ece Royal Ransomware Table 1. Malware samples RIG EK was observed distributing This is only a small glimpse into the myriad of malware that RIG EK has been observed distributing. It is also used to distribute ",
1.0.0,actor--blackbyte,artifact--sha256:7018dec3079202447775cb165c3fbd014225a183b36c47f489522721166b930e,observation--sha256:b5dc291567c8082f2e8c774a890401183a0d395e89f37ed96f433b4c115e4626,file-name,Global_Cybersecurity_Outlook_2022.pdf,Global_Cybersecurity_Outlook_2022.pdf,candidate,2023-11-01T00:00:00Z,month,known,same-record,,source--blackbyte--43ae5f2d8c1ec50a,actor_profile/evidence/blackbyte.csv,"{""row"": 626}",[],[],[],[],0,false,medium,TLP:CLEAR,csv-row,"summary/2024/WEF_Global_Cybersecurity_Outlook_2024.pdf {""page"": 38} quantum nited States House Committee on Science, Space and Technology, “Support Grows for the National Quantum Initiative Reauthorization Act”, 13 November 2023: https://science.house.gov/2023/11/support-grows-for-the-national-quantum- initiative-reauthorization-act. 18. World Economic Forum, “Global Cybersecurity Outlook 2022”, January 2022: https://www3.weforum.org/docs/WEF_ Global_Cybersecurity_Outlook_2022.pdf. 19. Economic ",
1.0.0,actor--blackbyte,artifact--sha256:c383e0824a0cb1259c3f267298a7a6bc99953e2875597f813e5cc49ae992f643,observation--sha256:fbd7d2d420eeff993a721ea33b99a308be79566a9b2b44a0240d4370e4799e59,file-name,HJS-Crypto-Currency-Report-web-final.pdf,HJS-Crypto-Currency-Report-web-final.pdf,candidate,,unknown,unknown,not-stated,,source--blackbyte--43ae5f2d8c1ec50a,actor_profile/evidence/blackbyte.csv,"{""row"": 739}",[],[],[],[],0,false,medium,TLP:CLEAR,csv-row,"summary/2026/HJS-Crypto-Currency-Report-web-final.pdf {""page"": 10} Conti ith four cases each. Overall, each case spans multiple jurisdictions, complicating the legal and regulatory efforts required to mitigate and disrupt such activity. 4 Alex Scroxton, “Retailer FatFace pays $2m ransom to Conti cyber criminals”, Computer Weekly, 26 March 2021, https:/ /www.computerweekly.com/news/252498463/Retailer-FatFace-pays-2m-ransom-to-Conti-cyber-criminals. 7. Different Stages of Laundering In traditional",
1.0.0,actor--blackbyte,artifact--sha256:c383e0824a0cb1259c3f267298a7a6bc99953e2875597f813e5cc49ae992f643,observation--sha256:f6491fcebd1f399e99472d595fd887a447fd637c049cb71b19a07dbcb57513e2,file-name,HJS-Crypto-Currency-Report-web-final.pdf,HJS-Crypto-Currency-Report-web-final.pdf,candidate,,unknown,unknown,not-stated,,source--blackbyte--43ae5f2d8c1ec50a,actor_profile/evidence/blackbyte.csv,"{""row"": 740}",[],[],[],[],0,false,medium,TLP:CLEAR,csv-row,"summary/2026/HJS-Crypto-Currency-Report-web-final.pdf {""page"": 10} Conti nd disrupt such activity. 4 Alex Scroxton, “Retailer FatFace pays $2m ransom to Conti cyber criminals”, Computer Weekly, 26 March 2021, https:/ /www.computerweekly.com/news/252498463/Retailer-FatFace-pays-2m-ransom-to-Conti-cyber-criminals. 7. Different Stages of Laundering In traditional analysis, classical money laundering follows three main stages: 1) placement, 2) layering and 3) integration. This report follows the cry",
1.0.0,actor--blackbyte,artifact--sha256:c383e0824a0cb1259c3f267298a7a6bc99953e2875597f813e5cc49ae992f643,observation--sha256:e705bb685d35c07eaaa3fd8af38cb04ee2e49888198a7ec9606a619c114bb2f4,file-name,HJS-Crypto-Currency-Report-web-final.pdf,HJS-Crypto-Currency-Report-web-final.pdf,candidate,,unknown,unknown,not-stated,,source--blackbyte--43ae5f2d8c1ec50a,actor_profile/evidence/blackbyte.csv,"{""row"": 741}",[],[],[],[],0,false,medium,TLP:CLEAR,csv-row,"summary/2026/HJS-Crypto-Currency-Report-web-final.pdf {""page"": 22} Conti ort of San Diego and Colorado Department of Transportation. The activity collected over $6 million in ransom payments while also causing over $30 million in losses. 54 5) The RaaS group Blacksuit, previously known as Conti, was first set up in 2019 and paid operators in wages rather than profits from ransomware operations. It declared its full support for Russia after Russia attacked Ukraine in 2022. It posted the following",
1.0.0,actor--blackbyte,artifact--sha256:271e5b05eaeb1fa2ca020e4d1290e92dc5e9ef74ebe9b8ee6616b70935080046,observation--sha256:202636a98ce214e095965affff5b78b6380ba8b7e4515ece67c7a27e2820c58d,file-name,Initial_Access_Brokers_Are_Key_to_Rise_in_Ransomware_Attacks.pdf,Initial_Access_Brokers_Are_Key_to_Rise_in_Ransomware_Attacks.pdf,candidate,,unknown,unknown,not-stated,,source--blackbyte--43ae5f2d8c1ec50a,actor_profile/evidence/blackbyte.csv,"{""row"": 459}",[],[],[],[],0,false,medium,TLP:CLEAR,csv-row,"summary/2022/Initial_Access_Brokers_Are_Key_to_Rise_in_Ransomware_Attacks.pdf {""page"": 2} Conti phishing, and code injection, are also common on dark web and special-access forums, but their immediate effects are often much less public and visible than the sale of compromised credentials. Using BlackMatter and Conti as examples, we examine the role of credential access in the execution of the attack, from initial access to ransomware deployment. We provide mitigations for credential breaches, in",
1.0.0,actor--blackbyte,artifact--sha256:271e5b05eaeb1fa2ca020e4d1290e92dc5e9ef74ebe9b8ee6616b70935080046,observation--sha256:dd5d62ffd56a8b82e86eca07782e5fcb61117ee9873e5b5e725743a24685df05,file-name,Initial_Access_Brokers_Are_Key_to_Rise_in_Ransomware_Attacks.pdf,Initial_Access_Brokers_Are_Key_to_Rise_in_Ransomware_Attacks.pdf,candidate,,unknown,unknown,not-stated,,source--blackbyte--43ae5f2d8c1ec50a,actor_profile/evidence/blackbyte.csv,"{""row"": 460}",[],[],[],[],0,false,medium,TLP:CLEAR,csv-row,"summary/2022/Initial_Access_Brokers_Are_Key_to_Rise_in_Ransomware_Attacks.pdf {""page"": 7} Conti ompromise organizations. After gaining access, threat actors compromise Active Directory to gain additional user and administrator privileges, then modify Group Policy Objects (GPOs) to deploy ransomware. Case Study: Conti Ransomware Like the threat actors associated with BlackMatter, Conti Gang, the operators of Conti Ransomware, and their affiliates also typically begin compromising a network using ",
1.0.0,actor--blackbyte,artifact--sha256:271e5b05eaeb1fa2ca020e4d1290e92dc5e9ef74ebe9b8ee6616b70935080046,observation--sha256:3a788802406e383072cb8cf5e64fd9fae5be9f0e89fb880fcf70f898fcb37c1c,file-name,Initial_Access_Brokers_Are_Key_to_Rise_in_Ransomware_Attacks.pdf,Initial_Access_Brokers_Are_Key_to_Rise_in_Ransomware_Attacks.pdf,candidate,,unknown,unknown,not-stated,,source--blackbyte--43ae5f2d8c1ec50a,actor_profile/evidence/blackbyte.csv,"{""row"": 461}",[],[],[],[],0,false,medium,TLP:CLEAR,csv-row,"summary/2022/Initial_Access_Brokers_Are_Key_to_Rise_in_Ransomware_Attacks.pdf {""page"": 7} Conti ise Active Directory to gain additional user and administrator privileges, then modify Group Policy Objects (GPOs) to deploy ransomware. Case Study: Conti Ransomware Like the threat actors associated with BlackMatter, Conti Gang, the operators of Conti Ransomware, and their affiliates also typically begin compromising a network using stolen credentials. According to CISA, Conti affiliates use a variet",
1.0.0,actor--blackbyte,artifact--sha256:271e5b05eaeb1fa2ca020e4d1290e92dc5e9ef74ebe9b8ee6616b70935080046,observation--sha256:a5fd9408b84b334a353d9dbba78b8eecf0a9ff3fc8d00d83fc206cd86161e7b3,file-name,Initial_Access_Brokers_Are_Key_to_Rise_in_Ransomware_Attacks.pdf,Initial_Access_Brokers_Are_Key_to_Rise_in_Ransomware_Attacks.pdf,candidate,,unknown,unknown,not-stated,,source--blackbyte--43ae5f2d8c1ec50a,actor_profile/evidence/blackbyte.csv,"{""row"": 462}",[],[],[],[],0,false,medium,TLP:CLEAR,csv-row,"summary/2022/Initial_Access_Brokers_Are_Key_to_Rise_in_Ransomware_Attacks.pdf {""page"": 7} Conti additional user and administrator privileges, then modify Group Policy Objects (GPOs) to deploy ransomware. Case Study: Conti Ransomware Like the threat actors associated with BlackMatter, Conti Gang, the operators of Conti Ransomware, and their affiliates also typically begin compromising a network using stolen credentials. According to CISA, Conti affiliates use a variety of initial access vectors i",
1.0.0,actor--blackbyte,artifact--sha256:271e5b05eaeb1fa2ca020e4d1290e92dc5e9ef74ebe9b8ee6616b70935080046,observation--sha256:340da2c60b0a0ab9aa7e2c7966f48ac4d96aa2a7188b124061c1b99504cd9080,file-name,Initial_Access_Brokers_Are_Key_to_Rise_in_Ransomware_Attacks.pdf,Initial_Access_Brokers_Are_Key_to_Rise_in_Ransomware_Attacks.pdf,candidate,,unknown,unknown,not-stated,,source--blackbyte--43ae5f2d8c1ec50a,actor_profile/evidence/blackbyte.csv,"{""row"": 463}",[],[],[],[],0,false,medium,TLP:CLEAR,csv-row,"summary/2022/Initial_Access_Brokers_Are_Key_to_Rise_in_Ransomware_Attacks.pdf {""page"": 7} Conti somware Like the threat actors associated with BlackMatter, Conti Gang, the operators of Conti Ransomware, and their affiliates also typically begin compromising a network using stolen credentials. According to CISA, Conti affiliates use a variety of initial access vectors including phishing, compromised credentials, malware distribution, and exploiting vulnerabilities. CISA and the FBI have observed ",
1.0.0,actor--blackbyte,artifact--sha256:7568935cf266243ef90f4b159d9ad751fdb9840eb877f95ff8924bba10246aed,observation--sha256:1cc1bf006df9aabd71ab661739d2bfd1084adb094a260e4f73e0f39c79c59a26,file-name,Landscape.pdf,Landscape.pdf,candidate,,unknown,unknown,not-stated,,source--blackbyte--43ae5f2d8c1ec50a,actor_profile/evidence/blackbyte.csv,"{""row"": 428}",[],[],[],[],0,false,medium,TLP:CLEAR,csv-row,"summary/2022/2021 Vulnerability Landscape.pdf {""page"": 4} Conti version 2.17 .1. Active Exploitation of Log4Shell Vulnerabilities Several threat groups have begun rapidly exploiting the Log4Shell vulnerabilities since their disclosure. These include ransomware operators, such as Conti, Khonsari, and TellYouThePass [1 , 2 ], as well as nation-state actors. According to Cisco Talos , Log4Shell exploitation likely began as early as December 1 and December 2, 2021, suggesting the vulnerability was b",
1.0.0,actor--blackbyte,artifact--sha256:699abe1aab9999afc37dbbde1675e86aca7c2ba1a0b8293c58f302eba47af3e4,observation--sha256:d053e54062f6779a7f26794b5db49aaf74905d3759015ed9a2867a5cfb28182b,file-name,MDDR_FINAL_2023_1004.pdf,MDDR_FINAL_2023_1004.pdf,candidate,,unknown,unknown,not-stated,,source--blackbyte--43ae5f2d8c1ec50a,actor_profile/evidence/blackbyte.csv,"{""row"": 527}",[],[],[],[],0,false,medium,TLP:CLEAR,csv-row,"summary/2023/MDDR_FINAL_2023_1004.pdf {""page"": 15} Conti ing criminal’s technology, hold threat actors accountable, and increase resilience to attacks. As a result, attackers are finding themselves in the crosshairs of law enforcement. Many have been outed, including the Conti ransomware operator known as “Target” whose unmasking includes a $10 million reward for additional information, indicted (Yevgeniy Polyanin) or arrested (Yaroslav Vasinskyi) alleged to have deployed the Sodinokibi/R",
1.0.0,actor--blackbyte,artifact--sha256:699abe1aab9999afc37dbbde1675e86aca7c2ba1a0b8293c58f302eba47af3e4,observation--sha256:7c5e1ab7fbb4c47a550f68745def46e46eb0bbadf52b07dbf5c9ddb5f9e06b76,file-name,MDDR_FINAL_2023_1004.pdf,MDDR_FINAL_2023_1004.pdf,candidate,,unknown,unknown,not-stated,,source--blackbyte--43ae5f2d8c1ec50a,actor_profile/evidence/blackbyte.csv,"{""row"": 528}",[],[],[],[],0,false,medium,TLP:CLEAR,csv-row,"summary/2023/MDDR_FINAL_2023_1004.pdf {""page"": 20} BlackByte comprised 65% of all ransomware encounters Source: Defender Experts Notifications Top human-operated ransomware variants that achieved breaches A 16% Lockbit 3.0 B 14% BlackBasta C 14% Blackcat D 12% Royal E 44% BlackByte Hive, Play Akira, BitLocker Cartel, Cuba Dagoned Gazprom Lorenz Prestige Ragnarlocker Rorschach Vice Society Dharma Source: Microsoft Incident Response Human-operated ransomware variants that achieved bre",
1.0.0,actor--blackbyte,artifact--sha256:699abe1aab9999afc37dbbde1675e86aca7c2ba1a0b8293c58f302eba47af3e4,observation--sha256:e7972b291bc1301cd649dd66a4e67239501f2256a893abe3877f371447c22e2a,file-name,MDDR_FINAL_2023_1004.pdf,MDDR_FINAL_2023_1004.pdf,candidate,,unknown,unknown,not-stated,,source--blackbyte--43ae5f2d8c1ec50a,actor_profile/evidence/blackbyte.csv,"{""row"": 529}",[],[],[],[],0,false,medium,TLP:CLEAR,csv-row,"summary/2023/MDDR_FINAL_2023_1004.pdf {""page"": 20} Royal 19 Microsoft Digital Defense Report 2023 Chapter 2 The State of Cybercrime C D A B E 25 0 5 10 15 20 Magniber Lockbit Hive Blackcat DJVU/Stop Basta Darkbit Fargo Royal Eight Mazenote cartel Skylock Phobos Mokop BlackMatter Cuba Doppelpaymer Ransomware variants Based on data from Microsoft Defender Experts notifications the top four malware variants—Magniber, Lockbit, Hive, and B",
1.0.0,actor--blackbyte,artifact--sha256:699abe1aab9999afc37dbbde1675e86aca7c2ba1a0b8293c58f302eba47af3e4,observation--sha256:e2cd13a53643d260ec8d30cded32fddbf6a89d7bbc3573313125e5ffc6ee5a75,file-name,MDDR_FINAL_2023_1004.pdf,MDDR_FINAL_2023_1004.pdf,candidate,,unknown,unknown,not-stated,,source--blackbyte--43ae5f2d8c1ec50a,actor_profile/evidence/blackbyte.csv,"{""row"": 530}",[],[],[],[],0,false,medium,TLP:CLEAR,csv-row,"summary/2023/MDDR_FINAL_2023_1004.pdf {""page"": 20} Royal our variants comprised 65% of all ransomware encounters Source: Defender Experts Notifications Top human-operated ransomware variants that achieved breaches A 16% Lockbit 3.0 B 14% BlackBasta C 14% Blackcat D 12% Royal E 44% BlackByte Hive, Play Akira, BitLocker Cartel, Cuba Dagoned Gazprom Lorenz Prestige Ragnarlocker Rorschach Vice Society Dharma Source: Microsoft Incident Response Human-operated ransomware variants t",
1.0.0,actor--blackbyte,artifact--sha256:699abe1aab9999afc37dbbde1675e86aca7c2ba1a0b8293c58f302eba47af3e4,observation--sha256:19130c1b082ee22cee56cea8ddf4414182135d617d3c128ba908863d416447f9,file-name,MDDR_FINAL_2023_1004.pdf,MDDR_FINAL_2023_1004.pdf,candidate,,unknown,unknown,not-stated,,source--blackbyte--43ae5f2d8c1ec50a,actor_profile/evidence/blackbyte.csv,"{""row"": 531}",[],[],[],[],0,false,medium,TLP:CLEAR,csv-row,"summary/2023/MDDR_FINAL_2023_1004.pdf {""page"": 91} Quantum predefined rules or ad hoc queries against them. These rules help identify known vulnerable code patterns, capture evidence of secure coding practices, and highlight areas affected by emerging requirements like Post-Quantum Cryptography (PQC). Our approach has significantly reduced the feedback l oop when new vulnerabilities are discovered, providing actionable results to developers within hours. When these CodeQL rules mature or requi",
1.0.0,actor--blackbyte,artifact--sha256:00308f8da50e3d1bdfa11b340034a6e5ef23b1ebc4caf93489fb7f7a90f91178,observation--sha256:c8925d9ebcea61dc3042286b4c1bcd2d212124049c43bff0a20303046a4ebda3,file-name,MIVD_Openbaarjaarverslag2024_digitaal-1-1.pdf,MIVD_Openbaarjaarverslag2024_digitaal-1-1.pdf,candidate,,unknown,unknown,not-stated,,source--blackbyte--43ae5f2d8c1ec50a,actor_profile/evidence/blackbyte.csv,"{""row"": 45}",[],[],[],[],0,false,medium,TLP:CLEAR,csv-row,"International Strategic/European/MIVD_Openbaarjaarverslag2024_digitaal-1-1.pdf {""page"": 22} Quantum rump cards concerns quantum sensing. This is a technology that makes it possible to make observations with extremely high accuracy, for example of accelerations or magnetic field strengths. Quantum sensing can be applied in a wide range of 20 Military Intelligence and Security Service 15 In this case, strategic key technologies are technologies intended for use as or in weapons, the",
1.0.0,actor--blackbyte,artifact--sha256:00308f8da50e3d1bdfa11b340034a6e5ef23b1ebc4caf93489fb7f7a90f91178,observation--sha256:4584b84b60b1415fc63c98267245a5923cad95ed17b8e33ace735eaea6ef9c4f,file-name,MIVD_Openbaarjaarverslag2024_digitaal-1-1.pdf,MIVD_Openbaarjaarverslag2024_digitaal-1-1.pdf,candidate,,unknown,unknown,not-stated,,source--blackbyte--43ae5f2d8c1ec50a,actor_profile/evidence/blackbyte.csv,"{""row"": 46}",[],[],[],[],0,false,medium,TLP:CLEAR,csv-row,"International Strategic/European/MIVD_Openbaarjaarverslag2024_digitaal-1-1.pdf {""page"": 22} quantum rgely results from operating in large numbers.  Gain access to classified information from US law enforcement agencies through lawful intercept systems. range of weapon systems. For example, quantum radars may be able to detect stealth aircraft, where conventional systems may have difficulty. In addition, quantum magnetometers will probably be able to detect submarines in the foreseeab",
1.0.0,actor--blackbyte,artifact--sha256:00308f8da50e3d1bdfa11b340034a6e5ef23b1ebc4caf93489fb7f7a90f91178,observation--sha256:73de2785f4412bfee926e7e4e5b76345b3d5221fe5285d30776a88df17560869,file-name,MIVD_Openbaarjaarverslag2024_digitaal-1-1.pdf,MIVD_Openbaarjaarverslag2024_digitaal-1-1.pdf,candidate,,unknown,unknown,not-stated,,source--blackbyte--43ae5f2d8c1ec50a,actor_profile/evidence/blackbyte.csv,"{""row"": 47}",[],[],[],[],0,false,medium,TLP:CLEAR,csv-row,"International Strategic/European/MIVD_Openbaarjaarverslag2024_digitaal-1-1.pdf {""page"": 22} quantum ies through lawful intercept systems. range of weapon systems. For example, quantum radars may be able to detect stealth aircraft, where conventional systems may have difficulty. In addition, quantum magnetometers will probably be able to detect submarines in the foreseeable future, which would negate their greatest strength, namely “invisibility”.  Discovering vulnerabilities in American",
1.0.0,actor--blackbyte,artifact--sha256:00308f8da50e3d1bdfa11b340034a6e5ef23b1ebc4caf93489fb7f7a90f91178,observation--sha256:f5b94f524753779250b623ac2e406cec19d65bec993303ff37f4f96bfcf07663,file-name,MIVD_Openbaarjaarverslag2024_digitaal-1-1.pdf,MIVD_Openbaarjaarverslag2024_digitaal-1-1.pdf,candidate,,unknown,unknown,not-stated,,source--blackbyte--43ae5f2d8c1ec50a,actor_profile/evidence/blackbyte.csv,"{""row"": 48}",[],[],[],[],0,false,medium,TLP:CLEAR,csv-row,"International Strategic/European/MIVD_Openbaarjaarverslag2024_digitaal-1-1.pdf {""page"": 22} quantum ire military trump cards: new weapon systems or existing systems that use new technologies. In its plans, China has long made considerable room for the development of technologies such as quantum technology, artificial intelligence and biotechnology, so-called key technologies. The country is doing this not only to become a civilian leader, but also to enable its armed forces to de",
1.0.0,actor--blackbyte,artifact--sha256:00308f8da50e3d1bdfa11b340034a6e5ef23b1ebc4caf93489fb7f7a90f91178,observation--sha256:54e89be74e74ede3161167b4551cae1719e85a0b3478714675cb2e1d8aafd650,file-name,MIVD_Openbaarjaarverslag2024_digitaal-1-1.pdf,MIVD_Openbaarjaarverslag2024_digitaal-1-1.pdf,candidate,,unknown,unknown,not-stated,,source--blackbyte--43ae5f2d8c1ec50a,actor_profile/evidence/blackbyte.csv,"{""row"": 49}",[],[],[],[],0,false,medium,TLP:CLEAR,csv-row,"International Strategic/European/MIVD_Openbaarjaarverslag2024_digitaal-1-1.pdf {""page"": 22} quantum tegies and capabilities in order to be able to respond effectively to the changes in the military landscape. China: Military technology and weapons systems One of those trump cards concerns quantum sensing. This is a technology that makes it possible to make observations with extremely high accuracy, for example of accelerations or magnetic field strengths. Quantum sensing can be app",
1.0.0,actor--blackbyte,artifact--sha256:271c9b6b8885dc81ca672882160f03fd59008d7a2c9708f8b9f278699868a96e,observation--sha256:5d487c5a04123451f2f3b5887083654aff6e93b3d98f81fcda4e1086d9ea8f0e,file-name,Microsoft-Digital-Defense-Report-2025.pdf,Microsoft-Digital-Defense-Report-2025.pdf,candidate,,unknown,unknown,not-stated,,source--blackbyte--43ae5f2d8c1ec50a,actor_profile/evidence/blackbyte.csv,"{""row"": 687}",[],[],[],[],0,false,medium,TLP:CLEAR,csv-row,"summary/2025/Microsoft-Digital-Defense-Report-2025.pdf {""page"": 2} Quantum ditional cybersecurity 52 Adversarial exploitation of inherent risks 54 Dangerous capabilities 55 Operational issues 55 Emerging threats 55 Storm-2139: How Microsoft disrupted an AI exploitation and abuse ring 56 Quantum technologies: Strategic priority in a new era of competition 57 Part II. The defense landscape Key takeaways: Insights and actions for cyber defense 59 AI and advanced defense 60 AI-powered defense 60 Sec",
1.0.0,actor--blackbyte,artifact--sha256:271c9b6b8885dc81ca672882160f03fd59008d7a2c9708f8b9f278699868a96e,observation--sha256:f0c4c67906e1c886c56e6e991cb50d175adb676a2ef3701f4f6410436232442c,file-name,Microsoft-Digital-Defense-Report-2025.pdf,Microsoft-Digital-Defense-Report-2025.pdf,candidate,,unknown,unknown,not-stated,,source--blackbyte--43ae5f2d8c1ec50a,actor_profile/evidence/blackbyte.csv,"{""row"": 688}",[],[],[],[],0,false,medium,TLP:CLEAR,csv-row,"summary/2025/Microsoft-Digital-Defense-Report-2025.pdf {""page"": 2} quantum llaboration as a counter measure 69 Policy, capacity, and future readiness 70 Securing the digital frontier 70 Resilience by design 72 Building resilience in critical infrastructure 73 Microsoft’s strategic path to quantum safety 74 Strategic vision and global commitments 76 Secure Future Initiative: progress and priorities 76 Microsoft’s commitment to strengthening global cybersecurity 77 Closing 78 Appendix Glossary 80 ",
1.0.0,actor--blackbyte,artifact--sha256:271c9b6b8885dc81ca672882160f03fd59008d7a2c9708f8b9f278699868a96e,observation--sha256:2d338177cd18b330fe517d2d7f7c3469d6dc947194fd7503b0b12e4ecf58c1bc,file-name,Microsoft-Digital-Defense-Report-2025.pdf,Microsoft-Digital-Defense-Report-2025.pdf,candidate,,unknown,unknown,not-stated,,source--blackbyte--43ae5f2d8c1ec50a,actor_profile/evidence/blackbyte.csv,"{""row"": 689}",[],[],[],[],0,false,medium,TLP:CLEAR,csv-row,"summary/2025/Microsoft-Digital-Defense-Report-2025.pdf {""page"": 5} quantum ty is grounded in our core values of responsibility, transparency, and ethical business conduct. We are dedicated to: • Upholding the highest standards of privacy and data protection. • Advancing responsible AI and quantum safety initiatives. • Collaborating across sectors and borders to harmonize standards and share threat intelligence. • Supporting global efforts to combat cyber mercenaries, safeguard human rights, and ",
1.0.0,actor--blackbyte,artifact--sha256:271c9b6b8885dc81ca672882160f03fd59008d7a2c9708f8b9f278699868a96e,observation--sha256:d78fb38502d03af8cad624b8ad39549ed4816c128827a87ee0476109d67f5469,file-name,Microsoft-Digital-Defense-Report-2025.pdf,Microsoft-Digital-Defense-Report-2025.pdf,candidate,,unknown,unknown,not-stated,,source--blackbyte--43ae5f2d8c1ec50a,actor_profile/evidence/blackbyte.csv,"{""row"": 690}",[],[],[],[],0,false,medium,TLP:CLEAR,csv-row,"summary/2025/Microsoft-Digital-Defense-Report-2025.pdf {""page"": 7} quantum ertain timeframe or Secure by Design practices. These regulations reinforce the importance of timely incident reporting and stronger internal oversight of an organization’s cybersecurity practices. 10. Start AI and quantum risk planning now Stay ahead of emerging technologies. Understand both the benefits and risks of AI use within an organization and adjust your risk planning, attack surface exposure, and threat models a",
1.0.0,actor--blackbyte,artifact--sha256:271c9b6b8885dc81ca672882160f03fd59008d7a2c9708f8b9f278699868a96e,observation--sha256:bececc280265778ab0d54750d53869813a0deacfceee863d1b8f2ab01ccd1d25,file-name,Microsoft-Digital-Defense-Report-2025.pdf,Microsoft-Digital-Defense-Report-2025.pdf,candidate,,unknown,unknown,not-stated,,source--blackbyte--43ae5f2d8c1ec50a,actor_profile/evidence/blackbyte.csv,"{""row"": 691}",[],[],[],[],0,false,medium,TLP:CLEAR,csv-row,"summary/2025/Microsoft-Digital-Defense-Report-2025.pdf {""page"": 7} quantum tay ahead of emerging technologies. Understand both the benefits and risks of AI use within an organization and adjust your risk planning, attack surface exposure, and threat models appropriately. Prepare for a post-quantum cryptography (PQC) world by taking the time to inventory where encryption is used and create a plan to upgrade to modern standards as they evolve. Microsoft Digital Defense Report 2025 07 Contents The ",
1.0.0,actor--blackbyte,artifact--sha256:05d6cd9b6e05f23c5d545d7403638796eff632a6ec59b15792b2f85b4ad3267b,observation--sha256:51c37e72ebc03b360ba1fd2a62410019dfe2196fa686eec780336208698efd27,file-name,National-Cybersecurity-Strategy-2023.pdf,National-Cybersecurity-Strategy-2023.pdf,candidate,,unknown,unknown,not-stated,,source--blackbyte--43ae5f2d8c1ec50a,actor_profile/evidence/blackbyte.csv,"{""row"": 58}",[],[],[],[],0,false,medium,TLP:CLEAR,csv-row,"International Strategic/USA/2023/National-Cybersecurity-Strategy-2023.pdf {""page"": 27} quantum tion of digital infrastructure, from next-generation telecommunications and IoT to distributed energy resources, and prepare for revolutionary changes in our technology landscape brought by artificial intelligence and quantum computing, the need to address this investment gap has grown more urgent. The Federal Government must leverage strategic public investments in innovation, R&D, and education to dr",
1.0.0,actor--blackbyte,artifact--sha256:05d6cd9b6e05f23c5d545d7403638796eff632a6ec59b15792b2f85b4ad3267b,observation--sha256:37750ce6a9d1460bf74f8201bcac0f57cf84b1716233a88b80473540df0ca097,file-name,National-Cybersecurity-Strategy-2023.pdf,National-Cybersecurity-Strategy-2023.pdf,candidate,,unknown,unknown,not-stated,,source--blackbyte--43ae5f2d8c1ec50a,actor_profile/evidence/blackbyte.csv,"{""row"": 59}",[],[],[],[],0,false,medium,TLP:CLEAR,csv-row,"International Strategic/USA/2023/National-Cybersecurity-Strategy-2023.pdf {""page"": 29} QUANTUM and create markets for trustworthy products and services by comprehensively leveraging Federal investment vehicles, Federal purchasing power, and Federal regulations. STRATEGIC OBJECTIVE 4.3: PREPARE FOR OUR POST -QUANTUM FUTURE Strong encryption is foundational to cybersecurity and global commerce. It is the primary way we protect our data online, validate end users, authenticate signatures, and certi",
1.0.0,actor--blackbyte,artifact--sha256:05d6cd9b6e05f23c5d545d7403638796eff632a6ec59b15792b2f85b4ad3267b,observation--sha256:8d4a49ec053f4048bd4e0de6c0323d7de2704f9044a50dead48af5adafbd1ab3,file-name,National-Cybersecurity-Strategy-2023.pdf,National-Cybersecurity-Strategy-2023.pdf,candidate,,unknown,unknown,not-stated,,source--blackbyte--43ae5f2d8c1ec50a,actor_profile/evidence/blackbyte.csv,"{""row"": 60}",[],[],[],[],0,false,medium,TLP:CLEAR,csv-row,"International Strategic/USA/2023/National-Cybersecurity-Strategy-2023.pdf {""page"": 29} quantum TRATEGY 25 These RD&D investments will focus on securing three families of technologies that will prove decisive for U.S. leadership in the coming decade: computing-related technologies, including microelectronics, quantum information systems, and artificial intelligence; biotechnologies and biomanufacturing; and clean energy technologies. This effort will facilitate the proactive identification of pot",
1.0.0,actor--blackbyte,artifact--sha256:05d6cd9b6e05f23c5d545d7403638796eff632a6ec59b15792b2f85b4ad3267b,observation--sha256:ebed2de838812cdea899f7f9649c53c770889fb3a8858e634e6b57c4ffda6080,file-name,National-Cybersecurity-Strategy-2023.pdf,National-Cybersecurity-Strategy-2023.pdf,candidate,,unknown,unknown,not-stated,,source--blackbyte--43ae5f2d8c1ec50a,actor_profile/evidence/blackbyte.csv,"{""row"": 61}",[],[],[],[],0,false,medium,TLP:CLEAR,csv-row,"International Strategic/USA/2023/National-Cybersecurity-Strategy-2023.pdf {""page"": 29} quantum E Strong encryption is foundational to cybersecurity and global commerce. It is the primary way we protect our data online, validate end users, authenticate signatures, and certify the accuracy of information. But quantum computing has the potential to break some of the most ubiquitous encryption standards deployed today. We must prioritize and accelerate investments in widespread replacement of hardwa",
1.0.0,actor--blackbyte,artifact--sha256:05d6cd9b6e05f23c5d545d7403638796eff632a6ec59b15792b2f85b4ad3267b,observation--sha256:bbfc2411b37bb7a35baab677239fc309817e7fdb80a40889472a184dc856efe7,file-name,National-Cybersecurity-Strategy-2023.pdf,National-Cybersecurity-Strategy-2023.pdf,candidate,,unknown,unknown,not-stated,,source--blackbyte--43ae5f2d8c1ec50a,actor_profile/evidence/blackbyte.csv,"{""row"": 62}",[],[],[],[],0,false,medium,TLP:CLEAR,csv-row,"International Strategic/USA/2023/National-Cybersecurity-Strategy-2023.pdf {""page"": 29} quantum to break some of the most ubiquitous encryption standards deployed today. We must prioritize and accelerate investments in widespread replacement of hardware, software, and services that can be easily compromised by quantum computers so that information is protected against future attacks. To balance the promotion and advancement of quantum computing against threats posed to digital systems, NSM 10, “P",
1.0.0,actor--blackbyte,artifact--sha256:1b0d979187be2fbc4a81fa7ecb64ed76c18e41f754f89e3a8162817087edd90e,observation--sha256:f903882b57dfe6e4a076c008fd1c3eb40f9869c317754533d1dea5406a58d0cc,file-name,Node.js,Node.js,candidate,,unknown,unknown,not-stated,,source--blackbyte--43ae5f2d8c1ec50a,actor_profile/evidence/blackbyte.csv,"{""row"": 378}",[],[],[],[],0,false,medium,TLP:CLEAR,csv-row,"parse-daily/review-decisions.json {""json_path"": ""$.akira|https://www.security.com/threat-intelligence/node-js-returns-ransomware.review_notes""} Black Basta s believed to be developed by an initial access broker called Woodgnat (aka KongTuke), which has been publicly linked to attacks involving multiple ransomware families, including Qilin, Interlock, Rhysida, Akira, 8Base, Black Basta and Embargo.」である。すなわちAkiraは、本キャンペーンで使われたModeloRATの開発元とされるIAB Woodgnat(KongTuke)に「publicly linked」なランサムウェアファミリの列挙",
1.0.0,actor--blackbyte,artifact--sha256:6189ae5ce181e028946daac638b3df15ad8452edaf17f607ffb9a93ea57db912,observation--sha256:8e190098bf2023f42bea3433436cc0e73fd56544ca6e3cecc1c5538df8549f81,file-name,Operations.xlsx,Operations.xlsx,candidate,,unknown,unknown,not-stated,,source--blackbyte--43ae5f2d8c1ec50a,actor_profile/evidence/blackbyte.csv,"{""row"": 10}",[],[],[],[],0,false,medium,TLP:CLEAR,csv-row,"APT Groups and Operations.xlsx {""row"": 33, ""sheet"": ""China""} quantum er-used-install-dragonok%E2%80%99s-new-custom-backdoor http://www.morphick.com/resources/news/deep-dive-dragonok-rambo-backdoor https://www.fireeye.com/content/dam/fireeye-www/global/en/current-threats/pdfs/wp-operation-quantum-entanglement.pdf https://decoded.avast.io/luigicamastra/operation-dragon-castling-apt-group-targeting-betting-companies/ https://www.sentinelone.com/labs/aoqin-dragon-newly-discovered-chinese-linked-apt-",
1.0.0,actor--blackbyte,artifact--sha256:6189ae5ce181e028946daac638b3df15ad8452edaf17f607ffb9a93ea57db912,observation--sha256:81cbec09705cbf26fc0a85e66f5fa3052859183fd57c91c8c7400202a1fcfce2,file-name,Operations.xlsx,Operations.xlsx,candidate,,unknown,unknown,not-stated,,source--blackbyte--43ae5f2d8c1ec50a,actor_profile/evidence/blackbyte.csv,"{""row"": 6}",[],[],[],[],0,false,medium,TLP:CLEAR,csv-row,"APT Groups and Operations.xlsx {""row"": 17, ""sheet"": ""China""} Royal tion-ke3chang-resurfaces-with-new-tidepool-malware/ https://www.nccgroup.trust/uk/about-us/newsroom-and-events/blogs/2018/march/apt15-is-alive-and-strong-an-analysis-of-royalcli-and-royaldns/ https://github.com/nccgroup/Royal_APT https://www.intezer.com/miragefox-apt15-resurfaces-with-new-tools-based-on-old-ones/ https://401trg.com/burning-umbrella/ https://www.crowdstrike.com/resources/reports/2019-crowdstrike-global-threat-repo",
1.0.0,actor--blackbyte,artifact--sha256:6189ae5ce181e028946daac638b3df15ad8452edaf17f607ffb9a93ea57db912,observation--sha256:d881ab9724a1b8bd5d9004c5ef42651312ef17048a6a1f89e8faf25bc0ea3a07,file-name,Operations.xlsx,Operations.xlsx,candidate,,unknown,unknown,not-stated,,source--blackbyte--43ae5f2d8c1ec50a,actor_profile/evidence/blackbyte.csv,"{""row"": 7}",[],[],[],[],0,false,medium,TLP:CLEAR,csv-row,"APT Groups and Operations.xlsx {""row"": 32, ""sheet"": ""Russia""} Conti Royal DEV-0569 Conti Quantum Black Byte Diavol Black Basta Ryuk (as FIN12) Wizard Spider (DEV-0193) BazarCall Campaign BATLOADER, Royal Ransomware, Ursnif, Gozi, Vidar Stealer & Cobals Strike as well as legitimate synchro remote monitoring",
1.0.0,actor--blackbyte,artifact--sha256:6189ae5ce181e028946daac638b3df15ad8452edaf17f607ffb9a93ea57db912,observation--sha256:07ec7dc32aa2a3e47b1a190ed6fd3175c057621cf3ba579f97b941f16500ae5b,file-name,Operations.xlsx,Operations.xlsx,candidate,,unknown,unknown,not-stated,,source--blackbyte--43ae5f2d8c1ec50a,actor_profile/evidence/blackbyte.csv,"{""row"": 8}",[],[],[],[],0,false,medium,TLP:CLEAR,csv-row,"APT Groups and Operations.xlsx {""row"": 32, ""sheet"": ""Russia""} DEV-0569 Royal DEV-0569 Conti Quantum Black Byte Diavol Black Basta Ryuk (as FIN12) Wizard Spider (DEV-0193) BazarCall Campaign BATLOADER, Royal Ransomware, Ursnif, Gozi, Vidar Stealer & Cobals Strike as well as legitimate synchro remote monit",
1.0.0,actor--blackbyte,artifact--sha256:6189ae5ce181e028946daac638b3df15ad8452edaf17f607ffb9a93ea57db912,observation--sha256:0046fd1e7c16c6db78cb0c9a9a9fd2885e62d9dc84cf80ef87d83ae90e7d22ea,file-name,Operations.xlsx,Operations.xlsx,candidate,,unknown,unknown,not-stated,,source--blackbyte--43ae5f2d8c1ec50a,actor_profile/evidence/blackbyte.csv,"{""row"": 9}",[],[],[],[],0,false,medium,TLP:CLEAR,csv-row,"APT Groups and Operations.xlsx {""row"": 32, ""sheet"": ""Russia""} Royal Royal DEV-0569 Conti Quantum Black Byte Diavol Black Basta Ryuk (as FIN12) Wizard Spider (DEV-0193) BazarCall Campaign BATLOADER, Royal Ransomware, Ursnif, Gozi, Vidar Stealer & Cobals Strike as well as legitimate synchro rem",
1.0.0,actor--blackbyte,artifact--sha256:4f399e5a8dedf77933c72b4785d3f68c722f46f5daa139c88ac965eb20f21a5f,observation--sha256:b192fc46de4f2199de689489c5b836a1cde2106a7cf021674f84598bbdce0aac,file-name,PL_Report_CP_2024.pdf,PL_Report_CP_2024.pdf,candidate,,unknown,unknown,not-stated,,source--blackbyte--43ae5f2d8c1ec50a,actor_profile/evidence/blackbyte.csv,"{""row"": 692}",[],[],[],[],0,false,medium,TLP:CLEAR,csv-row,"summary/2025/PL_Report_CP_2024.pdf {""page"": 22} Conti tails in the ransom note left by the encryption software and omitting signatures that would clearly link the attack to a particular group. In addition, the leaking of the source code of some ransomware variants (e.g. Conti in 2022 or LockBit at the end of 2023) or its resale (INC in early 2024) result in the emergence of new hybrids that share features from different ransom - ware families. This trend may also be caused by pressure from",
1.0.0,actor--blackbyte,artifact--sha256:1c6b31bb0751e18e1bbade2aeb0ff56a4354b7559b04645d158ab07d37320b92,observation--sha256:05200ac23040ed7c089389786414f469e647134eed1304e583ae6b51ee066ab9,file-name,Public_Report_2023-eng-DIGITAL.pdf,Public_Report_2023-eng-DIGITAL.pdf,candidate,,unknown,unknown,not-stated,,source--blackbyte--43ae5f2d8c1ec50a,actor_profile/evidence/blackbyte.csv,"{""row"": 612}",[],[],[],[],0,false,medium,TLP:CLEAR,csv-row,"summary/2024/Public_Report_2023-eng-DIGITAL.pdf {""page"": 16} quantum ities to advance its strategic, economic, and military interests at the expense of Canadian security and prosperity. The PRC has shown a particular interest in advanced technologies, such as artificial intelligence, quantum computing, biotechnology, and aerospace. The PRC has repeatedly shown that it is willing to use clandestine and deceptive means to acquire intellectual property and advanced technologies from Canada and its ",
1.0.0,actor--blackbyte,artifact--sha256:1c6b31bb0751e18e1bbade2aeb0ff56a4354b7559b04645d158ab07d37320b92,observation--sha256:0ed0f2a7ab3957bd1cf8e1c7dc5b7afc28f34421345dbd95e96078067a681c87,file-name,Public_Report_2023-eng-DIGITAL.pdf,Public_Report_2023-eng-DIGITAL.pdf,candidate,,unknown,unknown,not-stated,,source--blackbyte--43ae5f2d8c1ec50a,actor_profile/evidence/blackbyte.csv,"{""row"": 613}",[],[],[],[],0,false,medium,TLP:CLEAR,csv-row,"summary/2024/Public_Report_2023-eng-DIGITAL.pdf {""page"": 18} quantum s economies by foreign states, particularly the PRC, that seek to illicitly acquire the competitive advantage held by FVEYs countries in critical and emerging technologies that include artificial intelligence (AI), quantum computing, and biotechnology. During the event, the FVEYs principals participated in a discussion hosted by former US Secretary of State, Condoleezza Rice, hosted a press conference with journalists from each",
1.0.0,actor--blackbyte,artifact--sha256:1c6b31bb0751e18e1bbade2aeb0ff56a4354b7559b04645d158ab07d37320b92,observation--sha256:87fd48ec314ac60ba7f482cb070ad05000157618467aeafc6a68a266b37cd265,file-name,Public_Report_2023-eng-DIGITAL.pdf,Public_Report_2023-eng-DIGITAL.pdf,candidate,,unknown,unknown,not-stated,,source--blackbyte--43ae5f2d8c1ec50a,actor_profile/evidence/blackbyte.csv,"{""row"": 614}",[],[],[],[],0,false,medium,TLP:CLEAR,csv-row,"summary/2024/Public_Report_2023-eng-DIGITAL.pdf {""page"": 5} Royal d Special Envoy on Preserving Holocaust Remembrance and Combatting Antisemitism, Deborah Lyons, to discuss the important work we must do to combat Islamophobia, antisemitism, and all forms of hate. In December, the Royal Canadian Mounted Police (RCMP) arrested an Ottawa youth who was planning a terrorist attack on the local Jewish community. CSIS’ efforts had a crucial role in preventing the attack. Hostile state actors such as th",
1.0.0,actor--blackbyte,artifact--sha256:c7c790e2713954a9832e2a3eace9b10bd635ad4a311c692a37b1d37a99098daa,observation--sha256:19527eef18e7231841c4f47d789e872a5ed72b2b1fc9983207e41c71c4c754f1,file-name,Quarterly-Adversarial-Threat-Report-Q2-2022.pdf,Quarterly-Adversarial-Threat-Report-Q2-2022.pdf,candidate,,unknown,unknown,not-stated,,source--blackbyte--43ae5f2d8c1ec50a,actor_profile/evidence/blackbyte.csv,"{""row"": 82}",[],[],[],[],0,false,medium,TLP:CLEAR,csv-row,"bitter/2022/Quarterly-Adversarial-Threat-Report-Q2-2022.pdf {""page"": 19} Royal ivity initially suspected to have originated in China by researchers at Clemson University. Although the people behind it attempted to conceal their identity and coordination, our investigation found links to the Royal Malaysia Police. ● Presence on Facebook and Instagram: 596 Facebook accounts, 180 Pages, 11 Groups and 72 accounts on Instagram. ● Followers: About 427,000 accounts followed one or more of these Pages, ",
1.0.0,actor--blackbyte,artifact--sha256:774eda6761b153b478f9be86fa71e4614714496ad5f1238072785e9c10845271,observation--sha256:9a62fc015cd7a610d37b3f8edd29c4f69872ccb1f098bdf0103c41400055c6a9,file-name,REPORT.pdf,REPORT.pdf,candidate,,unknown,unknown,not-stated,,source--blackbyte--43ae5f2d8c1ec50a,actor_profile/evidence/blackbyte.csv,"{""row"": 522}",[],[],[],[],0,false,medium,TLP:CLEAR,csv-row,"summary/2023/M-Trends 2023 Report MANDIANT SPECIAL REPORT.pdf {""page"": 32} conti ions in order to generate and integrate actionable intell igence across all Mandiant products and services. Through this work, as well as analysis of p ublic reporting, information sharing and other research, Mandiant conti nues to expand its threat actor knowledge base through continuous clustering and mer ging. Financial Gain Unknown Espionage Other 0 10 20 30 40 50 UNC Groups (Percent) 44% 39% 12% 7% Observed Thr",
1.0.0,actor--blackbyte,artifact--sha256:774eda6761b153b478f9be86fa71e4614714496ad5f1238072785e9c10845271,observation--sha256:a1ff37bbfb28f604468ff4ad7242f8b4a4bf89b8fb9022b07fea23883609b27c,file-name,REPORT.pdf,REPORT.pdf,candidate,,unknown,unknown,not-stated,,source--blackbyte--43ae5f2d8c1ec50a,actor_profile/evidence/blackbyte.csv,"{""row"": 523}",[],[],[],[],0,false,medium,TLP:CLEAR,csv-row,"summary/2023/M-Trends 2023 Report MANDIANT SPECIAL REPORT.pdf {""page"": 39} CONTI Of the most pre valent and destructive ransomware families, Mandiant observed a nearly 10% dec rease in organizations added to ransomware data leak sites related to ransomwa re families such as LOCKBIT, ALPHV, BASTA, CONTI and HIVELOCKER. In 2022, Mandiant observed the LOCKBIT data leak sharing sites captured t he most change compared to posts in 2021. Mandiant also assesses that with the CONT I group disruption in ",
1.0.0,actor--blackbyte,artifact--sha256:774eda6761b153b478f9be86fa71e4614714496ad5f1238072785e9c10845271,observation--sha256:41f7cea8374d2c175597edc1a3646dae7d28fb823b7abdbabb0cf89313c3df32,file-name,REPORT.pdf,REPORT.pdf,candidate,,unknown,unknown,not-stated,,source--blackbyte--43ae5f2d8c1ec50a,actor_profile/evidence/blackbyte.csv,"{""row"": 524}",[],[],[],[],0,false,medium,TLP:CLEAR,csv-row,"summary/2023/M-Trends 2023 Report MANDIANT SPECIAL REPORT.pdf {""page"": 90} CONTI somware In mid-2022, Mandiant observed a significant shift in financially mot ivated activity from threat actors suspected to be based in Eastern Europe. In conjunctio n with increased public coverage and scrutiny of CONTI-affiliated actors , BASTA (aka BlackBasta) ransomware emerged onto the scene. CONTI operators deve loped a prolific crime syndicate that aggressively leveraged ransomware t o extort victims. At th",
1.0.0,actor--blackbyte,artifact--sha256:774eda6761b153b478f9be86fa71e4614714496ad5f1238072785e9c10845271,observation--sha256:b9e31975a137353b0579a9cf669561dfcca6f3a0a919301616c6de46d3e1cc0e,file-name,REPORT.pdf,REPORT.pdf,candidate,,unknown,unknown,not-stated,,source--blackbyte--43ae5f2d8c1ec50a,actor_profile/evidence/blackbyte.csv,"{""row"": 525}",[],[],[],[],0,false,medium,TLP:CLEAR,csv-row,"summary/2023/M-Trends 2023 Report MANDIANT SPECIAL REPORT.pdf {""page"": 90} CONTI activity from threat actors suspected to be based in Eastern Europe. In conjunctio n with increased public coverage and scrutiny of CONTI-affiliated actors , BASTA (aka BlackBasta) ransomware emerged onto the scene. CONTI operators deve loped a prolific crime syndicate that aggressively leveraged ransomware t o extort victims. At the time, Mandiant suspected BASTA to be a rebrand by CONTI ransomware operators and af",
1.0.0,actor--blackbyte,artifact--sha256:774eda6761b153b478f9be86fa71e4614714496ad5f1238072785e9c10845271,observation--sha256:970d119936576c9a5fa52cd7d03886b410a4310263d7d67875effc167472101d,file-name,REPORT.pdf,REPORT.pdf,candidate,,unknown,unknown,not-stated,,source--blackbyte--43ae5f2d8c1ec50a,actor_profile/evidence/blackbyte.csv,"{""row"": 526}",[],[],[],[],0,false,medium,TLP:CLEAR,csv-row,"summary/2023/M-Trends 2023 Report MANDIANT SPECIAL REPORT.pdf {""page"": 90} CONTI lackBasta) ransomware emerged onto the scene. CONTI operators deve loped a prolific crime syndicate that aggressively leveraged ransomware t o extort victims. At the time, Mandiant suspected BASTA to be a rebrand by CONTI ransomware operators and affiliates, as a logical next step to avoid the in creased scrutiny. Mandiant identified evidence to suggest at least one threat a ctor had incorporated BASTA ransomware in",
1.0.0,actor--blackbyte,artifact--sha256:7a0e147e12943cf2f2c99e61509b7b000674e33789390bb648ad840a360df414,observation--sha256:1998167ebcf6d6b45a98a6f14c6fb0f1b4ed484c67513d2116977a410871fa38,file-name,REVIEW.PDF,REVIEW.PDF,candidate,,unknown,unknown,not-stated,,source--blackbyte--43ae5f2d8c1ec50a,actor_profile/evidence/blackbyte.csv,"{""row"": 532}",[],[],[],[],0,false,medium,TLP:CLEAR,csv-row,"summary/2023/NSA 2023 CYBERSECURITY YEAR IN REVIEW.PDF {""page"": 14} quantum Establish Standard The Center for Cyber Security Standards (CCSS) is focused on authoring, informing, and driving adoption of standards for telecommunications, with a focus on securing 5G and preparing protocols for quantum-resistant cryptography. To date, CCSS has authored and submitted more than 95 standards for 5G, cloud networks, and internet protocols. This work ensures security is baked in and reduces our adversari",
1.0.0,actor--blackbyte,artifact--sha256:7a0e147e12943cf2f2c99e61509b7b000674e33789390bb648ad840a360df414,observation--sha256:4983338203095db3d1fe340c4b6bfe256dc955f4b0db81f69f575d211157dcdd,file-name,REVIEW.PDF,REVIEW.PDF,candidate,,unknown,unknown,not-stated,,source--blackbyte--43ae5f2d8c1ec50a,actor_profile/evidence/blackbyte.csv,"{""row"": 533}",[],[],[],[],0,false,medium,TLP:CLEAR,csv-row,"summary/2023/NSA 2023 CYBERSECURITY YEAR IN REVIEW.PDF {""page"": 14} quantum forum, CCSS served as the acting U.S. delegation working in close partnership with Department of State. CCSS advanced multiple secure protocol standards drafts at the Internet Engineering Task Force, to ensure post-quantum resistance and interoperability. NSA’s CCSS is now a member of the Open Radio Access Network (O-RAN) Alliance, an international consortium that develops Radio Access Network (RAN) standards for 5G. The",
1.0.0,actor--blackbyte,artifact--sha256:7a0e147e12943cf2f2c99e61509b7b000674e33789390bb648ad840a360df414,observation--sha256:336cbeec85867252d4f6f480555667159832f52aa2aeb9e183ae67b254a7c289,file-name,REVIEW.PDF,REVIEW.PDF,candidate,,unknown,unknown,not-stated,,source--blackbyte--43ae5f2d8c1ec50a,actor_profile/evidence/blackbyte.csv,"{""row"": 534}",[],[],[],[],0,false,medium,TLP:CLEAR,csv-row,"summary/2023/NSA 2023 CYBERSECURITY YEAR IN REVIEW.PDF {""page"": 23} Quantum Modernizing Cryptographic Solutions to Protect Data and Communications Progressing Toward Quantum-Resistant Cryptography When achieved, a cryptanalytically relevant quantum computer will change the game. It will introduce threats to our nation’s most critical information systems and will break cryptographic syste",
1.0.0,actor--blackbyte,artifact--sha256:7a0e147e12943cf2f2c99e61509b7b000674e33789390bb648ad840a360df414,observation--sha256:50b0228aef9b88230f66afebe4c068e3c61c48eb55feae06df5ed6aa68b030aa,file-name,REVIEW.PDF,REVIEW.PDF,candidate,,unknown,unknown,not-stated,,source--blackbyte--43ae5f2d8c1ec50a,actor_profile/evidence/blackbyte.csv,"{""row"": 535}",[],[],[],[],0,false,medium,TLP:CLEAR,csv-row,"summary/2023/NSA 2023 CYBERSECURITY YEAR IN REVIEW.PDF {""page"": 23} quantum Modernizing Cryptographic Solutions to Protect Data and Communications Progressing Toward Quantum-Resistant Cryptography When achieved, a cryptanalytically relevant quantum computer will change the game. It will introduce threats to our nation’s most critical information systems and will break cryptographic systems that secure the internet and information systems worldwide. Quantum-res",
1.0.0,actor--blackbyte,artifact--sha256:7a0e147e12943cf2f2c99e61509b7b000674e33789390bb648ad840a360df414,observation--sha256:e0ec72418bbf1a8291eec5d552173f99a72fb073310d160bcd3da147029ad799,file-name,REVIEW.PDF,REVIEW.PDF,candidate,,unknown,unknown,not-stated,,source--blackbyte--43ae5f2d8c1ec50a,actor_profile/evidence/blackbyte.csv,"{""row"": 536}",[],[],[],[],0,false,medium,TLP:CLEAR,csv-row,"summary/2023/NSA 2023 CYBERSECURITY YEAR IN REVIEW.PDF {""page"": 6} quantum will serve as a focal point to develop best practices, evaluation methodology, and risk frameworks, while we aim to promote secure adoption of AI capabilities. We also made progress in the marathon to transition to quantum-resistant cryptography to protect our networks, the technology we rely on, and our weapons platforms. We completed cryptographic roadmaps for each U.S. combatant command coalition partner to help our pa",
1.0.0,actor--blackbyte,artifact--sha256:037f3ee8fbdc1554a7efbbe484d844687323da5b2265be109c886fcfe40a63db,observation--sha256:b7861a1bb8b0f9222344c8d707ac9343e2de6fc31be4cd6c4dc9024e4885a142,file-name,Radware_Threat_Report_2026_RWI-6283.pdf,Radware_Threat_Report_2026_RWI-6283.pdf,candidate,,unknown,unknown,not-stated,,source--blackbyte--43ae5f2d8c1ec50a,actor_profile/evidence/blackbyte.csv,"{""row"": 742}",[],[],[],[],0,false,medium,TLP:CLEAR,csv-row,"summary/2026/Radware_Threat_Report_2026_RWI-6283.pdf {""page"": 35} quantum private, dedicated GPU servers to ensure total data privacy and unrestricted operational potential. By integrating full system control with automated dependency management and exploit analysis, this suite represents a quantum leap in the sophistication of malicious AI, providing a self-hosted, sovereign environment for executing complex and unrestricted attack campaigns. Building on this foundation is the HexenCore integra",
1.0.0,actor--blackbyte,artifact--sha256:6d3ccd352a38c75927480ff242e93287bca5eb1842e630b2317148d1af946e1f,observation--sha256:70c3a15f1474e63016a0f7a44ac2fdd7fa6820090fcddcc5b0a3cbe873a7087d,file-name,RedFoxtrot_group.pdf,RedFoxtrot_group.pdf,candidate,,unknown,unknown,not-stated,,source--blackbyte--43ae5f2d8c1ec50a,actor_profile/evidence/blackbyte.csv,"{""row"": 40}",[],[],[],[],0,false,medium,TLP:CLEAR,csv-row,"International Strategic/China/RedFoxtrot_group.pdf {""page"": 11} Royal ft Office and Windows software are up to date with the latest software updates to protect against malicious documents that attempt to exploit known vulnerabilities for code execution, such as those created using the Royal Road RTF weaponizer. Outlook Our research uncovered cyber espionage activity attributed to RedFoxtrot, a group linked to Unit 69010 of the PLA-SSF. Of particular note: from 2020 to 2021, the group heavily tar",
1.0.0,actor--blackbyte,artifact--sha256:6d3ccd352a38c75927480ff242e93287bca5eb1842e630b2317148d1af946e1f,observation--sha256:e49ba388ad6d4a8f4e34e389ac1be30340b26173285cc13aeaa11b434cd96f13,file-name,RedFoxtrot_group.pdf,RedFoxtrot_group.pdf,candidate,,unknown,unknown,not-stated,,source--blackbyte--43ae5f2d8c1ec50a,actor_profile/evidence/blackbyte.csv,"{""row"": 41}",[],[],[],[],0,false,medium,TLP:CLEAR,csv-row,"International Strategic/China/RedFoxtrot_group.pdf {""page"": 13} Royal 6a30fe6276b0fa66f74c9720 c1e3a5e171d0de6054f4a1aeb9a46ff176ef5ba6464304b2f2660a23396e91f4 379af30d508cdbae7eb201041d8eb815b239e181dd8106145d4263753df3acd9 367718fd58c658dce22c995f3e10bc3a5425814ddf221686e166e3129a53e897 Royal Road 51e3f3a762ab6fb0c3db4819560c6b1607cdcd257ce375e68fdf1a17ff5c2cb5 597c0c6f397eefb06155abdf5aa9a7476c977c44ef8bd9575b01359e96273486 4e1a2f731688f9aab80b1f55d9101bb1cddec08214d4379621c434899a01efbf a95b",
1.0.0,actor--blackbyte,artifact--sha256:6d3ccd352a38c75927480ff242e93287bca5eb1842e630b2317148d1af946e1f,observation--sha256:c7e9664c2d606b1646b8284f811f1ba441f0e98f08b46bab58e7c112c45cffc3,file-name,RedFoxtrot_group.pdf,RedFoxtrot_group.pdf,candidate,,unknown,unknown,not-stated,,source--blackbyte--43ae5f2d8c1ec50a,actor_profile/evidence/blackbyte.csv,"{""row"": 42}",[],[],[],[],0,false,medium,TLP:CLEAR,csv-row,"International Strategic/China/RedFoxtrot_group.pdf {""page"": 2} Royal RedFoxtrot maintains large amounts of operational infrastructure and has likely employed both bespoke and publicly available malware families commonly used by Chinese cyber espionage groups, including Icefog, PlugX, Royal Road, Poison Ivy, ShadowPad, and PCShare. RedFoxtrot activity overlaps with threat groups tracked by other security vendors as Temp.Trident and Nomad Panda. Key Judgments • Formerly known as the Lanzhou Milita",
1.0.0,actor--blackbyte,artifact--sha256:6d3ccd352a38c75927480ff242e93287bca5eb1842e630b2317148d1af946e1f,observation--sha256:6e571ad9e7e9ef3942af53cda0fc69efddbe4e43d0f105ebd9721c9ac81f39c2,file-name,RedFoxtrot_group.pdf,RedFoxtrot_group.pdf,candidate,,unknown,unknown,not-stated,,source--blackbyte--43ae5f2d8c1ec50a,actor_profile/evidence/blackbyte.csv,"{""row"": 43}",[],[],[],[],0,false,medium,TLP:CLEAR,csv-row,"International Strategic/China/RedFoxtrot_group.pdf {""page"": 4} Royal ring intelligence on military technology and defense. RedFoxtrot has historically employed multiple open- and closed-source tooling commonly shared across Chinese cyber espionage groups, including PlugX, Poison Ivy, Royal Road, PCShare, and IceFog. Insikt Group also identified multiple links to suspected ShadowPad command and control (C2) infrastructure, tracked by Recorded Future as AXIOMATICASYMPTOTE, providing evidence of ye",
1.0.0,actor--blackbyte,artifact--sha256:6d3ccd352a38c75927480ff242e93287bca5eb1842e630b2317148d1af946e1f,observation--sha256:183d3759b1f6af97b796ee0c23750c4180328d821c3221015ab8150420ab80a7,file-name,RedFoxtrot_group.pdf,RedFoxtrot_group.pdf,candidate,,unknown,unknown,not-stated,,source--blackbyte--43ae5f2d8c1ec50a,actor_profile/evidence/blackbyte.csv,"{""row"": 44}",[],[],[],[],0,false,medium,TLP:CLEAR,csv-row,"International Strategic/China/RedFoxtrot_group.pdf {""page"": 9} Royal ed between RedFoxtrot activity and 2018 to 2019 campaigns tracked by FireEye as WATERFIGHT and SKYLINE, which targeted countries in Central Asia ( 1 , 2 ). Additionally, elements of the group’s historical use of the Royal Road (also known as 8.t) rich text format (RTF) weaponizer to deliver Icefog and Poison Ivy payloads have been previously documented . Some notable overlaps with publicly reported activity include the followin",
1.0.0,actor--blackbyte,artifact--sha256:950ef08a172ed8f9468261fdab640d81b375ec5ea52abe4b9910a7b6f4d12351,observation--sha256:9a94f1e14eb1b54c3d524371ac74a6cecc06696747f578f4f327d01b0d786f95,file-name,RedReport2023-Picus.pdf,RedReport2023-Picus.pdf,candidate,,unknown,unknown,not-stated,,source--blackbyte--43ae5f2d8c1ec50a,actor_profile/evidence/blackbyte.csv,"{""row"": 538}",[],[],[],[],0,false,medium,TLP:CLEAR,csv-row,"summary/2023/RedReport2023-Picus.pdf {""page"": 112} BlackByte $ share of a remote system in October 2022. Then, Impacket is utilized to execute the payload by creating a Scheduled Task or remotely executing an encoded PowerShell command on target systems [111]. In February 2022, BlackByte ransomware created SMB shares to distribute AnyDesk, a remote desktop application, to other assets in the victim's network using Cobalt Strike [2]. As an example from April 2022, the BumbleBee malware loader use",
1.0.0,actor--blackbyte,artifact--sha256:950ef08a172ed8f9468261fdab640d81b375ec5ea52abe4b9910a7b6f4d12351,observation--sha256:d270c259fade31c92fce27ac8e9c1cb5e10aecc3aeb1482c1fa28d2b0e281c09,file-name,RedReport2023-Picus.pdf,RedReport2023-Picus.pdf,candidate,,unknown,unknown,not-stated,,source--blackbyte--43ae5f2d8c1ec50a,actor_profile/evidence/blackbyte.csv,"{""row"": 539}",[],[],[],[],0,false,medium,TLP:CLEAR,csv-row,"summary/2023/RedReport2023-Picus.pdf {""page"": 112} Conti PT groups, including APT3 [102] and APT32 [103]. In some cases, these groups have also used these shares to transfer implant files and enable remote execution, as seen in the case of APT41 [104]. Other groups, such as Conti [105] and Shamoon [106], have used these shares to spread malware throughout victim networks, potentially compromising an entire network. In the case of Kwampirs and Orangeworm [107], the malware was even copied acro",
1.0.0,actor--blackbyte,artifact--sha256:950ef08a172ed8f9468261fdab640d81b375ec5ea52abe4b9910a7b6f4d12351,observation--sha256:03a287b658d7370fa187262710528fd341adfa24b75b40e7ca527eeabff5d3c1,file-name,RedReport2023-Picus.pdf,RedReport2023-Picus.pdf,candidate,,unknown,unknown,not-stated,,source--blackbyte--43ae5f2d8c1ec50a,actor_profile/evidence/blackbyte.csv,"{""row"": 540}",[],[],[],[],0,false,medium,TLP:CLEAR,csv-row,"summary/2023/RedReport2023-Picus.pdf {""page"": 125} Conti ername> /password:<password> process call create cmd.exe /c ""<command>"" powershell -c Invoke-WMIMethod -class Win32_Process -Name Create -ArgumentList ""cmd /c <command>"" -ComputerName <remote_host's_name> For example, Conti ransomware deploys a Cobalt Strike beacon using WMI and rundll32 in a remote host using the following command. After deployment, adversaries established an RDP session with the remote host [124]. wmic /node:<remote_ho",
1.0.0,actor--blackbyte,artifact--sha256:950ef08a172ed8f9468261fdab640d81b375ec5ea52abe4b9910a7b6f4d12351,observation--sha256:d917ca4086606d3702ba938fee61a95dc5c282638ca80a90fe9e6a819f00c6d2,file-name,RedReport2023-Picus.pdf,RedReport2023-Picus.pdf,candidate,,unknown,unknown,not-stated,,source--blackbyte--43ae5f2d8c1ec50a,actor_profile/evidence/blackbyte.csv,"{""row"": 541}",[],[],[],[],0,false,medium,TLP:CLEAR,csv-row,"summary/2023/RedReport2023-Picus.pdf {""page"": 18} BlackByte use PowerShell to delete or remove sensitive data from the operating system and disable services that help recover a damaged system, hindering recovery efforts. For instance, the following command is executed by the BlackByte ransomware. 18 powershell.exe $x = [System.Text.Encoding]::Unicode.GetString([System.Convert]::FromBase 64String('RwBlA HQALQBXAG0AaQBPAGIAagBlAGMAdAAg'+'AFcAaQBuADMAMgBfAFMAaABhAGQAb wB3AGMAbwBwAHkAIAB8AC'+'AARgBv",
1.0.0,actor--blackbyte,artifact--sha256:950ef08a172ed8f9468261fdab640d81b375ec5ea52abe4b9910a7b6f4d12351,observation--sha256:b05f8b67a87f457948eb384d815032e868355329e8fc9ac3e81732e5952ee27b,file-name,RedReport2023-Picus.pdf,RedReport2023-Picus.pdf,candidate,,unknown,unknown,not-stated,,source--blackbyte--43ae5f2d8c1ec50a,actor_profile/evidence/blackbyte.csv,"{""row"": 542}",[],[],[],[],0,false,medium,TLP:CLEAR,csv-row,"summary/2023/RedReport2023-Picus.pdf {""page"": 19} BlackByte t to add the path C:\drive to the exclusion list for Microsoft Defender to download malicious files without getting caught by virus scans. As another implementation of the Impair Defenses technique, in February 2022, BlackByte ransomware actors ran the following PowerShell command to stop Windows Defender from executing on startup [2]. In this command, adversaries leveraged the Get-WmiObject cmdlet to retrieve the Win32_Shadowcopy class",
1.0.0,actor--blackbyte,artifact--sha256:c298c33cf09b9675d7f8db56f6f231c8b4f5dc2fdb9b70cbffc0e4eee09742a5,observation--sha256:226ef22b478ae32cff947a29293a9fd24b8ab0c059e3353185636becb9f06c2c,file-name,Report-QIANXIN.pdf,Report-QIANXIN.pdf,candidate,2023-04-14T00:00:00Z,day,known,same-record,,source--blackbyte--43ae5f2d8c1ec50a,actor_profile/evidence/blackbyte.csv,"{""row"": 517}",[],[],[],[],0,false,medium,TLP:CLEAR,csv-row,"summary/2023/Global APT 2023 Mid-Year Report-QIANXIN.pdf {""page"": 41} Conti 邮箱：ti_support@qianxin.com 电话：95015 官网：https://ti.qianxin.com 36 组织名 活动描述 披露时间 披露机构 FIN7 Ex-Conti 与 FIN7 的新 Domino 后门合作 [88] 2023/4/14 IBM Gamaredon Web 面板揭示了 Gamaredon Group 的自动鱼叉式网络钓鱼活动 [89] 2023/4/17 EclecticIQ APT28 APT28 利用已知漏洞在思科路由器上进行侦察和部署恶意软件 [90] 2023/4/18 CISA Turla 分析 Tomiris 与 Turla 的联系 [91] 2023/4/24 Ka",
1.0.0,actor--blackbyte,artifact--sha256:c298c33cf09b9675d7f8db56f6f231c8b4f5dc2fdb9b70cbffc0e4eee09742a5,observation--sha256:33d6294ea6b4a13f759603f21840cbe2852e9384770c9cd0cb24da5db580bdcd,file-name,Report-QIANXIN.pdf,Report-QIANXIN.pdf,candidate,,unknown,unknown,not-stated,,source--blackbyte--43ae5f2d8c1ec50a,actor_profile/evidence/blackbyte.csv,"{""row"": 518}",[],[],[],[],0,false,medium,TLP:CLEAR,csv-row,"summary/2023/Global APT 2023 Mid-Year Report-QIANXIN.pdf {""page"": 65} conti -assisting-ukraine 86.https://informnapalm.org/en/hacked-russian-gru-officer/ 87.https://www.gov.pl/web/baza-wiedzy/espionage-campaign-linked-to-russian-intelligence-services 88.https://securityintelligence.com/posts/ex-conti-fin7-actors-collaborate-new-domino-backdoor/ 附录 / 全球高级持续性威胁（APT）2023 年中报告",
1.0.0,actor--blackbyte,artifact--sha256:44da9eacdb89fd2e5019d120472bae39444ad35411f77f3f04a5a5c57be0fdc1,observation--sha256:e10695c98a517c2f016458592008752a914de61a10c522fbd8216beaa0f5dd9f,file-name,Report-dbappsecurity.pdf,Report-dbappsecurity.pdf,candidate,,unknown,unknown,not-stated,,source--blackbyte--43ae5f2d8c1ec50a,actor_profile/evidence/blackbyte.csv,"{""row"": 422}",[],[],[],[],0,false,medium,TLP:CLEAR,csv-row,"summary/2022/2021 Advanced Threat Trends Research Report-dbappsecurity.pdf {""page"": 17} Conti 攻击团伙活动篇 - 29 - 2021年度高级威胁态势研究报告 - 30 - Conti是目前攻击频率最高的勒索软件之一，Conti勒索软件在2019年12月首次被发现，并在2020年7月作为 个人的勒索软件即服务（RaaS）模式开始运营，其核心团队负责管理恶意软件和 Tor 站点，而招募的附属机 构则负责执行网络渗透和加密设备操作。Conti使用各种流行的恶意家族传播勒索软件，包括TrickBot、 BazarBackdoor和Anchor木马。Conti团伙曾发起广泛的攻击，包括针对塔尔萨市、爱尔兰卫生服务执行 局（H",
1.0.0,actor--blackbyte,artifact--sha256:44da9eacdb89fd2e5019d120472bae39444ad35411f77f3f04a5a5c57be0fdc1,observation--sha256:93339f9594b3740b9c36dac5dbb7753dc74e4ffd508c37f9035b5d7a4e30df9d,file-name,Report-dbappsecurity.pdf,Report-dbappsecurity.pdf,candidate,,unknown,unknown,not-stated,,source--blackbyte--43ae5f2d8c1ec50a,actor_profile/evidence/blackbyte.csv,"{""row"": 423}",[],[],[],[],0,false,medium,TLP:CLEAR,csv-row,"summary/2022/2021 Advanced Threat Trends Research Report-dbappsecurity.pdf {""page"": 17} Conti 攻击团伙活动篇 - 29 - 2021年度高级威胁态势研究报告 - 30 - Conti是目前攻击频率最高的勒索软件之一，Conti勒索软件在2019年12月首次被发现，并在2020年7月作为 个人的勒索软件即服务（RaaS）模式开始运营，其核心团队负责管理恶意软件和 Tor 站点，而招募的附属机 构则负责执行网络渗透和加密设备操作。Conti使用各种流行的恶意家族传播勒索软件，包括TrickBot、 BazarBackdoor和Anchor木马。Conti团伙曾发起广泛的攻击，包括针对塔尔萨市、爱尔兰卫生服务执行 局（HSE）和众多医疗保健组织的攻击。根据Cont",
1.0.0,actor--blackbyte,artifact--sha256:44da9eacdb89fd2e5019d120472bae39444ad35411f77f3f04a5a5c57be0fdc1,observation--sha256:161cf87c51a70fbfa68266c18003f7fa8a792e51999089dcb6bc1e2839ed2ce6,file-name,Report-dbappsecurity.pdf,Report-dbappsecurity.pdf,candidate,,unknown,unknown,not-stated,,source--blackbyte--43ae5f2d8c1ec50a,actor_profile/evidence/blackbyte.csv,"{""row"": 424}",[],[],[],[],0,false,medium,TLP:CLEAR,csv-row,"summary/2022/2021 Advanced Threat Trends Research Report-dbappsecurity.pdf {""page"": 17} Conti 攻击团伙活动篇 - 29 - 2021年度高级威胁态势研究报告 - 30 - Conti是目前攻击频率最高的勒索软件之一，Conti勒索软件在2019年12月首次被发现，并在2020年7月作为 个人的勒索软件即服务（RaaS）模式开始运营，其核心团队负责管理恶意软件和 Tor 站点，而招募的附属机 构则负责执行网络渗透和加密设备操作。Conti使用各种流行的恶意家族传播勒索软件，包括TrickBot、 BazarBackdoor和Anchor木马。Conti团伙曾发起广泛的攻击，包括针对塔尔萨市、爱尔兰卫生服务执行 局（HSE）和众多医疗保健组织的攻击。根据Conti在博客发布的受害者数据来看，2021年约有500个组织 遭到Conti勒索软件攻击。 2021年8月5日，Conti勒索团伙的分支机构成员，因劳资纠纷问题发帖公开泄露Conti团队内部的培训材料， 内容涉及该团伙",
1.0.0,actor--blackbyte,artifact--sha256:44da9eacdb89fd2e5019d120472bae39444ad35411f77f3f04a5a5c57be0fdc1,observation--sha256:123508cd9a06d913df8781725a2c21ac9d7b7ada296af4ecfe220e702626bca3,file-name,Report-dbappsecurity.pdf,Report-dbappsecurity.pdf,candidate,,unknown,unknown,not-stated,,source--blackbyte--43ae5f2d8c1ec50a,actor_profile/evidence/blackbyte.csv,"{""row"": 425}",[],[],[],[],0,false,medium,TLP:CLEAR,csv-row,"summary/2022/2021 Advanced Threat Trends Research Report-dbappsecurity.pdf {""page"": 17} Conti 29 - 2021年度高级威胁态势研究报告 - 30 - Conti是目前攻击频率最高的勒索软件之一，Conti勒索软件在2019年12月首次被发现，并在2020年7月作为 个人的勒索软件即服务（RaaS）模式开始运营，其核心团队负责管理恶意软件和 Tor 站点，而招募的附属机 构则负责执行网络渗透和加密设备操作。Conti使用各种流行的恶意家族传播勒索软件，包括TrickBot、 BazarBackdoor和Anchor木马。Conti团伙曾发起广泛的攻击，包括针对塔尔萨市、爱尔兰卫生服务执行 局（HSE）和众多医疗保健组织的攻击。根据Conti在博客发布的受害者数据来看，2021年约有500个组织 遭到Conti勒索软件攻击。 2021年8月5日，Conti勒索团伙的分支机构成员，因劳资纠纷问题发帖公开泄露Conti团队内部的培训材料， 内容涉及该团伙渗透测试团队的俄语操作技术手册和用于进行勒索攻",
1.0.0,actor--blackbyte,artifact--sha256:44da9eacdb89fd2e5019d120472bae39444ad35411f77f3f04a5a5c57be0fdc1,observation--sha256:862c09859e10108313aa3696ec3c97724dd8bedf067c2efb3bc031be5cc515bc,file-name,Report-dbappsecurity.pdf,Report-dbappsecurity.pdf,candidate,,unknown,unknown,not-stated,,source--blackbyte--43ae5f2d8c1ec50a,actor_profile/evidence/blackbyte.csv,"{""row"": 426}",[],[],[],[],0,false,medium,TLP:CLEAR,csv-row,"summary/2022/2021 Advanced Threat Trends Research Report-dbappsecurity.pdf {""page"": 2} Conti 目 录 01 02 05 06 14 15 19 22 27 28 29 31 32 33 35 35 36 37 38 38 40 41 前言 高级威胁篇 APT组织整体攻击情况 地域组织攻击活动情况 南 亚 东南亚 东 亚 中 东 东 欧 攻击团伙活动篇 勒索软件团伙 Conti LockBit 2.0 Hive BlackMatter 间谍软件供应商 NSO Candiru Cytrox 新披露组织 Void Balaur Agrius Moses Staff 42 43 44 44 46 48 49 50 53 53 54 55 56 58 59 60 60 61 62 63 64 65 65 66 67 67 68 2021年重大网络攻击事件回顾 Solarwinds软件供应链攻击事件 黑客入侵佛罗里达水",
1.0.0,actor--blackbyte,artifact--sha256:3105f86654fa009126011a7bc80479b1a2e9a9a0c2bd041be10bf8986782f77d,observation--sha256:362d427cdee7f7b77e3d1829d4a384078a0e527d338d81f449d8479675ed697f,file-name,Report-qianxin.pdf,Report-qianxin.pdf,candidate,,unknown,unknown,not-stated,,source--blackbyte--43ae5f2d8c1ec50a,actor_profile/evidence/blackbyte.csv,"{""row"": 456}",[],[],[],[],0,false,medium,TLP:CLEAR,csv-row,"summary/2022/Global APT Mid-2022 Report-qianxin.pdf {""page"": 57} Conti 乌克兰 Data Breach 推特 不详 2022 年 2 月 28 SHDWSec 乌克兰 Hack/Activism 推特 全球 2022 年 2 月 28 GhostClan 乌克兰 DDoS/Hack 电报 全球 2022 年 2 月 28 Free Civicilian 俄罗斯 Data Breach 洋葱 不详 2022 年 1 月 Cooming Project 俄罗斯 Data Breach 洋葱 不详 2021 年 Conti Ransomware 俄罗斯 恶意软件 洋葱 俄罗斯 2019 年 附表2 俄乌冲突下的黑客组织概要 （注：这里只列举东欧地区 APT 攻击活动中与俄乌两国直接相关的部分）",
1.0.0,actor--blackbyte,artifact--sha256:3105f86654fa009126011a7bc80479b1a2e9a9a0c2bd041be10bf8986782f77d,observation--sha256:e1151605a48b892b59b3fe300e8d4e1e187f1bc783594aa98eeed562d448d58a,file-name,Report-qianxin.pdf,Report-qianxin.pdf,candidate,,unknown,unknown,not-stated,,source--blackbyte--43ae5f2d8c1ec50a,actor_profile/evidence/blackbyte.csv,"{""row"": 515}",[],[],[],[],0,false,medium,TLP:CLEAR,csv-row,"summary/2023/Global APT 2022 Annual Report-qianxin.pdf {""page"": 37} Conti 金融、 银行以及商贸组织的高级威胁活动持续不断。在 2022 年，整个金融商贸行业成为了 APT 攻击活动的一 大焦点。 2022 年初，国外安全厂商 zscaler 发现有着国家背景的 Molerats APT 组织使用中东地缘政治冲突的相 关诱饵针对巴勒斯坦银行的关键成员，意图窃取敏感信息 [17] 。1 月 20 日，印度尼西亚中央银行（BI） 证实，该银行于 2021 年 12 月遭到勒索软件攻击 [18] 。据悉，此次攻击由 Conti 勒索团伙发起，该团伙 已经泄露了一些从印度尼西亚银行网络窃取的文件。 （一） 国防军事 （二） 金融商贸",
1.0.0,actor--blackbyte,artifact--sha256:3105f86654fa009126011a7bc80479b1a2e9a9a0c2bd041be10bf8986782f77d,observation--sha256:057055dd64f8011c80e7dc8feb0512a5d3bbd0da8f8a946530db3229e2ca7d53,file-name,Report-qianxin.pdf,Report-qianxin.pdf,candidate,,unknown,unknown,not-stated,,source--blackbyte--43ae5f2d8c1ec50a,actor_profile/evidence/blackbyte.csv,"{""row"": 516}",[],[],[],[],0,false,medium,TLP:CLEAR,csv-row,"summary/2023/Global APT 2022 Annual Report-qianxin.pdf {""page"": 81} conti software/ 17.https://www.zscaler.com/blogs/security-research/new-espionage-attack-molerats-apt- targeting-users-middle-east 18.https://www.cnnindonesia.com/teknologi/20220120191930-185-749298/ahli-sebut-geng- ransomware-conti-yang-bobol-bi-peretas-berbahaya 19.https://asec.ahnlab.com/en/38993/ 20.https://mp.weixin.qq.com/s/QkKrxXbz3rHveokjwEoW-w 21.https://mp.weixin.qq.com/s/nnLqUBPX8xZ3hCr5u-iSjQ 22.https://securelist.com",
1.0.0,actor--blackbyte,artifact--sha256:f995185f572984deea7588de4cd2c0fb473c79b4efb06e43a613bd0dc59c097b,observation--sha256:737aebc24fd46a7a352390b493fde00262dada6fb19e4fbae0394148476216aa,file-name,Report.pdf,Report.pdf,candidate,,unknown,unknown,not-stated,,source--blackbyte--43ae5f2d8c1ec50a,actor_profile/evidence/blackbyte.csv,"{""row"": 398}",[],[],[],[],0,false,medium,TLP:CLEAR,csv-row,"summary/2021/2021(APT) Microsoft Digital Defense Report.pdf {""page"": 13} Conti analyzed this intelligence, the criminal actor will identify an “appropriate” ransom amount. The negotiation chat, at right, with a public school district to extort cash in exchange for a decryption key to unlock the Conti ransomware deployed on its network demonstrates the research performed by the criminal in advance of the negotiation. Here, the criminal actor explains “we examined all financial documents, bank sta",
1.0.0,actor--blackbyte,artifact--sha256:f995185f572984deea7588de4cd2c0fb473c79b4efb06e43a613bd0dc59c097b,observation--sha256:b4fb0952cd2106ed5eab15f83e8ce946cddce63baa5a04759cae214b104685f9,file-name,Report.pdf,Report.pdf,candidate,,unknown,unknown,not-stated,,source--blackbyte--43ae5f2d8c1ec50a,actor_profile/evidence/blackbyte.csv,"{""row"": 399}",[],[],[],[],0,false,medium,TLP:CLEAR,csv-row,"summary/2021/2021(APT) Microsoft Digital Defense Report.pdf {""page"": 15} CONTI elping them become more organized and specialized. With more funding available, the groups can improve their tools and code, enabling ransomware to spread through networks undetected by antivirus software. EXAMPLE: CONTI RANSOMWARE The Conti ransomware first appeared around July 2020 adopting the double extortion business model. In this double extortion model, a victim is first extorted for ransom and for the possible",
1.0.0,actor--blackbyte,artifact--sha256:f995185f572984deea7588de4cd2c0fb473c79b4efb06e43a613bd0dc59c097b,observation--sha256:fc223ac1015cd82c0551940e8eaaa327ce5e2729e1c473c73c53573ee30ef892,file-name,Report.pdf,Report.pdf,candidate,,unknown,unknown,not-stated,,source--blackbyte--43ae5f2d8c1ec50a,actor_profile/evidence/blackbyte.csv,"{""row"": 400}",[],[],[],[],0,false,medium,TLP:CLEAR,csv-row,"summary/2021/2021(APT) Microsoft Digital Defense Report.pdf {""page"": 15} Conti re organized and specialized. With more funding available, the groups can improve their tools and code, enabling ransomware to spread through networks undetected by antivirus software. EXAMPLE: CONTI RANSOMWARE The Conti ransomware first appeared around July 2020 adopting the double extortion business model. In this double extortion model, a victim is first extorted for ransom and for the possible publishing of their ",
1.0.0,actor--blackbyte,artifact--sha256:f995185f572984deea7588de4cd2c0fb473c79b4efb06e43a613bd0dc59c097b,observation--sha256:64b6712aa905c9471563acc39469bf9d9934c9032c7f4103ae4bd2744b8009c0,file-name,Report.pdf,Report.pdf,candidate,,unknown,unknown,not-stated,,source--blackbyte--43ae5f2d8c1ec50a,actor_profile/evidence/blackbyte.csv,"{""row"": 401}",[],[],[],[],0,false,medium,TLP:CLEAR,csv-row,"summary/2021/2021(APT) Microsoft Digital Defense Report.pdf {""page"": 15} Conti onti ransomware first appeared around July 2020 adopting the double extortion business model. In this double extortion model, a victim is first extorted for ransom and for the possible publishing of their stolen data. Conti is also a ransomware as a service (RaaS), which is a subscription-based service allowing affiliates of the service ready access to ransomware-building tools and builds. Affiliates of the service ag",
1.0.0,actor--blackbyte,artifact--sha256:f995185f572984deea7588de4cd2c0fb473c79b4efb06e43a613bd0dc59c097b,observation--sha256:8b5c14fdbf7ebd53692823575dc81b53e38738654f88d1fa5ffc93e8c4092247,file-name,Report.pdf,Report.pdf,candidate,,unknown,unknown,not-stated,,source--blackbyte--43ae5f2d8c1ec50a,actor_profile/evidence/blackbyte.csv,"{""row"": 402}",[],[],[],[],0,false,medium,TLP:CLEAR,csv-row,"summary/2021/2021(APT) Microsoft Digital Defense Report.pdf {""page"": 15} Conti iates of the service ready access to ransomware-building tools and builds. Affiliates of the service agree to ransom percentage payouts between the ransomware developer and threat actor who performed the exploitation. Conti usually gains access to the victim network via other threats like Trickbot, IcedID, or Zloader. Once inside the victim network, Conti has a configurable reconnaissance module where it can scan inte",
1.0.0,actor--blackbyte,artifact--sha256:f995185f572984deea7588de4cd2c0fb473c79b4efb06e43a613bd0dc59c097b,observation--sha256:5f6311e327dae47cf91b9566293556e5f299f20b328403c91b99c2bbc2dc1ac8,file-name,Report.pdf,Report.pdf,candidate,,unknown,unknown,not-stated,,source--blackbyte--43ae5f2d8c1ec50a,actor_profile/evidence/blackbyte.csv,"{""row"": 409}",[],[],[],[],0,false,medium,TLP:CLEAR,csv-row,"summary/2021/The CrowdStrike 2021 Global Threat Report.pdf {""page"": 14} Conti spite these assertions, CrowdStrike Intelligence confirmed that 18 BGH ransomware families infected 104 healthcare organizations in 2020, with the most prolific being TWISTED SPIDER using Maze, and WIZARD SPIDER using Conti. In some cases, adversaries may have avoided targeting hospitals, but proceeded with attacks against pharmaceutical and biomedical companies. As depicted in Figure 3, TWISTED SPIDER achieved at leas",
1.0.0,actor--blackbyte,artifact--sha256:f995185f572984deea7588de4cd2c0fb473c79b4efb06e43a613bd0dc59c097b,observation--sha256:960863b57fff36aff65ffbf772f10f6cecdcc11e5016d11c467d18c9401d0059,file-name,Report.pdf,Report.pdf,candidate,,unknown,unknown,not-stated,,source--blackbyte--43ae5f2d8c1ec50a,actor_profile/evidence/blackbyte.csv,"{""row"": 410}",[],[],[],[],0,false,medium,TLP:CLEAR,csv-row,"summary/2021/The CrowdStrike 2021 Global Threat Report.pdf {""page"": 14} Conti at least 26 infections at healthcare sector victims with their Maze and Egregor ransomware families, predominantly at U.S.-based entities. WIZARD SPIDER conducted 25 attacks against the healthcare industry with both Conti and Ryuk. Throughout October 2020, Ryuk was heavily attributed to a large number of infections against U.S.-based healthcare entities, a surge that occurred despite a concerted disruption effort by cy",
1.0.0,actor--blackbyte,artifact--sha256:f995185f572984deea7588de4cd2c0fb473c79b4efb06e43a613bd0dc59c097b,observation--sha256:d8385063e9205c20c9b06737575ae9b3da5fe4ef9256bf3ae5b718d07fd22d83,file-name,Report.pdf,Report.pdf,candidate,,unknown,unknown,not-stated,,source--blackbyte--43ae5f2d8c1ec50a,actor_profile/evidence/blackbyte.csv,"{""row"": 411}",[],[],[],[],0,false,medium,TLP:CLEAR,csv-row,"summary/2021/The CrowdStrike 2021 Global Threat Report.pdf {""page"": 14} Conti times of the year when ransomware campaigns would have the most significant impact. Even in a non-pandemic year , Q4 targeting of the healthcare sector would coincide with the start of the cold and flu season. ↘ Conti 0 5 10 15 20 25 Ransomware Family SunCrypt Ryuk Revil RagnarLocker Pysa Netwalker Nemty X MountLocker MedusaLocker Maze LockBit Ekans Egregor DoppelPaymer Defray777 Clop Avaddon Infection Count↙ ↖ HEAL TH",
1.0.0,actor--blackbyte,artifact--sha256:f995185f572984deea7588de4cd2c0fb473c79b4efb06e43a613bd0dc59c097b,observation--sha256:01f75d0e5519a1603715928332de8dd460f02ce38a596cde6c79b7b9cd000612,file-name,Report.pdf,Report.pdf,candidate,,unknown,unknown,not-stated,,source--blackbyte--43ae5f2d8c1ec50a,actor_profile/evidence/blackbyte.csv,"{""row"": 412}",[],[],[],[],0,false,medium,TLP:CLEAR,csv-row,"summary/2021/The CrowdStrike 2021 Global Threat Report.pdf {""page"": 20} Conti y 12, 2020 March 14, 2020 TRAVELING SPIDER’s Nemty X March 26, 2020 March 20, 2020 ProLock April 25, 2020 March 25, 2020 Sekhmet March 25, 2020 May 16, 2020 INDRIK SPIDER's WastedLocker N/A Late May 2020 WIZARD SPIDER’s Conti Aug. 21, 2020 June 1, 2020 RIDDLE SPIDER's Avaddon Aug. 10, 2020 July 30, 2020 SPRITE SPIDER’s Defray777 Linux version Nov. 29, 2020 Aug. 1, 2020 CARBON SPIDER’s DarkSide Nov. 16, 2020 Aug. 12, 20",
1.0.0,actor--blackbyte,artifact--sha256:f995185f572984deea7588de4cd2c0fb473c79b4efb06e43a613bd0dc59c097b,observation--sha256:44172fdeedd865bc27e840ed0e9ed62f75e04879cf2de7574fe041fb429d477a,file-name,Report.pdf,Report.pdf,candidate,,unknown,unknown,not-stated,,source--blackbyte--43ae5f2d8c1ec50a,actor_profile/evidence/blackbyte.csv,"{""row"": 413}",[],[],[],[],0,false,medium,TLP:CLEAR,csv-row,"summary/2021/The CrowdStrike 2021 Global Threat Report.pdf {""page"": 21} Conti len data. TWISTED SPIDER became the most adept at this technique, spacing out releases in percentages of the total exfiltrated dataset. Other adversaries using the percentage release method include WIZARD SPIDER with Conti victims, and the operators of MountLocker ransomware. An alternative approach is to release the datasets in numbered “parts,” a technique preferred by RIDDLE SPIDER and VIKING SPIDER, both of which s",
1.0.0,actor--blackbyte,artifact--sha256:f995185f572984deea7588de4cd2c0fb473c79b4efb06e43a613bd0dc59c097b,observation--sha256:9aa542bb0bd654ba7cf3004a88c052ef43efc6125ae5728be7d043d9918d07ea,file-name,Report.pdf,Report.pdf,candidate,,unknown,unknown,not-stated,,source--blackbyte--43ae5f2d8c1ec50a,actor_profile/evidence/blackbyte.csv,"{""row"": 427}",[],[],[],[],0,false,medium,TLP:CLEAR,csv-row,"summary/2022/2021 Adversary Infrastructure Report.pdf {""page"": 4} Conti Bazar, IcedID, and Dridex all continued onward. All of them have been observed acting as precursors to ransomware; IcedID was linked to Egregor deployments, TrickBot and Bazar families have been linked to Ryuk and Conti use, Dridex has led to DoppelPaymer, and QakBot has deployed ProLock and DoppelPaymer. Sample over sample, the botnets varied in how many embedded C2 servers they referenced. TrickBot averaged 20 C2 servers p",
1.0.0,actor--blackbyte,artifact--sha256:f995185f572984deea7588de4cd2c0fb473c79b4efb06e43a613bd0dc59c097b,observation--sha256:8018505d2676fa764c7501f6986dc83dd9545f705326d4681b1d3ee4fd37d6f7,file-name,Report.pdf,Report.pdf,candidate,,unknown,unknown,not-stated,,source--blackbyte--43ae5f2d8c1ec50a,actor_profile/evidence/blackbyte.csv,"{""row"": 434}",[],[],[],[],0,false,medium,TLP:CLEAR,csv-row,"summary/2022/2022 Adversary Infrastructure Report.pdf {""page"": 6} Black Basta in March 2022, we have observed a significant increase in the number of QakBot C2s detected, with the highest being 90 active C2s in September 2022. Most recently, SentinelOne has seen QakBot being used to deliver Black Basta ransomware. IcedID Up until May 2022, we have observed IcedID having anywhere from 30 to 60 active C2s per month. Starting in May we see an increase up to 102 and a further steady increase to 178 ",
1.0.0,actor--blackbyte,artifact--sha256:f995185f572984deea7588de4cd2c0fb473c79b4efb06e43a613bd0dc59c097b,observation--sha256:0e361109ea7d232044f0b7f1bb2693fba4b484923941b67135cca5ac9ffe529a,file-name,Report.pdf,Report.pdf,candidate,,unknown,unknown,not-stated,,source--blackbyte--43ae5f2d8c1ec50a,actor_profile/evidence/blackbyte.csv,"{""row"": 435}",[],[],[],[],0,false,medium,TLP:CLEAR,csv-row,"summary/2022/2022 Adversary Infrastructure Report.pdf {""page"": 6} Quantum tors to these increases: • In April 2022, CERT-UA sent an advisory about a mass distribution of XLS documents that install the IcedID malware. • Most recently, IcedID has reportedly been used to download and execute Quantum Locker ransomware. Figure 5: Comparison of detected Dridex, Emotet, IcedID, QakBot, and TrickBot C2s (Source: Recorded Future) Back to Bots (Again and Again) In 2021 we saw a sharp increase in botnet ac",
1.0.0,actor--blackbyte,artifact--sha256:f995185f572984deea7588de4cd2c0fb473c79b4efb06e43a613bd0dc59c097b,observation--sha256:0cc604f755d29f252ef6219a8a7f9587fb61f40614dda037984f2d2413ffef79,file-name,Report.pdf,Report.pdf,candidate,,unknown,unknown,not-stated,,source--blackbyte--43ae5f2d8c1ec50a,actor_profile/evidence/blackbyte.csv,"{""row"": 436}",[],[],[],[],0,false,medium,TLP:CLEAR,csv-row,"summary/2022/2022 Adversary Infrastructure Report.pdf {""page"": 7} Conti ructure in early 2021 and a long break in activity, there was speculation that Emotet may cease operations permanently; this proved to be incorrect. Emotet returned in late 2021, reportedly in coordination with the Conti ransomware operation. Emotet’s early resurgence was reported to be a reuse of TrickBot’s infrastructure. Coincidentally, in Figure 5, we can see Emotet starts off with the same number of active C2s we tracke",
1.0.0,actor--blackbyte,artifact--sha256:f995185f572984deea7588de4cd2c0fb473c79b4efb06e43a613bd0dc59c097b,observation--sha256:64cdd146cbf01119be98d6b8f08e46746dd04d2b48e5a270c06d70e3cb9fb7d4,file-name,Report.pdf,Report.pdf,candidate,,unknown,unknown,not-stated,,source--blackbyte--43ae5f2d8c1ec50a,actor_profile/evidence/blackbyte.csv,"{""row"": 437}",[],[],[],[],0,false,medium,TLP:CLEAR,csv-row,"summary/2022/2022 Adversary Infrastructure Report.pdf {""page"": 7} Quantum level of the surge seen in May, with just over 1,000 active C2s in September 2022. The recent uptick in Emotet active C2s since July 2022 supports the most recent reporting on Emotet: • Emotet is being used to load Quantum and ALPHV ransomware. • Proofpoint stated that Emotet is distributing “hundreds of thousands” of phishing emails a day in November, and is being used to load and execute IcedID. Increased distribution of",
1.0.0,actor--blackbyte,artifact--sha256:f995185f572984deea7588de4cd2c0fb473c79b4efb06e43a613bd0dc59c097b,observation--sha256:3c743d8cb842f54f6a5a0b9123f36bbe1f74419a7d714994e809872b02ea34de,file-name,Report.pdf,Report.pdf,candidate,,unknown,unknown,not-stated,,source--blackbyte--43ae5f2d8c1ec50a,actor_profile/evidence/blackbyte.csv,"{""row"": 438}",[],[],[],[],0,false,medium,TLP:CLEAR,csv-row,"summary/2022/2022 Adversary Infrastructure Report.pdf {""page"": 9} Conti been updated since 2021, but continues to see an uptick in usage. Mythic continues to receive updates to its code base. Some Mythic infrastructure references the name Botleggers Club , which is also mentioned in the Conti Leaks, suggesting that at least some ransomware operators were using it. Both Brute Ratel (BRc4) and BeEF are honorable mentions this year as their detection rates were not yet high enough to make it into t",
1.0.0,actor--blackbyte,artifact--sha256:f995185f572984deea7588de4cd2c0fb473c79b4efb06e43a613bd0dc59c097b,observation--sha256:fdaa1925029dc665f41b0bd63c6e660607078068d59abcdca2d2a0df8d298a81,file-name,Report.pdf,Report.pdf,candidate,2023-04-01T00:00:00Z,month,known,same-record,,source--blackbyte--43ae5f2d8c1ec50a,actor_profile/evidence/blackbyte.csv,"{""row"": 558}",[],[],[],[],0,false,medium,TLP:CLEAR,csv-row,"summary/2024/2023 Network Vulnerability Situation Research Report.pdf {""page"": 23} Black Basta 2023年流行勒索软件关联漏洞如图3-2所示。本节全面总结了2023年勒索软件攻击中利用的关键漏洞， 强调主动预防和有效事件响应的必要性。 △图3-1 2023年流行勒索软件排名 △图3-2 2023年流行勒索软件关联漏洞 全网漏洞态势研究报告 LockBit ALPHV PLAY 8BASE Black Basta NoEscape Akira Hunters int INC Ransom Medusa Rhysida Cactus Meow Clop 2023年勒索软件团伙活跃度排名 Citrix Netscaler ADC & Gateway信息泄露漏洞(CVE-2023-4966)LockBit Atlassian Conﬂuence 身份认证绕过漏洞(CVE-2023-22518) Qlik Sense 路径遍历漏洞(CVE-2023-4",
1.0.0,actor--blackbyte,artifact--sha256:f995185f572984deea7588de4cd2c0fb473c79b4efb06e43a613bd0dc59c097b,observation--sha256:afba6172a94a109ff65a9e9ac960f9362efa65c85ce903e38968380f7d9a261f,file-name,Report.pdf,Report.pdf,candidate,,unknown,unknown,not-stated,,source--blackbyte--43ae5f2d8c1ec50a,actor_profile/evidence/blackbyte.csv,"{""row"": 594}",[],[],[],[],0,false,medium,TLP:CLEAR,csv-row,"summary/2024/Cybersecurity Threats 2024 Mid-Year Report.pdf {""page"": 20} Conti pport@qianxin.com 电话：95015 官网：https://ti.qianxin.com 图 1.19 初始 Loader 组件 VT 查杀结果图 但是在一些新能源和跨国公司客户那里出现了一些有趣的现象，当内存加载的木马是Amadey家族 时，攻击者会启动屏幕截图插件查看受害机器信息，确认符合目标后通过下载者的功能下发免杀的 CobaltStrike加载器，随即开始横向移动，横向移动的手法模仿Conti Leak泄露出来的技战术。这意味 着UTG-Q-001展示出了一种全新的攻击策略：通过入侵跨国公司的境外基础设施作为立足点并向中国区 的办公点进行横向移动。我们建议政企客户在法律允许的前提下给境外办公区部署天擎EDR。 在最近针对跨国车企境外办公区的攻击活动中，攻击者在一台服务器上植入了一个由QT框架编写的的特 马，并将计划任务的触发时间设定在2025年，通过浏览器的无痕模式下载初始Loader组件，窃取服务 器上",
1.0.0,actor--blackbyte,artifact--sha256:f995185f572984deea7588de4cd2c0fb473c79b4efb06e43a613bd0dc59c097b,observation--sha256:5695ae406130135d876f0eb722943ab76483942899499ccd6fef7b8caf3bc77a,file-name,Report.pdf,Report.pdf,candidate,,unknown,unknown,not-stated,,source--blackbyte--43ae5f2d8c1ec50a,actor_profile/evidence/blackbyte.csv,"{""row"": 595}",[],[],[],[],0,false,medium,TLP:CLEAR,csv-row,"summary/2024/Cybersecurity Threats 2024 Mid-Year Report.pdf {""page"": 53} Royal 信息）。 纵观 2024 上半年的勒索软件攻击活动，全球各地多个行业的组织和个人都受到影响。活跃的勒索软件 家族数量众多，并且还出现了一些新型勒索软件和变种，足以反映出这个网络犯罪产业的繁荣。现如今 稍具规模的勒索团伙大多采用“双重勒索”的攻击模式，不仅让受害者支付赎金解密文件，还以泄露数 据为要挟再次实施勒索，对受害组织而言无疑雪上加霜。 报告主题 报告发布机构 勒索软件 / 组织 受害国家 / 地区 攻击目标 针对 Akira 和 Royal 勒索软件 受害者的后续勒索活动 [72] Arctic Wolf / / Akira 和 Royal 勒索 软件受害者 攻击者积极针对 MSSQL 服务 器，以投递 Mimic 勒索软件 [73] Securonix Mimic 勒索软件 美国、欧盟和拉丁美洲 国家 / Babuk 勒索软件变种的新解 密器发布 [74] Cisco Talos Babuk 勒索软件 变种（Tortill",
1.0.0,actor--blackbyte,artifact--sha256:f995185f572984deea7588de4cd2c0fb473c79b4efb06e43a613bd0dc59c097b,observation--sha256:7b9b5e234fd7852c28842cd0889abc38dfca63df349326e3402cb1efd019f222,file-name,Report.pdf,Report.pdf,candidate,,unknown,unknown,not-stated,,source--blackbyte--43ae5f2d8c1ec50a,actor_profile/evidence/blackbyte.csv,"{""row"": 596}",[],[],[],[],0,false,medium,TLP:CLEAR,csv-row,"summary/2024/Cybersecurity Threats 2024 Mid-Year Report.pdf {""page"": 53} Royal 软件 家族数量众多，并且还出现了一些新型勒索软件和变种，足以反映出这个网络犯罪产业的繁荣。现如今 稍具规模的勒索团伙大多采用“双重勒索”的攻击模式，不仅让受害者支付赎金解密文件，还以泄露数 据为要挟再次实施勒索，对受害组织而言无疑雪上加霜。 报告主题 报告发布机构 勒索软件 / 组织 受害国家 / 地区 攻击目标 针对 Akira 和 Royal 勒索软件 受害者的后续勒索活动 [72] Arctic Wolf / / Akira 和 Royal 勒索 软件受害者 攻击者积极针对 MSSQL 服务 器，以投递 Mimic 勒索软件 [73] Securonix Mimic 勒索软件 美国、欧盟和拉丁美洲 国家 / Babuk 勒索软件变种的新解 密器发布 [74] Cisco Talos Babuk 勒索软件 变种（Tortilla） / /",
1.0.0,actor--blackbyte,artifact--sha256:f995185f572984deea7588de4cd2c0fb473c79b4efb06e43a613bd0dc59c097b,observation--sha256:26e2a5637eb5f32d83c614870b667074e177efc2ddd0573a99f0eb22f99f8458,file-name,Report.pdf,Report.pdf,candidate,,unknown,unknown,not-stated,,source--blackbyte--43ae5f2d8c1ec50a,actor_profile/evidence/blackbyte.csv,"{""row"": 597}",[],[],[],[],0,false,medium,TLP:CLEAR,csv-row,"summary/2024/Cybersecurity Threats 2024 Mid-Year Report.pdf {""page"": 54} Black Basta t Albabat 勒索软件 阿根廷、巴西、捷克 共和国、 德国、 匈牙利、 哈萨克斯坦、俄罗斯 和美国等 公司、个人 阻止 Akira 勒索软件：通过 TTP 的预防和分析 [83] Morphisec Akira 勒索软件 北美、英国和欧洲 政府、制造、技术、 教育、咨询、制药 和电信等领域 勒索软件综述：Abyss Locke [84] Fortinet Abyss Locker 勒索 软件 欧洲、北美、南美和 亚洲等 / 包括 Black Basta 在内的威胁组织 正在利用近期的 ScreenConnect 漏洞 [85] Trend Micro Black Basta 勒索组 织，Bl00dy 勒索组 织 / / 多阶段 RA World 勒索软件使用反 AV 策略，利用 GPO [86] Trend Micro RA World 勒索软件 拉丁美洲地区 多家医疗保健组织",
1.0.0,actor--blackbyte,artifact--sha256:f995185f572984deea7588de4cd2c0fb473c79b4efb06e43a613bd0dc59c097b,observation--sha256:01d8a6f974f2e36e76130605d09490c80e04217a5e47e3a8646ac2e495f136da,file-name,Report.pdf,Report.pdf,candidate,,unknown,unknown,not-stated,,source--blackbyte--43ae5f2d8c1ec50a,actor_profile/evidence/blackbyte.csv,"{""row"": 598}",[],[],[],[],0,false,medium,TLP:CLEAR,csv-row,"summary/2024/Cybersecurity Threats 2024 Mid-Year Report.pdf {""page"": 54} Black Basta Akira 勒索软件：通过 TTP 的预防和分析 [83] Morphisec Akira 勒索软件 北美、英国和欧洲 政府、制造、技术、 教育、咨询、制药 和电信等领域 勒索软件综述：Abyss Locke [84] Fortinet Abyss Locker 勒索 软件 欧洲、北美、南美和 亚洲等 / 包括 Black Basta 在内的威胁组织 正在利用近期的 ScreenConnect 漏洞 [85] Trend Micro Black Basta 勒索组 织，Bl00dy 勒索组 织 / / 多阶段 RA World 勒索软件使用反 AV 策略，利用 GPO [86] Trend Micro RA World 勒索软件 拉丁美洲地区 多家医疗保健组织",
1.0.0,actor--blackbyte,artifact--sha256:f995185f572984deea7588de4cd2c0fb473c79b4efb06e43a613bd0dc59c097b,observation--sha256:8e7ea7b2cdd40eb834d6d998dd40458216f00b846628e9dab136a7b7e27e82b4,file-name,Report.pdf,Report.pdf,candidate,,unknown,unknown,not-stated,,source--blackbyte--43ae5f2d8c1ec50a,actor_profile/evidence/blackbyte.csv,"{""row"": 615}",[],[],[],[],0,false,medium,TLP:CLEAR,csv-row,"summary/2024/Qianxin 2023 APT Report.pdf {""page"": 109} conti 103 邮箱：ti_support@qianxin.com 电话：95015 官网：https://ti.qianxin.com 204.https://securityintelligence.com/posts/ex-conti-fin7-actors-collaborate-new-domino- backdoor/ 205.https://blog.eclecticiq.com/exposed-web-panel-reveals-gamaredon-groups-automated-spear- phishing-campaigns 206.https://www.ncsc.gov.uk/news/apt28-exploits-known-vulnerab",
1.0.0,actor--blackbyte,artifact--sha256:f995185f572984deea7588de4cd2c0fb473c79b4efb06e43a613bd0dc59c097b,observation--sha256:aafd22f579fb7806b19d49303d1bc56b12aa1c7d70b32de435b4fdd6e1ec27d8,file-name,Report.pdf,Report.pdf,candidate,2023-02-01T00:00:00Z,day,known,same-record,,source--blackbyte--43ae5f2d8c1ec50a,actor_profile/evidence/blackbyte.csv,"{""row"": 616}",[],[],[],[],0,false,medium,TLP:CLEAR,csv-row,"summary/2024/Qianxin 2023 APT Report.pdf {""page"": 67} Conti 针对乌克兰当局开展间谍活动 [197] 2023/2/1 CERT-UA Gamaredon Gamaredon 的攻击技战术和目标分析 [200] 2023/3/13 ThreatMon APT29 NOBELIUM 利用波兰大使访美来针对援助乌克兰的欧盟政府 [201] 2023/3/14 BlackBerry APT29 APT29 组织针对欧洲等地区外交人员的间谍活动 [203] 2023/4/13 CERT .PL FIN7 Conti 组织前成员在攻击中部署与 FIN7 有关的后门 [204] 2023/4/14 IBM Gamaredon Gamaredon 用于进行自动化鱼叉式网络钓鱼活动的 Web 服务面板 暴露 [205] 2023/4/17 EclecticIQ APT28 APT28 利用已知漏洞在思科路由器上进行侦察和部署恶意软件 [206] 2023/4/18 NCSC Tomiris 攻击组织 Tomiris 与 Turla 的联系 [2",
1.0.0,actor--blackbyte,artifact--sha256:f995185f572984deea7588de4cd2c0fb473c79b4efb06e43a613bd0dc59c097b,observation--sha256:a6788a00c379fd23e00be49c41e3552506f28d0eca1fe6ead0a6882c346f6a55,file-name,Report.pdf,Report.pdf,candidate,,unknown,unknown,not-stated,,source--blackbyte--43ae5f2d8c1ec50a,actor_profile/evidence/blackbyte.csv,"{""row"": 654}",[],[],[],[],0,false,medium,TLP:CLEAR,csv-row,"summary/2025/2024 Threat Intelligence Annual Report.pdf {""page"": 54} Conti ， 从勒索即服务 （RaaS） 的运营模式到实施双重或多 重勒索的流程都表现出高度的流畅和专业化， 并且勒索软件攻击的复杂性和隐蔽性显著增强， 攻击的目标性也具有针对性。 APT化的 特点直接导致受害者数量持续上升。 在当前战争频发的背景下， 地缘政治因素在勒索软件领域的影响逐渐减弱， 绝大多数勒索软件组织更加注重经济利益， 并在官网上明确 表示这一立场。 为了保障经济利益的最大化， 这些组织还对参与人员进行严格的审核， 从而避免像Conti一样因为地缘问题解散的结局。 另外勒索软件组织不仅继续针对Windows、 Linux等主流操作系统发起攻击， 还将目光转向了Mac OS、 FreeBSD等其他平台， 以此扩大 攻击面并追求更大的勒索收益。 不难看出， 勒索软件开发者们正不断适应和进化， 以应对各种网络安全防护措施， 从而获取更高的利润。 虽然各国政府已经逐渐认识到网络安全的重要性， 并为此采取了诸多行动， 取得了一定成果， 但面对",
1.0.0,actor--blackbyte,artifact--sha256:f995185f572984deea7588de4cd2c0fb473c79b4efb06e43a613bd0dc59c097b,observation--sha256:94763955c6144a30ffafba95f0ba575c5e3aa94a8359d78a8129fad6e4ecbbdf,file-name,Report.pdf,Report.pdf,candidate,,unknown,unknown,not-stated,,source--blackbyte--43ae5f2d8c1ec50a,actor_profile/evidence/blackbyte.csv,"{""row"": 731}",[],[],[],[],0,false,medium,TLP:CLEAR,csv-row,"summary/2026/Bridewell 2026 Cyber Threat Intelligence Report.pdf {""page"": 63} Black Basta r to track these threat clusters and adapt our detection strategies accordingly. STAC5777 shows overlapping characteristics with Storm-1811. Storm-1811 is a financially motivated cyber criminal group known to deploy Black Basta ransomware. While STAC5143 is associated with FIN7 threat group. FIN7 is a financially motivated threat group with ties to Russia. This complex cluster of threat actors has been link",
1.0.0,actor--blackbyte,artifact--sha256:f995185f572984deea7588de4cd2c0fb473c79b4efb06e43a613bd0dc59c097b,observation--sha256:7919513d8374751a803d185df96494f03ac8d798ac74a7b886b3288011878d29,file-name,Report.pdf,Report.pdf,candidate,,unknown,unknown,not-stated,,source--blackbyte--43ae5f2d8c1ec50a,actor_profile/evidence/blackbyte.csv,"{""row"": 732}",[],[],[],[],0,false,medium,TLP:CLEAR,csv-row,"summary/2026/Bridewell 2026 Cyber Threat Intelligence Report.pdf {""page"": 63} Black Basta th FIN7 threat group. FIN7 is a financially motivated threat group with ties to Russia. This complex cluster of threat actors has been linked to ransomware operations related to REvil, DarkSide, BlackMatter, ALPHV , Black Basta, Maze and Ryuk. Campaign Overview Industry reporting highlights the continued adaptation of techniques, adoption of new malware, and notable threat actors FIN7 adopting a mirrored ap",
1.0.0,actor--blackbyte,artifact--sha256:f995185f572984deea7588de4cd2c0fb473c79b4efb06e43a613bd0dc59c097b,observation--sha256:13af1f31d2600553757a26d55b0983c7f5bf127bd21e643ea1626b47b377fcc5,file-name,Report.pdf,Report.pdf,candidate,,unknown,unknown,not-stated,,source--blackbyte--43ae5f2d8c1ec50a,actor_profile/evidence/blackbyte.csv,"{""row"": 733}",[],[],[],[],0,false,medium,TLP:CLEAR,csv-row,"summary/2026/Bridewell 2026 Cyber Threat Intelligence Report.pdf {""page"": 63} Black Basta Exploitation: Gaining unauthorised control of target devices using tools like Quick Assist or Teams screen sharing to install malicious software. FIN7 Bridewell CTI Reporting 2025 2024 Storm-1811Black Basta Ransomware Black Basta Bridewell CTI Reporting Storm-1113 FakeBat Operators EugenLoader Malware 2023 CL0P Ransomware Ex-Conti Minodo Backdoor Collaboration With Ransomware Groups REvil Darkside BlackMatt",
1.0.0,actor--blackbyte,artifact--sha256:f995185f572984deea7588de4cd2c0fb473c79b4efb06e43a613bd0dc59c097b,observation--sha256:828384531fb16154d37576f09870c399ee1c1f1b5c22ee3d367ee2785fd87d36,file-name,Report.pdf,Report.pdf,candidate,,unknown,unknown,not-stated,,source--blackbyte--43ae5f2d8c1ec50a,actor_profile/evidence/blackbyte.csv,"{""row"": 734}",[],[],[],[],0,false,medium,TLP:CLEAR,csv-row,"summary/2026/Bridewell 2026 Cyber Threat Intelligence Report.pdf {""page"": 63} Conti aring to install malicious software. FIN7 Bridewell CTI Reporting 2025 2024 Storm-1811Black Basta Ransomware Black Basta Bridewell CTI Reporting Storm-1113 FakeBat Operators EugenLoader Malware 2023 CL0P Ransomware Ex-Conti Minodo Backdoor Collaboration With Ransomware Groups REvil Darkside BlackMatter ALPHV Ryuk Maze Historic Reporting FIN7",
1.0.0,actor--blackbyte,artifact--sha256:4b760e18cd0f107f38f55eb26a3056fe38ad292e294881208eb7514b61d2fe49,observation--sha256:160ccc18e572364dd65a614d7c29ddef987bab915e63e834e1df67e53c714d71,file-name,Report_EN_2025_DIGITAL.pdf,Report_EN_2025_DIGITAL.pdf,candidate,,unknown,unknown,not-stated,,source--blackbyte--43ae5f2d8c1ec50a,actor_profile/evidence/blackbyte.csv,"{""row"": 32}",[],[],[],[],0,false,medium,TLP:CLEAR,csv-row,"International Strategic/Canada/Public Report_EN_2025_DIGITAL.pdf {""page"": 26} quantum ICA). In 2025, CSIS screened 1,106 ICA notifications for potential national security concerns. Research security This past year saw the development and protection of emerging and sensitive technologies, such as AI, quantum computing, and biotechnology, which are crucial to Canada’s economic security and national sovereignty. The loss of Canadian intellectual property and sensitive technology in these areas weak",
1.0.0,actor--blackbyte,artifact--sha256:4b760e18cd0f107f38f55eb26a3056fe38ad292e294881208eb7514b61d2fe49,observation--sha256:aebcc1dc1d3e3fdaf5d993981740571b005c5faf02c449fdd19a5291e6e23139,file-name,Report_EN_2025_DIGITAL.pdf,Report_EN_2025_DIGITAL.pdf,candidate,,unknown,unknown,not-stated,,source--blackbyte--43ae5f2d8c1ec50a,actor_profile/evidence/blackbyte.csv,"{""row"": 33}",[],[],[],[],0,false,medium,TLP:CLEAR,csv-row,"International Strategic/Canada/Public Report_EN_2025_DIGITAL.pdf {""page"": 27} quantum nsitive technology Canada’s Sensitive Technology List identifies eleven broad technology areas that the Government of Canada considers to be sensitive. This list consists of advanced and emerging technologies, such as quantum computing, AI, biotechnology and others. These technologies could cause injury to Canada’s national security and defence through degradation of Canadian or allied military or intelligence ",
1.0.0,actor--blackbyte,artifact--sha256:4b760e18cd0f107f38f55eb26a3056fe38ad292e294881208eb7514b61d2fe49,observation--sha256:d89d80b5f3689681d2ecca2c88f05ddc7ef56484695384a9149b7efb1ef8397e,file-name,Report_EN_2025_DIGITAL.pdf,Report_EN_2025_DIGITAL.pdf,candidate,,unknown,unknown,not-stated,,source--blackbyte--43ae5f2d8c1ec50a,actor_profile/evidence/blackbyte.csv,"{""row"": 34}",[],[],[],[],0,false,medium,TLP:CLEAR,csv-row,"International Strategic/Canada/Public Report_EN_2025_DIGITAL.pdf {""page"": 6} Royal 5, including $60 million to support Canada’s defence capabilities and increase our direct intelligence support to the North Atlantic Treaty Organization (NATO). The Budget also provided $25.7 million to CSIS and the Royal Canadian Mounted Police (RCMP) to support national security safeguards in the Consumer-Driven Banking Act. Budget 2025 also required that federal organizations find annual savings as a result of ",
1.0.0,actor--blackbyte,artifact--sha256:03f1992b725cf55cd5e33041669e667d19585534d416bc793f32ad28205cc93e,observation--sha256:494d4dce6ef4af56f3a599e295ed4888069500de42dcdf198d53d277502f2093,file-name,Report_Final.pdf,Report_Final.pdf,candidate,,unknown,unknown,not-stated,,source--blackbyte--43ae5f2d8c1ec50a,actor_profile/evidence/blackbyte.csv,"{""row"": 662}",[],[],[],[],0,false,medium,TLP:CLEAR,csv-row,"summary/2025/2025 Cyber Security Report_Final.pdf {""page"": 45} Black Basta erability was actively exploited by multiple ransomware operators, including Storm-0506, Storm-1175, Octo Tempest, and Manatee Tempest. In some instances, the observed post-compromise technique resulted in Akira and Black Basta ransomware deployments. An analysis of attack data reveals that vulnerabilities disclosed in 2024 and 2023 accounted for 4% and 15%, respectively, of all exploitation attempts. Recent vulnerabiliti",
1.0.0,actor--blackbyte,artifact--sha256:03f1992b725cf55cd5e33041669e667d19585534d416bc793f32ad28205cc93e,observation--sha256:f148c2dcb252aec4ec657e75e2606639db2ce13f9b6660e3c08793224f69c51c,file-name,Report_Final.pdf,Report_Final.pdf,candidate,,unknown,unknown,not-stated,,source--blackbyte--43ae5f2d8c1ec50a,actor_profile/evidence/blackbyte.csv,"{""row"": 663}",[],[],[],[],0,false,medium,TLP:CLEAR,csv-row,"summary/2025/2025 Cyber Security Report_Final.pdf {""page"": 49} Black Basta urity approach. ATTACK TYPES In 2024, ransomware continues to dominate the cyber security threat landscape. The most prevalent ransomware family in incident response cases this year is LockBit, followed by Akira and Black Basta. Other notable threat types are Business Email Compromise (BEC) and DDOS attacks. Twenty-five percent of the CPIRT case attacks were identified and prevented in early stages, making it difficult to",
1.0.0,actor--blackbyte,artifact--sha256:03f1992b725cf55cd5e33041669e667d19585534d416bc793f32ad28205cc93e,observation--sha256:ed26a8b166682e9a8ccc614483b739ebc2a818ba5bb1c2437fabc7ab8f43ead2,file-name,Report_Final.pdf,Report_Final.pdf,candidate,,unknown,unknown,not-stated,,source--blackbyte--43ae5f2d8c1ec50a,actor_profile/evidence/blackbyte.csv,"{""row"": 664}",[],[],[],[],0,false,medium,TLP:CLEAR,csv-row,"summary/2025/2025 Cyber Security Report_Final.pdf {""page"": 56} Quantum n and smarter, faster response times. The comprehensive platform includes cloud-delivered technologies consisting of Check Point Harmony to secure the workspace, Check Point CloudGuard to secure the cloud, Check Point Quantum to secure the network, and Check Point Infinity Core Services for collaborative security operations and services.",
1.0.0,actor--blackbyte,artifact--sha256:03f1992b725cf55cd5e33041669e667d19585534d416bc793f32ad28205cc93e,observation--sha256:afd8f3ea0cebf7ca601ecd14c26a7b43f47db0769ea8ef1d699eaedbc860b9a2,file-name,Report_Final.pdf,Report_Final.pdf,candidate,,unknown,unknown,not-stated,,source--blackbyte--43ae5f2d8c1ec50a,actor_profile/evidence/blackbyte.csv,"{""row"": 723}",[],[],[],[],0,false,medium,TLP:CLEAR,csv-row,"summary/2026/2025 Cyber Security Report_Final.pdf {""page"": 45} Black Basta erability was actively exploited by multiple ransomware operators, including Storm-0506, Storm-1175, Octo Tempest, and Manatee Tempest. In some instances, the observed post-compromise technique resulted in Akira and Black Basta ransomware deployments. An analysis of attack data reveals that vulnerabilities disclosed in 2024 and 2023 accounted for 4% and 15%, respectively, of all exploitation attempts. Recent vulnerabiliti",
1.0.0,actor--blackbyte,artifact--sha256:03f1992b725cf55cd5e33041669e667d19585534d416bc793f32ad28205cc93e,observation--sha256:3e92ce7ed1895c178b5e39c91b878e6430c497606450bbbf2b95314ffa1150d3,file-name,Report_Final.pdf,Report_Final.pdf,candidate,,unknown,unknown,not-stated,,source--blackbyte--43ae5f2d8c1ec50a,actor_profile/evidence/blackbyte.csv,"{""row"": 724}",[],[],[],[],0,false,medium,TLP:CLEAR,csv-row,"summary/2026/2025 Cyber Security Report_Final.pdf {""page"": 49} Black Basta urity approach. ATTACK TYPES In 2024, ransomware continues to dominate the cyber security threat landscape. The most prevalent ransomware family in incident response cases this year is LockBit, followed by Akira and Black Basta. Other notable threat types are Business Email Compromise (BEC) and DDOS attacks. Twenty-five percent of the CPIRT case attacks were identified and prevented in early stages, making it difficult to",
1.0.0,actor--blackbyte,artifact--sha256:03f1992b725cf55cd5e33041669e667d19585534d416bc793f32ad28205cc93e,observation--sha256:84e45d7ca32776972223293a7cca532d02e989a1d804033b7c04a50925c6a17a,file-name,Report_Final.pdf,Report_Final.pdf,candidate,,unknown,unknown,not-stated,,source--blackbyte--43ae5f2d8c1ec50a,actor_profile/evidence/blackbyte.csv,"{""row"": 725}",[],[],[],[],0,false,medium,TLP:CLEAR,csv-row,"summary/2026/2025 Cyber Security Report_Final.pdf {""page"": 56} Quantum n and smarter, faster response times. The comprehensive platform includes cloud-delivered technologies consisting of Check Point Harmony to secure the workspace, Check Point CloudGuard to secure the cloud, Check Point Quantum to secure the network, and Check Point Infinity Core Services for collaborative security operations and services.",
1.0.0,actor--blackbyte,artifact--sha256:ba87612e29ad1f3a5ded8146db64bf0895ff840e0a480418fba192d8409e9cfc,observation--sha256:94c816e0684685126a42675bd65dce529e5c716ac7979879230a822e82e36d14,file-name,Report_Notes_of_Cyber_inspector_.pdf,Report_Notes_of_Cyber_inspector_.pdf,candidate,,unknown,unknown,not-stated,,source--blackbyte--43ae5f2d8c1ec50a,actor_profile/evidence/blackbyte.csv,"{""row"": 21}",[],[],[],[],0,false,medium,TLP:CLEAR,csv-row,"Anonymous/RussiaUkrainewar/Report_Notes_of_Cyber_inspector_.pdf {""page"": 329} BlackByte ские Тактики, техники и процедуры Тактики, техники и процедуры современных группировок вымогателей Омерзительная восьмерка Аналитические отчеты «Лаборатории Касперского»BlackCat Pysa Clop (T A505) Hive LockBit 2.0 BlackByte Conti / RyukRagnar Locker С остальными отчетами можно ознакомиться на сайте Записки цифрового ревизора три кластера угроз в киберпространстве Аналитический отчет",
1.0.0,actor--blackbyte,artifact--sha256:ba87612e29ad1f3a5ded8146db64bf0895ff840e0a480418fba192d8409e9cfc,observation--sha256:4ab8e86f9eebbbf1bfefaf020c74d2c9eb172372a974bc9d1d39fee94b49494d,file-name,Report_Notes_of_Cyber_inspector_.pdf,Report_Notes_of_Cyber_inspector_.pdf,candidate,,unknown,unknown,not-stated,,source--blackbyte--43ae5f2d8c1ec50a,actor_profile/evidence/blackbyte.csv,"{""row"": 22}",[],[],[],[],0,false,medium,TLP:CLEAR,csv-row,"Anonymous/RussiaUkrainewar/Report_Notes_of_Cyber_inspector_.pdf {""page"": 329} Conti ки, техники и процедуры Тактики, техники и процедуры современных группировок вымогателей Омерзительная восьмерка Аналитические отчеты «Лаборатории Касперского»BlackCat Pysa Clop (T A505) Hive LockBit 2.0 BlackByte Conti / RyukRagnar Locker С остальными отчетами можно ознакомиться на сайте Записки цифрового ревизора три кластера угроз в киберпространстве Аналитический отчет",
1.0.0,actor--blackbyte,artifact--sha256:b67143c0d2703f264eed9f2c560518b03b36b341e5a39ac89b048b5d2b1016b5,observation--sha256:7358c41e814fba2b43ff54f9229ebdea8fc28f59fadc061012a91c99c9389a10,file-name,Report_QAX.pdf,Report_QAX.pdf,candidate,,unknown,unknown,not-stated,,source--blackbyte--43ae5f2d8c1ec50a,actor_profile/evidence/blackbyte.csv,"{""row"": 680}",[],[],[],[],0,false,medium,TLP:CLEAR,csv-row,"summary/2025/Cybersecurity Threats 2024 Annual Report_QAX.pdf {""page"": 64} Royal 在这些勒索攻击活动中出现的值得关注的攻击手 法，最后总结 2024 年全球勒索攻击活动特点和趋势。 第二章 勒索攻击 / 网络安全威胁 2024 年度报告 一、全球勒索攻击活动概览 奇安信威胁情报中心对安全报告中涉及的勒索软件或勒索组织、受害者所在国家地区和行业进行整理， 如表 2.1 所示（表格中“/”符号表示报告中未明确提及相关信息）。 报告主题 报告发布机构 勒索软件 / 组织 受害国家 / 地区 攻击目标 针对 Akira 和 Royal 勒索软件 受害者的后续勒索活动 Arctic Wolf / / Akira 和 Royal 勒索软件受害者 攻击者积极针对 MSSQL 服务器， 以投递 Mimic 勒索软件 Securonix Mimic 勒索软件 美国、欧盟和 拉丁美洲国家 / Babuk 勒索软件变种的新解密器 发布 Cisco Talos Babuk 勒索软件变种 （Tortilla） / / Medusa ",
1.0.0,actor--blackbyte,artifact--sha256:b67143c0d2703f264eed9f2c560518b03b36b341e5a39ac89b048b5d2b1016b5,observation--sha256:be50c7dedaf72dd5264d05683fe2f9978e6b6dc900d40632a183cf600f8960d7,file-name,Report_QAX.pdf,Report_QAX.pdf,candidate,,unknown,unknown,not-stated,,source--blackbyte--43ae5f2d8c1ec50a,actor_profile/evidence/blackbyte.csv,"{""row"": 681}",[],[],[],[],0,false,medium,TLP:CLEAR,csv-row,"summary/2025/Cybersecurity Threats 2024 Annual Report_QAX.pdf {""page"": 64} Royal 趋势。 第二章 勒索攻击 / 网络安全威胁 2024 年度报告 一、全球勒索攻击活动概览 奇安信威胁情报中心对安全报告中涉及的勒索软件或勒索组织、受害者所在国家地区和行业进行整理， 如表 2.1 所示（表格中“/”符号表示报告中未明确提及相关信息）。 报告主题 报告发布机构 勒索软件 / 组织 受害国家 / 地区 攻击目标 针对 Akira 和 Royal 勒索软件 受害者的后续勒索活动 Arctic Wolf / / Akira 和 Royal 勒索软件受害者 攻击者积极针对 MSSQL 服务器， 以投递 Mimic 勒索软件 Securonix Mimic 勒索软件 美国、欧盟和 拉丁美洲国家 / Babuk 勒索软件变种的新解密器 发布 Cisco Talos Babuk 勒索软件变种 （Tortilla） / / Medusa 勒索软件攻击活动 Palo Alto Networks Medusa 勒索软件 美国、欧洲、",
1.0.0,actor--blackbyte,artifact--sha256:b67143c0d2703f264eed9f2c560518b03b36b341e5a39ac89b048b5d2b1016b5,observation--sha256:2a7775450f15c832426721a93041b0238ed4751cf78659cd3e09c1d5140a8a50,file-name,Report_QAX.pdf,Report_QAX.pdf,candidate,,unknown,unknown,not-stated,,source--blackbyte--43ae5f2d8c1ec50a,actor_profile/evidence/blackbyte.csv,"{""row"": 682}",[],[],[],[],0,false,medium,TLP:CLEAR,csv-row,"summary/2025/Cybersecurity Threats 2024 Annual Report_QAX.pdf {""page"": 65} Black Basta Fortinet Albabat 勒索软件 阿根廷、巴西、捷克 共和国、 德国、 匈牙利、 哈萨克斯坦、俄罗斯 和美国等 公司、个人 阻止 Akira 勒索软件：通过 TTP 的预防和分析 Morphisec Akira 勒索软件 北美、英国和欧洲 政府、 制造、 技术、 教育、 咨询、制药和电信等领域 勒索软件综述：Abyss Locker Fortinet Abyss Locker 勒索软 件 欧洲、北美、南美和 亚洲等 / 包括 Black Basta 在内的 威胁组织正在利用近期的 ScreenConnect 漏洞 Trend Micro Black Basta 勒索组织， Bl00dy 勒索组织 / / 多阶段 RA World 勒索软件使用 反 AV 策略，利用 GPO Trend Micro RA World 勒索软件 拉丁美洲地区 多家医疗保健组织 GhostSec 联合 Stormous 团伙 对",
1.0.0,actor--blackbyte,artifact--sha256:b67143c0d2703f264eed9f2c560518b03b36b341e5a39ac89b048b5d2b1016b5,observation--sha256:7ab76f7505a0de52a6897be4a16ea3424dbbbd416e837ccc0e70b023eafebc26,file-name,Report_QAX.pdf,Report_QAX.pdf,candidate,,unknown,unknown,not-stated,,source--blackbyte--43ae5f2d8c1ec50a,actor_profile/evidence/blackbyte.csv,"{""row"": 683}",[],[],[],[],0,false,medium,TLP:CLEAR,csv-row,"summary/2025/Cybersecurity Threats 2024 Annual Report_QAX.pdf {""page"": 65} Black Basta 美国等 公司、个人 阻止 Akira 勒索软件：通过 TTP 的预防和分析 Morphisec Akira 勒索软件 北美、英国和欧洲 政府、 制造、 技术、 教育、 咨询、制药和电信等领域 勒索软件综述：Abyss Locker Fortinet Abyss Locker 勒索软 件 欧洲、北美、南美和 亚洲等 / 包括 Black Basta 在内的 威胁组织正在利用近期的 ScreenConnect 漏洞 Trend Micro Black Basta 勒索组织， Bl00dy 勒索组织 / / 多阶段 RA World 勒索软件使用 反 AV 策略，利用 GPO Trend Micro RA World 勒索软件 拉丁美洲地区 多家医疗保健组织 GhostSec 联合 Stormous 团伙 对多个国家实施双重勒索攻击 Cisco Talos GhostLocker 勒索软 件，Stormous 勒索软 件",
1.0.0,actor--blackbyte,artifact--sha256:b67143c0d2703f264eed9f2c560518b03b36b341e5a39ac89b048b5d2b1016b5,observation--sha256:e6629653cc024cd917c8cab4dd0d9096e90b16f582eb4c42d950a46eecf4b5b5,file-name,Report_QAX.pdf,Report_QAX.pdf,candidate,,unknown,unknown,not-stated,,source--blackbyte--43ae5f2d8c1ec50a,actor_profile/evidence/blackbyte.csv,"{""row"": 684}",[],[],[],[],0,false,medium,TLP:CLEAR,csv-row,"summary/2025/Cybersecurity Threats 2024 Annual Report_QAX.pdf {""page"": 67} Black Basta Cyble Trinity 勒索软件 / / 攻击者在针对 MSSQL 服务器的攻 击活动中利用 PureCrypter 部署 Mallox 勒索软件 SEKOIA.IO Mallox 勒索软件 / / Phorpiex 僵尸网络正在大规模分 发 Lockbit Black 勒索软件 Proofpoint LockBit 勒索软件 / / Storm-1811 组织滥用 Quick Assist 工具部署勒索软件 Microsoft Black Basta 勒索软 件 / / Ikaruz Red Team：利用勒索软件 收获注意力而非金钱的黑客组织 SentinelOne LockBit 勒索软件 菲律宾 / ShrinkLocker：将 BitLocker 变成 勒索软件 Kaspersky / 墨西哥、印度尼西亚 和约旦等 / 勒索组织 Ransomhub 瞄准西班牙 生物能源工厂的 SCADA 系统 Cyb",
1.0.0,actor--blackbyte,artifact--sha256:71dcc5239c42c4b754f7a4c0010f244a4a4824a4a19555982da3a761f840355b,observation--sha256:0264d0715037bc84ecdc64250508cc5a672ea9f02c1a1286806c717a19b59d2a,file-name,Research-Russian_Speaking_Underground.pdf,Research-Russian_Speaking_Underground.pdf,candidate,,unknown,unknown,not-stated,,source--blackbyte--43ae5f2d8c1ec50a,actor_profile/evidence/blackbyte.csv,"{""row"": 97}",[],[],[],[],0,false,medium,TLP:CLEAR,csv-row,"cybercrime/2025/Research-Russian_Speaking_Underground.pdf {""page"": 58} Conti significant challenge for cybercriminals is infiltration of the groups by security researchers or disgruntled competitors. One of the most notable cases was “Contileaks,” where years of internal communication from the Conti Ransomware group were leaked by a security researcher.37 OPSEC also needs to account for insider threats. There have been a number of instances where members of a criminal group have disclosed intern",
1.0.0,actor--blackbyte,artifact--sha256:71dcc5239c42c4b754f7a4c0010f244a4a4824a4a19555982da3a761f840355b,observation--sha256:94851011fcd0526214744c8e84cefa115cc33df2589e92a4ca393a4dcabcdfe9,file-name,Research-Russian_Speaking_Underground.pdf,Research-Russian_Speaking_Underground.pdf,candidate,,unknown,unknown,not-stated,,source--blackbyte--43ae5f2d8c1ec50a,actor_profile/evidence/blackbyte.csv,"{""row"": 98}",[],[],[],[],0,false,medium,TLP:CLEAR,csv-row,"cybercrime/2025/Research-Russian_Speaking_Underground.pdf {""page"": 65} Conti 19, 2025, at: Link. 36 Daryna Antoniuk. (Feb. 22, 2024). The Record. ""Russia arrests three alleged SugarLocker ransomware members."" Accessed on Mar. 17, 2025, at: Link. 37 Zack Whittaker. (Feb. 28, 2022). TechCrunch. ""Conti ransomware gang's internal chats leaked online."" Accessed on Mar. 17, 2025, at: Link.",
1.0.0,actor--blackbyte,artifact--sha256:249304e8e0d8f704a642164571eeb8749b5af9761b4e34a0761e9fbb4312b755,observation--sha256:f1e0c34a9205b8343ecc2b107966e16f55647b7314360539d0f032b1f54b3705,file-name,RtCore64.sys,RtCore64.sys,candidate,,unknown,unknown,not-stated,,source--blackbyte--43ae5f2d8c1ec50a,actor_profile/evidence/blackbyte.csv,"{""row"": 677}",[],[],[],[],0,false,medium,TLP:CLEAR,csv-row,"summary/2025/Cyber Threat Intelligence Report 2025 2.pdf {""page"": 45} BlackByte Virus Sniffer, and PowerTool, alongside ALPHV ransomware employing POORTRY and STONESTOP to terminate security processes. By April, Masscan Ransomware was observed using HRSword. May marked a significant shift, with BlackByte ransomware operators loading a bespoke vulnerable driver —RtCore64.sys— during intrusions. This exemplified the broader Bring-Your-Own-Vulnerable- Driver (BYOVD) technique, a Living-Off-The-Land",
1.0.0,actor--blackbyte,artifact--sha256:0a22109143642be7937cef351ac47eee487d7db6cfa40f64e6cc7232c4b29180,observation--sha256:9627853c1cef54a8551c515b77e6c2ddfaed233128f11c843dfb856bbeb60454,file-name,Screens.pdf,Screens.pdf,candidate,,unknown,unknown,not-stated,,source--blackbyte--43ae5f2d8c1ec50a,actor_profile/evidence/blackbyte.csv,"{""row"": 108}",[],[],[],[],0,false,medium,TLP:CLEAR,csv-row,"cybercrime/Evil Corp/Evil Corp - Behind the Screens.pdf {""page"": 6} Conti ly began his involvement in cybercrime activity around 2007. h Since at least 2009, Yakubets worked with several notorious cybercriminals including Evgeniy Bogachev and Vitaliy Kovalev (involved in Dyre, Trickbot and Conti) to deploy malware. 2011-2014: The Business Club h A number of Russian-speaking cybercriminals, including Maksim Yakubets and Vitaliy Kovalev, came together to form The Business Club cybercrime group. Ya",
1.0.0,actor--blackbyte,artifact--sha256:5536cc27c0a0fa9f3265da1601833d171d3ba3185b44dbfe914d5575e6d617df,observation--sha256:4b8f2ee94ea29a747ba8e123ed84c49ce08ca1856400a1d9d376cacb7d9db517,file-name,Searching_for_Diamonds_Cross-Domain_Opportunities_in_Cyber_Threat_Intelligence.pdf,Searching_for_Diamonds_Cross-Domain_Opportunities_in_Cyber_Threat_Intelligence.pdf,candidate,,unknown,unknown,not-stated,,source--blackbyte--43ae5f2d8c1ec50a,actor_profile/evidence/blackbyte.csv,"{""row"": 5}",[],[],[],[],0,false,medium,TLP:CLEAR,csv-row,"AISecurity/CTI/Searching_for_Diamonds_Cross-Domain_Opportunities_in_Cyber_Threat_Intelligence.pdf {""page"": 29} Conti ornia, USA, February 24-27, 2019. The Internet Society, 2019. [Online]. Available: https://www.ndss-symposium.org/ndss-paper/textb ugger-generating-adversarial-text-against-real-world-applications/ [33] L. Pajola and M. Conti, ‘‘Fall of giants: How popular text-based mlaas fall against a simple evasion attack,’’ inIEEE European Symposium on Security and Privacy, EuroS&P 2021, Vien",
1.0.0,actor--blackbyte,artifact--sha256:68bc1e1905814f45b72273dd1e6f54af0138f7856673564dc069281ad8121bd3,observation--sha256:fa42ff1179f0a74c315c2e9e12bab69049e25e9ed723fc1c79ba36b1a8777d83,file-name,Secureworks_NC3_2022StateoftheThreat.pdf,Secureworks_NC3_2022StateoftheThreat.pdf,candidate,,unknown,unknown,not-stated,,source--blackbyte--43ae5f2d8c1ec50a,actor_profile/evidence/blackbyte.csv,"{""row"": 543}",[],[],[],[],0,false,medium,TLP:CLEAR,csv-row,"summary/2023/Secureworks_NC3_2022StateoftheThreat.pdf {""page"": 3} Conti Russian military build-up on the Ukrainian border and subsequent invasion raised the specter of disruptive cyberattacks that might spill beyond Ukraine’s borders, as happened with NotPetya in 2017. And in mid-April, Conti ransomware knocked offline several Costa Rican government institutions, severely disrupting their ability to effectively deliver public services. Our job is to dig beneath these headlines to understand the ",
1.0.0,actor--blackbyte,artifact--sha256:68bc1e1905814f45b72273dd1e6f54af0138f7856673564dc069281ad8121bd3,observation--sha256:90a55acc84837df5ebb2a8c65e19b670c2b4c07379887e1599c50817da59cd33,file-name,Secureworks_NC3_2022StateoftheThreat.pdf,Secureworks_NC3_2022StateoftheThreat.pdf,candidate,,unknown,unknown,not-stated,,source--blackbyte--43ae5f2d8c1ec50a,actor_profile/evidence/blackbyte.csv,"{""row"": 544}",[],[],[],[],0,false,medium,TLP:CLEAR,csv-row,"summary/2023/Secureworks_NC3_2022StateoftheThreat.pdf {""page"": 7} Conti eration OCTOBER 2021 U.S. Department of Justice (DOJ) recovers $2.3 million USD of the Colonial Pipeline ransom JUNE 2021 DarkSide group rebrands as BlackMatter following post Colonial Pipeline hiatus AUGUST 2021 Conti playbook leaks describe operating methodology of Conti afﬁliate AUGUST 2021 TrickBot abandoned MARCH 2022 REvil brieﬂy returns APRIL 2022 Kaseya ransomware attack by REvil afﬁliate JULY 2021 Conti Leaks provid",
1.0.0,actor--blackbyte,artifact--sha256:68bc1e1905814f45b72273dd1e6f54af0138f7856673564dc069281ad8121bd3,observation--sha256:c2b00527fe315a02c8bebaa50bcf27db79deab4d3d0f98ebe6e5bbb726ba7216,file-name,Secureworks_NC3_2022StateoftheThreat.pdf,Secureworks_NC3_2022StateoftheThreat.pdf,candidate,,unknown,unknown,not-stated,,source--blackbyte--43ae5f2d8c1ec50a,actor_profile/evidence/blackbyte.csv,"{""row"": 545}",[],[],[],[],0,false,medium,TLP:CLEAR,csv-row,"summary/2023/Secureworks_NC3_2022StateoftheThreat.pdf {""page"": 7} Conti covers $2.3 million USD of the Colonial Pipeline ransom JUNE 2021 DarkSide group rebrands as BlackMatter following post Colonial Pipeline hiatus AUGUST 2021 Conti playbook leaks describe operating methodology of Conti afﬁliate AUGUST 2021 TrickBot abandoned MARCH 2022 REvil brieﬂy returns APRIL 2022 Kaseya ransomware attack by REvil afﬁliate JULY 2021 Conti Leaks provide insight into inner workings of the group FEBRUARY 2022",
1.0.0,actor--blackbyte,artifact--sha256:68bc1e1905814f45b72273dd1e6f54af0138f7856673564dc069281ad8121bd3,observation--sha256:b2dc6c526361cc7a5ac82da81050a19589ba874d760422a7e78fc1862de7d932,file-name,Secureworks_NC3_2022StateoftheThreat.pdf,Secureworks_NC3_2022StateoftheThreat.pdf,candidate,,unknown,unknown,not-stated,,source--blackbyte--43ae5f2d8c1ec50a,actor_profile/evidence/blackbyte.csv,"{""row"": 546}",[],[],[],[],0,false,medium,TLP:CLEAR,csv-row,"summary/2023/Secureworks_NC3_2022StateoftheThreat.pdf {""page"": 7} Conti atus AUGUST 2021 Conti playbook leaks describe operating methodology of Conti afﬁliate AUGUST 2021 TrickBot abandoned MARCH 2022 REvil brieﬂy returns APRIL 2022 Kaseya ransomware attack by REvil afﬁliate JULY 2021 Conti Leaks provide insight into inner workings of the group FEBRUARY 2022 Conti operation shut down JUNE 2022 Law enforcement takedowns of popular underground platforms Raid Forums and Hydra Market APRIL 2022",
1.0.0,actor--blackbyte,artifact--sha256:68bc1e1905814f45b72273dd1e6f54af0138f7856673564dc069281ad8121bd3,observation--sha256:95b586d95c211ed0ae0001af63f3e3f7c0ae0e1eb51aad6a29fc78f37cc47edb,file-name,Secureworks_NC3_2022StateoftheThreat.pdf,Secureworks_NC3_2022StateoftheThreat.pdf,candidate,,unknown,unknown,not-stated,,source--blackbyte--43ae5f2d8c1ec50a,actor_profile/evidence/blackbyte.csv,"{""row"": 547}",[],[],[],[],0,false,medium,TLP:CLEAR,csv-row,"summary/2023/Secureworks_NC3_2022StateoftheThreat.pdf {""page"": 7} Conti ti afﬁliate AUGUST 2021 TrickBot abandoned MARCH 2022 REvil brieﬂy returns APRIL 2022 Kaseya ransomware attack by REvil afﬁliate JULY 2021 Conti Leaks provide insight into inner workings of the group FEBRUARY 2022 Conti operation shut down JUNE 2022 Law enforcement takedowns of popular underground platforms Raid Forums and Hydra Market APRIL 2022",
1.0.0,actor--blackbyte,artifact--sha256:506e5386671e5c955551828f3de7a1fef558397a147a31111e60430ad6008bda,observation--sha256:4fcfb0315be0c31f03fec0c2712802460bb8d3cdb7d153e80ff6763d10b92204,file-name,Security_Navigator_2026.pdf,Security_Navigator_2026.pdf,candidate,,unknown,unknown,not-stated,,source--blackbyte--43ae5f2d8c1ec50a,actor_profile/evidence/blackbyte.csv,"{""row"": 694}",[],[],[],[],0,false,medium,TLP:CLEAR,csv-row,"summary/2025/Security_Navigator_2026.pdf {""page"": 11} Royal odies from paying ransoms, and to legislate for mandatory reporting of incidents and payments[93]. ▪ 11 August 2025: The US Department of Justice announces a coordinated disruption of the ransomware group BlackSuit (Royal), involving multiple countries[94]. We report this year that cyber extortion attacks have expanded to nearly every region and every size of business. Small and medium enterprises have become more impacted than large",
1.0.0,actor--blackbyte,artifact--sha256:506e5386671e5c955551828f3de7a1fef558397a147a31111e60430ad6008bda,observation--sha256:674be6583ac2bd2f9f15de6e65bfef520d7ac904e924c32b70b1349d351673d7,file-name,Security_Navigator_2026.pdf,Security_Navigator_2026.pdf,candidate,,unknown,unknown,not-stated,,source--blackbyte--43ae5f2d8c1ec50a,actor_profile/evidence/blackbyte.csv,"{""row"": 695}",[],[],[],[],0,false,medium,TLP:CLEAR,csv-row,"summary/2025/Security_Navigator_2026.pdf {""page"": 2} quantum so creates fresh risks, making the security and reliability of AI itself a strategic priority. Defensive AI must be auditable, secure, controllable, and trustworthy. Beyond AI, another major shift is already emerging; quantum computing. This technology has the potential to transform encryption and data protection, but it may also render current cryptographic standards insufficient. Just as AI has required us to rethink our strategies, ",
1.0.0,actor--blackbyte,artifact--sha256:506e5386671e5c955551828f3de7a1fef558397a147a31111e60430ad6008bda,observation--sha256:f2ede7511b32974ca594a61cfb17eec4e87f9a36f30e83d88699d87a1dcd44a1,file-name,Security_Navigator_2026.pdf,Security_Navigator_2026.pdf,candidate,,unknown,unknown,not-stated,,source--blackbyte--43ae5f2d8c1ec50a,actor_profile/evidence/blackbyte.csv,"{""row"": 696}",[],[],[],[],0,false,medium,TLP:CLEAR,csv-row,"summary/2025/Security_Navigator_2026.pdf {""page"": 2} quantum um computing. This technology has the potential to transform encryption and data protection, but it may also render current cryptographic standards insufficient. Just as AI has required us to rethink our strategies, quantum computing will challenge the foundations of digital trust and demand greater foresight and adaptability. In this context of rapid and complex change, we are grateful for the trust our clients place in us to help pro",
1.0.0,actor--blackbyte,artifact--sha256:506e5386671e5c955551828f3de7a1fef558397a147a31111e60430ad6008bda,observation--sha256:16b0863249ff117fbb67fbd98d4a7ec8e9af0cee00330554c00fdfdbb65935eb,file-name,Security_Navigator_2026.pdf,Security_Navigator_2026.pdf,candidate,,unknown,unknown,not-stated,,source--blackbyte--43ae5f2d8c1ec50a,actor_profile/evidence/blackbyte.csv,"{""row"": 697}",[],[],[],[],0,false,medium,TLP:CLEAR,csv-row,"summary/2025/Security_Navigator_2026.pdf {""page"": 3} Quantum ...................................69 TIBER-EU in Practice: Learnings From 16 Months of DORA Assessments ..............................77 Electric Vehicle Charging Stations as OT-IT Convergence Points .........79 Post-Quantum Migration .........................................................................81 Security Predictions .................................................................................84 Endnote: What have we ",
1.0.0,actor--blackbyte,artifact--sha256:506e5386671e5c955551828f3de7a1fef558397a147a31111e60430ad6008bda,observation--sha256:82c59ba617f07f0558426ad3ebe22b71448653f9bbaf5f8678920d43f3610baf,file-name,Security_Navigator_2026.pdf,Security_Navigator_2026.pdf,candidate,,unknown,unknown,not-stated,,source--blackbyte--43ae5f2d8c1ec50a,actor_profile/evidence/blackbyte.csv,"{""row"": 698}",[],[],[],[],0,false,medium,TLP:CLEAR,csv-row,"summary/2025/Security_Navigator_2026.pdf {""page"": 6} Black Basta disinformation[25]. OpenAI has documented more than twenty campaigns over the past year that misused ChatGPT for such malicious purposes[26]. Cyber extortion groups have also integrated AI into their operations. The Black Basta collective reportedly used ChatGPT to rewrite malicious code, craft emails in multiple languages, and test malware performance[27]. Meanwhile, researchers at New York University have shown that large languag",
1.0.0,actor--blackbyte,artifact--sha256:95598ae870b503dc765f6493cec97bf32b4e575c0ff4f71d1f063d72ca5abe2f,observation--sha256:831667b55fd7af41c2ebf362f9d74466ac80f6cc2c48b67cedece3c8f727f5ee,file-name,Spreads.pdf,Spreads.pdf,candidate,,unknown,unknown,not-stated,,source--blackbyte--43ae5f2d8c1ec50a,actor_profile/evidence/blackbyte.csv,"{""row"": 610}",[],[],[],[],0,false,medium,TLP:CLEAR,csv-row,"summary/2024/Norma+Cyber+Annual+Threat+Assessment+-+Spreads.pdf {""page"": 18} Royal istics LLC (UAE) monti - Magsaysay Maritime (Philiphines) Noescape - RS Logistics (Hong Kong) Qilin - Better Systems (Thailand) Ransom Cartel - DNV - Shipmanager (Norway) Ransomware Blog - Kaff Logistics Ltd. (Hungary) Royal - Livingston International (Canada) Snatch - Maldives Ports Limited (Maldives) Stormous - Furuno Spain S.A. (Spain) Vicesociety - Neptune Lines (Greece) Vicesociety - SubDrill Supply Ltd (UK) ",
1.0.0,actor--blackbyte,artifact--sha256:95598ae870b503dc765f6493cec97bf32b4e575c0ff4f71d1f063d72ca5abe2f,observation--sha256:18873291c732b40494e916a478cc16890d694475dd4dee6fe0a4570ebd5bfda4,file-name,Spreads.pdf,Spreads.pdf,candidate,,unknown,unknown,not-stated,,source--blackbyte--43ae5f2d8c1ec50a,actor_profile/evidence/blackbyte.csv,"{""row"": 611}",[],[],[],[],0,false,medium,TLP:CLEAR,csv-row,"summary/2024/Norma+Cyber+Annual+Threat+Assessment+-+Spreads.pdf {""page"": 18} Royal ogistics (Germany) SBM Offshore (Netherlands) Schneider Electric (France) Play Abeko (Netherlands) Borderlon Marine (USA) Centek Industries (USA) Continental Shipping Line (Singapore) CS Cargo Group (Czech Republic) Royal Dirkzwager (Netherlands) Sea Force IX (USA) Terntank (Sweden) UECC (Norway)",
1.0.0,actor--blackbyte,artifact--sha256:8996cf61021aa5a7b0ff7fa1e2c7422a25002127b8f3e4524904f302a57a1a85,observation--sha256:8e83218c79464dde86abd213114257661faba4995787c8c648c30282c92d603b,file-name,Symantec_Ransomware_Threat_Landscape_2024.pdf,Symantec_Ransomware_Threat_Landscape_2024.pdf,candidate,,unknown,unknown,not-stated,,source--blackbyte--43ae5f2d8c1ec50a,actor_profile/evidence/blackbyte.csv,"{""row"": 617}",[],[],[],[],0,false,medium,TLP:CLEAR,csv-row,"summary/2024/Symantec_Ransomware_Threat_Landscape_2024.pdf {""page"": 11} Conti of the most frequently seen ransomware families in 2023. In February 2023, it was announced that Syrphid had developed a new encryptor, dubbed LockBit Green, which was largely based on the leaked source code for the Conti ransomware. A developer who was able to infiltrate LockBit’s internal communication channels also published their findings in early 2023, stating that LockBit’s increased professionalism coupled with ",
1.0.0,actor--blackbyte,artifact--sha256:8996cf61021aa5a7b0ff7fa1e2c7422a25002127b8f3e4524904f302a57a1a85,observation--sha256:c5aaabdb67def3d1a963a910e1881113417045f26e2f978e6c3ba715f30c9ce4,file-name,Symantec_Ransomware_Threat_Landscape_2024.pdf,Symantec_Ransomware_Threat_Landscape_2024.pdf,candidate,,unknown,unknown,not-stated,,source--blackbyte--43ae5f2d8c1ec50a,actor_profile/evidence/blackbyte.csv,"{""row"": 618}",[],[],[],[],0,false,medium,TLP:CLEAR,csv-row,"summary/2024/Symantec_Ransomware_Threat_Landscape_2024.pdf {""page"": 15} Black Basta The 2024 Ransomware Threat Landscape | WHITE PAPER | 15 Cardinal • Ransomware Families: Black Basta (Ransom.Basta) • Active Since: 2022 • Ransomware-as-a-Service: No Cardinal is the operator of the Black Basta ransomware, which first appeared in April 2022. The group made an immediate impact with a high volume of at",
1.0.0,actor--blackbyte,artifact--sha256:8996cf61021aa5a7b0ff7fa1e2c7422a25002127b8f3e4524904f302a57a1a85,observation--sha256:02f1f4c590209c320d30c9aaf834ba13c58043c4001e371cfb577e1d52ad8837,file-name,Symantec_Ransomware_Threat_Landscape_2024.pdf,Symantec_Ransomware_Threat_Landscape_2024.pdf,candidate,,unknown,unknown,not-stated,,source--blackbyte--43ae5f2d8c1ec50a,actor_profile/evidence/blackbyte.csv,"{""row"": 619}",[],[],[],[],0,false,medium,TLP:CLEAR,csv-row,"summary/2024/Symantec_Ransomware_Threat_Landscape_2024.pdf {""page"": 2} Hecamede WHITE PAPER Introduction Ransomware Tools Tactics, Techniques, and Procedures (TTPs) Ransomware Actors and Case Studies Coreid Syrphid Balloonfly Cardinal Pygmachus Darter Hecamede Snakefly Hornworm Shorebug Sirex Cimbex Blacktail Pollen Conclusion Protection Mitigation Introduction Ransomware continues to be one of the most lucrative forms of cyber crime and, as such, remains a critical threat f",
1.0.0,actor--blackbyte,artifact--sha256:8996cf61021aa5a7b0ff7fa1e2c7422a25002127b8f3e4524904f302a57a1a85,observation--sha256:ef3b5eb0289497934e665c62848f2c77653f7379ebdc2a5292f89d8e71af5a30,file-name,Symantec_Ransomware_Threat_Landscape_2024.pdf,Symantec_Ransomware_Threat_Landscape_2024.pdf,candidate,,unknown,unknown,not-stated,,source--blackbyte--43ae5f2d8c1ec50a,actor_profile/evidence/blackbyte.csv,"{""row"": 620}",[],[],[],[],0,false,medium,TLP:CLEAR,csv-row,"summary/2024/Symantec_Ransomware_Threat_Landscape_2024.pdf {""page"": 3} Black Basta ks experienced their usual summer lull in the months of June, July, and August of 2023, they surged in September and again in October, with attacks nearly double what they were in October 2022. While attacks involving Black Basta, the ransomware family most associated with Qakbot, stopped after June, attacks involving other ransomware families increased. Based on available evidence, it would appear that the vector",
1.0.0,actor--blackbyte,artifact--sha256:8996cf61021aa5a7b0ff7fa1e2c7422a25002127b8f3e4524904f302a57a1a85,observation--sha256:ebb56a3f885005d28676d4b186e76ecc4f3efcbc5f8318c2bc1cb25f7f673832,file-name,Symantec_Ransomware_Threat_Landscape_2024.pdf,Symantec_Ransomware_Threat_Landscape_2024.pdf,candidate,,unknown,unknown,not-stated,,source--blackbyte--43ae5f2d8c1ec50a,actor_profile/evidence/blackbyte.csv,"{""row"": 621}",[],[],[],[],0,false,medium,TLP:CLEAR,csv-row,"summary/2024/Symantec_Ransomware_Threat_Landscape_2024.pdf {""page"": 4} Royal for the largest RaaS operations. Play, which first emerged in 2022, accounted for the next largest number of confirmed attacks, which is notable because the group was not running a RaaS operation until November 2023. Royal and Akira are also relatively new threats, with Akira in particular appearing in a large number of attacks in recent months. It should be noted that these figures are only a representative sample of a",
1.0.0,actor--blackbyte,artifact--sha256:68284fdf0e198dea0aeabba30be30dbf9988d3453b2f271d38569ae99645fd86,observation--sha256:a1975f59aaa008bbb78cf2912fd7616d3f63129e17758c5be5c11ed8cf856d17,file-name,Threat_Group_Cards_v2.0.pdf,Threat_Group_Cards_v2.0.pdf,candidate,,unknown,unknown,not-stated,,source--blackbyte--43ae5f2d8c1ec50a,actor_profile/evidence/blackbyte.csv,"{""row"": 73}",[],[],[],[],0,false,medium,TLP:CLEAR,csv-row,"Threat_Group_Cards_v2.0.pdf {""page"": 112} quantum aign is “an operation funded by China”. <https://www.phnompenhpost.com/national/kingdom-targeted-new- malware> Information <https://www.fireeye.com/content/dam/fireeye-www/global/en/current- threats/pdfs/wp-operation-quantum-entanglement.pdf> MITRE ATT&CK <https://attack.mitre.org/groups/G0017/>",
1.0.0,actor--blackbyte,artifact--sha256:68284fdf0e198dea0aeabba30be30dbf9988d3453b2f271d38569ae99645fd86,observation--sha256:71552202b6b610c3978b794fa2f3884ceb1d5ac56d82a929328cbaf999cf9092,file-name,Threat_Group_Cards_v2.0.pdf,Threat_Group_Cards_v2.0.pdf,candidate,,unknown,unknown,not-stated,,source--blackbyte--43ae5f2d8c1ec50a,actor_profile/evidence/blackbyte.csv,"{""row"": 74}",[],[],[],[],0,false,medium,TLP:CLEAR,csv-row,"Threat_Group_Cards_v2.0.pdf {""page"": 167} Royal rum”, due to the merger of features in the documented backdoor families “Ketrican” and “Okrum”. <https://www.intezer.com/blog/research/the-evolution-of-apt15s- codebase-2020/> Information <https://github.com/nccgroup/Royal_APT> MITRE ATT&CK <https://attack.mitre.org/groups/G0004/>",
1.0.0,actor--blackbyte,artifact--sha256:68284fdf0e198dea0aeabba30be30dbf9988d3453b2f271d38569ae99645fd86,observation--sha256:786d7c4babb0ee12783f774beb68c2a3339e44dedd1ba7ec09a394a1cd21e100,file-name,Threat_Group_Cards_v2.0.pdf,Threat_Group_Cards_v2.0.pdf,candidate,,unknown,unknown,not-stated,,source--blackbyte--43ae5f2d8c1ec50a,actor_profile/evidence/blackbyte.csv,"{""row"": 75}",[],[],[],[],0,false,medium,TLP:CLEAR,csv-row,"Threat_Group_Cards_v2.0.pdf {""page"": 200} quantum tries with national interests in the South China Sea.” Tools used Htran, Mongall, NewCT2, Nflog and Poison Ivy. Information <https://www.fireeye.com/content/dam/fireeye-www/global/en/current- threats/pdfs/wp-operation-quantum-entanglement.pdf> MITRE ATT&CK <https://attack.mitre.org/groups/G0002/>",
1.0.0,actor--blackbyte,artifact--sha256:87e0a0cf21dd8ee523901f8a1b302526309d64ae34d39cbd2cf9d60f50c1c0a7,observation--sha256:e7e8a5ddb47e1b90adc5f4e5ff2cb8418caed4947cde47ea3a9eae1f158a1c07,file-name,UK_NCC_Group_Cyber_Threat_Intelligence_Report_September_2025_.pdf,UK_NCC_Group_Cyber_Threat_Intelligence_Report_September_2025_.pdf,candidate,,unknown,unknown,not-stated,,source--blackbyte--43ae5f2d8c1ec50a,actor_profile/evidence/blackbyte.csv,"{""row"": 699}",[],[],[],[],0,false,medium,TLP:CLEAR,csv-row,"summary/2025/UK_NCC_Group_Cyber_Threat_Intelligence_Report_September_2025_.pdf {""page"": 6} Conti ntinues to fragment with the emergence of several new groups such as Interlock, Gunra, The Gentlemen and Coinbase Cartel. Some of these appear to be rebrands or splinters from existing collectives such as BlackLock, Conti, and Babuk.11,12 New groups continue to suggest a maturing underground economy where smaller actors leverage shared infrastructure and leaked builder kits to establish their presenc",
1.0.0,actor--blackbyte,artifact--sha256:cde20eb99ecbb0cc47bdc55c80969c7396cb3f3d93cc24da74dc17e7b203f08c,observation--sha256:ef2a3dc227f774f8a772b0118319b3581a1998d1fb671f1a4cb4eab9392e701f,file-name,US24-Manatova-Relationships-Matter-Reconstructing-The-Organizational-Wednesday.pdf,US24-Manatova-Relationships-Matter-Reconstructing-The-Organizational-Wednesday.pdf,candidate,,unknown,unknown,not-stated,,source--blackbyte--43ae5f2d8c1ec50a,actor_profile/evidence/blackbyte.csv,"{""row"": 88}",[],[],[],[],0,false,medium,TLP:CLEAR,csv-row,"cybercrime/2024/US24-Manatova-Relationships-Matter-Reconstructing-The-Organizational-Wednesday.pdf {""page"": 17} Conti #BHUSA @BlackHatEvents State-supporting (do not confuse with state-supported) State-aligned Conti Gang statement dated February 25, 2022, in which the group allies itself with the Russian government (Source: Conti.News) Threat analysis includes culture and context",
1.0.0,actor--blackbyte,artifact--sha256:cde20eb99ecbb0cc47bdc55c80969c7396cb3f3d93cc24da74dc17e7b203f08c,observation--sha256:e2276dfb7f867f551025bef8f6e0936539de9f92d49ef6f5e95b0790d0178d80,file-name,US24-Manatova-Relationships-Matter-Reconstructing-The-Organizational-Wednesday.pdf,US24-Manatova-Relationships-Matter-Reconstructing-The-Organizational-Wednesday.pdf,candidate,,unknown,unknown,not-stated,,source--blackbyte--43ae5f2d8c1ec50a,actor_profile/evidence/blackbyte.csv,"{""row"": 89}",[],[],[],[],0,false,medium,TLP:CLEAR,csv-row,"cybercrime/2024/US24-Manatova-Relationships-Matter-Reconstructing-The-Organizational-Wednesday.pdf {""page"": 25} Conti artnership together facilitate resilience Lusthaus, J., van Oss, J., & Amann, P. (2023). The Gozi group: A criminal firm in cyberspace?European Journal of Criminology,20(5), 1701-1718. Shmuel Gihon, “To Be CONTInued? Conti Ransomware Heavy Leaks”, Cyberint",
1.0.0,actor--blackbyte,artifact--sha256:cde20eb99ecbb0cc47bdc55c80969c7396cb3f3d93cc24da74dc17e7b203f08c,observation--sha256:2e50fb0facf4f64b515ec4c891b42ca1c4f3f3556fbd27b562aeb9133d66737e,file-name,US24-Manatova-Relationships-Matter-Reconstructing-The-Organizational-Wednesday.pdf,US24-Manatova-Relationships-Matter-Reconstructing-The-Organizational-Wednesday.pdf,candidate,,unknown,unknown,not-stated,,source--blackbyte--43ae5f2d8c1ec50a,actor_profile/evidence/blackbyte.csv,"{""row"": 90}",[],[],[],[],0,false,medium,TLP:CLEAR,csv-row,"cybercrime/2024/US24-Manatova-Relationships-Matter-Reconstructing-The-Organizational-Wednesday.pdf {""page"": 27} Conti #BHUSA @BlackHatEvents Conti has proven a resilientthreat under different names 2014 2015 Dyre banking Trojan 2018 Ryuk ransomware operations Trickbot ~ Dyre exhibited code similarities, shared developers 2020 Ryuk went offline Ryuk 2.0 = Conti",
1.0.0,actor--blackbyte,artifact--sha256:cde20eb99ecbb0cc47bdc55c80969c7396cb3f3d93cc24da74dc17e7b203f08c,observation--sha256:40bd6c317f590550c56f873fd815a8ef29c4b4800acf593c50822c4e7ce731fd,file-name,US24-Manatova-Relationships-Matter-Reconstructing-The-Organizational-Wednesday.pdf,US24-Manatova-Relationships-Matter-Reconstructing-The-Organizational-Wednesday.pdf,candidate,,unknown,unknown,not-stated,,source--blackbyte--43ae5f2d8c1ec50a,actor_profile/evidence/blackbyte.csv,"{""row"": 91}",[],[],[],[],0,false,medium,TLP:CLEAR,csv-row,"cybercrime/2024/US24-Manatova-Relationships-Matter-Reconstructing-The-Organizational-Wednesday.pdf {""page"": 27} Conti Conti has proven a resilientthreat under different names 2014 2015 Dyre banking Trojan 2018 Ryuk ransomware operations Trickbot ~ Dyre exhibited code similarities, shared developers 2020 Ryuk went offline Ryuk 2.0 = Conti (?) Conti Feb 25 2022 Conti declared support of Russia Data Leak 2023 2024 Zeon, BlackSuit, BlacBastaKarakurt",
1.0.0,actor--blackbyte,artifact--sha256:c227714755bae443ef7f859677e067c1945026b49078bb9a7f9d01dff5a7377b,observation--sha256:a37c4d611fe63f5fdb52c8d24d275c95675d8b40551dc68e3c4a3e7aa570b77b,file-name,Virtual-Routes-Pharos-Report-Series-No.-3.pdf,Virtual-Routes-Pharos-Report-Series-No.-3.pdf,candidate,,unknown,unknown,not-stated,,source--blackbyte--43ae5f2d8c1ec50a,actor_profile/evidence/blackbyte.csv,"{""row"": 100}",[],[],[],[],0,false,medium,TLP:CLEAR,csv-row,"cybercrime/2025/Virtual-Routes-Pharos-Report-Series-No.-3.pdf {""page"": 12} Conti k Russian intelligence officer to Evil Corp cybercrime empire,’ Record, October 1, 2024, https://therecord.media/evil-corp-cybercrime-eduard-benderskiy-russian-intelligence. 15 Matt Burges, ‘Leaked Ransomware Docs Show Conti Helping Putin from the Shadows,’ Wired, March 18, 2022, https://www.wired.com/story/conti- ransomware-russia/ 16 APT is short for ‘advanced persistent threat’ 17 Andy Greenberg, Sandworm: A New ",
1.0.0,actor--blackbyte,artifact--sha256:c227714755bae443ef7f859677e067c1945026b49078bb9a7f9d01dff5a7377b,observation--sha256:7da0e95a24983d7c65881b8ec04acb661fc64b6fdc19b1cacb91367f391886a3,file-name,Virtual-Routes-Pharos-Report-Series-No.-3.pdf,Virtual-Routes-Pharos-Report-Series-No.-3.pdf,candidate,,unknown,unknown,not-stated,,source--blackbyte--43ae5f2d8c1ec50a,actor_profile/evidence/blackbyte.csv,"{""row"": 101}",[],[],[],[],0,false,medium,TLP:CLEAR,csv-row,"cybercrime/2025/Virtual-Routes-Pharos-Report-Series-No.-3.pdf {""page"": 12} conti https://therecord.media/evil-corp-cybercrime-eduard-benderskiy-russian-intelligence. 15 Matt Burges, ‘Leaked Ransomware Docs Show Conti Helping Putin from the Shadows,’ Wired, March 18, 2022, https://www.wired.com/story/conti- ransomware-russia/ 16 APT is short for ‘advanced persistent threat’ 17 Andy Greenberg, Sandworm: A New Era of Cyberwar and the Hunt for the Kremlin’s Most Dangerous Hackers (Doubleday, 2019). ",
1.0.0,actor--blackbyte,artifact--sha256:c227714755bae443ef7f859677e067c1945026b49078bb9a7f9d01dff5a7377b,observation--sha256:a909a587da3e08ef4b8085274364b9bb8ed507d91eeee48c57c2089c621d0a6a,file-name,Virtual-Routes-Pharos-Report-Series-No.-3.pdf,Virtual-Routes-Pharos-Report-Series-No.-3.pdf,candidate,,unknown,unknown,not-stated,,source--blackbyte--43ae5f2d8c1ec50a,actor_profile/evidence/blackbyte.csv,"{""row"": 102}",[],[],[],[],0,false,medium,TLP:CLEAR,csv-row,"cybercrime/2025/Virtual-Routes-Pharos-Report-Series-No.-3.pdf {""page"": 5} Royal es Are Hijacking Cybercrime Pharos Series: Report No. 304 Max Smeets Max Smeets is the Co-Director of Virtual Routes and serves as Managing Editor of Binding Hook. He also holds research positions at ETH Zurich, the Royal United Services Institute (RUSI), and Stanford University’s Center for International Security and Cooperation. Max is the author of Ransom War: How Cyber Crime Became a Threat to National Security a",
1.0.0,actor--blackbyte,artifact--sha256:c227714755bae443ef7f859677e067c1945026b49078bb9a7f9d01dff5a7377b,observation--sha256:359bf2b736bf59e41c2a7213dec9c44ad6e1db572bab52fda59de7211f285fd0,file-name,Virtual-Routes-Pharos-Report-Series-No.-3.pdf,Virtual-Routes-Pharos-Report-Series-No.-3.pdf,candidate,,unknown,unknown,not-stated,,source--blackbyte--43ae5f2d8c1ec50a,actor_profile/evidence/blackbyte.csv,"{""row"": 103}",[],[],[],[],0,false,medium,TLP:CLEAR,csv-row,"cybercrime/2025/Virtual-Routes-Pharos-Report-Series-No.-3.pdf {""page"": 9} Conti he systemic risks in digital supply chains.1 Similarly, ransomware operations have targeted critical infrastructure, such as the 2021 Colonial Pipeline attack, which caused fuel shortages across the United States, and Conti group’s attack on the Costa Rican government, which crippled the country’s infrastructure and financial systems.2 These ransomware attacks are not merely disruptive to organisations; they increasi",
1.0.0,actor--blackbyte,artifact--sha256:c227714755bae443ef7f859677e067c1945026b49078bb9a7f9d01dff5a7377b,observation--sha256:6d51bf4365a2c5d215b00dbf977415a1c4185e425c5fff7bc5a72807ebf86e48,file-name,Virtual-Routes-Pharos-Report-Series-No.-3.pdf,Virtual-Routes-Pharos-Report-Series-No.-3.pdf,candidate,,unknown,unknown,not-stated,,source--blackbyte--43ae5f2d8c1ec50a,actor_profile/evidence/blackbyte.csv,"{""row"": 99}",[],[],[],[],0,false,medium,TLP:CLEAR,csv-row,"cybercrime/2025/Virtual-Routes-Pharos-Report-Series-No.-3.pdf {""page"": 12} Conti al Security Service.13 Yakubets’ ties to the state were reportedly strengthened through his father-in-law, Eduard Bendersky, a former member of the elite Vympel unit of the FSB.14 Leaked internal communications of the Conti ransomware group revealed that they received specific targeting requests from the FSB. One such instance involved a proposal to target Bellingcat, the investigative organization that was probing ",
1.0.0,actor--blackbyte,artifact--sha256:81d42bff62e11edf270637d4e46a310c809bb1766bfcc44669f2a3b28faf7d52,observation--sha256:82b560f57065158b7b196d9feff2a0cddda32faa60dd521914e7d44b23125f8b,file-name,VirusTotal.pdf,VirusTotal.pdf,candidate,,unknown,unknown,not-stated,,source--blackbyte--43ae5f2d8c1ec50a,actor_profile/evidence/blackbyte.csv,"{""row"": 11}",[],[],[],[],0,false,medium,TLP:CLEAR,csv-row,"APT-hunting/Threat Hunting with VirusTotal.pdf {""page"": 7} Conti eport on BlueNoroff ● Network activity ● Filesystem operations ● Processes execution ● Combination of other side behaviours not directly related to the malicious activity ● Explore hidden cases - Google TAG report on Conti",
1.0.0,actor--blackbyte,artifact--sha256:b88b095b9202b78e0d93514775860e3a999d4260ec54c235127a2d97c2e32d9c,observation--sha256:05f92b378c379b6c62012389784afa49e4383b17331ba6ff9aaca404233db90c,file-name,WEF_Global_Cybersecurity_Outlook_2022.pdf,WEF_Global_Cybersecurity_Outlook_2022.pdf,candidate,,unknown,unknown,not-stated,,source--blackbyte--43ae5f2d8c1ec50a,actor_profile/evidence/blackbyte.csv,"{""row"": 470}",[],[],[],[],0,false,medium,TLP:CLEAR,csv-row,"summary/2022/WEF_Global_Cybersecurity_Outlook_2022.pdf {""page"": 29} Quantum s impossible to know for sure until the breakthroughs occur, especially when trying to predict a couple of years or a decade into the future.37 One of the most pressing risks in the longer term is quantum computing. Quantum computing could crumble the current encryption on which most enterprises, digital infrastructures and economies rely. This is a critical risk that could introduce more harm than benefits if the risks ",
1.0.0,actor--blackbyte,artifact--sha256:b88b095b9202b78e0d93514775860e3a999d4260ec54c235127a2d97c2e32d9c,observation--sha256:449e44263d9185992ec9c64d0b1181f70b6e468416cfb91d6305374acf68c43a,file-name,WEF_Global_Cybersecurity_Outlook_2022.pdf,WEF_Global_Cybersecurity_Outlook_2022.pdf,candidate,,unknown,unknown,not-stated,,source--blackbyte--43ae5f2d8c1ec50a,actor_profile/evidence/blackbyte.csv,"{""row"": 471}",[],[],[],[],0,false,medium,TLP:CLEAR,csv-row,"summary/2022/WEF_Global_Cybersecurity_Outlook_2022.pdf {""page"": 29} quantum Conclusion As digitalization continues to proliferate and new technologies are introduced cyber risk will inevitably grow. Frontier technologies like AI, robotics, quantum computing, the ever-evolving adoption of the internet of things (IoTs), cloud computing, blockchain and remote working/distance learning models represent the future of our digital world. The potential cyber risks a",
1.0.0,actor--blackbyte,artifact--sha256:b88b095b9202b78e0d93514775860e3a999d4260ec54c235127a2d97c2e32d9c,observation--sha256:99c81824d514e2f57506743d319d3c607589e3d834678a1424472a270fde4106,file-name,WEF_Global_Cybersecurity_Outlook_2022.pdf,WEF_Global_Cybersecurity_Outlook_2022.pdf,candidate,,unknown,unknown,not-stated,,source--blackbyte--43ae5f2d8c1ec50a,actor_profile/evidence/blackbyte.csv,"{""row"": 472}",[],[],[],[],0,false,medium,TLP:CLEAR,csv-row,"summary/2022/WEF_Global_Cybersecurity_Outlook_2022.pdf {""page"": 29} quantum up being hard. It’s impossible to know for sure until the breakthroughs occur, especially when trying to predict a couple of years or a decade into the future.37 One of the most pressing risks in the longer term is quantum computing. Quantum computing could crumble the current encryption on which most enterprises, digital infrastructures and economies rely. This is a critical risk that could introduce more harm than bene",
1.0.0,actor--blackbyte,artifact--sha256:aff688104ea5faf225bf1daae37f4166aa5bf9bc606ca547e9a1d83f21e84a3a,observation--sha256:d9b129f6ef7ff7ecf2487664236e8897a6870b8c223dc2b1e6a0a74b4bc2c870,file-name,WEF_Global_Cybersecurity_Outlook_2024.pdf,WEF_Global_Cybersecurity_Outlook_2024.pdf,candidate,,unknown,unknown,not-stated,,source--blackbyte--43ae5f2d8c1ec50a,actor_profile/evidence/blackbyte.csv,"{""row"": 622}",[],[],[],[],0,false,medium,TLP:CLEAR,csv-row,"summary/2024/WEF_Global_Cybersecurity_Outlook_2024.pdf {""page"": 14} Quantum enerative AI, it is still on the minds of respondents as a matter to be addressed. In one way, quantum is making its way back to the forefront; in November 2023, the United States was working to instate the National Quantum Initiative Reauthorization Act.17 In the 2022 Global Cybersecurity Outlook,18 approximately half of leaders said that automation and machine learning would have the greatest influence on cybersecurity",
1.0.0,actor--blackbyte,artifact--sha256:aff688104ea5faf225bf1daae37f4166aa5bf9bc606ca547e9a1d83f21e84a3a,observation--sha256:260f7ada1f5600837c9717c5c574f597a46b29955a1b2c63573f5385995a4803,file-name,WEF_Global_Cybersecurity_Outlook_2024.pdf,WEF_Global_Cybersecurity_Outlook_2024.pdf,candidate,,unknown,unknown,not-stated,,source--blackbyte--43ae5f2d8c1ec50a,actor_profile/evidence/blackbyte.csv,"{""row"": 623}",[],[],[],[],0,false,medium,TLP:CLEAR,csv-row,"summary/2024/WEF_Global_Cybersecurity_Outlook_2024.pdf {""page"": 14} quantum are paying attention and reacting quickly to mitigate the risks of adopting emerging technology. The meteoric rise of large language models (LLMs) and generative AI over the past 12 months is a key example. Although quantum technologies may be temporary eclipsed by the zeal surrounding generative AI, it is still on the minds of respondents as a matter to be addressed. In one way, quantum is making its way back to the for",
1.0.0,actor--blackbyte,artifact--sha256:aff688104ea5faf225bf1daae37f4166aa5bf9bc606ca547e9a1d83f21e84a3a,observation--sha256:0cf8815a8e373728ab807f44b8a0137cac806e07e746c39e45fff4471d77af93,file-name,WEF_Global_Cybersecurity_Outlook_2024.pdf,WEF_Global_Cybersecurity_Outlook_2024.pdf,candidate,,unknown,unknown,not-stated,,source--blackbyte--43ae5f2d8c1ec50a,actor_profile/evidence/blackbyte.csv,"{""row"": 624}",[],[],[],[],0,false,medium,TLP:CLEAR,csv-row,"summary/2024/WEF_Global_Cybersecurity_Outlook_2024.pdf {""page"": 14} quantum r the past 12 months is a key example. Although quantum technologies may be temporary eclipsed by the zeal surrounding generative AI, it is still on the minds of respondents as a matter to be addressed. In one way, quantum is making its way back to the forefront; in November 2023, the United States was working to instate the National Quantum Initiative Reauthorization Act.17 In the 2022 Global Cybersecurity Outlook,18 ap",
1.0.0,actor--blackbyte,artifact--sha256:aff688104ea5faf225bf1daae37f4166aa5bf9bc606ca547e9a1d83f21e84a3a,observation--sha256:e9144655ed3786b520742bef9d2d3a9a556bd16b4d85061a6c8c5c3e6f885c6a,file-name,WEF_Global_Cybersecurity_Outlook_2024.pdf,WEF_Global_Cybersecurity_Outlook_2024.pdf,candidate,2023-11-01T00:00:00Z,month,known,same-record,,source--blackbyte--43ae5f2d8c1ec50a,actor_profile/evidence/blackbyte.csv,"{""row"": 625}",[],[],[],[],0,false,medium,TLP:CLEAR,csv-row,"summary/2024/WEF_Global_Cybersecurity_Outlook_2024.pdf {""page"": 38} Quantum e Report”, August 2023: https://www.fortinet.com/content/dam/fortinet/assets/threat- reports/threat-report-1h-2023.pdf. 17. United States House Committee on Science, Space and Technology, “Support Grows for the National Quantum Initiative Reauthorization Act”, 13 November 2023: https://science.house.gov/2023/11/support-grows-for-the-national-quantum- initiative-reauthorization-act. 18. World Economic Forum, “Global Cyber",
1.0.0,actor--blackbyte,artifact--sha256:aff688104ea5faf225bf1daae37f4166aa5bf9bc606ca547e9a1d83f21e84a3a,observation--sha256:9af32a5095ce85e6f4268b695414d959fa9eef70aac21a44fa91c20f992b9dac,file-name,WEF_Global_Cybersecurity_Outlook_2024.pdf,WEF_Global_Cybersecurity_Outlook_2024.pdf,candidate,2023-11-01T00:00:00Z,month,known,same-record,,source--blackbyte--43ae5f2d8c1ec50a,actor_profile/evidence/blackbyte.csv,"{""row"": 626}",[],[],[],[],0,false,medium,TLP:CLEAR,csv-row,"summary/2024/WEF_Global_Cybersecurity_Outlook_2024.pdf {""page"": 38} quantum nited States House Committee on Science, Space and Technology, “Support Grows for the National Quantum Initiative Reauthorization Act”, 13 November 2023: https://science.house.gov/2023/11/support-grows-for-the-national-quantum- initiative-reauthorization-act. 18. World Economic Forum, “Global Cybersecurity Outlook 2022”, January 2022: https://www3.weforum.org/docs/WEF_ Global_Cybersecurity_Outlook_2022.pdf. 19. Economic ",
1.0.0,actor--blackbyte,artifact--sha256:2f9769a7254a9623a41d889c14acb871272e8e156d71ef4564a0a721afa1ba68,observation--sha256:302df58ef6dc3a12fda46be74a1248ea84e56fa20055f3ec785ffc116ce00f0c,file-name,War.pdf,War.pdf,candidate,,unknown,unknown,not-stated,,source--blackbyte--43ae5f2d8c1ec50a,actor_profile/evidence/blackbyte.csv,"{""row"": 469}",[],[],[],[],0,false,medium,TLP:CLEAR,csv-row,"summary/2022/Microsoft_Defending Ukraine_Early Lessons from the Cyber War.pdf {""page"": 7} Royal more advanced fighters, and the use of radar. The radar waves were invisible to the naked eye, and their widespread use was unknown to the public during the battle itself. But radar was indispensable in enabling the Royal Air Force to detect the oncoming bombers and direct fighters to combat them. While bombers succeeded in dropping bombs on England, they failed strategically in establishing the air s",
1.0.0,actor--blackbyte,artifact--sha256:93927c4e77aefea8f91da8a238e0588bb1e243124f7c0de8a3eea50a7099ea98,observation--sha256:7889723cf5f742feea21be711eb909e63115be571f27dc2b2631eb6465b29f08,file-name,WhiteCompanyOperationShaheenReport.pdf,WhiteCompanyOperationShaheenReport.pdf,candidate,2018-05-06T00:00:00Z,day,known,same-record,,source--blackbyte--43ae5f2d8c1ec50a,actor_profile/evidence/blackbyte.csv,"{""row"": 76}",[],[],[],[],0,false,medium,TLP:CLEAR,csv-row,"WhiteCompany/WhiteCompanyOperationShaheenReport.pdf {""page"": 30} Royal Times: https:/ /www.nytimes.com/2018/05/06/world/asia/pakistan- assassination-attempt.html Alam, K. (2017, October 12). Growing Pakistan-Russia Military Ties Reflect Central Asia’s Changing Geopolitics. Retrieved from Royal United Services Institute (RUSI): https:/ /rusi. org/commentary/growing-pakistan%E2%80%93russia-military-ties-reflect-central- asia%E2%80%99s-changing-geopolitics ARY News. (2018, March 27). Chairman Senat",
1.0.0,actor--blackbyte,artifact--sha256:043365c6e03a6fc169a2f0d485544cd3322d5e8c137b7dd546f2075e185725f0,observation--sha256:edd0d44ca8eca56c2cec580bc5b4b1b3e8a5ffc7f71762b4923f80daea8ed7a2,file-name,Wip3Ide.exe,Wip3Ide.exe,candidate,,unknown,unknown,not-stated,,source--blackbyte--43ae5f2d8c1ec50a,actor_profile/evidence/blackbyte.csv,"{""row"": 110}",[],[],[],[],0,false,medium,TLP:CLEAR,csv-row,"cybercrime/[RIG] RIG Exploit Kit_ In-Depth Analysis.pdf {""page"": 14} Royal Wip3Ide.exe c6cc42b429c26e68deec777eedb4c11d Dridex GerxIflwewM.exe 4ed2076ec15170d68a88d8b4db34fff1 UrSnif gErVP6ZddBw.exe 6b3d119e8c22e8670deb3a4f79646495 Royal Ransomware DVqj6UhQ.exe 6cb6a59dc12494d5c5224fc03eb12ece Royal Ransomware Table 1. Malware samples RIG EK was observed distributing This is only a small glimpse into the myriad of malware that RIG EK has been observed distributing. It is also used to distribute ",
1.0.0,actor--blackbyte,artifact--sha256:ee8425a48d8fde9131e553762af95ccaa4daaee12ba3cfa14ee15140ea8ac0e4,observation--sha256:853a681484825d37b6d1c356cc8e7860c6395cb51f4d67286b09c096eecec1a7,file-name,WizardSpider_TLPWHITE_v.1.4.pdf,WizardSpider_TLPWHITE_v.1.4.pdf,candidate,,unknown,unknown,not-stated,,source--blackbyte--43ae5f2d8c1ec50a,actor_profile/evidence/blackbyte.csv,"{""row"": 77}",[],[],[],[],0,false,medium,TLP:CLEAR,csv-row,"Wizard Spider/WizardSpider_TLPWHITE_v.1.4.pdf {""page"": 2} Conti 5 3 Technical Analysis 6 3.1 Hypervisor Encryption Server . . . . . . . . . . . . . . . . . . . . . . . . . . . . . . . . 6 3.1.1 Auto-Locker Deployment . . . . . . . . . . . . . . . . . . . . . . . . . . . . . 6 3.1.2 Conti Ransomware . . . . . . . . . . . . . . . . . . . . . . . . . . . . . . . . . 9 3.2 Post-Exploitation Infrastructure . . . . . . . . . . . . . . . . . . . . . . . . . . . . . . 12 3.2.1 Intrusion Servers . . . . ",
1.0.0,actor--blackbyte,artifact--sha256:ee8425a48d8fde9131e553762af95ccaa4daaee12ba3cfa14ee15140ea8ac0e4,observation--sha256:925552585f27f847c40abcdd661c12c2f4456060eecac2977ed6d6cdd5e2aa0e,file-name,WizardSpider_TLPWHITE_v.1.4.pdf,WizardSpider_TLPWHITE_v.1.4.pdf,candidate,,unknown,unknown,not-stated,,source--blackbyte--43ae5f2d8c1ec50a,actor_profile/evidence/blackbyte.csv,"{""row"": 78}",[],[],[],[],0,false,medium,TLP:CLEAR,csv-row,"Wizard Spider/WizardSpider_TLPWHITE_v.1.4.pdf {""page"": 2} Conti istics . . . . . . . . . . . . . . . . . . . . . . . . . . . . . . . . . . . . . . . . 25 4.2 Cracking Station Activity . . . . . . . . . . . . . . . . . . . . . . . . . . . . . . . . . . 27 5 Conclusion 28 6 IOC 30 6.1 Conti Ransomware Hashes . . . . . . . . . . . . . . . . . . . . . . . . . . . . . . . . . 30 6.2 Locker Servers . . . . . . . . . . . . . . . . . . . . . . . . . . . . . . . . . . . . . . . . . 31 6.3 Proxy Network .",
1.0.0,actor--blackbyte,artifact--sha256:ee8425a48d8fde9131e553762af95ccaa4daaee12ba3cfa14ee15140ea8ac0e4,observation--sha256:54559808616d96ff99000640bd24259b22bbd3c1f8426d9bc738a451218a65ca,file-name,WizardSpider_TLPWHITE_v.1.4.pdf,WizardSpider_TLPWHITE_v.1.4.pdf,candidate,,unknown,unknown,not-stated,,source--blackbyte--43ae5f2d8c1ec50a,actor_profile/evidence/blackbyte.csv,"{""row"": 79}",[],[],[],[],0,false,medium,TLP:CLEAR,csv-row,"Wizard Spider/WizardSpider_TLPWHITE_v.1.4.pdf {""page"": 3} Conti Team Investigation Date 14.11.2021 - 18.03.2022 Initial Report Date 18.03.2022 Last Update 20.03.2022 What’s new ? The PRODAFT Threat Intelligence (PTI) team has assembled this report to provide in-depth knowledge about Conti malware and the group of threat actors that use it. Our team identified the group as Wizard Spider, and obtained visibility into its operational environment. This report provides unprecedented visibility into t",
1.0.0,actor--blackbyte,artifact--sha256:ee8425a48d8fde9131e553762af95ccaa4daaee12ba3cfa14ee15140ea8ac0e4,observation--sha256:9d8c5a789b3c75173d25082cba204db05e0ae3bff36dba92a8eb2813807f605e,file-name,WizardSpider_TLPWHITE_v.1.4.pdf,WizardSpider_TLPWHITE_v.1.4.pdf,candidate,,unknown,unknown,not-stated,,source--blackbyte--43ae5f2d8c1ec50a,actor_profile/evidence/blackbyte.csv,"{""row"": 80}",[],[],[],[],0,false,medium,TLP:CLEAR,csv-row,"Wizard Spider/WizardSpider_TLPWHITE_v.1.4.pdf {""page"": 4} Conti shows the results of the PRODAFT Threat Intelligence (PTI) Team’s comprehensive investigation into the Wizard Spider cybercrime group. The group is also known by the various malware variants it uses (Ryuk, Trickbot, and Conti, among others). It is a financially motivated cybercrime group first identified in 2017 , and may be one of the wealthiest groups currently in operation, with total assets easily in excess hundreds of millions ",
1.0.0,actor--blackbyte,artifact--sha256:ee8425a48d8fde9131e553762af95ccaa4daaee12ba3cfa14ee15140ea8ac0e4,observation--sha256:c640cd03b7c44339b2335891953d723e3b69b4b239cfcca30ae28a776ae2f33e,file-name,WizardSpider_TLPWHITE_v.1.4.pdf,WizardSpider_TLPWHITE_v.1.4.pdf,candidate,,unknown,unknown,not-stated,,source--blackbyte--43ae5f2d8c1ec50a,actor_profile/evidence/blackbyte.csv,"{""row"": 81}",[],[],[],[],0,false,medium,TLP:CLEAR,csv-row,"Wizard Spider/WizardSpider_TLPWHITE_v.1.4.pdf {""page"": 5} Conti r is a highly profitable cybercrime group that operates a number of sophisticated malware variants in its attacks. The PTI team has been collecting data on Wizard Spider’s operations since publishing its first report on Conti in November 2021. Our team has discovered valuable new information about Wizard Spider and its relationship to other cybercrime groups and software producers. This report contains technical analysis on Wizard S",
1.0.0,actor--blackbyte,artifact--sha256:d5dfec3a81528586f3771aca30e8044d7cac7037c1a33dc221e1bcbd5c610bc1,observation--sha256:792e924b7463b71cac09edd261793530cc370456cc455bea333628ae5e91e067,file-name,Worldwide_Ransomware_Attacks_as_of_June_2024_Consistent_With_Previous_Year_Sep2024.pdf,Worldwide_Ransomware_Attacks_as_of_June_2024_Consistent_With_Previous_Year_Sep2024.pdf,candidate,,unknown,unknown,not-stated,,source--blackbyte--43ae5f2d8c1ec50a,actor_profile/evidence/blackbyte.csv,"{""row"": 627}",[],[],[],[],0,false,medium,TLP:CLEAR,csv-row,"summary/2024/Worldwide_Ransomware_Attacks_as_of_June_2024_Consistent_With_Previous_Year_Sep2024.pdf {""page"": 1} BLACK BASTA e attack; the group shut down in March 2024 following us and international law enforcement agencies’ disruption operations in december 2023. WORLDWIDE b b Excludes US attack claims. LOCKBIT 22% RANSOMHUB 6% 8BASE 6% BLACK BASTA 5% AKIRA 5% OTHER 56% US LOCKBIT 16% PLAY 11% BLACK BASTA 7% MEDUSA 7% BIANLIAN 6% OTHER 53% Office of the Director of National Intelligence 1 2 3 4",
1.0.0,actor--blackbyte,artifact--sha256:d5dfec3a81528586f3771aca30e8044d7cac7037c1a33dc221e1bcbd5c610bc1,observation--sha256:a94f16b88b20b91b76608c49b4bfaf1e3b61e85ee9fc3725e2a761fa38dd96f2,file-name,Worldwide_Ransomware_Attacks_as_of_June_2024_Consistent_With_Previous_Year_Sep2024.pdf,Worldwide_Ransomware_Attacks_as_of_June_2024_Consistent_With_Previous_Year_Sep2024.pdf,candidate,,unknown,unknown,not-stated,,source--blackbyte--43ae5f2d8c1ec50a,actor_profile/evidence/blackbyte.csv,"{""row"": 628}",[],[],[],[],0,false,medium,TLP:CLEAR,csv-row,"summary/2024/Worldwide_Ransomware_Attacks_as_of_June_2024_Consistent_With_Previous_Year_Sep2024.pdf {""page"": 1} BLACK BASTA and international law enforcement agencies’ disruption operations in december 2023. WORLDWIDE b b Excludes US attack claims. LOCKBIT 22% RANSOMHUB 6% 8BASE 6% BLACK BASTA 5% AKIRA 5% OTHER 56% US LOCKBIT 16% PLAY 11% BLACK BASTA 7% MEDUSA 7% BIANLIAN 6% OTHER 53% Office of the Director of National Intelligence 1 2 3 4 5 1 5 2 3 4 WORLDWIDE RANSOMWARE ATTACKS January-June 20",
1.0.0,actor--blackbyte,artifact--sha256:d5dfec3a81528586f3771aca30e8044d7cac7037c1a33dc221e1bcbd5c610bc1,observation--sha256:7a487052a55f78a256bd82eed0654fd6a7f0a034cc850fdfb7828e12bac574f2,file-name,Worldwide_Ransomware_Attacks_as_of_June_2024_Consistent_With_Previous_Year_Sep2024.pdf,Worldwide_Ransomware_Attacks_as_of_June_2024_Consistent_With_Previous_Year_Sep2024.pdf,candidate,,unknown,unknown,not-stated,,source--blackbyte--43ae5f2d8c1ec50a,actor_profile/evidence/blackbyte.csv,"{""row"": 629}",[],[],[],[],0,false,medium,TLP:CLEAR,csv-row,"summary/2024/Worldwide_Ransomware_Attacks_as_of_June_2024_Consistent_With_Previous_Year_Sep2024.pdf {""page"": 1} Black Basta Change Healthcare ALPHV/BlackCat TAKEDOWN LockBit SANCTION REvil US Ascension Black Basta TAKEDOWN Operation Endgame USUN Development Program 8Base TAKEDOWN Nemesis Market Denmark ARREST Scattered Spider CDK BlackSuit Indonesia Data Center Brain Cipher Synnovis Qilin US Indonesia UK 51% 49% Worldwide Ranso",
1.0.0,actor--blackbyte,artifact--sha256:7bf0c87dc70867fabe61b05d405addc68f7509b1127dd42fee976cd0038620fb,observation--sha256:fccab64dea1f7650652217fb8f47a789c492a8511f952391d0496c0740955200,file-name,XForce_Threat_Intelligence_2022.pdf,XForce_Threat_Intelligence_2022.pdf,candidate,,unknown,unknown,not-stated,,source--blackbyte--43ae5f2d8c1ec50a,actor_profile/evidence/blackbyte.csv,"{""row"": 473}",[],[],[],[],0,false,medium,TLP:CLEAR,csv-row,"summary/2022/XForce_Threat_Intelligence_2022.pdf {""page"": 12} Conti e types observed by X-Force Incident Response in 2021 (Source: IBM Security X-Force) 3% Xorist 37% REvil 13% Ryuk 7% LockBit 2.0 3% Ragnar Locker 3% Neﬁlim 3% Medusa 3% Eking 3% DarkSide 3% Crystal 3% CryptoLocker 3% Conti 3% BlackMatter 3% BitLocker 3% AvosLocker 3% AtomSilo Figure 4 Types of ransomware observed in 2021 Ransomware types observed by X-Force Incident Response in 2021 (Source: IBM Security X-Force)",
1.0.0,actor--blackbyte,artifact--sha256:7bf0c87dc70867fabe61b05d405addc68f7509b1127dd42fee976cd0038620fb,observation--sha256:44f7b7d2aab20c38098e16406912236f126843307dc9d393b54fa53496c216d1,file-name,XForce_Threat_Intelligence_2022.pdf,XForce_Threat_Intelligence_2022.pdf,candidate,,unknown,unknown,not-stated,,source--blackbyte--43ae5f2d8c1ec50a,actor_profile/evidence/blackbyte.csv,"{""row"": 474}",[],[],[],[],0,false,medium,TLP:CLEAR,csv-row,"summary/2022/XForce_Threat_Intelligence_2022.pdf {""page"": 30} Conti moderate confidence that the threat actor we track as ITG17 3 (aka MuddyWater), a suspected Iranian nation-state group, was behind this activity for the possible purpose of surveillance. ITG23—Trickbot Gang—enables Conti ransomware operations X-Force analysts have been closely tracking the cybercriminal group behind the Trickbot banking trojan—a group we identify as ITG23, also known as Wizard Spider or Trickbot Gang. Phishing e",
1.0.0,actor--blackbyte,artifact--sha256:7bf0c87dc70867fabe61b05d405addc68f7509b1127dd42fee976cd0038620fb,observation--sha256:b3fe0c781d9b7ded8b2e319c9af2d064bab142c1781ad5bff0ded5a0ef46e010,file-name,XForce_Threat_Intelligence_2022.pdf,XForce_Threat_Intelligence_2022.pdf,candidate,,unknown,unknown,not-stated,,source--blackbyte--43ae5f2d8c1ec50a,actor_profile/evidence/blackbyte.csv,"{""row"": 475}",[],[],[],[],0,false,medium,TLP:CLEAR,csv-row,"summary/2022/XForce_Threat_Intelligence_2022.pdf {""page"": 30} Conti ing the cybercriminal group behind the Trickbot banking trojan—a group we identify as ITG23, also known as Wizard Spider or Trickbot Gang. Phishing emails with the Trickbot trojan are often used as an entry point for Conti ransomware, and X-Force has observed that an uptick in ITG23 Trickbot activity coincided with an uptick in Conti ransomware attacks. The group has relied on email campaigns delivering malicious Excel documents",
1.0.0,actor--blackbyte,artifact--sha256:7bf0c87dc70867fabe61b05d405addc68f7509b1127dd42fee976cd0038620fb,observation--sha256:c01273a2859142fc885b32878efa38faa4a25e6f307b2dc36127b76f7b8fbee8,file-name,XForce_Threat_Intelligence_2022.pdf,XForce_Threat_Intelligence_2022.pdf,candidate,,unknown,unknown,not-stated,,source--blackbyte--43ae5f2d8c1ec50a,actor_profile/evidence/blackbyte.csv,"{""row"": 476}",[],[],[],[],0,false,medium,TLP:CLEAR,csv-row,"summary/2022/XForce_Threat_Intelligence_2022.pdf {""page"": 30} Conti Spider or Trickbot Gang. Phishing emails with the Trickbot trojan are often used as an entry point for Conti ransomware, and X-Force has observed that an uptick in ITG23 Trickbot activity coincided with an uptick in Conti ransomware attacks. The group has relied on email campaigns delivering malicious Excel documents, as well as the notable BazarCall campaign, in which subscription themed emails encourage recipients to contact a",
1.0.0,actor--blackbyte,artifact--sha256:7bf0c87dc70867fabe61b05d405addc68f7509b1127dd42fee976cd0038620fb,observation--sha256:debe6821285f283eea0cabb1feafbb0628cfacbd6655a990b6f90fa5661cfdac,file-name,XForce_Threat_Intelligence_2022.pdf,XForce_Threat_Intelligence_2022.pdf,candidate,,unknown,unknown,not-stated,,source--blackbyte--43ae5f2d8c1ec50a,actor_profile/evidence/blackbyte.csv,"{""row"": 477}",[],[],[],[],0,false,medium,TLP:CLEAR,csv-row,"summary/2022/XForce_Threat_Intelligence_2022.pdf {""page"": 39} Conti groups, are beginning to impede the attack rate we traditionally observed in the region. REvil attacks made up 43% of the ransomware attacks X-Force observed in North America, and X-Force also observed LockBit 2.0, Conti, CryptoLocker and Eking. After ransomware, BEC was the second-most common attack type in North America, making up 12% of attacks and suggesting that BEC attackers have renewed their assault on North American org",
1.0.0,actor--blackbyte,artifact--sha256:4d4365c1be8b8f4aa2c4516a49e9d8136e43eea325008cc10e357a1c7df5b0a6,observation--sha256:a794e07e57ba7aa207bebc26fb86cb4481e5cfcfd6decc384d7d1592a9cfad15,file-name,Yoroi_Cybersecurity_Annual_-Security_Report_2020-ENGLISH_rMT-FINAL-1s.pdf,Yoroi_Cybersecurity_Annual_-Security_Report_2020-ENGLISH_rMT-FINAL-1s.pdf,candidate,,unknown,unknown,not-stated,,source--blackbyte--43ae5f2d8c1ec50a,actor_profile/evidence/blackbyte.csv,"{""row"": 414}",[],[],[],[],0,false,medium,TLP:CLEAR,csv-row,"summary/2021/Yoroi_Cybersecurity_Annual_-Security_Report_2020-ENGLISH_rMT-FINAL-1s.pdf {""page"": 17} Conti he highest level of privileges and release the malware. These two malwares are a sort of ""swiss army knife"" for many groups operating under this threat paradigm. In detail, we observed that Trickbot is related to Ryuk/Conti ransomware activities and Cobalt Strike is a sort of jolly for most cyber intrusion operations, as we saw in many critical incidents along the past year. Other constant t",
1.0.0,actor--blackbyte,artifact--sha256:269a6b7076fb2ea6008710b889734909d2eafc682a598106e08852aac2d0e7f0,observation--sha256:dd80e4e9cab2f622bf5e9431fa39436f93bd2574da81ecda9cacb9f7a97a138e,file-name,aa24-249a-russian-military-cyber-actors-target-us-and-global-critical-infrastructure.pdf,aa24-249a-russian-military-cyber-actors-target-us-and-global-critical-infrastructure.pdf,candidate,,unknown,unknown,not-stated,,source--blackbyte--43ae5f2d8c1ec50a,actor_profile/evidence/blackbyte.csv,"{""row"": 52}",[],[],[],[],0,false,medium,TLP:CLEAR,csv-row,"International Strategic/Russia/WhisperGate/aa24-249a-russian-military-cyber-actors-target-us-and-global-critical-infrastructure.pdf {""page"": 17} quantum , and suspicious PowerShell commands for timely identification and remediation.  Identify any use of outdated or weak encryption, update these to sufficiently strong algorithms, and consider the implications of post-quantum cryptography (CISA CPG 2.K). Use properly configured and up-to-date Secure Socket Layer (SSL)/Transport Layer Security (TL",
1.0.0,actor--blackbyte,artifact--sha256:37ea87d7d34d3f63f0b19d1d5088c4a77228ed51e430e616a96a9ab6ab73dd50,observation--sha256:ecffae8b091a8d6edbcbf2af150ae0f79a38665c3c221664aae377835c28426d,file-name,annual-threat-report-2024.pdf,annual-threat-report-2024.pdf,candidate,,unknown,unknown,not-stated,,source--blackbyte--43ae5f2d8c1ec50a,actor_profile/evidence/blackbyte.csv,"{""row"": 700}",[],[],[],[],0,false,medium,TLP:CLEAR,csv-row,"summary/2025/annual-threat-report-2024.pdf {""page"": 16} Black Basta an-OS exploitation Cleo exploitation Data exfiltration (Easyupload.io) RMM tool usage (Splashtop, Supremo, NetSupport Manager) RMM tool usage (Supremo, AnyDesk, UltraVNC, SplashTop, N-able, SimpleHelp) Ransomware (Black Basta, Crytox, RansomHub, Fog) Ransomware (Play, Brain Cipher) Ransomware (Lynx, Medusa, RansomHub) darktrace.com 15 | Annual Threat Report 2024",
1.0.0,actor--blackbyte,artifact--sha256:37ea87d7d34d3f63f0b19d1d5088c4a77228ed51e430e616a96a9ab6ab73dd50,observation--sha256:1e06e6a4f621d957d37b77f0d985bab16d3e34b6117d24d85f93ca6f511b5e19,file-name,annual-threat-report-2024.pdf,annual-threat-report-2024.pdf,candidate,,unknown,unknown,not-stated,,source--blackbyte--43ae5f2d8c1ec50a,actor_profile/evidence/blackbyte.csv,"{""row"": 701}",[],[],[],[],0,false,medium,TLP:CLEAR,csv-row,"summary/2025/annual-threat-report-2024.pdf {""page"": 8} Black Basta the barrier to entry. Darktrace’s Threat Research team tracked several ransomware threats across the fleet throughout 2024, observing novel strains like Lynx, as well as re-emerging threats such as Akira, Ransom- Hub, Black Basta, Fog, and Qilin (Agenda). Notable trends observed by the team included the frequent use of phishing emails as an attack vector and the use of legitimate tools like AnyDesk, Atera, and Splashtop to mask m",
1.0.0,actor--blackbyte,artifact--sha256:71269d268f84da33e03806c6d69f2c1bcec709c1a2f32f3648c37cccdbefa33c,observation--sha256:02432ffae8045f1b9b3d87f58f7bec917db7c6f8e6ae22fb6bdb4c166475d8e5,file-name,closing.pdf,closing.pdf,candidate,,unknown,unknown,not-stated,,source--blackbyte--43ae5f2d8c1ec50a,actor_profile/evidence/blackbyte.csv,"{""row"": 693}",[],[],[],[],0,false,medium,TLP:CLEAR,csv-row,"summary/2025/Quarterly report 2025 closing.pdf {""page"": 18} Royal oud-based interface ﬂaw. Ascension is offering two years of credit monitoring. 03 Alternate Solutions Health et al. (US, May 2024, reported Apr 2025) Four U.S. healthcare entities (Alternate Solutions Health, Park Royal Hospital, etc.) reported in April 2025 that employee email accounts were breached via credential theft, exposing ~107,000 patient records. 04",
1.0.0,actor--blackbyte,artifact--sha256:0396d43f026f1c5ecf6af5f7d6a8b8bef3f5975fb665ec7926779a146be36a06,observation--sha256:ac868aca9599304479395771dc9162ce4bd809d2eae346f637f2c839beeaef0b,file-name,cmd.exe,cmd.exe,candidate,,unknown,unknown,not-stated,,source--blackbyte--43ae5f2d8c1ec50a,actor_profile/evidence/blackbyte.csv,"{""row"": 540}",[],[],[],[],0,false,medium,TLP:CLEAR,csv-row,"summary/2023/RedReport2023-Picus.pdf {""page"": 125} Conti ername> /password:<password> process call create cmd.exe /c ""<command>"" powershell -c Invoke-WMIMethod -class Win32_Process -Name Create -ArgumentList ""cmd /c <command>"" -ComputerName <remote_host's_name> For example, Conti ransomware deploys a Cobalt Strike beacon using WMI and rundll32 in a remote host using the following command. After deployment, adversaries established an RDP session with the remote host [124]. wmic /node:<remote_ho",
1.0.0,actor--blackbyte,artifact--sha256:4e647734613aade2a92730f0de7990ff66961c1fbe5389c6007ebf7f216559bb,observation--sha256:132fe4475595d5c568e838517f63201b0d610d379f4d6da9f9676da0e6db60f8,file-name,cybercrime-multifaceted-national-security-threat.pdf,cybercrime-multifaceted-national-security-threat.pdf,candidate,,unknown,unknown,not-stated,,source--blackbyte--43ae5f2d8c1ec50a,actor_profile/evidence/blackbyte.csv,"{""row"": 702}",[],[],[],[],0,false,medium,TLP:CLEAR,csv-row,"summary/2025/cybercrime-multifaceted-national-security-threat.pdf {""page"": 10} Conti data leak sites where they are accessible to the victims’ compet- itors. GTIG has previously observed threat actors sharing tips for targeting valuable data for extortion operations. In our research, GTIG identified Conti “case instructions” indicating that actors should prioritize certain types of data to use as leverage in negotiations, including files containing confidential information, document scans, HR do",
1.0.0,actor--blackbyte,artifact--sha256:4e647734613aade2a92730f0de7990ff66961c1fbe5389c6007ebf7f216559bb,observation--sha256:d9d00d38a721f211164f396435f4d07e0e28286450b4abbf42281afe3893ce61,file-name,cybercrime-multifaceted-national-security-threat.pdf,cybercrime-multifaceted-national-security-threat.pdf,candidate,,unknown,unknown,not-stated,,source--blackbyte--43ae5f2d8c1ec50a,actor_profile/evidence/blackbyte.csv,"{""row"": 703}",[],[],[],[],0,false,medium,TLP:CLEAR,csv-row,"summary/2025/cybercrime-multifaceted-national-security-threat.pdf {""page"": 16} CONTI kus Hess, an East German hacker, to compromise and steal data from the networks of military and industrial computers in the U.S., Europe, and East Asia, most notably the Lawrence Berkeley National Laboratory. Former CONTI members conduct espionage activity targeting Ukraine, Europe An initial access broker group we assess to include former members of the CONTI ransomware group, tracked by CERT-UA as UAC-0098, sh",
1.0.0,actor--blackbyte,artifact--sha256:4e647734613aade2a92730f0de7990ff66961c1fbe5389c6007ebf7f216559bb,observation--sha256:e04bf3d43b1f7b684276a6181c78140b1b212d3bb60eda18a393902eb2930cc9,file-name,cybercrime-multifaceted-national-security-threat.pdf,cybercrime-multifaceted-national-security-threat.pdf,candidate,,unknown,unknown,not-stated,,source--blackbyte--43ae5f2d8c1ec50a,actor_profile/evidence/blackbyte.csv,"{""row"": 704}",[],[],[],[],0,false,medium,TLP:CLEAR,csv-row,"summary/2025/cybercrime-multifaceted-national-security-threat.pdf {""page"": 16} CONTI ast Asia, most notably the Lawrence Berkeley National Laboratory. Former CONTI members conduct espionage activity targeting Ukraine, Europe An initial access broker group we assess to include former members of the CONTI ransomware group, tracked by CERT-UA as UAC-0098, shifted its focus to targeted attacks against Ukrainian organizations in early 2022. The group has also targeted European humanitarian and nonpro",
1.0.0,actor--blackbyte,artifact--sha256:4e647734613aade2a92730f0de7990ff66961c1fbe5389c6007ebf7f216559bb,observation--sha256:afb58c64eece9a77047d960f999272bbe3b0086fb68dc4844bf98f86ce18a873,file-name,cybercrime-multifaceted-national-security-threat.pdf,cybercrime-multifaceted-national-security-threat.pdf,candidate,,unknown,unknown,not-stated,,source--blackbyte--43ae5f2d8c1ec50a,actor_profile/evidence/blackbyte.csv,"{""row"": 705}",[],[],[],[],0,false,medium,TLP:CLEAR,csv-row,"summary/2025/cybercrime-multifaceted-national-security-threat.pdf {""page"": 18} CONTI 17 CONTI At the outset of Russia’s full-scale invasion of Ukraine, the CONTI ransomware group publicly announced its support for the Russian government, and subsequent leaks of server logs allegedly containing chat messages fro",
1.0.0,actor--blackbyte,artifact--sha256:4e647734613aade2a92730f0de7990ff66961c1fbe5389c6007ebf7f216559bb,observation--sha256:00e44a1b6f92108bdbf657c527a18d2a05aadba42c486be39c4e52aa3925e1cc,file-name,cybercrime-multifaceted-national-security-threat.pdf,cybercrime-multifaceted-national-security-threat.pdf,candidate,,unknown,unknown,not-stated,,source--blackbyte--43ae5f2d8c1ec50a,actor_profile/evidence/blackbyte.csv,"{""row"": 706}",[],[],[],[],0,false,medium,TLP:CLEAR,csv-row,"summary/2025/cybercrime-multifaceted-national-security-threat.pdf {""page"": 9} CONTI 8 Economic disruption On May 8, 2022, Costa Rican President Rodrigo Chaves declared a national emergency caused by CONTI ransomware attacks against several Costa Rican government agencies the month prior. These intrusions caused widespread disruptions in government medical, tax, pension, and customs systems. With imports and exports",
1.0.0,actor--blackbyte,artifact--sha256:1c3f23392c3923cfd94cdebd3b501f5c014f23c18f862fa9b76d8260e0b0e336,observation--sha256:356c1738281dfe058357ea22ce1f36b4d6001123a5951c0f2e547f7dfe718664,file-name,cybersecurity-forecast-2025.pdf,cybersecurity-forecast-2025.pdf,candidate,,unknown,unknown,not-stated,,source--blackbyte--43ae5f2d8c1ec50a,actor_profile/evidence/blackbyte.csv,"{""row"": 707}",[],[],[],[],0,false,medium,TLP:CLEAR,csv-row,"summary/2025/cybersecurity-forecast-2025.pdf {""page"": 12} Quantum 2018. We expect that the number of targeted vendors will continue expanding beyond historically observed targets, requiring more awareness around attack surfaces and their components. Preparing for an Age of Post-Quantum Cryptography Many organizations in 2025 will be starting their journeys towards adopting new post-quantum cryptography standards finalized by the National Institute of Standards and Technology (NIST) in 2024. The ",
1.0.0,actor--blackbyte,artifact--sha256:1c3f23392c3923cfd94cdebd3b501f5c014f23c18f862fa9b76d8260e0b0e336,observation--sha256:8f9adb619e736f569ddb5396759ae5de4326263e767d5a9cd1e89509aa97cad2,file-name,cybersecurity-forecast-2025.pdf,cybersecurity-forecast-2025.pdf,candidate,,unknown,unknown,not-stated,,source--blackbyte--43ae5f2d8c1ec50a,actor_profile/evidence/blackbyte.csv,"{""row"": 708}",[],[],[],[],0,false,medium,TLP:CLEAR,csv-row,"summary/2025/cybersecurity-forecast-2025.pdf {""page"": 12} quantum targets, requiring more awareness around attack surfaces and their components. Preparing for an Age of Post-Quantum Cryptography Many organizations in 2025 will be starting their journeys towards adopting new post-quantum cryptography standards finalized by the National Institute of Standards and Technology (NIST) in 2024. The latest guidance from NIST on quantum-safe encryption/key transport and cryptographic signing is designed ",
1.0.0,actor--blackbyte,artifact--sha256:1c3f23392c3923cfd94cdebd3b501f5c014f23c18f862fa9b76d8260e0b0e336,observation--sha256:15e72b91f720641252299dd984fabdec0e3dfe185b34594ee427eed9e565daaa,file-name,cybersecurity-forecast-2025.pdf,cybersecurity-forecast-2025.pdf,candidate,,unknown,unknown,not-stated,,source--blackbyte--43ae5f2d8c1ec50a,actor_profile/evidence/blackbyte.csv,"{""row"": 709}",[],[],[],[],0,false,medium,TLP:CLEAR,csv-row,"summary/2025/cybersecurity-forecast-2025.pdf {""page"": 12} quantum tions in 2025 will be starting their journeys towards adopting new post-quantum cryptography standards finalized by the National Institute of Standards and Technology (NIST) in 2024. The latest guidance from NIST on quantum-safe encryption/key transport and cryptographic signing is designed to help mitigate attacks by adversaries with large-scale quantum computers. These attacks could potentially break encryption, and ultimately c",
1.0.0,actor--blackbyte,artifact--sha256:1c3f23392c3923cfd94cdebd3b501f5c014f23c18f862fa9b76d8260e0b0e336,observation--sha256:2e06d94d09823e4bb43ffebe69a9d82d864eca9ad0309c34b49200e7ab155bcb,file-name,cybersecurity-forecast-2025.pdf,cybersecurity-forecast-2025.pdf,candidate,,unknown,unknown,not-stated,,source--blackbyte--43ae5f2d8c1ec50a,actor_profile/evidence/blackbyte.csv,"{""row"": 710}",[],[],[],[],0,false,medium,TLP:CLEAR,csv-row,"summary/2025/cybersecurity-forecast-2025.pdf {""page"": 12} quantum itute of Standards and Technology (NIST) in 2024. The latest guidance from NIST on quantum-safe encryption/key transport and cryptographic signing is designed to help mitigate attacks by adversaries with large-scale quantum computers. These attacks could potentially break encryption, and ultimately compromise sensitive data. Although quantum threats likely won’t have a widespread impact next year, organizations in 2025 will need t",
1.0.0,actor--blackbyte,artifact--sha256:1c3f23392c3923cfd94cdebd3b501f5c014f23c18f862fa9b76d8260e0b0e336,observation--sha256:c6c2b8fcd059879b6ce2e66dff1882e88ccbacc360b60608207139086e3aeba5,file-name,cybersecurity-forecast-2025.pdf,cybersecurity-forecast-2025.pdf,candidate,,unknown,unknown,not-stated,,source--blackbyte--43ae5f2d8c1ec50a,actor_profile/evidence/blackbyte.csv,"{""row"": 711}",[],[],[],[],0,false,medium,TLP:CLEAR,csv-row,"summary/2025/cybersecurity-forecast-2025.pdf {""page"": 2} Quantum curity Operations in the Cloud 11 Criticality Drives More Regulations for Cloud Providers 11 More Interest in Web3 and Crypto Heists 11 Faster Exploitation and More Vendors Targeted 12 Preparing for an Age of Post-Quantum Cryptography 12 EMEA Forecasts 13 A Pivotal Year for Compliance 13 Geopolitical Conflicts Drive Threat Activity 14 More Focus on Cloud Security 14 JAPAC Forecasts 15 North Korea Threat Actors Setting Their Sig",
1.0.0,actor--blackbyte,artifact--sha256:aa1c9b834d550cc5fa2b1ca36d2ffac82f0033f80b6ae24cb6e88123c8c04f7a,observation--sha256:634654139c93ca93761a241b8aeca944a48442836e781e2b8b12672bd8629583,file-name,eSentire_TRU_Report_The-Industrialization-of-Cybercrime-Identities-are-Under-Attack_2026.pdf,eSentire_TRU_Report_The-Industrialization-of-Cybercrime-Identities-are-Under-Attack_2026.pdf,candidate,,unknown,unknown,not-stated,,source--blackbyte--43ae5f2d8c1ec50a,actor_profile/evidence/blackbyte.csv,"{""row"": 744}",[],[],[],[],0,false,medium,TLP:CLEAR,csv-row,"summary/2026/eSentire_TRU_Report_The-Industrialization-of-Cybercrime-Identities-are-Under-Attack_2026.pdf {""page"": 19} Black Basta ng these “support” interactions, victims are manipulated into granting remote access to their devices. Once granted access, attackers can deploy various payloads, with several incidents escalating to the deployment of Black Basta ransomware in the most severe cases. In examined cases, attackers contacted victims predominantly through Microsoft Teams calls or chats. O",
1.0.0,actor--blackbyte,artifact--sha256:3e90a3fb004c1d4bb121a0823b3cd7f9de4d528febea3058af633681ed486e71,observation--sha256:f496456eb7b926c060b739089f7dd33fe56fd7c72e0168301ab60e39a42f7c35,file-name,eset-threat-report-h12024.pdf,eset-threat-report-h12024.pdf,candidate,,unknown,unknown,not-stated,,source--blackbyte--43ae5f2d8c1ec50a,actor_profile/evidence/blackbyte.csv,"{""row"": 630}",[],[],[],[],0,false,medium,TLP:CLEAR,csv-row,"summary/2024/eset-threat-report-h12024.pdf {""page"": 33} Conti About this report About ESETForewordExecutive summary Geographic distribution of macOS detections in H1 2024 21% 0% macOS 14.0% 8.9% 6.2% 5.7% 5.7% 5.6% 5.3% 2.8% 2.7% 2.7% Win/Filecoder.BlackMatter trojan Win/Filecoder.Conti trojan Win/Filecoder.STOP trojan Win/Filecoder trojan MSIL/Filecoder trojan Win/Filecoder.WannaCryptor trojan Win/Filecoder.BlackBasta trojan Win/Filecoder.GandCrab trojan Win/Filecoder.CryptoWall trojan Win/File",
1.0.0,actor--blackbyte,artifact--sha256:3d471c5e17679bed10fe83be53bd66ca2d842426231a7c4a0070acd7ae40e273,observation--sha256:32583ef5fe23bad6d982e6b12e47535af51b0043a28086514ccd1dd0048cb853,file-name,eset-threat-report-h12025.pdf,eset-threat-report-h12025.pdf,candidate,,unknown,unknown,not-stated,,source--blackbyte--43ae5f2d8c1ec50a,actor_profile/evidence/blackbyte.csv,"{""row"": 712}",[],[],[],[],0,false,medium,TLP:CLEAR,csv-row,"summary/2025/eset-threat-report-h12025.pdf {""page"": 21} Black Basta nting negotiations between the criminals and their victims. Another leaker – possibly a disgruntled gang member or a researcher who breached the group’s systems – also dumped weeks’ worth of internal messages of the Black Basta ransomware operation. Leaked data contained insights into the gang’s phishing templates, cryptocurrency addresses, data drops, and victims’ credentials. Towards the end of H1 2025, a new account on X.com,",
1.0.0,actor--blackbyte,artifact--sha256:3d471c5e17679bed10fe83be53bd66ca2d842426231a7c4a0070acd7ae40e273,observation--sha256:e4a55176c9bd858d4c09dd16e03ba7041c5df65f9f3da1612760233b2704a8fc,file-name,eset-threat-report-h12025.pdf,eset-threat-report-h12025.pdf,candidate,,unknown,unknown,not-stated,,source--blackbyte--43ae5f2d8c1ec50a,actor_profile/evidence/blackbyte.csv,"{""row"": 713}",[],[],[],[],0,false,medium,TLP:CLEAR,csv-row,"summary/2025/eset-threat-report-h12025.pdf {""page"": 21} Black Basta ial to dox leaders and members of the notorious cybercriminal gang. This includes the alleged masterminds known by the nicknames Stern, Tramp and Target, with ties to other malware operations online such as TrickBot, Black Basta, and Royal ransomware. The identity of at least one of the mentioned perpetrators has been confirmed by German law enforcement. Apart from the “deathmatch” in the ransomware arena, operators and affiliat",
1.0.0,actor--blackbyte,artifact--sha256:3d471c5e17679bed10fe83be53bd66ca2d842426231a7c4a0070acd7ae40e273,observation--sha256:23f646230c22bf4c111587685c93a9edc0a11c0436256ec44153e7386604d24f,file-name,eset-threat-report-h12025.pdf,eset-threat-report-h12025.pdf,candidate,,unknown,unknown,not-stated,,source--blackbyte--43ae5f2d8c1ec50a,actor_profile/evidence/blackbyte.csv,"{""row"": 714}",[],[],[],[],0,false,medium,TLP:CLEAR,csv-row,"summary/2025/eset-threat-report-h12025.pdf {""page"": 21} Royal s and members of the notorious cybercriminal gang. This includes the alleged masterminds known by the nicknames Stern, Tramp and Target, with ties to other malware operations online such as TrickBot, Black Basta, and Royal ransomware. The identity of at least one of the mentioned perpetrators has been confirmed by German law enforcement. Apart from the “deathmatch” in the ransomware arena, operators and affiliates also faced active pu",
1.0.0,actor--blackbyte,artifact--sha256:cf908407a07349feb5e568f636aba06a8dc013c2fc7ea5a716813e4be6ff9fdb,observation--sha256:0f270445ddd1ac0d3b13bde127492170bf762ad50ce38f141a41d8d4b16d9519,file-name,eset-threat-report-h22024.pdf,eset-threat-report-h22024.pdf,candidate,,unknown,unknown,not-stated,,source--blackbyte--43ae5f2d8c1ec50a,actor_profile/evidence/blackbyte.csv,"{""row"": 631}",[],[],[],[],0,false,medium,TLP:CLEAR,csv-row,"summary/2024/eset-threat-report-h22024.pdf {""page"": 17} Quantum sites – as with the bogus ads – visually imitate local news media; abuse logos, branding and colors of specific brands and organizations; or use a generic, financially themed visual with ever-changing names such as Quantum Bumex, Immediate Mator, or Bitcoin Trader. ESET detects this threat as HTML/Nomani trojan – a name chosen by ESET detection engineers as a derivate of the English words “no money”. According to our telemetry, HTML",
1.0.0,actor--blackbyte,artifact--sha256:b571561f6963f9acef2b4bada1fe7ae97224190f26132677d3998d395e32c058,observation--sha256:5d0cb7d4ac20a87b28a0b961347b63b9b361ad58e9a1b2e19afdb5b5e14b5e74,file-name,eset-threat-report-h22025.pdf,eset-threat-report-h22025.pdf,candidate,,unknown,unknown,not-stated,,source--blackbyte--43ae5f2d8c1ec50a,actor_profile/evidence/blackbyte.csv,"{""row"": 715}",[],[],[],[],0,false,medium,TLP:CLEAR,csv-row,"summary/2025/eset-threat-report-h22025.pdf {""page"": 14} Conti e were seven profiles up on the website, showing the alleged threat actors’ photos, names, home addresses, bank account numbers, and other information. One of the leaked profiles even mentions past connections to the Conti ransomware operation. It is, however, difficult to validate the veracity of the doxing claims, as the personal data has not been independently verified. September 17 is also the date when Lumma Stealer botnet tracki",
1.0.0,actor--blackbyte,artifact--sha256:b571561f6963f9acef2b4bada1fe7ae97224190f26132677d3998d395e32c058,observation--sha256:0bb4e8edd506afc7e7b7c9aa862a18cf2b07c7a3315fa9b0ed604c34f23da3a4,file-name,eset-threat-report-h22025.pdf,eset-threat-report-h22025.pdf,candidate,,unknown,unknown,not-stated,,source--blackbyte--43ae5f2d8c1ec50a,actor_profile/evidence/blackbyte.csv,"{""row"": 716}",[],[],[],[],0,false,medium,TLP:CLEAR,csv-row,"summary/2025/eset-threat-report-h22025.pdf {""page"": 23} Conti t ransomware and also against a key administrator tied to the LockerGoga, MegaCortex, and Nefilim ransomware gangs. Two individuals have also been extradited to the US for further prosecution: a Ukrainian national on Conti ransomware charges and another person who is considered to be the initial access expert for Ryuk ransomware. In the UK, authorities have also arrested a suspect believed to be responsible for the RTX ransomware atta",
1.0.0,actor--blackbyte,artifact--sha256:3401ad09aeba2f202f654bcf8a9af3dd306c4968f6a8355088fd6a64b6abe95f,observation--sha256:63ac3d615d6b9f525ba15e5f6ea0d7b6dfa795691409df910b91d98f5df74c00,file-name,gErVP6ZddBw.exe,gErVP6ZddBw.exe,candidate,,unknown,unknown,not-stated,,source--blackbyte--43ae5f2d8c1ec50a,actor_profile/evidence/blackbyte.csv,"{""row"": 109}",[],[],[],[],0,false,medium,TLP:CLEAR,csv-row,"cybercrime/[RIG] RIG Exploit Kit_ In-Depth Analysis.pdf {""page"": 14} Royal DAnFuzAaX9JE4n.exe d43fa3957b4004ebdbe5073f99a32c9e Dridex mag5Wip3Ide.exe c6cc42b429c26e68deec777eedb4c11d Dridex GerxIflwewM.exe 4ed2076ec15170d68a88d8b4db34fff1 UrSnif gErVP6ZddBw.exe 6b3d119e8c22e8670deb3a4f79646495 Royal Ransomware DVqj6UhQ.exe 6cb6a59dc12494d5c5224fc03eb12ece Royal Ransomware Table 1. Malware samples RIG EK was observed distributing This is only a small glimpse into the myriad of malware that RIG EK",
1.0.0,actor--blackbyte,artifact--sha256:3401ad09aeba2f202f654bcf8a9af3dd306c4968f6a8355088fd6a64b6abe95f,observation--sha256:74eb7f7a8e7a3bd46bcf3d85aef6071a83591025571cbb4146b4585339000acc,file-name,gErVP6ZddBw.exe,gErVP6ZddBw.exe,candidate,,unknown,unknown,not-stated,,source--blackbyte--43ae5f2d8c1ec50a,actor_profile/evidence/blackbyte.csv,"{""row"": 110}",[],[],[],[],0,false,medium,TLP:CLEAR,csv-row,"cybercrime/[RIG] RIG Exploit Kit_ In-Depth Analysis.pdf {""page"": 14} Royal Wip3Ide.exe c6cc42b429c26e68deec777eedb4c11d Dridex GerxIflwewM.exe 4ed2076ec15170d68a88d8b4db34fff1 UrSnif gErVP6ZddBw.exe 6b3d119e8c22e8670deb3a4f79646495 Royal Ransomware DVqj6UhQ.exe 6cb6a59dc12494d5c5224fc03eb12ece Royal Ransomware Table 1. Malware samples RIG EK was observed distributing This is only a small glimpse into the myriad of malware that RIG EK has been observed distributing. It is also used to distribute ",
1.0.0,actor--blackbyte,artifact--sha256:a1ca0e427910203eb115fe3a68db809bc630892052526419fe23bee914fba33b,observation--sha256:6f23ff14d2061fc1f0277d46bfc4ac51d56a5cc078ffa5b8904d04bb4b70dee1,file-name,global-perspective-of-the-sidewinder-apt.pdf,global-perspective-of-the-sidewinder-apt.pdf,candidate,,unknown,unknown,not-stated,,source--blackbyte--43ae5f2d8c1ec50a,actor_profile/evidence/blackbyte.csv,"{""row"": 392}",[],[],[],[],0,false,medium,TLP:CLEAR,csv-row,"sidewinder/global-perspective-of-the-sidewinder-apt.pdf {""page"": 17} Royal eWinder introducing potential links to PatchWork attack techniques and infrastructure. Additionally, SideWinder was observed using a shared weaponizer toolkit. This shared toolkit has been primarily referred to as the “Royal Road” or “8.t” Weaponizer. As noted in past reporting, many intriguing links can be made to the various APT groups' use of it, such as Goblin Panda, APT40, and ICEFOG (Chinese actors) and then later w",
1.0.0,actor--blackbyte,artifact--sha256:a1ca0e427910203eb115fe3a68db809bc630892052526419fe23bee914fba33b,observation--sha256:b8e0ef78c0e88fc10a37ce455c4c5c8dac80f0f16d26f92c85e37341034119d4,file-name,global-perspective-of-the-sidewinder-apt.pdf,global-perspective-of-the-sidewinder-apt.pdf,candidate,,unknown,unknown,not-stated,,source--blackbyte--43ae5f2d8c1ec50a,actor_profile/evidence/blackbyte.csv,"{""row"": 393}",[],[],[],[],0,false,medium,TLP:CLEAR,csv-row,"sidewinder/global-perspective-of-the-sidewinder-apt.pdf {""page"": 3} Royal publicly reported [archived] on the shared rich text format (RTF) weaponizer used by multiple Chinese APT groups, with links to known SideWinder activity. This shared toolkit has since been primarily referred to as the “Royal Road” or “8.t” Weaponizer. Anomali presented various intriguing assessments, such as a potential shared exploit and weaponizer supply chain used between Goblin Panda, APT40, and ICEFOG (Chinese APTs) ",
1.0.0,actor--blackbyte,artifact--sha256:a1ca0e427910203eb115fe3a68db809bc630892052526419fe23bee914fba33b,observation--sha256:1bff05f32c7d66caacb81e7cc1f1eb4b13dd0a79015b4cf3282f555a6d9392bd,file-name,global-perspective-of-the-sidewinder-apt.pdf,global-perspective-of-the-sidewinder-apt.pdf,candidate,,unknown,unknown,not-stated,,source--blackbyte--43ae5f2d8c1ec50a,actor_profile/evidence/blackbyte.csv,"{""row"": 394}",[],[],[],[],0,false,medium,TLP:CLEAR,csv-row,"sidewinder/global-perspective-of-the-sidewinder-apt.pdf {""page"": 3} Royal tative office. ● September 9, 2019: Tencent published an article on the summary of India/Pakistan attacks [archived], geopolitical context, and general actor overviews. ● October 4, 2019: SideWinder and its use of the Royal Road Weaponizer were further references in a joint Anomali and Proofpoint presentation at the annual Virus Bulletin conference (Slides [Archived]/Video). This presentation adds further clarification to ",
1.0.0,actor--blackbyte,artifact--sha256:a1ca0e427910203eb115fe3a68db809bc630892052526419fe23bee914fba33b,observation--sha256:7b9cf6373d5534275eb131211247a69a871a4aa267a23c8441853ffd94a68bf6,file-name,global-perspective-of-the-sidewinder-apt.pdf,global-perspective-of-the-sidewinder-apt.pdf,candidate,,unknown,unknown,not-stated,,source--blackbyte--43ae5f2d8c1ec50a,actor_profile/evidence/blackbyte.csv,"{""row"": 395}",[],[],[],[],0,false,medium,TLP:CLEAR,csv-row,"sidewinder/global-perspective-of-the-sidewinder-apt.pdf {""page"": 4} Royal e apps operated in a multi-stage infection process, using CVE-2019-2215 and resulting in a full compromise of victim devices. ● January 17, 2020: At the Japan Security Analyst Conference, SideWinder and its past use of Royal Road Weaponizer were detailed in the presentation titled “An Overhead View of the Royal Road” by Rintaro Noike and Shota Nakajima of nao_sec (Slides [archived]/Video). ● April 14, 2020: Tencent reporte",
1.0.0,actor--blackbyte,artifact--sha256:a1ca0e427910203eb115fe3a68db809bc630892052526419fe23bee914fba33b,observation--sha256:5a35a07fbf0f4e92fa6e826a26bda55424f0360677f2ca002edeca47fbb635ba,file-name,global-perspective-of-the-sidewinder-apt.pdf,global-perspective-of-the-sidewinder-apt.pdf,candidate,,unknown,unknown,not-stated,,source--blackbyte--43ae5f2d8c1ec50a,actor_profile/evidence/blackbyte.csv,"{""row"": 396}",[],[],[],[],0,false,medium,TLP:CLEAR,csv-row,"sidewinder/global-perspective-of-the-sidewinder-apt.pdf {""page"": 4} Royal a full compromise of victim devices. ● January 17, 2020: At the Japan Security Analyst Conference, SideWinder and its past use of Royal Road Weaponizer were detailed in the presentation titled “An Overhead View of the Royal Road” by Rintaro Noike and Shota Nakajima of nao_sec (Slides [archived]/Video). ● April 14, 2020: Tencent reported on SideWinder taking advantage of the of COVID-19 pandemic [archived] in a campaign aga",
1.0.0,actor--blackbyte,artifact--sha256:ab2ad176f345df6a51c16889baba5028260f648b61cec5878097f33b82ce062e,observation--sha256:7e7d43f2b5cb2423269c0e6cdadad1de1d3c557522c1c5980e5bd0484fd46021,file-name,google_fog_of_war_research_report.pdf,google_fog_of_war_research_report.pdf,candidate,,unknown,unknown,not-stated,,source--blackbyte--43ae5f2d8c1ec50a,actor_profile/evidence/blackbyte.csv,"{""row"": 53}",[],[],[],[],0,false,medium,TLP:CLEAR,csv-row,"International Strategic/Russia/google_fog_of_war_research_report.pdf {""page"": 23} Conti after its suspected developer fled the Russian invasion of Ukraine, and is waiting to be extradited to the Us for legal prosecution after his arrest in the Netherlands. At the time of the invasion, the prominent Conti ransomware group splintered along political and geographical lines. Conti declared its support of Russia, and threatened to strike the critical infrastructure of nations that took action against",
1.0.0,actor--blackbyte,artifact--sha256:ab2ad176f345df6a51c16889baba5028260f648b61cec5878097f33b82ce062e,observation--sha256:408ffe10f7669d092cdb5952e32968b91e3f8fe277322ed2b09fe9a5a94d043f,file-name,google_fog_of_war_research_report.pdf,google_fog_of_war_research_report.pdf,candidate,,unknown,unknown,not-stated,,source--blackbyte--43ae5f2d8c1ec50a,actor_profile/evidence/blackbyte.csv,"{""row"": 54}",[],[],[],[],0,false,medium,TLP:CLEAR,csv-row,"International Strategic/Russia/google_fog_of_war_research_report.pdf {""page"": 23} Conti waiting to be extradited to the Us for legal prosecution after his arrest in the Netherlands. At the time of the invasion, the prominent Conti ransomware group splintered along political and geographical lines. Conti declared its support of Russia, and threatened to strike the critical infrastructure of nations that took action against Russia. Rather than an increase in attacks on critical infrastructure, the",
1.0.0,actor--blackbyte,artifact--sha256:ab2ad176f345df6a51c16889baba5028260f648b61cec5878097f33b82ce062e,observation--sha256:f1d9ecdb46432356de32729cbc26f2516a2411daf80bbca3cb832f4b885b2452,file-name,google_fog_of_war_research_report.pdf,google_fog_of_war_research_report.pdf,candidate,,unknown,unknown,not-stated,,source--blackbyte--43ae5f2d8c1ec50a,actor_profile/evidence/blackbyte.csv,"{""row"": 55}",[],[],[],[],0,false,medium,TLP:CLEAR,csv-row,"International Strategic/Russia/google_fog_of_war_research_report.pdf {""page"": 23} Conti ia, and threatened to strike the critical infrastructure of nations that took action against Russia. Rather than an increase in attacks on critical infrastructure, the announcement led to internal divisions within Conti, leaks of the group’s internal communications and source code, and the eventual shut down of the group. In a shift, there has been an increase in reported ransomware attacks in Russia. Before ",
1.0.0,actor--blackbyte,artifact--sha256:ab2ad176f345df6a51c16889baba5028260f648b61cec5878097f33b82ce062e,observation--sha256:e3de1a90cc467733ea08f81e0e33a8e3ad80da2b5b7a56a983d7ba4e93bf6e54,file-name,google_fog_of_war_research_report.pdf,google_fog_of_war_research_report.pdf,candidate,,unknown,unknown,not-stated,,source--blackbyte--43ae5f2d8c1ec50a,actor_profile/evidence/blackbyte.csv,"{""row"": 56}",[],[],[],[],0,false,medium,TLP:CLEAR,csv-row,"International Strategic/Russia/google_fog_of_war_research_report.pdf {""page"": 23} Conti somware creators used techniques to avoid targeting the Commonwealth of Independent States, including hard-coding country names and checking the system language. After the invasion, hacktivist group NB65 used leaked Conti source code to target Russian organizations. NB65 claims links to the Anonymous hacktivist collective, which conducted an “#OpRussia” campaign, including several hack-and-leak operations aga",
1.0.0,actor--blackbyte,artifact--sha256:ab2ad176f345df6a51c16889baba5028260f648b61cec5878097f33b82ce062e,observation--sha256:226eee9924073fbd2fcfe6b0dc770962fc96b05c5cd8fd51d94da8bcde9e9026,file-name,google_fog_of_war_research_report.pdf,google_fog_of_war_research_report.pdf,candidate,,unknown,unknown,not-stated,,source--blackbyte--43ae5f2d8c1ec50a,actor_profile/evidence/blackbyte.csv,"{""row"": 57}",[],[],[],[],0,false,medium,TLP:CLEAR,csv-row,"International Strategic/Russia/google_fog_of_war_research_report.pdf {""page"": 24} Conti - ties overlap with CERT-UA’s UAC-0098. UAC-0098 is a threat actor that historically delivered the IcedID banking trojan, leading to human-operated ransomware attacks. We assess some members of UAC-0098 are former Conti members repurpos- ing their techniques to target Ukraine. In early 2022, the attackers shifted their focus to targeting Ukrainian organizations, the Ukrainian government, and European humanita",
1.0.0,actor--blackbyte,artifact--sha256:b3506e16166a86ca44c9e40a03ebadcbf3573d599e504b21bad9fc9e3e1a4e47,observation--sha256:2727e6459b41f3ee3fe1c476585ad03fb7e97d2bb7e765045ad5b4d8c5bb47fc,file-name,group-ib-hi-tech-crime-trends-2022-2023-ru.pdf,group-ib-hi-tech-crime-trends-2022-2023-ru.pdf,candidate,,unknown,unknown,not-stated,,source--blackbyte--43ae5f2d8c1ec50a,actor_profile/evidence/blackbyte.csv,"{""row"": 548}",[],[],[],[],0,false,medium,TLP:CLEAR,csv-row,"summary/2023/group-ib-hi-tech-crime-trends-2022-2023-ru.pdf {""page"": 2} Conti елей на основе данных компаний, опубликованных на DLS 30 • Публичные партнерские программы 43 • Обзор тактик, техник и процедур в атаках с использованием программ-вымогателей 46 • Партнерская программа изнутри (Conti) 52 Атаки на крупные компании 54 Продажа доступов к корпоративным сетям (IAB) 55 • Типы доступов и права 59 • Топ-5 продавцов доступов 61 Доступы на андеграундных маркетах 66 • Логи стилеров 67 • Веб-шеллы",
1.0.0,actor--blackbyte,artifact--sha256:b3506e16166a86ca44c9e40a03ebadcbf3573d599e504b21bad9fc9e3e1a4e47,observation--sha256:078f8eae9b9aab44dd6f370b6217e50d36229717df65cbbe63370db9042ea2a7,file-name,group-ib-hi-tech-crime-trends-2022-2023-ru.pdf,group-ib-hi-tech-crime-trends-2022-2023-ru.pdf,candidate,,unknown,unknown,not-stated,,source--blackbyte--43ae5f2d8c1ec50a,actor_profile/evidence/blackbyte.csv,"{""row"": 549}",[],[],[],[],0,false,medium,TLP:CLEAR,csv-row,"summary/2023/group-ib-hi-tech-crime-trends-2022-2023-ru.pdf {""page"": 8} Conti брели вредоносы-вайперы: в 2022 году было обнаружено 7 новых «стирателей», нацеленных на украинскую инфраструктуру или украинские компании. • Из-за политических разногласий произошел раскол в преступной кибергруппе Conti, что привело к публикации внутренних файлов и переписки Conti и аффилированной группы Trickbot. В результате и Conti, и Trickbot прекратили существование в своем прежнем виде. • Мировой кризис вызвал р",
1.0.0,actor--blackbyte,artifact--sha256:b3506e16166a86ca44c9e40a03ebadcbf3573d599e504b21bad9fc9e3e1a4e47,observation--sha256:050b7016a8a0df2370f21ec48301120538d620bf30a5eaccd91cab3a6993f4ad,file-name,group-ib-hi-tech-crime-trends-2022-2023-ru.pdf,group-ib-hi-tech-crime-trends-2022-2023-ru.pdf,candidate,,unknown,unknown,not-stated,,source--blackbyte--43ae5f2d8c1ec50a,actor_profile/evidence/blackbyte.csv,"{""row"": 550}",[],[],[],[],0,false,medium,TLP:CLEAR,csv-row,"summary/2023/group-ib-hi-tech-crime-trends-2022-2023-ru.pdf {""page"": 8} Conti стирателей», нацеленных на украинскую инфраструктуру или украинские компании. • Из-за политических разногласий произошел раскол в преступной кибергруппе Conti, что привело к публикации внутренних файлов и переписки Conti и аффилированной группы Trickbot. В результате и Conti, и Trickbot прекратили существование в своем прежнем виде. • Мировой кризис вызвал резкий рост утечек данных: в нынешнем периоде H2 2021 – H1 2022",
1.0.0,actor--blackbyte,artifact--sha256:b3506e16166a86ca44c9e40a03ebadcbf3573d599e504b21bad9fc9e3e1a4e47,observation--sha256:ae30b9993239040e7f2a5246df16d144af548f0b75f9b108a851a1461b149728,file-name,group-ib-hi-tech-crime-trends-2022-2023-ru.pdf,group-ib-hi-tech-crime-trends-2022-2023-ru.pdf,candidate,,unknown,unknown,not-stated,,source--blackbyte--43ae5f2d8c1ec50a,actor_profile/evidence/blackbyte.csv,"{""row"": 551}",[],[],[],[],0,false,medium,TLP:CLEAR,csv-row,"summary/2023/group-ib-hi-tech-crime-trends-2022-2023-ru.pdf {""page"": 8} Conti и украинские компании. • Из-за политических разногласий произошел раскол в преступной кибергруппе Conti, что привело к публикации внутренних файлов и переписки Conti и аффилированной группы Trickbot. В результате и Conti, и Trickbot прекратили существование в своем прежнем виде. • Мировой кризис вызвал резкий рост утечек данных: в нынешнем периоде H2 2021 – H1 2022 была опубликована 1 421 база данных различных сайтов и",
1.0.0,actor--blackbyte,artifact--sha256:b3506e16166a86ca44c9e40a03ebadcbf3573d599e504b21bad9fc9e3e1a4e47,observation--sha256:f7987277dc7495dbf6d9af149655e4ef8a6531e5d491cb89ba6c463f85b993ce,file-name,group-ib-hi-tech-crime-trends-2022-2023-ru.pdf,group-ib-hi-tech-crime-trends-2022-2023-ru.pdf,candidate,,unknown,unknown,not-stated,,source--blackbyte--43ae5f2d8c1ec50a,actor_profile/evidence/blackbyte.csv,"{""row"": 552}",[],[],[],[],0,false,medium,TLP:CLEAR,csv-row,"summary/2023/group-ib-hi-tech-crime-trends-2022-2023-ru.pdf {""page"": 8} Conti мире. • Количество сайтов, где публикуются данные компаний (Data Leak Sites, DLS), выросло на 83%, достигнув 44. В публичный доступ попали данные 2 886 жертв. Самыми активными группами шифровальщиков стали Lockbit, Conti и Hive. • Ежедневно данные как минимум восьми компаний в мире попадают на DLS. Это только 10% тех, кто становится жертвами шифровальщиков. • Несмотря на запрет объявлений о поиске партнеров на ключевых",
1.0.0,actor--blackbyte,artifact--sha256:bdd1e2876da4ed33bf93a157c3ec735ef6a415a5888dd387c720b5ade0e91b85,observation--sha256:2edf5c9ef04bd7f10db1bd73d829eec42763c7b0190d40a3102ebede6b71414e,file-name,handbook-2022.pdf,handbook-2022.pdf,candidate,2018-06-01T00:00:00Z,day,known,same-record,,source--blackbyte--43ae5f2d8c1ec50a,actor_profile/evidence/blackbyte.csv,"{""row"": 451}",[],[],[],[],0,false,medium,TLP:CLEAR,csv-row,"summary/2022/APT group Intelligence Research handbook-2022.pdf {""page"": 179} Conti MixMaster 历史目标 未知 目标行业 金融 发现时间 2018-06-01 最近活跃 2021-10-04 动机 经济利益 描述 WIZARD SPIDER 是一个成长中的俄罗斯 APT 组织，主要运营 TrickBot 银行木马。 知识关联 报告数量 威胁指示器数量 网络基础设施数量 恶意样本数量 利用漏洞数量 57 3171 1180 1991 0 最近发布报告 2021-10-04 BazarLoader and the Conti Leaks alienvault 2021-09-01 Sidoh: WIZARD SPIDER’s Mysterious Exfiltration Tool alienvault 2021-08-16 Trickbot Leads Up to Fake 1Password Installation alienvault 2021-07-13 Analysis of Trickb",
1.0.0,actor--blackbyte,artifact--sha256:bdd1e2876da4ed33bf93a157c3ec735ef6a415a5888dd387c720b5ade0e91b85,observation--sha256:d3b388d2729da2856709b085e043c30b5a04a2b84aa2cb98fb4563fa5d1d5b64,file-name,handbook-2022.pdf,handbook-2022.pdf,candidate,2021-08-16T00:00:00Z,day,known,same-record,,source--blackbyte--43ae5f2d8c1ec50a,actor_profile/evidence/blackbyte.csv,"{""row"": 452}",[],[],[],[],0,false,medium,TLP:CLEAR,csv-row,"summary/2022/APT group Intelligence Research handbook-2022.pdf {""page"": 179} Diavol 09-01 Sidoh: WIZARD SPIDER’s Mysterious Exfiltration Tool alienvault 2021-08-16 Trickbot Leads Up to Fake 1Password Installation alienvault 2021-07-13 Analysis of Trickbot's VNC modules - July 2021 alienvault 2021-07-07 Diavol - A New Ransomware Used By Wizard Spider alienvault APT 组织画像",
1.0.0,actor--blackbyte,artifact--sha256:bdd1e2876da4ed33bf93a157c3ec735ef6a415a5888dd387c720b5ade0e91b85,observation--sha256:ace54d53c263405107d75033ce7200f8705b15625fc43b8998b28316038ecc33,file-name,handbook-2022.pdf,handbook-2022.pdf,candidate,2021-04-07T00:00:00Z,day,known,same-record,,source--blackbyte--43ae5f2d8c1ec50a,actor_profile/evidence/blackbyte.csv,"{""row"": 453}",[],[],[],[],0,false,medium,TLP:CLEAR,csv-row,"summary/2022/APT group Intelligence Research handbook-2022.pdf {""page"": 196} Royal -20 最近活跃 2021-04-07 动机 间谍活动 描述 Goblin Panda 组织主要使用鱼叉式网络钓鱼攻击东南亚、印度和美国的外交实体。 知识关联 报告数量 威胁指示器数量 网络基础设施数量 恶意样本数量 利用漏洞数量 13 805 228 576 1 最近发布报告 2021-04-07 The Leap of a Cycldek-related Threat Actor alienvault 2020-08-27 RTF Royal Road Drops a New MFC C++ Backdoor and Links to Goblin Panda alienvault 2020-06-04 Cycldek: Bridging the （air） gap alienvault 2020-06-03 Hellsing 组织攻击物理隔离系统 Kaspersky 2020-01-22 Shared malware",
1.0.0,actor--blackbyte,artifact--sha256:bdd1e2876da4ed33bf93a157c3ec735ef6a415a5888dd387c720b5ade0e91b85,observation--sha256:577b4affa445ced5cd0f693ade53d9b3ef0bd2bcb56ff518b8a6c495a9747a44,file-name,handbook-2022.pdf,handbook-2022.pdf,candidate,2016-09-01T00:00:00Z,day,known,same-record,,source--blackbyte--43ae5f2d8c1ec50a,actor_profile/evidence/blackbyte.csv,"{""row"": 454}",[],[],[],[],0,false,medium,TLP:CLEAR,csv-row,"summary/2022/APT group Intelligence Research handbook-2022.pdf {""page"": 87} Conti ardSpider 中文名 无 组织地理 俄罗斯 别名 无 历史目标 未知 目标行业 未知 发现时间 2016-09-01 最近活跃 2021-01-21 动机 经济利益 描述 WizardSpider 是一个讲俄语的有组织网络犯罪集团。该公司最著名的是其 Trickbot 银行木马，首次出 现于 2016 年。据报道，该僵尸网络已经感染了全球超过 100 万个系统。WizardSpider 的两个主要勒 索软件家族包括 Ryuk 和 Conti。 知识关联 报告数量 威胁指示器数量 网络基础设施数量 恶意样本数量 利用漏洞数量 3 52 27 25 0 最近发布报告 2021-09-04 How Do You Run A Cybercrime Gang? bushidotoken 2021-01-21 Additional BazarLoader IOCs - 21-01-2021 alienvault 2021-01-1",
1.0.0,actor--blackbyte,artifact--sha256:20bf3b73e648f43d453f76cbf6ba7fbcb57abb2a49062196dd4f29dca40c563f,observation--sha256:d6ef78bb1b21a8db9f146f50db04b81d14b8db6484bb5496c7e11b429193dafe,file-name,hunting-cobaltstrike-beacons-in-the-dark.pdf,hunting-cobaltstrike-beacons-in-the-dark.pdf,candidate,,unknown,unknown,not-stated,,source--blackbyte--43ae5f2d8c1ec50a,actor_profile/evidence/blackbyte.csv,"{""row"": 12}",[],[],[],[],0,false,medium,TLP:CLEAR,csv-row,"APT-hunting/hunting-cobaltstrike-beacons-in-the-dark.pdf {""page"": 14} Conti adversarial tooling means that what was once quite a complex affair is now nearly effortless. In some cases, it is as simple as copying and pasting a few commands and pressing a few buttons, as we saw with the leaked Conti ransomware playbook. Figure 2 – Truncated list of Conti ransomware playbook fi les – Translated 14",
1.0.0,actor--blackbyte,artifact--sha256:20bf3b73e648f43d453f76cbf6ba7fbcb57abb2a49062196dd4f29dca40c563f,observation--sha256:437e6b73da56c0bf912dbac8c405bde3b539a5ee13b1944a83024e6c3a1e12e5,file-name,hunting-cobaltstrike-beacons-in-the-dark.pdf,hunting-cobaltstrike-beacons-in-the-dark.pdf,candidate,,unknown,unknown,not-stated,,source--blackbyte--43ae5f2d8c1ec50a,actor_profile/evidence/blackbyte.csv,"{""row"": 13}",[],[],[],[],0,false,medium,TLP:CLEAR,csv-row,"APT-hunting/hunting-cobaltstrike-beacons-in-the-dark.pdf {""page"": 14} Conti omplex affair is now nearly effortless. In some cases, it is as simple as copying and pasting a few commands and pressing a few buttons, as we saw with the leaked Conti ransomware playbook. Figure 2 – Truncated list of Conti ransomware playbook fi les – Translated 14",
1.0.0,actor--blackbyte,artifact--sha256:20bf3b73e648f43d453f76cbf6ba7fbcb57abb2a49062196dd4f29dca40c563f,observation--sha256:a96034060d9b87648acd66891289016a2e52e7ae86d99891525b8646879bf4d5,file-name,hunting-cobaltstrike-beacons-in-the-dark.pdf,hunting-cobaltstrike-beacons-in-the-dark.pdf,candidate,,unknown,unknown,not-stated,,source--blackbyte--43ae5f2d8c1ec50a,actor_profile/evidence/blackbyte.csv,"{""row"": 14}",[],[],[],[],0,false,medium,TLP:CLEAR,csv-row,"APT-hunting/hunting-cobaltstrike-beacons-in-the-dark.pdf {""page"": 15} Conti nce (OSINT) using our Threat Intelligence Platform (TIP), and look to uncover new correlations and groupings, before circling back to reassess our CTI objectives and findings in a debrief. BleepingComputer Translated Conti ransomware playbook gives insight into attacks https://www.bleepingcomputer.com/news/security/translated-conti-ransomware-playbook-gives- insight-into-attacks/ 15",
1.0.0,actor--blackbyte,artifact--sha256:20bf3b73e648f43d453f76cbf6ba7fbcb57abb2a49062196dd4f29dca40c563f,observation--sha256:233657aa8eccd7efc7d5d486a2a0cccb4d46e146fe6b56cde812a8c353b98c74,file-name,hunting-cobaltstrike-beacons-in-the-dark.pdf,hunting-cobaltstrike-beacons-in-the-dark.pdf,candidate,,unknown,unknown,not-stated,,source--blackbyte--43ae5f2d8c1ec50a,actor_profile/evidence/blackbyte.csv,"{""row"": 15}",[],[],[],[],0,false,medium,TLP:CLEAR,csv-row,"APT-hunting/hunting-cobaltstrike-beacons-in-the-dark.pdf {""page"": 15} conti fore circling back to reassess our CTI objectives and findings in a debrief. BleepingComputer Translated Conti ransomware playbook gives insight into attacks https://www.bleepingcomputer.com/news/security/translated-conti-ransomware-playbook-gives- insight-into-attacks/ 15",
1.0.0,actor--blackbyte,artifact--sha256:20bf3b73e648f43d453f76cbf6ba7fbcb57abb2a49062196dd4f29dca40c563f,observation--sha256:dd95fd5f2f81834128c1115b4f5da669f7e1a272acc1dfc1a1e84fdd6a5febde,file-name,hunting-cobaltstrike-beacons-in-the-dark.pdf,hunting-cobaltstrike-beacons-in-the-dark.pdf,candidate,,unknown,unknown,not-stated,,source--blackbyte--43ae5f2d8c1ec50a,actor_profile/evidence/blackbyte.csv,"{""row"": 16}",[],[],[],[],0,false,medium,TLP:CLEAR,csv-row,"APT-hunting/hunting-cobaltstrike-beacons-in-the-dark.pdf {""page"": 6} Conti WNTO 89 Miscellaneous 91 5. Beacon of Hope 92 Intelligence Correlation 92 APT41 94 APT41 Continued - Gh0st in the Machine 96 APAC Red Teams 98 DarkSide 100 FIN7 102 WizardSpider 103 Ryuk 103 BazarLoader 104 TrickBot 106 Conti 108 MAN1 110 Ursnif - Saigon Fork 111 TA505 113 IcedID 112 Salfram Phishing Campaign 113 TA505 113 TA575 114 An Initial Access Broker - Zebra2104 116 Enter MountLocker 117 Enter StrongPity 118 Enter ",
1.0.0,actor--blackbyte,artifact--sha256:afe9d5a78282c5d54c0042c89c05dd1987923bd259bee0228c28ec983d328440,observation--sha256:ceca47ed84963b0600e6df4a8dd228ddf4f06fa749f460b8b2bd5aaf8fd15ae7,file-name,m-trends-2025-en.pdf,m-trends-2025-en.pdf,candidate,,unknown,unknown,not-stated,,source--blackbyte--43ae5f2d8c1ec50a,actor_profile/evidence/blackbyte.csv,"{""row"": 717}",[],[],[],[],0,false,medium,TLP:CLEAR,csv-row,"summary/2025/m-trends-2025-en.pdf {""page"": 22} CONTI files. Encrypted files have the extension "".akira"" appended to the filename. Files are encrypted using ChaCha20, and a ransom note is written to every folder with encrypted files. REDBIKE has some code overlaps with CONTI ransomware. SYSTEMBC SYSTEMBC is a tunneler written in C that retrieves proxy-related commands from a C2 server using a custom binary protocol over TCP. A C2 server directs SYSTEMBC to act as a proxy between the C2 s",
1.0.0,actor--blackbyte,artifact--sha256:afe9d5a78282c5d54c0042c89c05dd1987923bd259bee0228c28ec983d328440,observation--sha256:53aa72107fcf0cd16585c5f69e124426c8000a3993eaa710ebd055ee02e3fed5,file-name,m-trends-2025-en.pdf,m-trends-2025-en.pdf,candidate,,unknown,unknown,not-stated,,source--blackbyte--43ae5f2d8c1ec50a,actor_profile/evidence/blackbyte.csv,"{""row"": 718}",[],[],[],[],0,false,medium,TLP:CLEAR,csv-row,"summary/2025/m-trends-2025-en.pdf {""page"": 32} CONTI ckBit vs. RANSOMHUB DLS Listings, 2024 UNC216518 is a financially motivated threat cluster that has been active since at least 2019 and has conducted ransomware and data theft extortion operations using HADES, LOCKBIT, CONTI, and RANSOMHUB ransomware. UNC2165 has primarily gained access to victim organizations from FAKEUPDATES infections, although, since late 2020, some intrusions appeared to leverage stolen credentials. UNC2165 has used",
1.0.0,actor--blackbyte,artifact--sha256:7319aa4c71f6a7c828a5eff431f494832ef95ab2e47ef514d996deba1c77aa15,observation--sha256:be4df02d45779630bb5b5afbac2f27ad7bdd6500176f3fc9f62663c809ddc071,file-name,mag5Wip3Ide.exe,mag5Wip3Ide.exe,candidate,,unknown,unknown,not-stated,,source--blackbyte--43ae5f2d8c1ec50a,actor_profile/evidence/blackbyte.csv,"{""row"": 109}",[],[],[],[],0,false,medium,TLP:CLEAR,csv-row,"cybercrime/[RIG] RIG Exploit Kit_ In-Depth Analysis.pdf {""page"": 14} Royal DAnFuzAaX9JE4n.exe d43fa3957b4004ebdbe5073f99a32c9e Dridex mag5Wip3Ide.exe c6cc42b429c26e68deec777eedb4c11d Dridex GerxIflwewM.exe 4ed2076ec15170d68a88d8b4db34fff1 UrSnif gErVP6ZddBw.exe 6b3d119e8c22e8670deb3a4f79646495 Royal Ransomware DVqj6UhQ.exe 6cb6a59dc12494d5c5224fc03eb12ece Royal Ransomware Table 1. Malware samples RIG EK was observed distributing This is only a small glimpse into the myriad of malware that RIG EK",
1.0.0,actor--blackbyte,artifact--sha256:dd195a578e8fe0ada2e8d29d75015e8fce1095aa965c0b650d34b7db351edc00,observation--sha256:c3a301792e2707246f07b758b190d4107d4141f94751c88d7c55008728624915,file-name,mpressioncss_ta_report_2020_5_en.pdf,mpressioncss_ta_report_2020_5_en.pdf,candidate,,unknown,unknown,not-stated,,source--blackbyte--43ae5f2d8c1ec50a,actor_profile/evidence/blackbyte.csv,"{""row"": 415}",[],[],[],[],0,false,medium,TLP:CLEAR,csv-row,"summary/2021/mpressioncss_ta_report_2020_5_en.pdf {""page"": 22} Royal roup, but from around 2019, it has been observed to be used in activities by other threat actors nexus to Chinese-speaking regions, and it is now thought that ShadowPad is a shared tool in the same way as PlugX 15 and Royal Road RTF Weaponizer. 16 At the time of writing this report, threat actors observed to be using ShadowPad are Winnti Group, Sanyo (Tonto Team), an actor using IceFog, Tropic Trooper (KeyBoy), and Tick.17 Shad",
1.0.0,actor--blackbyte,artifact--sha256:2da87640d329b441102eb97e00e64b97679d619529101d8bcf3b6cc729439303,observation--sha256:52017b76da02d9b81c1ba6d9909ee90ed63df43c20e5a988529aeefe3e4ea986,file-name,national-cyber-threat-assessment-2025-2026-e.pdf,national-cyber-threat-assessment-2025-2026-e.pdf,candidate,,unknown,unknown,not-stated,,source--blackbyte--43ae5f2d8c1ec50a,actor_profile/evidence/blackbyte.csv,"{""row"": 35}",[],[],[],[],0,false,medium,TLP:CLEAR,csv-row,"International Strategic/Canada/national-cyber-threat-assessment-2025-2026-e.pdf {""page"": 24} BLACK BASTA y exploiting unpatched software vulnerabilities.76 4. PLAY: Play is a RaaS cybercrime group operating a ransomware variant of the same name that has been used to impact healthcare and manufacturing organizations.77 5. BLACK BASTA: Black Basta is a RaaS cybercrime group operating a ransomware variant of the same name that has been used to impact critical infrastructure entities, including heal",
1.0.0,actor--blackbyte,artifact--sha256:2da87640d329b441102eb97e00e64b97679d619529101d8bcf3b6cc729439303,observation--sha256:ed8842659842d7c3f7e432e5465c21793a805f658e0c7546292fd121ce37af34,file-name,national-cyber-threat-assessment-2025-2026-e.pdf,national-cyber-threat-assessment-2025-2026-e.pdf,candidate,,unknown,unknown,not-stated,,source--blackbyte--43ae5f2d8c1ec50a,actor_profile/evidence/blackbyte.csv,"{""row"": 36}",[],[],[],[],0,false,medium,TLP:CLEAR,csv-row,"International Strategic/Canada/national-cyber-threat-assessment-2025-2026-e.pdf {""page"": 24} Black Basta unpatched software vulnerabilities.76 4. PLAY: Play is a RaaS cybercrime group operating a ransomware variant of the same name that has been used to impact healthcare and manufacturing organizations.77 5. BLACK BASTA: Black Basta is a RaaS cybercrime group operating a ransomware variant of the same name that has been used to impact critical infrastructure entities, including healthcare and go",
1.0.0,actor--blackbyte,artifact--sha256:2da87640d329b441102eb97e00e64b97679d619529101d8bcf3b6cc729439303,observation--sha256:785944467358e91bf195e2141a63ba4482e4155d7911703958cb348775a5bd30,file-name,national-cyber-threat-assessment-2025-2026-e.pdf,national-cyber-threat-assessment-2025-2026-e.pdf,candidate,,unknown,unknown,not-stated,,source--blackbyte--43ae5f2d8c1ec50a,actor_profile/evidence/blackbyte.csv,"{""row"": 37}",[],[],[],[],0,false,medium,TLP:CLEAR,csv-row,"International Strategic/Canada/national-cyber-threat-assessment-2025-2026-e.pdf {""page"": 46} Royal ed-international-cyber-operation. 62 Canadian Centre for Cyber Security, Baseline cyber threat assessment: Cybercrime, 28 August 2023. https://www.cyber.gc.ca/ en/guidance/baseline-cyber-threat-assessment-cybercrime. 63 Royal Canadian Mounted Police, Fraud Prevention Month 2024: Fighting fraud in the digital era, 29 February 2024. https://www. rcmp-grc.gc.ca/en/news/2024/fraud-prevention-month-2024",
1.0.0,actor--blackbyte,artifact--sha256:2da87640d329b441102eb97e00e64b97679d619529101d8bcf3b6cc729439303,observation--sha256:7345b27e8244b138a7da9232df47c6de1aefde81d6ea362ab1fb013d3c92176e,file-name,national-cyber-threat-assessment-2025-2026-e.pdf,national-cyber-threat-assessment-2025-2026-e.pdf,candidate,,unknown,unknown,not-stated,,source--blackbyte--43ae5f2d8c1ec50a,actor_profile/evidence/blackbyte.csv,"{""row"": 38}",[],[],[],[],0,false,medium,TLP:CLEAR,csv-row,"International Strategic/Canada/national-cyber-threat-assessment-2025-2026-e.pdf {""page"": 46} Royal ss email compromise (BEC)?, https://www.ibm.com/topics/business-email-compromise. 65 Canadian Anti-Fraud Centre, Annual Report 2022. https://publications.gc.ca/collections/collection_2024/grc-rcmp/PS61-46- 2022-eng.pdf; Royal Canadian Mounted Police, Fraud Prevention Month 2024: Fighting fraud in the digital era, 29 February 2024. https://www.rcmp-grc.gc.ca/en/news/2024/fraud-prevention-month-2024-",
1.0.0,actor--blackbyte,artifact--sha256:2da87640d329b441102eb97e00e64b97679d619529101d8bcf3b6cc729439303,observation--sha256:d14e14b90c281acbaa9ac51ebc2b6a068de26e8f97ad0ddd89fbf9526cf45d8c,file-name,national-cyber-threat-assessment-2025-2026-e.pdf,national-cyber-threat-assessment-2025-2026-e.pdf,candidate,2024-05-10T00:00:00Z,day,known,same-record,,source--blackbyte--43ae5f2d8c1ec50a,actor_profile/evidence/blackbyte.csv,"{""row"": 39}",[],[],[],[],0,false,medium,TLP:CLEAR,csv-row,"International Strategic/Canada/national-cyber-threat-assessment-2025-2026-e.pdf {""page"": 47} Black Basta 78 Cybersecurity Infrastructure & Security Agency, CISA and Partners Release Advisory on Black Basta Ransomware, 10 May 2024. https://www.cisa.gov/news-events/alerts/2024/05/10/cisa-and-partners-release-advisory-black-basta-ransomware. 79 The bar for 2024 represents a projection for what we expect the total number of",
1.0.0,actor--blackbyte,artifact--sha256:a68b79e4cc77720d8501c3189eca9cfdfa66b5b1df2285f2abcd6284d6616c33,observation--sha256:787612a9589ae2c848c357f1f7fd7e2acfc81ffa0a0069bf1b373ce1ac68cbf1,file-name,positive-research-2023-eng.pdf,positive-research-2023-eng.pdf,candidate,,unknown,unknown,not-stated,,source--blackbyte--43ae5f2d8c1ec50a,actor_profile/evidence/blackbyte.csv,"{""row"": 553}",[],[],[],[],0,false,medium,TLP:CLEAR,csv-row,"summary/2023/positive-research-2023-eng.pdf {""page"": 12} Conti nother. In 41% of cases, state interests were violated—for example, due to the unavailability of important IT systems or leaks of information about citizens. An unprecedented incident occurred in April 2022, when the Conti ransomware group demanded a ransom of $20 million from the government of Costa Rica❷. 403 incidents in 2022, which is 25% more than in 2021",
1.0.0,actor--blackbyte,artifact--sha256:a68b79e4cc77720d8501c3189eca9cfdfa66b5b1df2285f2abcd6284d6616c33,observation--sha256:8b88162cb2bac4c192154feddbe7876831cacf0483f29e154c11511e6d38638f,file-name,positive-research-2023-eng.pdf,positive-research-2023-eng.pdf,candidate,,unknown,unknown,not-stated,,source--blackbyte--43ae5f2d8c1ec50a,actor_profile/evidence/blackbyte.csv,"{""row"": 554}",[],[],[],[],0,false,medium,TLP:CLEAR,csv-row,"summary/2023/positive-research-2023-eng.pdf {""page"": 14} Conti eli government online resources led to websites in the gov.il subdomain shutting down and the government declaring a state of emergency. 2 Government operations interrupted Ministry of Finance of Costa Rica The Conti ransomware group attacked the Costa Rican finance ministry and a number of other government agencies in that country, prompting the government to declare a state of emergency. A full recovery of all government system",
1.0.0,actor--blackbyte,artifact--sha256:a68b79e4cc77720d8501c3189eca9cfdfa66b5b1df2285f2abcd6284d6616c33,observation--sha256:c88f07a1a042c78b5e882e715a8be146aa38462a84e0c12470ce1f1b10871f51,file-name,positive-research-2023-eng.pdf,positive-research-2023-eng.pdf,candidate,,unknown,unknown,not-stated,,source--blackbyte--43ae5f2d8c1ec50a,actor_profile/evidence/blackbyte.csv,"{""row"": 555}",[],[],[],[],0,false,medium,TLP:CLEAR,csv-row,"summary/2023/positive-research-2023-eng.pdf {""page"": 15} Conti eli government online resources led to websites in the gov.il subdomain shutting down and the government declaring a state of emergency. 2 Government operations interrupted Ministry of Finance of Costa Rica The Conti ransomware group attacked the Costa Rican finance ministry and a number of other government agencies in that country, prompting the government to declare a state of emergency. A full recovery of all government system",
1.0.0,actor--blackbyte,artifact--sha256:a68b79e4cc77720d8501c3189eca9cfdfa66b5b1df2285f2abcd6284d6616c33,observation--sha256:795694f959d7cd11ca6a6aaf3646b1f312feb03f2fa65130d71a713e574377e1,file-name,positive-research-2023-eng.pdf,positive-research-2023-eng.pdf,candidate,,unknown,unknown,not-stated,,source--blackbyte--43ae5f2d8c1ec50a,actor_profile/evidence/blackbyte.csv,"{""row"": 556}",[],[],[],[],0,false,medium,TLP:CLEAR,csv-row,"summary/2023/positive-research-2023-eng.pdf {""page"": 27} Conti 53% in Q1 to as much as 80% in Q3. The share of wipers reached 7%. Massive attacks affected various industries: oil & gas, energy, agro-industrial sector, met - allurgy, and food industry. Thus, in early April 2022, Conti group's attack on Nordex—one of the largest wind turbine manufacturers—led to encryption of the company's data infrastructure and a massive cutoff of remote access to the turbines 2 In Q2, an attack on three Irania",
1.0.0,actor--blackbyte,artifact--sha256:a68b79e4cc77720d8501c3189eca9cfdfa66b5b1df2285f2abcd6284d6616c33,observation--sha256:c3c61a917ce1e177304c6dc5e0e4a129f7568d07c8922e2c1992b3b895707139,file-name,positive-research-2023-eng.pdf,positive-research-2023-eng.pdf,candidate,,unknown,unknown,not-stated,,source--blackbyte--43ae5f2d8c1ec50a,actor_profile/evidence/blackbyte.csv,"{""row"": 557}",[],[],[],[],0,false,medium,TLP:CLEAR,csv-row,"summary/2023/positive-research-2023-eng.pdf {""page"": 9} Conti 9 Top 10 cyber- attacksof 1 -> 2 -> 3 -> 4 -> Ransomware attack on Costa Rican government entities April 2022 saw an unprecedented attack on government: the Conti ransomware group hit Costa Rican government entities and demanded a ransom of $20 million. With most of the country's IT infrastructure down, a state of emergency was declared. It wasn't long before the Costa Rican h",
1.0.0,actor--blackbyte,artifact--sha256:d7eeb0adb0f0a41176cb676e461ab33a4ff2dc8defb9a04dd98c4b230bc803fd,observation--sha256:3eecb2c125da8a3f845743fb38e122b4dde99779964e1d1de85e2347d6a93188,file-name,powershell.exe,powershell.exe,candidate,,unknown,unknown,not-stated,,source--blackbyte--43ae5f2d8c1ec50a,actor_profile/evidence/blackbyte.csv,"{""row"": 541}",[],[],[],[],0,false,medium,TLP:CLEAR,csv-row,"summary/2023/RedReport2023-Picus.pdf {""page"": 18} BlackByte use PowerShell to delete or remove sensitive data from the operating system and disable services that help recover a damaged system, hindering recovery efforts. For instance, the following command is executed by the BlackByte ransomware. 18 powershell.exe $x = [System.Text.Encoding]::Unicode.GetString([System.Convert]::FromBase 64String('RwBlA HQALQBXAG0AaQBPAGIAagBlAGMAdAAg'+'AFcAaQBuADMAMgBfAFMAaABhAGQAb wB3AGMAbwBwAHkAIAB8AC'+'AARgBv",
1.0.0,actor--blackbyte,artifact--sha256:c672b170f24b60f5c286faf01493a341b45583c79839609683f0d52f0ba194c1,observation--sha256:750d2fc07aa514b8cc88a83f339127924351e0a572af22987d370213aa035976,file-name,pwc-cyber-risk-reg-2025.pdf,pwc-cyber-risk-reg-2025.pdf,candidate,,unknown,unknown,not-stated,,source--blackbyte--43ae5f2d8c1ec50a,actor_profile/evidence/blackbyte.csv,"{""row"": 632}",[],[],[],[],0,false,medium,TLP:CLEAR,csv-row,"summary/2024/pwc-cyber-risk-reg-2025.pdf {""page"": 7} quantum ed devices and operational technology (OT), which will affect industries such as manufacturing, healthcare and energy. As more devices become interconnected, securing these systems becomes harder. In addition, while quantum computing is still on the horizon, 42% percent of security executives report that it has already caused them to address vulnerabilities. Wake-up call Continuous assessment of new vulnerabilities, investment in advan",
1.0.0,actor--blackbyte,artifact--sha256:c672b170f24b60f5c286faf01493a341b45583c79839609683f0d52f0ba194c1,observation--sha256:d2d0fafbfa023bd5eb68b4f91c4a13fa28642f0b6788d133a20ad4ff6f1790a8,file-name,pwc-cyber-risk-reg-2025.pdf,pwc-cyber-risk-reg-2025.pdf,candidate,,unknown,unknown,not-stated,,source--blackbyte--43ae5f2d8c1ec50a,actor_profile/evidence/blackbyte.csv,"{""row"": 633}",[],[],[],[],0,false,medium,TLP:CLEAR,csv-row,"summary/2024/pwc-cyber-risk-reg-2025.pdf {""page"": 8} quantum ped up their cyber investment in GenAI, particularly focusing on governance. This investment in GenAI underscores the importance of managing both its capabilities and risks. Companies are also beginning to invest in quantum preparedness. Although adoption remains years away, there’s already a growing imperative to pursue quantum- resistant technologies and post-quantum security measures to combat future threats posed by this technology",
1.0.0,actor--blackbyte,artifact--sha256:c672b170f24b60f5c286faf01493a341b45583c79839609683f0d52f0ba194c1,observation--sha256:8a82172d3aa10d172229a45ce8016f9d75fb4bc1d076b186b49231526de08ea4,file-name,pwc-cyber-risk-reg-2025.pdf,pwc-cyber-risk-reg-2025.pdf,candidate,,unknown,unknown,not-stated,,source--blackbyte--43ae5f2d8c1ec50a,actor_profile/evidence/blackbyte.csv,"{""row"": 634}",[],[],[],[],0,false,medium,TLP:CLEAR,csv-row,"summary/2024/pwc-cyber-risk-reg-2025.pdf {""page"": 8} quantum scores the importance of managing both its capabilities and risks. Companies are also beginning to invest in quantum preparedness. Although adoption remains years away, there’s already a growing imperative to pursue quantum- resistant technologies and post-quantum security measures to combat future threats posed by this technology in the wrong hands. Emerging technologies and GenAI Wake-up call GenAI can transform your cyber defences, ",
1.0.0,actor--blackbyte,artifact--sha256:c672b170f24b60f5c286faf01493a341b45583c79839609683f0d52f0ba194c1,observation--sha256:6cd9d0f5f5bacf8fa6948d8f783fa55ba4ec3b79db3c9c9f16df472a51edd513,file-name,pwc-cyber-risk-reg-2025.pdf,pwc-cyber-risk-reg-2025.pdf,candidate,,unknown,unknown,not-stated,,source--blackbyte--43ae5f2d8c1ec50a,actor_profile/evidence/blackbyte.csv,"{""row"": 635}",[],[],[],[],0,false,medium,TLP:CLEAR,csv-row,"summary/2024/pwc-cyber-risk-reg-2025.pdf {""page"": 8} quantum s capabilities and risks. Companies are also beginning to invest in quantum preparedness. Although adoption remains years away, there’s already a growing imperative to pursue quantum- resistant technologies and post-quantum security measures to combat future threats posed by this technology in the wrong hands. Emerging technologies and GenAI Wake-up call GenAI can transform your cyber defences, but only if you overcome the challenges t",
1.0.0,actor--blackbyte,artifact--sha256:c672b170f24b60f5c286faf01493a341b45583c79839609683f0d52f0ba194c1,observation--sha256:649092b91da5d72a909a43d9bd49d69673c46c56a894566357dd7ece6b9d2e8f,file-name,pwc-cyber-risk-reg-2025.pdf,pwc-cyber-risk-reg-2025.pdf,candidate,,unknown,unknown,not-stated,,source--blackbyte--43ae5f2d8c1ec50a,actor_profile/evidence/blackbyte.csv,"{""row"": 636}",[],[],[],[],0,false,medium,TLP:CLEAR,csv-row,"summary/2024/pwc-cyber-risk-reg-2025.pdf {""page"": 9} quantum uses of data and potential legal exposure. Emerging technologies and GenAI Wake-up call Investing in GenAI is just the start. Move the needle more by exploring the untapped potential of other technologies, including quantum-resistant solutions, to help your defences outpace evolving threats.",
1.0.0,actor--blackbyte,artifact--sha256:b9719af924e5f8b15540303a0915645d6fe4084517c988a11840b02a52273fb6,observation--sha256:62c3a92e437343e827752f49846517be73062804882ae8037b23cb4dd63aa044,file-name,quantum-threat-timeline-report-2024.pdf,quantum-threat-timeline-report-2024.pdf,candidate,,unknown,unknown,not-stated,,source--blackbyte--43ae5f2d8c1ec50a,actor_profile/evidence/blackbyte.csv,"{""row"": 637}",[],[],[],[],0,false,medium,TLP:CLEAR,csv-row,"summary/2024/quantum-threat-timeline-report-2024.pdf {""page"": 1} QUANTUM DECEMBER 2024 QUANTUM THREAT TIMELINE REPORT 2024 Authors Dr. Michele Mosca Co-Founder & CEO, evolutionQ Inc. Dr. Marco Piani Senior Research Analyst, evolutionQ Inc.",
1.0.0,actor--blackbyte,artifact--sha256:b9719af924e5f8b15540303a0915645d6fe4084517c988a11840b02a52273fb6,observation--sha256:4d80618dff88b8b6c2f78083af7481e11e4d4cebe0d90c47cb03043fd82ac098,file-name,quantum-threat-timeline-report-2024.pdf,quantum-threat-timeline-report-2024.pdf,candidate,,unknown,unknown,not-stated,,source--blackbyte--43ae5f2d8c1ec50a,actor_profile/evidence/blackbyte.csv,"{""row"": 638}",[],[],[],[],0,false,medium,TLP:CLEAR,csv-row,"summary/2024/quantum-threat-timeline-report-2024.pdf {""page"": 2} Quantum ...................................................... 4 1 Introduction ........................................................................................................................................... 7 1.1 Quantum computing...................................................................................................................... 7 1.2 Quantum threat to cybersecurity ...................................",
1.0.0,actor--blackbyte,artifact--sha256:b9719af924e5f8b15540303a0915645d6fe4084517c988a11840b02a52273fb6,observation--sha256:088bb0019edfd562e0afde5fce2a4d45b8c22a7d78d85b5c5076116a0d692136,file-name,quantum-threat-timeline-report-2024.pdf,quantum-threat-timeline-report-2024.pdf,candidate,,unknown,unknown,not-stated,,source--blackbyte--43ae5f2d8c1ec50a,actor_profile/evidence/blackbyte.csv,"{""row"": 639}",[],[],[],[],0,false,medium,TLP:CLEAR,csv-row,"summary/2024/quantum-threat-timeline-report-2024.pdf {""page"": 2} Quantum ..................................................................... 7 1.1 Quantum computing...................................................................................................................... 7 1.2 Quantum threat to cybersecurity .................................................................................................. 8 1.3 Quantum computing towards fault tolerance ..............................",
1.0.0,actor--blackbyte,artifact--sha256:b9719af924e5f8b15540303a0915645d6fe4084517c988a11840b02a52273fb6,observation--sha256:f1776299973a1b135fb67e68c9a8db04148ba655330f555c30217d45b478c30b,file-name,quantum-threat-timeline-report-2024.pdf,quantum-threat-timeline-report-2024.pdf,candidate,,unknown,unknown,not-stated,,source--blackbyte--43ae5f2d8c1ec50a,actor_profile/evidence/blackbyte.csv,"{""row"": 640}",[],[],[],[],0,false,medium,TLP:CLEAR,csv-row,"summary/2024/quantum-threat-timeline-report-2024.pdf {""page"": 2} Quantum .......................................................................... 7 1.2 Quantum threat to cybersecurity .................................................................................................. 8 1.3 Quantum computing towards fault tolerance ............................................................................. 10 2 Scope of this report ...............................................................",
1.0.0,actor--blackbyte,artifact--sha256:b9719af924e5f8b15540303a0915645d6fe4084517c988a11840b02a52273fb6,observation--sha256:1dff0ad4c691309b0e3b8ac8186338c7cbbf0ae98e4978522f81279a01fdea50,file-name,quantum-threat-timeline-report-2024.pdf,quantum-threat-timeline-report-2024.pdf,candidate,,unknown,unknown,not-stated,,source--blackbyte--43ae5f2d8c1ec50a,actor_profile/evidence/blackbyte.csv,"{""row"": 641}",[],[],[],[],0,false,medium,TLP:CLEAR,csv-row,"summary/2024/quantum-threat-timeline-report-2024.pdf {""page"": 2} Quantum ............................................................... 15 4.1 Physical realizations ..................................................................................................................... 16 4.2 Quantum factoring ...................................................................................................................... 19 4.2.1 Coarse-grained likelihood estimates ...........................",
1.0.0,actor--blackbyte,artifact--sha256:321b009475940635f21ae3ed2aeec94fb6a0128afbe5fa33a76f6c9d2fce827a,observation--sha256:a97eaf8a93c7f35e341bb723755896b1a6574201801ac26fd1cc0c53723eac86,file-name,quantum.php,quantum.php,candidate,,unknown,unknown,not-stated,,source--blackbyte--43ae5f2d8c1ec50a,actor_profile/evidence/blackbyte.csv,"{""row"": 346}",[],[],[],[],0,false,medium,TLP:CLEAR,csv-row,"parse-daily/.cache/tech-memo/daily-news/news/2025_10-12/20251112.md {""line"": 187} quantum - メール/プロキシで「quantum.php」を含む不審リダイレクトの検知・遮断ルールを即時追加し、直近のM365サインイン異常を確認する",
1.0.0,actor--blackbyte,artifact--sha256:10b61f25442149a73b5235d333ca59b444b8ee9bfed948880670dfbb51498c7c,observation--sha256:a24403e1671524840bfce09538bd3dfce22fcbf19bba4206f91b133f547bad27,file-name,rapid7_2024_attack_intelligence_report.pdf,rapid7_2024_attack_intelligence_report.pdf,candidate,,unknown,unknown,not-stated,,source--blackbyte--43ae5f2d8c1ec50a,actor_profile/evidence/blackbyte.csv,"{""row"": 642}",[],[],[],[],0,false,medium,TLP:CLEAR,csv-row,"summary/2024/rapid7_2024_attack_intelligence_report.pdf {""page"": 18} Royal d have allegedly racked up hundreds of millions in profit. The Rhysida ransomware group executed an attack on the British Library that took down systems for months, an incident attributed to LockBit disrupted British Royal Mail operations, and an estimated 100 million+ American consumers became collateral damage from ransomware attacks targeting healthcare organizations in 2023. 18",
1.0.0,actor--blackbyte,artifact--sha256:10b61f25442149a73b5235d333ca59b444b8ee9bfed948880670dfbb51498c7c,observation--sha256:ff98b9e0a05e7ceb424a48dfc6b91261b3d02698ab175ec22d1301b79ab4b875,file-name,rapid7_2024_attack_intelligence_report.pdf,rapid7_2024_attack_intelligence_report.pdf,candidate,,unknown,unknown,not-stated,,source--blackbyte--43ae5f2d8c1ec50a,actor_profile/evidence/blackbyte.csv,"{""row"": 643}",[],[],[],[],0,false,medium,TLP:CLEAR,csv-row,"summary/2024/rapid7_2024_attack_intelligence_report.pdf {""page"": 19} Conti ware servers and sites after a months-long FBI infiltration of the group’s network, an international operation to disrupt BlackCat/ALPHV ransomware, and the indictment of multiple foreign nationals in connection with Conti ransomware and Trickbot malware operations — to name a few. In October 2023, the U.S. Cybersecurity and Infrastructure Security Agency (CISA) announced that they had begun incorporating ransomware infor",
1.0.0,actor--blackbyte,artifact--sha256:c5a3af06da39bb85bfb59648e83f1991b9da8646e3f4bd460b9137347da24772,observation--sha256:928abe0751a890cb13daf40b042096a99807b682966f5d6102029bb21e23ef86,file-name,rpt-toward-a-new-momentum-trend-micro-security-predictions-for-2022.pdf,rpt-toward-a-new-momentum-trend-micro-security-predictions-for-2022.pdf,candidate,,unknown,unknown,not-stated,,source--blackbyte--43ae5f2d8c1ec50a,actor_profile/evidence/blackbyte.csv,"{""row"": 478}",[],[],[],[],0,false,medium,TLP:CLEAR,csv-row,"summary/2022/rpt-toward-a-new-momentum-trend-micro-security-predictions-for-2022.pdf {""page"": 27} Conti us/research/21/g/it- management-platform-kaseya-hit-with-sodinokibi-revil-ransomwa.html. 71. J anus Agcaoili et al. (June 15, 2021). Trend Micro Security News. “Ransomware Double Extortion and Beyond: REvil, Clop, and Conti.” Accessed on Nov. 5, 2021, at https:/ /www.trendmicro.com/vinfo/us/security/news/cybercrime-and-digital-threats/ ransomware-double-extortion-and-beyond-revil-clop-and-cont",
1.0.0,actor--blackbyte,artifact--sha256:c5a3af06da39bb85bfb59648e83f1991b9da8646e3f4bd460b9137347da24772,observation--sha256:dcea558d66569d2c5e5c1e18dbca67f90b91af9e3e6df2ae7722193650f09fbd,file-name,rpt-toward-a-new-momentum-trend-micro-security-predictions-for-2022.pdf,rpt-toward-a-new-momentum-trend-micro-security-predictions-for-2022.pdf,candidate,,unknown,unknown,not-stated,,source--blackbyte--43ae5f2d8c1ec50a,actor_profile/evidence/blackbyte.csv,"{""row"": 479}",[],[],[],[],0,false,medium,TLP:CLEAR,csv-row,"summary/2022/rpt-toward-a-new-momentum-trend-micro-security-predictions-for-2022.pdf {""page"": 27} conti ouble Extortion and Beyond: REvil, Clop, and Conti.” Accessed on Nov. 5, 2021, at https:/ /www.trendmicro.com/vinfo/us/security/news/cybercrime-and-digital-threats/ ransomware-double-extortion-and-beyond-revil-clop-and-conti. 72. T rend Micro. (Sept. 14, 2021). Trend Micro. “Attacks From All Angles: 2021 Midyear Cybersecurity Report.” Accessed on Nov. 25, 2021, at https:/ /www.trendmicro.com/v",
1.0.0,actor--blackbyte,artifact--sha256:49871014c6ce192eefe0a38ff85a6366028585ba3b2befd2caf6b32a40960bb3,observation--sha256:2a22ab57bc4180c72d0bf6fda4a536657f4735fa3327bd3094a70410810f4732,file-name,sophos-2021-threat-report.pdf,sophos-2021-threat-report.pdf,candidate,,unknown,unknown,not-stated,,source--blackbyte--43ae5f2d8c1ec50a,actor_profile/evidence/blackbyte.csv,"{""row"": 416}",[],[],[],[],0,false,medium,TLP:CLEAR,csv-row,"summary/2021/sophos-2021-threat-report.pdf {""page"": 6} Conti have won’t be detected by endpoint security products. The list of ransomware families that engage in this practice continues to grow, and now includes Doppelpaymer, REvil, Clop, DarkSide, Netwalker, Ragnar Locker, and Conti, among many others. The attackers operate “leaks” sites, where they publicize what data they’ve stolen; REvil allows anyone to buy the data from them right from its website.",
1.0.0,actor--blackbyte,artifact--sha256:2a516647d498b9541da586b9e146b75f6572621b2572fb801a62416ce9b19e42,observation--sha256:e79607471a6ea70f7732d526e2806b7d6d41d49f8c93fff4dd106f22b6222653,file-name,sophos-2022-threat-report.pdf,sophos-2022-threat-report.pdf,candidate,,unknown,unknown,not-stated,,source--blackbyte--43ae5f2d8c1ec50a,actor_profile/evidence/blackbyte.csv,"{""row"": 480}",[],[],[],[],0,false,medium,TLP:CLEAR,csv-row,"summary/2022/sophos-2022-threat-report.pdf {""page"": 6} Conti Sophos 2022 Threat Report 5 November 2021 In 2021, a disgruntled affiliate of the Conti RaaS service, unhappy with how they were treated by the ransomware creators, published an archive that included a rich trove of documentation and guidance (mostly written in Russian) designed to instruct an attacker “",
1.0.0,actor--blackbyte,artifact--sha256:2a516647d498b9541da586b9e146b75f6572621b2572fb801a62416ce9b19e42,observation--sha256:10740b9df87af71a865e6c8cbf7c23688c85cedbda735970a4a1aed118a76791,file-name,sophos-2022-threat-report.pdf,sophos-2022-threat-report.pdf,candidate,,unknown,unknown,not-stated,,source--blackbyte--43ae5f2d8c1ec50a,actor_profile/evidence/blackbyte.csv,"{""row"": 481}",[],[],[],[],0,false,medium,TLP:CLEAR,csv-row,"summary/2022/sophos-2022-threat-report.pdf {""page"": 6} Conti ifferent attacker groups employing virtually identical tactics, techniques, and procedures (TTPs) during their ransomware attacks. This “normalization” of ransomware TTPs corresponds with the wide public release of the Conti documentation and has now spread to other RaaS threat actors, many of whom have been following the Conti playbook and meeting with some measure of success. The publication of the playbook has also benefited Sophos ",
1.0.0,actor--blackbyte,artifact--sha256:2a516647d498b9541da586b9e146b75f6572621b2572fb801a62416ce9b19e42,observation--sha256:e03061f48d5b1d001f73e3487d4e3d4b8a634c6f335193429d1ad7285f38fc84,file-name,sophos-2022-threat-report.pdf,sophos-2022-threat-report.pdf,candidate,,unknown,unknown,not-stated,,source--blackbyte--43ae5f2d8c1ec50a,actor_profile/evidence/blackbyte.csv,"{""row"": 482}",[],[],[],[],0,false,medium,TLP:CLEAR,csv-row,"summary/2022/sophos-2022-threat-report.pdf {""page"": 6} Conti heir ransomware attacks. This “normalization” of ransomware TTPs corresponds with the wide public release of the Conti documentation and has now spread to other RaaS threat actors, many of whom have been following the Conti playbook and meeting with some measure of success. The publication of the playbook has also benefited Sophos customers. As a result of a long analysis of the contents and instructions, SophosLabs has been able to ho",
1.0.0,actor--blackbyte,artifact--sha256:2a516647d498b9541da586b9e146b75f6572621b2572fb801a62416ce9b19e42,observation--sha256:5872fedf88c4f66748e6f8a83748b9660cb2794282977373989e31f708644b4d,file-name,sophos-2022-threat-report.pdf,sophos-2022-threat-report.pdf,candidate,,unknown,unknown,not-stated,,source--blackbyte--43ae5f2d8c1ec50a,actor_profile/evidence/blackbyte.csv,"{""row"": 483}",[],[],[],[],0,false,medium,TLP:CLEAR,csv-row,"summary/2022/sophos-2022-threat-report.pdf {""page"": 6} Conti new ways to break into progressively more well-defended networks, and we expect to see them continue to push in this direction in the year to come. Ransomware families investigated by Sophos Rapid Response, 2020-2021 Conti infection rate portends the expansion of the RaaS model All other ransomware (35 different “families”) 43% Black Kingdom 3% Conti 16% DarkSide 3% Maze 3% REvil 15% Ryuk 9% LockBit 4% Ragnarok 4% Fig 2. Nearly four in",
1.0.0,actor--blackbyte,artifact--sha256:2a516647d498b9541da586b9e146b75f6572621b2572fb801a62416ce9b19e42,observation--sha256:5e8dcd4c509d5bbaec40c744d97bd61bb8bc6e98e6988c28a618eb49367bb8d0,file-name,sophos-2022-threat-report.pdf,sophos-2022-threat-report.pdf,candidate,,unknown,unknown,not-stated,,source--blackbyte--43ae5f2d8c1ec50a,actor_profile/evidence/blackbyte.csv,"{""row"": 484}",[],[],[],[],0,false,medium,TLP:CLEAR,csv-row,"summary/2022/sophos-2022-threat-report.pdf {""page"": 6} Conti the year to come. Ransomware families investigated by Sophos Rapid Response, 2020-2021 Conti infection rate portends the expansion of the RaaS model All other ransomware (35 different “families”) 43% Black Kingdom 3% Conti 16% DarkSide 3% Maze 3% REvil 15% Ryuk 9% LockBit 4% Ragnarok 4% Fig 2. Nearly four in five calls to Sophos Rapid Response service came as the result of a ransomware attack, and among those calls, Conti was the most ",
1.0.0,actor--blackbyte,artifact--sha256:cbc662ad23140619152a287d007ef96936200dbfbd74ae5fb760eae0310613ad,observation--sha256:b4a3f479ba73abfd4ba9ffcea83d0b10776299c36aa19912f1d05a9bf3f72374,file-name,state-of-the-threat-report-2024.pdf,state-of-the-threat-report-2024.pdf,candidate,,unknown,unknown,not-stated,,source--blackbyte--43ae5f2d8c1ec50a,actor_profile/evidence/blackbyte.csv,"{""row"": 646}",[],[],[],[],0,false,medium,TLP:CLEAR,csv-row,"summary/2024/state-of-the-threat-report-2024.pdf {""page"": 10} Black Basta 10 Then, in late November, an unknown affiliate of the Black Basta ransomware-as-a-service (RaaS) scheme operated by the GOLD REBELLION4 threat group entered the victim’s network via the access gained through the organization's compromised NetScaler gateway server. In the following",
1.0.0,actor--blackbyte,artifact--sha256:cbc662ad23140619152a287d007ef96936200dbfbd74ae5fb760eae0310613ad,observation--sha256:8df96a8ac423849b6491ac6cb22a8842eb8fade8585abb02557e5efe9fd6c598,file-name,state-of-the-threat-report-2024.pdf,state-of-the-threat-report-2024.pdf,candidate,,unknown,unknown,not-stated,,source--blackbyte--43ae5f2d8c1ec50a,actor_profile/evidence/blackbyte.csv,"{""row"": 647}",[],[],[],[],0,false,medium,TLP:CLEAR,csv-row,"summary/2024/state-of-the-threat-report-2024.pdf {""page"": 16} Royal likely done to their reputation among potential future partners. Over the course of the reporting period, we have seen several scheme rebrands: GOLD VICTOR’s 14 Vice Society rebranded to Rhysida and GOLD SOUVENIR’s15 Royal Ransomware rebranded to Black Suit. CTU researcher analysis in the latter case confirms that the ransomware binary has code in common with Royal ransomware, but the Black Suit ransom note is new. In these two ",
1.0.0,actor--blackbyte,artifact--sha256:cbc662ad23140619152a287d007ef96936200dbfbd74ae5fb760eae0310613ad,observation--sha256:f03531bc1b385a8a0321e2b0b706ce9183a154fa307571b53f210d76f4f8e1bc,file-name,state-of-the-threat-report-2024.pdf,state-of-the-threat-report-2024.pdf,candidate,,unknown,unknown,not-stated,,source--blackbyte--43ae5f2d8c1ec50a,actor_profile/evidence/blackbyte.csv,"{""row"": 648}",[],[],[],[],0,false,medium,TLP:CLEAR,csv-row,"summary/2024/state-of-the-threat-report-2024.pdf {""page"": 16} Royal OLD VICTOR’s 14 Vice Society rebranded to Rhysida and GOLD SOUVENIR’s15 Royal Ransomware rebranded to Black Suit. CTU researcher analysis in the latter case confirms that the ransomware binary has code in common with Royal ransomware, but the Black Suit ransom note is new. In these two cases, the specific motivations for rebranding are unclear. Overall, rebranding is a good method of throwing researchers and law enforcement off ",
1.0.0,actor--blackbyte,artifact--sha256:cbc662ad23140619152a287d007ef96936200dbfbd74ae5fb760eae0310613ad,observation--sha256:5d3d73d90b06df89c334683ecf18e99af515230acdf9af3d96bc0a31c11c7735,file-name,state-of-the-threat-report-2024.pdf,state-of-the-threat-report-2024.pdf,candidate,,unknown,unknown,not-stated,,source--blackbyte--43ae5f2d8c1ec50a,actor_profile/evidence/blackbyte.csv,"{""row"": 649}",[],[],[],[],0,false,medium,TLP:CLEAR,csv-row,"summary/2024/state-of-the-threat-report-2024.pdf {""page"": 18} Black Basta d code that can cleanly terminate the running QakBot process on the host. This operation was described in detail in last year’s report. One almost immediate impact of the QakBot takedown was on victim numbers for the Black Basta ransomware scheme, operated by GOLD REBELLION. Affiliates of the group had long relied on QakBot infections for initial access to networks. In September 2023, no victims were named on the Black Bas",
1.0.0,actor--blackbyte,artifact--sha256:cbc662ad23140619152a287d007ef96936200dbfbd74ae5fb760eae0310613ad,observation--sha256:bd1457f4930948e613227afe5d3202aaa13e4dbb37e480a9afed40417e5c78bc,file-name,state-of-the-threat-report-2024.pdf,state-of-the-threat-report-2024.pdf,candidate,,unknown,unknown,not-stated,,source--blackbyte--43ae5f2d8c1ec50a,actor_profile/evidence/blackbyte.csv,"{""row"": 650}",[],[],[],[],0,false,medium,TLP:CLEAR,csv-row,"summary/2024/state-of-the-threat-report-2024.pdf {""page"": 9} Conti in Review | 8th Edition For researchers, tracking individual ransomware threat actors is challenging because many ransomware schemes offer playbooks to affiliates. We saw this with release of material related to the Conti operation in August 2021. Affiliates share tools, sometimes even down to the exact same binaries with the same hashes. Many ransomware groups also do not rely on custom malware for access, instead using living-o",
1.0.0,actor--blackbyte,artifact--sha256:8c372d6617034234e010fdae0da14f98f9b3f2e586c850aa09a9a31878b3a2ba,observation--sha256:4fece2fbdd414802a8507f5b75bc3f636239491e7a3fb9ac6ea007c002db83f9,file-name,threat-report-1h-2023.pdf,threat-report-1h-2023.pdf,candidate,2023-11-01T00:00:00Z,month,known,same-record,,source--blackbyte--43ae5f2d8c1ec50a,actor_profile/evidence/blackbyte.csv,"{""row"": 625}",[],[],[],[],0,false,medium,TLP:CLEAR,csv-row,"summary/2024/WEF_Global_Cybersecurity_Outlook_2024.pdf {""page"": 38} Quantum e Report”, August 2023: https://www.fortinet.com/content/dam/fortinet/assets/threat- reports/threat-report-1h-2023.pdf. 17. United States House Committee on Science, Space and Technology, “Support Grows for the National Quantum Initiative Reauthorization Act”, 13 November 2023: https://science.house.gov/2023/11/support-grows-for-the-national-quantum- initiative-reauthorization-act. 18. World Economic Forum, “Global Cyber",
1.0.0,actor--blackbyte,artifact--sha256:9548e51f6b43c63dcf12355bf3d8c305822979ff369365c0a71ecf9b57f58c25,observation--sha256:4d39b0088dffc9c917966a7a795d1c9bb7626b02357ea29530fbe19107b85e2c,file-name,threat_horizons_report_h1_2025.pdf,threat_horizons_report_h1_2025.pdf,candidate,,unknown,unknown,not-stated,,source--blackbyte--43ae5f2d8c1ec50a,actor_profile/evidence/blackbyte.csv,"{""row"": 719}",[],[],[],[],0,false,medium,TLP:CLEAR,csv-row,"summary/2025/threat_horizons_report_h1_2025.pdf {""page"": 17} CONTI RANSOMHUB ransomware. Threat Actors Demonstrate Adaptability with New Ransomware Mandiant has observed UNC2165 evolve their use and adoption of new ransomware families in their operations, including HADES, LOCKBIT, CONTI, and RANSOMHUB (Fig. 7). Based on the overlaps between UNC2165 and Evil Corp, Mandiant assesses with Figure 6: UNC2165 Attack Lifecycle in Observed Intrusions Leading to RANSOMHUB Deployment Initial Compromise Es",
1.0.0,actor--blackbyte,artifact--sha256:9548e51f6b43c63dcf12355bf3d8c305822979ff369365c0a71ecf9b57f58c25,observation--sha256:e840413aa5207e16ef8d573c153c0e8b419c38583847655ccbc53e33b9e1a9d0,file-name,threat_horizons_report_h1_2025.pdf,threat_horizons_report_h1_2025.pdf,candidate,,unknown,unknown,not-stated,,source--blackbyte--43ae5f2d8c1ec50a,actor_profile/evidence/blackbyte.csv,"{""row"": 720}",[],[],[],[],0,false,medium,TLP:CLEAR,csv-row,"summary/2025/threat_horizons_report_h1_2025.pdf {""page"": 18} CONTI bution efforts in order to evade sanctions. UNC2165 shifted from the use of HADES, a private ransomware family, to LOCKBIT in October 2021. Following the LOCKBIT disruption in February 2024, UNC2165 briefly leveraged CONTI—almost certainly from the leaked CONTI source code—before shifting to deploying RANSOMHUB by April 2024. Frequent code updates and rebranding of HADES required development resources. It is plausible that UNC216",
1.0.0,actor--blackbyte,artifact--sha256:9548e51f6b43c63dcf12355bf3d8c305822979ff369365c0a71ecf9b57f58c25,observation--sha256:55ab210329476987041486294f4c1218e9837ee6cccd4d6c299aa0bbd04e29cd,file-name,threat_horizons_report_h1_2025.pdf,threat_horizons_report_h1_2025.pdf,candidate,,unknown,unknown,not-stated,,source--blackbyte--43ae5f2d8c1ec50a,actor_profile/evidence/blackbyte.csv,"{""row"": 721}",[],[],[],[],0,false,medium,TLP:CLEAR,csv-row,"summary/2025/threat_horizons_report_h1_2025.pdf {""page"": 18} CONTI ns. UNC2165 shifted from the use of HADES, a private ransomware family, to LOCKBIT in October 2021. Following the LOCKBIT disruption in February 2024, UNC2165 briefly leveraged CONTI—almost certainly from the leaked CONTI source code—before shifting to deploying RANSOMHUB by April 2024. Frequent code updates and rebranding of HADES required development resources. It is plausible that UNC2165 saw the use of LOCKBIT as a more cost-",
1.0.0,actor--blackbyte,artifact--sha256:9548e51f6b43c63dcf12355bf3d8c305822979ff369365c0a71ecf9b57f58c25,observation--sha256:72acb8c04a069ccada803b67de786372c292a58b83e3f9ae0a8a7595119aeb0b,file-name,threat_horizons_report_h1_2025.pdf,threat_horizons_report_h1_2025.pdf,candidate,,unknown,unknown,not-stated,,source--blackbyte--43ae5f2d8c1ec50a,actor_profile/evidence/blackbyte.csv,"{""row"": 722}",[],[],[],[],0,false,medium,TLP:CLEAR,csv-row,"summary/2025/threat_horizons_report_h1_2025.pdf {""page"": 18} CONTI ate the ransomware development time and effort allowing resources to be used elsewhere, such as broadening ransomware deployment operations. 2020 2021 2022 2023 2024 HADES HADES.PHOENIXLOCKER HADES.PAYLOADBIN LOCKBIT CONTI RANSOMHUB Figure 7: UNC2165 Ransomware Observation Timeline",
1.0.0,actor--blackbyte,artifact--sha256:4658eeaa0210469eed30b57ddd7eb2c8b39be40265d7ee5db61cafb0c3037a79,observation--sha256:3c4df4a5ae8faa19fcd9eec0fbc9eeeeda17b3b4f0f30ca0cd7523b66094d505,file-name,v1.0.pdf,v1.0.pdf,candidate,,unknown,unknown,not-stated,,source--blackbyte--43ae5f2d8c1ec50a,actor_profile/evidence/blackbyte.csv,"{""row"": 726}",[],[],[],[],0,false,medium,TLP:CLEAR,csv-row,"summary/2026/2026 TLP_CLEAR NFCERT Cyber Threat Landscape (CTL) Report v1.0.pdf {""page"": 11} Quantum Future Cross Strategic Threats Post-Quantum Cryptography (PQC) The rise of quantum computing is already influencing how adversaries operate. Future breakthroughs could unlock today’s encrypted data; they are stealing information now to decrypt later. Nation-",
1.0.0,actor--blackbyte,artifact--sha256:4658eeaa0210469eed30b57ddd7eb2c8b39be40265d7ee5db61cafb0c3037a79,observation--sha256:44bb350eb779d5cd5cac741f1934a0cdbfaa284c32bb82c47966a455002bb7cd,file-name,v1.0.pdf,v1.0.pdf,candidate,,unknown,unknown,not-stated,,source--blackbyte--43ae5f2d8c1ec50a,actor_profile/evidence/blackbyte.csv,"{""row"": 727}",[],[],[],[],0,false,medium,TLP:CLEAR,csv-row,"summary/2026/2026 TLP_CLEAR NFCERT Cyber Threat Landscape (CTL) Report v1.0.pdf {""page"": 11} quantum Future Cross Strategic Threats Post-Quantum Cryptography (PQC) The rise of quantum computing is already influencing how adversaries operate. Future breakthroughs could unlock today’s encrypted data; they are stealing information now to decrypt later. Nation-states and criminals exploit delays in qu",
1.0.0,actor--blackbyte,artifact--sha256:4658eeaa0210469eed30b57ddd7eb2c8b39be40265d7ee5db61cafb0c3037a79,observation--sha256:01f891f43942c95671a741c17996dd76c6eeccd0ac2f0b57300753834a283a5e,file-name,v1.0.pdf,v1.0.pdf,candidate,,unknown,unknown,not-stated,,source--blackbyte--43ae5f2d8c1ec50a,actor_profile/evidence/blackbyte.csv,"{""row"": 728}",[],[],[],[],0,false,medium,TLP:CLEAR,csv-row,"summary/2026/2026 TLP_CLEAR NFCERT Cyber Threat Landscape (CTL) Report v1.0.pdf {""page"": 11} quantum um computing is already influencing how adversaries operate. Future breakthroughs could unlock today’s encrypted data; they are stealing information now to decrypt later. Nation-states and criminals exploit delays in quantum-safe encryption, lever- aging legacy vulnerabilities across connected systems. The issue lies in gradual protection erosion, making post-quantum resilience a long, uneven tes",
1.0.0,actor--blackbyte,artifact--sha256:4658eeaa0210469eed30b57ddd7eb2c8b39be40265d7ee5db61cafb0c3037a79,observation--sha256:dbc7001a2024523f05cb9ce43bff8caa0c7054145442178981a7759ae5141d8d,file-name,v1.0.pdf,v1.0.pdf,candidate,,unknown,unknown,not-stated,,source--blackbyte--43ae5f2d8c1ec50a,actor_profile/evidence/blackbyte.csv,"{""row"": 729}",[],[],[],[],0,false,medium,TLP:CLEAR,csv-row,"summary/2026/2026 TLP_CLEAR NFCERT Cyber Threat Landscape (CTL) Report v1.0.pdf {""page"": 4} Quantum hases, enhancing efficiency, though with no noticeable change in capabilities. Hackers and Hacktivists Act on ideology or disruption, generating high activity but with minimal impact on Nordic financial stability. Post-Quantum Cryptography Threat actors increasingly adopt “harvest now, decrypt later” strategies, stealing encrypted data today for potential future quantum decryption. Threat Actors C",
1.0.0,actor--blackbyte,artifact--sha256:4658eeaa0210469eed30b57ddd7eb2c8b39be40265d7ee5db61cafb0c3037a79,observation--sha256:05b0bff6ead9aff4ccb703f1204cb146f5f0473bad4ba3c058a4b0f112cb160d,file-name,v1.0.pdf,v1.0.pdf,candidate,,unknown,unknown,not-stated,,source--blackbyte--43ae5f2d8c1ec50a,actor_profile/evidence/blackbyte.csv,"{""row"": 730}",[],[],[],[],0,false,medium,TLP:CLEAR,csv-row,"summary/2026/2026 TLP_CLEAR NFCERT Cyber Threat Landscape (CTL) Report v1.0.pdf {""page"": 4} quantum high activity but with minimal impact on Nordic financial stability. Post-Quantum Cryptography Threat actors increasingly adopt “harvest now, decrypt later” strategies, stealing encrypted data today for potential future quantum decryption. Threat Actors Cross Strategic Threats HIGHER IMPORTANCE MEDIUM IMPORTANCE LOW IMPORTANCE Cyber Threat Landscape for the Nordic Financial Sector 2026 | 4 TLP:CLE",
1.0.0,actor--blackbyte,artifact--sha256:c8b245ab8bb9fc80d86b0a6b9939b8d37e2b20f9d1cd7fdd1d811bbab9cd19bc,observation--sha256:42f516007a421878f1a8f4d9e951d16b4a86ca8576ca05a5924c7eef75057f02,file-name,v4.pdf,v4.pdf,candidate,,unknown,unknown,not-stated,,source--blackbyte--43ae5f2d8c1ec50a,actor_profile/evidence/blackbyte.csv,"{""row"": 743}",[],[],[],[],0,false,medium,TLP:CLEAR,csv-row,"summary/2026/Threat Report 2026 v4.pdf {""page"": 17} Royal Annual Threat Report | 16 darktrace.com CASE STUDY: Mustang Panda In February 2025, Darktrace researchers identified a Mustang Panda campaign targeting the Royal Thai Police to deliver the Yokai backdoor. The initial file was a RAR archive named “ด่่วนมาก เชิิญเข้้าร่่วมโคร่งการ่ความร่่วมมือฝึ ึ กอบร่มหลัักสููตร่ FBI.rar (English: Very urgent, please join the cooperation proj",
1.0.0,actor--blackbyte,artifact--sha256:c1d65b58831b2d12c36005cd6524de4fd613327ecbbd9887a2e5aeb8d0f21dfb,observation--sha256:0fb4f452be8f2d77ac89744e4f6cd2d01f1d3345513fd2db28679fd277ef2945,file-name,vol2-v2.pdf,vol2-v2.pdf,candidate,2023-04-01T00:00:00Z,month,known,same-record,,source--blackbyte--43ae5f2d8c1ec50a,actor_profile/evidence/blackbyte.csv,"{""row"": 592}",[],[],[],[],0,false,medium,TLP:CLEAR,csv-row,"summary/2024/CERTFR-2024-CTI-002.pdf {""page"": 43} Conti n-speaking-infostealer-ecosystem- the-logs/ [47] ANALYST1 The Ransomware Diaries: Volume 2. 25 April 2023. https://analyst1.com/wp-content/ uploads/2023/04/Ransomware-diaries- vol2-v2.pdf [48] BLEEPING COMPUTER Angry Conti ransomware affiliate leaks gang's attack playbook. 5 August 2021. https://www.bleepingcomputer.com/ news/security/angry-conti-ransomware- affiliate-leaks-gangs-attack-playbook/ [49] CERT-FR FIN12 : Un groupe cybercr",
1.0.0,actor--blackbyte,artifact--sha256:c1d65b58831b2d12c36005cd6524de4fd613327ecbbd9887a2e5aeb8d0f21dfb,observation--sha256:12c0d3796e3f524c3d31fcc83492d30fd02a2081eee08153b6d0bba35cf69af6,file-name,vol2-v2.pdf,vol2-v2.pdf,candidate,2023-04-01T00:00:00Z,month,known,same-record,,source--blackbyte--43ae5f2d8c1ec50a,actor_profile/evidence/blackbyte.csv,"{""row"": 593}",[],[],[],[],0,false,medium,TLP:CLEAR,csv-row,"summary/2024/CERTFR-2024-CTI-002.pdf {""page"": 43} conti /wp-content/ uploads/2023/04/Ransomware-diaries- vol2-v2.pdf [48] BLEEPING COMPUTER Angry Conti ransomware affiliate leaks gang's attack playbook. 5 August 2021. https://www.bleepingcomputer.com/ news/security/angry-conti-ransomware- affiliate-leaks-gangs-attack-playbook/ [49] CERT-FR FIN12 : Un groupe cybercriminel aux multiples rançongiciels. 18 September 2023. https://www.cert.ssi.gouv.fr/uploads/ CERTFR-2023-CTI-007 .pdf [50] NC",
1.0.0,actor--blackbyte,artifact--sha256:7470c4b8ba7c851b09eeaf63fd98a31ff3ee33131414a9f5d47bb42571c58ec1,observation--sha256:8b246dbe147b7b7cf180389c1680b4e580ecadf799ddd96c835c24382c712e67,file-name,wp-cyber-threat-predictions-for-2021-fortinet.pdf,wp-cyber-threat-predictions-for-2021-fortinet.pdf,candidate,,unknown,unknown,not-stated,,source--blackbyte--43ae5f2d8c1ec50a,actor_profile/evidence/blackbyte.csv,"{""row"": 417}",[],[],[],[],0,false,medium,TLP:CLEAR,csv-row,"summary/2021/wp-cyber-threat-predictions-for-2021-fortinet.pdf {""page"": 6} Quantum ally be an OT play, probably starting with things like distributed denial-of-service (DDoS) attacks. But as communications with satellite systems become more common, expect more advanced attacks to quickly follow. The Quantum Threat The most forward-looking threat prediction revolves around quantum computing. Many people argue that the nature of quantum computing makes them naturally immune to attack. But what hap",
1.0.0,actor--blackbyte,artifact--sha256:7470c4b8ba7c851b09eeaf63fd98a31ff3ee33131414a9f5d47bb42571c58ec1,observation--sha256:c5d8e73eb00f647946cca090939f94375970f566d230f840a3c2e313e60b1ac4,file-name,wp-cyber-threat-predictions-for-2021-fortinet.pdf,wp-cyber-threat-predictions-for-2021-fortinet.pdf,candidate,,unknown,unknown,not-stated,,source--blackbyte--43ae5f2d8c1ec50a,actor_profile/evidence/blackbyte.csv,"{""row"": 418}",[],[],[],[],0,false,medium,TLP:CLEAR,csv-row,"summary/2021/wp-cyber-threat-predictions-for-2021-fortinet.pdf {""page"": 6} quantum -of-service (DDoS) attacks. But as communications with satellite systems become more common, expect more advanced attacks to quickly follow. The Quantum Threat The most forward-looking threat prediction revolves around quantum computing. Many people argue that the nature of quantum computing makes them naturally immune to attack. But what happens when quantum-based devices are aimed at things like breaking cryptog",
1.0.0,actor--blackbyte,artifact--sha256:7470c4b8ba7c851b09eeaf63fd98a31ff3ee33131414a9f5d47bb42571c58ec1,observation--sha256:5a20af063cfa412e79878d54e6ea7d5f687fa4f92c9b7a236b3b122b8c27abf2,file-name,wp-cyber-threat-predictions-for-2021-fortinet.pdf,wp-cyber-threat-predictions-for-2021-fortinet.pdf,candidate,,unknown,unknown,not-stated,,source--blackbyte--43ae5f2d8c1ec50a,actor_profile/evidence/blackbyte.csv,"{""row"": 419}",[],[],[],[],0,false,medium,TLP:CLEAR,csv-row,"summary/2021/wp-cyber-threat-predictions-for-2021-fortinet.pdf {""page"": 6} quantum atellite systems become more common, expect more advanced attacks to quickly follow. The Quantum Threat The most forward-looking threat prediction revolves around quantum computing. Many people argue that the nature of quantum computing makes them naturally immune to attack. But what happens when quantum-based devices are aimed at things like breaking cryptographic keys and algorithms? A quantum computer uses a di",
1.0.0,actor--blackbyte,artifact--sha256:7470c4b8ba7c851b09eeaf63fd98a31ff3ee33131414a9f5d47bb42571c58ec1,observation--sha256:11b53cc465e1e632c3ed77788f0e7e618b3d4d418e614680cfb64d62c694f702,file-name,wp-cyber-threat-predictions-for-2021-fortinet.pdf,wp-cyber-threat-predictions-for-2021-fortinet.pdf,candidate,,unknown,unknown,not-stated,,source--blackbyte--43ae5f2d8c1ec50a,actor_profile/evidence/blackbyte.csv,"{""row"": 420}",[],[],[],[],0,false,medium,TLP:CLEAR,csv-row,"summary/2021/wp-cyber-threat-predictions-for-2021-fortinet.pdf {""page"": 6} quantum llow. The Quantum Threat The most forward-looking threat prediction revolves around quantum computing. Many people argue that the nature of quantum computing makes them naturally immune to attack. But what happens when quantum-based devices are aimed at things like breaking cryptographic keys and algorithms? A quantum computer uses a different method to represent and compute information, allowing it to operate at ",
1.0.0,actor--blackbyte,artifact--sha256:7470c4b8ba7c851b09eeaf63fd98a31ff3ee33131414a9f5d47bb42571c58ec1,observation--sha256:31db89f6752465048cb47fe5281ad1e8b3b4eebb518b3f40ca89169657d28153,file-name,wp-cyber-threat-predictions-for-2021-fortinet.pdf,wp-cyber-threat-predictions-for-2021-fortinet.pdf,candidate,,unknown,unknown,not-stated,,source--blackbyte--43ae5f2d8c1ec50a,actor_profile/evidence/blackbyte.csv,"{""row"": 421}",[],[],[],[],0,false,medium,TLP:CLEAR,csv-row,"summary/2021/wp-cyber-threat-predictions-for-2021-fortinet.pdf {""page"": 6} quantum mputing. Many people argue that the nature of quantum computing makes them naturally immune to attack. But what happens when quantum-based devices are aimed at things like breaking cryptographic keys and algorithms? A quantum computer uses a different method to represent and compute information, allowing it to operate at much, much faster speeds than today’s computers. It’s not just evolutionary, but revolutionary",
1.0.0,actor--blackbyte,artifact--sha256:fa133b8c02a1f4ef77da1c0544b6252c5912eb320234d525aa700712e3c070d8,observation--sha256:271fd3e260a2f3f15439e21cce1553b562b558550931ff13da140603898f76e7,file-name,wp-operation-quantum-entanglement.pdf,wp-operation-quantum-entanglement.pdf,candidate,,unknown,unknown,not-stated,,source--blackbyte--43ae5f2d8c1ec50a,actor_profile/evidence/blackbyte.csv,"{""row"": 10}",[],[],[],[],0,false,medium,TLP:CLEAR,csv-row,"APT Groups and Operations.xlsx {""row"": 33, ""sheet"": ""China""} quantum er-used-install-dragonok%E2%80%99s-new-custom-backdoor http://www.morphick.com/resources/news/deep-dive-dragonok-rambo-backdoor https://www.fireeye.com/content/dam/fireeye-www/global/en/current-threats/pdfs/wp-operation-quantum-entanglement.pdf https://decoded.avast.io/luigicamastra/operation-dragon-castling-apt-group-targeting-betting-companies/ https://www.sentinelone.com/labs/aoqin-dragon-newly-discovered-chinese-linked-apt-",
1.0.0,actor--blackbyte,artifact--sha256:fa133b8c02a1f4ef77da1c0544b6252c5912eb320234d525aa700712e3c070d8,observation--sha256:1d175c7e09691d244642c213914d574b1b52b8273368b70637a28ad5ffcd5fcd,file-name,wp-operation-quantum-entanglement.pdf,wp-operation-quantum-entanglement.pdf,candidate,,unknown,unknown,not-stated,,source--blackbyte--43ae5f2d8c1ec50a,actor_profile/evidence/blackbyte.csv,"{""row"": 19}",[],[],[],[],0,false,medium,TLP:CLEAR,csv-row,"A_Threat_Actor_Encyclopedia.pdf {""page"": 151} quantum tries with national interests in the South China Sea.” Tools used HTRAN, Mongall, NewCT2, Nflog and Poison Ivy. Information <https://www.fireeye.com/content/dam/fireeye-www/global/en/current- threats/pdfs/wp-operation-quantum-entanglement.pdf> MITRE ATT&CK <https://attack.mitre.org/groups/G0002/>",
1.0.0,actor--blackbyte,artifact--sha256:fa133b8c02a1f4ef77da1c0544b6252c5912eb320234d525aa700712e3c070d8,observation--sha256:ae13422ea4fb82c8819566f40d5f00eb42f6ab40128798d0d2fa2f887972433b,file-name,wp-operation-quantum-entanglement.pdf,wp-operation-quantum-entanglement.pdf,candidate,,unknown,unknown,not-stated,,source--blackbyte--43ae5f2d8c1ec50a,actor_profile/evidence/blackbyte.csv,"{""row"": 20}",[],[],[],[],0,false,medium,TLP:CLEAR,csv-row,"A_Threat_Actor_Encyclopedia.pdf {""page"": 83} quantum aign is “an operation funded by China”. <https://www.phnompenhpost.com/national/kingdom-targeted-new- malware> Information <https://www.fireeye.com/content/dam/fireeye-www/global/en/current- threats/pdfs/wp-operation-quantum-entanglement.pdf> MITRE ATT&CK <https://attack.mitre.org/groups/G0017/>",
1.0.0,actor--blackbyte,artifact--sha256:fa133b8c02a1f4ef77da1c0544b6252c5912eb320234d525aa700712e3c070d8,observation--sha256:90b61cd3684593aa3f47196bf47b2c6185ab2ef51c1e65c6661d269b5ad800b1,file-name,wp-operation-quantum-entanglement.pdf,wp-operation-quantum-entanglement.pdf,candidate,,unknown,unknown,not-stated,,source--blackbyte--43ae5f2d8c1ec50a,actor_profile/evidence/blackbyte.csv,"{""row"": 71}",[],[],[],[],0,false,medium,TLP:CLEAR,csv-row,"Threat Group Cards.pdf {""page"": 151} quantum tries with national interests in the South China Sea.” Tools used HTRAN, Mongall, NewCT2, Nflog and Poison Ivy. Information <https://www.fireeye.com/content/dam/fireeye-www/global/en/current- threats/pdfs/wp-operation-quantum-entanglement.pdf> MITRE ATT&CK <https://attack.mitre.org/groups/G0002/>",
1.0.0,actor--blackbyte,artifact--sha256:fa133b8c02a1f4ef77da1c0544b6252c5912eb320234d525aa700712e3c070d8,observation--sha256:fc073f767b8e000c19a99e030a9ae12429ec3b2249b5b58599a99820eb9fa892,file-name,wp-operation-quantum-entanglement.pdf,wp-operation-quantum-entanglement.pdf,candidate,,unknown,unknown,not-stated,,source--blackbyte--43ae5f2d8c1ec50a,actor_profile/evidence/blackbyte.csv,"{""row"": 72}",[],[],[],[],0,false,medium,TLP:CLEAR,csv-row,"Threat Group Cards.pdf {""page"": 83} quantum aign is “an operation funded by China”. <https://www.phnompenhpost.com/national/kingdom-targeted-new- malware> Information <https://www.fireeye.com/content/dam/fireeye-www/global/en/current- threats/pdfs/wp-operation-quantum-entanglement.pdf> MITRE ATT&CK <https://attack.mitre.org/groups/G0017/>",
1.0.0,actor--blackbyte,artifact--sha256:fa133b8c02a1f4ef77da1c0544b6252c5912eb320234d525aa700712e3c070d8,observation--sha256:e5ff0d88e13e484b7d029327a1bfa5caf4d411cc95131b784b0e1a9b556a2697,file-name,wp-operation-quantum-entanglement.pdf,wp-operation-quantum-entanglement.pdf,candidate,,unknown,unknown,not-stated,,source--blackbyte--43ae5f2d8c1ec50a,actor_profile/evidence/blackbyte.csv,"{""row"": 73}",[],[],[],[],0,false,medium,TLP:CLEAR,csv-row,"Threat_Group_Cards_v2.0.pdf {""page"": 112} quantum aign is “an operation funded by China”. <https://www.phnompenhpost.com/national/kingdom-targeted-new- malware> Information <https://www.fireeye.com/content/dam/fireeye-www/global/en/current- threats/pdfs/wp-operation-quantum-entanglement.pdf> MITRE ATT&CK <https://attack.mitre.org/groups/G0017/>",
1.0.0,actor--blackbyte,artifact--sha256:fa133b8c02a1f4ef77da1c0544b6252c5912eb320234d525aa700712e3c070d8,observation--sha256:bddea9f1f5358b76b3d42dbd984d3f719627c6373ae32519e773ee4918e7e0eb,file-name,wp-operation-quantum-entanglement.pdf,wp-operation-quantum-entanglement.pdf,candidate,,unknown,unknown,not-stated,,source--blackbyte--43ae5f2d8c1ec50a,actor_profile/evidence/blackbyte.csv,"{""row"": 75}",[],[],[],[],0,false,medium,TLP:CLEAR,csv-row,"Threat_Group_Cards_v2.0.pdf {""page"": 200} quantum tries with national interests in the South China Sea.” Tools used Htran, Mongall, NewCT2, Nflog and Poison Ivy. Information <https://www.fireeye.com/content/dam/fireeye-www/global/en/current- threats/pdfs/wp-operation-quantum-entanglement.pdf> MITRE ATT&CK <https://attack.mitre.org/groups/G0002/>",
1.0.0,actor--blackbyte,artifact--sha256:b5c1d5a10733ef56c3967effa929916539d386212b7527748c2c316902a28537,observation--sha256:057fd2b83a345ee33d20a53c742cecd7aecdf680da8f8a2ae2a0e0c1acc9073f,file-path,"C:\drive to the exclusion list for Microsoft Defender to download malicious files without getting caught by virus scans. As another implementation of the Impair Defenses technique, in February 2022, BlackByte ransomware actors ran the following PowerShell command to stop Windows Defender from executing on startup [2]. In this command, adversaries leveraged the Get-WmiObject cmdlet to retrieve the Win32_Shadowcopy class. Th","C:\drive to the exclusion list for Microsoft Defender to download malicious files without getting caught by virus scans. As another implementation of the Impair Defenses technique, in February 2022, BlackByte ransomware actors ran the following PowerShell command to stop Windows Defender from executing on startup [2]. In this command, adversaries leveraged the Get-WmiObject cmdlet to retrieve the Win32_Shadowcopy class. Th",candidate,,unknown,unknown,not-stated,,source--blackbyte--43ae5f2d8c1ec50a,actor_profile/evidence/blackbyte.csv,"{""row"": 542}",[],[],[],[],0,false,medium,TLP:CLEAR,csv-row,"summary/2023/RedReport2023-Picus.pdf {""page"": 19} BlackByte t to add the path C:\drive to the exclusion list for Microsoft Defender to download malicious files without getting caught by virus scans. As another implementation of the Impair Defenses technique, in February 2022, BlackByte ransomware actors ran the following PowerShell command to stop Windows Defender from executing on startup [2]. In this command, adversaries leveraged the Get-WmiObject cmdlet to retrieve the Win32_Shadowcopy class",
